block,within_block_sample,u_semantic,bootstrap_scale,scaled_input_abs_max,num_iterations,iterative_precision_bits,u_pre_0,u_pre_1,u_pre_2,u_pre_3,u_post_0,u_post_1,u_post_2,u_post_3,e_u_pre,e_u_boot,e_u_total,max_slot_spread,before_reduction_level,before_reduction_towers,before_reduction_noiseScaleDegree,before_reduction_scalingFactor,before_bootstrap_level,before_bootstrap_towers,before_bootstrap_noiseScaleDegree,before_bootstrap_scalingFactor,after_bootstrap_level,after_bootstrap_towers,after_bootstrap_noiseScaleDegree,after_bootstrap_scalingFactor,bootstrap_ms,fresh_probe_enabled,e_B_prod,e_B_fresh,fresh_bootstrap_ms
0,0,5.97519082627775353e-02,1.00000000000000000e+00,5.97519082627801443e-02,2,18,5.97519082627773132e-02,5.97519082627787704e-02,5.97519082627801443e-02,5.97519082627789092e-02,5.97519082631046070e-02,5.97519082628115358e-02,5.97519082633951523e-02,5.97519082630009121e-02,2.60902410786911787e-15,6.15008044491105466e-13,6.17617068598974583e-13,5.83616488469829164e-13,1,22,1,5.76460752303439872e+17,21,2,1,5.76460752303439872e+17,16,7,2,3.32306998945331719e+35,6.22122958000000040e+02,0,6.15008044491105466e-13,nan,0.00000000000000000e+00
0,1,-5.00386380946315490e-01,1.00000000000000000e+00,5.00386380946321485e-01,2,18,-5.00386380946321485e-01,-5.00386380946320153e-01,-5.00386380946304610e-01,-5.00386380946306386e-01,-5.00386380948114384e-01,-5.00386380948141030e-01,-5.00386380948140141e-01,-5.00386380948114384e-01,1.08801856413265341e-14,1.83553172661277131e-12,1.82553971939114490e-12,2.66453525910037570e-14,1,22,1,5.76460752303439872e+17,21,2,1,5.76460752303439872e+17,16,7,2,3.32306998945331719e+35,5.94234443000000056e+02,0,1.83553172661277131e-12,nan,0.00000000000000000e+00
0,2,-3.81110471074992241e-01,1.00000000000000000e+00,3.81110471074996293e-01,2,18,-3.81110471074995683e-01,-3.81110471074996293e-01,-3.81110471074995349e-01,-3.81110471074991408e-01,-3.81110471076464952e-01,-3.81110471076634261e-01,-3.81110471076618940e-01,-3.81110471076303525e-01,4.05231403988182137e-15,1.63796753938072470e-12,1.64201985342060652e-12,3.30735439035834133e-13,1,22,1,5.76460752303439872e+17,21,2,1,5.76460752303439872e+17,16,7,2,3.32306998945331719e+35,5.86990170000000035e+02,0,1.63796753938072470e-12,nan,0.00000000000000000e+00
0,3,-3.84685388081326241e-01,1.00000000000000000e+00,3.84685388081329571e-01,2,18,-3.84685388081329571e-01,-3.84685388081320967e-01,-3.84685388081313029e-01,-3.84685388081326740e-01,-3.84685388082871949e-01,-3.84685388082847357e-01,-3.84685388082757374e-01,-3.84685388082785074e-01,1.32116539930393628e-14,1.54237733696049872e-12,1.54570800603437419e-12,1.14575016141316155e-13,1,22,1,5.76460752303439872e+17,21,2,1,5.76460752303439872e+17,16,7,2,3.32306998945331719e+35,5.94945010000000025e+02,0,1.54237733696049872e-12,nan,0.00000000000000000e+00
1,0,-3.33722736289057909e-01,1.00000000000000000e+00,3.33722736289157662e-01,2,18,-3.33722736289114918e-01,-3.33722736289055355e-01,-3.33722736289157662e-01,-3.33722736289129296e-01,-3.33722736290704425e-01,-3.33722736290523736e-01,-3.33722736290842648e-01,-3.33722736290559707e-01,9.97535387625703152e-14,1.68498548447360008e-12,1.78473902323617040e-12,3.18911563823576216e-13,19,4,1,5.76460752303767552e+17,21,2,1,5.76460752303767552e+17,16,7,2,3.32306998945331719e+35,5.28376709000000005e+02,0,1.68498548447360008e-12,nan,0.00000000000000000e+00
1,1,-3.02406983930280759e-01,1.00000000000000000e+00,3.02406983930343431e-01,2,18,-3.02406983930251672e-01,-3.02406983930343431e-01,-3.02406983930290751e-01,-3.02406983930340656e-01,-3.02406983931416684e-01,-3.02406983931586770e-01,-3.02406983931712225e-01,-3.02406983931543916e-01,6.26720897400900867e-14,1.42147404957881918e-12,1.43146605680044559e-12,2.95541369155216671e-13,19,4,1,5.76460752303767552e+17,21,2,1,5.76460752303767552e+17,16,7,2,3.32306998945331719e+35,5.45017587000000049e+02,0,1.42147404957881918e-12,nan,0.00000000000000000e+00
1,2,-2.59386855035781683e-01,1.00000000000000000e+00,2.59386855035852071e-01,2,18,-2.59386855035852071e-01,-2.59386855035805441e-01,-2.59386855035839858e-01,-2.59386855035812547e-01,-2.59386855036828956e-01,-2.59386855036811081e-01,-2.59386855037047670e-01,-2.59386855037068431e-01,7.03881397612349247e-14,1.25588428545597708e-12,1.28674848554055643e-12,2.57349697108111286e-13,19,4,1,5.76460752303767552e+17,21,2,1,5.76460752303767552e+17,16,7,2,3.32306998945331719e+35,5.42330623999999943e+02,0,1.25588428545597708e-12,nan,0.00000000000000000e+00
1,3,-2.26573858838628572e-01,1.00000000000000000e+00,2.26573858838745396e-01,2,18,-2.26573858838711867e-01,-2.26573858838716863e-01,-2.26573858838727188e-01,-2.26573858838745396e-01,-2.26573858839560882e-01,-2.26573858839628717e-01,-2.26573858839616948e-01,-2.26573858839695219e-01,1.16823217766182097e-13,9.49823553142437049e-13,1.06664677090861915e-12,1.34336985979643941e-13,19,4,1,5.76460752303767552e+17,21,2,1,5.76460752303767552e+17,16,7,2,3.32306998945331719e+35,5.72650977000000012e+02,0,9.49823553142437049e-13,nan,0.00000000000000000e+00
2,0,-1.91554719718753430e-01,1.00000000000000000e+00,1.91554719718839445e-01,2,18,-1.91554719718804889e-01,-1.91554719718796646e-01,-1.91554719718686650e-01,-1.91554719718839445e-01,-1.91554719719627231e-01,-1.91554719719728872e-01,-1.91554719719566613e-01,-1.91554719719708777e-01,8.60145288328340030e-14,9.32226518202128318e-13,9.75441949435662536e-13,1.62259095048966628e-13,19,4,1,5.76460752303767552e+17,21,2,1,5.76460752303767552e+17,16,7,2,3.32306998945331719e+35,5.60971271999999999e+02,0,9.32226518202128318e-13,nan,0.00000000000000000e+00
2,1,-1.63395048397327963e-01,1.00000000000000000e+00,1.63395048397458914e-01,2,18,-1.63395048397458914e-01,-1.63395048397409204e-01,-1.63395048397416670e-01,-1.63395048397408871e-01,-1.63395048397971865e-01,-1.63395048397887765e-01,-1.63395048398098708e-01,-1.63395048397798337e-01,1.30950805754537214e-13,6.82037759602849292e-13,7.70744579270399299e-13,3.00370839312336102e-13,19,4,1,5.76460752303767552e+17,21,2,1,5.76460752303767552e+17,16,7,2,3.32306998945331719e+35,5.52710053000000016e+02,0,6.82037759602849292e-13,nan,0.00000000000000000e+00
2,2,-1.36398215899365877e-01,1.00000000000000000e+00,1.36398215899560526e-01,2,18,-1.36398215899504238e-01,-1.36398215899453529e-01,-1.36398215899560526e-01,-1.36398215899400405e-01,-1.36398215900024794e-01,-1.36398215899973335e-01,-1.36398215900103509e-01,-1.36398215899927705e-01,1.94649851792405570e-13,5.42982325768548435e-13,7.37632177560954005e-13,1.75803815949393538e-13,19,4,1,5.76460752303767552e+17,21,2,1,5.76460752303767552e+17,16,7,2,3.32306998945331719e+35,5.55202705000000037e+02,0,5.42982325768548435e-13,nan,0.00000000000000000e+00
2,3,-1.14313691578613624e-01,1.00000000000000000e+00,1.14313691578715154e-01,2,18,-1.14313691578715154e-01,-1.14313691578697210e-01,-1.14313691578633109e-01,-1.14313691578651497e-01,-1.14313691579020285e-01,-1.14313691579189122e-01,-1.14313691579251905e-01,-1.14313691579398483e-01,1.01529895601970566e-13,7.46985806543420949e-13,7.84858289470946602e-13,3.78197473338559575e-13,19,4,1,5.76460752303767552e+17,21,2,1,5.76460752303767552e+17,16,7,2,3.32306998945331719e+35,5.61796779000000015e+02,0,7.46985806543420949e-13,nan,0.00000000000000000e+00
3,0,-9.43700290340245551e-02,1.00000000000000000e+00,9.43700290341018544e-02,2,18,-9.43700290340924591e-02,-9.43700290340406256e-02,-9.43700290339518771e-02,-9.43700290341018544e-02,-9.43700290341070586e-02,-9.43700290343728321e-02,-9.43700290342442544e-02,-9.43700290345871051e-02,7.72992780895265241e-14,4.85250728488040295e-13,5.62550006577566819e-13,4.80046558060109874e-13,19,4,1,5.76460752303767552e+17,21,2,1,5.76460752303767552e+17,16,7,2,3.32306998945331719e+35,5.84706264000000033e+02,0,4.85250728488040295e-13,nan,0.00000000000000000e+00
3,1,-7.79982185721356802e-02,1.00000000000000000e+00,7.79982185720201615e-02,2,18,-7.79982185720071997e-02,-7.79982185719959725e-02,-7.79982185720201615e-02,-7.79982185720157900e-02,-7.79982185724101135e-02,-7.79982185722460086e-02,-7.79982185723558513e-02,-7.79982185723300525e-02,1.39707689861268136e-13,4.02913813424277123e-13,2.74433253899530882e-13,1.64104840827405951e-13,19,4,1,5.76460752303767552e+17,21,2,1,5.76460752303767552e+17,16,7,2,3.32306998945331719e+35,5.73287012000000004e+02,0,4.02913813424277123e-13,nan,0.00000000000000000e+00
3,2,-6.37584658486430589e-02,1.00000000000000000e+00,6.37584658486755468e-02,2,18,-6.37584658483989625e-02,-6.37584658484965927e-02,-6.37584658486755468e-02,-6.37584658485588207e-02,-6.37584658488049155e-02,-6.37584658490485956e-02,-6.37584658487228423e-02,-6.37584658488727363e-02,2.44096409751648480e-13,5.52002887843627832e-13,4.05536715319954055e-13,3.25753313212828743e-13,19,4,1,5.76460752303767552e+17,21,2,1,5.76460752303767552e+17,16,7,2,3.32306998945331719e+35,5.81367910000000052e+02,0,5.52002887843627832e-13,nan,0.00000000000000000e+00
3,3,-5.20974199161362422e-02,1.00000000000000000e+00,5.20974199160705032e-02,2,18,-5.20974199160705032e-02,-5.20974199160474452e-02,-5.20974199160492840e-02,-5.20974199160468346e-02,-5.20974199164243035e-02,-5.20974199162171983e-02,-5.20974199162963503e-02,-5.20974199162379734e-02,8.94076479518446376e-14,3.53800322372421761e-13,2.88061241526804679e-13,2.07105166349919045e-13,19,4,1,5.76460752303767552e+17,21,2,1,5.76460752303767552e+17,16,7,2,3.32306998945331719e+35,5.91114868000000001e+02,0,3.53800322372421761e-13,nan,0.00000000000000000e+00
4,0,-4.22116991274601727e-02,1.00000000000000000e+00,4.22116991276541495e-02,2,18,-4.22116991276541495e-02,-4.22116991276461836e-02,-4.22116991276159578e-02,-4.22116991276192330e-02,-4.22116991279151005e-02,-4.22116991279630552e-02,-4.22116991277622089e-02,-4.22116991277061496e-02,1.93976779083726569e-13,3.16871529015827491e-13,5.02882457897868562e-13,2.56905607898261223e-13,19,4,1,5.76460752303767552e+17,21,2,1,5.76460752303767552e+17,16,7,2,3.32306998945331719e+35,5.70995614000000046e+02,0,3.16871529015827491e-13,nan,0.00000000000000000e+00
4,1,-3.41568792084474687e-02,1.00000000000000000e+00,3.41568792084893311e-02,2,18,-3.41568792084494463e-02,-3.41568792084893311e-02,-3.41568792084459907e-02,-3.41568792084794362e-02,-3.41568792085436557e-02,-3.41568792083088366e-02,-3.41568792085979456e-02,-3.41568792086597642e-02,4.18623469222723088e-14,1.80494508228434825e-13,2.12295458990041652e-13,3.50927620296204168e-13,19,4,1,5.76460752303767552e+17,21,2,1,5.76460752303767552e+17,16,7,2,3.32306998945331719e+35,5.83980814000000009e+02,0,1.80494508228434825e-13,nan,0.00000000000000000e+00
4,2,-2.74549032671143889e-02,1.00000000000000000e+00,2.74549032673060099e-02,2,18,-2.74549032671772691e-02,-2.74549032673060099e-02,-2.74549032672791599e-02,-2.74549032671474215e-02,-2.74549032671803986e-02,-2.74549032671973538e-02,-2.74549032673933879e-02,-2.74549032673520495e-02,1.91621024603350065e-13,2.04627981226224165e-13,2.78999046088301839e-13,2.12989348380432375e-13,19,4,1,5.76460752303767552e+17,21,2,1,5.76460752303767552e+17,16,7,2,3.32306998945331719e+35,6.07280772999999954e+02,0,2.04627981226224165e-13,nan,0.00000000000000000e+00
4,3,-2.20274569902859305e-02,1.00000000000000000e+00,2.20274569903692354e-02,2,18,-2.20274569903584454e-02,-2.20274569902411572e-02,-2.20274569903692354e-02,-2.20274569903431659e-02,-2.20274569903507397e-02,-2.20274569904341626e-02,-2.20274569904166731e-02,-2.20274569904111185e-02,8.33048907633582303e-14,1.93005333937179557e-13,1.48232121022218166e-13,8.34228519597246532e-14,19,4,1,5.76460752303767552e+17,21,2,1,5.76460752303767552e+17,16,7,2,3.32306998945331719e+35,5.80781957000000034e+02,0,1.93005333937179557e-13,nan,0.00000000000000000e+00
5,0,-1.75762265379279768e-02,1.00000000000000000e+00,1.75762265381362373e-02,2,18,-1.75762265380881300e-02,-1.75762265381362373e-02,-1.75762265378239177e-02,-1.75762265379065391e-02,-1.75762265378777635e-02,-1.75762265380981775e-02,-1.75762265379508648e-02,-1.75762265380973379e-02,2.08260492184919599e-13,2.10366446484755443e-13,1.70200659121988451e-13,2.20413964857613109e-13,19,4,1,5.76460752303767552e+17,21,2,1,5.76460752303767552e+17,16,7,2,3.32306998945331719e+35,5.81369044000000031e+02,0,2.10366446484755443e-13,nan,0.00000000000000000e+00
5,1,-1.39947240007905604e-02,1.00000000000000000e+00,1.39947240008415109e-02,2,18,-1.39947240007786498e-02,-1.39947240007752896e-02,-1.39947240007869973e-02,-1.39947240008415109e-02,-1.39947240008872677e-02,-1.39947240009560357e-02,-1.39947240006143437e-02,-1.39947240008412143e-02,5.09505632129148012e-14,1.80746043132451462e-13,1.76216680136676018e-13,3.41691952510103647e-13,19,4,1,5.76460752303767552e+17,21,2,1,5.76460752303767552e+17,16,7,2,3.32306998945331719e+35,5.72599228000000039e+02,0,1.80746043132451462e-13,nan,0.00000000000000000e+00
5,2,-1.10914025665776270e-02,1.00000000000000000e+00,1.10914025666743916e-02,2,18,-1.10914025665733509e-02,-1.10914025665562691e-02,-1.10914025666743916e-02,-1.10914025661553260e-02,-1.10914025666695570e-02,-1.10914025665189916e-02,-1.10914025667853394e-02,-1.10914025664969156e-02,4.22301082991793919e-13,3.41589603825021015e-13,2.07712319566510928e-13,2.88423798733283832e-13,19,4,1,5.76460752303767552e+17,21,2,1,5.76460752303767552e+17,16,7,2,3.32306998945331719e+35,5.68016147000000046e+02,0,3.41589603825021015e-13,nan,0.00000000000000000e+00
5,3,-8.77043356663456501e-03,1.00000000000000000e+00,8.77043356667082594e-03,2,18,-8.77043356667082594e-03,-8.77043356653950043e-03,-8.77043356653526771e-03,-8.77043356661380211e-03,-8.77043356666293121e-03,-8.77043356659326472e-03,-8.77043356671953177e-03,-8.77043356673132789e-03,9.92973064883884149e-14,1.84264062341732426e-13,9.67628754899862997e-14,1.38063172006042123e-13,19,4,1,5.76460752303767552e+17,21,2,1,5.76460752303767552e+17,16,7,2,3.32306998945331719e+35,5.85513994000000025e+02,0,1.84264062341732426e-13,nan,0.00000000000000000e+00
6,0,-6.90722910542603159e-03,1.00000000000000000e+00,6.90722910559819856e-03,2,18,-6.90722910550913526e-03,-6.90722910544907132e-03,-6.90722910550006439e-03,-6.90722910559819856e-03,-6.90722910548851720e-03,-6.90722910543817032e-03,-6.90722910563192505e-03,-6.90722910554284180e-03,1.72166968182008162e-13,1.31860668217687049e-13,2.05893462001949246e-13,1.93754734478801538e-13,19,4,1,5.76460752303767552e+17,21,2,1,5.76460752303767552e+17,16,7,2,3.32306998945331719e+35,5.49656829000000016e+02,0,1.31860668217687049e-13,nan,0.00000000000000000e+00
6,1,-5.42713818584283914e-03,1.00000000000000000e+00,5.42713818617618100e-03,2,18,-5.42713818617618100e-03,-5.42713818600156200e-03,-5.42713818605065641e-03,-5.42713818595235136e-03,-5.42713818618885055e-03,-5.42713818610297133e-03,-5.42713818618811329e-03,-5.42713818583262335e-03,3.33341861058489286e-13,1.37456886151188229e-13,3.46011413965285897e-13,3.56227200515313314e-13,19,4,1,5.76460752303767552e+17,21,2,1,5.76460752303767552e+17,16,7,2,3.32306998945331719e+35,5.61934503999999947e+02,0,1.37456886151188229e-13,nan,0.00000000000000000e+00
6,2,-4.24895806556385182e-03,1.00000000000000000e+00,4.24895806575704710e-03,2,18,-4.24895806575704710e-03,-4.24895806565701861e-03,-4.24895806553834878e-03,-4.24895806560400199e-03,-4.24895806565465852e-03,-4.24895806556399146e-03,-4.24895806583014835e-03,-4.24895806564218066e-03,1.93195286157799018e-13,2.91799570617534698e-13,2.66296533435461669e-13,2.66156888195645536e-13,19,4,1,5.76460752303767552e+17,21,2,1,5.76460752303767552e+17,16,7,2,3.32306998945331719e+35,5.99593602000000033e+02,0,2.91799570617534698e-13,nan,0.00000000000000000e+00
6,3,-3.31873787022411932e-03,1.00000000000000000e+00,3.31873787037133619e-03,2,18,-3.31873787024456563e-03,-3.31873787024186597e-03,-3.31873787036457901e-03,-3.31873787037133619e-03,-3.31873787023525364e-03,-3.31873787034036184e-03,-3.31873787023426224e-03,-3.31873787045407122e-03,1.47216874107902740e-13,1.30316764324067691e-13,2.29951908209402589e-13,2.19808980045366198e-13,19,4,1,5.76460752303767552e+17,21,2,1,5.76460752303767552e+17,16,7,2,3.32306998945331719e+35,6.68696290999999974e+02,0,1.30316764324067691e-13,nan,0.00000000000000000e+00
7,0,-2.58379571537354150e-03,1.00000000000000000e+00,2.58379571553793604e-03,2,18,-2.58379571539774523e-03,-2.58379571548989764e-03,-2.58379571553793604e-03,-2.58379571516082927e-03,-2.58379571590015671e-03,-2.58379571507594188e-03,-2.58379571557655272e-03,-2.58379571554824463e-03,2.12712226305145080e-13,5.02411480474140859e-13,5.26615209772707260e-13,8.24214828332170413e-13,19,4,1,5.76460752303767552e+17,21,2,1,5.76460752303767552e+17,16,7,2,3.32306998945331719e+35,5.77949626999999964e+02,0,5.02411480474140859e-13,nan,0.00000000000000000e+00
7,1,-2.00693048973400257e-03,1.00000000000000000e+00,2.00693048989761128e-03,2,18,-2.00693048972247446e-03,-2.00693048989761128e-03,-2.00693048970985695e-03,-2.00693048969540063e-03,-2.00693048986577867e-03,-2.00693048986084598e-03,-2.00693048954995578e-03,-2.00693048985554900e-03,1.63608709913276584e-13,1.60148370259571848e-13,1.84046788226366331e-13,3.15822888674599511e-13,19,4,1,5.76460752303767552e+17,21,2,1,5.76460752303767552e+17,16,7,2,3.32306998945331719e+35,5.60484923999999978e+02,0,1.60148370259571848e-13,nan,0.00000000000000000e+00
7,2,-1.55424938345315893e-03,1.00000000000000000e+00,1.55424938365125763e-03,2,18,-1.55424938365125763e-03,-1.55424938346300696e-03,-1.55424938320685617e-03,-1.55424938350520628e-03,-1.55424938341099496e-03,-1.55424938325831761e-03,-1.55424938303509123e-03,-1.55424938356877197e-03,2.46302761172656481e-13,2.40262670869739736e-13,4.18067707189107018e-13,5.33680738490360795e-13,19,4,1,5.76460752303767552e+17,21,2,1,5.76460752303767552e+17,16,7,2,3.32306998945331719e+35,5.59473899999999958e+02,0,2.40262670869739736e-13,nan,0.00000000000000000e+00
7,3,-1.20093493392589784e-03,1.00000000000000000e+00,1.20093493413289286e-03,2,18,-1.20093493387468035e-03,-1.20093493413289286e-03,-1.20093493388121115e-03,-1.20093493370866536e-03,-1.20093493422921316e-03,-1.20093493347596565e-03,-1.20093493410615231e-03,-1.20093493391149574e-03,2.17232482002671645e-13,6.56927203607216015e-13,4.49932192198021497e-13,7.53247507770393732e-13,19,4,1,5.76460752303767552e+17,21,2,1,5.76460752303767552e+17,16,7,2,3.32306998945331719e+35,5.72901652000000013e+02,0,6.56927203607216015e-13,nan,0.00000000000000000e+00
8,0,-9.25406956757740128e-04,1.00000000000000000e+00,9.25406957188763509e-04,2,18,-9.25406957188763509e-04,-9.25406956708694508e-04,-9.25406956948420390e-04,-9.25406956353238826e-04,-9.25406957102633079e-04,-9.25406957001136360e-04,-9.25406956896375108e-04,-9.25406957194092471e-04,4.31023381049222554e-13,8.40853645392436455e-13,4.36352343147206057e-13,2.97717362915395078e-13,19,4,1,5.76460752303767552e+17,21,2,1,5.76460752303767552e+17,16,7,2,3.32306998945331719e+35,5.77562326999999982e+02,0,8.40853645392436455e-13,nan,0.00000000000000000e+00
8,1,-7.11521909415733264e-04,1.00000000000000000e+00,7.11521909653698402e-04,2,18,-7.11521909653698402e-04,-7.11521909384356345e-04,-7.11521909170335920e-04,-7.11521909544365503e-04,-7.11521909755020890e-04,-7.11521909147797308e-04,-7.11521909560969301e-04,-7.11521909283708556e-04,2.45397343938413837e-13,3.90633380677185560e-13,3.39287625772399792e-13,6.07223581312876792e-13,19,4,1,5.76460752303767552e+17,21,2,1,5.76460752303767552e+17,16,7,2,3.32306998945331719e+35,5.54140303000000017e+02,0,3.90633380677185560e-13,nan,0.00000000000000000e+00
8,2,-5.45693215909191223e-04,1.00000000000000000e+00,5.45693216400506111e-04,2,18,-5.45693215835936453e-04,-5.45693216025009494e-04,-5.45693216400506111e-04,-5.45693215598112044e-04,-5.45693215670467143e-04,-5.45693216200413890e-04,-5.45693215839482119e-04,-5.45693216084917302e-04,4.91314888079186218e-13,5.61023992019793472e-13,2.91222666641555161e-13,5.29946746208320718e-13,19,4,1,5.76460752303767552e+17,21,2,1,5.76460752303767552e+17,16,7,2,3.32306998945331719e+35,5.81771583999999962e+02,0,5.61023992019793472e-13,nan,0.00000000000000000e+00
8,3,-4.17632437631684935e-04,1.00000000000000000e+00,4.17632437814288162e-04,2,18,-4.17632437814288162e-04,-4.17632437633406811e-04,-4.17632436885547571e-04,-4.17632437683612961e-04,-4.17632437976827469e-04,-4.17632437312972702e-04,-4.17632437754401225e-04,-4.17632437146958255e-04,7.46137364133342418e-13,8.68853654387852226e-13,4.84726679367969426e-13,8.29869213712225440e-13,19,4,1,5.76460752303767552e+17,21,2,1,5.76460752303767552e+17,16,7,2,3.32306998945331719e+35,6.22414713000000006e+02,0,8.68853654387852226e-13,nan,0.00000000000000000e+00
9,0,-3.18884142615465788e-04,1.00000000000000000e+00,3.18884142820049371e-04,2,18,-3.18884142820049371e-04,-3.18884142416051681e-04,-3.18884142743770978e-04,-3.18884142795649726e-04,-3.18884142732394553e-04,-3.18884142727431780e-04,-3.18884142716382838e-04,-3.18884142691535255e-04,2.04583583147260883e-13,3.11380099222297035e-13,1.16928764847673561e-13,4.08592972823973444e-14,19,4,1,5.76460752303767552e+17,21,2,1,5.76460752303767552e+17,16,7,2,3.32306998945331719e+35,5.69023177000000032e+02,0,3.11380099222297035e-13,nan,0.00000000000000000e+00
9,1,-2.43004444552504678e-04,1.00000000000000000e+00,2.43004444664663333e-04,2,18,-2.43004444566335059e-04,-2.43004444664663333e-04,-2.43004444341335298e-04,-2.43004444553117686e-04,-2.43004445058780716e-04,-2.43004444304649068e-04,-2.43004444385319375e-04,-2.43004444271577324e-04,2.11169379508643895e-13,4.92445656734979975e-13,5.06276037802802503e-13,7.87203391664978436e-13,19,4,1,5.76460752303767552e+17,21,2,1,5.76460752303767552e+17,16,7,2,3.32306998945331719e+35,5.68056591000000026e+02,0,4.92445656734979975e-13,nan,0.00000000000000000e+00
9,2,-1.84791773125369483e-04,1.00000000000000000e+00,1.84791773416636873e-04,2,18,-1.84791773344210704e-04,-1.84791773007056870e-04,-1.84791773416636873e-04,-1.84791773003167294e-04,-1.84791773083882785e-04,-1.84791773042680067e-04,-1.84791773176300178e-04,-1.84791773026616094e-04,2.91267389981170188e-13,2.60327919160766030e-13,9.87533893635067495e-14,1.49684084571610754e-13,19,4,1,5.76460752303767552e+17,21,2,1,5.76460752303767552e+17,16,7,2,3.32306998945331719e+35,5.74808103999999958e+02,0,2.60327919160766030e-13,nan,0.00000000000000000e+00
9,3,-1.40271449560677096e-04,1.00000000000000000e+00,1.40271449543753242e-04,2,18,-1.40271449435103716e-04,-1.40271449543753242e-04,-1.40271449117292292e-04,-1.40271449406978644e-04,-1.40271449583674894e-04,-1.40271449410171104e-04,-1.40271449247876664e-04,-1.40271449469539305e-04,4.43384803698598784e-13,1.48571178146608696e-13,3.12800431173307358e-13,3.35798229500472445e-13,19,4,1,5.76460752303767552e+17,21,2,1,5.76460752303767552e+17,16,7,2,3.32306998945331719e+35,5.70855513999999971e+02,0,1.48571178146608696e-13,nan,0.00000000000000000e+00
10,0,-1.06279892521708697e-04,1.00000000000000000e+00,1.06279893061605234e-04,2,18,-1.06279893061605234e-04,-1.06279892343561066e-04,-1.06279892528525686e-04,-1.06279892626283967e-04,-1.06279892523191249e-04,-1.06279892047289053e-04,-1.06279892171004246e-04,-1.06279892753472673e-04,5.39896537307855973e-13,5.38413985704672138e-13,4.74419643652600198e-13,7.06183619610459279e-13,19,4,1,5.76460752303767552e+17,21,2,1,5.76460752303767552e+17,16,7,2,3.32306998945331719e+35,5.79015055999999959e+02,0,5.38413985704672138e-13,nan,0.00000000000000000e+00
10,1,-8.03991152050387872e-05,1.00000000000000000e+00,8.03991154184726043e-05,2,18,-8.03991153588308596e-05,-8.03991152115558723e-05,-8.03991150509783206e-05,-8.03991154184726043e-05,-8.03991146919954576e-05,-8.03991148833098563e-05,-8.03991154137454557e-05,-8.03991151685935887e-05,2.13433817061042808e-13,6.66835402000909294e-13,5.13043329607859588e-13,7.21749998091811285e-13,19,4,1,5.76460752303767552e+17,21,2,1,5.76460752303767552e+17,16,7,2,3.32306998945331719e+35,5.73720474999999965e+02,0,6.66835402000909294e-13,nan,0.00000000000000000e+00
10,2,-6.07263864626051097e-05,1.00000000000000000e+00,6.07263865245866440e-05,2,18,-6.07263862911485244e-05,-6.07263859905852663e-05,-6.07263860104838320e-05,-6.07263865245866440e-05,-6.07263866489162407e-05,-6.07263870172391326e-05,-6.07263863664201005e-05,-6.07263868622517951e-05,4.72019843458966470e-13,1.02665386635851855e-12,5.54634022899552076e-13,6.50819032184130758e-13,19,4,1,5.76460752303767552e+17,21,2,1,5.76460752303767552e+17,16,7,2,3.32306998945331719e+35,5.85371886000000018e+02,0,1.02665386635851855e-12,nan,0.00000000000000000e+00
10,3,-4.58093381388425906e-05,1.00000000000000000e+00,4.58093386419671170e-05,2,18,-4.58093385711679698e-05,-4.58093385522892046e-05,-4.58093386162867450e-05,-4.58093386419671170e-05,-4.58093383736108027e-05,-4.58093386289592659e-05,-4.58093382111688163e-05,-4.58093380395176438e-05,5.03124526361666685e-13,6.02449473229189902e-13,4.90116675272000285e-13,5.89441622139523502e-13,19,4,1,5.76460752303767552e+17,21,2,1,5.76460752303767552e+17,16,7,2,3.32306998945331719e+35,5.92142395999999962e+02,0,6.02449473229189902e-13,nan,0.00000000000000000e+00
11,0,-3.45159435467622445e-05,1.00000000000000000e+00,3.45159441053021125e-05,2,18,-3.45159438425885555e-05,-3.45159434789248462e-05,-3.45159441053021125e-05,-3.45159439852933935e-05,-3.45159437819612507e-05,-3.45159438232808732e-05,-3.45159434456003745e-05,-3.45159437836481880e-05,5.58539868002194684e-13,6.59701737952978623e-13,2.76518628686880236e-13,3.77680498637664175e-13,19,4,1,5.76460752303767552e+17,21,2,1,5.76460752303767552e+17,16,7,2,3.32306998945331719e+35,5.55718509000000040e+02,0,6.59701737952978623e-13,nan,0.00000000000000000e+00
11,1,-2.59841429774836333e-05,1.00000000000000000e+00,2.59841434031536915e-05,2,18,-2.59841428742316451e-05,-2.59841430078897816e-05,-2.59841434031536915e-05,-2.59841425480200363e-05,-2.59841432798658811e-05,-2.59841433841562977e-05,-2.59841427895182911e-05,-2.59841427461185522e-05,4.29463596981908072e-13,6.13635400495025560e-13,4.06672664429253219e-13,6.38037745467195938e-13,19,4,1,5.76460752303767552e+17,21,2,1,5.76460752303767552e+17,16,7,2,3.32306998945331719e+35,5.89368738000000008e+02,0,6.13635400495025560e-13,nan,0.00000000000000000e+00
11,2,-1.95475019028726811e-05,1.00000000000000000e+00,1.95475025960661153e-05,2,18,-1.95475019900227389e-05,-1.95475025960661153e-05,-1.95475023954492450e-05,-1.95475024488342318e-05,-1.95475026519657057e-05,-1.95475019686869039e-05,-1.95475016481054756e-05,-1.95475019795233487e-05,6.93193434239940814e-13,7.47343769443194195e-13,7.49093024616414097e-13,1.00386023007669606e-12,19,4,1,5.76460752303767552e+17,21,2,1,5.76460752303767552e+17,16,7,2,3.32306998945331719e+35,6.31938967000000048e+02,0,7.47343769443194195e-13,nan,0.00000000000000000e+00
11,3,-1.47000315554798866e-05,1.00000000000000000e+00,1.47000325046733302e-05,2,18,-1.47000315917321141e-05,-1.47000309448742840e-05,-1.47000314162183561e-05,-1.47000325046733302e-05,-1.47000313595645269e-05,-1.47000321559960325e-05,-1.47000321940269665e-05,-1.47000323580266923e-05,9.49193443638908681e-13,1.21112174854428288e-12,8.02546805663624692e-13,9.98462165336809655e-13,19,4,1,5.76460752303767552e+17,21,2,1,5.76460752303767552e+17,16,7,2,3.32306998945331719e+35,5.67997858999999949e+02,0,1.21112174854428288e-12,nan,0.00000000000000000e+00
12,0,-1.10533672939558485e-05,1.00000000000000000e+00,1.10533677275382567e-05,2,18,-1.10533673373249518e-05,-1.10533677275382567e-05,-1.10533671551061047e-05,-1.10533673664555719e-05,-1.10533669032013590e-05,-1.10533683235910624e-05,-1.10533671669886251e-05,-1.10533665860281355e-05,4.33582408190347039e-13,7.80427436406936834e-13,1.02963521396274866e-12,1.73756292692764727e-12,19,4,1,5.76460752303767552e+17,21,2,1,5.76460752303767552e+17,16,7,2,3.32306998945331719e+35,5.76587868999999955e+02,0,7.80427436406936834e-13,nan,0.00000000000000000e+00
12,1,-8.31363223368363081e-06,1.00000000000000000e+00,8.31363300428678946e-06,2,18,-8.31363224192737558e-06,-8.31363230745492858e-06,-8.31363300428678946e-06,-8.31363208633413845e-06,-8.31363223330837658e-06,-8.31363264019673456e-06,-8.31363165060346497e-06,-8.31363273931546278e-06,7.70603158649525721e-13,1.35368332449187830e-12,5.83080165842352581e-13,1.08871199781931851e-12,19,4,1,5.76460752303767552e+17,21,2,1,5.76460752303767552e+17,16,7,2,3.32306998945331719e+35,5.90543175000000019e+02,0,1.35368332449187830e-12,nan,0.00000000000000000e+00
12,2,-6.25669933441263388e-06,1.00000000000000000e+00,6.25669975179267652e-06,2,18,-6.25669975179267652e-06,-6.25669958159035298e-06,-6.25669888484449051e-06,-6.25669903258014265e-06,-6.25670033694850592e-06,-6.25669883166880308e-06,-6.25669930826209252e-06,-6.25669880206944003e-06,4.49568143366522229e-13,7.49921549893770890e-13,1.00253587204080733e-12,1.53487906588635654e-12,19,4,1,5.76460752303767552e+17,21,2,1,5.76460752303767552e+17,16,7,2,3.32306998945331719e+35,5.91165372000000048e+02,0,7.49921549893770890e-13,nan,0.00000000000000000e+00
12,3,-4.71356440050205643e-06,1.00000000000000000e+00,4.71356488288041997e-06,2,18,-4.71356415673744389e-06,-4.71356488288041997e-06,-4.71356412955914325e-06,-4.71356442360845286e-06,-4.71356492932674149e-06,-4.71356352829975131e-06,-4.71356498200585500e-06,-4.71356475238690951e-06,4.82378363530935710e-13,1.35458066865510067e-12,8.72202305124164957e-13,1.45370610368816171e-12,19,4,1,5.76460752303767552e+17,21,2,1,5.76460752303767552e+17,16,7,2,3.32306998945331719e+35,5.91881234999999947e+02,0,1.35458066865510067e-12,nan,0.00000000000000000e+00
13,0,-3.55606531862395444e-06,1.00000000000000000e+00,3.55606583092075961e-06,2,18,-3.55606460566199390e-06,-3.55606541344219941e-06,-3.55606524806019214e-06,-3.55606583092075961e-06,-3.55606563568966576e-06,-3.55606532701932827e-06,-3.55606476707759364e-06,-3.55606577854647165e-06,7.12961960536796823e-13,1.03002767185578236e-12,5.51546360801980287e-13,1.01146887801419495e-12,19,4,1,5.76460752303767552e+17,21,2,1,5.76460752303767552e+17,16,7,2,3.32306998945331719e+35,5.63907409000000030e+02,0,1.03002767185578236e-12,nan,0.00000000000000000e+00
13,1,-2.68789458571027130e-06,1.00000000000000000e+00,2.68789462070695158e-06,2,18,-2.68789462070695158e-06,-2.68789426691342623e-06,-2.68789389603379705e-06,-2.68789436797961788e-06,-2.68789428880254059e-06,-2.68789478300919322e-06,-2.68789481396833723e-06,-2.68789511946447041e-06,6.89676474245360391e-13,9.17934540176952455e-13,5.33754199116777319e-13,8.30661929824704111e-13,19,4,1,5.76460752303767552e+17,21,2,1,5.76460752303767552e+17,16,7,2,3.32306998945331719e+35,5.73800804999999968e+02,0,9.17934540176952455e-13,nan,0.00000000000000000e+00
13,2,-2.03638164214183292e-06,1.00000000000000000e+00,2.03638209853235403e-06,2,18,-2.03638209853235403e-06,-2.03638194545041754e-06,-2.03638066022069892e-06,-2.03638189767967954e-06,-2.03638186273181842e-06,-2.03638190847184533e-06,-2.03638122799501710e-06,-2.03638122027840592e-06,9.81921133995139386e-13,6.77401273620784018e-13,4.21863426997178253e-13,6.88193439409880148e-13,19,4,1,5.76460752303767552e+17,21,2,1,5.76460752303767552e+17,16,7,2,3.32306998945331719e+35,5.72547832999999969e+02,0,6.77401273620784018e-13,nan,0.00000000000000000e+00
13,3,-1.54709352601994064e-06,1.00000000000000000e+00,1.54709336292005908e-06,2,18,-1.54709329242396455e-06,-1.54709317058578700e-06,-1.54709286810462651e-06,-1.54709336292005908e-06,-1.54709391306595827e-06,-1.54709349711083257e-06,-1.54709326962982365e-06,-1.54709342060336511e-06,6.57915314127000255e-13,6.20641993719000325e-13,3.87046017633369964e-13,6.43436134620701140e-13,19,4,1,5.76460752303767552e+17,21,2,1,5.76460752303767552e+17,16,7,2,3.32306998945331719e+35,5.76686149999999998e+02,0,6.20641993719000325e-13,nan,0.00000000000000000e+00
14,0,-1.17913117384274396e-06,1.00000000000000000e+00,1.17913162287215913e-06,2,18,-1.17913162287215913e-06,-1.17913097367359584e-06,-1.17913057613167722e-06,-1.17913055947553749e-06,-1.17913031179212066e-06,-1.17913157068406574e-06,-1.17913117697764127e-06,-1.17913172018974103e-06,6.14367206468267174e-13,1.31108003846361061e-12,8.62050623298135166e-13,1.40839762037240246e-12,19,4,1,5.76460752303767552e+17,21,2,1,5.76460752303767552e+17,16,7,2,3.32306998945331719e+35,5.82987962000000039e+02,0,1.31108003846361061e-12,nan,0.00000000000000000e+00
14,1,-9.01941692138495960e-07,1.00000000000000000e+00,9.01942841118536091e-07,2,18,-9.01941553829530028e-07,-9.01941301148150400e-07,-9.01941524829983191e-07,-9.01942841118536091e-07,-9.01942074301585387e-07,-9.01941654480830223e-07,-9.01941463070876278e-07,-9.01942397215054838e-07,1.14898004013081910e-12,5.20472055359504809e-13,7.05076558877463578e-13,9.34144178560097189e-13,19,4,1,5.76460752303767552e+17,21,2,1,5.76460752303767552e+17,16,7,2,3.32306998945331719e+35,5.73964001000000053e+02,0,5.20472055359504809e-13,nan,0.00000000000000000e+00
14,2,-6.92646495336541585e-07,1.00000000000000000e+00,6.92646737842525747e-07,2,18,-6.92645610785963574e-07,-6.92646737842525747e-07,-6.92645279220834803e-07,-6.92646381919930561e-07,-6.92647910003620630e-07,-6.92646991135346695e-07,-6.92645934032431217e-07,-6.92646872243369117e-07,1.21611570678228670e-12,2.29921765705529509e-12,1.41466707904474356e-12,1.97597118941299612e-12,19,4,1,5.76460752303767552e+17,21,2,1,5.76460752303767552e+17,16,7,2,3.32306998945331719e+35,5.86419548999999961e+02,0,2.29921765705529509e-12,nan,0.00000000000000000e+00
14,3,-5.34188269640633373e-07,1.00000000000000000e+00,5.34188675047976904e-07,2,18,-5.34187617070181212e-07,-5.34188278164629054e-07,-5.34188675047976904e-07,-5.34187589245309301e-07,-5.34188387850019393e-07,-5.34188064282640190e-07,-5.34187564103756347e-07,-5.34187912276977647e-07,6.80395324072244985e-13,1.11094422055782173e-12,7.05536877026824796e-13,8.23746263046518253e-13,19,4,1,5.76460752303767552e+17,21,2,1,5.76460752303767552e+17,16,7,2,3.32306998945331719e+35,6.02154149999999959e+02,0,1.11094422055782173e-12,nan,0.00000000000000000e+00
15,0,-4.13821806810051246e-07,1.00000000000000000e+00,4.13822872496274405e-07,2,18,-4.13822435881439771e-07,-4.13822051146019121e-07,-4.13822872496274405e-07,-4.13821122407131021e-07,-4.13820992690970867e-07,-4.13822764659871386e-07,-4.13822497234504024e-07,-4.13821136663882322e-07,1.06568622315857592e-12,1.44319046890417437e-12,9.57849820139607388e-13,1.77196890051935951e-12,19,4,1,5.76460752303767552e+17,21,2,1,5.76460752303767552e+17,16,7,2,3.32306998945331719e+35,5.60987590999999952e+02,0,1.44319046890417437e-12,nan,0.00000000000000000e+00
15,1,-3.22054007073497981e-07,1.00000000000000000e+00,3.22054079287235942e-07,2,18,-3.22053596138491022e-07,-3.22054079287235942e-07,-3.22053967376663421e-07,-3.22054066061494732e-07,-3.22055327606101522e-07,-3.22054603062853256e-07,-3.22055753347182248e-07,-3.22054195550099432e-07,4.10935006958791204e-13,1.78597051882659015e-12,1.74627368426704869e-12,1.55779708281549446e-12,19,4,1,5.76460752303767552e+17,21,2,1,5.76460752303767552e+17,16,7,2,3.32306998945331719e+35,5.65241833000000042e+02,0,1.78597051882659015e-12,nan,0.00000000000000000e+00
15,2,-2.51796546678296873e-07,1.00000000000000000e+00,2.51796154634719894e-07,2,18,-2.51796154634719894e-07,-2.51796077913795689e-07,-2.51796095604542754e-07,-2.51795939489189218e-07,-2.51796516586101886e-07,-2.51796439954627537e-07,-2.51795790845431624e-07,-2.51797270118351958e-07,6.07189107654258693e-13,1.33062916273951834e-12,7.55832865248320972e-13,1.47927292033358062e-12,19,4,1,5.76460752303767552e+17,21,2,1,5.76460752303767552e+17,16,7,2,3.32306998945331719e+35,5.64053797000000031e+02,0,1.33062916273951834e-12,nan,0.00000000000000000e+00
15,3,-1.97766576179057442e-07,1.00000000000000000e+00,1.97766860440971409e-07,2,18,-1.97765738884561696e-07,-1.97766747075008561e-07,-1.97766098460418771e-07,-1.97766860440971409e-07,-1.97767091384944776e-07,-1.97766756271450252e-07,-1.97766023094584466e-07,-1.97767170844971198e-07,8.37294495745544479e-13,1.35250038307992643e-12,5.94665913755706611e-13,1.14775038673118051e-12,19,4,1,5.76460752303767552e+17,21,2,1,5.76460752303767552e+17,16,7,2,3.32306998945331719e+35,5.79856511999999952e+02,0,1.35250038307992643e-12,nan,0.00000000000000000e+00
16,0,-1.56016028778515692e-07,1.00000000000000000e+00,1.56015994849891383e-07,2,18,-1.56014845830493019e-07,-1.56015080472684946e-07,-1.56015994849891383e-07,-1.56015555411573930e-07,-1.56015564046693213e-07,-1.56015369276347490e-07,-1.56015351655707012e-07,-1.56015343254765525e-07,1.18294802267344547e-12,7.18216200193970189e-13,6.85523750167053966e-13,2.20791927687578686e-13,19,4,1,5.76460752303767552e+17,21,2,1,5.76460752303767552e+17,16,7,2,3.32306998945331719e+35,5.54366289000000052e+02,0,7.18216200193970189e-13,nan,0.00000000000000000e+00
16,1,-1.23593430067026893e-07,1.00000000000000000e+00,1.23594152929997982e-07,2,18,-1.23594152929997982e-07,-1.23593962357293012e-07,-1.23592597741543022e-07,-1.23592180442230135e-07,-1.23593484387562753e-07,-1.23593732510613691e-07,-1.23595649382593759e-07,-1.23593435118070917e-07,1.24962479675847186e-12,3.05164105073710265e-12,2.21931556686518572e-12,2.21426452284170169e-12,19,4,1,5.76460752303767552e+17,21,2,1,5.76460752303767552e+17,16,7,2,3.32306998945331719e+35,5.83361021000000051e+02,0,3.05164105073710265e-12,nan,0.00000000000000000e+00
16,2,-9.82878893483399511e-08,1.00000000000000000e+00,9.82882215001342771e-08,2,18,-9.82875710005679673e-08,-9.82879944216398369e-08,-9.82874257119804045e-08,-9.82882215001342771e-08,-9.82879749715484826e-08,-9.82879476097614620e-08,-9.82873480203243739e-08,-9.82871512444228882e-08,4.63636359546586511e-13,1.07025571138884711e-12,7.38103917062871331e-13,8.23727125594389573e-13,19,4,1,5.76460752303767552e+17,21,2,1,5.76460752303767552e+17,16,7,2,3.32306998945331719e+35,5.95122920000000022e+02,0,1.07025571138884711e-12,nan,0.00000000000000000e+00
16,3,-7.84380106834598345e-08,1.00000000000000000e+00,7.84374488999231536e-08,2,18,-7.84374488999231536e-08,-7.84367293256444098e-08,-7.84368666882664877e-08,-7.84372241334887610e-08,-7.84366952710578305e-08,-7.84383524694220301e-08,-7.84381447555109284e-08,-7.84383767673100786e-08,1.28135781542476934e-12,1.62314377762029457e-12,1.31541240200405478e-12,1.68149625224813182e-12,19,4,1,5.76460752303767552e+17,21,2,1,5.76460752303767552e+17,16,7,2,3.32306998945331719e+35,5.85715799999999945e+02,0,1.62314377762029457e-12,nan,0.00000000000000000e+00
17,0,-6.27908866163878937e-08,1.00000000000000000e+00,6.27910881361226129e-08,2,18,-6.27910881361226129e-08,-6.27898195530392730e-08,-6.27902791582072006e-08,-6.27906936802386547e-08,-6.27920608426752043e-08,-6.27922882844249517e-08,-6.27896714506418760e-08,-6.27911444429341241e-08,1.06706334862069129e-12,2.46873138567871522e-12,1.40166803705802393e-12,2.61683378307566580e-12,19,4,1,5.76460752303767552e+17,21,2,1,5.76460752303767552e+17,16,7,2,3.32306998945331719e+35,5.71470056000000000e+02,0,2.46873138567871522e-12,nan,0.00000000000000000e+00
17,1,-5.04007230130511401e-08,1.00000000000000000e+00,5.04011337562674131e-08,2,18,-5.04008336620812904e-08,-5.04011337562674131e-08,-5.04010372691321171e-08,-5.04004137874917297e-08,-5.04008788372267508e-08,-5.04012757449607530e-08,-5.04000755632491253e-08,-5.04003813923545421e-08,4.10743216273012063e-13,9.61705882991740047e-13,6.47449802014740875e-13,1.20018171162769525e-12,19,4,1,5.76460752303767552e+17,21,2,1,5.76460752303767552e+17,16,7,2,3.32306998945331719e+35,5.76419211000000018e+02,0,9.61705882991740047e-13,nan,0.00000000000000000e+00
17,2,-4.05466118513967989e-08,1.00000000000000000e+00,4.05479699778670197e-08,2,18,-4.05471435637214186e-08,-4.05468006773004832e-08,-4.05460666201731577e-08,-4.05479699778670197e-08,-4.05467722495312004e-08,-4.05486688602996551e-08,-4.05481528163693576e-08,-4.05473795431555206e-08,1.35812647022079677e-12,2.08619619619999443e-12,2.05700890285618287e-12,1.89661076845467529e-12,19,4,1,5.76460752303767552e+17,21,2,1,5.76460752303767552e+17,16,7,2,3.32306998945331719e+35,6.25386788000000024e+02,0,2.08619619619999443e-12,nan,0.00000000000000000e+00
17,3,-3.26789546607404148e-08,1.00000000000000000e+00,3.26786325507415762e-08,2,18,-3.26780007417010616e-08,-3.26776488996547534e-08,-3.26786325507415762e-08,-3.26781884875262673e-08,-3.26794398320949475e-08,-3.26793073527053659e-08,-3.26798770740661716e-08,-3.26791793353333940e-08,1.30576108566132058e-12,1.65845305061241840e-12,9.22413325756803825e-13,6.97738732777572863e-13,19,4,1,5.76460752303767552e+17,21,2,1,5.76460752303767552e+17,16,7,2,3.32306998945331719e+35,5.79959352999999965e+02,0,1.65845305061241840e-12,nan,0.00000000000000000e+00
18,0,-2.63756677785493446e-08,1.00000000000000000e+00,2.63757444348100650e-08,2,18,-2.63748667118251177e-08,-2.63756559350992704e-08,-2.63737002405036916e-08,-2.63757444348100650e-08,-2.63753182672764274e-08,-2.63752031317645625e-08,-2.63763619136539051e-08,-2.63758278848148702e-08,1.96753804565298453e-12,2.66167315021341109e-12,6.94135104560426560e-13,1.15878188934252453e-12,19,4,1,5.76460752303767552e+17,21,2,1,5.76460752303767552e+17,16,7,2,3.32306998945331719e+35,5.69237626999999975e+02,0,2.66167315021341109e-12,nan,0.00000000000000000e+00
18,1,-2.13100125713298779e-08,1.00000000000000000e+00,2.13110097330783401e-08,2,18,-2.13089987594778069e-08,-2.13110097330783401e-08,-2.13104471004133046e-08,-2.13106440838044376e-08,-2.13104641154048601e-08,-2.13107042149349707e-08,-2.13114724021712298e-08,-2.13103013147626348e-08,1.01381185207103403e-12,1.46535592705324585e-12,1.45983084135185087e-12,1.17108740859493176e-12,19,4,1,5.76460752303767552e+17,21,2,1,5.76460752303767552e+17,16,7,2,3.32306998945331719e+35,5.73486749000000032e+02,0,1.46535592705324585e-12,nan,0.00000000000000000e+00
18,2,-1.72293444365278315e-08,1.00000000000000000e+00,1.72304032807861302e-08,2,18,-1.72303973283221269e-08,-1.72294134849875084e-08,-1.72304032807861302e-08,-1.72287287490305447e-08,-1.72292340505210950e-08,-1.72307944201902690e-08,-1.72301845878989254e-08,-1.72303304021325896e-08,1.05884425829869999e-12,1.60165310204494630e-12,1.44998366243743673e-12,1.56036966917401181e-12,19,4,1,5.76460752303767552e+17,21,2,1,5.76460752303767552e+17,16,7,2,3.32306998945331719e+35,5.76640592999999967e+02,0,1.60165310204494630e-12,nan,0.00000000000000000e+00
18,3,-1.39348549582791263e-08,1.00000000000000000e+00,1.39367646759190820e-08,2,18,-1.39367646759190820e-08,-1.39359876494347776e-08,-1.39339904734244301e-08,-1.39360952056024517e-08,-1.39341717277948181e-08,-1.39341233551346092e-08,-1.39342376489244747e-08,-1.39353142977706983e-08,1.90971763995573315e-12,2.59294812426394083e-12,7.31603144517120585e-13,1.19094263608908158e-12,19,4,1,5.76460752303767552e+17,21,2,1,5.76460752303767552e+17,16,7,2,3.32306998945331719e+35,5.94371257000000014e+02,0,2.59294812426394083e-12,nan,0.00000000000000000e+00
19,0,-1.12709231139931902e-08,1.00000000000000000e+00,1.12707368837571648e-08,2,18,-1.12699808144489691e-08,-1.12695266365961584e-08,-1.12707368837571648e-08,-1.12704393431021636e-08,-1.12705834461811164e-08,-1.12698370920748822e-08,-1.12731163977452977e-08,-1.12711375907343526e-08,1.39647739703182255e-12,2.37951398813286598e-12,2.19328375210749289e-12,3.27930567041553363e-12,19,4,1,5.76460752303767552e+17,21,2,1,5.76460752303767552e+17,16,7,2,3.32306998945331719e+35,5.73682981000000041e+02,0,2.37951398813286598e-12,nan,0.00000000000000000e+00
19,1,-9.11473614760071002e-09,1.00000000000000000e+00,9.11647503999529228e-09,2,18,-9.11647503999529228e-09,-9.11593185982138605e-09,-9.11438961687378126e-09,-9.11585759651546988e-09,-9.11443555621444792e-09,-9.11331419792540242e-09,-9.11633785949602486e-09,-9.11433110724000030e-09,1.73889239458225683e-12,2.61766189598363490e-12,1.60171189531484491e-12,3.02366157062244808e-12,19,4,1,5.76460752303767552e+17,21,2,1,5.76460752303767552e+17,16,7,2,3.32306998945331719e+35,5.77105740999999966e+02,0,2.61766189598363490e-12,nan,0.00000000000000000e+00
19,2,-7.36769712929825465e-09,1.00000000000000000e+00,7.37144698030718676e-09,2,18,-7.36658387372692107e-09,-7.37144698030718676e-09,-7.36705817257268050e-09,-7.36678144873516693e-09,-7.36600528235622144e-09,-7.36751595798285846e-09,-7.36795308226421631e-09,-7.36606708539469225e-09,3.74985100893211395e-12,3.93102232432830438e-12,1.69184694203320800e-12,1.94779990799487206e-12,19,4,1,5.76460752303767552e+17,21,2,1,5.76460752303767552e+17,16,7,2,3.32306998945331719e+35,5.84418821999999977e+02,0,3.93102232432830438e-12,nan,0.00000000000000000e+00
19,3,-5.95190150018550120e-09,1.00000000000000000e+00,5.95361185531963021e-09,2,18,-5.95121438997039488e-09,-5.95183049289175644e-09,-5.95361185531963021e-09,-5.95329740190182234e-09,-5.95167137430689214e-09,-5.95260931093602498e-09,-5.95339785898993360e-09,-5.95275250079510763e-09,1.71035513412900799e-12,7.78818044268533989e-13,1.49635880443239522e-12,1.72648468304145975e-12,19,4,1,5.76460752303767552e+17,21,2,1,5.76460752303767552e+17,16,7,2,3.32306998945331719e+35,5.79803345000000036e+02,0,7.78818044268533989e-13,nan,0.00000000000000000e+00
20,0,-4.80523381350729685e-09,1.00000000000000000e+00,4.80506328455551905e-09,2,18,-4.80392628662664682e-09,-4.80506328455551905e-09,-4.80502388602182971e-09,-4.80470802858481366e-09,-4.80436633845022569e-09,-4.80542748224101505e-09,-4.80445998519240056e-09,-4.80618581508143386e-09,1.30752688065003253e-12,1.47778649662019445e-12,9.52001574137008367e-13,1.81947663120816893e-12,19,4,1,5.76460752303767552e+17,21,2,1,5.76460752303767552e+17,16,7,2,3.32306998945331719e+35,5.70662155999999982e+02,0,1.47778649662019445e-12,nan,0.00000000000000000e+00
20,1,-3.87464352511098536e-09,1.00000000000000000e+00,3.87511470204206173e-09,2,18,-3.87301376081988348e-09,-3.87511470204206173e-09,-3.87499084555249504e-09,-3.87345631895674795e-09,-3.87538961641391619e-09,-3.87373445276978139e-09,-3.87356086954595969e-09,-3.87313836467568666e-09,1.62976429110188383e-12,2.37585559403271363e-12,1.50516043529870585e-12,2.25125173822953566e-12,19,4,1,5.76460752303767552e+17,21,2,1,5.76460752303767552e+17,16,7,2,3.32306998945331719e+35,5.72885754000000020e+02,0,2.37585559403271363e-12,nan,0.00000000000000000e+00
20,2,-3.12200635588022197e-09,1.00000000000000000e+00,3.12488963062814416e-09,2,18,-3.12488963062814416e-09,-3.12108397998580898e-09,-3.12282412689745870e-09,-3.11836558241157602e-09,-3.12175934585043686e-09,-3.12052201324564326e-09,-3.12166900876419213e-09,-3.12074774327246244e-09,3.64077346864594875e-12,3.13028477770730418e-12,1.48434263457870587e-12,1.23733260479359427e-12,19,4,1,5.76460752303767552e+17,21,2,1,5.76460752303767552e+17,16,7,2,3.32306998945331719e+35,5.78364311000000043e+02,0,3.13028477770730418e-12,nan,0.00000000000000000e+00
20,3,-2.51234304765304393e-09,1.00000000000000000e+00,2.51216536108976458e-09,2,18,-2.51126940731886590e-09,-2.51216536108976458e-09,-2.51161766857926748e-09,-2.51179587618700157e-09,-2.51389077020950728e-09,-2.51033194504625701e-09,-2.51149157926181739e-09,-2.51308352012696078e-09,1.07364033417803059e-12,2.62136289064137681e-12,2.01110260678692450e-12,3.55882516325027072e-12,19,4,1,5.76460752303767552e+17,21,2,1,5.76460752303767552e+17,16,7,2,3.32306998945331719e+35,6.87417546000000016e+02,0,2.62136289064137681e-12,nan,0.00000000000000000e+00
21,0,-2.01836265314384970e-09,1.00000000000000000e+00,2.02030886029486705e-09,2,18,-2.02030886029486705e-09,-2.01970431524824420e-09,-2.01627680767155900e-09,-2.01980795834624085e-09,-2.02042206100606133e-09,-2.02003602333856634e-09,-2.01871850985689032e-09,-2.02005628190445238e-09,2.08584547229070183e-12,2.44170218533132230e-12,2.05940786221162495e-12,1.70355114917100448e-12,19,4,1,5.76460752303767552e+17,21,2,1,5.76460752303767552e+17,16,7,2,3.32306998945331719e+35,5.76073961000000054e+02,0,2.44170218533132230e-12,nan,0.00000000000000000e+00
21,1,-1.62053877574558182e-09,1.00000000000000000e+00,1.61994942424777642e-09,2,18,-1.61994942424777642e-09,-1.61983192527235767e-09,-1.61953550246615337e-09,-1.61749601175532219e-09,-1.61894450952948997e-09,-1.62279590094029938e-09,-1.62175253989902095e-09,-1.62407851060133572e-09,3.04276399025962773e-12,6.58249884601352382e-12,3.53973485575389608e-12,5.13400107184574338e-12,19,4,1,5.76460752303767552e+17,21,2,1,5.76460752303767552e+17,16,7,2,3.32306998945331719e+35,5.78943236999999954e+02,0,6.58249884601352382e-12,nan,0.00000000000000000e+00
21,2,-1.29889643597604094e-09,1.00000000000000000e+00,1.30174185978747921e-09,2,18,-1.29873062998379040e-09,-1.29796748081403129e-09,-1.30174185978747921e-09,-1.30035800467047208e-09,-1.29749126489921009e-09,-1.29728635446874860e-09,-1.29799391740955412e-09,-1.29754984429675561e-09,2.84542381143827611e-12,3.74794237792509688e-12,1.61008150729234027e-12,7.07562940805519494e-13,19,4,1,5.76460752303767552e+17,21,2,1,5.76460752303767552e+17,16,7,2,3.32306998945331719e+35,5.78269431000000054e+02,0,3.74794237792509688e-12,nan,0.00000000000000000e+00
21,3,-1.03959373967586270e-09,1.00000000000000000e+00,1.04063706886400413e-09,2,18,-1.04053752515388935e-09,-1.04059407366658866e-09,-1.03928381094320755e-09,-1.04063706886400413e-09,-1.04207561307013406e-09,-1.03919008569734952e-09,-1.04173671023523382e-09,-1.03897707878771417e-09,1.04332918814143504e-12,2.45289929202626827e-12,2.48187339427136365e-12,3.09853428241989630e-12,19,4,1,5.76460752303767552e+17,21,2,1,5.76460752303767552e+17,16,7,2,3.32306998945331719e+35,5.71582291000000055e+02,0,2.45289929202626827e-12,nan,0.00000000000000000e+00
22,0,-8.30350391929482853e-10,1.00000000000000000e+00,8.31327580285283774e-10,2,18,-8.29604125142269566e-10,-8.31327580285283774e-10,-8.30455252152860877e-10,-8.30910553292185505e-10,-8.30342986631705481e-10,-8.34330443496115201e-10,-8.30795038806901357e-10,-8.28832902065059206e-10,9.77188355800920757e-13,3.00286321083142709e-12,3.98005156663234784e-12,5.49754143105599488e-12,19,4,1,5.76460752303767552e+17,21,2,1,5.76460752303767552e+17,16,7,2,3.32306998945331719e+35,5.71098729000000048e+02,0,3.00286321083142709e-12,nan,0.00000000000000000e+00
22,1,-6.62869333142384722e-10,1.00000000000000000e+00,6.66699790786153156e-10,2,18,-6.66699790786153156e-10,-6.63379997676668178e-10,-6.64050909181805999e-10,-6.62724858103105491e-10,-6.58648409369706411e-10,-6.61581206511748459e-10,-6.60395283697206046e-10,-6.62693373158153279e-10,3.83045764376843372e-12,8.05138141644674485e-12,4.22092377267831113e-12,4.04496378844686768e-12,19,4,1,5.76460752303767552e+17,21,2,1,5.76460752303767552e+17,16,7,2,3.32306998945331719e+35,5.68101468999999952e+02,0,8.05138141644674485e-12,nan,0.00000000000000000e+00
22,2,-5.27769129413582175e-10,1.00000000000000000e+00,5.30198426097067420e-10,2,18,-5.30198426097067420e-10,-5.29173319876307286e-10,-5.26927359524648548e-10,-5.28643253319597237e-10,-5.25297402426001968e-10,-5.27429542852787761e-10,-5.27521950920742966e-10,-5.30576630493607647e-10,2.42929668348524483e-12,4.90102367106545176e-12,2.80750108002547171e-12,5.27922806760567863e-12,19,4,1,5.76460752303767552e+17,21,2,1,5.76460752303767552e+17,16,7,2,3.32306998945331719e+35,6.70009030000000052e+02,0,4.90102367106545176e-12,nan,0.00000000000000000e+00
22,3,-4.19943841781034468e-10,1.00000000000000000e+00,4.20542320457561752e-10,2,18,-4.20169337777297311e-10,-4.20261594078505987e-10,-4.20542320457561752e-10,-4.18978925649367442e-10,-4.19338931045450841e-10,-4.20303250625559514e-10,-4.19986957964535901e-10,-4.21608945839753716e-10,9.64916131667026539e-13,2.63002019038627453e-12,1.66510405871924799e-12,2.27001479430287540e-12,19,4,1,5.76460752303767552e+17,21,2,1,5.76460752303767552e+17,16,7,2,3.32306998945331719e+35,5.74119631000000027e+02,0,2.63002019038627453e-12,nan,0.00000000000000000e+00
23,0,-3.34698445837472955e-10,1.00000000000000000e+00,3.35605613175443986e-10,2,18,-3.34699427608025213e-10,-3.34217300344925348e-10,-3.35314740555250543e-10,-3.35605613175443986e-10,-3.35145322128767673e-10,-3.35376255789839353e-10,-3.32885439651687716e-10,-3.34497198493454937e-10,9.07167337971031031e-13,2.42930090356282712e-12,1.81300618578523882e-12,2.49081613815163644e-12,19,4,1,5.76460752303767552e+17,21,2,1,5.76460752303767552e+17,16,7,2,3.32306998945331719e+35,5.64424686999999949e+02,0,2.42930090356282712e-12,nan,0.00000000000000000e+00
23,1,-2.65144681040738990e-10,1.00000000000000000e+00,2.68453631019360598e-10,2,18,-2.65167042215478080e-10,-2.68453631019360598e-10,-2.67546500867885904e-10,-2.65959985712801712e-10,-2.66168520566297769e-10,-2.66841851981123883e-10,-2.69197686870923042e-10,-2.65735538343740333e-10,3.30894997862160830e-12,1.65118600303713748e-12,4.05300583018405149e-12,3.46214852718270881e-12,19,4,1,5.76460752303767552e+17,21,2,1,5.76460752303767552e+17,16,7,2,3.32306998945331719e+35,5.73895900999999981e+02,0,1.65118600303713748e-12,nan,0.00000000000000000e+00
23,2,-2.10034075628539345e-10,1.00000000000000000e+00,2.11889220265664790e-10,2,18,-2.11889220265664790e-10,-2.09109320656408462e-10,-2.09767679426815995e-10,-2.09151730322124732e-10,-2.10528180413077821e-10,-2.09350932924793096e-10,-2.08582579882686384e-10,-2.09128837647336296e-10,1.85514463712544507e-12,1.36103985258696853e-12,1.45149574585296029e-12,1.94560053039143682e-12,19,4,1,5.76460752303767552e+17,21,2,1,5.76460752303767552e+17,16,7,2,3.32306998945331719e+35,5.75183924000000047e+02,0,1.36103985258696853e-12,nan,0.00000000000000000e+00
23,3,-1.66018188302162977e-10,1.00000000000000000e+00,1.67702562141127655e-10,2,18,-1.67702562141127655e-10,-1.64555453741398109e-10,-1.67043776190034930e-10,-1.62283587195848701e-10,-1.64195760361861863e-10,-1.64134313388413418e-10,-1.64687049328967815e-10,-1.69138707076741610e-10,3.73460110631427643e-12,6.85511988089290971e-12,3.12051877457863328e-12,5.00439368832819273e-12,19,4,1,5.76460752303767552e+17,21,2,1,5.76460752303767552e+17,16,7,2,3.32306998945331719e+35,5.84422666000000049e+02,0,6.85511988089290971e-12,nan,0.00000000000000000e+00
24,0,-1.31758450717368111e-10,1.00000000000000000e+00,1.34378482136347458e-10,2,18,-1.31026686419789662e-10,-1.30485643144475035e-10,-1.34378482136347458e-10,-1.31585096726797354e-10,-1.33807947076913540e-10,-1.29332854962891548e-10,-1.32296925848596112e-10,-1.30822107185281144e-10,2.62003141897934744e-12,2.78126065712387793e-12,2.42559575447656299e-12,4.47509211402199181e-12,19,4,1,5.76460752303767552e+17,21,2,1,5.76460752303767552e+17,16,7,2,3.32306998945331719e+35,5.92583868000000052e+02,0,2.78126065712387793e-12,nan,0.00000000000000000e+00
24,1,-1.03759218442041041e-10,1.00000000000000000e+00,1.04613844062787232e-10,2,18,-1.04613844062787232e-10,-1.00281652617854415e-10,-1.03401482894213561e-10,-1.04602942963275448e-10,-1.05192378171698297e-10,-1.05319019676064990e-10,-1.01411933005654193e-10,-1.03348377114165708e-10,3.47756582418662630e-12,5.03736705821057526e-12,2.34728543638684833e-12,3.90708667041079728e-12,19,4,1,5.76460752303767552e+17,21,2,1,5.76460752303767552e+17,16,7,2,3.32306998945331719e+35,5.51679033000000004e+02,0,5.03736705821057526e-12,nan,0.00000000000000000e+00
24,2,-8.17603859714650611e-11,1.00000000000000000e+00,8.60949497403603597e-11,2,18,-8.12472447038300463e-11,-8.10581330468637663e-11,-8.60949497403603597e-11,-8.03010750262070239e-11,-8.40260211934476149e-11,-8.10354890422054423e-11,-8.09012180693693616e-11,-7.86013182428552165e-11,4.33456376889529865e-12,5.19373167099099816e-12,3.15906772860984455e-12,5.42470295059239843e-12,19,4,1,5.76460752303767552e+17,21,2,1,5.76460752303767552e+17,16,7,2,3.32306998945331719e+35,5.80820114999999987e+02,0,5.19373167099099816e-12,nan,0.00000000000000000e+00
24,3,-6.48286203856087528e-11,1.00000000000000000e+00,6.37474525006778091e-11,2,18,-6.10187480272578508e-11,-6.37474525006778091e-11,-5.88263133769344595e-11,-6.10103715618007726e-11,-6.79679353432593159e-11,-6.17744946696651127e-11,-6.71642736428265288e-11,-6.36972111796907414e-11,6.00230700867429329e-12,8.33796026589206927e-12,3.13931495765056310e-12,6.19344067359420321e-12,19,4,1,5.76460752303767552e+17,21,2,1,5.76460752303767552e+17,16,7,2,3.32306998945331719e+35,6.46136408999999958e+02,0,8.33796026589206927e-12,nan,0.00000000000000000e+00
25,0,-5.02947662887000440e-11,1.00000000000000000e+00,5.30219482502286509e-11,2,18,-5.14427594698900559e-11,-4.88666307858035598e-11,-5.30219482502286509e-11,-4.74370422099482347e-11,-4.94269826777832639e-11,-5.11813339189157875e-11,-4.72482738209861832e-11,-4.97521441313588012e-11,2.85772407875180933e-12,5.77367442924246770e-12,3.04649246771386085e-12,3.93306009792960435e-12,19,4,1,5.76460752303767552e+17,21,2,1,5.76460752303767552e+17,16,7,2,3.32306998945331719e+35,5.84768271000000027e+02,0,5.77367442924246770e-12,nan,0.00000000000000000e+00
25,1,-3.85095850998205415e-11,1.00000000000000000e+00,4.06868818458335674e-11,2,18,-4.06868818458335674e-11,-3.90829850060460957e-11,-3.98920853298418484e-11,-3.78986343175264350e-11,-3.98144117490286751e-11,-4.01706982117300070e-11,-4.32637518585005672e-11,-4.17612374141049642e-11,2.17729674601302596e-12,3.86260309657852925e-12,4.75416675868002568e-12,3.44934010947189210e-12,19,4,1,5.76460752303767552e+17,21,2,1,5.76460752303767552e+17,16,7,2,3.32306998945331719e+35,5.96382526999999982e+02,0,3.86260309657852925e-12,nan,0.00000000000000000e+00
25,2,-2.97900914424671707e-11,1.00000000000000000e+00,3.22911499073488799e-11,2,18,-3.01481634813449416e-11,-3.13305952248393269e-11,-2.90000641032114979e-11,-3.22911499073488799e-11,-2.61115554477907868e-11,-3.01120535006375748e-11,-3.33531943160543014e-11,-2.73416548915863275e-11,2.50105846488170922e-12,4.94949501576255242e-12,3.67853599467638383e-12,7.24163886826351459e-12,19,4,1,5.76460752303767552e+17,21,2,1,5.76460752303767552e+17,16,7,2,3.32306998945331719e+35,6.16256484000000000e+02,0,4.94949501576255242e-12,nan,0.00000000000000000e+00
25,3,-2.30784425111845564e-11,1.00000000000000000e+00,2.72916005953761800e-11,2,18,-2.72916005953761800e-11,-2.33490579369931013e-11,-2.06869670125240918e-11,-2.28518888622956622e-11,-2.73396367290601891e-11,-2.48735125275256843e-11,-2.08083936380453100e-11,-2.69715407710452818e-11,4.21315808419162359e-12,4.11965190874961966e-12,4.26119421787563268e-12,6.53124309101487916e-12,19,4,1,5.76460752303767552e+17,21,2,1,5.76460752303767552e+17,16,7,2,3.32306998945331719e+35,6.07879172000000040e+02,0,4.11965190874961966e-12,nan,0.00000000000000000e+00
26,0,-1.95789780829813889e-11,1.00000000000000000e+00,2.34413799455299438e-11,2,18,-1.92132714621746000e-11,-2.34413799455299438e-11,-1.75661962323085844e-11,-1.87176012345801296e-11,-1.55205426105117837e-11,-2.03050049823990579e-11,-1.72127427118966355e-11,-1.97935749585568063e-11,3.86240186254855490e-12,3.69272885166281630e-12,4.05843547246960527e-12,4.78446237188727427e-12,19,4,1,5.76460752303767552e+17,21,2,1,5.76460752303767552e+17,16,7,2,3.32306998945331719e+35,5.91661500000000046e+02,0,3.69272885166281630e-12,nan,0.00000000000000000e+00
26,1,-1.51290943076883637e-11,1.00000000000000000e+00,2.09725358657262397e-11,2,18,-1.39707348513954009e-11,-2.09725358657262397e-11,-1.81593243110037279e-11,-1.46902531544977030e-11,-1.19619965836978508e-11,-1.41543563598980579e-11,-1.77080564399595431e-11,-1.35604919905782004e-11,5.84344155803787605e-12,6.81817950582818176e-12,3.16709772399051290e-12,5.74605985626169238e-12,19,4,1,5.76460752303767552e+17,21,2,1,5.76460752303767552e+17,16,7,2,3.32306998945331719e+35,6.02784912999999960e+02,0,6.81817950582818176e-12,nan,0.00000000000000000e+00
26,2,-1.20730457080376854e-11,1.00000000000000000e+00,1.56791976290313188e-11,2,18,-1.34588254794035922e-11,-1.05697084409801965e-11,-1.27518960207897536e-11,-1.56791976290313188e-11,-1.60392377856232679e-11,-5.97657468394956363e-12,-1.71812035454216304e-11,-2.31464469739771100e-12,3.60615192099363334e-12,1.33645529316336073e-11,9.75840101063997401e-12,1.48665588480239190e-11,19,4,1,5.76460752303767552e+17,21,2,1,5.76460752303767552e+17,16,7,2,3.32306998945331719e+35,5.97189430000000016e+02,0,1.33645529316336073e-11,nan,0.00000000000000000e+00
26,3,-9.73725335367849102e-12,1.00000000000000000e+00,1.20965412096288322e-11,2,18,-1.20965412096288322e-11,-4.18404083746656996e-12,-1.03847514559470475e-11,-8.56764408132880447e-12,-6.96233917260831624e-12,-1.55503632982296270e-11,-7.23065167863530879e-12,-7.79272541351470084e-12,5.55321251621192106e-12,1.13663224607630578e-11,5.81310994455113596e-12,8.58802412562131155e-12,19,4,1,5.76460752303767552e+17,21,2,1,5.76460752303767552e+17,16,7,2,3.32306998945331719e+35,6.14676825000000008e+02,0,1.13663224607630578e-11,nan,0.00000000000000000e+00
27,0,-7.25473541434380701e-12,1.00000000000000000e+00,9.56207943029472944e-12,2,18,-5.00447638458456481e-12,-9.56207943029472944e-12,-7.76018010183683676e-13,-5.67628913190757460e-12,-1.14064415667556549e-11,-1.19432272440148941e-11,-7.76946393836741090e-12,-8.77708161843888469e-12,6.47871740416012334e-12,6.99344592818372722e-12,4.68849182967108709e-12,4.17376330564748321e-12,19,4,1,5.76460752303767552e+17,21,2,1,5.76460752303767552e+17,16,7,2,3.32306998945331719e+35,5.90751320999999962e+02,0,6.99344592818372722e-12,nan,0.00000000000000000e+00
27,1,-5.77407012834402093e-12,1.00000000000000000e+00,1.02450474558715146e-11,2,18,-2.33845381815967373e-12,-3.53408273638496032e-12,-2.44417795907967706e-12,-1.02450474558715146e-11,-6.88312226387614132e-12,-7.41921683239940982e-12,-1.26232719478223349e-12,-1.31550256337560297e-11,4.47097732752749365e-12,4.54466844571646759e-12,7.38095550541200880e-12,1.18926984389737963e-11,19,4,1,5.76460752303767552e+17,21,2,1,5.76460752303767552e+17,16,7,2,3.32306998945331719e+35,5.97586308000000031e+02,0,4.54466844571646759e-12,nan,0.00000000000000000e+00
27,2,-5.47346023079693960e-12,1.00000000000000000e+00,1.59315110575251351e-11,2,18,-1.29860079559177288e-11,-8.24167847752643497e-12,-1.59315110575251351e-11,-5.25081155286874517e-12,-2.47052948728549656e-12,-1.17298332447784807e-11,-5.26973267007284045e-12,-2.90313120809809401e-12,1.04580508267281955e-11,1.06617783874522947e-11,6.25637301398154111e-12,9.25930375749298416e-12,19,4,1,5.76460752303767552e+17,21,2,1,5.76460752303767552e+17,16,7,2,3.32306998945331719e+35,6.59734398000000056e+02,0,1.06617783874522947e-11,nan,0.00000000000000000e+00
27,3,-4.16845603597238191e-12,1.00000000000000000e+00,3.79905180220707568e-12,2,18,-2.12233501608008694e-12,-2.72307713511052937e-12,-3.79905180220707568e-12,-1.08439065865487674e-12,-6.22870727244820119e-12,-6.85083093533660154e-12,-1.79857301897844726e-12,-4.99852209234168036e-12,3.08406537731750518e-12,4.12775380022607257e-12,2.68237489936421962e-12,5.05225791635815428e-12,19,4,1,5.76460752303767552e+17,21,2,1,5.76460752303767552e+17,16,7,2,3.32306998945331719e+35,5.96345998000000009e+02,0,4.12775380022607257e-12,nan,0.00000000000000000e+00
28,0,-4.19362116839603347e-12,1.00000000000000000e+00,1.07034552437622910e-11,2,18,-2.70705720475862706e-12,-1.84374508603890509e-12,-6.79689434929510380e-12,-1.07034552437622910e-11,-1.36754915609759993e-12,-3.52060417269296677e-12,-1.91170576307038719e-12,1.66067017507730052e-12,6.50983407536625751e-12,1.23641254188395909e-11,5.85429134347333419e-12,5.18127434777026749e-12,19,4,1,5.76460752303767552e+17,21,2,1,5.76460752303767552e+17,16,7,2,3.32306998945331719e+35,5.90605812000000014e+02,0,1.23641254188395909e-11,nan,0.00000000000000000e+00
28,1,-2.36879694441124347e-12,1.00000000000000000e+00,8.29002833756814084e-12,2,18,-5.10166538737259255e-12,-8.29002833756814084e-12,-7.30290771274711892e-13,-1.92939373576063492e-12,4.39627657268249111e-13,3.34042984915350025e-12,-6.54073764244330617e-12,-4.31801594200465021e-12,5.92123139315689696e-12,1.16304581867216403e-11,5.70922679356474331e-12,9.88116749159680561e-12,19,4,1,5.76460752303767552e+17,21,2,1,5.76460752303767552e+17,16,7,2,3.32306998945331719e+35,6.00705413000000021e+02,0,1.16304581867216403e-11,nan,0.00000000000000000e+00
28,2,-2.96663399000955302e-12,1.00000000000000000e+00,6.06156284906883243e-12,2,18,-1.56802447882287717e-12,-5.70612806113267543e-13,-2.52433832032197978e-12,-6.06156284906883243e-12,8.13780778918414818e-12,-1.94357101661252930e-12,6.84438581268930853e-12,-1.76249468378419218e-12,3.09492885905927941e-12,9.70583226800702495e-12,1.11044417791937008e-11,1.00813788057966783e-11,19,4,1,5.76460752303767552e+17,21,2,1,5.76460752303767552e+17,16,7,2,3.32306998945331719e+35,6.08954887999999983e+02,0,9.70583226800702495e-12,nan,0.00000000000000000e+00
28,3,-2.62588882496212252e-12,1.00000000000000000e+00,9.69920859579607893e-12,2,18,-4.44135116043415168e-12,-5.78292451263872839e-12,-9.69920859579607893e-12,1.82817473253965897e-13,-4.23046582305710083e-12,3.02524828340727560e-12,1.67161999241139892e-12,-7.55252580237599707e-12,7.07331977083395641e-12,1.13708285882074776e-11,5.65113710836939812e-12,1.05777740857832727e-11,19,4,1,5.76460752303767552e+17,21,2,1,5.76460752303767552e+17,16,7,2,3.32306998945331719e+35,6.07217807999999991e+02,0,1.13708285882074776e-11,nan,0.00000000000000000e+00
29,0,-2.64737289666452294e-12,1.00000000000000000e+00,5.71707796257556520e-12,2,18,-5.71707796257556520e-12,-4.86774020292903941e-13,-1.78026218507623154e-12,1.47891525856615359e-12,-3.68078227731628312e-12,-9.95983737651128745e-12,-1.74488646385051172e-12,-9.89791458088200701e-12,4.12628815523067653e-12,1.13768298394481602e-11,7.31246447984676492e-12,8.21495091266077634e-12,19,4,1,5.76460752303767552e+17,21,2,1,5.76460752303767552e+17,16,7,2,3.32306998945331719e+35,5.93816432999999961e+02,0,1.13768298394481602e-11,nan,0.00000000000000000e+00
29,1,-1.32563382632646799e-12,1.00000000000000000e+00,8.20524931689981125e-12,2,18,-3.16995814413002193e-12,-8.20524931689981125e-12,7.95633507941658304e-12,3.67440047144040438e-12,-4.95377036482511464e-12,-1.08485143908196776e-12,-5.53211292607804657e-12,3.03067090320010245e-13,9.28196890574305042e-12,1.34884480054946304e-11,4.20647909975157839e-12,5.83518001639805652e-12,19,4,1,5.76460752303767552e+17,21,2,1,5.76460752303767552e+17,16,7,2,3.32306998945331719e+35,5.99119182000000023e+02,0,1.34884480054946304e-11,nan,0.00000000000000000e+00
29,2,-1.64680747675865109e-12,1.00000000000000000e+00,4.64126446647123001e-12,2,18,3.17442489799963991e-12,1.46733800008341129e-12,-4.64126446647123001e-12,7.06767726623602492e-13,-6.55348352131631722e-12,-1.05550907000712829e-11,9.96834297224184987e-13,-3.20620187673035853e-12,4.82123237475829100e-12,1.20224287001546946e-11,8.90828322331263226e-12,1.15519249972954679e-11,19,4,1,5.76460752303767552e+17,21,2,1,5.76460752303767552e+17,16,7,2,3.32306998945331719e+35,5.98896376000000032e+02,0,1.20224287001546946e-11,nan,0.00000000000000000e+00
29,3,-2.32733198218160497e-12,1.00000000000000000e+00,1.23736827832714174e-11,2,18,4.47466582134118605e-13,-1.23736827832714174e-11,-6.23555462342530465e-13,-4.60447777997820124e-12,-7.39522513926977898e-12,-7.23341788184177894e-12,-9.93710196538503519e-13,1.29409699296585967e-11,1.00463508010898124e-11,1.75454477096367987e-11,1.52683019118402000e-11,2.03361950689283773e-11,19,4,1,5.76460752303767552e+17,21,2,1,5.76460752303767552e+17,16,7,2,3.32306998945331719e+35,6.14491805999999997e+02,0,1.75454477096367987e-11,nan,0.00000000000000000e+00
30,0,-3.38880644413659076e-12,1.00000000000000000e+00,8.68384414008682707e-12,2,18,3.42164982001868399e-12,7.43764161019054316e-12,-8.68384414008682707e-12,-5.20770398103496595e-12,6.10022394875123868e-12,8.46576188655077707e-12,-1.52409195554437142e-11,2.14045419589102134e-12,1.08264480543271331e-11,7.34815817692598648e-12,1.18545683306873670e-11,2.37066814419944912e-11,19,4,1,5.76460752303767552e+17,21,2,1,5.76460752303767552e+17,16,7,2,3.32306998945331719e+35,5.91749899000000028e+02,0,7.34815817692598648e-12,nan,0.00000000000000000e+00
30,1,-5.69514956742400764e-13,1.00000000000000000e+00,1.59080440821863215e-11,2,18,-3.21392463686408426e-12,-1.59080440821863215e-11,-5.68873706965928634e-12,7.21984547360497524e-12,2.55503653835463752e-12,6.36261289698309272e-12,1.22294705140545150e-11,-4.38523181216713546e-12,1.53385291254439201e-11,2.22706569791694134e-11,1.27989854707969164e-11,1.66147023262216496e-11,19,4,1,5.76460752303767552e+17,21,2,1,5.76460752303767552e+17,16,7,2,3.32306998945331719e+35,5.92431530999999950e+02,0,2.22706569791694134e-11,nan,0.00000000000000000e+00
30,2,-1.12126746936019825e-12,1.00000000000000000e+00,5.29947048980433264e-12,2,18,5.29947048980433264e-12,4.93288855456246610e-12,-2.44005434903736692e-12,4.17791806574824469e-12,8.36847452643364776e-12,-2.44010838652636971e-12,-2.59941562963857093e-12,5.31227009022129617e-12,6.42073795916453110e-12,7.37299694108883581e-12,9.48974199579384541e-12,1.09678901560722187e-11,19,4,1,5.76460752303767552e+17,21,2,1,5.76460752303767552e+17,16,7,2,3.32306998945331719e+35,5.92155088999999975e+02,0,7.37299694108883581e-12,nan,0.00000000000000000e+00
30,3,-2.38867451005516949e-12,1.00000000000000000e+00,1.76064876812324540e-11,2,18,-1.76064876812324540e-11,-3.60101499751970891e-12,-4.27815724907282873e-12,-3.74001786561592962e-12,-4.81815249538423106e-12,6.52239787109448304e-12,6.23978322927953455e-12,-4.58992082091932090e-12,1.52178131711772837e-11,1.27883351858482230e-11,8.91107238114965253e-12,1.13405503664787133e-11,19,4,1,5.76460752303767552e+17,21,2,1,5.76460752303767552e+17,16,7,2,3.32306998945331719e+35,5.79737568000000010e+02,0,1.27883351858482230e-11,nan,0.00000000000000000e+00
31,0,-1.93580399620950763e-12,1.00000000000000000e+00,1.22242989239386191e-11,2,18,4.24146771238666171e-12,1.22242989239386191e-11,3.09536415817829374e-13,6.65867169562129046e-12,-5.61335627265614586e-12,3.30935101440295970e-12,1.08819211498451181e-11,-1.88283973461869802e-12,1.41601029201481268e-11,1.05723847340272883e-11,1.28177251460546257e-11,1.64952774225012632e-11,19,4,1,5.76460752303767552e+17,21,2,1,5.76460752303767552e+17,16,7,2,3.32306998945331719e+35,6.01967424000000051e+02,0,1.05723847340272883e-11,nan,0.00000000000000000e+00
31,1,-7.95398658582419667e-13,1.00000000000000000e+00,1.29846234685587212e-11,2,18,-1.17503722643320058e-11,-2.60973423781819640e-13,1.29846234685587212e-11,5.65491332858647387e-12,-1.00671049947717612e-11,-7.09534463045188540e-12,-1.01856376256159479e-11,-9.70402934216496203e-12,1.37800221271411414e-11,2.31702610941746691e-11,9.39023896703352772e-12,3.09029299516406249e-12,19,4,1,5.76460752303767552e+17,21,2,1,5.76460752303767552e+17,16,7,2,3.32306998945331719e+35,6.15837514000000056e+02,0,2.31702610941746691e-11,nan,0.00000000000000000e+00
31,2,-3.18229596546972317e-13,1.00000000000000000e+00,4.82899606921386099e-12,2,18,-2.63941667177984664e-12,3.22009873064490754e-13,-3.93083241650797835e-12,-4.82899606921386099e-12,-1.03160031574608729e-11,5.14294566466765096e-12,-1.16014148490327366e-11,7.41027412908709461e-13,4.51076647266688837e-12,7.67658648568102549e-12,1.12831852524857640e-11,1.67443605137003875e-11,19,4,1,5.76460752303767552e+17,21,2,1,5.76460752303767552e+17,16,7,2,3.32306998945331719e+35,6.07324790000000007e+02,0,7.67658648568102549e-12,nan,0.00000000000000000e+00
31,3,1.70184471403568024e-12,1.00000000000000000e+00,1.23999777166315298e-11,2,18,-9.63854963653176748e-12,3.02306397585107688e-12,-1.32125042350055711e-12,-1.23999777166315298e-11,-6.74056206522022392e-12,1.22847193147181141e-11,2.64893860432109602e-11,-1.28279461548886159e-11,1.41018224306672094e-11,2.78106364667115165e-11,2.47875413291752789e-11,3.93173321980995761e-11,19,4,1,5.76460752303767552e+17,21,2,1,5.76460752303767552e+17,16,7,2,3.32306998945331719e+35,5.74217944999999986e+02,0,2.78106364667115165e-11,nan,0.00000000000000000e+00
32,0,5.76061881649163059e-14,1.00000000000000000e+00,1.72116577294572345e-11,2,18,-1.05013531684075055e-12,1.72116577294572345e-11,8.61556922306010533e-12,1.43616114413490292e-11,1.27431588952337083e-11,2.05198874711489519e-11,6.50367769672774811e-13,9.56034299273377221e-12,1.71540515412923195e-11,1.37932942120744589e-11,2.04622812829840368e-11,1.98695197014761771e-11,19,4,1,5.76460752303767552e+17,21,2,1,5.76460752303767552e+17,16,7,2,3.32306998945331719e+35,5.69487892999999985e+02,0,1.37932942120744589e-11,nan,0.00000000000000000e+00
32,1,7.93399774738469828e-12,1.00000000000000000e+00,5.58055456311308694e-12,2,18,1.57564505992193979e-12,5.58055456311308694e-12,1.40041547756729237e-12,-3.21360529390639205e-12,3.52496828677187214e-12,-6.91307068575579288e-12,-8.65645491667826612e-12,7.60112602443049390e-12,1.11476030412910895e-11,1.24936252488688798e-11,1.65904526640629644e-11,1.62575809411087600e-11,19,4,1,5.76460752303767552e+17,21,2,1,5.76460752303767552e+17,16,7,2,3.32306998945331719e+35,5.79863467000000014e+02,0,1.24936252488688798e-11,nan,0.00000000000000000e+00
32,2,3.16154370056299818e-12,1.00000000000000000e+00,2.35837622573992854e-11,2,18,-9.32729857173660813e-12,-3.90475660970718751e-12,-1.02805614413961988e-11,-2.35837622573992854e-11,6.58924837655526988e-12,9.83908573072009993e-13,1.42050210609464544e-11,5.22332841777790103e-12,2.67453059579622832e-11,2.88070906751771881e-11,1.10434773603834567e-11,1.32211124878744448e-11,19,4,1,5.76460752303767552e+17,21,2,1,5.76460752303767552e+17,16,7,2,3.32306998945331719e+35,6.01759779999999978e+02,0,2.88070906751771881e-11,nan,0.00000000000000000e+00
32,3,6.26978381493935537e-12,1.00000000000000000e+00,1.02405174210426555e-11,2,18,1.02405174210426555e-11,7.27698319033120516e-12,-1.26418110413540768e-12,-3.53642876540676457e-12,4.31203523170826124e-13,1.69079742252856349e-11,-7.81332278338692666e-13,3.36106769758897472e-12,9.80621258034611994e-12,9.80931389787183005e-12,1.06381904103462787e-11,1.76893065036243269e-11,19,4,1,5.76460752303767552e+17,21,2,1,5.76460752303767552e+17,16,7,2,3.32306998945331719e+35,5.78251602000000048e+02,0,9.80931389787183005e-12,nan,0.00000000000000000e+00
33,0,1.03669110538720552e-12,1.00000000000000000e+00,1.20261543895096673e-11,2,18,6.40677809382079281e-12,-3.29662057097264912e-12,1.20261543895096673e-11,-7.19108803808217509e-12,-2.15336422252455503e-12,-8.82848150823657100e-12,1.57534920878420769e-11,7.66757985326385421e-12,1.09894632841224614e-11,1.48586678913460277e-11,1.47168009824548726e-11,2.45819735960786495e-11,19,4,1,5.76460752303767552e+17,21,2,1,5.76460752303767552e+17,16,7,2,3.32306998945331719e+35,5.80003231000000028e+02,0,1.48586678913460277e-11,nan,0.00000000000000000e+00
33,1,7.59295995952678044e-12,1.00000000000000000e+00,2.15289590356944096e-11,2,18,2.05908285935429347e-11,2.15289590356944096e-11,-7.80604857938494040e-13,3.88799497797121410e-12,7.48197807560018587e-12,-3.11295553465184100e-12,2.18373652271317470e-11,1.30722838819070186e-11,1.39359990761676291e-11,2.46419145703462522e-11,1.42444052676049665e-11,2.49503207617835896e-11,19,4,1,5.76460752303767552e+17,21,2,1,5.76460752303767552e+17,16,7,2,3.32306998945331719e+35,5.82847922000000040e+02,0,2.46419145703462522e-11,nan,0.00000000000000000e+00
33,2,4.01562172120399263e-12,1.00000000000000000e+00,1.66033648074417918e-11,2,18,1.51010519241706194e-11,-1.10110739776752569e-11,-1.66033648074417918e-11,2.55360752070419930e-12,8.22112724571695063e-12,-9.40331945982885695e-12,5.20797857132420744e-12,6.90678135256116459e-12,2.06189865286457836e-11,2.18113433787659992e-11,1.34189411810328488e-11,1.76244467055458076e-11,19,4,1,5.76460752303767552e+17,21,2,1,5.76460752303767552e+17,16,7,2,3.32306998945331719e+35,5.83861882000000037e+02,0,2.18113433787659992e-11,nan,0.00000000000000000e+00
33,3,5.71310344512997852e-12,1.00000000000000000e+00,2.15848669998694571e-11,2,18,1.84836255147795651e-11,6.50377082643596771e-12,2.15848669998694571e-11,-5.26386543392445491e-13,2.02962578294793552e-11,1.84246366712810572e-12,-7.20377659558153871e-12,-5.64534890792778678e-12,1.58717635547394778e-11,2.87886435954509950e-11,1.45831543843493759e-11,2.75000344250608931e-11,19,4,1,5.76460752303767552e+17,21,2,1,5.76460752303767552e+17,16,7,2,3.32306998945331719e+35,6.51795918000000029e+02,0,2.87886435954509950e-11,nan,0.00000000000000000e+00
34,0,4.52159060980671393e-12,1.00000000000000000e+00,3.51615901392777617e-11,2,18,5.24176721232790099e-12,-7.42373031955186951e-12,3.51615901392777617e-11,2.10799849061999425e-12,3.60044399271797994e-13,5.97578177981319154e-12,-2.82121606962694950e-12,8.57185220143368952e-13,3.06399995294710494e-11,3.79828062089047080e-11,7.34280667943366344e-12,8.79699784944014105e-12,19,4,1,5.76460752303767552e+17,21,2,1,5.76460752303767552e+17,16,7,2,3.32306998945331719e+35,5.79867014000000040e+02,0,3.79828062089047080e-11,nan,0.00000000000000000e+00
34,1,5.93720044071359308e-13,1.00000000000000000e+00,1.70928051851706709e-11,2,18,1.70928051851706709e-11,1.22022983162300163e-11,9.71952013658415379e-12,1.52376351164058209e-11,2.41051139465746418e-12,-4.78016357619097382e-12,-4.57464270202487829e-12,1.69046691804242070e-12,1.64990851410993118e-11,1.69824618924209885e-11,5.37388362026233293e-12,7.19067497084843800e-12,19,4,1,5.76460752303767552e+17,21,2,1,5.76460752303767552e+17,16,7,2,3.32306998945331719e+35,5.84613095000000044e+02,0,1.69824618924209885e-11,nan,0.00000000000000000e+00
34,2,1.72743208588779695e-12,1.00000000000000000e+00,3.13290947464070046e-11,2,18,3.13290947464070046e-11,1.85681443989934781e-11,7.42408808040483106e-13,-2.29417932505602468e-11,6.38151564806319130e-12,1.55272376298358863e-11,3.24258195406667719e-12,8.65106769837037149e-12,2.96016626605192058e-11,3.15928609489306199e-11,1.37998055439480892e-11,1.22846556757692087e-11,19,4,1,5.76460752303767552e+17,21,2,1,5.76460752303767552e+17,16,7,2,3.32306998945331719e+35,6.00488722000000053e+02,0,3.15928609489306199e-11,nan,0.00000000000000000e+00
34,3,-2.64342998567595989e-12,1.00000000000000000e+00,2.27537100261897127e-11,2,18,-5.42823346638874667e-12,1.39336331157017371e-11,-1.61727057015123370e-11,-2.27537100261897127e-11,-8.91167591867548722e-12,1.87822459828215391e-11,-7.46401186708521691e-12,2.48088553423620270e-11,2.01102800405137512e-11,4.75625653685517397e-11,2.74522853280379885e-11,3.37205312610375126e-11,19,4,1,5.76460752303767552e+17,21,2,1,5.76460752303767552e+17,16,7,2,3.32306998945331719e+35,5.76612388000000010e+02,0,4.75625653685517397e-11,nan,0.00000000000000000e+00
35,0,3.75487852260519440e-12,1.00000000000000000e+00,2.73404727179191919e-11,2,18,-7.92515045051438423e-12,2.73404727179191919e-11,-2.48883727813081013e-12,-5.26332319730767944e-12,2.25109787292480187e-11,8.73354639729780816e-13,-4.93675181284252202e-12,-2.18550440245070331e-11,2.35855941953139983e-11,3.04361291797624013e-11,2.56099225471122267e-11,4.43660227537550486e-11,19,4,1,5.76460752303767552e+17,21,2,1,5.76460752303767552e+17,16,7,2,3.32306998945331719e+35,5.75745475000000056e+02,0,3.04361291797624013e-11,nan,0.00000000000000000e+00
35,1,1.01828479874637515e-11,1.00000000000000000e+00,1.23439460262913794e-11,2,18,-6.14757599983534669e-12,5.18991521037171944e-12,1.11185484700628377e-11,1.23439460262913794e-11,-1.02860309553214424e-11,4.18146013467369057e-13,-6.36305774779471353e-12,1.54675560209353763e-11,1.63304239872990966e-11,1.74816062178575504e-11,2.04688789427851939e-11,2.57535869762568187e-11,19,4,1,5.76460752303767552e+17,21,2,1,5.76460752303767552e+17,16,7,2,3.32306998945331719e+35,5.92849687000000017e+02,0,1.74816062178575504e-11,nan,0.00000000000000000e+00
35,2,7.74012749277307953e-12,1.00000000000000000e+00,3.90482436644705645e-11,2,18,3.79383236739926648e-11,-5.05805932683540066e-13,3.90482436644705645e-11,-9.35446640617222641e-12,-1.33463509550706976e-11,1.35338706267811880e-11,-2.54460429535173547e-11,-8.39855469202320885e-12,3.13081161716974833e-11,6.44942866179879224e-11,3.31861704462904326e-11,3.89799135802985411e-11,19,4,1,5.76460752303767552e+17,21,2,1,5.76460752303767552e+17,16,7,2,3.32306998945331719e+35,5.86081940000000031e+02,0,6.44942866179879224e-11,nan,0.00000000000000000e+00
35,3,7.27961080867438416e-12,1.00000000000000000e+00,1.65440088544349911e-11,2,18,-1.65440088544349911e-11,4.06708900614936409e-12,1.35178465605288959e-11,-7.96169200999088789e-12,-1.09107741031029260e-11,1.23120870229255855e-11,4.57430323201539981e-12,1.07266417500027059e-12,2.38236196631093736e-11,9.03435618499115768e-12,1.81903849117773102e-11,2.32228611260285099e-11,19,4,1,5.76460752303767552e+17,21,2,1,5.76460752303767552e+17,16,7,2,3.32306998945331719e+35,5.82142243000000008e+02,0,9.03435618499115768e-12,nan,0.00000000000000000e+00
36,0,-6.10299450544762431e-12,1.00000000000000000e+00,2.01332807150369185e-11,2,18,2.01332807150369185e-11,1.51873162021215436e-11,-9.76782429849381228e-12,-1.15869453240884701e-11,1.87422535375581357e-11,4.15526276425248571e-13,-1.42974142311044808e-11,8.65099666703278849e-12,2.62362752204845428e-11,2.02379419911212570e-11,2.48452480430057601e-11,3.30396677686626166e-11,19,4,1,5.76460752303767552e+17,21,2,1,5.76460752303767552e+17,16,7,2,3.32306998945331719e+35,5.78220489000000043e+02,0,2.02379419911212570e-11,nan,0.00000000000000000e+00
36,1,1.63160962724988036e-13,1.00000000000000000e+00,1.16101481545775520e-11,2,18,-8.77924537117461514e-12,2.15061158566952197e-12,-1.16101481545775520e-11,-1.14248744672787534e-11,4.75013494102439535e-13,-1.31906938075156936e-11,-2.00522072521755115e-12,-8.71387166561376961e-12,1.17733091173025399e-11,1.53413053931852139e-11,1.33538547702406815e-11,1.36657073016181333e-11,19,4,1,5.76460752303767552e+17,21,2,1,5.76460752303767552e+17,16,7,2,3.32306998945331719e+35,5.71032988000000046e+02,0,1.53413053931852139e-11,nan,0.00000000000000000e+00
36,2,-7.77841084282071090e-13,1.00000000000000000e+00,2.80596417825109635e-11,2,18,-9.19038683171138378e-12,-7.17865881321023689e-12,2.80596417825109635e-11,-1.27442841754448389e-11,1.00429160704718671e-12,-1.25529160158439931e-11,1.69071176517167502e-11,9.33965687972441947e-12,2.88374828667930331e-11,2.20839410551692600e-11,1.76849587359988197e-11,2.94600336675607400e-11,19,4,1,5.76460752303767552e+17,21,2,1,5.76460752303767552e+17,16,7,2,3.32306998945331719e+35,5.86825513000000001e+02,0,2.20839410551692600e-11,nan,0.00000000000000000e+00
36,3,-2.83675837806886793e-12,1.00000000000000000e+00,3.49096364603586671e-11,2,18,-6.32198103214429218e-12,1.73562603509916732e-12,-3.49096364603586671e-11,2.35824976945926897e-11,6.57900266043541178e-12,-5.06353672466167523e-13,3.81665203717272513e-13,3.61835222124339097e-11,3.20728780822898008e-11,3.52913016640759405e-11,3.90202805905027760e-11,3.66898758849000772e-11,19,4,1,5.76460752303767552e+17,21,2,1,5.76460752303767552e+17,16,7,2,3.32306998945331719e+35,5.83819748000000004e+02,0,3.52913016640759405e-11,nan,0.00000000000000000e+00
37,0,3.18971770963682231e-12,1.00000000000000000e+00,3.20838247216955984e-11,2,18,-2.04950274635299000e-11,-3.20838247216955984e-11,1.56389392944651879e-11,-1.81771450175738741e-11,5.05100760803017703e-11,-1.00652172217775966e-11,-2.73739304196377028e-11,-7.95714194184480905e-13,3.52735424313324199e-11,7.10051035438316702e-11,4.73203583706649488e-11,7.78840064999394763e-11,19,4,1,5.76460752303767552e+17,21,2,1,5.76460752303767552e+17,16,7,2,3.32306998945331719e+35,5.89037809000000038e+02,0,7.10051035438316702e-11,nan,0.00000000000000000e+00
37,1,-2.29476029602443142e-12,1.00000000000000000e+00,5.64193031632349713e-11,2,18,5.64193031632349713e-11,5.06898393603418135e-12,2.77111249857226983e-12,-3.18408102374695232e-11,-9.39766302001622741e-12,-2.50881389709261290e-11,1.34820377015536844e-11,7.32617892399138489e-12,5.87140634592593967e-11,6.58169661832511939e-11,2.27933786749016972e-11,3.85701766724798150e-11,19,4,1,5.76460752303767552e+17,21,2,1,5.76460752303767552e+17,16,7,2,3.32306998945331719e+35,5.85226868999999965e+02,0,6.58169661832511939e-11,nan,0.00000000000000000e+00
37,2,3.10764381502757482e-12,1.00000000000000000e+00,3.46138551596672805e-11,2,18,1.82139554881924619e-11,1.63583689634051461e-11,3.46138551596672805e-11,2.57663848743153965e-12,2.85667836042314093e-11,-5.58412434716147755e-12,-1.92621657655804457e-11,-3.01443659431849110e-11,3.15062113446397033e-11,5.38760209252477230e-11,3.32520097582124883e-11,5.87111495474163236e-11,19,4,1,5.76460752303767552e+17,21,2,1,5.76460752303767552e+17,16,7,2,3.32306998945331719e+35,5.92077249000000052e+02,0,5.38760209252477230e-11,nan,0.00000000000000000e+00
37,3,1.70640613999008061e-12,1.00000000000000000e+00,2.56826078851949325e-11,2,18,6.34386545606614953e-12,5.02459163017725179e-12,2.56826078851949325e-11,1.99292300104073157e-11,-5.84609415297559177e-12,-3.56813284484493814e-11,-5.21316408929445168e-11,-8.07970231968003285e-12,2.39762017452048507e-11,7.78142487781394494e-11,5.38380470329345987e-11,4.62855467399689218e-11,19,4,1,5.76460752303767552e+17,21,2,1,5.76460752303767552e+17,16,7,2,3.32306998945331719e+35,5.88555545000000052e+02,0,7.78142487781394494e-11,nan,0.00000000000000000e+00
38,0,-1.26017532756241114e-11,1.00000000000000000e+00,3.13588641733069389e-11,2,18,-3.13588641733069389e-11,-5.18593387657816015e-12,-1.19469798651791289e-11,1.01336973475197361e-11,-4.90739411769223381e-11,-1.77323637112387066e-11,6.47902288022968346e-12,-5.11947365941800853e-12,2.27354506231438491e-11,1.84260027454088140e-11,3.64721879012982251e-11,5.55529640571520248e-11,19,4,1,5.76460752303767552e+17,21,2,1,5.76460752303767552e+17,16,7,2,3.32306998945331719e+35,5.93674784000000045e+02,0,1.84260027454088140e-11,nan,0.00000000000000000e+00
38,1,3.04716956847811262e-12,1.00000000000000000e+00,2.57503633877039260e-11,2,18,2.47445225392533389e-11,-4.82784076048113141e-12,-2.57503633877039260e-11,7.82183963627215167e-12,-7.44403935060406912e-12,-4.34608454838390278e-11,-9.12883900937283071e-12,-8.85686763670968451e-12,2.87975329561820370e-11,3.86330047233578932e-11,4.65080150523171388e-11,3.60168061332349571e-11,19,4,1,5.76460752303767552e+17,21,2,1,5.76460752303767552e+17,16,7,2,3.32306998945331719e+35,5.83354245999999989e+02,0,3.86330047233578932e-11,nan,0.00000000000000000e+00
38,2,-2.27881349782619970e-12,1.00000000000000000e+00,3.93255681794848697e-11,2,18,-6.97699872760414867e-12,-1.36256929041836056e-12,-3.93255681794848697e-11,-2.17702200729425738e-11,-4.23393515992407837e-11,1.92063086057084695e-11,2.07479083718420874e-11,1.31333145223609583e-12,3.70467546816586671e-11,6.00734765513269635e-11,4.00605381014145812e-11,6.30872599710828712e-11,19,4,1,5.76460752303767552e+17,21,2,1,5.76460752303767552e+17,16,7,2,3.32306998945331719e+35,5.97374145999999996e+02,0,6.00734765513269635e-11,nan,0.00000000000000000e+00
38,3,3.57359345715141977e-12,1.00000000000000000e+00,4.34940834999869057e-11,2,18,-4.09821667677835324e-11,2.57607075036269428e-11,-1.06766236756092693e-11,-4.34940834999869057e-11,1.12981320559976847e-11,3.42853486233823945e-12,4.97045925919356371e-11,-1.51501914012595195e-12,4.70676769571383266e-11,6.03812162675449064e-11,4.61309991347842161e-11,5.12196117320615891e-11,19,4,1,5.76460752303767552e+17,21,2,1,5.76460752303767552e+17,16,7,2,3.32306998945331719e+35,5.98755151999999953e+02,0,6.03812162675449064e-11,nan,0.00000000000000000e+00
39,0,-3.44022292525150635e-13,1.00000000000000000e+00,3.47721807257227468e-11,2,18,-7.42920528575642051e-12,2.99838425997805753e-11,3.47721807257227468e-11,2.09199402538861817e-11,-1.53707778722182547e-12,-1.52810725311376534e-11,-7.18827123828582749e-11,-4.63335025741233435e-11,3.51162030182478978e-11,1.06654893108581015e-10,7.15386900903331239e-11,7.03456345956364430e-11,19,4,1,5.76460752303767552e+17,21,2,1,5.76460752303767552e+17,16,7,2,3.32306998945331719e+35,5.94034221000000002e+02,0,1.06654893108581015e-10,nan,0.00000000000000000e+00
39,1,2.57269306287751199e-12,1.00000000000000000e+00,2.03006925622067118e-11,2,18,1.82658823863256219e-11,-8.53349284171978177e-12,2.03006925622067118e-11,-1.25500764634357397e-11,5.41602339142372125e-13,4.74160526435797702e-13,-2.10319584555828442e-11,2.48808410317146506e-11,1.77279994993292002e-11,4.13326510177895528e-11,2.36046515184603558e-11,4.59127994872974948e-11,19,4,1,5.76460752303767552e+17,21,2,1,5.76460752303767552e+17,16,7,2,3.32306998945331719e+35,5.89652854000000048e+02,0,4.13326510177895528e-11,nan,0.00000000000000000e+00
39,2,-1.08378781819309581e-11,1.00000000000000000e+00,5.10277894237640273e-11,2,18,-5.10277894237640273e-11,-3.65571543013702017e-11,-1.24870905686114436e-11,3.74023203849403529e-12,-3.02405875174794349e-11,-4.42157016081247203e-11,2.65286558794467499e-11,-1.59228809322320302e-11,4.01899112418330692e-11,3.90157464480581967e-11,3.73665340613777048e-11,7.07443574875714734e-11,19,4,1,5.76460752303767552e+17,21,2,1,5.76460752303767552e+17,16,7,2,3.32306998945331719e+35,5.93047864000000004e+02,0,3.90157464480581967e-11,nan,0.00000000000000000e+00
39,3,2.09446176241651024e-12,1.00000000000000000e+00,6.92128657671717922e-11,2,18,-4.17912314032957770e-11,-1.43242302912745802e-11,-6.92128657671717922e-11,2.11531513022471776e-11,5.38845051515338661e-12,-3.64132804027384302e-12,1.24916248471968784e-11,1.42002322306853344e-11,7.13073275295882980e-11,8.17044906143686706e-11,1.21057704682688237e-11,1.78415602709591774e-11,19,4,1,5.76460752303767552e+17,21,2,1,5.76460752303767552e+17,16,7,2,3.32306998945331719e+35,5.86480633000000012e+02,0,8.17044906143686706e-11,nan,0.00000000000000000e+00
40,0,-1.88185425199306436e-12,1.00000000000000000e+00,4.45950778527757599e-11,2,18,4.45950778527757599e-11,-3.29828532760086228e-11,3.21799874788702414e-11,8.96895963781706057e-12,-6.50918360940758375e-11,8.60460591107947127e-12,3.47759005858509210e-11,2.56122733995637493e-11,4.64769321047688258e-11,1.09686913946851604e-10,6.32099818420827780e-11,9.98677366799267584e-11,19,4,1,5.76460752303767552e+17,21,2,1,5.76460752303767552e+17,16,7,2,3.32306998945331719e+35,6.02156834000000003e+02,0,1.09686913946851604e-10,nan,0.00000000000000000e+00
40,1,-8.31648385726804782e-12,1.00000000000000000e+00,1.08385891343485211e-10,2,18,-9.73691242408193734e-11,1.08385891343485211e-10,-3.20509904409843032e-11,6.52714724231651492e-12,4.42952294991345047e-11,2.70290845955751500e-11,-3.22701952414985576e-11,-8.25013785907824683e-12,1.16702375200753248e-10,1.41664353739953878e-10,5.26117133564025541e-11,7.65654247406330623e-11,19,4,1,5.76460752303767552e+17,21,2,1,5.76460752303767552e+17,16,7,2,3.32306998945331719e+35,6.11402104000000008e+02,0,1.41664353739953878e-10,nan,0.00000000000000000e+00
40,2,-6.26792995664854203e-12,1.00000000000000000e+00,6.46215379828115889e-11,2,18,2.97891074609979041e-12,-3.12788655605065123e-11,-6.46215379828115889e-11,1.61339672150374934e-11,1.19251504917199849e-11,3.25080650427449721e-11,2.60451423200850571e-11,9.47035474175410653e-12,5.83536080261630501e-11,9.06666803028966396e-11,3.87759949993935109e-11,2.30377103009908640e-11,19,4,1,5.76460752303767552e+17,21,2,1,5.76460752303767552e+17,16,7,2,3.32306998945331719e+35,5.79670377000000030e+02,0,9.06666803028966396e-11,nan,0.00000000000000000e+00
40,3,-7.63340157224750508e-12,1.00000000000000000e+00,5.87361142480216423e-11,2,18,-4.78365519079650801e-11,-2.49306346655587772e-11,-5.87361142480216423e-11,-3.26680385305233561e-12,3.82399311673797199e-11,-1.22265170544681423e-11,1.05636242720579157e-10,-4.75884064185211538e-11,5.11027126757741372e-11,1.64372356968600800e-10,1.13269644292826656e-10,1.53224649139100298e-10,19,4,1,5.76460752303767552e+17,21,2,1,5.76460752303767552e+17,16,7,2,3.32306998945331719e+35,6.23997208000000001e+02,0,1.64372356968600800e-10,nan,0.00000000000000000e+00
41,0,2.25918122597937051e-12,1.00000000000000000e+00,1.10987825772497228e-11,2,18,6.49240714040624472e-12,-1.10987825772497228e-11,-2.35048815248836058e-12,1.69849660254254251e-13,-2.04670480994480446e-12,-1.51789942983279584e-11,2.36001593541799871e-11,-2.11036329092048467e-11,1.33579638032290937e-11,2.59506475066683493e-11,2.33628141351842177e-11,4.47037922633848306e-11,19,4,1,5.76460752303767552e+17,21,2,1,5.76460752303767552e+17,16,7,2,3.32306998945331719e+35,6.06527593000000024e+02,0,2.59506475066683493e-11,nan,0.00000000000000000e+00
41,1,-1.19419727938198568e-11,1.00000000000000000e+00,3.81396810230451423e-11,2,18,-1.36976990651059271e-11,3.13183429190350072e-11,-2.24016113540883849e-11,-3.81396810230451423e-11,3.35620990122969978e-11,-1.06726849236063543e-11,3.13578797646322833e-11,3.35629072620186318e-11,4.32603157128548641e-11,7.17025882850637741e-11,4.55048800558384887e-11,4.42355921856249861e-11,19,4,1,5.76460752303767552e+17,21,2,1,5.76460752303767552e+17,16,7,2,3.32306998945331719e+35,6.04913748000000055e+02,0,7.17025882850637741e-11,nan,0.00000000000000000e+00
41,2,-1.55006939462264567e-11,1.00000000000000000e+00,1.13911755825516593e-10,2,18,-1.21943824526943213e-12,-2.13423481468714615e-11,5.01092476906441000e-11,-1.13911755825516593e-10,-9.74283956485739045e-11,-8.09440413679186599e-11,-2.36139448290400355e-11,-4.38517607648127233e-11,9.84110618792901327e-11,9.62089574033044789e-11,8.19277017023474446e-11,7.38144508195338690e-11,19,4,1,5.76460752303767552e+17,21,2,1,5.76460752303767552e+17,16,7,2,3.32306998945331719e+35,6.66875300000000038e+02,0,9.62089574033044789e-11,nan,0.00000000000000000e+00
41,3,-2.69828965960571129e-11,1.00000000000000000e+00,6.43333123668499082e-11,2,18,-5.29153667783033344e-11,-6.43333123668499082e-11,1.95141025903113035e-11,1.16901822076956480e-11,-5.14609976016545971e-11,-8.85331515464593394e-11,-6.73177163918907542e-11,7.53905882146030800e-11,4.64969991863684196e-11,8.68318189822020545e-11,1.02373484810660186e-10,1.63923739761062419e-10,19,4,1,5.76460752303767552e+17,21,2,1,5.76460752303767552e+17,16,7,2,3.32306998945331719e+35,6.32218140999999946e+02,0,8.68318189822020545e-11,nan,0.00000000000000000e+00
42,0,-1.43165304539790013e-11,1.00000000000000000e+00,1.17830934895524218e-10,2,18,-1.09158201094080217e-10,-4.83665899688439637e-11,6.37628719432212355e-11,-1.17830934895524218e-10,2.82295874435461511e-13,-2.24480860712183000e-11,-1.02911338720775091e-10,5.59135981744683015e-11,1.03514404441545220e-10,1.73744533069992520e-10,8.85948082667960926e-11,1.58824936895243392e-10,19,4,1,5.76460752303767552e+17,21,2,1,5.76460752303767552e+17,16,7,2,3.32306998945331719e+35,6.61669801000000007e+02,0,1.73744533069992520e-10,nan,0.00000000000000000e+00
42,1,-2.86375477786975050e-11,1.00000000000000000e+00,7.60557391516805058e-11,2,18,4.45815044542176101e-11,-4.41360271813687871e-11,-7.60557391516805058e-11,5.11730444740005881e-11,-2.17872095661634870e-11,2.72177753745456356e-11,-8.92067213173091022e-13,6.97468412496266528e-11,7.98105922526980931e-11,7.51636719385074212e-11,9.83843890283241578e-11,9.15340508157901462e-11,19,4,1,5.76460752303767552e+17,21,2,1,5.76460752303767552e+17,16,7,2,3.32306998945331719e+35,6.11147553000000016e+02,0,7.51636719385074212e-11,nan,0.00000000000000000e+00
42,2,-1.24773655920671049e-11,1.00000000000000000e+00,4.75064483858982937e-11,2,18,2.32327310638057332e-11,-4.75064483858982937e-11,1.02899414406798726e-11,2.45964203246670551e-11,-1.14278270072754982e-10,-2.81702493477153125e-11,8.73430330587406853e-11,-4.30698806710948701e-11,3.70737859167341600e-11,1.37511001136560722e-10,1.01800904480687881e-10,2.01621303131495668e-10,19,4,1,5.76460752303767552e+17,21,2,1,5.76460752303767552e+17,16,7,2,3.32306998945331719e+35,6.17873827000000006e+02,0,1.37511001136560722e-10,nan,0.00000000000000000e+00
42,3,-1.58544576706172879e-11,1.00000000000000000e+00,7.16915970207565961e-11,2,18,-6.99940078145040455e-11,1.97734471692323962e-11,-7.16915970207565961e-11,-2.83962602309297110e-11,-3.78477503017798285e-11,-3.09303151455600429e-11,7.00777729184984685e-11,-1.17374681296211657e-10,5.58371393501393049e-11,1.41769369939255065e-10,1.01520223625594366e-10,1.87452454214710125e-10,19,4,1,5.76460752303767552e+17,21,2,1,5.76460752303767552e+17,16,7,2,3.32306998945331719e+35,6.05155497999999966e+02,0,1.41769369939255065e-10,nan,0.00000000000000000e+00
43,0,6.48589552200120765e-12,1.00000000000000000e+00,1.28291485977599686e-10,2,18,-7.46797792063050770e-11,2.93372860362180541e-11,7.11034740217996415e-11,-1.28291485977599686e-10,6.72203649036548609e-11,6.27554472529227187e-12,1.41916479338424659e-11,3.85866660430923946e-11,1.34777381499600888e-10,1.66878152020692094e-10,6.07344693816536589e-11,6.09448201783625923e-11,19,4,1,5.76460752303767552e+17,21,2,1,5.76460752303767552e+17,16,7,2,3.32306998945331719e+35,5.96893919999999980e+02,0,1.66878152020692094e-10,nan,0.00000000000000000e+00
43,1,-7.81771476477352423e-12,1.00000000000000000e+00,1.58340149790496181e-10,2,18,-9.20817391467949313e-11,3.51374762473500652e-11,1.58340149790496181e-10,-4.35606933653470799e-11,2.39444762876194901e-11,-1.31497968059559513e-10,-6.74173781316019637e-11,7.16856219112019476e-11,1.66157864555269704e-10,2.25757527922098145e-10,1.23680253294785990e-10,2.03183589970761473e-10,19,4,1,5.76460752303767552e+17,21,2,1,5.76460752303767552e+17,16,7,2,3.32306998945331719e+35,5.96331373999999983e+02,0,2.25757527922098145e-10,nan,0.00000000000000000e+00
43,2,-6.84416216909298635e-12,1.00000000000000000e+00,1.18359328199731876e-10,2,18,-1.49623449107860271e-11,6.79205279554298066e-11,-1.18359328199731876e-10,4.10122344023073619e-13,1.37039694793641402e-10,-1.85974178264341217e-11,-6.77781051972578986e-12,9.64475468938209507e-11,1.11515166030638894e-10,1.52002039704427436e-10,1.43883856962734397e-10,1.55637112620075530e-10,19,4,1,5.76460752303767552e+17,21,2,1,5.76460752303767552e+17,16,7,2,3.32306998945331719e+35,6.28775363999999968e+02,0,1.52002039704427436e-10,nan,0.00000000000000000e+00
43,3,1.38655670513768241e-12,1.00000000000000000e+00,6.03485338211836339e-11,2,18,6.03485338211836339e-11,4.01991870646374925e-11,-2.52399250914373982e-11,-5.78156398168575181e-11,-1.00353512609897655e-10,-2.38014121630820008e-12,1.01656824862301205e-10,2.82337635476572681e-11,5.92021965219951957e-11,1.60702046431081276e-10,1.01740069315035339e-10,2.02010337472198860e-10,19,4,1,5.76460752303767552e+17,21,2,1,5.76460752303767552e+17,16,7,2,3.32306998945331719e+35,6.16461424999999963e+02,0,1.60702046431081276e-10,nan,0.00000000000000000e+00
44,0,4.38344446719038176e-11,1.00000000000000000e+00,1.26835312684591768e-10,2,18,-9.40367468451179091e-11,-7.22719139795602696e-11,1.40226201539043983e-11,1.26835312684591768e-10,3.64715190950824621e-11,1.27053715629653083e-10,1.03087534256540284e-10,-2.31085662799314232e-11,1.37871191517021727e-10,1.99325629609213353e-10,8.32192709577492659e-11,1.50162281909584494e-10,19,4,1,5.76460752303767552e+17,21,2,1,5.76460752303767552e+17,16,7,2,3.32306998945331719e+35,6.12481333999999947e+02,0,1.99325629609213353e-10,nan,0.00000000000000000e+00
44,1,2.46238953771829461e-12,1.00000000000000000e+00,8.67453774818154374e-11,2,18,-4.64825089632062937e-12,8.67453774818154374e-11,6.98711843972321621e-11,-5.72817368679533033e-11,-8.23927499274666617e-11,4.58349317047023847e-11,5.51273885945129485e-11,-9.41177019048911725e-11,8.42829879440971420e-11,7.77444990311460388e-11,9.65800914426094679e-11,1.49245090499404115e-10,19,4,1,5.76460752303767552e+17,21,2,1,5.76460752303767552e+17,16,7,2,3.32306998945331719e+35,6.17503766000000041e+02,0,7.77444990311460388e-11,nan,0.00000000000000000e+00
44,2,9.64835408155491937e-12,1.00000000000000000e+00,6.98015435939893243e-11,2,18,-6.98015435939893243e-11,7.98425839362052829e-12,5.59089577405661198e-11,-1.38319003207200510e-11,9.93030605767474213e-13,-6.94190415854194105e-11,-3.51944407054103538e-12,1.54569631558520792e-10,7.94498976755442469e-11,1.68401531879240846e-10,1.44921277476965869e-10,2.23988673143940202e-10,19,4,1,5.76460752303767552e+17,21,2,1,5.76460752303767552e+17,16,7,2,3.32306998945331719e+35,6.64771851999999967e+02,0,1.68401531879240846e-10,nan,0.00000000000000000e+00
44,3,5.61038539263768063e-12,1.00000000000000000e+00,1.79448139227457482e-10,2,18,1.04397636070625238e-10,1.37951458991972078e-11,1.08877505528425752e-10,1.79448139227457482e-10,-2.31995907427248780e-11,-5.93615322306873553e-11,5.34512059073414946e-11,-5.75768990445946217e-11,1.73837753834819812e-10,2.37025038272052103e-10,6.49719176233250375e-11,1.12812738138028850e-10,19,4,1,5.76460752303767552e+17,21,2,1,5.76460752303767552e+17,16,7,2,3.32306998945331719e+35,5.99811091000000033e+02,0,2.37025038272052103e-10,nan,0.00000000000000000e+00
45,0,-5.26455032717389794e-11,1.00000000000000000e+00,1.64374957915727695e-10,2,18,1.04517686775679999e-10,-1.64374957915727695e-10,-8.67095872904749970e-11,7.24290520115372028e-11,1.13773808943691599e-10,-2.22420782652452051e-11,1.01383565355277847e-10,-9.90557192930767559e-12,1.57163190047418978e-10,1.88093152645752844e-10,1.66419312215430579e-10,1.36015887208936798e-10,19,4,1,5.76460752303767552e+17,21,2,1,5.76460752303767552e+17,16,7,2,3.32306998945331719e+35,6.00679409999999962e+02,0,1.88093152645752844e-10,nan,0.00000000000000000e+00
45,1,2.63381897533947120e-14,1.00000000000000000e+00,1.40617470226647205e-10,2,18,-2.52445444947179392e-11,4.26893301064026181e-11,-1.21643949214998333e-10,1.40617470226647205e-10,1.12419187915380982e-11,5.52292021799823175e-12,1.00492871515808456e-10,3.11099658275338790e-11,1.40591132036893816e-10,2.22136820730806802e-10,1.00466533326055067e-10,9.49699512978102239e-11,19,4,1,5.76460752303767552e+17,21,2,1,5.76460752303767552e+17,16,7,2,3.32306998945331719e+35,5.97335047000000031e+02,0,2.22136820730806802e-10,nan,0.00000000000000000e+00
45,2,-3.73629601920010119e-11,1.00000000000000000e+00,1.47104262685316481e-10,2,18,2.81657177319249884e-11,-4.39855393650274484e-12,-8.70084751705045138e-11,1.47104262685316481e-10,-5.90312658934044746e-11,-3.51221956386987888e-10,-2.54250131596089742e-11,-3.29782591711119858e-11,1.84467222877317499e-10,3.46823402450485131e-10,3.13858996194986896e-10,3.25796943227378924e-10,19,4,1,5.76460752303767552e+17,21,2,1,5.76460752303767552e+17,16,7,2,3.32306998945331719e+35,6.11551363000000038e+02,0,3.46823402450485131e-10,nan,0.00000000000000000e+00
45,3,-5.16528442185320230e-12,1.00000000000000000e+00,1.09626154896140311e-10,2,18,3.58256807483968110e-11,-1.09626154896140311e-10,5.60817935741243460e-11,-1.57842193328603884e-11,-1.94208224929102243e-10,-5.53811471163964970e-11,3.10675130861787471e-11,1.72962040916749155e-14,1.04460870474287106e-10,2.30033905677499054e-10,1.89042940507249038e-10,2.25275738015281003e-10,19,4,1,5.76460752303767552e+17,21,2,1,5.76460752303767552e+17,16,7,2,3.32306998945331719e+35,5.99303126000000020e+02,0,2.30033905677499054e-10,nan,0.00000000000000000e+00
46,0,7.02878048345042332e-11,1.00000000000000000e+00,1.16720963852529723e-10,2,18,-1.16720963852529723e-10,5.03181291087509986e-11,-4.73030813530666792e-11,5.17939204773499411e-11,-1.79890811611654692e-10,5.23952940228580947e-12,6.02926578195296523e-11,-2.10364753256372645e-11,1.87008768687033956e-10,1.07595739172596325e-10,2.50178616446158926e-10,2.40183469431184332e-10,19,4,1,5.76460752303767552e+17,21,2,1,5.76460752303767552e+17,16,7,2,3.32306998945331719e+35,5.95853088999999954e+02,0,1.07595739172596325e-10,nan,0.00000000000000000e+00
46,1,3.38587382793411951e-11,1.00000000000000000e+00,3.99732275231766353e-11,2,18,1.29284742224405171e-12,-1.30032974090776455e-11,-2.61719112667833121e-11,-3.99732275231766353e-11,-6.45384576706850704e-11,-2.33412228840864447e-10,-3.70012929873337499e-11,6.12872036358009235e-11,7.38319658025178304e-11,2.20408931431786808e-10,2.67270967120205622e-10,2.94699432476665370e-10,19,4,1,5.76460752303767552e+17,21,2,1,5.76460752303767552e+17,16,7,2,3.32306998945331719e+35,5.97397179000000051e+02,0,2.20408931431786808e-10,nan,0.00000000000000000e+00
46,2,4.65804400024519485e-11,1.00000000000000000e+00,1.64913923600012749e-10,2,18,-2.41336779271230247e-11,7.43770881297290928e-11,1.64913923600012749e-10,1.35149957661691694e-10,4.02054034018513840e-11,5.79537683865446682e-11,3.70634819978824882e-11,1.40093696590363578e-10,1.18333483597560801e-10,1.27850441602130274e-10,9.35132565879116292e-11,1.03030214592481089e-10,19,4,1,5.76460752303767552e+17,21,2,1,5.76460752303767552e+17,16,7,2,3.32306998945331719e+35,6.01759290999999962e+02,0,1.27850441602130274e-10,nan,0.00000000000000000e+00
46,3,5.46383766397231498e-11,1.00000000000000000e+00,4.09207901100306065e-10,2,18,4.47737473792471718e-11,4.09207901100306065e-10,7.48559339153652377e-11,1.60992318688548539e-10,-3.21245752555471226e-11,-3.07152179125330469e-11,1.07999512783930070e-11,2.05982691339933109e-10,3.54569524460582908e-10,4.39923119012839099e-10,1.51344314700209952e-10,2.38107266595480218e-10,19,4,1,5.76460752303767552e+17,21,2,1,5.76460752303767552e+17,16,7,2,3.32306998945331719e+35,6.08595313000000033e+02,0,4.39923119012839099e-10,nan,0.00000000000000000e+00
47,0,6.20468187665548491e-12,1.00000000000000000e+00,1.80003179076848238e-10,2,18,-3.48480320594912263e-11,-1.80003179076848238e-10,-2.95866625890487206e-11,1.33744654989390737e-10,1.19347044514558951e-10,1.69572167580742938e-11,8.16432683989487197e-11,3.92287992564352711e-11,1.86207860953503734e-10,1.96960395834922518e-10,1.13142362637903468e-10,1.02389827756484657e-10,19,4,1,5.76460752303767552e+17,21,2,1,5.76460752303767552e+17,16,7,2,3.32306998945331719e+35,5.99274480000000040e+02,0,1.96960395834922518e-10,nan,0.00000000000000000e+00
47,1,1.75883944428542610e-11,1.00000000000000000e+00,9.80228131530999286e-11,2,18,-9.80228131530999286e-11,7.60139233609501224e-11,-9.41486665546136905e-12,-6.98631791339237705e-11,-1.77542898054943192e-10,5.50697582854179848e-11,-2.14566068689417191e-10,1.75902985570844933e-10,1.15611207595954196e-10,2.45766164704768691e-10,2.32154463132271446e-10,3.90469054260262124e-10,19,4,1,5.76460752303767552e+17,21,2,1,5.76460752303767552e+17,16,7,2,3.32306998945331719e+35,6.05785203000000024e+02,0,2.45766164704768691e-10,nan,0.00000000000000000e+00
47,2,-2.26511563537790466e-11,1.00000000000000000e+00,1.74830753650209037e-10,2,18,1.74830753650209037e-10,-1.51753723678952099e-10,2.92588696488971319e-11,9.65213495948592375e-11,1.70718347601055918e-10,2.19864387680227443e-11,-9.26245767990192914e-11,6.54603760155262802e-11,1.97481910003988074e-10,1.73740162446974840e-10,1.93369503954834954e-10,2.63342924400075209e-10,19,4,1,5.76460752303767552e+17,21,2,1,5.76460752303767552e+17,16,7,2,3.32306998945331719e+35,6.10502737000000025e+02,0,1.73740162446974840e-10,nan,0.00000000000000000e+00
47,3,-2.20591453731291222e-11,1.00000000000000000e+00,4.36126278276382918e-11,2,18,-2.76226835369673531e-11,-4.36126278276382918e-11,2.99085884983618975e-12,3.27222332683263216e-11,1.38412300474049422e-11,-5.29776700668767706e-11,3.18405607846176240e-11,1.24095652125398035e-10,5.47813786414554406e-11,9.13734188570717136e-11,1.46154797498527154e-10,1.77073322192274806e-10,19,4,1,5.76460752303767552e+17,21,2,1,5.76460752303767552e+17,16,7,2,3.32306998945331719e+35,6.09308407999999986e+02,0,9.13734188570717136e-11,nan,0.00000000000000000e+00
48,0,8.37408794945004059e-11,1.00000000000000000e+00,2.67269541302773810e-10,2,18,3.22800950756850620e-11,1.72909559522168345e-11,-1.12342010223742462e-10,2.67269541302773810e-10,-3.63046293297106165e-10,-1.12633704321612897e-10,-8.66022568018405810e-11,-1.21508661051913698e-10,1.96082889718242855e-10,3.95326388372791253e-10,4.46787172791606584e-10,2.76444036495265559e-10,19,4,1,5.76460752303767552e+17,21,2,1,5.76460752303767552e+17,16,7,2,3.32306998945331719e+35,6.01871256000000017e+02,0,3.95326388372791253e-10,nan,0.00000000000000000e+00
48,1,5.57316128634989445e-11,1.00000000000000000e+00,7.98640231171498534e-11,2,18,4.43645553794995001e-12,7.98640231171498534e-11,-3.73993513734487320e-11,-1.56989580197524147e-11,2.25409591377008195e-10,4.40449045130847125e-11,-1.72539434446981677e-10,-2.83070348781504745e-11,9.31309642369476764e-11,2.20973135839058248e-10,2.28271047310480609e-10,3.97949025823989872e-10,19,4,1,5.76460752303767552e+17,21,2,1,5.76460752303767552e+17,16,7,2,3.32306998945331719e+35,5.89275237999999945e+02,0,2.20973135839058248e-10,nan,0.00000000000000000e+00
48,2,7.42177246421072429e-11,1.00000000000000000e+00,1.42687708987233413e-10,2,18,-3.80789867518537029e-11,1.29485525424414952e-10,1.42687708987233413e-10,-6.58508523186442649e-11,4.15496022873789504e-11,1.28306055091480565e-10,-2.33281398321413939e-10,-1.91332595745589228e-10,1.40068576960751508e-10,3.75969107308647379e-10,3.07499122963521195e-10,3.61587453412894478e-10,19,4,1,5.76460752303767552e+17,21,2,1,5.76460752303767552e+17,16,7,2,3.32306998945331719e+35,6.15088959000000045e+02,0,3.75969107308647379e-10,nan,0.00000000000000000e+00
48,3,1.68408939170799863e-11,1.00000000000000000e+00,1.46761078687871437e-10,2,18,-1.46761078687871437e-10,-3.83796938977381217e-11,-3.35911041501681338e-11,-1.31803832131098345e-10,3.90965074742267093e-10,-1.65046149312756403e-10,2.91047215708313305e-11,-1.41919336083485934e-10,1.63601972604951416e-10,5.37726153430138477e-10,3.74124180825187113e-10,5.56011224055023495e-10,19,4,1,5.76460752303767552e+17,21,2,1,5.76460752303767552e+17,16,7,2,3.32306998945331719e+35,6.08159448999999995e+02,0,5.37726153430138477e-10,nan,0.00000000000000000e+00
49,0,-3.63836342516183504e-11,1.00000000000000000e+00,4.25487695839988486e-10,2,18,-4.25487695839988486e-10,-2.16899903901633793e-10,2.00659227980634851e-10,-2.09459620971284245e-10,6.24143576182975737e-11,5.88442232986842066e-11,1.51965723351344771e-10,-2.14196239768517171e-10,3.89104061588370123e-10,4.87902053458286086e-10,1.88349357602963108e-10,3.66161963119861968e-10,19,4,1,5.76460752303767552e+17,21,2,1,5.76460752303767552e+17,16,7,2,3.32306998945331719e+35,5.96355061999999975e+02,0,4.87902053458286086e-10,nan,0.00000000000000000e+00
49,1,3.21274936598156448e-12,1.00000000000000000e+00,3.74589640333809300e-10,2,18,-3.74589640333809300e-10,7.26195041566148116e-11,1.63197229323040175e-10,-9.22506975318787622e-11,-3.10279714195705960e-11,-2.35121791728239334e-11,1.44148690853444858e-10,-2.67507889776131735e-10,3.77802389699790849e-10,3.43561668914238691e-10,2.70720639142113284e-10,4.11656580629576593e-10,19,4,1,5.76460752303767552e+17,21,2,1,5.76460752303767552e+17,16,7,2,3.32306998945331719e+35,5.94449982999999975e+02,0,3.43561668914238691e-10,nan,0.00000000000000000e+00
49,2,-4.13737047156980054e-11,1.00000000000000000e+00,2.96280233287991573e-10,2,18,1.80202959115387680e-10,-2.96280233287991573e-10,7.34108324672380198e-11,-1.65156923153004234e-10,-1.25866766905689483e-11,9.48846660546295198e-11,-3.77158416678678528e-11,-2.00673595906084936e-10,2.54906528572293554e-10,3.91164899342621092e-10,1.59299891190386918e-10,2.95558261960714456e-10,19,4,1,5.76460752303767552e+17,21,2,1,5.76460752303767552e+17,16,7,2,3.32306998945331719e+35,6.08240968999999950e+02,0,3.91164899342621092e-10,nan,0.00000000000000000e+00
49,3,-1.05234846423319305e-11,1.00000000000000000e+00,4.23636175211574828e-10,2,18,4.23636175211574828e-10,8.47818478258198004e-11,-3.65190169377803108e-10,4.32389456561506513e-11,4.70421158509903726e-11,3.11937833676169221e-10,9.54139603890489382e-11,-2.45490872303915963e-10,4.34159659853906734e-10,4.60604129766852046e-10,3.22461318318501128e-10,5.57428705980085185e-10,19,4,1,5.76460752303767552e+17,21,2,1,5.76460752303767552e+17,16,7,2,3.32306998945331719e+35,6.14937942000000021e+02,0,4.60604129766852046e-10,nan,0.00000000000000000e+00
50,0,1.71817000029604033e-12,1.00000000000000000e+00,5.91963065376947235e-10,2,18,5.91963065376947235e-10,8.18099809807465522e-13,4.34703995909074150e-11,-3.47345494571860089e-10,1.70055852385968602e-11,-1.47338293271987605e-10,2.13544347077768227e-11,3.74694749611352953e-12,5.90244895376651222e-10,5.74957480138350394e-10,1.49056463272283644e-10,1.68692727979764434e-10,19,4,1,5.76460752303767552e+17,21,2,1,5.76460752303767552e+17,16,7,2,3.32306998945331719e+35,6.02235584000000017e+02,0,5.74957480138350394e-10,nan,0.00000000000000000e+00
50,1,5.51254901757406365e-11,1.00000000000000000e+00,2.37283376888134587e-10,2,18,-1.26205750146479481e-10,-8.10429216154196082e-11,-2.37283376888134587e-10,-2.96996734968093903e-11,1.91414056296686993e-10,1.72010409074540404e-10,3.43921502294794596e-10,-2.24441682766813803e-10,2.92408867063875223e-10,5.81204879182929234e-10,2.88796012119053959e-10,5.68363185061608424e-10,19,4,1,5.76460752303767552e+17,21,2,1,5.76460752303767552e+17,16,7,2,3.32306998945331719e+35,6.07328801999999996e+02,0,5.81204879182929234e-10,nan,0.00000000000000000e+00
50,2,2.18353661939269962e-13,1.00000000000000000e+00,4.89788889629515770e-10,2,18,-3.79154458553791170e-10,3.48906246575809580e-10,-4.89788889629515770e-10,-2.89608388476580131e-11,-1.12043490061844113e-10,-3.55745186568570749e-10,-1.15009329121017563e-10,1.46918308834432532e-10,4.90007243291455009e-10,7.04651433144380277e-10,3.55963540230510039e-10,5.02663495403003280e-10,19,4,1,5.76460752303767552e+17,21,2,1,5.76460752303767552e+17,16,7,2,3.32306998945331719e+35,6.10816458000000011e+02,0,7.04651433144380277e-10,nan,0.00000000000000000e+00
50,3,-1.50614221388036123e-11,1.00000000000000000e+00,4.12946702118800173e-10,2,18,3.79143709433804543e-11,-3.08506474558541272e-10,-6.48331978817577449e-11,4.12946702118800173e-10,-2.12569147172464884e-10,-1.23412588850752143e-10,-3.50227854097999038e-10,-1.73404911677207198e-10,4.28008124257603772e-10,5.86351613796007397e-10,3.35166431959195438e-10,2.26815265247246895e-10,19,4,1,5.76460752303767552e+17,21,2,1,5.76460752303767552e+17,16,7,2,3.32306998945331719e+35,6.05634964999999966e+02,0,5.86351613796007397e-10,nan,0.00000000000000000e+00
51,0,-1.36332356269603567e-13,1.00000000000000000e+00,3.03228689415578495e-10,2,18,-1.52711071214947315e-10,-3.03228689415578495e-10,-1.35597944315962500e-10,3.02030523458850180e-10,-2.03310875742477901e-10,-1.12336644180030533e-10,-3.66293705021491130e-10,-2.49841609141132449e-10,3.03092357059308870e-10,5.51872132599982577e-10,3.66157372665221505e-10,2.53957060841460597e-10,19,4,1,5.76460752303767552e+17,21,2,1,5.76460752303767552e+17,16,7,2,3.32306998945331719e+35,5.66124450000000024e+02,0,5.51872132599982577e-10,nan,0.00000000000000000e+00
51,1,-2.70390039289268885e-11,1.00000000000000000e+00,4.94673264666743795e-10,2,18,-2.05727991475972604e-10,-1.37683055616681185e-10,1.47629772157760542e-10,-4.94673264666743795e-10,-2.29197807852253260e-10,-4.02856594430168328e-10,3.83311505842825572e-11,-1.04301735658571236e-10,4.67634260737816900e-10,3.90371529008172560e-10,3.75817590501241433e-10,4.41187745014450885e-10,19,4,1,5.76460752303767552e+17,21,2,1,5.76460752303767552e+17,16,7,2,3.32306998945331719e+35,5.74115140999999994e+02,0,3.90371529008172560e-10,nan,0.00000000000000000e+00
51,2,-9.01372284215652847e-11,1.00000000000000000e+00,3.10402651551898156e-10,2,18,5.10978467631184279e-11,-3.10402651551898156e-10,1.54531182116546755e-10,-1.18940785542566672e-10,3.48858026601632663e-10,2.63397137164289842e-10,-1.77923885684879392e-10,-5.59464002032777312e-10,2.44668410538112053e-10,5.73799788716187998e-10,4.69326773611212015e-10,9.08322028634409975e-10,19,4,1,5.76460752303767552e+17,21,2,1,5.76460752303767552e+17,16,7,2,3.32306998945331719e+35,5.85968278000000055e+02,0,5.73799788716187998e-10,nan,0.00000000000000000e+00
51,3,-5.25491384665960808e-11,1.00000000000000000e+00,3.10022409598811834e-10,2,18,-3.10022409598811834e-10,1.46810520254039262e-10,8.42230578876394195e-11,-4.89820812897930351e-12,-4.51310279811923088e-10,-3.18011062436047822e-10,-2.58442842587608028e-10,2.67792793695778491e-11,2.57473271132215746e-10,4.64821582690087058e-10,3.98761141345327001e-10,4.78089559181500911e-10,19,4,1,5.76460752303767552e+17,21,2,1,5.76460752303767552e+17,16,7,2,3.32306998945331719e+35,7.05408506999999986e+02,0,4.64821582690087058e-10,nan,0.00000000000000000e+00
52,0,-1.02291914719118134e-10,1.00000000000000000e+00,3.47721734421039528e-10,2,18,8.42837942499753493e-11,1.27153544560243638e-10,-3.47721734421039528e-10,-1.01719220598883327e-10,6.34749911346741872e-11,-4.46418413602954621e-10,-7.43930253829885332e-10,6.29587844176198431e-11,2.45429819701921407e-10,5.73571958163198259e-10,6.41638339110767211e-10,8.07405244964559468e-10,19,4,1,5.76460752303767552e+17,21,2,1,5.76460752303767552e+17,16,7,2,3.32306998945331719e+35,5.94944785000000024e+02,0,5.73571958163198259e-10,nan,0.00000000000000000e+00
52,1,-1.03907816677893407e-10,1.00000000000000000e+00,5.24464803482970886e-10,2,18,5.92808411171240074e-11,9.11235332505454677e-11,5.24464803482970886e-10,1.97030636768963999e-10,1.77897659245056858e-11,3.02486581894111742e-10,3.30341288726278162e-10,-6.26427603215050178e-10,6.28372620160864254e-10,8.23458239984014202e-10,5.22519786537156809e-10,9.56768891941328391e-10,19,4,1,5.76460752303767552e+17,21,2,1,5.76460752303767552e+17,16,7,2,3.32306998945331719e+35,5.70845468999999980e+02,0,8.23458239984014202e-10,nan,0.00000000000000000e+00
52,2,-1.57559576461215408e-11,1.00000000000000000e+00,8.02923535117013677e-10,2,18,8.02923535117013677e-10,-1.02714110603301059e-10,-1.23984350611946884e-10,1.58318428223121656e-11,3.27261897750160500e-10,-6.58486787965320039e-11,-5.92412764310756342e-10,-7.59455858449083315e-12,8.18679492763135224e-10,4.75661637366853177e-10,5.76656806664634795e-10,9.19674662060916842e-10,19,4,1,5.76460752303767552e+17,21,2,1,5.76460752303767552e+17,16,7,2,3.32306998945331719e+35,5.97669645999999943e+02,0,4.75661637366853177e-10,nan,0.00000000000000000e+00
52,3,-7.50354616221861577e-11,1.00000000000000000e+00,7.25074994910479081e-10,2,18,3.18057313534669416e-10,2.26830575849642142e-10,3.53940376582445404e-10,7.25074994910479081e-10,2.10764022871537462e-10,-2.90087641226537116e-10,1.59646938545028261e-10,5.89505587847097293e-10,8.00110456532665277e-10,5.16918217076179207e-10,6.64541049469283490e-10,8.79593229073634409e-10,19,4,1,5.76460752303767552e+17,21,2,1,5.76460752303767552e+17,16,7,2,3.32306998945331719e+35,5.87687790999999947e+02,0,5.16918217076179207e-10,nan,0.00000000000000000e+00
53,0,-1.28467841622532857e-10,1.00000000000000000e+00,5.52019715547255243e-10,2,18,-3.00289123352161750e-11,-5.52019715547255243e-10,-2.27827059564421384e-10,-5.69419816209439475e-11,2.71155785734000229e-12,-5.32379336864895660e-10,4.23227461857162753e-10,-1.25906701204674763e-10,4.23551873924722412e-10,6.51054521421584137e-10,5.51695303479695635e-10,9.55606798722058464e-10,19,4,1,5.76460752303767552e+17,21,2,1,5.76460752303767552e+17,16,7,2,3.32306998945331719e+35,5.81649480000000040e+02,0,6.51054521421584137e-10,nan,0.00000000000000000e+00
53,1,2.12273329874903884e-11,1.00000000000000000e+00,7.07008430923272073e-10,2,18,-1.12844853465443078e-10,-2.99257510374259141e-10,7.07008430923272073e-10,-5.35870485173346989e-11,1.14724745635684809e-10,-3.43465282639093656e-10,-1.02670838703905923e-10,2.65358643541216546e-10,6.85781097935781662e-10,8.09679269627178009e-10,3.64692615626584067e-10,6.08823926180310202e-10,19,4,1,5.76460752303767552e+17,21,2,1,5.76460752303767552e+17,16,7,2,3.32306998945331719e+35,5.68026322000000050e+02,0,8.09679269627178009e-10,nan,0.00000000000000000e+00
53,2,-3.09594200109498585e-11,1.00000000000000000e+00,6.68835677152956752e-10,2,18,6.68835677152956752e-10,3.82985804622667155e-10,3.47398226814440642e-10,-8.58427050308256758e-11,1.66974212599695780e-10,-1.00171380680888988e-10,-2.78377102078449467e-10,-5.91860679411462536e-10,6.99795097163906623e-10,6.25775328892890058e-10,5.60901259400512664e-10,7.58834892011158368e-10,19,4,1,5.76460752303767552e+17,21,2,1,5.76460752303767552e+17,16,7,2,3.32306998945331719e+35,5.97958317999999963e+02,0,6.25775328892890058e-10,nan,0.00000000000000000e+00
53,3,-2.48825475585715470e-11,1.00000000000000000e+00,2.93428992523469232e-10,2,18,-1.94485487308472974e-10,-2.93428992523469232e-10,-2.24315333372621777e-10,-8.99713795994331442e-11,2.52329318249977784e-10,3.31998610734837997e-10,-5.42402178537787972e-10,-5.08247351381294182e-10,2.68546444964897662e-10,6.25427603258307281e-10,5.17519630979216402e-10,8.74400789272625970e-10,19,4,1,5.76460752303767552e+17,21,2,1,5.76460752303767552e+17,16,7,2,3.32306998945331719e+35,5.85880026000000043e+02,0,6.25427603258307281e-10,nan,0.00000000000000000e+00
54,0,-2.11117625655048317e-11,1.00000000000000000e+00,9.50828131399888888e-10,2,18,1.00038083598188956e-10,9.50828131399888888e-10,-1.62354215258377177e-10,-2.64749130039015930e-10,-1.26612559732059883e-10,-1.41648162794830234e-10,-5.90535170791995969e-10,-6.40630204641411696e-10,9.71939893965393823e-10,1.09247629419471907e-09,6.19518442075906864e-10,5.14017644909351762e-10,19,4,1,5.76460752303767552e+17,21,2,1,5.76460752303767552e+17,16,7,2,3.32306998945331719e+35,5.69526118999999994e+02,0,1.09247629419471907e-09,nan,0.00000000000000000e+00
54,1,1.12623357901878757e-10,1.00000000000000000e+00,7.35861154234073618e-10,2,18,1.82265324900674056e-10,3.70061667509986961e-10,7.35861154234073618e-10,-1.67573774015441281e-10,-3.58829789174321016e-10,-7.34081051562674909e-11,-3.34296911685955141e-10,6.43649593539139792e-11,6.23237796332194860e-10,1.07015806592002866e-09,4.71453147076199773e-10,4.23194748528234995e-10,19,4,1,5.76460752303767552e+17,21,2,1,5.76460752303767552e+17,16,7,2,3.32306998945331719e+35,5.74651107000000025e+02,0,1.07015806592002866e-09,nan,0.00000000000000000e+00
54,2,1.30745079483929116e-10,1.00000000000000000e+00,4.69260904455443935e-10,2,18,3.46453585067212119e-10,4.18478245383987813e-10,4.69260904455443935e-10,3.53758441325540290e-10,-3.47576447748353842e-10,9.08172452782694086e-11,-4.69036068970335535e-10,3.58018763465598937e-10,3.38515824971514793e-10,9.38296973425779573e-10,5.99781148454264676e-10,8.27054832435934471e-10,19,4,1,5.76460752303767552e+17,21,2,1,5.76460752303767552e+17,16,7,2,3.32306998945331719e+35,5.89451169000000050e+02,0,9.38296973425779573e-10,nan,0.00000000000000000e+00
54,3,2.38741233347050840e-10,1.00000000000000000e+00,1.09295916269216983e-09,2,18,-3.32814200647601259e-10,-4.96619069411707164e-11,-3.56136850713585038e-10,1.09295916269216983e-09,3.16540083017395404e-10,-7.81079912722751703e-11,-4.59732874750905322e-10,7.13647611593564913e-10,8.54217929345118994e-10,6.49354283664996663e-10,6.98474108097956162e-10,1.17338048634447034e-09,19,4,1,5.76460752303767552e+17,21,2,1,5.76460752303767552e+17,16,7,2,3.32306998945331719e+35,5.68909576000000015e+02,0,6.49354283664996663e-10,nan,0.00000000000000000e+00
55,0,1.25975285822808472e-10,1.00000000000000000e+00,7.58786444879830930e-10,2,18,-6.20830295477300777e-10,1.21586037755807382e-10,7.47044171934132219e-10,-7.58786444879830930e-10,2.32746767408440175e-10,-1.08589779906177542e-10,7.01685683737119777e-10,2.87434368185965450e-10,8.84761730702639376e-10,1.04622081306579628e-09,5.75710397914311332e-10,8.10275463643297319e-10,19,4,1,5.76460752303767552e+17,21,2,1,5.76460752303767552e+17,16,7,2,3.32306998945331719e+35,5.76411782000000017e+02,0,1.04622081306579628e-09,nan,0.00000000000000000e+00
55,1,1.40066096018890669e-10,1.00000000000000000e+00,5.68787130784832370e-10,2,18,5.29215295156766223e-10,3.63395027029785493e-10,5.68787130784832370e-10,1.47096389671627377e-10,-3.07259032329191198e-11,3.49847508493581329e-10,-2.55957158331526327e-10,9.41326507326465933e-11,4.28721034765941701e-10,8.24744289116358696e-10,3.96023254350416995e-10,6.05804666825107656e-10,19,4,1,5.76460752303767552e+17,21,2,1,5.76460752303767552e+17,16,7,2,3.32306998945331719e+35,5.94583540999999968e+02,0,8.24744289116358696e-10,nan,0.00000000000000000e+00
55,2,2.23161723550379743e-10,1.00000000000000000e+00,4.39543818738726036e-10,2,18,-4.39543818738726036e-10,3.25896107012204780e-10,3.52882742903099062e-10,1.24857671144252675e-10,-2.59831837035442172e-10,1.54023352254123944e-10,-1.39881128385868037e-10,1.85593938995448834e-10,6.62705542289105780e-10,4.92763871288967151e-10,4.82993560585821864e-10,4.45425776030890980e-10,19,4,1,5.76460752303767552e+17,21,2,1,5.76460752303767552e+17,16,7,2,3.32306998945331719e+35,5.93815053000000034e+02,0,4.92763871288967151e-10,nan,0.00000000000000000e+00
55,3,2.43996757004976829e-10,1.00000000000000000e+00,5.13928329235371621e-10,2,18,-3.06968022464320966e-10,3.99669510264632154e-10,-5.13928329235371621e-10,4.44981760025054402e-10,3.69911602767032691e-10,-1.14130724008786413e-09,-5.69724413877305592e-10,-8.47885776330960337e-10,7.57925086240348449e-10,1.54097675035249639e-09,1.38530399709284085e-09,1.51121884285489672e-09,19,4,1,5.76460752303767552e+17,21,2,1,5.76460752303767552e+17,16,7,2,3.32306998945331719e+35,5.98842087999999990e+02,0,1.54097675035249639e-09,nan,0.00000000000000000e+00
56,0,1.54724034022502840e-11,1.00000000000000000e+00,9.76997689888834872e-10,2,18,6.56470108667378824e-11,4.35108914086013436e-10,5.60879645910018823e-10,9.76997689888834872e-10,5.19485737192880265e-10,1.76968437621130316e-10,1.07385084252090652e-09,-1.76106684957060246e-10,9.61525286486584672e-10,1.15310437484589504e-09,1.05837843911865632e-09,1.24995752747796669e-09,19,4,1,5.76460752303767552e+17,21,2,1,5.76460752303767552e+17,16,7,2,3.32306998945331719e+35,5.84522821000000022e+02,0,1.15310437484589504e-09,nan,0.00000000000000000e+00
56,1,4.39408414867183390e-11,1.00000000000000000e+00,5.76090486922428141e-10,2,18,2.26891650255800991e-10,2.32447789098799505e-10,5.36270637130467036e-10,-5.76090486922428141e-10,-4.57748007748156626e-10,1.36568017776729793e-10,6.46065151976821693e-10,-1.21167440408801269e-10,6.20031328409146506e-10,6.84639658003957617e-10,6.02124310490103328e-10,1.10381315972497832e-09,19,4,1,5.76460752303767552e+17,21,2,1,5.76460752303767552e+17,16,7,2,3.32306998945331719e+35,5.89591852000000017e+02,0,6.84639658003957617e-10,nan,0.00000000000000000e+00
56,2,1.40275619272556649e-10,1.00000000000000000e+00,1.21126891167798716e-09,2,18,-7.90676131220929059e-10,1.21126891167798716e-09,8.44649689936013690e-10,1.41982401970775387e-10,3.33730711310150593e-10,7.94567075932437045e-10,-5.16326891883624946e-11,9.89672612379534339e-10,1.07099329240543048e-09,1.12440684253107965e-09,8.49396993106977664e-10,1.04130530156789681e-09,19,4,1,5.76460752303767552e+17,21,2,1,5.76460752303767552e+17,16,7,2,3.32306998945331719e+35,6.24598922000000016e+02,0,1.12440684253107965e-09,nan,0.00000000000000000e+00
56,3,2.90325957734957612e-11,1.00000000000000000e+00,5.04414322873269275e-10,2,18,5.04414322873269275e-10,-2.02313365869014414e-10,1.52245565026046195e-10,-4.86940457227920337e-10,-6.21493353294438203e-10,2.68145528626469789e-10,-1.37833999098402416e-09,-3.90470149302100317e-10,5.15973053001416134e-10,1.53058555601007039e-09,1.40737258675751986e-09,1.64648551961049395e-09,19,4,1,5.76460752303767552e+17,21,2,1,5.76460752303767552e+17,16,7,2,3.32306998945331719e+35,5.78987357999999972e+02,0,1.53058555601007039e-09,nan,0.00000000000000000e+00
57,0,3.70076417244344470e-10,1.00000000000000000e+00,1.47787857832733198e-09,2,18,1.39684119719875418e-10,1.47787857832733198e-09,6.48954451943095250e-11,1.16770117121159197e-09,-6.52163995027752387e-10,1.13398587178713275e-09,-1.58779841394017350e-10,-3.18513886718645780e-10,1.10780216108298740e-09,1.48621505793023775e-09,1.02224041227209675e-09,1.78614986681488513e-09,19,4,1,5.76460752303767552e+17,21,2,1,5.76460752303767552e+17,16,7,2,3.32306998945331719e+35,5.78676867000000016e+02,0,1.48621505793023775e-09,nan,0.00000000000000000e+00
57,1,-3.78988387364337731e-10,1.00000000000000000e+00,1.06989834931443032e-09,2,18,4.92388388536315028e-10,-1.06989834931443032e-09,4.32091169205278208e-10,5.30545913149061054e-10,-3.56019026764639989e-10,4.01990786116760060e-10,-1.88996834892209322e-09,-1.22160521086661546e-11,9.09534300513398733e-10,2.32205951812737153e-09,1.51097996155775554e-09,2.29195913503885307e-09,19,4,1,5.76460752303767552e+17,21,2,1,5.76460752303767552e+17,16,7,2,3.32306998945331719e+35,5.80282754999999952e+02,0,2.32205951812737153e-09,nan,0.00000000000000000e+00
57,2,-2.83712536838027909e-10,1.00000000000000000e+00,1.16230455211807000e-09,2,18,3.97872218499940743e-10,-1.16230455211807000e-09,5.36700377858712967e-10,3.79245911914924398e-10,-2.46824737988310505e-10,5.69299762272843812e-10,-7.84858776450087979e-10,5.44107999152385627e-11,8.78592015280042145e-10,1.73160431439091381e-09,8.53012299110871669e-10,1.35415853872293189e-09,19,4,1,5.76460752303767552e+17,21,2,1,5.76460752303767552e+17,16,7,2,3.32306998945331719e+35,5.83384784999999965e+02,0,1.73160431439091381e-09,nan,0.00000000000000000e+00
57,3,-5.87017646663081011e-10,1.00000000000000000e+00,2.40823739889625563e-09,2,18,1.45980602588920894e-09,-1.04769446633947845e-09,-2.40823739889625563e-09,4.45272605029053041e-10,5.44736090756551876e-10,-1.67778786952374484e-09,-1.17140280306671853e-09,-9.57204095938136868e-10,2.04682367255228996e-09,1.40247670096718991e-09,1.13175373741963289e-09,2.22252396028029651e-09,19,4,1,5.76460752303767552e+17,21,2,1,5.76460752303767552e+17,16,7,2,3.32306998945331719e+35,5.89358619999999974e+02,0,1.40247670096718991e-09,nan,0.00000000000000000e+00
58,0,-2.21919463557024046e-10,1.00000000000000000e+00,1.28659000934464511e-09,2,18,-1.88878914785139059e-10,-1.28659000934464511e-09,6.62598955528636824e-10,-5.64406258409648808e-10,-6.09353823682607495e-10,8.90151489635645440e-10,-9.92584199314196128e-10,-1.80630368923346967e-09,1.06467054578762117e-09,2.17674149898029034e-09,1.58438422567644552e-09,2.69645517886911511e-09,19,4,1,5.76460752303767552e+17,21,2,1,5.76460752303767552e+17,16,7,2,3.32306998945331719e+35,6.02610965999999962e+02,0,2.17674149898029034e-09,nan,0.00000000000000000e+00
58,1,-3.61898501429568947e-10,1.00000000000000000e+00,1.46481755156904081e-09,2,18,5.22954919773763761e-12,-1.30911246906541276e-09,-1.46481755156904081e-09,-5.89077799859736967e-10,-1.49467665543430760e-09,-1.68810263575494980e-09,-1.13627926447559858e-09,-2.00818155468530595e-10,1.10291905013947181e-09,1.49990620463204524e-09,1.32620413432538080e-09,1.48728448028641910e-09,19,4,1,5.76460752303767552e+17,21,2,1,5.76460752303767552e+17,16,7,2,3.32306998945331719e+35,6.58214088999999944e+02,0,1.49990620463204524e-09,nan,0.00000000000000000e+00
58,2,-1.11748392833601580e-10,1.00000000000000000e+00,1.99887670439682210e-09,2,18,1.99887670439682210e-09,-1.04679429786798683e-09,1.26176841657285203e-09,-3.23748403470188055e-10,1.96143306231924580e-10,6.45655216851591075e-10,-1.55185429712150442e-09,1.58038847774403301e-10,2.11062509723042381e-09,2.81362271369435646e-09,1.44010590428790292e-09,2.19750951397309560e-09,19,4,1,5.76460752303767552e+17,21,2,1,5.76460752303767552e+17,16,7,2,3.32306998945331719e+35,5.96322690999999963e+02,0,2.81362271369435646e-09,nan,0.00000000000000000e+00
58,3,8.81542961528103888e-12,1.00000000000000000e+00,9.48423225748683771e-10,2,18,-5.55088173511597087e-10,-3.94484104920865132e-10,-9.48423225748683771e-10,1.78783800480754630e-10,4.81531526381768984e-10,-1.89586600983996061e-09,-5.04379724920066937e-11,3.19540743599923013e-10,9.57238655363964847e-10,1.50138190491909548e-09,1.90468143945524148e-09,2.37739753622172959e-09,19,4,1,5.76460752303767552e+17,21,2,1,5.76460752303767552e+17,16,7,2,3.32306998945331719e+35,5.91614463999999998e+02,0,1.50138190491909548e-09,nan,0.00000000000000000e+00
59,0,1.60282273415425873e-10,1.00000000000000000e+00,1.16152099824833405e-09,2,18,-7.76457294375789627e-10,8.34127365794859400e-10,1.16152099824833405e-09,-1.08331043447214051e-09,-8.24210863282497253e-11,-1.19560664262559839e-10,-5.30652956246134517e-10,1.26225046166070993e-10,1.24359270788756633e-09,1.69217395449446846e-09,6.90935229661560442e-10,6.56878002412205484e-10,19,4,1,5.76460752303767552e+17,21,2,1,5.76460752303767552e+17,16,7,2,3.32306998945331719e+35,5.89319765999999959e+02,0,1.69217395449446846e-09,nan,0.00000000000000000e+00
59,1,-7.07220105649669428e-10,1.00000000000000000e+00,2.45146506627238354e-09,2,18,3.93659501153297509e-10,1.19723378999568722e-10,7.05939396347728927e-10,-2.45146506627238354e-09,7.16880454059270413e-10,7.53500265282774975e-10,-4.70631027541354620e-10,1.24339380006771130e-10,1.74424496062271411e-09,2.57580444627915457e-09,1.46072037093244440e-09,1.22413129282412960e-09,19,4,1,5.76460752303767552e+17,21,2,1,5.76460752303767552e+17,16,7,2,3.32306998945331719e+35,5.74812335999999959e+02,0,2.57580444627915457e-09,nan,0.00000000000000000e+00
59,2,-4.76429971611252448e-10,1.00000000000000000e+00,9.92579467444315085e-10,2,18,-3.10908691065446597e-11,9.92579467444315085e-10,1.89095179801458670e-10,1.70710156002178623e-12,7.83194063549827352e-10,-1.91096679931840884e-09,-1.51413961741505218e-09,-1.62269882492910672e-09,1.46900943905556743e-09,2.90354626676272414e-09,1.43453682770715629e-09,2.69416086286823620e-09,19,4,1,5.76460752303767552e+17,21,2,1,5.76460752303767552e+17,16,7,2,3.32306998945331719e+35,5.93457807000000003e+02,0,2.90354626676272414e-09,nan,0.00000000000000000e+00
59,3,-8.50517850892319341e-10,1.00000000000000000e+00,3.61297715623908917e-09,2,18,-5.60461122153047087e-10,-6.28711345665844502e-10,-3.61297715623908917e-09,-1.17164055497625598e-09,-3.54201901354522008e-09,1.95607015509801596e-10,1.76490468763971620e-10,-1.73416697356827846e-09,2.76245930534676993e-09,3.78946762500306120e-09,2.69150116265290084e-09,3.73762602905502178e-09,19,4,1,5.76460752303767552e+17,21,2,1,5.76460752303767552e+17,16,7,2,3.32306998945331719e+35,6.03001550999999949e+02,0,3.78946762500306120e-09,nan,0.00000000000000000e+00
60,0,-7.25784660770325622e-10,1.00000000000000000e+00,2.76601935745635383e-09,2,18,-2.76601935745635383e-09,-1.94571941462915690e-09,-9.39819188920709706e-11,-2.22387572093907699e-09,-4.13254969784900633e-10,2.17051963111676277e-09,-7.35191613544712072e-10,3.06073042676155987e-10,2.04023469668602820e-09,4.11623904574591966e-09,2.89630429188708839e-09,2.90571124466147504e-09,19,4,1,5.76460752303767552e+17,21,2,1,5.76460752303767552e+17,16,7,2,3.32306998945331719e+35,5.71647615999999971e+02,0,4.11623904574591966e-09,nan,0.00000000000000000e+00
60,1,-2.09417941429179694e-10,1.00000000000000000e+00,1.90449690485217988e-09,2,18,-1.57097915589742370e-09,-1.90449690485217988e-09,6.40794547994011968e-10,-1.48605105648355680e-09,-1.94786400288591442e-09,1.20966044107611921e-10,-4.12345033903751635e-11,-2.55421357921344847e-10,1.69507896342300016e-09,2.02546294895979170e-09,1.73844606145673470e-09,2.06883004699352624e-09,19,4,1,5.76460752303767552e+17,21,2,1,5.76460752303767552e+17,16,7,2,3.32306998945331719e+35,5.85194899999999961e+02,0,2.02546294895979170e-09,nan,0.00000000000000000e+00
60,2,-7.96029805864023496e-11,1.00000000000000000e+00,1.24994551143620047e-09,2,18,4.11591980044198383e-11,2.90688219500066500e-10,-8.37013336612399031e-10,-1.24994551143620047e-09,-1.05021292388964221e-10,-1.96484190595363070e-10,3.77330010737657928e-10,5.58588977843344346e-10,1.17034253084979802e-09,1.80853448927954482e-09,6.38191958429746696e-10,7.55073168438707364e-10,19,4,1,5.76460752303767552e+17,21,2,1,5.76460752303767552e+17,16,7,2,3.32306998945331719e+35,5.76441640000000007e+02,0,1.80853448927954482e-09,nan,0.00000000000000000e+00
60,3,-1.55103503084545599e-11,1.00000000000000000e+00,1.70257805700884270e-09,2,18,-1.70257805700884270e-09,-7.06421488981937066e-11,-5.64526760628077469e-10,-5.34978182426159517e-10,-1.37773995845089592e-09,-2.14412699309897938e-09,-1.74799474980243550e-09,1.74766710890459984e-09,1.68706770670038810e-09,2.28264529133075915e-09,2.12861664279052478e-09,3.89179410200357943e-09,19,4,1,5.76460752303767552e+17,21,2,1,5.76460752303767552e+17,16,7,2,3.32306998945331719e+35,5.87847740000000044e+02,0,2.28264529133075915e-09,nan,0.00000000000000000e+00
61,0,-4.24599055061526770e-10,1.00000000000000000e+00,2.02044964719677742e-09,2,18,1.65692881423455806e-09,-2.02044964719677742e-09,1.43224538921768239e-09,-6.96455153115445906e-10,-7.75792732570183161e-10,1.52182486617310722e-09,4.16290996100676719e-09,-2.41219584916798361e-09,2.08152786929608478e-09,3.54227451336988464e-09,4.58750901606829370e-09,6.57510581017475080e-09,19,4,1,5.76460752303767552e+17,21,2,1,5.76460752303767552e+17,16,7,2,3.32306998945331719e+35,5.59108308999999963e+02,0,3.54227451336988464e-09,nan,0.00000000000000000e+00
61,1,2.81434583280072492e-10,1.00000000000000000e+00,1.82027778684482391e-09,2,18,-1.82027778684482391e-09,-5.64206856883313248e-10,-1.64937378280298500e-10,-1.37458425285415644e-09,-2.02458652056859666e-09,-1.14811924389502961e-09,-1.31104693488339280e-09,7.26689825474092308e-10,2.10171237012489619e-09,2.10127407832824865e-09,2.30602110384866894e-09,2.75127634604268907e-09,19,4,1,5.76460752303767552e+17,21,2,1,5.76460752303767552e+17,16,7,2,3.32306998945331719e+35,5.79504294999999956e+02,0,2.10127407832824865e-09,nan,0.00000000000000000e+00
61,2,1.39354376932001697e-10,1.00000000000000000e+00,3.24515315767670207e-09,2,18,-9.95950858594826484e-10,-8.69292113722734096e-10,-3.24515315767670207e-09,1.05856027489001848e-09,-3.69935620908366276e-09,-9.94488684726152532e-10,9.17923403545650055e-11,-9.54031151563238406e-10,3.38450753460870367e-09,3.33694549803126708e-09,3.83871058601566477e-09,3.79114854943822777e-09,19,4,1,5.76460752303767552e+17,21,2,1,5.76460752303767552e+17,16,7,2,3.32306998945331719e+35,5.80460165999999958e+02,0,3.33694549803126708e-09,nan,0.00000000000000000e+00
61,3,1.07546758401315006e-10,1.00000000000000000e+00,1.70245325074929561e-09,2,18,1.70245325074929561e-09,-1.58619087568120531e-10,1.00520769587236314e-09,-1.30004801030742674e-09,2.85678374550012495e-10,-1.30708521235119911e-09,1.72086334567208539e-10,-2.64524606017529835e-10,1.59490649234798061e-09,1.41677487619928302e-09,1.41463197075251411e-09,1.59276358690121170e-09,19,4,1,5.76460752303767552e+17,21,2,1,5.76460752303767552e+17,16,7,2,3.32306998945331719e+35,5.98318960999999945e+02,0,1.41677487619928302e-09,nan,0.00000000000000000e+00
62,0,5.75782718850568504e-10,1.00000000000000000e+00,3.95541919949470941e-09,2,18,3.95541919949470941e-09,-2.41130398771181114e-09,-3.66733601993411209e-09,8.13115665850454584e-10,1.18041309896629950e-09,2.57782796766991600e-09,-1.40499582547581654e-09,6.22907906548282288e-10,4.24311873878468091e-09,4.98913195538172714e-09,2.00204524881934760e-09,3.98282379314573254e-09,19,4,1,5.76460752303767552e+17,21,2,1,5.76460752303767552e+17,16,7,2,3.32306998945331719e+35,5.80437073000000055e+02,0,4.98913195538172714e-09,nan,0.00000000000000000e+00
62,1,-2.28777761691318967e-10,1.00000000000000000e+00,2.92517813346977097e-09,2,18,-1.59747936826586117e-10,2.14057297045394594e-09,-6.68096698571852697e-10,2.92517813346977097e-09,2.62424738259872792e-10,9.83427438013775728e-10,3.18793435117483419e-10,-6.59590363345638327e-10,3.15395589516108986e-09,3.58476849681540940e-09,1.21220519970509462e-09,1.64301780135941395e-09,19,4,1,5.76460752303767552e+17,21,2,1,5.76460752303767552e+17,16,7,2,3.32306998945331719e+35,5.79161751999999979e+02,0,3.58476849681540940e-09,nan,0.00000000000000000e+00
62,2,2.11256501043114404e-10,1.00000000000000000e+00,9.42898476550629106e-10,2,18,-1.56128200984617875e-10,2.67247074083488204e-11,-1.74463540887359617e-10,9.42898476550629106e-10,-1.27317019903467394e-10,-4.77697913450150597e-09,2.92492407657155851e-10,-1.04436152708747131e-09,7.31641975507514677e-10,4.80370384190985458e-09,4.98823563554462050e-09,5.06947154215866151e-09,19,4,1,5.76460752303767552e+17,21,2,1,5.76460752303767552e+17,16,7,2,3.32306998945331719e+35,5.85659773999999970e+02,0,4.80370384190985458e-09,nan,0.00000000000000000e+00
62,3,-4.28183127244804429e-10,1.00000000000000000e+00,3.67256282341716390e-09,2,18,-3.01156505242490628e-09,3.67256282341716390e-09,1.19210901606437898e-09,-1.85421545483839988e-10,2.63413113976867769e-09,-5.35480767692717214e-09,4.90486614707965896e-10,-9.50529127964277986e-10,4.10074595066196853e-09,9.02737050034433645e-09,4.92662454968236791e-09,7.98893881669584983e-09,19,4,1,5.76460752303767552e+17,21,2,1,5.76460752303767552e+17,16,7,2,3.32306998945331719e+35,5.76941365000000019e+02,0,9.02737050034433645e-09,nan,0.00000000000000000e+00
63,0,-1.40863571532270476e-10,1.00000000000000000e+00,1.26332863996625078e-09,2,18,5.50739884915148337e-10,-1.18745128912103936e-09,-9.37132331953362292e-10,-1.26332863996625078e-09,2.37848934067905994e-09,-1.35773539860431892e-09,4.63066135378040630e-09,-4.48544153835643390e-10,1.12246506843398033e-09,5.56779368573376839e-09,4.77152492531267675e-09,5.98839675238472564e-09,19,4,1,5.76460752303767552e+17,21,2,1,5.76460752303767552e+17,16,7,2,3.32306998945331719e+35,5.81777959000000010e+02,0,5.56779368573376839e-09,nan,0.00000000000000000e+00
63,1,7.99178433398004408e-11,1.00000000000000000e+00,2.62005516946869604e-09,2,18,-5.13840170936221307e-10,-2.62005516946869604e-09,5.24751479988804574e-10,-9.14311672403408026e-10,2.05653524484887765e-09,-2.29557606650639577e-09,-2.17347148904653844e-10,3.21329590646367657e-09,2.69997301280849666e-09,4.12760757886708428e-09,3.13337806312387595e-09,5.50887197297007234e-09,19,4,1,5.76460752303767552e+17,21,2,1,5.76460752303767552e+17,16,7,2,3.32306998945331719e+35,5.71799021000000039e+02,0,4.12760757886708428e-09,nan,0.00000000000000000e+00
63,2,-4.58567098514049625e-11,1.00000000000000000e+00,8.49402794577632403e-10,2,18,-3.20106354261103382e-10,5.11058525914839254e-10,-8.49402794577632403e-10,6.80021471133217409e-10,-1.55118026463665994e-09,-3.70811983229324004e-09,3.95071195580604700e-09,-1.48364508718007903e-10,8.03546084726227427e-10,4.80011475038367961e-09,3.99656866565745197e-09,7.65883178809928663e-09,19,4,1,5.76460752303767552e+17,21,2,1,5.76460752303767552e+17,16,7,2,3.32306998945331719e+35,5.94578772999999956e+02,0,4.80011475038367961e-09,nan,0.00000000000000000e+00
63,3,-5.17265615822168231e-11,1.00000000000000000e+00,7.20566813905048721e-09,2,18,7.20566813905048721e-09,-2.59966791736638247e-09,-3.29529064920263997e-10,-1.90214942669024465e-09,-1.43093588616001244e-09,1.17502981243833034e-10,-4.21076754787427277e-10,2.73075916740971908e-09,7.25739470063270399e-09,8.63660402521049904e-09,2.78248572899193585e-09,4.16169505356973173e-09,19,4,1,5.76460752303767552e+17,21,2,1,5.76460752303767552e+17,16,7,2,3.32306998945331719e+35,5.91267807999999945e+02,0,8.63660402521049904e-09,nan,0.00000000000000000e+00
64,0,-1.44783679886154290e-09,1.00000000000000000e+00,3.61417399081832433e-09,2,18,-1.05799492550464004e-09,-1.04366669385769256e-09,-2.04110419537822263e-09,3.61417399081832433e-09,-4.45825182262832651e-09,2.06264956128417454e-09,1.79609013157932820e-09,-5.94501295469126017e-09,5.06201078967986743e-09,9.55918694550958450e-09,4.49717615582971707e-09,8.00766251597543471e-09,19,4,1,5.76460752303767552e+17,21,2,1,5.76460752303767552e+17,16,7,2,3.32306998945331719e+35,5.62099436999999966e+02,0,9.55918694550958450e-09,nan,0.00000000000000000e+00
64,1,5.53545490537489540e-10,1.00000000000000000e+00,5.29926191477155806e-09,2,18,3.51219025012287326e-09,5.29926191477155806e-09,2.00561031069594800e-09,2.07498167847405840e-10,-2.32208141782962327e-09,2.26319712689726500e-11,-2.45652643270948595e-09,-5.55623377357297274e-10,4.74571642423406810e-09,5.83427166795249694e-09,3.01007192324697549e-09,2.47915840397845860e-09,19,4,1,5.76460752303767552e+17,21,2,1,5.76460752303767552e+17,16,7,2,3.32306998945331719e+35,5.71568469000000050e+02,0,5.83427166795249694e-09,nan,0.00000000000000000e+00
64,2,-4.47027857731872814e-10,1.00000000000000000e+00,5.91045885941082672e-09,2,18,-5.91045885941082672e-09,-5.05122290058923130e-09,-2.93561144810015225e-10,-2.06475649888610942e-09,-1.22545119887435971e-09,3.20652877369612648e-09,2.72216758102258166e-09,-3.32040704130670607e-09,5.46343100167895406e-09,8.25775167428535737e-09,3.65355663142799914e-09,6.52693581500283255e-09,19,4,1,5.76460752303767552e+17,21,2,1,5.76460752303767552e+17,16,7,2,3.32306998945331719e+35,5.85298513999999955e+02,0,8.25775167428535737e-09,nan,0.00000000000000000e+00
64,3,2.10528787508663292e-10,1.00000000000000000e+00,2.67692568905111114e-09,2,18,2.67692568905111114e-09,-7.78491550206012687e-10,-6.12611964320672528e-10,-2.21712316864513580e-09,-1.26421711963986210e-09,-2.30882159088401179e-09,1.46238258016726025e-10,6.34650410774799857e-09,2.46639690154244775e-09,8.56362727639313396e-09,6.13597532023933518e-09,8.65532569863201036e-09,19,4,1,5.76460752303767552e+17,21,2,1,5.76460752303767552e+17,16,7,2,3.32306998945331719e+35,5.80236547999999971e+02,0,8.56362727639313396e-09,nan,0.00000000000000000e+00
65,0,1.78256487200611210e-10,1.00000000000000000e+00,3.18080386445978258e-09,2,18,-1.64336017492660267e-09,2.69377235756431505e-09,3.18080386445978258e-09,-2.87516681426285602e-09,1.75237278631915013e-09,-3.95995064120853457e-09,-4.71962374119149122e-09,-1.42358356156730098e-09,3.05342330146346718e-09,7.90042760565127338e-09,4.89788022839210279e-09,6.47199652751064134e-09,19,4,1,5.76460752303767552e+17,21,2,1,5.76460752303767552e+17,16,7,2,3.32306998945331719e+35,5.76298946999999998e+02,0,7.90042760565127338e-09,nan,0.00000000000000000e+00
65,1,7.66561756180635869e-10,1.00000000000000000e+00,7.73975548047086459e-09,2,18,-7.73975548047086459e-09,-4.58292176558321986e-10,2.21258594557805381e-09,2.85291016328289220e-09,-1.53151292704135428e-09,3.94246584150259221e-11,-1.87493711811216677e-09,5.92377888540541103e-09,8.50631723665149984e-09,6.20824255342951030e-09,5.15721712922477495e-09,7.79871600351757697e-09,19,4,1,5.76460752303767552e+17,21,2,1,5.76460752303767552e+17,16,7,2,3.32306998945331719e+35,5.78326784999999973e+02,0,6.20824255342951030e-09,nan,0.00000000000000000e+00
65,2,3.85254830508273003e-11,1.00000000000000000e+00,6.18317536955161351e-09,2,18,-2.11210124539073638e-09,3.98851419141385532e-10,2.98501204588559665e-09,6.18317536955161351e-09,-2.33550415938714186e-09,5.96080462471634711e-09,9.86419255078823614e-09,-2.18822594676911768e-09,6.14464988650078613e-09,8.37140131632073160e-09,9.82566706773740958e-09,1.21996967101753780e-08,19,4,1,5.76460752303767552e+17,21,2,1,5.76460752303767552e+17,16,7,2,3.32306998945331719e+35,5.79426978999999960e+02,0,8.37140131632073160e-09,nan,0.00000000000000000e+00
65,3,1.32839673649177822e-10,1.00000000000000000e+00,3.90807338096469431e-09,2,18,-2.80156355870163221e-09,2.04842136473699381e-09,3.90807338096469431e-09,-1.12350396189267978e-09,-1.50774475907472209e-10,-3.48909756135020212e-09,-1.10260967344229574e-08,-4.51678626151492707e-10,3.77523370731551662e-09,1.49341701153876534e-08,1.11589364080721351e-08,1.08753222585154844e-08,19,4,1,5.76460752303767552e+17,21,2,1,5.76460752303767552e+17,16,7,2,3.32306998945331719e+35,5.84622999000000050e+02,0,1.49341701153876534e-08,nan,0.00000000000000000e+00
66,0,1.28873102661955085e-09,1.00000000000000000e+00,1.07920402585400049e-08,2,18,1.68436128067707078e-09,1.07920402585400049e-08,-3.22985070859283387e-10,2.79257897405804639e-09,-2.19163336599214049e-09,8.83521405828277163e-10,-6.65007787079534871e-09,-7.30469822406464222e-10,9.50330923192045491e-09,9.90851885271172725e-09,7.93880889741489956e-09,7.53359927662362557e-09,19,4,1,5.76460752303767552e+17,21,2,1,5.76460752303767552e+17,16,7,2,3.32306998945331719e+35,5.64483708999999976e+02,0,9.90851885271172725e-09,nan,0.00000000000000000e+00
66,1,-1.48979363964806956e-09,1.00000000000000000e+00,5.24017908352954868e-09,2,18,-5.24017908352954868e-09,-2.88316510567318491e-09,-7.44050994894918404e-10,-2.92292138311871247e-09,-7.50769685845761598e-10,-1.88036036058513739e-10,1.46007203164631963e-10,5.53294292385077215e-10,3.75038544388147912e-09,4.48940939768378709e-09,2.04308793203314698e-09,1.30406397823083881e-09,19,4,1,5.76460752303767552e+17,21,2,1,5.76460752303767552e+17,16,7,2,3.32306998945331719e+35,5.83167261000000053e+02,0,4.48940939768378709e-09,nan,0.00000000000000000e+00
66,2,-1.30887393786659271e-10,1.00000000000000000e+00,4.26304440855716105e-09,2,18,7.78526871052211804e-10,4.03095483725369386e-09,1.17313986825325240e-10,4.26304440855716105e-09,-1.13229000937489451e-09,-2.67124010339075602e-09,-2.42171229938379492e-09,4.21143908819525979e-09,4.39393180234382050e-09,6.70219494064444946e-09,4.34232648198191924e-09,6.88267919158601622e-09,19,4,1,5.76460752303767552e+17,21,2,1,5.76460752303767552e+17,16,7,2,3.32306998945331719e+35,5.81719342999999981e+02,0,6.70219494064444946e-09,nan,0.00000000000000000e+00
66,3,2.48575030396324226e-10,1.00000000000000000e+00,7.90456278705561594e-09,2,18,-5.89883975393175633e-09,7.90456278705561594e-09,-3.06977237064149702e-10,-3.35666740414848133e-09,-2.64273472534388947e-09,-1.66181991224838089e-10,6.77297751757799162e-09,6.39235340396053788e-09,7.65598775665929140e-09,9.74902080810901879e-09,6.52440248718166709e-09,9.41571224292188151e-09,19,4,1,5.76460752303767552e+17,21,2,1,5.76460752303767552e+17,16,7,2,3.32306998945331719e+35,5.88757611999999995e+02,0,9.74902080810901879e-09,nan,0.00000000000000000e+00
67,0,4.41538664178609606e-10,1.00000000000000000e+00,8.96640773054098551e-09,2,18,1.93785104226509345e-09,1.65882014013407054e-09,8.96640773054098551e-09,1.88310490262441842e-09,-5.41302287842340740e-09,-5.65144768103190819e-09,-2.18732204572649718e-09,6.06956170669841596e-10,8.52486906636237600e-09,1.11537297762674819e-08,6.09298634521051769e-09,6.25840385170174979e-09,19,4,1,5.76460752303767552e+17,21,2,1,5.76460752303767552e+17,16,7,2,3.32306998945331719e+35,5.89399471999999946e+02,0,1.11537297762674819e-08,nan,0.00000000000000000e+00
67,1,-1.39603149092054532e-09,1.00000000000000000e+00,8.79676430074198954e-09,2,18,-7.14844847517423731e-09,8.79676430074198954e-09,3.29896323204286776e-10,-6.78596161281237390e-10,-7.24231923282817513e-09,9.59888579665521623e-10,1.05058040763848955e-08,8.45908549005222567e-09,1.01927957916625340e-08,1.01759077531806095e-08,1.19018355673054416e-08,1.77481233092130706e-08,19,4,1,5.76460752303767552e+17,21,2,1,5.76460752303767552e+17,16,7,2,3.32306998945331719e+35,5.84564410999999950e+02,0,1.01759077531806095e-08,nan,0.00000000000000000e+00
67,2,-1.33774272675320870e-09,1.00000000000000000e+00,4.34155784061193740e-09,2,18,-3.79559718307124784e-09,-4.34155784061193740e-09,3.56387970166928006e-09,2.74480384662641073e-09,-1.14351428600972642e-08,-9.15024761146295186e-09,-6.81893317506010824e-09,-6.32403723583703378e-09,4.90162242842248855e-09,1.03828128767293887e-08,1.00974001333440553e-08,5.11110562426023045e-09,19,4,1,5.76460752303767552e+17,21,2,1,5.76460752303767552e+17,16,7,2,3.32306998945331719e+35,5.84399849000000017e+02,0,1.03828128767293887e-08,nan,0.00000000000000000e+00
67,3,-2.05393796329711261e-09,1.00000000000000000e+00,8.59001585163456059e-09,2,18,-8.59001585163456059e-09,-3.52743640255490993e-09,5.82103222101938892e-10,2.82278814885373670e-09,-9.06976357701644984e-10,-1.18471569250030119e-08,7.71596161666299053e-11,2.80340387891931125e-09,6.53607788833744798e-09,8.31972052244810154e-09,9.79321896170589927e-09,1.46505608039223240e-08,19,4,1,5.76460752303767552e+17,21,2,1,5.76460752303767552e+17,16,7,2,3.32306998945331719e+35,5.96839504000000034e+02,0,8.31972052244810154e-09,nan,0.00000000000000000e+00
68,0,-1.43983966225336427e-09,1.00000000000000000e+00,8.73687821104424254e-09,2,18,-4.36849316019163923e-09,-5.47387532271473352e-09,4.53248293508016372e-09,8.73687821104424254e-09,3.40252825360379938e-09,8.44804500271257179e-09,-5.31066042909251421e-09,-8.69829456840834035e-10,1.01767178732976074e-08,1.39219203254273053e-08,9.88788466496593668e-09,1.37587054318050860e-08,19,4,1,5.76460752303767552e+17,21,2,1,5.76460752303767552e+17,16,7,2,3.32306998945331719e+35,5.77653706000000057e+02,0,1.39219203254273053e-08,nan,0.00000000000000000e+00
68,1,-6.45074109306889890e-11,1.00000000000000000e+00,9.43719794917294989e-09,2,18,8.23215845203695600e-09,-5.25203070077240091e-10,-9.43719794917294989e-09,2.79155157747550427e-09,-8.56340079870684608e-09,-2.30367411506360315e-09,3.40588393633424200e-09,5.72800043486555218e-09,9.37269053824226162e-09,1.67955592507438037e-08,8.49889338777615781e-09,1.42914012335723983e-08,19,4,1,5.76460752303767552e+17,21,2,1,5.76460752303767552e+17,16,7,2,3.32306998945331719e+35,5.77988655999999992e+02,0,1.67955592507438037e-08,nan,0.00000000000000000e+00
68,2,5.97050465717510137e-10,1.00000000000000000e+00,9.58938403163002246e-09,2,18,1.22064450595828517e-09,-7.45062220050452428e-09,-9.58938403163002246e-09,5.79468026328288589e-09,7.36275393155679276e-09,1.60496272931756666e-09,-7.55647877938297692e-09,-3.43564121800022552e-09,1.01864344973475334e-08,9.23032148128311182e-09,8.15352924510048788e-09,1.49192327109397705e-08,19,4,1,5.76460752303767552e+17,21,2,1,5.76460752303767552e+17,16,7,2,3.32306998945331719e+35,5.93148183000000017e+02,0,9.23032148128311182e-09,nan,0.00000000000000000e+00
68,3,2.59475824076231420e-09,1.00000000000000000e+00,1.14281254776336683e-08,2,18,1.14281254776336683e-08,5.01077527078671428e-09,-6.83559792050146138e-09,1.89249849439365743e-09,1.30258483646783985e-09,-2.77771950694875518e-10,6.45793443312916133e-09,3.05837318833213836e-09,9.43035616126377559e-09,1.32935323536306235e-08,3.86317619236684712e-09,6.73570638382403705e-09,19,4,1,5.76460752303767552e+17,21,2,1,5.76460752303767552e+17,16,7,2,3.32306998945331719e+35,6.04367219999999975e+02,0,1.32935323536306235e-08,nan,0.00000000000000000e+00
69,0,6.77215056252736520e-09,1.00000000000000000e+00,9.13403580920651932e-09,2,18,5.91846343675332299e-09,6.77874713748099067e-09,-8.02099127007453776e-09,-9.13403580920651932e-09,-8.22091542998779360e-10,3.40738396358876128e-09,-9.58284420581773047e-10,-5.46891216440499566e-09,1.59061863717338854e-08,7.06270684949276472e-09,1.22410627269323609e-08,8.87629612799375694e-09,19,4,1,5.76460752303767552e+17,21,2,1,5.76460752303767552e+17,16,7,2,3.32306998945331719e+35,5.83505644999999959e+02,0,7.06270684949276472e-09,nan,0.00000000000000000e+00
69,1,1.54064960375705468e-09,1.00000000000000000e+00,1.48132405373192929e-08,2,18,1.48132405373192929e-08,9.20345653565252303e-09,-2.47230500848998181e-09,1.32181975903746664e-08,7.76735137878020722e-09,5.67816340474205648e-09,3.52372479316057889e-09,-2.70421613113238826e-09,1.32725909335622374e-08,1.59224137215070563e-08,6.22670177502315254e-09,1.04715675099125955e-08,19,4,1,5.76460752303767552e+17,21,2,1,5.76460752303767552e+17,16,7,2,3.32306998945331719e+35,5.74755729999999971e+02,0,1.59224137215070563e-08,nan,0.00000000000000000e+00
69,2,3.81414764456092536e-09,1.00000000000000000e+00,8.31533632812723615e-09,2,18,-5.86267822779834262e-09,-4.59857749133633989e-10,7.55619230934003549e-09,-8.31533632812723615e-09,4.39727568776536658e-09,6.16149102370912128e-09,7.46771592091787224e-09,1.32016002249509780e-08,1.21294839726881615e-08,2.15169365530782158e-08,9.38745258039005267e-09,8.80432453718561145e-09,19,4,1,5.76460752303767552e+17,21,2,1,5.76460752303767552e+17,16,7,2,3.32306998945331719e+35,5.61790707999999995e+02,0,2.15169365530782158e-08,nan,0.00000000000000000e+00
69,3,3.78920185692359093e-09,1.00000000000000000e+00,1.18270729490891731e-08,2,18,7.60766328449290750e-09,1.18270729490891731e-08,6.71750934767803629e-09,9.84136355169635834e-09,1.27787493358689627e-08,1.49207556176802410e-08,1.58236702127400016e-08,8.19078168264419425e-09,8.03787109216558301e-09,9.10616086506196445e-09,1.20344683558164098e-08,7.63288853009580733e-09,19,4,1,5.76460752303767552e+17,21,2,1,5.76460752303767552e+17,16,7,2,3.32306998945331719e+35,5.88397808000000055e+02,0,9.10616086506196445e-09,nan,0.00000000000000000e+00
70,0,-1.77175076315996672e-09,1.00000000000000000e+00,1.02547358263183840e-08,2,18,-8.84157296307415642e-09,-9.09764652472018717e-10,1.02547358263183840e-08,5.02660698749863055e-09,4.73208525745655726e-09,2.34167160994952107e-09,-5.12108855736392670e-09,-3.54014635993320841e-09,1.20264865894783512e-08,1.53758243836823091e-08,6.50383602061652439e-09,9.85317381482048396e-09,19,4,1,5.76460752303767552e+17,21,2,1,5.76460752303767552e+17,16,7,2,3.32306998945331719e+35,5.56646925000000010e+02,0,1.53758243836823091e-08,nan,0.00000000000000000e+00
70,1,3.61785349793578541e-09,1.00000000000000000e+00,1.22665563326851609e-08,2,18,6.93735134163305968e-09,-6.52574129743577014e-09,7.95492414628750148e-09,-1.22665563326851609e-08,4.80057851298032075e-09,7.67169410569664819e-09,3.38560286901459063e-09,6.82039231453766801e-09,1.58844098306209459e-08,1.90869486472228289e-08,4.05384060776086319e-09,4.28609123668205756e-09,19,4,1,5.76460752303767552e+17,21,2,1,5.76460752303767552e+17,16,7,2,3.32306998945331719e+35,5.71811288999999988e+02,0,1.90869486472228289e-08,nan,0.00000000000000000e+00
70,2,3.03240502859028681e-09,1.00000000000000000e+00,1.20252043314097079e-08,2,18,1.20252043314097079e-08,-1.14403847050432908e-08,3.50110677982051406e-09,-8.29984501924457873e-10,6.47862726735150874e-09,-2.64374341808858842e-09,-5.35738889803045267e-09,-3.45544784985380765e-10,1.44727897336335781e-08,8.85849567785096673e-09,8.38979392662073990e-09,1.18360161653819614e-08,19,4,1,5.76460752303767552e+17,21,2,1,5.76460752303767552e+17,16,7,2,3.32306998945331719e+35,5.85718088999999964e+02,0,8.85849567785096673e-09,nan,0.00000000000000000e+00
70,3,3.70581532152003388e-09,1.00000000000000000e+00,7.00826601303616897e-09,2,18,3.32732462725578137e-09,6.46924278287379943e-10,7.00826601303616897e-09,3.34470428766509218e-09,3.50426504443651928e-09,9.91054023625151713e-09,7.18057693269392729e-09,9.23366291156675791e-09,3.30245069151613508e-09,9.26361595796413656e-09,6.20472491473148283e-09,6.40627519181499784e-09,19,4,1,5.76460752303767552e+17,21,2,1,5.76460752303767552e+17,16,7,2,3.32306998945331719e+35,5.81889590999999996e+02,0,9.26361595796413656e-09,nan,0.00000000000000000e+00
71,0,3.60463619355022968e-09,1.00000000000000000e+00,1.35424637495325680e-08,2,18,1.31983609474284694e-08,-3.38671612257852644e-09,-8.18572430550841187e-09,1.35424637495325680e-08,-3.58207869677569143e-09,8.58946488557913766e-09,-7.09221149475018690e-09,1.28938621939918053e-08,1.17903604990586411e-08,1.67804396442041612e-08,1.06968476883004162e-08,1.99860736887419922e-08,19,4,1,5.76460752303767552e+17,21,2,1,5.76460752303767552e+17,16,7,2,3.32306998945331719e+35,5.86472696000000042e+02,0,1.67804396442041612e-08,nan,0.00000000000000000e+00
71,1,2.54804414550258210e-09,1.00000000000000000e+00,1.17409251841443307e-08,2,18,-2.48012399825430102e-09,4.22423980453650066e-10,-1.17409251841443307e-08,2.85760338716522075e-09,1.18682532444271399e-08,1.32022721582070209e-08,-7.78429550935509210e-09,1.00785626605620070e-08,1.42889693296469124e-08,1.43483772426814409e-08,1.06542280127044393e-08,2.09865676675621130e-08,19,4,1,5.76460752303767552e+17,21,2,1,5.76460752303767552e+17,16,7,2,3.32306998945331719e+35,5.89206584000000021e+02,0,1.43483772426814409e-08,nan,0.00000000000000000e+00
71,2,3.65734514596271309e-09,1.00000000000000000e+00,1.46543547952670684e-08,2,18,-1.46543547952670684e-08,-4.67879156334001268e-09,-3.37484558374530129e-09,4.50375310599448530e-09,1.88392870050658225e-08,1.23428233321478683e-08,4.70980916229260704e-09,1.40911820574101482e-09,1.83116999412297827e-08,3.34936418003328876e-08,1.51819418591031081e-08,1.74301687993248077e-08,19,4,1,5.76460752303767552e+17,21,2,1,5.76460752303767552e+17,16,7,2,3.32306998945331719e+35,5.94000333999999953e+02,0,3.34936418003328876e-08,nan,0.00000000000000000e+00
71,3,9.76672880856470155e-10,1.00000000000000000e+00,2.01362008414850204e-08,2,18,-2.01362008414850204e-08,4.22435978002755704e-09,4.80776875652403537e-09,1.12104900423525703e-08,-1.22025347935672454e-08,1.62909776836348880e-08,-1.75141344002202438e-09,2.52202577148738105e-08,2.11128737223414895e-08,1.40097676725212402e-08,2.42435848340173414e-08,3.74227925084410592e-08,19,4,1,5.76460752303767552e+17,21,2,1,5.76460752303767552e+17,16,7,2,3.32306998945331719e+35,5.86918919999999957e+02,0,1.40097676725212402e-08,nan,0.00000000000000000e+00
72,0,-3.42716931691073698e-09,1.00000000000000000e+00,2.19067795268250236e-08,2,18,4.60422650696420114e-09,-2.19067795268250236e-08,3.78460076949238517e-09,1.59415057143101330e-08,-6.34727164908897745e-09,-4.52281265038875507e-09,-5.90699618005748690e-09,-9.93486105965111871e-09,1.93686750312208687e-08,2.58763667739612517e-08,6.50769174274038132e-09,5.41204840926236364e-09,19,4,1,5.76460752303767552e+17,21,2,1,5.76460752303767552e+17,16,7,2,3.32306998945331719e+35,5.75672961999999984e+02,0,2.58763667739612517e-08,nan,0.00000000000000000e+00
72,1,-5.07211870736170857e-09,1.00000000000000000e+00,1.59465953581399598e-08,2,18,4.18939696351713405e-09,4.25360282508597131e-10,-1.59465953581399598e-08,-2.67020290435207373e-09,1.75600443852553805e-08,2.53555992603413502e-08,8.90640737432174090e-09,7.71179564525937336e-09,1.08744766507782504e-08,2.49302389778327530e-08,3.04277179677030596e-08,1.76438036150819768e-08,19,4,1,5.76460752303767552e+17,21,2,1,5.76460752303767552e+17,16,7,2,3.32306998945331719e+35,5.92309605000000033e+02,0,2.49302389778327530e-08,nan,0.00000000000000000e+00
72,2,-5.85413651685444804e-09,1.00000000000000000e+00,1.97659386535794430e-08,2,18,1.71719208937599673e-08,4.68549663823868176e-09,1.97659386535794430e-08,-2.73640871481165659e-09,-1.81232731935217338e-08,2.13396508849506439e-08,2.81014561169459358e-09,3.74711673947833248e-09,2.56200751704338894e-08,3.52951940872817044e-08,2.71937874018050936e-08,3.94629240784723778e-08,19,4,1,5.76460752303767552e+17,21,2,1,5.76460752303767552e+17,16,7,2,3.32306998945331719e+35,5.82778675000000021e+02,0,3.52951940872817044e-08,nan,0.00000000000000000e+00
72,3,-4.46134781504108853e-09,1.00000000000000000e+00,1.70005963624035541e-08,2,18,1.47135678962631800e-09,7.97818411244438422e-09,1.09494528162969434e-08,1.70005963624035541e-08,-1.61776181411401818e-08,-3.40414891220385191e-10,-1.94728501857743897e-08,6.76530932337395179e-09,2.14619441774446435e-08,3.04223030020713331e-08,1.50115023707333003e-08,2.62381595091483423e-08,19,4,1,5.76460752303767552e+17,21,2,1,5.76460752303767552e+17,16,7,2,3.32306998945331719e+35,5.83284547999999972e+02,0,3.04223030020713331e-08,nan,0.00000000000000000e+00
73,0,3.06452154653471683e-09,1.00000000000000000e+00,1.81252700042081145e-08,2,18,-4.93561300022882567e-09,-1.64080569051644099e-09,9.21281231364435337e-09,1.81252700042081145e-08,-7.18307051527397588e-09,-4.26638739428738500e-09,3.17587681107906047e-08,-4.22651748143469177e-09,1.50607484576733989e-08,2.25459557971462514e-08,2.86942465642558891e-08,3.89418386260645773e-08,19,4,1,5.76460752303767552e+17,21,2,1,5.76460752303767552e+17,16,7,2,3.32306998945331719e+35,5.82470554999999990e+02,0,2.25459557971462514e-08,nan,0.00000000000000000e+00
73,1,-3.63024161675310832e-09,1.00000000000000000e+00,4.18746370948018163e-08,2,18,-3.95337395170136988e-09,-1.18893687439449311e-08,-4.18746370948018163e-08,-1.51596798936087430e-08,-1.63954182205307980e-08,9.67813974866075960e-10,-1.57042074796369652e-08,3.98976107730058286e-09,3.82443954780487046e-08,2.61704296151648511e-08,1.27651766037776897e-08,2.03851792978313801e-08,19,4,1,5.76460752303767552e+17,21,2,1,5.76460752303767552e+17,16,7,2,3.32306998945331719e+35,5.75365710000000036e+02,0,2.61704296151648511e-08,nan,0.00000000000000000e+00
73,2,-2.87996176663988593e-09,1.00000000000000000e+00,1.88316932462184596e-08,2,18,-1.56458863673087503e-08,1.88316932462184596e-08,6.32838696757480513e-09,-8.95225964853460379e-09,-2.42579059511206413e-08,2.15561276599798809e-08,1.10468074270077194e-08,7.81881069176720994e-09,2.17116550128583459e-08,1.67710703403018137e-08,2.44360894266197672e-08,4.58140336111005255e-08,19,4,1,5.76460752303767552e+17,21,2,1,5.76460752303767552e+17,16,7,2,3.32306998945331719e+35,5.79990140999999994e+02,0,1.67710703403018137e-08,nan,0.00000000000000000e+00
73,3,-2.52584867464941636e-09,1.00000000000000000e+00,1.03836178478190129e-08,2,18,1.03836178478190129e-08,-3.84863371186314819e-09,4.42927606129360838e-09,-1.35014393537381151e-09,-2.33637287781066959e-08,1.23873727136339160e-09,-9.41703752052133978e-09,7.12883776958956100e-10,1.29094665224684288e-08,3.37473466259257055e-08,2.08378801034572783e-08,2.46024660494700863e-08,19,4,1,5.76460752303767552e+17,21,2,1,5.76460752303767552e+17,16,7,2,3.32306998945331719e+35,5.93283905000000004e+02,0,3.37473466259257055e-08,nan,0.00000000000000000e+00
74,0,-3.39540606974571809e-09,1.00000000000000000e+00,1.49849160834797800e-08,2,18,1.49849160834797800e-08,-5.48612188758094051e-10,6.59701578951513123e-09,-6.81069458911550172e-09,1.07213053955933196e-09,4.78788498370830825e-09,-1.50258156342950959e-08,-3.27862193760483190e-10,1.83803221532254973e-08,2.16228314238102255e-08,1.16304095645493787e-08,1.98137006180034025e-08,19,4,1,5.76460752303767552e+17,21,2,1,5.76460752303767552e+17,16,7,2,3.32306998945331719e+35,5.88747740000000022e+02,0,2.16228314238102255e-08,nan,0.00000000000000000e+00
74,1,2.50289300356827348e-09,1.00000000000000000e+00,2.01697322711718064e-08,2,18,5.02176172280239863e-09,1.31222871533593241e-09,-1.58851270517373188e-08,2.01697322711718064e-08,3.54481788090327709e-08,1.65340617215460457e-08,1.83061281072890773e-08,-2.30351298147839600e-08,1.83880200553055923e-08,4.32048620859557631e-08,3.29452858054644974e-08,5.84833086238167309e-08,19,4,1,5.76460752303767552e+17,21,2,1,5.76460752303767552e+17,16,7,2,3.32306998945331719e+35,5.84109430999999972e+02,0,4.32048620859557631e-08,nan,0.00000000000000000e+00
74,2,2.07320127827772658e-09,1.00000000000000000e+00,7.11767512841701928e-09,2,18,-7.11767512841701928e-09,-4.82816872168030075e-09,-8.10393372359109646e-11,1.09866708138452055e-09,-1.16103109235561129e-08,8.09397548204215707e-09,-1.79208392012029229e-08,1.69486425180242609e-08,9.19087640669474627e-09,1.78397998639670136e-08,1.99940404794806483e-08,3.48694817192271805e-08,19,4,1,5.76460752303767552e+17,21,2,1,5.76460752303767552e+17,16,7,2,3.32306998945331719e+35,5.75718481999999995e+02,0,1.78397998639670136e-08,nan,0.00000000000000000e+00
74,3,7.68335688347762610e-09,1.00000000000000000e+00,2.09156279796886734e-08,2,18,1.73493103820533853e-08,-2.09156279796886734e-08,1.21996015807265300e-08,6.60653710718114339e-09,3.75414015307120704e-08,-8.32474162617265016e-09,2.30702847252363711e-09,1.70604390300510874e-09,2.85989848631662995e-08,2.01920911486586851e-08,2.98580446472344476e-08,4.58661431568847206e-08,19,4,1,5.76460752303767552e+17,21,2,1,5.76460752303767552e+17,16,7,2,3.32306998945331719e+35,5.80465868000000000e+02,0,2.01920911486586851e-08,nan,0.00000000000000000e+00
75,0,-2.19027226784295668e-09,1.00000000000000000e+00,1.51195561761302342e-08,2,18,2.27663505193567603e-09,1.13374809717623124e-08,-1.51195561761302342e-08,6.79278707135727315e-09,2.83784152772950464e-08,7.04230050232858469e-09,2.84751113593453080e-08,8.85533411373726753e-09,1.35277532396052699e-08,4.35946675354755389e-08,3.06653836271882622e-08,2.14328108570167225e-08,19,4,1,5.76460752303767552e+17,21,2,1,5.76460752303767552e+17,16,7,2,3.32306998945331719e+35,5.55387263999999959e+02,0,4.35946675354755389e-08,nan,0.00000000000000000e+00
75,1,4.48942623059839769e-10,1.00000000000000000e+00,2.83429076252753520e-08,2,18,-2.17338827992989846e-08,1.95899809713885002e-08,2.83429076252753520e-08,1.32330217849697383e-08,1.34048604340626641e-09,7.03232392997328858e-09,1.81165533007346068e-08,-3.96729765695640513e-08,2.78939650022155109e-08,5.29059983545337895e-08,4.01219191926238924e-08,5.77895298702986547e-08,19,4,1,5.76460752303767552e+17,21,2,1,5.76460752303767552e+17,16,7,2,3.32306998945331719e+35,5.81833479000000011e+02,0,5.29059983545337895e-08,nan,0.00000000000000000e+00
75,2,-2.76138797959158724e-09,1.00000000000000000e+00,2.75467282914652426e-08,2,18,-5.92197830266785407e-09,1.41361820813154211e-09,2.75467282914652426e-08,2.67714055728420712e-08,-7.80375799019966060e-09,-3.21948365267470048e-08,2.03235959448290259e-08,-4.88029215178484997e-09,3.03081162710568294e-08,3.36084547348785436e-08,2.94334485471554180e-08,5.25184324715760307e-08,19,4,1,5.76460752303767552e+17,21,2,1,5.76460752303767552e+17,16,7,2,3.32306998945331719e+35,5.75115987000000018e+02,0,3.36084547348785436e-08,nan,0.00000000000000000e+00
75,3,-5.34389400240322590e-09,1.00000000000000000e+00,2.41478578800509430e-08,2,18,-4.11872026118068239e-09,-2.41478578800509430e-08,-1.03036583406945029e-08,7.54785325025084040e-09,1.69589883647397583e-08,-5.59753077054606994e-08,-1.80237983083234553e-08,-4.18077979326028206e-08,1.88039638776477179e-08,4.93556511828536610e-08,5.06314137030574710e-08,7.29342960702004610e-08,19,4,1,5.76460752303767552e+17,21,2,1,5.76460752303767552e+17,16,7,2,3.32306998945331719e+35,5.92051884999999970e+02,0,4.93556511828536610e-08,nan,0.00000000000000000e+00
76,0,6.73941543211066175e-09,1.00000000000000000e+00,4.57956122599394733e-08,2,18,2.86198737050912490e-08,4.57956122599394733e-08,3.65547024909909823e-09,2.00889608153942675e-08,4.66295143787902342e-08,6.69328699851830639e-08,-9.60776651499052350e-09,1.65996873463273298e-08,3.90561968278288099e-08,2.11372577252435906e-08,6.01934545530724071e-08,7.65406365001735907e-08,19,4,1,5.76460752303767552e+17,21,2,1,5.76460752303767552e+17,16,7,2,3.32306998945331719e+35,5.55414639999999963e+02,0,2.11372577252435906e-08,nan,0.00000000000000000e+00
76,1,3.21047104411691023e-09,1.00000000000000000e+00,3.88172039013523674e-08,2,18,-3.88172039013523674e-08,2.06089241548147049e-08,-1.20475590375784726e-08,-2.76808696062199677e-08,-2.78276497351107087e-08,-3.39428439504219620e-08,-3.74444573638483339e-08,2.25850426406457400e-08,4.20276749454692793e-08,5.45517681052366670e-08,4.06549284079652458e-08,6.00295000044940673e-08,19,4,1,5.76460752303767552e+17,21,2,1,5.76460752303767552e+17,16,7,2,3.32306998945331719e+35,5.71516439999999989e+02,0,5.45517681052366670e-08,nan,0.00000000000000000e+00
76,2,4.50857930651661152e-09,1.00000000000000000e+00,5.31195068346500832e-08,2,18,1.66414327866458363e-08,-5.31195068346500832e-08,2.13280742853811606e-08,3.47397296744980220e-08,-2.77604428186218942e-08,-8.12819387803532956e-09,-1.28293489766033575e-08,4.32513975636966136e-08,5.76280861411666955e-08,4.49913129566147536e-08,3.87428182571800012e-08,7.10118403823185144e-08,19,4,1,5.76460752303767552e+17,21,2,1,5.76460752303767552e+17,16,7,2,3.32306998945331719e+35,5.60581342999999947e+02,0,4.49913129566147536e-08,nan,0.00000000000000000e+00
76,3,8.12073654305974286e-09,1.00000000000000000e+00,4.41614509789582415e-08,2,18,2.19634364044061592e-08,-4.41614509789582415e-08,1.48095097677850747e-08,-3.77931205558828068e-08,-4.36226684602056921e-10,-1.67141461401181168e-09,-1.13086323956819774e-08,2.76078703647327863e-09,5.22821875220179827e-08,4.24900363649464319e-08,1.94293689387417203e-08,1.40694194321552565e-08,19,4,1,5.76460752303767552e+17,21,2,1,5.76460752303767552e+17,16,7,2,3.32306998945331719e+35,5.61598289000000022e+02,0,4.24900363649464319e-08,nan,0.00000000000000000e+00
77,0,3.85400431648266047e-09,1.00000000000000000e+00,2.85642217286534237e-08,2,18,2.85642217286534237e-08,2.13520702652775875e-09,-4.08069190757889811e-09,2.13627113139015773e-08,9.24670728111994433e-09,1.30223943720673175e-08,1.14804499266883972e-08,-2.76445980547133170e-09,2.47102174121707624e-08,2.41271711193729090e-08,9.16839005558465617e-09,1.57868541775386492e-08,19,4,1,5.76460752303767552e+17,21,2,1,5.76460752303767552e+17,16,7,2,3.32306998945331719e+35,5.73759122000000048e+02,0,2.41271711193729090e-08,nan,0.00000000000000000e+00
77,1,1.02028714293374948e-08,1.00000000000000000e+00,5.63325718198499373e-08,2,18,-6.81356726140169795e-09,5.63325718198499373e-08,1.43564730460611999e-08,5.31735147680533792e-09,5.88175853711912129e-08,2.57784443411125857e-08,1.53502153315877769e-10,-2.86235524023497505e-08,4.61297003905124441e-08,6.56311526325929075e-08,4.86147139418537197e-08,8.74411377735409700e-08,19,4,1,5.76460752303767552e+17,21,2,1,5.76460752303767552e+17,16,7,2,3.32306998945331719e+35,5.71860193999999979e+02,0,6.56311526325929075e-08,nan,0.00000000000000000e+00
77,2,1.13936720862680266e-08,1.00000000000000000e+00,3.52622256663937189e-08,2,18,-3.52622256663937189e-08,5.27616174828526932e-09,2.25775877867951564e-08,-5.54776443961378752e-09,6.89910481114505050e-08,8.57905645743627021e-10,3.03872288972466081e-09,2.35530770712911109e-08,4.66558977526617455e-08,1.04253273777844224e-07,5.75973760251824784e-08,6.81331424657068714e-08,19,4,1,5.76460752303767552e+17,21,2,1,5.76460752303767552e+17,16,7,2,3.32306998945331719e+35,5.84880873999999949e+02,0,1.04253273777844224e-07,nan,0.00000000000000000e+00
77,3,8.64076536596309018e-09,1.00000000000000000e+00,3.78353648811136731e-08,2,18,2.07725186110242088e-08,-1.08258993045717112e-08,-1.51241483533628106e-08,3.78353648811136731e-08,2.94765613662782608e-08,2.27963761964196069e-08,-1.78813202248031787e-08,-2.96985867883225696e-08,2.91945995151505813e-08,6.75339516694362460e-08,3.83393521542856581e-08,5.91751481546008304e-08,19,4,1,5.76460752303767552e+17,21,2,1,5.76460752303767552e+17,16,7,2,3.32306998945331719e+35,5.86022783000000004e+02,0,6.75339516694362460e-08,nan,0.00000000000000000e+00
78,0,-2.25648147629461312e-08,1.00000000000000000e+00,3.44469931731087373e-08,2,18,-4.25424331049331816e-09,3.44469931731087373e-08,-1.65320015661365782e-08,-1.97183951706373963e-09,-1.39783593939814784e-08,4.03656248222930123e-09,1.99131545665147501e-08,3.47829718414931551e-08,5.70118079360548685e-08,3.67548113585568980e-08,5.73477866044392863e-08,4.87613312354746352e-08,19,4,1,5.76460752303767552e+17,21,2,1,5.76460752303767552e+17,16,7,2,3.32306998945331719e+35,5.68923129000000017e+02,0,3.67548113585568980e-08,nan,0.00000000000000000e+00
78,1,-3.20628794982617199e-09,1.00000000000000000e+00,2.35760364146134463e-08,2,18,1.13279983779204253e-09,1.94515487027231426e-08,2.35760364146134463e-08,-1.43390703583686412e-08,2.89826176558701801e-08,1.84483552072380139e-08,-1.70890178216746375e-08,2.11340681855426144e-08,2.67823243644396167e-08,4.06650542362880838e-08,3.21889056056963504e-08,4.60716354775448176e-08,19,4,1,5.76460752303767552e+17,21,2,1,5.76460752303767552e+17,16,7,2,3.32306998945331719e+35,5.72384542000000010e+02,0,4.06650542362880838e-08,nan,0.00000000000000000e+00
78,2,-1.65154657987058947e-08,1.00000000000000000e+00,5.87651343344658023e-08,2,18,-5.87651343344658023e-08,-7.17969812316206977e-09,-3.18059435883236398e-08,3.26796886114601726e-08,1.57742073492640130e-08,-5.31549028808277325e-08,-3.71625351624763386e-08,-1.72298156153258934e-08,4.91951544101660706e-08,7.45393416837298087e-08,3.66394370821218411e-08,6.89291102300917455e-08,19,4,1,5.76460752303767552e+17,21,2,1,5.76460752303767552e+17,16,7,2,3.32306998945331719e+35,5.73071043000000031e+02,0,7.45393416837298087e-08,nan,0.00000000000000000e+00
78,3,-1.79993603268994754e-08,1.00000000000000000e+00,5.08376689392753663e-08,2,18,2.12008793440384790e-08,-5.08376689392753663e-08,-2.26726307521903821e-08,1.38672039790145932e-08,7.59686760993429617e-09,-2.89852068360584945e-08,-1.01679544616556084e-08,-3.42889628060595595e-08,3.92002396709379544e-08,4.81561667850741526e-08,2.55962279368337716e-08,4.18858304159938556e-08,19,4,1,5.76460752303767552e+17,21,2,1,5.76460752303767552e+17,16,7,2,3.32306998945331719e+35,5.79381159000000025e+02,0,4.81561667850741526e-08,nan,0.00000000000000000e+00
79,0,-1.36310803306456178e-08,1.00000000000000000e+00,6.47368803064190200e-08,2,18,-7.47636654963955816e-10,-4.39221014677893409e-08,-6.47368803064190200e-08,-2.09407330635445503e-08,-6.84633539880740402e-09,3.57466634509828446e-08,1.31047736894532730e-08,1.04520481163063639e-08,5.11057999757733988e-08,7.96687649187721788e-08,4.93777437816284657e-08,4.25929988497902469e-08,19,4,1,5.76460752303767552e+17,21,2,1,5.76460752303767552e+17,16,7,2,3.32306998945331719e+35,5.65274949999999990e+02,0,7.96687649187721788e-08,nan,0.00000000000000000e+00
79,1,-7.05214959453569840e-09,1.00000000000000000e+00,9.15704843735381821e-08,2,18,-1.00436938166898268e-08,-9.15704843735381821e-08,-3.82555021014773019e-08,-4.68744832741453816e-08,-6.92929166903707859e-08,-1.31383338788454784e-09,-2.69184271052352447e-08,4.95554147756415585e-08,8.45183347790024870e-08,9.64298980497869401e-08,6.22407670958350908e-08,1.18848331466012344e-07,19,4,1,5.76460752303767552e+17,21,2,1,5.76460752303767552e+17,16,7,2,3.32306998945331719e+35,5.77650674999999978e+02,0,9.64298980497869401e-08,nan,0.00000000000000000e+00
79,2,-1.39816643383498960e-09,1.00000000000000000e+00,4.22085361754814455e-08,2,18,-5.53076374946774732e-09,-4.22085361754814455e-08,-2.98751582559772463e-08,-1.65231903208386859e-08,1.28572734319820633e-08,-3.33921685850657996e-08,-4.38823875001448277e-08,-1.28554189945441346e-08,4.08103697416464526e-08,1.83880371814498106e-08,4.24842210663098347e-08,5.67396609321268909e-08,19,4,1,5.76460752303767552e+17,21,2,1,5.76460752303767552e+17,16,7,2,3.32306998945331719e+35,5.75438552999999956e+02,0,1.83880371814498106e-08,nan,0.00000000000000000e+00
79,3,-3.44123822522818548e-09,1.00000000000000000e+00,8.75626248688694307e-08,2,18,-3.64719713599335861e-08,-8.75626248688694307e-08,2.11229216264535848e-08,-2.97463306996822485e-08,6.02629706214294792e-08,2.14424130152427883e-08,7.02355404916456695e-08,-2.66807132244321860e-08,8.41213866436412386e-08,1.09005037884112216e-07,7.36767787168738616e-08,9.69162537160778522e-08,19,4,1,5.76460752303767552e+17,21,2,1,5.76460752303767552e+17,16,7,2,3.32306998945331719e+35,5.87654084000000012e+02,0,1.09005037884112216e-07,nan,0.00000000000000000e+00
80,0,6.65411445504377728e-10,1.00000000000000000e+00,8.40683005745322425e-08,2,18,5.79918515069574010e-08,-1.26735489691857603e-08,-8.40683005745322425e-08,-1.68004161813145940e-08,3.36748290805655956e-08,-7.66605669069509211e-09,5.36217376871178393e-08,4.31046361294041922e-08,8.47337120200366144e-08,1.37690038261650082e-07,5.29563262416134607e-08,6.12877943778129380e-08,19,4,1,5.76460752303767552e+17,21,2,1,5.76460752303767552e+17,16,7,2,3.32306998945331719e+35,5.64585904000000028e+02,0,1.37690038261650082e-07,nan,0.00000000000000000e+00
80,1,2.68715490607283208e-08,1.00000000000000000e+00,6.59681903160538270e-08,2,18,-6.59681903160538270e-08,-2.55742540712825105e-08,-2.08468670681287743e-08,6.02237032158965802e-08,2.64950331519991829e-08,9.15507481438049089e-08,7.93211607827454204e-08,7.63871793368510091e-08,9.28397393767821544e-08,1.17125002215087413e-07,6.46791990830765947e-08,6.50557149918057194e-08,19,4,1,5.76460752303767552e+17,21,2,1,5.76460752303767552e+17,16,7,2,3.32306998945331719e+35,5.76365688999999975e+02,0,1.17125002215087413e-07,nan,0.00000000000000000e+00
80,2,1.52753941278147300e-08,1.00000000000000000e+00,4.81862444031154970e-08,2,18,4.81862444031154970e-08,-3.60975605434852328e-08,-1.69848139010727290e-08,4.70372066425170993e-08,4.62431954259470597e-08,-2.18884287094964535e-09,6.76713747335493302e-08,-6.85069323683888835e-09,5.13729546712999594e-08,8.46561886346220526e-08,5.23959806057346035e-08,7.45220679703882235e-08,19,4,1,5.76460752303767552e+17,21,2,1,5.76460752303767552e+17,16,7,2,3.32306998945331719e+35,5.65808520000000044e+02,0,8.46561886346220526e-08,nan,0.00000000000000000e+00
80,3,2.48849846759072009e-08,1.00000000000000000e+00,7.10522524117609475e-08,2,18,-6.49249197645198197e-08,6.89077238107278827e-08,-2.98238317552077915e-08,-7.10522524117609475e-08,5.52096771704394492e-08,4.00461332409932409e-09,8.89049946017608782e-08,7.07585426384884971e-08,9.59372370876681551e-08,1.41810795050249431e-07,6.40200099258536707e-08,8.49003812776615607e-08,19,4,1,5.76460752303767552e+17,21,2,1,5.76460752303767552e+17,16,7,2,3.32306998945331719e+35,5.94140818999999965e+02,0,1.41810795050249431e-07,nan,0.00000000000000000e+00
81,0,5.10832963695760953e-08,1.00000000000000000e+00,2.96356373864087790e-08,2,18,2.96356373864087790e-08,2.35215132382046609e-08,-8.77211020528230206e-10,-2.54176528218757887e-08,5.12360526827627984e-08,-1.63652680197819192e-08,5.54569153488673881e-08,3.04602069700579338e-08,7.65009491914518841e-08,5.63341263693956216e-08,6.74485643893580079e-08,7.18221833686493006e-08,19,4,1,5.76460752303767552e+17,21,2,1,5.76460752303767552e+17,16,7,2,3.32306998945331719e+35,5.81978935999999976e+02,0,5.63341263693956216e-08,nan,0.00000000000000000e+00
81,1,5.93507926716021864e-09,1.00000000000000000e+00,1.01998039181567898e-07,2,18,-2.25600689059115905e-08,-8.09564154702595339e-08,1.01998039181567898e-07,6.29967936330542749e-08,1.48463390364608624e-07,6.27081244799521162e-08,-1.02419585864401427e-07,9.02923140968298416e-08,9.60629599144076831e-08,2.04417625045969313e-07,1.42528311097448395e-07,2.50882976229010051e-07,19,4,1,5.76460752303767552e+17,21,2,1,5.76460752303767552e+17,16,7,2,3.32306998945331719e+35,6.34835152999999991e+02,0,2.04417625045969313e-07,nan,0.00000000000000000e+00
81,2,1.08586941565722998e-08,1.00000000000000000e+00,5.28170583211056650e-08,2,18,4.11516045827403933e-09,5.28170583211056650e-08,3.27966237263048331e-08,-3.22098572922186171e-08,-2.68919565366305234e-09,5.61994412287158471e-08,1.83563272248319906e-07,5.47070242609545018e-08,4.30685514487909169e-08,1.50766648522015059e-07,1.72704578091747606e-07,1.86252467901982958e-07,19,4,1,5.76460752303767552e+17,21,2,1,5.76460752303767552e+17,16,7,2,3.32306998945331719e+35,5.76283092000000011e+02,0,1.50766648522015059e-07,nan,0.00000000000000000e+00
81,3,8.23725158099607835e-09,1.00000000000000000e+00,1.46671562649265396e-07,2,18,3.36071695739685125e-08,1.44526426031719256e-08,-4.51929063102084027e-08,1.46671562649265396e-07,1.75330475599698127e-08,3.33024050450714597e-08,-6.42323207181328880e-08,-1.92135705520037197e-09,1.38434311068269318e-07,1.48592919704465771e-07,7.24695722991289663e-08,9.75347257632043476e-08,19,4,1,5.76460752303767552e+17,21,2,1,5.76460752303767552e+17,16,7,2,3.32306998945331719e+35,5.84898894000000041e+02,0,1.48592919704465771e-07,nan,0.00000000000000000e+00
82,0,4.90638416900562560e-08,1.00000000000000000e+00,1.09437847417516097e-07,2,18,-1.09437847417516097e-07,2.92841611986957259e-08,1.35802272226065809e-08,-1.45914649053740658e-08,1.28852939161210447e-07,6.50605586851584667e-08,8.54555952249198659e-08,4.63663663224991628e-08,1.58501689107572346e-07,2.38290786578726543e-07,7.97890974711541973e-08,8.24865728387112839e-08,19,4,1,5.76460752303767552e+17,21,2,1,5.76460752303767552e+17,16,7,2,3.32306998945331719e+35,5.78767464000000018e+02,0,2.38290786578726543e-07,nan,0.00000000000000000e+00
82,1,2.97105698718654837e-08,1.00000000000000000e+00,3.53837130890033623e-08,2,18,-1.52330314550988760e-08,3.53837130890033623e-08,-1.36327024121937753e-08,1.72526021277917826e-08,-1.03459124133540094e-08,6.47498051563546735e-08,2.47635006455988860e-08,-1.04627242921866064e-08,4.49436013269643565e-08,3.83962030577926646e-08,4.01732941640520901e-08,7.52125294485412798e-08,19,4,1,5.76460752303767552e+17,21,2,1,5.76460752303767552e+17,16,7,2,3.32306998945331719e+35,5.62338089999999966e+02,0,3.83962030577926646e-08,nan,0.00000000000000000e+00
82,2,1.73311708578045125e-08,1.00000000000000000e+00,7.67796863367893682e-08,2,18,2.73215953323172217e-08,7.67796863367893682e-08,1.43165366160681319e-08,-5.31097070258011990e-08,9.44148472170678657e-08,1.06713135291754037e-08,2.04353449784393767e-09,-6.25091548260469485e-08,7.04408778836057048e-08,6.70932518847506507e-08,7.98403256838514610e-08,1.56924002043114814e-07,19,4,1,5.76460752303767552e+17,21,2,1,5.76460752303767552e+17,16,7,2,3.32306998945331719e+35,5.96404182999999989e+02,0,6.70932518847506507e-08,nan,0.00000000000000000e+00
82,3,1.35867781027584620e-08,1.00000000000000000e+00,1.16181872546756406e-07,2,18,7.24224526287115518e-08,-1.16181872546756406e-07,-8.74852333505119914e-09,-2.84155573670639269e-08,-4.32643009150808669e-08,-1.09055358536614954e-08,8.57138325986288045e-08,-6.59039129037973011e-08,1.29768650649514873e-07,1.15686753543792425e-07,7.94906910065557680e-08,1.51617745502426119e-07,19,4,1,5.76460752303767552e+17,21,2,1,5.76460752303767552e+17,16,7,2,3.32306998945331719e+35,5.91686726000000021e+02,0,1.15686753543792425e-07,nan,0.00000000000000000e+00
83,0,-4.53177642726395572e-08,1.00000000000000000e+00,2.52647083723719015e-07,2,18,2.52647083723719015e-07,9.85827415052314132e-08,-1.34133901620691463e-07,9.53437578727666704e-08,-5.91319447281161770e-10,1.85747391975206606e-08,2.93854911003002111e-08,6.79975872269258657e-08,2.97964847996358565e-07,2.53238403171000163e-07,1.13315351499565430e-07,6.85889066742070275e-08,19,4,1,5.76460752303767552e+17,21,2,1,5.76460752303767552e+17,16,7,2,3.32306998945331719e+35,5.81994665000000055e+02,0,2.53238403171000163e-07,nan,0.00000000000000000e+00
83,1,2.54150439664441119e-08,1.00000000000000000e+00,1.77769492559598451e-07,2,18,4.07452155964011037e-08,-1.77769492559598451e-07,-9.81420291095779183e-09,-1.62284030909590144e-08,-7.46783558365752066e-08,5.19336599887822310e-08,1.10949627424537116e-07,1.16630315044489318e-07,2.03184536526042573e-07,2.29703152548380669e-07,1.00093399803019315e-07,1.91308670881064537e-07,19,4,1,5.76460752303767552e+17,21,2,1,5.76460752303767552e+17,16,7,2,3.32306998945331719e+35,5.70808115000000043e+02,0,2.29703152548380669e-07,nan,0.00000000000000000e+00
83,2,-2.32288328396008735e-08,1.00000000000000000e+00,1.66407108044825047e-07,2,18,-1.66407108044825047e-07,-6.52548698713564634e-08,-4.32566492587688818e-08,-4.73551061575278096e-08,5.07350584084917860e-08,-7.36401770384274991e-09,5.97952693651823172e-08,-1.18818091010345950e-07,1.43178275205224177e-07,2.17142166453316833e-07,9.55892581707450796e-08,1.78613360375528267e-07,19,4,1,5.76460752303767552e+17,21,2,1,5.76460752303767552e+17,16,7,2,3.32306998945331719e+35,5.87110584000000017e+02,0,2.17142166453316833e-07,nan,0.00000000000000000e+00
83,3,-1.43742849541692228e-08,1.00000000000000000e+00,1.63485600461265890e-07,2,18,-1.63485600461265890e-07,-5.24595190779997007e-08,-8.46725099178609942e-09,-2.65157131219454989e-08,9.93557517325068432e-08,-7.24426265624670691e-08,5.49856041453208234e-08,-1.39511812954786277e-08,1.49111315507096678e-07,2.62841352193772734e-07,1.13730036686676069e-07,1.71798378294973912e-07,19,4,1,5.76460752303767552e+17,21,2,1,5.76460752303767552e+17,16,7,2,3.32306998945331719e+35,5.91628865000000019e+02,0,2.62841352193772734e-07,nan,0.00000000000000000e+00
84,0,-2.34820410466547720e-09,1.00000000000000000e+00,1.11179644876416334e-07,2,18,1.56395887705827254e-08,-2.92909226114407806e-09,3.48082713321910225e-08,-1.11179644876416334e-07,7.39115853145766782e-09,2.05178087715043632e-08,-7.43663631928826756e-08,-8.33667185736448421e-09,1.08831440771750854e-07,1.09174634525073705e-07,7.20181590882171955e-08,9.48841719643870355e-08,19,4,1,5.76460752303767552e+17,21,2,1,5.76460752303767552e+17,16,7,2,3.32306998945331719e+35,5.83183873999999946e+02,0,1.09174634525073705e-07,nan,0.00000000000000000e+00
84,1,2.16154346415574699e-10,1.00000000000000000e+00,9.24316435394907611e-08,2,18,-5.33688515353179555e-08,2.76662095116872448e-08,1.48596764050916522e-08,9.24316435394907611e-08,-5.98057037508836509e-08,3.91132948195126569e-08,1.30583325129363424e-08,1.57541820673888300e-07,9.22154891930751873e-08,6.51101771343975387e-08,1.57325666327472726e-07,2.17347524424771951e-07,19,4,1,5.76460752303767552e+17,21,2,1,5.76460752303767552e+17,16,7,2,3.32306998945331719e+35,5.82810768000000053e+02,0,6.51101771343975387e-08,nan,0.00000000000000000e+00
84,2,3.70899174457695445e-09,1.00000000000000000e+00,1.72197885546165439e-07,2,18,6.27129062541707021e-09,-9.78236976764683205e-08,-1.72197885546165439e-07,-1.46319262562974571e-08,1.45911074883215805e-09,7.98115297104042290e-08,9.88800487493116807e-08,-1.04401188882009601e-07,1.75906877290742384e-07,2.71077934295477106e-07,1.08110180626586559e-07,2.03281237631321282e-07,19,4,1,5.76460752303767552e+17,21,2,1,5.76460752303767552e+17,16,7,2,3.32306998945331719e+35,6.19704227999999944e+02,0,2.71077934295477106e-07,nan,0.00000000000000000e+00
84,3,1.33308341904708964e-08,1.00000000000000000e+00,9.65811108248973145e-08,2,18,-9.65811108248973145e-08,8.47925099039219061e-08,-9.14761764694242775e-08,5.39824541547700775e-09,2.00908278996451998e-08,6.89728209093261859e-08,2.85357864226731426e-08,8.46850912926448072e-08,1.09911945015368206e-07,1.20011962892097427e-07,7.13542571021739158e-08,6.45942633929996007e-08,19,4,1,5.76460752303767552e+17,21,2,1,5.76460752303767552e+17,16,7,2,3.32306998945331719e+35,6.02002952000000050e+02,0,1.20011962892097427e-07,nan,0.00000000000000000e+00
85,0,-1.13547087423242408e-08,1.00000000000000000e+00,8.33614477400925045e-08,2,18,-8.33614477400925045e-08,-5.70204998269673859e-08,-5.58784038952492905e-08,-5.46889207694932701e-08,-2.60295739428884383e-11,-9.97616231262154522e-09,-2.10323871858269587e-08,-1.87974480204891149e-08,7.20067389977682638e-08,8.33354181661496211e-08,1.13286791683813523e-08,2.10063576118840686e-08,19,4,1,5.76460752303767552e+17,21,2,1,5.76460752303767552e+17,16,7,2,3.32306998945331719e+35,5.72211393000000044e+02,0,8.33354181661496211e-08,nan,0.00000000000000000e+00
85,1,-1.67410134185709708e-08,1.00000000000000000e+00,1.17237043325590363e-07,2,18,9.52918583805042117e-08,6.02975983464268662e-08,7.94511982727281363e-08,-1.17237043325590363e-07,-7.74412911733411321e-08,-1.32727245053838536e-07,-2.45629851272394095e-07,-1.70793638198347559e-07,1.12032871799075176e-07,3.25081049545122231e-07,2.28888837853823131e-07,1.68188560099052976e-07,19,4,1,5.76460752303767552e+17,21,2,1,5.76460752303767552e+17,16,7,2,3.32306998945331719e+35,6.08102534999999989e+02,0,3.25081049545122231e-07,nan,0.00000000000000000e+00
85,2,-3.07367728304992936e-08,1.00000000000000000e+00,1.30887631590809463e-07,2,18,1.07295419512438489e-07,4.53554780707138557e-08,-5.19641767360851418e-08,1.30887631590809463e-07,1.14251637622588000e-08,-5.85308352321457972e-08,1.78498910446339969e-07,2.27685518250799669e-08,1.61624404421308763e-07,2.30463087182425104e-07,2.09235683276839269e-07,2.37029745678485753e-07,19,4,1,5.76460752303767552e+17,21,2,1,5.76460752303767552e+17,16,7,2,3.32306998945331719e+35,8.59756151000000045e+02,0,2.30463087182425104e-07,nan,0.00000000000000000e+00
85,3,2.12183027444210844e-09,1.00000000000000000e+00,2.67147320135612859e-07,2,18,2.67147320135612859e-07,8.69843072389850142e-09,-2.15958215785281406e-07,3.22321978517969983e-08,5.48580585144636577e-08,-1.22193185546649491e-07,1.31567631112117823e-07,-6.40065238527365649e-08,2.65025489861170754e-07,3.47525846897399229e-07,1.29445800837675717e-07,2.53760816658767341e-07,19,4,1,5.76460752303767552e+17,21,2,1,5.76460752303767552e+17,16,7,2,3.32306998945331719e+35,6.64174864999999954e+02,0,3.47525846897399229e-07,nan,0.00000000000000000e+00
86,0,-4.77903224240485260e-08,1.00000000000000000e+00,2.04827045225154582e-07,2,18,-2.04827045225154582e-07,2.00038921154079317e-08,7.15098687312037666e-08,-5.06036347310400273e-08,-2.03473169288276986e-07,-2.14551109552901231e-07,2.44301698166745214e-07,-1.97710473979459438e-07,1.57036722801106056e-07,2.34555001668309156e-07,2.92092020590793714e-07,4.58852807719646472e-07,19,4,1,5.76460752303767552e+17,21,2,1,5.76460752303767552e+17,16,7,2,3.32306998945331719e+35,5.88201330999999982e+02,0,2.34555001668309156e-07,nan,0.00000000000000000e+00
86,1,-4.26683655987002604e-08,1.00000000000000000e+00,2.64903189769382390e-07,2,18,-2.26503512330493467e-08,2.57447482939251691e-07,-2.64903189769382390e-07,-3.35498848229194632e-08,4.05586501512041297e-08,-3.38305490907718479e-08,-1.38928729213150583e-07,4.20422830606123619e-08,3.00115848537951938e-07,2.91278032030023513e-07,9.62603636144503223e-08,1.80971012273762931e-07,19,4,1,5.76460752303767552e+17,21,2,1,5.76460752303767552e+17,16,7,2,3.32306998945331719e+35,5.93678748000000041e+02,0,2.91278032030023513e-07,nan,0.00000000000000000e+00
86,2,-4.13416414189435829e-08,1.00000000000000000e+00,1.00325611295244226e-07,2,18,-5.44066403992482152e-08,5.01557893180613662e-08,-1.00325611295244226e-07,2.16097105064973763e-08,-1.14917724065774400e-07,9.51720587834520060e-08,-9.76848668229320487e-08,-4.97793775620672704e-07,9.14974307370049424e-08,5.19403486127170031e-07,4.56452134201729102e-07,5.92965834404124737e-07,19,4,1,5.76460752303767552e+17,21,2,1,5.76460752303767552e+17,16,7,2,3.32306998945331719e+35,6.10295707999999991e+02,0,5.19403486127170031e-07,nan,0.00000000000000000e+00
86,3,-2.99497463984080400e-08,1.00000000000000000e+00,1.31380935437161942e-07,2,18,4.33078787399775389e-09,-4.60627056939505311e-08,-5.80293380031020844e-08,-1.31380935437161942e-07,-1.35386798964697551e-07,-9.57619516187228149e-08,-1.32070895692333875e-07,2.27789476080206723e-07,1.01431189038753902e-07,3.59170411517368692e-07,2.57739222478614763e-07,3.63176275044904274e-07,19,4,1,5.76460752303767552e+17,21,2,1,5.76460752303767552e+17,16,7,2,3.32306998945331719e+35,5.93080440999999951e+02,0,3.59170411517368692e-07,nan,0.00000000000000000e+00
87,0,-6.88777430082700961e-08,1.00000000000000000e+00,2.74404202596667020e-07,2,18,-1.45189265174371525e-07,-1.35517888517475404e-07,4.82313137298735213e-08,2.74404202596667020e-07,5.23989342508556204e-08,-2.75937103692635789e-08,1.17833517950148663e-07,7.38864755394840256e-08,3.43281945604937116e-07,2.00517727057182994e-07,1.86711260958418759e-07,1.45427228319412236e-07,19,4,1,5.76460752303767552e+17,21,2,1,5.76460752303767552e+17,16,7,2,3.32306998945331719e+35,7.53513233000000014e+02,0,2.00517727057182994e-07,nan,0.00000000000000000e+00
87,1,-8.62755670022400104e-09,1.00000000000000000e+00,2.40816647152055988e-07,2,18,-8.25528327908463112e-08,-5.59424976212255128e-08,-2.40816647152055988e-07,-2.28238110809974221e-08,-3.27045107987209799e-07,3.05724145359570795e-07,-2.24139251779362880e-07,5.67355962937006305e-08,2.32189090451831989e-07,3.61666642980796314e-07,3.18417551286985799e-07,6.32769253346780646e-07,19,4,1,5.76460752303767552e+17,21,2,1,5.76460752303767552e+17,16,7,2,3.32306998945331719e+35,6.79377850999999964e+02,0,3.61666642980796314e-07,nan,0.00000000000000000e+00
87,2,-9.81201444886179047e-09,1.00000000000000000e+00,2.64371435159212331e-07,2,18,-2.64371435159212331e-07,5.46258761797940613e-08,1.99638056391168281e-07,-5.49555996173388610e-08,-1.66555192103632238e-07,2.23275429401036736e-07,2.88116982647677522e-07,-1.68709845728018545e-07,2.54559420710350561e-07,1.68649553221242661e-07,2.97928997096539293e-07,4.56826828375696093e-07,19,4,1,5.76460752303767552e+17,21,2,1,5.76460752303767552e+17,16,7,2,3.32306998945331719e+35,7.11339971999999989e+02,0,1.68649553221242661e-07,nan,0.00000000000000000e+00
87,3,5.59873098631455533e-09,1.00000000000000000e+00,2.30900722777234714e-07,2,18,1.07693789541263993e-07,-8.40720424626539554e-08,2.30900722777234714e-07,1.69172819047548414e-07,-1.49959693900608309e-07,3.83180468876505589e-07,2.81731191559443028e-07,-1.08525050084811897e-07,2.25301991790920146e-07,4.67252511339159571e-07,3.77581737890191047e-07,5.33140162777113898e-07,19,4,1,5.76460752303767552e+17,21,2,1,5.76460752303767552e+17,16,7,2,3.32306998945331719e+35,5.98800617999999986e+02,0,4.67252511339159571e-07,nan,0.00000000000000000e+00
88,0,-9.57224104730708724e-08,1.00000000000000000e+00,2.62957428902450774e-07,2,18,1.32934695506912979e-07,-2.62957428902450774e-07,1.58725358202162692e-07,2.12520611365493545e-08,-4.03921448928721484e-08,-2.99865407839234698e-07,2.78141081992809996e-07,-3.62097858777274019e-08,2.54447768675233551e-07,1.73326840399785128e-07,3.73863492465880881e-07,5.78006489832044641e-07,19,4,1,5.76460752303767552e+17,21,2,1,5.76460752303767552e+17,16,7,2,3.32306998945331719e+35,5.75560327000000029e+02,0,1.73326840399785128e-07,nan,0.00000000000000000e+00
88,1,1.84384813326193403e-08,1.00000000000000000e+00,2.49906718194973483e-07,2,18,1.25249781473266067e-07,1.21114601269433099e-07,-2.23023338746810904e-07,2.49906718194973483e-07,-2.13829430390585077e-07,-6.50220683359099801e-09,1.66968486114772970e-07,7.73876270656841771e-08,2.41461820079430227e-07,3.89991824861583874e-07,2.32267911723204427e-07,3.80797916505358047e-07,19,4,1,5.76460752303767552e+17,21,2,1,5.76460752303767552e+17,16,7,2,3.32306998945331719e+35,5.83794255000000021e+02,0,3.89991824861583874e-07,nan,0.00000000000000000e+00
88,2,2.13507437507655794e-10,1.00000000000000000e+00,2.62880877378500630e-07,2,18,9.49182909285829333e-08,-2.05822414681774379e-07,2.62880877378500630e-07,1.76945268848923571e-07,1.26594584607834313e-07,8.74399938273564863e-08,8.43044713036650699e-08,1.07416612939938430e-07,2.62667369940992983e-07,2.93262408509130878e-07,1.26381077170326666e-07,4.22901133041692433e-08,19,4,1,5.76460752303767552e+17,21,2,1,5.76460752303767552e+17,16,7,2,3.32306998945331719e+35,5.86108275000000049e+02,0,2.93262408509130878e-07,nan,0.00000000000000000e+00
88,3,6.96280377022518506e-08,1.00000000000000000e+00,4.34358498773267003e-07,2,18,-1.03598518910092934e-08,-8.27900055716648593e-08,-4.34358498773267003e-07,-3.07179710247063664e-07,-8.08598058902306530e-08,-1.99148668981252642e-07,1.15761182925478705e-07,-3.17465097775052298e-07,5.03986536475518827e-07,5.50119681698745708e-07,3.87093135477304175e-07,4.33226280700531003e-07,19,4,1,5.76460752303767552e+17,21,2,1,5.76460752303767552e+17,16,7,2,3.32306998945331719e+35,5.93714230000000043e+02,0,5.50119681698745708e-07,nan,0.00000000000000000e+00
89,0,-6.33104961615787230e-08,1.00000000000000000e+00,1.80212714114074052e-07,2,18,1.03669786500906717e-07,1.80212714114074052e-07,-1.76711507171727922e-07,8.42820083277734701e-08,-9.04385632652603547e-08,5.78168578283433501e-07,1.06136132213302041e-07,-2.49274972857783269e-07,2.43523210275652788e-07,3.97955864169359450e-07,6.41479074445012185e-07,8.27443551141216718e-07,19,4,1,5.76460752303767552e+17,21,2,1,5.76460752303767552e+17,16,7,2,3.32306998945331719e+35,5.65113988999999947e+02,0,3.97955864169359450e-07,nan,0.00000000000000000e+00
89,1,-3.35109813266359408e-08,1.00000000000000000e+00,3.48095567638032398e-07,2,18,4.70115528461132155e-08,1.32364271309184956e-07,4.63717126120624549e-09,-3.48095567638032398e-07,2.49236971772018701e-07,-1.59732963041526283e-07,3.98330244934203205e-07,-3.06602031327209901e-07,3.14584586311396431e-07,3.93693073672996956e-07,4.31841226260839119e-07,7.04932276261413106e-07,19,4,1,5.76460752303767552e+17,21,2,1,5.76460752303767552e+17,16,7,2,3.32306998945331719e+35,5.78912551000000008e+02,0,3.93693073672996956e-07,nan,0.00000000000000000e+00
89,2,-7.80385702158716307e-08,1.00000000000000000e+00,6.59859096661583432e-07,2,18,2.31805931282915164e-07,-1.51941971049180002e-07,-6.59859096661583432e-07,-3.00964795907261271e-07,4.43340093722343892e-07,-1.96016520759200455e-07,1.53147594571659306e-07,3.45440869145903732e-07,5.81820526445711814e-07,8.13006691233242711e-07,5.21378663938215509e-07,6.39356614481544294e-07,19,4,1,5.76460752303767552e+17,21,2,1,5.76460752303767552e+17,16,7,2,3.32306998945331719e+35,5.87635267999999996e+02,0,8.13006691233242711e-07,nan,0.00000000000000000e+00
89,3,-1.55679397603796198e-07,1.00000000000000000e+00,3.52484562458170731e-07,2,18,3.52484562458170731e-07,-1.27757929882257850e-07,9.89628631638719605e-08,-2.66505089922557470e-07,1.44461970351072588e-07,6.68261771640892599e-08,-5.27804897456070190e-08,1.83272986756812985e-07,5.08163960061966903e-07,4.49778076679370455e-07,3.38952384360609156e-07,2.36053476502420010e-07,19,4,1,5.76460752303767552e+17,21,2,1,5.76460752303767552e+17,16,7,2,3.32306998945331719e+35,5.81762310999999954e+02,0,4.49778076679370455e-07,nan,0.00000000000000000e+00
90,0,-2.10681364184642802e-08,1.00000000000000000e+00,5.02632976633980064e-07,2,18,-1.01825422661313955e-07,-8.28510065047938117e-08,-5.02632976633980064e-07,-4.93804919632100234e-07,1.35421394268251581e-07,1.36338803961261125e-07,-4.99692486371037080e-08,-1.76770660922873338e-07,4.81564840215515794e-07,4.52663727996876356e-07,1.57406940379725395e-07,3.13109464884134463e-07,19,4,1,5.76460752303767552e+17,21,2,1,5.76460752303767552e+17,16,7,2,3.32306998945331719e+35,5.73256883000000016e+02,0,4.52663727996876356e-07,nan,0.00000000000000000e+00
90,1,-1.34201957545238284e-08,1.00000000000000000e+00,2.97128890747109170e-07,2,18,1.48604004755948702e-07,4.50724187777814417e-08,6.37089374118331510e-08,-2.97128890747109170e-07,1.80798641561252764e-07,3.02004866199497806e-07,4.31995218665768182e-07,-1.82797517537572439e-07,2.83708694992585360e-07,3.68286281253935005e-07,4.45415414420291993e-07,6.14792736203340569e-07,19,4,1,5.76460752303767552e+17,21,2,1,5.76460752303767552e+17,16,7,2,3.32306998945331719e+35,6.10753892999999948e+02,0,3.68286281253935005e-07,nan,0.00000000000000000e+00
90,2,-2.67436011575387716e-09,1.00000000000000000e+00,6.15351328174746829e-07,2,18,2.31889154352627170e-07,-3.80005207887565489e-07,4.05877513922983225e-07,6.15351328174746829e-07,-2.47374856204164914e-07,2.55877371520538729e-07,3.77692765758676943e-07,-2.50537594692250249e-07,6.18025688290500707e-07,8.65888922866997077e-07,3.80367125874430821e-07,6.28230360450927191e-07,19,4,1,5.76460752303767552e+17,21,2,1,5.76460752303767552e+17,16,7,2,3.32306998945331719e+35,5.82570351999999957e+02,0,8.65888922866997077e-07,nan,0.00000000000000000e+00
90,3,9.35339970858764797e-09,1.00000000000000000e+00,6.30647209269780615e-07,2,18,-6.30027074684088224e-07,1.19684531244637245e-07,1.10999416387896436e-07,6.30647209269780615e-07,-1.36573830651117596e-07,-4.61560456385093231e-07,-8.09462693465788816e-08,-3.47313024421723479e-07,6.39380474392675869e-07,9.77960233691503989e-07,4.70913856093680876e-07,3.80614187038514336e-07,19,4,1,5.76460752303767552e+17,21,2,1,5.76460752303767552e+17,16,7,2,3.32306998945331719e+35,6.31717904999999973e+02,0,9.77960233691503989e-07,nan,0.00000000000000000e+00
91,0,6.75847007066336559e-09,1.00000000000000000e+00,4.51042020026484089e-07,2,18,5.49726613110526929e-08,7.06850518168590400e-08,2.50119465639277507e-07,4.51042020026484089e-07,-2.12011834128431278e-07,1.46590005189792829e-07,-8.50611954738730744e-08,2.33303675860413998e-07,4.44283549955820739e-07,3.35180661113150608e-07,2.26545205789750621e-07,4.45315509988845249e-07,19,4,1,5.76460752303767552e+17,21,2,1,5.76460752303767552e+17,16,7,2,3.32306998945331719e+35,5.71581169000000045e+02,0,3.35180661113150608e-07,nan,0.00000000000000000e+00
91,1,-3.21438899666100914e-08,1.00000000000000000e+00,5.76990432784541357e-07,2,18,-5.76990432784541357e-07,-3.96317138703456931e-07,-5.16398726332986310e-07,-2.80626486624014258e-07,-7.66110530969129821e-07,-2.64843820630048538e-07,-9.09330335626883103e-07,-1.89640103631153153e-08,5.44846542817931239e-07,3.92931609293896794e-07,8.77186445660272986e-07,8.90366325263767762e-07,19,4,1,5.76460752303767552e+17,21,2,1,5.76460752303767552e+17,16,7,2,3.32306998945331719e+35,5.88739725000000021e+02,0,3.92931609293896794e-07,nan,0.00000000000000000e+00
91,2,2.61328650593783097e-08,1.00000000000000000e+00,5.92719775430034082e-07,2,18,2.43351997491529735e-07,-4.61172852078347334e-07,5.92719775430034082e-07,-3.33776146292511139e-09,2.73026110409962598e-07,-1.74335951389387519e-07,-1.94133789380536128e-07,8.96886631262900433e-09,5.66586910370655749e-07,7.86853564810570236e-07,2.46893245350584265e-07,4.67159899790498752e-07,19,4,1,5.76460752303767552e+17,21,2,1,5.76460752303767552e+17,16,7,2,3.32306998945331719e+35,5.79853902999999946e+02,0,7.86853564810570236e-07,nan,0.00000000000000000e+00
91,3,5.39558762522000072e-08,1.00000000000000000e+00,3.31867805671378376e-07,2,18,3.31867805671378376e-07,1.25809293458148755e-07,-1.13814638999661919e-07,-9.63281860542884861e-09,6.02335586343193036e-07,-2.27780229625690164e-07,-1.40003671816565554e-07,-1.82874862474807419e-07,2.77911929419178382e-07,3.53589523083838893e-07,5.48379710090993042e-07,8.30115815968883174e-07,19,4,1,5.76460752303767552e+17,21,2,1,5.76460752303767552e+17,16,7,2,3.32306998945331719e+35,5.70484306999999944e+02,0,3.53589523083838893e-07,nan,0.00000000000000000e+00
92,0,-1.77070145861725349e-07,1.00000000000000000e+00,3.21046904461305391e-07,2,18,1.54854870200930109e-07,-1.74471896638899213e-07,-3.21046904461305391e-07,1.16994495399681791e-07,3.85464273118942114e-07,-6.89859173140137977e-07,-1.91994194515387289e-07,-5.38275159332012552e-07,3.31925016062655458e-07,6.55269654731694303e-07,5.62534418980667463e-07,1.07532344625908009e-06,19,4,1,5.76460752303767552e+17,21,2,1,5.76460752303767552e+17,16,7,2,3.32306998945331719e+35,5.76324021000000016e+02,0,6.55269654731694303e-07,nan,0.00000000000000000e+00
92,1,-6.35901942984005964e-09,1.00000000000000000e+00,5.03442091619408012e-07,2,18,1.69653498836420866e-07,-5.03442091619408012e-07,-3.12107525505623270e-07,8.77767058202118816e-08,-3.42692146963533656e-07,2.04484438094568628e-07,-1.48292081628930743e-07,-6.65634120438423329e-07,4.97083072189567960e-07,7.53410826258635210e-07,6.59275101008583277e-07,8.70118558532992010e-07,19,4,1,5.76460752303767552e+17,21,2,1,5.76460752303767552e+17,16,7,2,3.32306998945331719e+35,5.67506546999999955e+02,0,7.53410826258635210e-07,nan,0.00000000000000000e+00
92,2,6.74094774514572068e-08,1.00000000000000000e+00,5.09139393777667924e-07,2,18,7.76557197792491659e-08,1.80729002970072672e-07,5.09139393777667924e-07,-1.55237245563311603e-07,1.11863620846443359e-07,-8.79805279769701396e-07,-4.15277245065422028e-07,-3.80333428481278098e-07,4.41729916326210743e-07,1.06053428273977412e-06,9.47214757221158576e-07,9.91668900616144702e-07,19,4,1,5.76460752303767552e+17,21,2,1,5.76460752303767552e+17,16,7,2,3.32306998945331719e+35,5.74963792000000012e+02,0,1.06053428273977412e-06,nan,0.00000000000000000e+00
92,3,1.39579215001030384e-07,1.00000000000000000e+00,6.67187327376162063e-07,2,18,-3.88233996948183312e-07,5.25015199381647027e-07,2.45590560682049019e-07,6.67187327376162063e-07,1.16620094455302382e-07,3.27593004525216254e-07,5.65590936231017733e-07,8.01884242452721336e-08,5.27813211949213722e-07,5.86998903130889877e-07,4.26011721229987323e-07,4.85402511985745546e-07,19,4,1,5.76460752303767552e+17,21,2,1,5.76460752303767552e+17,16,7,2,3.32306998945331719e+35,5.82449406999999951e+02,0,5.86998903130889877e-07,nan,0.00000000000000000e+00
93,0,9.35160098280708256e-08,1.00000000000000000e+00,9.59053994689341073e-07,2,18,6.61261004483273294e-07,6.91206354029252616e-08,4.10479769544917010e-07,9.59053994689341073e-07,7.82041188505427314e-07,7.95875576187223500e-07,2.81595524098142369e-07,-7.33483757152944607e-07,8.65537984861270247e-07,1.69253775184228568e-06,8.26999766981015433e-07,1.52935933334016811e-06,19,4,1,5.76460752303767552e+17,21,2,1,5.76460752303767552e+17,16,7,2,3.32306998945331719e+35,5.62736790000000042e+02,0,1.69253775184228568e-06,nan,0.00000000000000000e+00
93,1,2.93206003468933556e-07,1.00000000000000000e+00,8.31040079524903013e-07,2,18,-5.49069110994885758e-07,1.08471145339696676e-07,-8.31040079524903013e-07,4.46977448948402730e-07,-4.47691384873716336e-08,-3.82680465597576373e-08,-7.82632147538162986e-07,-3.72132310423086816e-07,1.12424608299383652e-06,8.19109759371489546e-07,1.07583815100709659e-06,7.44364100978405348e-07,19,4,1,5.76460752303767552e+17,21,2,1,5.76460752303767552e+17,16,7,2,3.32306998945331719e+35,5.76405304999999998e+02,0,8.19109759371489546e-07,nan,0.00000000000000000e+00
93,2,1.54252104535852343e-07,1.00000000000000000e+00,5.89692255955682720e-07,2,18,5.89692255955682720e-07,2.32988679948094086e-07,-2.43063922651289556e-07,-5.10283988422222791e-07,-6.67673084199301307e-07,8.40951185171027394e-08,3.68917684457942606e-07,-2.32173664076868819e-07,6.64536092958075160e-07,1.25736534015498403e-06,8.21925188735153676e-07,1.03659076865724391e-06,19,4,1,5.76460752303767552e+17,21,2,1,5.76460752303767552e+17,16,7,2,3.32306998945331719e+35,5.87339318000000048e+02,0,1.25736534015498403e-06,nan,0.00000000000000000e+00
93,3,1.78579901781290683e-07,1.00000000000000000e+00,7.74353463118816605e-07,2,18,6.76214416144805864e-07,-2.90160376559568798e-07,-7.74353463118816605e-07,2.29848704212049610e-07,-6.44992548622098199e-07,3.19068526076140332e-07,-2.79286026222264561e-07,4.44762076916118258e-07,9.52933364900107315e-07,1.32120696476690406e-06,8.23572450403388908e-07,1.08975462553821635e-06,19,4,1,5.76460752303767552e+17,21,2,1,5.76460752303767552e+17,16,7,2,3.32306998945331719e+35,5.80555226999999945e+02,0,1.32120696476690406e-06,nan,0.00000000000000000e+00
94,0,-7.22353756218465599e-08,1.00000000000000000e+00,4.65879296765754816e-07,2,18,2.21406988066252245e-07,3.95427820970628204e-07,1.57063372794115763e-07,-4.65879296765754816e-07,-2.93306593739370401e-07,-2.40726335558090215e-07,4.12205409637699110e-07,-3.52193189158147463e-07,4.67663196592474764e-07,6.36154156528718472e-07,4.84440785259545722e-07,7.64398598795846573e-07,19,4,1,5.76460752303767552e+17,21,2,1,5.76460752303767552e+17,16,7,2,3.32306998945331719e+35,6.33985908999999992e+02,0,6.36154156528718472e-07,nan,0.00000000000000000e+00
94,1,-5.14096551667648733e-08,1.00000000000000000e+00,1.05345993479478783e-06,2,18,3.44865664380457962e-07,1.05345993479478783e-06,-6.43025846462800142e-07,-5.81363773243882320e-07,-5.37003280588048538e-07,-1.76047039134643243e-08,1.34601324548776221e-08,4.97778572644126532e-07,1.10486958996155277e-06,1.07914234588800875e-06,5.49188227810891359e-07,1.03478185323217507e-06,19,4,1,5.76460752303767552e+17,21,2,1,5.76460752303767552e+17,16,7,2,3.32306998945331719e+35,5.68504744999999957e+02,0,1.07914234588800875e-06,nan,0.00000000000000000e+00
94,2,-8.47220414921545170e-08,1.00000000000000000e+00,8.63760894176399919e-07,2,18,8.63760894176399919e-07,-9.62668463014858083e-08,1.62573387668442996e-07,-6.60763285109430940e-07,-5.84623369983005924e-07,2.71057038334846731e-07,-4.78643257246744786e-07,-5.90479626664624717e-07,9.48482935668554462e-07,1.44838426415940574e-06,5.05757585172470174e-07,8.61536664999471501e-07,19,4,1,5.76460752303767552e+17,21,2,1,5.76460752303767552e+17,16,7,2,3.32306998945331719e+35,5.83983343999999988e+02,0,1.44838426415940574e-06,nan,0.00000000000000000e+00
94,3,-2.91112293526900323e-08,1.00000000000000000e+00,1.50555957831555974e-06,2,18,2.48303585858328556e-07,2.80602514649430244e-07,9.20556377648216281e-07,-1.50555957831555974e-06,3.03962006330816448e-07,1.36735875301292595e-07,1.45811163176957942e-06,-4.59735540637646489e-07,1.47644834896286979e-06,1.04582403767791314e-06,1.48722286112226937e-06,1.91784717240722601e-06,19,4,1,5.76460752303767552e+17,21,2,1,5.76460752303767552e+17,16,7,2,3.32306998945331719e+35,5.74348728000000051e+02,0,1.04582403767791314e-06,nan,0.00000000000000000e+00
95,0,-2.86492909266767505e-07,1.00000000000000000e+00,8.03590713253805485e-07,2,18,-8.03590713253805485e-07,5.67585529894119082e-08,-2.41769343386729012e-07,-6.80897657108757217e-07,-8.43909191379981807e-07,5.77073671124636922e-07,-3.41753428887295276e-07,8.20417982213759163e-07,5.17097803987038033e-07,1.50131563932251627e-06,1.10691089148052661e-06,1.66432717359374097e-06,19,4,1,5.76460752303767552e+17,21,2,1,5.76460752303767552e+17,16,7,2,3.32306998945331719e+35,5.54395119000000022e+02,0,1.50131563932251627e-06,nan,0.00000000000000000e+00
95,1,-2.04450699492364452e-07,1.00000000000000000e+00,9.37156725796226363e-07,2,18,1.40208014707112639e-07,-7.29021329244154391e-07,9.37156725796226363e-07,9.19072055937051136e-07,-4.07671136042150413e-07,-1.99873889405625006e-06,-1.66198008678621080e-06,-6.25644199515206858e-07,1.14160742528859084e-06,2.59913681258243716e-06,1.79428819456388558e-06,1.59106775801409975e-06,19,4,1,5.76460752303767552e+17,21,2,1,5.76460752303767552e+17,16,7,2,3.32306998945331719e+35,5.64188008999999965e+02,0,2.59913681258243716e-06,nan,0.00000000000000000e+00
95,2,-3.84820387181486287e-07,1.00000000000000000e+00,1.44392866012089304e-06,2,18,-1.44392866012089304e-06,-1.05976299358170825e-06,-5.09464068641891782e-08,-7.56020830395190431e-07,2.25417608175647867e-07,-1.91177057149490285e-06,-1.24746716222857694e-06,1.89990680961167197e-07,1.05910827293940665e-06,1.66934626829654091e-06,1.52695018431341667e-06,2.13718817967055072e-06,19,4,1,5.76460752303767552e+17,21,2,1,5.76460752303767552e+17,16,7,2,3.32306998945331719e+35,5.84993418000000020e+02,0,1.66934626829654091e-06,nan,0.00000000000000000e+00
95,3,-5.28691087797834392e-07,1.00000000000000000e+00,9.40205901030868243e-07,2,18,-9.40205901030868243e-07,-3.40512977249171281e-07,5.57630910666580059e-07,-2.22061369514877481e-07,-1.04775309936407759e-06,1.44293459853457141e-07,-4.39385458916236128e-07,-6.63240576342723798e-07,1.08632199846441445e-06,9.97016369582816187e-07,6.72984547651291586e-07,1.19204655921753478e-06,19,4,1,5.76460752303767552e+17,21,2,1,5.76460752303767552e+17,16,7,2,3.32306998945331719e+35,5.76297402000000034e+02,0,9.97016369582816187e-07,nan,0.00000000000000000e+00
96,0,-6.99878012234598618e-07,1.00000000000000000e+00,8.49429545314471987e-07,2,18,3.66540819628449377e-07,-8.49429545314471987e-07,4.45083071375902087e-07,1.31360460900196766e-07,-1.30268379839475942e-07,-1.41097512959116167e-06,9.56613245035733097e-07,-9.31301988693144630e-07,1.14496108361050071e-06,1.06266244959334134e-06,1.65649125727033172e-06,2.36758837462689455e-06,19,4,1,5.76460752303767552e+17,21,2,1,5.76460752303767552e+17,16,7,2,3.32306998945331719e+35,5.70813645999999949e+02,0,1.06266244959334134e-06,nan,0.00000000000000000e+00
96,1,-5.38366636264868681e-07,1.00000000000000000e+00,2.52351435086673475e-06,2,18,-4.23114363779648121e-07,-2.52351435086673475e-06,-9.06355336913226342e-08,-1.87845143871657560e-07,-2.33116177659623248e-06,-1.06143821287898158e-06,-2.02058301417941617e-06,-4.22911833610145941e-07,1.98514771460186596e-06,1.92994748048809364e-06,1.79279514033136370e-06,1.90824994298608643e-06,19,4,1,5.76460752303767552e+17,21,2,1,5.76460752303767552e+17,16,7,2,3.32306998945331719e+35,5.66307001000000014e+02,0,1.92994748048809364e-06,nan,0.00000000000000000e+00
96,2,-5.30798488750442799e-07,1.00000000000000000e+00,1.28368475376274465e-06,2,18,-1.28368475376274465e-06,-6.51559631914911869e-07,-5.30275074920574709e-07,-1.17486545911481715e-06,-1.73648400435701148e-06,-6.21650458438026550e-07,-8.04278742810026225e-07,-1.14749174116723398e-06,7.52886265012301848e-07,4.52799250594266838e-07,1.20568551560656858e-06,1.11483354591898493e-06,19,4,1,5.76460752303767552e+17,21,2,1,5.76460752303767552e+17,16,7,2,3.32306998945331719e+35,5.86142254999999977e+02,0,4.52799250594266838e-07,nan,0.00000000000000000e+00
96,3,-2.81255776472864820e-07,1.00000000000000000e+00,1.44985153662259721e-06,2,18,-1.04490075280291642e-06,-1.04696788129092548e-06,-1.44985153662259721e-06,-6.99801041627203251e-07,-1.02266926153973887e-06,-2.34066564512162926e-07,-6.74076488419275251e-07,-4.29010424173675852e-07,1.16859576014973234e-06,8.12901316778762504e-07,7.41413485066874001e-07,7.88602697027575896e-07,19,4,1,5.76460752303767552e+17,21,2,1,5.76460752303767552e+17,16,7,2,3.32306998945331719e+35,5.98810664999999972e+02,0,8.12901316778762504e-07,nan,0.00000000000000000e+00
97,0,-6.01263439761505496e-07,1.00000000000000000e+00,1.91873658294741639e-06,2,18,-1.91873658294741639e-06,-1.42911573654055135e-06,8.33855156809360027e-07,-7.35754827740933753e-08,1.33872066966551728e-06,4.71445613088123797e-07,7.29172256746803633e-07,1.39316783165890348e-06,1.43511859657086563e-06,3.25745725261293346e-06,1.99443127142040908e-06,9.21722218570779633e-07,19,4,1,5.76460752303767552e+17,21,2,1,5.76460752303767552e+17,16,7,2,3.32306998945331719e+35,5.75243054000000029e+02,0,3.25745725261293346e-06,nan,0.00000000000000000e+00
97,1,-2.93991390647399154e-07,1.00000000000000000e+00,5.45601183627685896e-07,2,18,-3.29818606858053531e-07,-6.55136449711045260e-08,-9.85140476477803740e-09,-5.45601183627685896e-07,-9.93875841506869443e-07,-5.28976632039325491e-07,-2.33204503791203073e-07,-6.24515074242765315e-07,2.84139985882621090e-07,6.64057234648815912e-07,6.99884450859470342e-07,7.60671337715666370e-07,19,4,1,5.76460752303767552e+17,21,2,1,5.76460752303767552e+17,16,7,2,3.32306998945331719e+35,5.96661057000000028e+02,0,6.64057234648815912e-07,nan,0.00000000000000000e+00
97,2,-4.56792906684528997e-07,1.00000000000000000e+00,1.26039222183876917e-06,2,18,-4.21285065887063011e-07,1.26039222183876917e-06,-4.68702414656175490e-07,1.08859074714099609e-07,-5.89311693188980225e-07,-9.47011894411654567e-08,-8.92316461404697532e-07,-1.54725018335003363e-06,1.71718512852329811e-06,1.65610925806413313e-06,1.09045727666550468e-06,1.45254899390886828e-06,19,4,1,5.76460752303767552e+17,21,2,1,5.76460752303767552e+17,16,7,2,3.32306998945331719e+35,6.01993530999999962e+02,0,1.65610925806413313e-06,nan,0.00000000000000000e+00
97,3,-1.46653122982207973e-07,1.00000000000000000e+00,1.06037381249363335e-06,2,18,2.47955145117477880e-07,-6.48104149771840353e-07,-1.06037381249363335e-06,-8.87777829679786330e-07,6.28652348799652626e-07,-6.90253777630591485e-07,1.77383845531214955e-07,-1.71553832779519722e-06,9.13720689511425381e-07,1.23775765802484831e-06,1.56888520481298925e-06,2.34419067659485006e-06,19,4,1,5.76460752303767552e+17,21,2,1,5.76460752303767552e+17,16,7,2,3.32306998945331719e+35,5.65447664000000032e+02,0,1.23775765802484831e-06,nan,0.00000000000000000e+00
98,0,-4.48751520401222672e-07,1.00000000000000000e+00,2.07257512587271895e-06,2,18,-1.68502502564915165e-06,7.58387377584851333e-07,-6.24773843368645805e-07,2.07257512587271895e-06,-1.22193264141768559e-07,3.05959445993629859e-06,-3.25788001553728846e-07,2.53774506950122135e-06,2.52132664627394167e-06,2.30120708235144726e-06,3.50834598033752132e-06,3.38538246149002765e-06,19,4,1,5.76460752303767552e+17,21,2,1,5.76460752303767552e+17,16,7,2,3.32306998945331719e+35,5.68577052999999978e+02,0,2.30120708235144726e-06,nan,0.00000000000000000e+00
98,1,1.63654728111733927e-07,1.00000000000000000e+00,1.94439396718119538e-06,2,18,-1.16751802196465436e-07,1.94439396718119538e-06,-1.16385260009280770e-06,8.67169848759703989e-07,8.18147466368864290e-08,-1.42550549155632855e-06,7.91422271910689017e-07,1.49927729013857012e-06,1.78073923906946145e-06,3.36989945873752393e-06,1.58916021966806248e-06,2.92478278169489867e-06,19,4,1,5.76460752303767552e+17,21,2,1,5.76460752303767552e+17,16,7,2,3.32306998945331719e+35,5.73260286999999948e+02,0,3.36989945873752393e-06,nan,0.00000000000000000e+00
98,2,1.84087910387930229e-07,1.00000000000000000e+00,1.42692480646850984e-06,2,18,-1.14824039141152170e-07,3.16438257921854038e-07,7.21059170565107222e-07,-1.42692480646850984e-06,-5.20650416916336197e-07,7.28362037968084778e-07,1.10485472865238911e-06,3.82644253962983671e-07,1.61101271685643997e-06,1.80956906043149341e-06,9.20766818264458884e-07,1.62550514556872531e-06,19,4,1,5.76460752303767552e+17,21,2,1,5.76460752303767552e+17,16,7,2,3.32306998945331719e+35,5.71010435000000030e+02,0,1.80956906043149341e-06,nan,0.00000000000000000e+00
98,3,3.87725000230381857e-07,1.00000000000000000e+00,5.28701281491562658e-07,2,18,-2.29096358813965579e-07,3.10329609851046571e-07,4.68659524516700139e-07,5.28701281491562658e-07,1.07226879706140447e-06,9.94724254775045816e-07,1.73988608736935813e-06,1.36452885060099154e-06,6.16821359044347409e-07,1.30136515587537008e-06,1.35216108713897622e-06,7.45161832594312315e-07,19,4,1,5.76460752303767552e+17,21,2,1,5.76460752303767552e+17,16,7,2,3.32306998945331719e+35,5.74891669999999976e+02,0,1.30136515587537008e-06,nan,0.00000000000000000e+00
99,0,1.89034617403612561e-07,1.00000000000000000e+00,1.89715875341598699e-06,2,18,1.89715875341598699e-06,-1.35760449451603442e-06,-1.57027555126566867e-06,1.26091014790421840e-06,1.87670442251504931e-06,8.82225662028031834e-07,1.18627429032729193e-06,1.09637893649525088e-07,1.75931016866928125e-06,2.75654984159296081e-06,1.68766980511143672e-06,1.76706652886552422e-06,19,4,1,5.76460752303767552e+17,21,2,1,5.76460752303767552e+17,16,7,2,3.32306998945331719e+35,5.75333403999999973e+02,0,2.75654984159296081e-06,nan,0.00000000000000000e+00
99,1,3.49862519255368433e-07,1.00000000000000000e+00,3.13492467151917325e-06,2,18,1.25795014550597869e-06,3.69690341349320877e-07,1.07407261040208630e-06,3.13492467151917325e-06,2.67656550866349886e-06,-1.89568090225771981e-06,3.32528189490751483e-06,3.25914773315570593e-06,2.78506215226380476e-06,2.26537124360704090e-06,2.97541937565214634e-06,5.22096279716523507e-06,19,4,1,5.76460752303767552e+17,21,2,1,5.76460752303767552e+17,16,7,2,3.32306998945331719e+35,5.76203101999999944e+02,0,2.26537124360704090e-06,nan,0.00000000000000000e+00
99,2,2.05806140748461647e-07,1.00000000000000000e+00,2.05363731248455700e-06,2,18,7.88711503631927738e-07,2.30164948164538843e-07,-8.08035066558857592e-07,2.05363731248455700e-06,5.77894448841657236e-07,-3.73179216947604635e-07,-1.70645757905751592e-06,2.77882845171608033e-06,1.84783117173609536e-06,8.98422512498658329e-07,2.57302231096761868e-06,4.48528603077359646e-06,19,4,1,5.76460752303767552e+17,21,2,1,5.76460752303767552e+17,16,7,2,3.32306998945331719e+35,5.84367721999999958e+02,0,8.98422512498658329e-07,nan,0.00000000000000000e+00
99,3,3.43799888013370268e-07,1.00000000000000000e+00,1.71893143630579803e-06,2,18,5.32103430704968695e-07,-1.33452079233665232e-06,1.20708070560840497e-06,-1.71893143630579803e-06,4.94472479080461247e-07,-1.56580562222636719e-06,1.11768947025336262e-06,9.87534113460011570e-07,2.06273132431916824e-06,2.70646554976580981e-06,1.90960551023973762e-06,2.68349509247973003e-06,19,4,1,5.76460752303767552e+17,21,2,1,5.76460752303767552e+17,16,7,2,3.32306998945331719e+35,5.76741352000000006e+02,0,2.70646554976580981e-06,nan,0.00000000000000000e+00
