block,sample,operation,lhs_input_level,lhs_input_towers,lhs_input_noiseScaleDegree,lhs_input_scalingFactor,rhs_input_level,rhs_input_towers,rhs_input_noiseScaleDegree,rhs_input_scalingFactor,lhs_aligned_level,lhs_aligned_towers,lhs_aligned_noiseScaleDegree,lhs_aligned_scalingFactor,rhs_aligned_level,rhs_aligned_towers,rhs_aligned_noiseScaleDegree,rhs_aligned_scalingFactor,after_mult_level,after_mult_towers,after_mult_noiseScaleDegree,after_mult_scalingFactor,after_relinearize_level,after_relinearize_towers,after_relinearize_noiseScaleDegree,after_relinearize_scalingFactor,after_rescale_level,after_rescale_towers,after_rescale_noiseScaleDegree,after_rescale_scalingFactor
0,0,P_0,0,23,1,5.76460752303439872e+17,0,23,1,5.76460752303439872e+17,0,23,1,5.76460752303439872e+17,0,23,1,5.76460752303439872e+17,0,23,2,3.32306998946247858e+35,0,23,2,3.32306998946247858e+35,1,22,1,5.76460752303439872e+17
0,1,P_1,0,23,1,5.76460752303439872e+17,0,23,1,5.76460752303439872e+17,0,23,1,5.76460752303439872e+17,0,23,1,5.76460752303439872e+17,0,23,2,3.32306998946247858e+35,0,23,2,3.32306998946247858e+35,1,22,1,5.76460752303439872e+17
0,1,q_1_0,0,23,1,5.76460752303439872e+17,0,23,1,5.76460752303439872e+17,0,23,1,5.76460752303439872e+17,0,23,1,5.76460752303439872e+17,0,23,2,3.32306998946247858e+35,0,23,2,3.32306998946247858e+35,1,22,1,5.76460752303439872e+17
0,2,P_2,0,23,1,5.76460752303439872e+17,0,23,1,5.76460752303439872e+17,0,23,1,5.76460752303439872e+17,0,23,1,5.76460752303439872e+17,0,23,2,3.32306998946247858e+35,0,23,2,3.32306998946247858e+35,1,22,1,5.76460752303439872e+17
0,2,q_2_0,0,23,1,5.76460752303439872e+17,0,23,1,5.76460752303439872e+17,0,23,1,5.76460752303439872e+17,0,23,1,5.76460752303439872e+17,0,23,2,3.32306998946247858e+35,0,23,2,3.32306998946247858e+35,1,22,1,5.76460752303439872e+17
0,2,q_2_1,0,23,1,5.76460752303439872e+17,0,23,1,5.76460752303439872e+17,0,23,1,5.76460752303439872e+17,0,23,1,5.76460752303439872e+17,0,23,2,3.32306998946247858e+35,0,23,2,3.32306998946247858e+35,1,22,1,5.76460752303439872e+17
0,3,P_3,0,23,1,5.76460752303439872e+17,0,23,1,5.76460752303439872e+17,0,23,1,5.76460752303439872e+17,0,23,1,5.76460752303439872e+17,0,23,2,3.32306998946247858e+35,0,23,2,3.32306998946247858e+35,1,22,1,5.76460752303439872e+17
0,3,q_3_0,0,23,1,5.76460752303439872e+17,0,23,1,5.76460752303439872e+17,0,23,1,5.76460752303439872e+17,0,23,1,5.76460752303439872e+17,0,23,2,3.32306998946247858e+35,0,23,2,3.32306998946247858e+35,1,22,1,5.76460752303439872e+17
0,3,q_3_1,0,23,1,5.76460752303439872e+17,0,23,1,5.76460752303439872e+17,0,23,1,5.76460752303439872e+17,0,23,1,5.76460752303439872e+17,0,23,2,3.32306998946247858e+35,0,23,2,3.32306998946247858e+35,1,22,1,5.76460752303439872e+17
0,3,q_3_2,0,23,1,5.76460752303439872e+17,0,23,1,5.76460752303439872e+17,0,23,1,5.76460752303439872e+17,0,23,1,5.76460752303439872e+17,0,23,2,3.32306998946247858e+35,0,23,2,3.32306998946247858e+35,1,22,1,5.76460752303439872e+17
0,4,M_u_col_0,16,7,2,3.32306998945331719e+35,0,23,1,5.76460752303439872e+17,17,6,1,5.76460752302153728e+17,17,6,1,5.76460752303439872e+17,17,6,2,3.32306998945506446e+35,17,6,2,3.32306998945506446e+35,18,5,1,5.76460752303513600e+17
0,4,M_y_col_0,0,23,1,5.76460752303439872e+17,0,23,1,5.76460752303439872e+17,0,23,1,5.76460752303439872e+17,0,23,1,5.76460752303439872e+17,0,23,2,3.32306998946247858e+35,0,23,2,3.32306998946247858e+35,1,22,1,5.76460752303439872e+17
0,4,M_u_col_1,16,7,2,3.32306998945331719e+35,0,23,1,5.76460752303439872e+17,17,6,1,5.76460752302153728e+17,17,6,1,5.76460752303439872e+17,17,6,2,3.32306998945506446e+35,17,6,2,3.32306998945506446e+35,18,5,1,5.76460752303513600e+17
0,4,M_y_col_1,0,23,1,5.76460752303439872e+17,0,23,1,5.76460752303439872e+17,0,23,1,5.76460752303439872e+17,0,23,1,5.76460752303439872e+17,0,23,2,3.32306998946247858e+35,0,23,2,3.32306998946247858e+35,1,22,1,5.76460752303439872e+17
0,4,M_u_col_2,16,7,2,3.32306998945331719e+35,0,23,1,5.76460752303439872e+17,17,6,1,5.76460752302153728e+17,17,6,1,5.76460752303439872e+17,17,6,2,3.32306998945506446e+35,17,6,2,3.32306998945506446e+35,18,5,1,5.76460752303513600e+17
0,4,M_y_col_2,0,23,1,5.76460752303439872e+17,0,23,1,5.76460752303439872e+17,0,23,1,5.76460752303439872e+17,0,23,1,5.76460752303439872e+17,0,23,2,3.32306998946247858e+35,0,23,2,3.32306998946247858e+35,1,22,1,5.76460752303439872e+17
0,4,M_u_col_3,16,7,2,3.32306998945331719e+35,0,23,1,5.76460752303439872e+17,17,6,1,5.76460752302153728e+17,17,6,1,5.76460752303439872e+17,17,6,2,3.32306998945506446e+35,17,6,2,3.32306998945506446e+35,18,5,1,5.76460752303513600e+17
0,4,M_y_col_3,0,23,1,5.76460752303439872e+17,0,23,1,5.76460752303439872e+17,0,23,1,5.76460752303439872e+17,0,23,1,5.76460752303439872e+17,0,23,2,3.32306998946247858e+35,0,23,2,3.32306998946247858e+35,1,22,1,5.76460752303439872e+17
1,0,P_0,18,5,1,5.76460752303513600e+17,0,23,1,5.76460752303439872e+17,18,5,1,5.76460752303513600e+17,18,5,1,5.76460752303439872e+17,18,5,2,3.32306998946290359e+35,18,5,2,3.32306998946290359e+35,19,4,1,5.76460752303767552e+17
1,1,P_1,18,5,1,5.76460752303513600e+17,0,23,1,5.76460752303439872e+17,18,5,1,5.76460752303513600e+17,18,5,1,5.76460752303439872e+17,18,5,2,3.32306998946290359e+35,18,5,2,3.32306998946290359e+35,19,4,1,5.76460752303767552e+17
1,1,q_1_0,0,23,1,5.76460752303439872e+17,0,23,1,5.76460752303439872e+17,0,23,1,5.76460752303439872e+17,0,23,1,5.76460752303439872e+17,0,23,2,3.32306998946247858e+35,0,23,2,3.32306998946247858e+35,1,22,1,5.76460752303439872e+17
1,2,P_2,18,5,1,5.76460752303513600e+17,0,23,1,5.76460752303439872e+17,18,5,1,5.76460752303513600e+17,18,5,1,5.76460752303439872e+17,18,5,2,3.32306998946290359e+35,18,5,2,3.32306998946290359e+35,19,4,1,5.76460752303767552e+17
1,2,q_2_0,0,23,1,5.76460752303439872e+17,0,23,1,5.76460752303439872e+17,0,23,1,5.76460752303439872e+17,0,23,1,5.76460752303439872e+17,0,23,2,3.32306998946247858e+35,0,23,2,3.32306998946247858e+35,1,22,1,5.76460752303439872e+17
1,2,q_2_1,0,23,1,5.76460752303439872e+17,0,23,1,5.76460752303439872e+17,0,23,1,5.76460752303439872e+17,0,23,1,5.76460752303439872e+17,0,23,2,3.32306998946247858e+35,0,23,2,3.32306998946247858e+35,1,22,1,5.76460752303439872e+17
1,3,P_3,18,5,1,5.76460752303513600e+17,0,23,1,5.76460752303439872e+17,18,5,1,5.76460752303513600e+17,18,5,1,5.76460752303439872e+17,18,5,2,3.32306998946290359e+35,18,5,2,3.32306998946290359e+35,19,4,1,5.76460752303767552e+17
1,3,q_3_0,0,23,1,5.76460752303439872e+17,0,23,1,5.76460752303439872e+17,0,23,1,5.76460752303439872e+17,0,23,1,5.76460752303439872e+17,0,23,2,3.32306998946247858e+35,0,23,2,3.32306998946247858e+35,1,22,1,5.76460752303439872e+17
1,3,q_3_1,0,23,1,5.76460752303439872e+17,0,23,1,5.76460752303439872e+17,0,23,1,5.76460752303439872e+17,0,23,1,5.76460752303439872e+17,0,23,2,3.32306998946247858e+35,0,23,2,3.32306998946247858e+35,1,22,1,5.76460752303439872e+17
1,3,q_3_2,0,23,1,5.76460752303439872e+17,0,23,1,5.76460752303439872e+17,0,23,1,5.76460752303439872e+17,0,23,1,5.76460752303439872e+17,0,23,2,3.32306998946247858e+35,0,23,2,3.32306998946247858e+35,1,22,1,5.76460752303439872e+17
1,4,M_u_col_0,16,7,2,3.32306998945331719e+35,0,23,1,5.76460752303439872e+17,17,6,1,5.76460752302153728e+17,17,6,1,5.76460752303439872e+17,17,6,2,3.32306998945506446e+35,17,6,2,3.32306998945506446e+35,18,5,1,5.76460752303513600e+17
1,4,M_y_col_0,0,23,1,5.76460752303439872e+17,0,23,1,5.76460752303439872e+17,0,23,1,5.76460752303439872e+17,0,23,1,5.76460752303439872e+17,0,23,2,3.32306998946247858e+35,0,23,2,3.32306998946247858e+35,1,22,1,5.76460752303439872e+17
1,4,M_u_col_1,16,7,2,3.32306998945331719e+35,0,23,1,5.76460752303439872e+17,17,6,1,5.76460752302153728e+17,17,6,1,5.76460752303439872e+17,17,6,2,3.32306998945506446e+35,17,6,2,3.32306998945506446e+35,18,5,1,5.76460752303513600e+17
1,4,M_y_col_1,0,23,1,5.76460752303439872e+17,0,23,1,5.76460752303439872e+17,0,23,1,5.76460752303439872e+17,0,23,1,5.76460752303439872e+17,0,23,2,3.32306998946247858e+35,0,23,2,3.32306998946247858e+35,1,22,1,5.76460752303439872e+17
1,4,M_u_col_2,16,7,2,3.32306998945331719e+35,0,23,1,5.76460752303439872e+17,17,6,1,5.76460752302153728e+17,17,6,1,5.76460752303439872e+17,17,6,2,3.32306998945506446e+35,17,6,2,3.32306998945506446e+35,18,5,1,5.76460752303513600e+17
1,4,M_y_col_2,0,23,1,5.76460752303439872e+17,0,23,1,5.76460752303439872e+17,0,23,1,5.76460752303439872e+17,0,23,1,5.76460752303439872e+17,0,23,2,3.32306998946247858e+35,0,23,2,3.32306998946247858e+35,1,22,1,5.76460752303439872e+17
1,4,M_u_col_3,16,7,2,3.32306998945331719e+35,0,23,1,5.76460752303439872e+17,17,6,1,5.76460752302153728e+17,17,6,1,5.76460752303439872e+17,17,6,2,3.32306998945506446e+35,17,6,2,3.32306998945506446e+35,18,5,1,5.76460752303513600e+17
1,4,M_y_col_3,0,23,1,5.76460752303439872e+17,0,23,1,5.76460752303439872e+17,0,23,1,5.76460752303439872e+17,0,23,1,5.76460752303439872e+17,0,23,2,3.32306998946247858e+35,0,23,2,3.32306998946247858e+35,1,22,1,5.76460752303439872e+17
2,0,P_0,18,5,1,5.76460752303513600e+17,0,23,1,5.76460752303439872e+17,18,5,1,5.76460752303513600e+17,18,5,1,5.76460752303439872e+17,18,5,2,3.32306998946290359e+35,18,5,2,3.32306998946290359e+35,19,4,1,5.76460752303767552e+17
2,1,P_1,18,5,1,5.76460752303513600e+17,0,23,1,5.76460752303439872e+17,18,5,1,5.76460752303513600e+17,18,5,1,5.76460752303439872e+17,18,5,2,3.32306998946290359e+35,18,5,2,3.32306998946290359e+35,19,4,1,5.76460752303767552e+17
2,1,q_1_0,0,23,1,5.76460752303439872e+17,0,23,1,5.76460752303439872e+17,0,23,1,5.76460752303439872e+17,0,23,1,5.76460752303439872e+17,0,23,2,3.32306998946247858e+35,0,23,2,3.32306998946247858e+35,1,22,1,5.76460752303439872e+17
2,2,P_2,18,5,1,5.76460752303513600e+17,0,23,1,5.76460752303439872e+17,18,5,1,5.76460752303513600e+17,18,5,1,5.76460752303439872e+17,18,5,2,3.32306998946290359e+35,18,5,2,3.32306998946290359e+35,19,4,1,5.76460752303767552e+17
2,2,q_2_0,0,23,1,5.76460752303439872e+17,0,23,1,5.76460752303439872e+17,0,23,1,5.76460752303439872e+17,0,23,1,5.76460752303439872e+17,0,23,2,3.32306998946247858e+35,0,23,2,3.32306998946247858e+35,1,22,1,5.76460752303439872e+17
2,2,q_2_1,0,23,1,5.76460752303439872e+17,0,23,1,5.76460752303439872e+17,0,23,1,5.76460752303439872e+17,0,23,1,5.76460752303439872e+17,0,23,2,3.32306998946247858e+35,0,23,2,3.32306998946247858e+35,1,22,1,5.76460752303439872e+17
2,3,P_3,18,5,1,5.76460752303513600e+17,0,23,1,5.76460752303439872e+17,18,5,1,5.76460752303513600e+17,18,5,1,5.76460752303439872e+17,18,5,2,3.32306998946290359e+35,18,5,2,3.32306998946290359e+35,19,4,1,5.76460752303767552e+17
2,3,q_3_0,0,23,1,5.76460752303439872e+17,0,23,1,5.76460752303439872e+17,0,23,1,5.76460752303439872e+17,0,23,1,5.76460752303439872e+17,0,23,2,3.32306998946247858e+35,0,23,2,3.32306998946247858e+35,1,22,1,5.76460752303439872e+17
2,3,q_3_1,0,23,1,5.76460752303439872e+17,0,23,1,5.76460752303439872e+17,0,23,1,5.76460752303439872e+17,0,23,1,5.76460752303439872e+17,0,23,2,3.32306998946247858e+35,0,23,2,3.32306998946247858e+35,1,22,1,5.76460752303439872e+17
2,3,q_3_2,0,23,1,5.76460752303439872e+17,0,23,1,5.76460752303439872e+17,0,23,1,5.76460752303439872e+17,0,23,1,5.76460752303439872e+17,0,23,2,3.32306998946247858e+35,0,23,2,3.32306998946247858e+35,1,22,1,5.76460752303439872e+17
2,4,M_u_col_0,16,7,2,3.32306998945331719e+35,0,23,1,5.76460752303439872e+17,17,6,1,5.76460752302153728e+17,17,6,1,5.76460752303439872e+17,17,6,2,3.32306998945506446e+35,17,6,2,3.32306998945506446e+35,18,5,1,5.76460752303513600e+17
2,4,M_y_col_0,0,23,1,5.76460752303439872e+17,0,23,1,5.76460752303439872e+17,0,23,1,5.76460752303439872e+17,0,23,1,5.76460752303439872e+17,0,23,2,3.32306998946247858e+35,0,23,2,3.32306998946247858e+35,1,22,1,5.76460752303439872e+17
2,4,M_u_col_1,16,7,2,3.32306998945331719e+35,0,23,1,5.76460752303439872e+17,17,6,1,5.76460752302153728e+17,17,6,1,5.76460752303439872e+17,17,6,2,3.32306998945506446e+35,17,6,2,3.32306998945506446e+35,18,5,1,5.76460752303513600e+17
2,4,M_y_col_1,0,23,1,5.76460752303439872e+17,0,23,1,5.76460752303439872e+17,0,23,1,5.76460752303439872e+17,0,23,1,5.76460752303439872e+17,0,23,2,3.32306998946247858e+35,0,23,2,3.32306998946247858e+35,1,22,1,5.76460752303439872e+17
2,4,M_u_col_2,16,7,2,3.32306998945331719e+35,0,23,1,5.76460752303439872e+17,17,6,1,5.76460752302153728e+17,17,6,1,5.76460752303439872e+17,17,6,2,3.32306998945506446e+35,17,6,2,3.32306998945506446e+35,18,5,1,5.76460752303513600e+17
2,4,M_y_col_2,0,23,1,5.76460752303439872e+17,0,23,1,5.76460752303439872e+17,0,23,1,5.76460752303439872e+17,0,23,1,5.76460752303439872e+17,0,23,2,3.32306998946247858e+35,0,23,2,3.32306998946247858e+35,1,22,1,5.76460752303439872e+17
2,4,M_u_col_3,16,7,2,3.32306998945331719e+35,0,23,1,5.76460752303439872e+17,17,6,1,5.76460752302153728e+17,17,6,1,5.76460752303439872e+17,17,6,2,3.32306998945506446e+35,17,6,2,3.32306998945506446e+35,18,5,1,5.76460752303513600e+17
2,4,M_y_col_3,0,23,1,5.76460752303439872e+17,0,23,1,5.76460752303439872e+17,0,23,1,5.76460752303439872e+17,0,23,1,5.76460752303439872e+17,0,23,2,3.32306998946247858e+35,0,23,2,3.32306998946247858e+35,1,22,1,5.76460752303439872e+17
3,0,P_0,18,5,1,5.76460752303513600e+17,0,23,1,5.76460752303439872e+17,18,5,1,5.76460752303513600e+17,18,5,1,5.76460752303439872e+17,18,5,2,3.32306998946290359e+35,18,5,2,3.32306998946290359e+35,19,4,1,5.76460752303767552e+17
3,1,P_1,18,5,1,5.76460752303513600e+17,0,23,1,5.76460752303439872e+17,18,5,1,5.76460752303513600e+17,18,5,1,5.76460752303439872e+17,18,5,2,3.32306998946290359e+35,18,5,2,3.32306998946290359e+35,19,4,1,5.76460752303767552e+17
3,1,q_1_0,0,23,1,5.76460752303439872e+17,0,23,1,5.76460752303439872e+17,0,23,1,5.76460752303439872e+17,0,23,1,5.76460752303439872e+17,0,23,2,3.32306998946247858e+35,0,23,2,3.32306998946247858e+35,1,22,1,5.76460752303439872e+17
3,2,P_2,18,5,1,5.76460752303513600e+17,0,23,1,5.76460752303439872e+17,18,5,1,5.76460752303513600e+17,18,5,1,5.76460752303439872e+17,18,5,2,3.32306998946290359e+35,18,5,2,3.32306998946290359e+35,19,4,1,5.76460752303767552e+17
3,2,q_2_0,0,23,1,5.76460752303439872e+17,0,23,1,5.76460752303439872e+17,0,23,1,5.76460752303439872e+17,0,23,1,5.76460752303439872e+17,0,23,2,3.32306998946247858e+35,0,23,2,3.32306998946247858e+35,1,22,1,5.76460752303439872e+17
3,2,q_2_1,0,23,1,5.76460752303439872e+17,0,23,1,5.76460752303439872e+17,0,23,1,5.76460752303439872e+17,0,23,1,5.76460752303439872e+17,0,23,2,3.32306998946247858e+35,0,23,2,3.32306998946247858e+35,1,22,1,5.76460752303439872e+17
3,3,P_3,18,5,1,5.76460752303513600e+17,0,23,1,5.76460752303439872e+17,18,5,1,5.76460752303513600e+17,18,5,1,5.76460752303439872e+17,18,5,2,3.32306998946290359e+35,18,5,2,3.32306998946290359e+35,19,4,1,5.76460752303767552e+17
3,3,q_3_0,0,23,1,5.76460752303439872e+17,0,23,1,5.76460752303439872e+17,0,23,1,5.76460752303439872e+17,0,23,1,5.76460752303439872e+17,0,23,2,3.32306998946247858e+35,0,23,2,3.32306998946247858e+35,1,22,1,5.76460752303439872e+17
3,3,q_3_1,0,23,1,5.76460752303439872e+17,0,23,1,5.76460752303439872e+17,0,23,1,5.76460752303439872e+17,0,23,1,5.76460752303439872e+17,0,23,2,3.32306998946247858e+35,0,23,2,3.32306998946247858e+35,1,22,1,5.76460752303439872e+17
3,3,q_3_2,0,23,1,5.76460752303439872e+17,0,23,1,5.76460752303439872e+17,0,23,1,5.76460752303439872e+17,0,23,1,5.76460752303439872e+17,0,23,2,3.32306998946247858e+35,0,23,2,3.32306998946247858e+35,1,22,1,5.76460752303439872e+17
3,4,M_u_col_0,16,7,2,3.32306998945331719e+35,0,23,1,5.76460752303439872e+17,17,6,1,5.76460752302153728e+17,17,6,1,5.76460752303439872e+17,17,6,2,3.32306998945506446e+35,17,6,2,3.32306998945506446e+35,18,5,1,5.76460752303513600e+17
3,4,M_y_col_0,0,23,1,5.76460752303439872e+17,0,23,1,5.76460752303439872e+17,0,23,1,5.76460752303439872e+17,0,23,1,5.76460752303439872e+17,0,23,2,3.32306998946247858e+35,0,23,2,3.32306998946247858e+35,1,22,1,5.76460752303439872e+17
3,4,M_u_col_1,16,7,2,3.32306998945331719e+35,0,23,1,5.76460752303439872e+17,17,6,1,5.76460752302153728e+17,17,6,1,5.76460752303439872e+17,17,6,2,3.32306998945506446e+35,17,6,2,3.32306998945506446e+35,18,5,1,5.76460752303513600e+17
3,4,M_y_col_1,0,23,1,5.76460752303439872e+17,0,23,1,5.76460752303439872e+17,0,23,1,5.76460752303439872e+17,0,23,1,5.76460752303439872e+17,0,23,2,3.32306998946247858e+35,0,23,2,3.32306998946247858e+35,1,22,1,5.76460752303439872e+17
3,4,M_u_col_2,16,7,2,3.32306998945331719e+35,0,23,1,5.76460752303439872e+17,17,6,1,5.76460752302153728e+17,17,6,1,5.76460752303439872e+17,17,6,2,3.32306998945506446e+35,17,6,2,3.32306998945506446e+35,18,5,1,5.76460752303513600e+17
3,4,M_y_col_2,0,23,1,5.76460752303439872e+17,0,23,1,5.76460752303439872e+17,0,23,1,5.76460752303439872e+17,0,23,1,5.76460752303439872e+17,0,23,2,3.32306998946247858e+35,0,23,2,3.32306998946247858e+35,1,22,1,5.76460752303439872e+17
3,4,M_u_col_3,16,7,2,3.32306998945331719e+35,0,23,1,5.76460752303439872e+17,17,6,1,5.76460752302153728e+17,17,6,1,5.76460752303439872e+17,17,6,2,3.32306998945506446e+35,17,6,2,3.32306998945506446e+35,18,5,1,5.76460752303513600e+17
3,4,M_y_col_3,0,23,1,5.76460752303439872e+17,0,23,1,5.76460752303439872e+17,0,23,1,5.76460752303439872e+17,0,23,1,5.76460752303439872e+17,0,23,2,3.32306998946247858e+35,0,23,2,3.32306998946247858e+35,1,22,1,5.76460752303439872e+17
4,0,P_0,18,5,1,5.76460752303513600e+17,0,23,1,5.76460752303439872e+17,18,5,1,5.76460752303513600e+17,18,5,1,5.76460752303439872e+17,18,5,2,3.32306998946290359e+35,18,5,2,3.32306998946290359e+35,19,4,1,5.76460752303767552e+17
4,1,P_1,18,5,1,5.76460752303513600e+17,0,23,1,5.76460752303439872e+17,18,5,1,5.76460752303513600e+17,18,5,1,5.76460752303439872e+17,18,5,2,3.32306998946290359e+35,18,5,2,3.32306998946290359e+35,19,4,1,5.76460752303767552e+17
4,1,q_1_0,0,23,1,5.76460752303439872e+17,0,23,1,5.76460752303439872e+17,0,23,1,5.76460752303439872e+17,0,23,1,5.76460752303439872e+17,0,23,2,3.32306998946247858e+35,0,23,2,3.32306998946247858e+35,1,22,1,5.76460752303439872e+17
4,2,P_2,18,5,1,5.76460752303513600e+17,0,23,1,5.76460752303439872e+17,18,5,1,5.76460752303513600e+17,18,5,1,5.76460752303439872e+17,18,5,2,3.32306998946290359e+35,18,5,2,3.32306998946290359e+35,19,4,1,5.76460752303767552e+17
4,2,q_2_0,0,23,1,5.76460752303439872e+17,0,23,1,5.76460752303439872e+17,0,23,1,5.76460752303439872e+17,0,23,1,5.76460752303439872e+17,0,23,2,3.32306998946247858e+35,0,23,2,3.32306998946247858e+35,1,22,1,5.76460752303439872e+17
4,2,q_2_1,0,23,1,5.76460752303439872e+17,0,23,1,5.76460752303439872e+17,0,23,1,5.76460752303439872e+17,0,23,1,5.76460752303439872e+17,0,23,2,3.32306998946247858e+35,0,23,2,3.32306998946247858e+35,1,22,1,5.76460752303439872e+17
4,3,P_3,18,5,1,5.76460752303513600e+17,0,23,1,5.76460752303439872e+17,18,5,1,5.76460752303513600e+17,18,5,1,5.76460752303439872e+17,18,5,2,3.32306998946290359e+35,18,5,2,3.32306998946290359e+35,19,4,1,5.76460752303767552e+17
4,3,q_3_0,0,23,1,5.76460752303439872e+17,0,23,1,5.76460752303439872e+17,0,23,1,5.76460752303439872e+17,0,23,1,5.76460752303439872e+17,0,23,2,3.32306998946247858e+35,0,23,2,3.32306998946247858e+35,1,22,1,5.76460752303439872e+17
4,3,q_3_1,0,23,1,5.76460752303439872e+17,0,23,1,5.76460752303439872e+17,0,23,1,5.76460752303439872e+17,0,23,1,5.76460752303439872e+17,0,23,2,3.32306998946247858e+35,0,23,2,3.32306998946247858e+35,1,22,1,5.76460752303439872e+17
4,3,q_3_2,0,23,1,5.76460752303439872e+17,0,23,1,5.76460752303439872e+17,0,23,1,5.76460752303439872e+17,0,23,1,5.76460752303439872e+17,0,23,2,3.32306998946247858e+35,0,23,2,3.32306998946247858e+35,1,22,1,5.76460752303439872e+17
4,4,M_u_col_0,16,7,2,3.32306998945331719e+35,0,23,1,5.76460752303439872e+17,17,6,1,5.76460752302153728e+17,17,6,1,5.76460752303439872e+17,17,6,2,3.32306998945506446e+35,17,6,2,3.32306998945506446e+35,18,5,1,5.76460752303513600e+17
4,4,M_y_col_0,0,23,1,5.76460752303439872e+17,0,23,1,5.76460752303439872e+17,0,23,1,5.76460752303439872e+17,0,23,1,5.76460752303439872e+17,0,23,2,3.32306998946247858e+35,0,23,2,3.32306998946247858e+35,1,22,1,5.76460752303439872e+17
4,4,M_u_col_1,16,7,2,3.32306998945331719e+35,0,23,1,5.76460752303439872e+17,17,6,1,5.76460752302153728e+17,17,6,1,5.76460752303439872e+17,17,6,2,3.32306998945506446e+35,17,6,2,3.32306998945506446e+35,18,5,1,5.76460752303513600e+17
4,4,M_y_col_1,0,23,1,5.76460752303439872e+17,0,23,1,5.76460752303439872e+17,0,23,1,5.76460752303439872e+17,0,23,1,5.76460752303439872e+17,0,23,2,3.32306998946247858e+35,0,23,2,3.32306998946247858e+35,1,22,1,5.76460752303439872e+17
4,4,M_u_col_2,16,7,2,3.32306998945331719e+35,0,23,1,5.76460752303439872e+17,17,6,1,5.76460752302153728e+17,17,6,1,5.76460752303439872e+17,17,6,2,3.32306998945506446e+35,17,6,2,3.32306998945506446e+35,18,5,1,5.76460752303513600e+17
4,4,M_y_col_2,0,23,1,5.76460752303439872e+17,0,23,1,5.76460752303439872e+17,0,23,1,5.76460752303439872e+17,0,23,1,5.76460752303439872e+17,0,23,2,3.32306998946247858e+35,0,23,2,3.32306998946247858e+35,1,22,1,5.76460752303439872e+17
4,4,M_u_col_3,16,7,2,3.32306998945331719e+35,0,23,1,5.76460752303439872e+17,17,6,1,5.76460752302153728e+17,17,6,1,5.76460752303439872e+17,17,6,2,3.32306998945506446e+35,17,6,2,3.32306998945506446e+35,18,5,1,5.76460752303513600e+17
4,4,M_y_col_3,0,23,1,5.76460752303439872e+17,0,23,1,5.76460752303439872e+17,0,23,1,5.76460752303439872e+17,0,23,1,5.76460752303439872e+17,0,23,2,3.32306998946247858e+35,0,23,2,3.32306998946247858e+35,1,22,1,5.76460752303439872e+17
5,0,P_0,18,5,1,5.76460752303513600e+17,0,23,1,5.76460752303439872e+17,18,5,1,5.76460752303513600e+17,18,5,1,5.76460752303439872e+17,18,5,2,3.32306998946290359e+35,18,5,2,3.32306998946290359e+35,19,4,1,5.76460752303767552e+17
5,1,P_1,18,5,1,5.76460752303513600e+17,0,23,1,5.76460752303439872e+17,18,5,1,5.76460752303513600e+17,18,5,1,5.76460752303439872e+17,18,5,2,3.32306998946290359e+35,18,5,2,3.32306998946290359e+35,19,4,1,5.76460752303767552e+17
5,1,q_1_0,0,23,1,5.76460752303439872e+17,0,23,1,5.76460752303439872e+17,0,23,1,5.76460752303439872e+17,0,23,1,5.76460752303439872e+17,0,23,2,3.32306998946247858e+35,0,23,2,3.32306998946247858e+35,1,22,1,5.76460752303439872e+17
5,2,P_2,18,5,1,5.76460752303513600e+17,0,23,1,5.76460752303439872e+17,18,5,1,5.76460752303513600e+17,18,5,1,5.76460752303439872e+17,18,5,2,3.32306998946290359e+35,18,5,2,3.32306998946290359e+35,19,4,1,5.76460752303767552e+17
5,2,q_2_0,0,23,1,5.76460752303439872e+17,0,23,1,5.76460752303439872e+17,0,23,1,5.76460752303439872e+17,0,23,1,5.76460752303439872e+17,0,23,2,3.32306998946247858e+35,0,23,2,3.32306998946247858e+35,1,22,1,5.76460752303439872e+17
5,2,q_2_1,0,23,1,5.76460752303439872e+17,0,23,1,5.76460752303439872e+17,0,23,1,5.76460752303439872e+17,0,23,1,5.76460752303439872e+17,0,23,2,3.32306998946247858e+35,0,23,2,3.32306998946247858e+35,1,22,1,5.76460752303439872e+17
5,3,P_3,18,5,1,5.76460752303513600e+17,0,23,1,5.76460752303439872e+17,18,5,1,5.76460752303513600e+17,18,5,1,5.76460752303439872e+17,18,5,2,3.32306998946290359e+35,18,5,2,3.32306998946290359e+35,19,4,1,5.76460752303767552e+17
5,3,q_3_0,0,23,1,5.76460752303439872e+17,0,23,1,5.76460752303439872e+17,0,23,1,5.76460752303439872e+17,0,23,1,5.76460752303439872e+17,0,23,2,3.32306998946247858e+35,0,23,2,3.32306998946247858e+35,1,22,1,5.76460752303439872e+17
5,3,q_3_1,0,23,1,5.76460752303439872e+17,0,23,1,5.76460752303439872e+17,0,23,1,5.76460752303439872e+17,0,23,1,5.76460752303439872e+17,0,23,2,3.32306998946247858e+35,0,23,2,3.32306998946247858e+35,1,22,1,5.76460752303439872e+17
5,3,q_3_2,0,23,1,5.76460752303439872e+17,0,23,1,5.76460752303439872e+17,0,23,1,5.76460752303439872e+17,0,23,1,5.76460752303439872e+17,0,23,2,3.32306998946247858e+35,0,23,2,3.32306998946247858e+35,1,22,1,5.76460752303439872e+17
5,4,M_u_col_0,16,7,2,3.32306998945331719e+35,0,23,1,5.76460752303439872e+17,17,6,1,5.76460752302153728e+17,17,6,1,5.76460752303439872e+17,17,6,2,3.32306998945506446e+35,17,6,2,3.32306998945506446e+35,18,5,1,5.76460752303513600e+17
5,4,M_y_col_0,0,23,1,5.76460752303439872e+17,0,23,1,5.76460752303439872e+17,0,23,1,5.76460752303439872e+17,0,23,1,5.76460752303439872e+17,0,23,2,3.32306998946247858e+35,0,23,2,3.32306998946247858e+35,1,22,1,5.76460752303439872e+17
5,4,M_u_col_1,16,7,2,3.32306998945331719e+35,0,23,1,5.76460752303439872e+17,17,6,1,5.76460752302153728e+17,17,6,1,5.76460752303439872e+17,17,6,2,3.32306998945506446e+35,17,6,2,3.32306998945506446e+35,18,5,1,5.76460752303513600e+17
5,4,M_y_col_1,0,23,1,5.76460752303439872e+17,0,23,1,5.76460752303439872e+17,0,23,1,5.76460752303439872e+17,0,23,1,5.76460752303439872e+17,0,23,2,3.32306998946247858e+35,0,23,2,3.32306998946247858e+35,1,22,1,5.76460752303439872e+17
5,4,M_u_col_2,16,7,2,3.32306998945331719e+35,0,23,1,5.76460752303439872e+17,17,6,1,5.76460752302153728e+17,17,6,1,5.76460752303439872e+17,17,6,2,3.32306998945506446e+35,17,6,2,3.32306998945506446e+35,18,5,1,5.76460752303513600e+17
5,4,M_y_col_2,0,23,1,5.76460752303439872e+17,0,23,1,5.76460752303439872e+17,0,23,1,5.76460752303439872e+17,0,23,1,5.76460752303439872e+17,0,23,2,3.32306998946247858e+35,0,23,2,3.32306998946247858e+35,1,22,1,5.76460752303439872e+17
5,4,M_u_col_3,16,7,2,3.32306998945331719e+35,0,23,1,5.76460752303439872e+17,17,6,1,5.76460752302153728e+17,17,6,1,5.76460752303439872e+17,17,6,2,3.32306998945506446e+35,17,6,2,3.32306998945506446e+35,18,5,1,5.76460752303513600e+17
5,4,M_y_col_3,0,23,1,5.76460752303439872e+17,0,23,1,5.76460752303439872e+17,0,23,1,5.76460752303439872e+17,0,23,1,5.76460752303439872e+17,0,23,2,3.32306998946247858e+35,0,23,2,3.32306998946247858e+35,1,22,1,5.76460752303439872e+17
6,0,P_0,18,5,1,5.76460752303513600e+17,0,23,1,5.76460752303439872e+17,18,5,1,5.76460752303513600e+17,18,5,1,5.76460752303439872e+17,18,5,2,3.32306998946290359e+35,18,5,2,3.32306998946290359e+35,19,4,1,5.76460752303767552e+17
6,1,P_1,18,5,1,5.76460752303513600e+17,0,23,1,5.76460752303439872e+17,18,5,1,5.76460752303513600e+17,18,5,1,5.76460752303439872e+17,18,5,2,3.32306998946290359e+35,18,5,2,3.32306998946290359e+35,19,4,1,5.76460752303767552e+17
6,1,q_1_0,0,23,1,5.76460752303439872e+17,0,23,1,5.76460752303439872e+17,0,23,1,5.76460752303439872e+17,0,23,1,5.76460752303439872e+17,0,23,2,3.32306998946247858e+35,0,23,2,3.32306998946247858e+35,1,22,1,5.76460752303439872e+17
6,2,P_2,18,5,1,5.76460752303513600e+17,0,23,1,5.76460752303439872e+17,18,5,1,5.76460752303513600e+17,18,5,1,5.76460752303439872e+17,18,5,2,3.32306998946290359e+35,18,5,2,3.32306998946290359e+35,19,4,1,5.76460752303767552e+17
6,2,q_2_0,0,23,1,5.76460752303439872e+17,0,23,1,5.76460752303439872e+17,0,23,1,5.76460752303439872e+17,0,23,1,5.76460752303439872e+17,0,23,2,3.32306998946247858e+35,0,23,2,3.32306998946247858e+35,1,22,1,5.76460752303439872e+17
6,2,q_2_1,0,23,1,5.76460752303439872e+17,0,23,1,5.76460752303439872e+17,0,23,1,5.76460752303439872e+17,0,23,1,5.76460752303439872e+17,0,23,2,3.32306998946247858e+35,0,23,2,3.32306998946247858e+35,1,22,1,5.76460752303439872e+17
6,3,P_3,18,5,1,5.76460752303513600e+17,0,23,1,5.76460752303439872e+17,18,5,1,5.76460752303513600e+17,18,5,1,5.76460752303439872e+17,18,5,2,3.32306998946290359e+35,18,5,2,3.32306998946290359e+35,19,4,1,5.76460752303767552e+17
6,3,q_3_0,0,23,1,5.76460752303439872e+17,0,23,1,5.76460752303439872e+17,0,23,1,5.76460752303439872e+17,0,23,1,5.76460752303439872e+17,0,23,2,3.32306998946247858e+35,0,23,2,3.32306998946247858e+35,1,22,1,5.76460752303439872e+17
6,3,q_3_1,0,23,1,5.76460752303439872e+17,0,23,1,5.76460752303439872e+17,0,23,1,5.76460752303439872e+17,0,23,1,5.76460752303439872e+17,0,23,2,3.32306998946247858e+35,0,23,2,3.32306998946247858e+35,1,22,1,5.76460752303439872e+17
6,3,q_3_2,0,23,1,5.76460752303439872e+17,0,23,1,5.76460752303439872e+17,0,23,1,5.76460752303439872e+17,0,23,1,5.76460752303439872e+17,0,23,2,3.32306998946247858e+35,0,23,2,3.32306998946247858e+35,1,22,1,5.76460752303439872e+17
6,4,M_u_col_0,16,7,2,3.32306998945331719e+35,0,23,1,5.76460752303439872e+17,17,6,1,5.76460752302153728e+17,17,6,1,5.76460752303439872e+17,17,6,2,3.32306998945506446e+35,17,6,2,3.32306998945506446e+35,18,5,1,5.76460752303513600e+17
6,4,M_y_col_0,0,23,1,5.76460752303439872e+17,0,23,1,5.76460752303439872e+17,0,23,1,5.76460752303439872e+17,0,23,1,5.76460752303439872e+17,0,23,2,3.32306998946247858e+35,0,23,2,3.32306998946247858e+35,1,22,1,5.76460752303439872e+17
6,4,M_u_col_1,16,7,2,3.32306998945331719e+35,0,23,1,5.76460752303439872e+17,17,6,1,5.76460752302153728e+17,17,6,1,5.76460752303439872e+17,17,6,2,3.32306998945506446e+35,17,6,2,3.32306998945506446e+35,18,5,1,5.76460752303513600e+17
6,4,M_y_col_1,0,23,1,5.76460752303439872e+17,0,23,1,5.76460752303439872e+17,0,23,1,5.76460752303439872e+17,0,23,1,5.76460752303439872e+17,0,23,2,3.32306998946247858e+35,0,23,2,3.32306998946247858e+35,1,22,1,5.76460752303439872e+17
6,4,M_u_col_2,16,7,2,3.32306998945331719e+35,0,23,1,5.76460752303439872e+17,17,6,1,5.76460752302153728e+17,17,6,1,5.76460752303439872e+17,17,6,2,3.32306998945506446e+35,17,6,2,3.32306998945506446e+35,18,5,1,5.76460752303513600e+17
6,4,M_y_col_2,0,23,1,5.76460752303439872e+17,0,23,1,5.76460752303439872e+17,0,23,1,5.76460752303439872e+17,0,23,1,5.76460752303439872e+17,0,23,2,3.32306998946247858e+35,0,23,2,3.32306998946247858e+35,1,22,1,5.76460752303439872e+17
6,4,M_u_col_3,16,7,2,3.32306998945331719e+35,0,23,1,5.76460752303439872e+17,17,6,1,5.76460752302153728e+17,17,6,1,5.76460752303439872e+17,17,6,2,3.32306998945506446e+35,17,6,2,3.32306998945506446e+35,18,5,1,5.76460752303513600e+17
6,4,M_y_col_3,0,23,1,5.76460752303439872e+17,0,23,1,5.76460752303439872e+17,0,23,1,5.76460752303439872e+17,0,23,1,5.76460752303439872e+17,0,23,2,3.32306998946247858e+35,0,23,2,3.32306998946247858e+35,1,22,1,5.76460752303439872e+17
7,0,P_0,18,5,1,5.76460752303513600e+17,0,23,1,5.76460752303439872e+17,18,5,1,5.76460752303513600e+17,18,5,1,5.76460752303439872e+17,18,5,2,3.32306998946290359e+35,18,5,2,3.32306998946290359e+35,19,4,1,5.76460752303767552e+17
7,1,P_1,18,5,1,5.76460752303513600e+17,0,23,1,5.76460752303439872e+17,18,5,1,5.76460752303513600e+17,18,5,1,5.76460752303439872e+17,18,5,2,3.32306998946290359e+35,18,5,2,3.32306998946290359e+35,19,4,1,5.76460752303767552e+17
7,1,q_1_0,0,23,1,5.76460752303439872e+17,0,23,1,5.76460752303439872e+17,0,23,1,5.76460752303439872e+17,0,23,1,5.76460752303439872e+17,0,23,2,3.32306998946247858e+35,0,23,2,3.32306998946247858e+35,1,22,1,5.76460752303439872e+17
7,2,P_2,18,5,1,5.76460752303513600e+17,0,23,1,5.76460752303439872e+17,18,5,1,5.76460752303513600e+17,18,5,1,5.76460752303439872e+17,18,5,2,3.32306998946290359e+35,18,5,2,3.32306998946290359e+35,19,4,1,5.76460752303767552e+17
7,2,q_2_0,0,23,1,5.76460752303439872e+17,0,23,1,5.76460752303439872e+17,0,23,1,5.76460752303439872e+17,0,23,1,5.76460752303439872e+17,0,23,2,3.32306998946247858e+35,0,23,2,3.32306998946247858e+35,1,22,1,5.76460752303439872e+17
7,2,q_2_1,0,23,1,5.76460752303439872e+17,0,23,1,5.76460752303439872e+17,0,23,1,5.76460752303439872e+17,0,23,1,5.76460752303439872e+17,0,23,2,3.32306998946247858e+35,0,23,2,3.32306998946247858e+35,1,22,1,5.76460752303439872e+17
7,3,P_3,18,5,1,5.76460752303513600e+17,0,23,1,5.76460752303439872e+17,18,5,1,5.76460752303513600e+17,18,5,1,5.76460752303439872e+17,18,5,2,3.32306998946290359e+35,18,5,2,3.32306998946290359e+35,19,4,1,5.76460752303767552e+17
7,3,q_3_0,0,23,1,5.76460752303439872e+17,0,23,1,5.76460752303439872e+17,0,23,1,5.76460752303439872e+17,0,23,1,5.76460752303439872e+17,0,23,2,3.32306998946247858e+35,0,23,2,3.32306998946247858e+35,1,22,1,5.76460752303439872e+17
7,3,q_3_1,0,23,1,5.76460752303439872e+17,0,23,1,5.76460752303439872e+17,0,23,1,5.76460752303439872e+17,0,23,1,5.76460752303439872e+17,0,23,2,3.32306998946247858e+35,0,23,2,3.32306998946247858e+35,1,22,1,5.76460752303439872e+17
7,3,q_3_2,0,23,1,5.76460752303439872e+17,0,23,1,5.76460752303439872e+17,0,23,1,5.76460752303439872e+17,0,23,1,5.76460752303439872e+17,0,23,2,3.32306998946247858e+35,0,23,2,3.32306998946247858e+35,1,22,1,5.76460752303439872e+17
7,4,M_u_col_0,16,7,2,3.32306998945331719e+35,0,23,1,5.76460752303439872e+17,17,6,1,5.76460752302153728e+17,17,6,1,5.76460752303439872e+17,17,6,2,3.32306998945506446e+35,17,6,2,3.32306998945506446e+35,18,5,1,5.76460752303513600e+17
7,4,M_y_col_0,0,23,1,5.76460752303439872e+17,0,23,1,5.76460752303439872e+17,0,23,1,5.76460752303439872e+17,0,23,1,5.76460752303439872e+17,0,23,2,3.32306998946247858e+35,0,23,2,3.32306998946247858e+35,1,22,1,5.76460752303439872e+17
7,4,M_u_col_1,16,7,2,3.32306998945331719e+35,0,23,1,5.76460752303439872e+17,17,6,1,5.76460752302153728e+17,17,6,1,5.76460752303439872e+17,17,6,2,3.32306998945506446e+35,17,6,2,3.32306998945506446e+35,18,5,1,5.76460752303513600e+17
7,4,M_y_col_1,0,23,1,5.76460752303439872e+17,0,23,1,5.76460752303439872e+17,0,23,1,5.76460752303439872e+17,0,23,1,5.76460752303439872e+17,0,23,2,3.32306998946247858e+35,0,23,2,3.32306998946247858e+35,1,22,1,5.76460752303439872e+17
7,4,M_u_col_2,16,7,2,3.32306998945331719e+35,0,23,1,5.76460752303439872e+17,17,6,1,5.76460752302153728e+17,17,6,1,5.76460752303439872e+17,17,6,2,3.32306998945506446e+35,17,6,2,3.32306998945506446e+35,18,5,1,5.76460752303513600e+17
7,4,M_y_col_2,0,23,1,5.76460752303439872e+17,0,23,1,5.76460752303439872e+17,0,23,1,5.76460752303439872e+17,0,23,1,5.76460752303439872e+17,0,23,2,3.32306998946247858e+35,0,23,2,3.32306998946247858e+35,1,22,1,5.76460752303439872e+17
7,4,M_u_col_3,16,7,2,3.32306998945331719e+35,0,23,1,5.76460752303439872e+17,17,6,1,5.76460752302153728e+17,17,6,1,5.76460752303439872e+17,17,6,2,3.32306998945506446e+35,17,6,2,3.32306998945506446e+35,18,5,1,5.76460752303513600e+17
7,4,M_y_col_3,0,23,1,5.76460752303439872e+17,0,23,1,5.76460752303439872e+17,0,23,1,5.76460752303439872e+17,0,23,1,5.76460752303439872e+17,0,23,2,3.32306998946247858e+35,0,23,2,3.32306998946247858e+35,1,22,1,5.76460752303439872e+17
8,0,P_0,18,5,1,5.76460752303513600e+17,0,23,1,5.76460752303439872e+17,18,5,1,5.76460752303513600e+17,18,5,1,5.76460752303439872e+17,18,5,2,3.32306998946290359e+35,18,5,2,3.32306998946290359e+35,19,4,1,5.76460752303767552e+17
8,1,P_1,18,5,1,5.76460752303513600e+17,0,23,1,5.76460752303439872e+17,18,5,1,5.76460752303513600e+17,18,5,1,5.76460752303439872e+17,18,5,2,3.32306998946290359e+35,18,5,2,3.32306998946290359e+35,19,4,1,5.76460752303767552e+17
8,1,q_1_0,0,23,1,5.76460752303439872e+17,0,23,1,5.76460752303439872e+17,0,23,1,5.76460752303439872e+17,0,23,1,5.76460752303439872e+17,0,23,2,3.32306998946247858e+35,0,23,2,3.32306998946247858e+35,1,22,1,5.76460752303439872e+17
8,2,P_2,18,5,1,5.76460752303513600e+17,0,23,1,5.76460752303439872e+17,18,5,1,5.76460752303513600e+17,18,5,1,5.76460752303439872e+17,18,5,2,3.32306998946290359e+35,18,5,2,3.32306998946290359e+35,19,4,1,5.76460752303767552e+17
8,2,q_2_0,0,23,1,5.76460752303439872e+17,0,23,1,5.76460752303439872e+17,0,23,1,5.76460752303439872e+17,0,23,1,5.76460752303439872e+17,0,23,2,3.32306998946247858e+35,0,23,2,3.32306998946247858e+35,1,22,1,5.76460752303439872e+17
8,2,q_2_1,0,23,1,5.76460752303439872e+17,0,23,1,5.76460752303439872e+17,0,23,1,5.76460752303439872e+17,0,23,1,5.76460752303439872e+17,0,23,2,3.32306998946247858e+35,0,23,2,3.32306998946247858e+35,1,22,1,5.76460752303439872e+17
8,3,P_3,18,5,1,5.76460752303513600e+17,0,23,1,5.76460752303439872e+17,18,5,1,5.76460752303513600e+17,18,5,1,5.76460752303439872e+17,18,5,2,3.32306998946290359e+35,18,5,2,3.32306998946290359e+35,19,4,1,5.76460752303767552e+17
8,3,q_3_0,0,23,1,5.76460752303439872e+17,0,23,1,5.76460752303439872e+17,0,23,1,5.76460752303439872e+17,0,23,1,5.76460752303439872e+17,0,23,2,3.32306998946247858e+35,0,23,2,3.32306998946247858e+35,1,22,1,5.76460752303439872e+17
8,3,q_3_1,0,23,1,5.76460752303439872e+17,0,23,1,5.76460752303439872e+17,0,23,1,5.76460752303439872e+17,0,23,1,5.76460752303439872e+17,0,23,2,3.32306998946247858e+35,0,23,2,3.32306998946247858e+35,1,22,1,5.76460752303439872e+17
8,3,q_3_2,0,23,1,5.76460752303439872e+17,0,23,1,5.76460752303439872e+17,0,23,1,5.76460752303439872e+17,0,23,1,5.76460752303439872e+17,0,23,2,3.32306998946247858e+35,0,23,2,3.32306998946247858e+35,1,22,1,5.76460752303439872e+17
8,4,M_u_col_0,16,7,2,3.32306998945331719e+35,0,23,1,5.76460752303439872e+17,17,6,1,5.76460752302153728e+17,17,6,1,5.76460752303439872e+17,17,6,2,3.32306998945506446e+35,17,6,2,3.32306998945506446e+35,18,5,1,5.76460752303513600e+17
8,4,M_y_col_0,0,23,1,5.76460752303439872e+17,0,23,1,5.76460752303439872e+17,0,23,1,5.76460752303439872e+17,0,23,1,5.76460752303439872e+17,0,23,2,3.32306998946247858e+35,0,23,2,3.32306998946247858e+35,1,22,1,5.76460752303439872e+17
8,4,M_u_col_1,16,7,2,3.32306998945331719e+35,0,23,1,5.76460752303439872e+17,17,6,1,5.76460752302153728e+17,17,6,1,5.76460752303439872e+17,17,6,2,3.32306998945506446e+35,17,6,2,3.32306998945506446e+35,18,5,1,5.76460752303513600e+17
8,4,M_y_col_1,0,23,1,5.76460752303439872e+17,0,23,1,5.76460752303439872e+17,0,23,1,5.76460752303439872e+17,0,23,1,5.76460752303439872e+17,0,23,2,3.32306998946247858e+35,0,23,2,3.32306998946247858e+35,1,22,1,5.76460752303439872e+17
8,4,M_u_col_2,16,7,2,3.32306998945331719e+35,0,23,1,5.76460752303439872e+17,17,6,1,5.76460752302153728e+17,17,6,1,5.76460752303439872e+17,17,6,2,3.32306998945506446e+35,17,6,2,3.32306998945506446e+35,18,5,1,5.76460752303513600e+17
8,4,M_y_col_2,0,23,1,5.76460752303439872e+17,0,23,1,5.76460752303439872e+17,0,23,1,5.76460752303439872e+17,0,23,1,5.76460752303439872e+17,0,23,2,3.32306998946247858e+35,0,23,2,3.32306998946247858e+35,1,22,1,5.76460752303439872e+17
8,4,M_u_col_3,16,7,2,3.32306998945331719e+35,0,23,1,5.76460752303439872e+17,17,6,1,5.76460752302153728e+17,17,6,1,5.76460752303439872e+17,17,6,2,3.32306998945506446e+35,17,6,2,3.32306998945506446e+35,18,5,1,5.76460752303513600e+17
8,4,M_y_col_3,0,23,1,5.76460752303439872e+17,0,23,1,5.76460752303439872e+17,0,23,1,5.76460752303439872e+17,0,23,1,5.76460752303439872e+17,0,23,2,3.32306998946247858e+35,0,23,2,3.32306998946247858e+35,1,22,1,5.76460752303439872e+17
9,0,P_0,18,5,1,5.76460752303513600e+17,0,23,1,5.76460752303439872e+17,18,5,1,5.76460752303513600e+17,18,5,1,5.76460752303439872e+17,18,5,2,3.32306998946290359e+35,18,5,2,3.32306998946290359e+35,19,4,1,5.76460752303767552e+17
9,1,P_1,18,5,1,5.76460752303513600e+17,0,23,1,5.76460752303439872e+17,18,5,1,5.76460752303513600e+17,18,5,1,5.76460752303439872e+17,18,5,2,3.32306998946290359e+35,18,5,2,3.32306998946290359e+35,19,4,1,5.76460752303767552e+17
9,1,q_1_0,0,23,1,5.76460752303439872e+17,0,23,1,5.76460752303439872e+17,0,23,1,5.76460752303439872e+17,0,23,1,5.76460752303439872e+17,0,23,2,3.32306998946247858e+35,0,23,2,3.32306998946247858e+35,1,22,1,5.76460752303439872e+17
9,2,P_2,18,5,1,5.76460752303513600e+17,0,23,1,5.76460752303439872e+17,18,5,1,5.76460752303513600e+17,18,5,1,5.76460752303439872e+17,18,5,2,3.32306998946290359e+35,18,5,2,3.32306998946290359e+35,19,4,1,5.76460752303767552e+17
9,2,q_2_0,0,23,1,5.76460752303439872e+17,0,23,1,5.76460752303439872e+17,0,23,1,5.76460752303439872e+17,0,23,1,5.76460752303439872e+17,0,23,2,3.32306998946247858e+35,0,23,2,3.32306998946247858e+35,1,22,1,5.76460752303439872e+17
9,2,q_2_1,0,23,1,5.76460752303439872e+17,0,23,1,5.76460752303439872e+17,0,23,1,5.76460752303439872e+17,0,23,1,5.76460752303439872e+17,0,23,2,3.32306998946247858e+35,0,23,2,3.32306998946247858e+35,1,22,1,5.76460752303439872e+17
9,3,P_3,18,5,1,5.76460752303513600e+17,0,23,1,5.76460752303439872e+17,18,5,1,5.76460752303513600e+17,18,5,1,5.76460752303439872e+17,18,5,2,3.32306998946290359e+35,18,5,2,3.32306998946290359e+35,19,4,1,5.76460752303767552e+17
9,3,q_3_0,0,23,1,5.76460752303439872e+17,0,23,1,5.76460752303439872e+17,0,23,1,5.76460752303439872e+17,0,23,1,5.76460752303439872e+17,0,23,2,3.32306998946247858e+35,0,23,2,3.32306998946247858e+35,1,22,1,5.76460752303439872e+17
9,3,q_3_1,0,23,1,5.76460752303439872e+17,0,23,1,5.76460752303439872e+17,0,23,1,5.76460752303439872e+17,0,23,1,5.76460752303439872e+17,0,23,2,3.32306998946247858e+35,0,23,2,3.32306998946247858e+35,1,22,1,5.76460752303439872e+17
9,3,q_3_2,0,23,1,5.76460752303439872e+17,0,23,1,5.76460752303439872e+17,0,23,1,5.76460752303439872e+17,0,23,1,5.76460752303439872e+17,0,23,2,3.32306998946247858e+35,0,23,2,3.32306998946247858e+35,1,22,1,5.76460752303439872e+17
9,4,M_u_col_0,16,7,2,3.32306998945331719e+35,0,23,1,5.76460752303439872e+17,17,6,1,5.76460752302153728e+17,17,6,1,5.76460752303439872e+17,17,6,2,3.32306998945506446e+35,17,6,2,3.32306998945506446e+35,18,5,1,5.76460752303513600e+17
9,4,M_y_col_0,0,23,1,5.76460752303439872e+17,0,23,1,5.76460752303439872e+17,0,23,1,5.76460752303439872e+17,0,23,1,5.76460752303439872e+17,0,23,2,3.32306998946247858e+35,0,23,2,3.32306998946247858e+35,1,22,1,5.76460752303439872e+17
9,4,M_u_col_1,16,7,2,3.32306998945331719e+35,0,23,1,5.76460752303439872e+17,17,6,1,5.76460752302153728e+17,17,6,1,5.76460752303439872e+17,17,6,2,3.32306998945506446e+35,17,6,2,3.32306998945506446e+35,18,5,1,5.76460752303513600e+17
9,4,M_y_col_1,0,23,1,5.76460752303439872e+17,0,23,1,5.76460752303439872e+17,0,23,1,5.76460752303439872e+17,0,23,1,5.76460752303439872e+17,0,23,2,3.32306998946247858e+35,0,23,2,3.32306998946247858e+35,1,22,1,5.76460752303439872e+17
9,4,M_u_col_2,16,7,2,3.32306998945331719e+35,0,23,1,5.76460752303439872e+17,17,6,1,5.76460752302153728e+17,17,6,1,5.76460752303439872e+17,17,6,2,3.32306998945506446e+35,17,6,2,3.32306998945506446e+35,18,5,1,5.76460752303513600e+17
9,4,M_y_col_2,0,23,1,5.76460752303439872e+17,0,23,1,5.76460752303439872e+17,0,23,1,5.76460752303439872e+17,0,23,1,5.76460752303439872e+17,0,23,2,3.32306998946247858e+35,0,23,2,3.32306998946247858e+35,1,22,1,5.76460752303439872e+17
9,4,M_u_col_3,16,7,2,3.32306998945331719e+35,0,23,1,5.76460752303439872e+17,17,6,1,5.76460752302153728e+17,17,6,1,5.76460752303439872e+17,17,6,2,3.32306998945506446e+35,17,6,2,3.32306998945506446e+35,18,5,1,5.76460752303513600e+17
9,4,M_y_col_3,0,23,1,5.76460752303439872e+17,0,23,1,5.76460752303439872e+17,0,23,1,5.76460752303439872e+17,0,23,1,5.76460752303439872e+17,0,23,2,3.32306998946247858e+35,0,23,2,3.32306998946247858e+35,1,22,1,5.76460752303439872e+17
10,0,P_0,18,5,1,5.76460752303513600e+17,0,23,1,5.76460752303439872e+17,18,5,1,5.76460752303513600e+17,18,5,1,5.76460752303439872e+17,18,5,2,3.32306998946290359e+35,18,5,2,3.32306998946290359e+35,19,4,1,5.76460752303767552e+17
10,1,P_1,18,5,1,5.76460752303513600e+17,0,23,1,5.76460752303439872e+17,18,5,1,5.76460752303513600e+17,18,5,1,5.76460752303439872e+17,18,5,2,3.32306998946290359e+35,18,5,2,3.32306998946290359e+35,19,4,1,5.76460752303767552e+17
10,1,q_1_0,0,23,1,5.76460752303439872e+17,0,23,1,5.76460752303439872e+17,0,23,1,5.76460752303439872e+17,0,23,1,5.76460752303439872e+17,0,23,2,3.32306998946247858e+35,0,23,2,3.32306998946247858e+35,1,22,1,5.76460752303439872e+17
10,2,P_2,18,5,1,5.76460752303513600e+17,0,23,1,5.76460752303439872e+17,18,5,1,5.76460752303513600e+17,18,5,1,5.76460752303439872e+17,18,5,2,3.32306998946290359e+35,18,5,2,3.32306998946290359e+35,19,4,1,5.76460752303767552e+17
10,2,q_2_0,0,23,1,5.76460752303439872e+17,0,23,1,5.76460752303439872e+17,0,23,1,5.76460752303439872e+17,0,23,1,5.76460752303439872e+17,0,23,2,3.32306998946247858e+35,0,23,2,3.32306998946247858e+35,1,22,1,5.76460752303439872e+17
10,2,q_2_1,0,23,1,5.76460752303439872e+17,0,23,1,5.76460752303439872e+17,0,23,1,5.76460752303439872e+17,0,23,1,5.76460752303439872e+17,0,23,2,3.32306998946247858e+35,0,23,2,3.32306998946247858e+35,1,22,1,5.76460752303439872e+17
10,3,P_3,18,5,1,5.76460752303513600e+17,0,23,1,5.76460752303439872e+17,18,5,1,5.76460752303513600e+17,18,5,1,5.76460752303439872e+17,18,5,2,3.32306998946290359e+35,18,5,2,3.32306998946290359e+35,19,4,1,5.76460752303767552e+17
10,3,q_3_0,0,23,1,5.76460752303439872e+17,0,23,1,5.76460752303439872e+17,0,23,1,5.76460752303439872e+17,0,23,1,5.76460752303439872e+17,0,23,2,3.32306998946247858e+35,0,23,2,3.32306998946247858e+35,1,22,1,5.76460752303439872e+17
10,3,q_3_1,0,23,1,5.76460752303439872e+17,0,23,1,5.76460752303439872e+17,0,23,1,5.76460752303439872e+17,0,23,1,5.76460752303439872e+17,0,23,2,3.32306998946247858e+35,0,23,2,3.32306998946247858e+35,1,22,1,5.76460752303439872e+17
10,3,q_3_2,0,23,1,5.76460752303439872e+17,0,23,1,5.76460752303439872e+17,0,23,1,5.76460752303439872e+17,0,23,1,5.76460752303439872e+17,0,23,2,3.32306998946247858e+35,0,23,2,3.32306998946247858e+35,1,22,1,5.76460752303439872e+17
10,4,M_u_col_0,16,7,2,3.32306998945331719e+35,0,23,1,5.76460752303439872e+17,17,6,1,5.76460752302153728e+17,17,6,1,5.76460752303439872e+17,17,6,2,3.32306998945506446e+35,17,6,2,3.32306998945506446e+35,18,5,1,5.76460752303513600e+17
10,4,M_y_col_0,0,23,1,5.76460752303439872e+17,0,23,1,5.76460752303439872e+17,0,23,1,5.76460752303439872e+17,0,23,1,5.76460752303439872e+17,0,23,2,3.32306998946247858e+35,0,23,2,3.32306998946247858e+35,1,22,1,5.76460752303439872e+17
10,4,M_u_col_1,16,7,2,3.32306998945331719e+35,0,23,1,5.76460752303439872e+17,17,6,1,5.76460752302153728e+17,17,6,1,5.76460752303439872e+17,17,6,2,3.32306998945506446e+35,17,6,2,3.32306998945506446e+35,18,5,1,5.76460752303513600e+17
10,4,M_y_col_1,0,23,1,5.76460752303439872e+17,0,23,1,5.76460752303439872e+17,0,23,1,5.76460752303439872e+17,0,23,1,5.76460752303439872e+17,0,23,2,3.32306998946247858e+35,0,23,2,3.32306998946247858e+35,1,22,1,5.76460752303439872e+17
10,4,M_u_col_2,16,7,2,3.32306998945331719e+35,0,23,1,5.76460752303439872e+17,17,6,1,5.76460752302153728e+17,17,6,1,5.76460752303439872e+17,17,6,2,3.32306998945506446e+35,17,6,2,3.32306998945506446e+35,18,5,1,5.76460752303513600e+17
10,4,M_y_col_2,0,23,1,5.76460752303439872e+17,0,23,1,5.76460752303439872e+17,0,23,1,5.76460752303439872e+17,0,23,1,5.76460752303439872e+17,0,23,2,3.32306998946247858e+35,0,23,2,3.32306998946247858e+35,1,22,1,5.76460752303439872e+17
10,4,M_u_col_3,16,7,2,3.32306998945331719e+35,0,23,1,5.76460752303439872e+17,17,6,1,5.76460752302153728e+17,17,6,1,5.76460752303439872e+17,17,6,2,3.32306998945506446e+35,17,6,2,3.32306998945506446e+35,18,5,1,5.76460752303513600e+17
10,4,M_y_col_3,0,23,1,5.76460752303439872e+17,0,23,1,5.76460752303439872e+17,0,23,1,5.76460752303439872e+17,0,23,1,5.76460752303439872e+17,0,23,2,3.32306998946247858e+35,0,23,2,3.32306998946247858e+35,1,22,1,5.76460752303439872e+17
11,0,P_0,18,5,1,5.76460752303513600e+17,0,23,1,5.76460752303439872e+17,18,5,1,5.76460752303513600e+17,18,5,1,5.76460752303439872e+17,18,5,2,3.32306998946290359e+35,18,5,2,3.32306998946290359e+35,19,4,1,5.76460752303767552e+17
11,1,P_1,18,5,1,5.76460752303513600e+17,0,23,1,5.76460752303439872e+17,18,5,1,5.76460752303513600e+17,18,5,1,5.76460752303439872e+17,18,5,2,3.32306998946290359e+35,18,5,2,3.32306998946290359e+35,19,4,1,5.76460752303767552e+17
11,1,q_1_0,0,23,1,5.76460752303439872e+17,0,23,1,5.76460752303439872e+17,0,23,1,5.76460752303439872e+17,0,23,1,5.76460752303439872e+17,0,23,2,3.32306998946247858e+35,0,23,2,3.32306998946247858e+35,1,22,1,5.76460752303439872e+17
11,2,P_2,18,5,1,5.76460752303513600e+17,0,23,1,5.76460752303439872e+17,18,5,1,5.76460752303513600e+17,18,5,1,5.76460752303439872e+17,18,5,2,3.32306998946290359e+35,18,5,2,3.32306998946290359e+35,19,4,1,5.76460752303767552e+17
11,2,q_2_0,0,23,1,5.76460752303439872e+17,0,23,1,5.76460752303439872e+17,0,23,1,5.76460752303439872e+17,0,23,1,5.76460752303439872e+17,0,23,2,3.32306998946247858e+35,0,23,2,3.32306998946247858e+35,1,22,1,5.76460752303439872e+17
11,2,q_2_1,0,23,1,5.76460752303439872e+17,0,23,1,5.76460752303439872e+17,0,23,1,5.76460752303439872e+17,0,23,1,5.76460752303439872e+17,0,23,2,3.32306998946247858e+35,0,23,2,3.32306998946247858e+35,1,22,1,5.76460752303439872e+17
11,3,P_3,18,5,1,5.76460752303513600e+17,0,23,1,5.76460752303439872e+17,18,5,1,5.76460752303513600e+17,18,5,1,5.76460752303439872e+17,18,5,2,3.32306998946290359e+35,18,5,2,3.32306998946290359e+35,19,4,1,5.76460752303767552e+17
11,3,q_3_0,0,23,1,5.76460752303439872e+17,0,23,1,5.76460752303439872e+17,0,23,1,5.76460752303439872e+17,0,23,1,5.76460752303439872e+17,0,23,2,3.32306998946247858e+35,0,23,2,3.32306998946247858e+35,1,22,1,5.76460752303439872e+17
11,3,q_3_1,0,23,1,5.76460752303439872e+17,0,23,1,5.76460752303439872e+17,0,23,1,5.76460752303439872e+17,0,23,1,5.76460752303439872e+17,0,23,2,3.32306998946247858e+35,0,23,2,3.32306998946247858e+35,1,22,1,5.76460752303439872e+17
11,3,q_3_2,0,23,1,5.76460752303439872e+17,0,23,1,5.76460752303439872e+17,0,23,1,5.76460752303439872e+17,0,23,1,5.76460752303439872e+17,0,23,2,3.32306998946247858e+35,0,23,2,3.32306998946247858e+35,1,22,1,5.76460752303439872e+17
11,4,M_u_col_0,16,7,2,3.32306998945331719e+35,0,23,1,5.76460752303439872e+17,17,6,1,5.76460752302153728e+17,17,6,1,5.76460752303439872e+17,17,6,2,3.32306998945506446e+35,17,6,2,3.32306998945506446e+35,18,5,1,5.76460752303513600e+17
11,4,M_y_col_0,0,23,1,5.76460752303439872e+17,0,23,1,5.76460752303439872e+17,0,23,1,5.76460752303439872e+17,0,23,1,5.76460752303439872e+17,0,23,2,3.32306998946247858e+35,0,23,2,3.32306998946247858e+35,1,22,1,5.76460752303439872e+17
11,4,M_u_col_1,16,7,2,3.32306998945331719e+35,0,23,1,5.76460752303439872e+17,17,6,1,5.76460752302153728e+17,17,6,1,5.76460752303439872e+17,17,6,2,3.32306998945506446e+35,17,6,2,3.32306998945506446e+35,18,5,1,5.76460752303513600e+17
11,4,M_y_col_1,0,23,1,5.76460752303439872e+17,0,23,1,5.76460752303439872e+17,0,23,1,5.76460752303439872e+17,0,23,1,5.76460752303439872e+17,0,23,2,3.32306998946247858e+35,0,23,2,3.32306998946247858e+35,1,22,1,5.76460752303439872e+17
11,4,M_u_col_2,16,7,2,3.32306998945331719e+35,0,23,1,5.76460752303439872e+17,17,6,1,5.76460752302153728e+17,17,6,1,5.76460752303439872e+17,17,6,2,3.32306998945506446e+35,17,6,2,3.32306998945506446e+35,18,5,1,5.76460752303513600e+17
11,4,M_y_col_2,0,23,1,5.76460752303439872e+17,0,23,1,5.76460752303439872e+17,0,23,1,5.76460752303439872e+17,0,23,1,5.76460752303439872e+17,0,23,2,3.32306998946247858e+35,0,23,2,3.32306998946247858e+35,1,22,1,5.76460752303439872e+17
11,4,M_u_col_3,16,7,2,3.32306998945331719e+35,0,23,1,5.76460752303439872e+17,17,6,1,5.76460752302153728e+17,17,6,1,5.76460752303439872e+17,17,6,2,3.32306998945506446e+35,17,6,2,3.32306998945506446e+35,18,5,1,5.76460752303513600e+17
11,4,M_y_col_3,0,23,1,5.76460752303439872e+17,0,23,1,5.76460752303439872e+17,0,23,1,5.76460752303439872e+17,0,23,1,5.76460752303439872e+17,0,23,2,3.32306998946247858e+35,0,23,2,3.32306998946247858e+35,1,22,1,5.76460752303439872e+17
12,0,P_0,18,5,1,5.76460752303513600e+17,0,23,1,5.76460752303439872e+17,18,5,1,5.76460752303513600e+17,18,5,1,5.76460752303439872e+17,18,5,2,3.32306998946290359e+35,18,5,2,3.32306998946290359e+35,19,4,1,5.76460752303767552e+17
12,1,P_1,18,5,1,5.76460752303513600e+17,0,23,1,5.76460752303439872e+17,18,5,1,5.76460752303513600e+17,18,5,1,5.76460752303439872e+17,18,5,2,3.32306998946290359e+35,18,5,2,3.32306998946290359e+35,19,4,1,5.76460752303767552e+17
12,1,q_1_0,0,23,1,5.76460752303439872e+17,0,23,1,5.76460752303439872e+17,0,23,1,5.76460752303439872e+17,0,23,1,5.76460752303439872e+17,0,23,2,3.32306998946247858e+35,0,23,2,3.32306998946247858e+35,1,22,1,5.76460752303439872e+17
12,2,P_2,18,5,1,5.76460752303513600e+17,0,23,1,5.76460752303439872e+17,18,5,1,5.76460752303513600e+17,18,5,1,5.76460752303439872e+17,18,5,2,3.32306998946290359e+35,18,5,2,3.32306998946290359e+35,19,4,1,5.76460752303767552e+17
12,2,q_2_0,0,23,1,5.76460752303439872e+17,0,23,1,5.76460752303439872e+17,0,23,1,5.76460752303439872e+17,0,23,1,5.76460752303439872e+17,0,23,2,3.32306998946247858e+35,0,23,2,3.32306998946247858e+35,1,22,1,5.76460752303439872e+17
12,2,q_2_1,0,23,1,5.76460752303439872e+17,0,23,1,5.76460752303439872e+17,0,23,1,5.76460752303439872e+17,0,23,1,5.76460752303439872e+17,0,23,2,3.32306998946247858e+35,0,23,2,3.32306998946247858e+35,1,22,1,5.76460752303439872e+17
12,3,P_3,18,5,1,5.76460752303513600e+17,0,23,1,5.76460752303439872e+17,18,5,1,5.76460752303513600e+17,18,5,1,5.76460752303439872e+17,18,5,2,3.32306998946290359e+35,18,5,2,3.32306998946290359e+35,19,4,1,5.76460752303767552e+17
12,3,q_3_0,0,23,1,5.76460752303439872e+17,0,23,1,5.76460752303439872e+17,0,23,1,5.76460752303439872e+17,0,23,1,5.76460752303439872e+17,0,23,2,3.32306998946247858e+35,0,23,2,3.32306998946247858e+35,1,22,1,5.76460752303439872e+17
12,3,q_3_1,0,23,1,5.76460752303439872e+17,0,23,1,5.76460752303439872e+17,0,23,1,5.76460752303439872e+17,0,23,1,5.76460752303439872e+17,0,23,2,3.32306998946247858e+35,0,23,2,3.32306998946247858e+35,1,22,1,5.76460752303439872e+17
12,3,q_3_2,0,23,1,5.76460752303439872e+17,0,23,1,5.76460752303439872e+17,0,23,1,5.76460752303439872e+17,0,23,1,5.76460752303439872e+17,0,23,2,3.32306998946247858e+35,0,23,2,3.32306998946247858e+35,1,22,1,5.76460752303439872e+17
12,4,M_u_col_0,16,7,2,3.32306998945331719e+35,0,23,1,5.76460752303439872e+17,17,6,1,5.76460752302153728e+17,17,6,1,5.76460752303439872e+17,17,6,2,3.32306998945506446e+35,17,6,2,3.32306998945506446e+35,18,5,1,5.76460752303513600e+17
12,4,M_y_col_0,0,23,1,5.76460752303439872e+17,0,23,1,5.76460752303439872e+17,0,23,1,5.76460752303439872e+17,0,23,1,5.76460752303439872e+17,0,23,2,3.32306998946247858e+35,0,23,2,3.32306998946247858e+35,1,22,1,5.76460752303439872e+17
12,4,M_u_col_1,16,7,2,3.32306998945331719e+35,0,23,1,5.76460752303439872e+17,17,6,1,5.76460752302153728e+17,17,6,1,5.76460752303439872e+17,17,6,2,3.32306998945506446e+35,17,6,2,3.32306998945506446e+35,18,5,1,5.76460752303513600e+17
12,4,M_y_col_1,0,23,1,5.76460752303439872e+17,0,23,1,5.76460752303439872e+17,0,23,1,5.76460752303439872e+17,0,23,1,5.76460752303439872e+17,0,23,2,3.32306998946247858e+35,0,23,2,3.32306998946247858e+35,1,22,1,5.76460752303439872e+17
12,4,M_u_col_2,16,7,2,3.32306998945331719e+35,0,23,1,5.76460752303439872e+17,17,6,1,5.76460752302153728e+17,17,6,1,5.76460752303439872e+17,17,6,2,3.32306998945506446e+35,17,6,2,3.32306998945506446e+35,18,5,1,5.76460752303513600e+17
12,4,M_y_col_2,0,23,1,5.76460752303439872e+17,0,23,1,5.76460752303439872e+17,0,23,1,5.76460752303439872e+17,0,23,1,5.76460752303439872e+17,0,23,2,3.32306998946247858e+35,0,23,2,3.32306998946247858e+35,1,22,1,5.76460752303439872e+17
12,4,M_u_col_3,16,7,2,3.32306998945331719e+35,0,23,1,5.76460752303439872e+17,17,6,1,5.76460752302153728e+17,17,6,1,5.76460752303439872e+17,17,6,2,3.32306998945506446e+35,17,6,2,3.32306998945506446e+35,18,5,1,5.76460752303513600e+17
12,4,M_y_col_3,0,23,1,5.76460752303439872e+17,0,23,1,5.76460752303439872e+17,0,23,1,5.76460752303439872e+17,0,23,1,5.76460752303439872e+17,0,23,2,3.32306998946247858e+35,0,23,2,3.32306998946247858e+35,1,22,1,5.76460752303439872e+17
13,0,P_0,18,5,1,5.76460752303513600e+17,0,23,1,5.76460752303439872e+17,18,5,1,5.76460752303513600e+17,18,5,1,5.76460752303439872e+17,18,5,2,3.32306998946290359e+35,18,5,2,3.32306998946290359e+35,19,4,1,5.76460752303767552e+17
13,1,P_1,18,5,1,5.76460752303513600e+17,0,23,1,5.76460752303439872e+17,18,5,1,5.76460752303513600e+17,18,5,1,5.76460752303439872e+17,18,5,2,3.32306998946290359e+35,18,5,2,3.32306998946290359e+35,19,4,1,5.76460752303767552e+17
13,1,q_1_0,0,23,1,5.76460752303439872e+17,0,23,1,5.76460752303439872e+17,0,23,1,5.76460752303439872e+17,0,23,1,5.76460752303439872e+17,0,23,2,3.32306998946247858e+35,0,23,2,3.32306998946247858e+35,1,22,1,5.76460752303439872e+17
13,2,P_2,18,5,1,5.76460752303513600e+17,0,23,1,5.76460752303439872e+17,18,5,1,5.76460752303513600e+17,18,5,1,5.76460752303439872e+17,18,5,2,3.32306998946290359e+35,18,5,2,3.32306998946290359e+35,19,4,1,5.76460752303767552e+17
13,2,q_2_0,0,23,1,5.76460752303439872e+17,0,23,1,5.76460752303439872e+17,0,23,1,5.76460752303439872e+17,0,23,1,5.76460752303439872e+17,0,23,2,3.32306998946247858e+35,0,23,2,3.32306998946247858e+35,1,22,1,5.76460752303439872e+17
13,2,q_2_1,0,23,1,5.76460752303439872e+17,0,23,1,5.76460752303439872e+17,0,23,1,5.76460752303439872e+17,0,23,1,5.76460752303439872e+17,0,23,2,3.32306998946247858e+35,0,23,2,3.32306998946247858e+35,1,22,1,5.76460752303439872e+17
13,3,P_3,18,5,1,5.76460752303513600e+17,0,23,1,5.76460752303439872e+17,18,5,1,5.76460752303513600e+17,18,5,1,5.76460752303439872e+17,18,5,2,3.32306998946290359e+35,18,5,2,3.32306998946290359e+35,19,4,1,5.76460752303767552e+17
13,3,q_3_0,0,23,1,5.76460752303439872e+17,0,23,1,5.76460752303439872e+17,0,23,1,5.76460752303439872e+17,0,23,1,5.76460752303439872e+17,0,23,2,3.32306998946247858e+35,0,23,2,3.32306998946247858e+35,1,22,1,5.76460752303439872e+17
13,3,q_3_1,0,23,1,5.76460752303439872e+17,0,23,1,5.76460752303439872e+17,0,23,1,5.76460752303439872e+17,0,23,1,5.76460752303439872e+17,0,23,2,3.32306998946247858e+35,0,23,2,3.32306998946247858e+35,1,22,1,5.76460752303439872e+17
13,3,q_3_2,0,23,1,5.76460752303439872e+17,0,23,1,5.76460752303439872e+17,0,23,1,5.76460752303439872e+17,0,23,1,5.76460752303439872e+17,0,23,2,3.32306998946247858e+35,0,23,2,3.32306998946247858e+35,1,22,1,5.76460752303439872e+17
13,4,M_u_col_0,16,7,2,3.32306998945331719e+35,0,23,1,5.76460752303439872e+17,17,6,1,5.76460752302153728e+17,17,6,1,5.76460752303439872e+17,17,6,2,3.32306998945506446e+35,17,6,2,3.32306998945506446e+35,18,5,1,5.76460752303513600e+17
13,4,M_y_col_0,0,23,1,5.76460752303439872e+17,0,23,1,5.76460752303439872e+17,0,23,1,5.76460752303439872e+17,0,23,1,5.76460752303439872e+17,0,23,2,3.32306998946247858e+35,0,23,2,3.32306998946247858e+35,1,22,1,5.76460752303439872e+17
13,4,M_u_col_1,16,7,2,3.32306998945331719e+35,0,23,1,5.76460752303439872e+17,17,6,1,5.76460752302153728e+17,17,6,1,5.76460752303439872e+17,17,6,2,3.32306998945506446e+35,17,6,2,3.32306998945506446e+35,18,5,1,5.76460752303513600e+17
13,4,M_y_col_1,0,23,1,5.76460752303439872e+17,0,23,1,5.76460752303439872e+17,0,23,1,5.76460752303439872e+17,0,23,1,5.76460752303439872e+17,0,23,2,3.32306998946247858e+35,0,23,2,3.32306998946247858e+35,1,22,1,5.76460752303439872e+17
13,4,M_u_col_2,16,7,2,3.32306998945331719e+35,0,23,1,5.76460752303439872e+17,17,6,1,5.76460752302153728e+17,17,6,1,5.76460752303439872e+17,17,6,2,3.32306998945506446e+35,17,6,2,3.32306998945506446e+35,18,5,1,5.76460752303513600e+17
13,4,M_y_col_2,0,23,1,5.76460752303439872e+17,0,23,1,5.76460752303439872e+17,0,23,1,5.76460752303439872e+17,0,23,1,5.76460752303439872e+17,0,23,2,3.32306998946247858e+35,0,23,2,3.32306998946247858e+35,1,22,1,5.76460752303439872e+17
13,4,M_u_col_3,16,7,2,3.32306998945331719e+35,0,23,1,5.76460752303439872e+17,17,6,1,5.76460752302153728e+17,17,6,1,5.76460752303439872e+17,17,6,2,3.32306998945506446e+35,17,6,2,3.32306998945506446e+35,18,5,1,5.76460752303513600e+17
13,4,M_y_col_3,0,23,1,5.76460752303439872e+17,0,23,1,5.76460752303439872e+17,0,23,1,5.76460752303439872e+17,0,23,1,5.76460752303439872e+17,0,23,2,3.32306998946247858e+35,0,23,2,3.32306998946247858e+35,1,22,1,5.76460752303439872e+17
14,0,P_0,18,5,1,5.76460752303513600e+17,0,23,1,5.76460752303439872e+17,18,5,1,5.76460752303513600e+17,18,5,1,5.76460752303439872e+17,18,5,2,3.32306998946290359e+35,18,5,2,3.32306998946290359e+35,19,4,1,5.76460752303767552e+17
14,1,P_1,18,5,1,5.76460752303513600e+17,0,23,1,5.76460752303439872e+17,18,5,1,5.76460752303513600e+17,18,5,1,5.76460752303439872e+17,18,5,2,3.32306998946290359e+35,18,5,2,3.32306998946290359e+35,19,4,1,5.76460752303767552e+17
14,1,q_1_0,0,23,1,5.76460752303439872e+17,0,23,1,5.76460752303439872e+17,0,23,1,5.76460752303439872e+17,0,23,1,5.76460752303439872e+17,0,23,2,3.32306998946247858e+35,0,23,2,3.32306998946247858e+35,1,22,1,5.76460752303439872e+17
14,2,P_2,18,5,1,5.76460752303513600e+17,0,23,1,5.76460752303439872e+17,18,5,1,5.76460752303513600e+17,18,5,1,5.76460752303439872e+17,18,5,2,3.32306998946290359e+35,18,5,2,3.32306998946290359e+35,19,4,1,5.76460752303767552e+17
14,2,q_2_0,0,23,1,5.76460752303439872e+17,0,23,1,5.76460752303439872e+17,0,23,1,5.76460752303439872e+17,0,23,1,5.76460752303439872e+17,0,23,2,3.32306998946247858e+35,0,23,2,3.32306998946247858e+35,1,22,1,5.76460752303439872e+17
14,2,q_2_1,0,23,1,5.76460752303439872e+17,0,23,1,5.76460752303439872e+17,0,23,1,5.76460752303439872e+17,0,23,1,5.76460752303439872e+17,0,23,2,3.32306998946247858e+35,0,23,2,3.32306998946247858e+35,1,22,1,5.76460752303439872e+17
14,3,P_3,18,5,1,5.76460752303513600e+17,0,23,1,5.76460752303439872e+17,18,5,1,5.76460752303513600e+17,18,5,1,5.76460752303439872e+17,18,5,2,3.32306998946290359e+35,18,5,2,3.32306998946290359e+35,19,4,1,5.76460752303767552e+17
14,3,q_3_0,0,23,1,5.76460752303439872e+17,0,23,1,5.76460752303439872e+17,0,23,1,5.76460752303439872e+17,0,23,1,5.76460752303439872e+17,0,23,2,3.32306998946247858e+35,0,23,2,3.32306998946247858e+35,1,22,1,5.76460752303439872e+17
14,3,q_3_1,0,23,1,5.76460752303439872e+17,0,23,1,5.76460752303439872e+17,0,23,1,5.76460752303439872e+17,0,23,1,5.76460752303439872e+17,0,23,2,3.32306998946247858e+35,0,23,2,3.32306998946247858e+35,1,22,1,5.76460752303439872e+17
14,3,q_3_2,0,23,1,5.76460752303439872e+17,0,23,1,5.76460752303439872e+17,0,23,1,5.76460752303439872e+17,0,23,1,5.76460752303439872e+17,0,23,2,3.32306998946247858e+35,0,23,2,3.32306998946247858e+35,1,22,1,5.76460752303439872e+17
14,4,M_u_col_0,16,7,2,3.32306998945331719e+35,0,23,1,5.76460752303439872e+17,17,6,1,5.76460752302153728e+17,17,6,1,5.76460752303439872e+17,17,6,2,3.32306998945506446e+35,17,6,2,3.32306998945506446e+35,18,5,1,5.76460752303513600e+17
14,4,M_y_col_0,0,23,1,5.76460752303439872e+17,0,23,1,5.76460752303439872e+17,0,23,1,5.76460752303439872e+17,0,23,1,5.76460752303439872e+17,0,23,2,3.32306998946247858e+35,0,23,2,3.32306998946247858e+35,1,22,1,5.76460752303439872e+17
14,4,M_u_col_1,16,7,2,3.32306998945331719e+35,0,23,1,5.76460752303439872e+17,17,6,1,5.76460752302153728e+17,17,6,1,5.76460752303439872e+17,17,6,2,3.32306998945506446e+35,17,6,2,3.32306998945506446e+35,18,5,1,5.76460752303513600e+17
14,4,M_y_col_1,0,23,1,5.76460752303439872e+17,0,23,1,5.76460752303439872e+17,0,23,1,5.76460752303439872e+17,0,23,1,5.76460752303439872e+17,0,23,2,3.32306998946247858e+35,0,23,2,3.32306998946247858e+35,1,22,1,5.76460752303439872e+17
14,4,M_u_col_2,16,7,2,3.32306998945331719e+35,0,23,1,5.76460752303439872e+17,17,6,1,5.76460752302153728e+17,17,6,1,5.76460752303439872e+17,17,6,2,3.32306998945506446e+35,17,6,2,3.32306998945506446e+35,18,5,1,5.76460752303513600e+17
14,4,M_y_col_2,0,23,1,5.76460752303439872e+17,0,23,1,5.76460752303439872e+17,0,23,1,5.76460752303439872e+17,0,23,1,5.76460752303439872e+17,0,23,2,3.32306998946247858e+35,0,23,2,3.32306998946247858e+35,1,22,1,5.76460752303439872e+17
14,4,M_u_col_3,16,7,2,3.32306998945331719e+35,0,23,1,5.76460752303439872e+17,17,6,1,5.76460752302153728e+17,17,6,1,5.76460752303439872e+17,17,6,2,3.32306998945506446e+35,17,6,2,3.32306998945506446e+35,18,5,1,5.76460752303513600e+17
14,4,M_y_col_3,0,23,1,5.76460752303439872e+17,0,23,1,5.76460752303439872e+17,0,23,1,5.76460752303439872e+17,0,23,1,5.76460752303439872e+17,0,23,2,3.32306998946247858e+35,0,23,2,3.32306998946247858e+35,1,22,1,5.76460752303439872e+17
15,0,P_0,18,5,1,5.76460752303513600e+17,0,23,1,5.76460752303439872e+17,18,5,1,5.76460752303513600e+17,18,5,1,5.76460752303439872e+17,18,5,2,3.32306998946290359e+35,18,5,2,3.32306998946290359e+35,19,4,1,5.76460752303767552e+17
15,1,P_1,18,5,1,5.76460752303513600e+17,0,23,1,5.76460752303439872e+17,18,5,1,5.76460752303513600e+17,18,5,1,5.76460752303439872e+17,18,5,2,3.32306998946290359e+35,18,5,2,3.32306998946290359e+35,19,4,1,5.76460752303767552e+17
15,1,q_1_0,0,23,1,5.76460752303439872e+17,0,23,1,5.76460752303439872e+17,0,23,1,5.76460752303439872e+17,0,23,1,5.76460752303439872e+17,0,23,2,3.32306998946247858e+35,0,23,2,3.32306998946247858e+35,1,22,1,5.76460752303439872e+17
15,2,P_2,18,5,1,5.76460752303513600e+17,0,23,1,5.76460752303439872e+17,18,5,1,5.76460752303513600e+17,18,5,1,5.76460752303439872e+17,18,5,2,3.32306998946290359e+35,18,5,2,3.32306998946290359e+35,19,4,1,5.76460752303767552e+17
15,2,q_2_0,0,23,1,5.76460752303439872e+17,0,23,1,5.76460752303439872e+17,0,23,1,5.76460752303439872e+17,0,23,1,5.76460752303439872e+17,0,23,2,3.32306998946247858e+35,0,23,2,3.32306998946247858e+35,1,22,1,5.76460752303439872e+17
15,2,q_2_1,0,23,1,5.76460752303439872e+17,0,23,1,5.76460752303439872e+17,0,23,1,5.76460752303439872e+17,0,23,1,5.76460752303439872e+17,0,23,2,3.32306998946247858e+35,0,23,2,3.32306998946247858e+35,1,22,1,5.76460752303439872e+17
15,3,P_3,18,5,1,5.76460752303513600e+17,0,23,1,5.76460752303439872e+17,18,5,1,5.76460752303513600e+17,18,5,1,5.76460752303439872e+17,18,5,2,3.32306998946290359e+35,18,5,2,3.32306998946290359e+35,19,4,1,5.76460752303767552e+17
15,3,q_3_0,0,23,1,5.76460752303439872e+17,0,23,1,5.76460752303439872e+17,0,23,1,5.76460752303439872e+17,0,23,1,5.76460752303439872e+17,0,23,2,3.32306998946247858e+35,0,23,2,3.32306998946247858e+35,1,22,1,5.76460752303439872e+17
15,3,q_3_1,0,23,1,5.76460752303439872e+17,0,23,1,5.76460752303439872e+17,0,23,1,5.76460752303439872e+17,0,23,1,5.76460752303439872e+17,0,23,2,3.32306998946247858e+35,0,23,2,3.32306998946247858e+35,1,22,1,5.76460752303439872e+17
15,3,q_3_2,0,23,1,5.76460752303439872e+17,0,23,1,5.76460752303439872e+17,0,23,1,5.76460752303439872e+17,0,23,1,5.76460752303439872e+17,0,23,2,3.32306998946247858e+35,0,23,2,3.32306998946247858e+35,1,22,1,5.76460752303439872e+17
15,4,M_u_col_0,16,7,2,3.32306998945331719e+35,0,23,1,5.76460752303439872e+17,17,6,1,5.76460752302153728e+17,17,6,1,5.76460752303439872e+17,17,6,2,3.32306998945506446e+35,17,6,2,3.32306998945506446e+35,18,5,1,5.76460752303513600e+17
15,4,M_y_col_0,0,23,1,5.76460752303439872e+17,0,23,1,5.76460752303439872e+17,0,23,1,5.76460752303439872e+17,0,23,1,5.76460752303439872e+17,0,23,2,3.32306998946247858e+35,0,23,2,3.32306998946247858e+35,1,22,1,5.76460752303439872e+17
15,4,M_u_col_1,16,7,2,3.32306998945331719e+35,0,23,1,5.76460752303439872e+17,17,6,1,5.76460752302153728e+17,17,6,1,5.76460752303439872e+17,17,6,2,3.32306998945506446e+35,17,6,2,3.32306998945506446e+35,18,5,1,5.76460752303513600e+17
15,4,M_y_col_1,0,23,1,5.76460752303439872e+17,0,23,1,5.76460752303439872e+17,0,23,1,5.76460752303439872e+17,0,23,1,5.76460752303439872e+17,0,23,2,3.32306998946247858e+35,0,23,2,3.32306998946247858e+35,1,22,1,5.76460752303439872e+17
15,4,M_u_col_2,16,7,2,3.32306998945331719e+35,0,23,1,5.76460752303439872e+17,17,6,1,5.76460752302153728e+17,17,6,1,5.76460752303439872e+17,17,6,2,3.32306998945506446e+35,17,6,2,3.32306998945506446e+35,18,5,1,5.76460752303513600e+17
15,4,M_y_col_2,0,23,1,5.76460752303439872e+17,0,23,1,5.76460752303439872e+17,0,23,1,5.76460752303439872e+17,0,23,1,5.76460752303439872e+17,0,23,2,3.32306998946247858e+35,0,23,2,3.32306998946247858e+35,1,22,1,5.76460752303439872e+17
15,4,M_u_col_3,16,7,2,3.32306998945331719e+35,0,23,1,5.76460752303439872e+17,17,6,1,5.76460752302153728e+17,17,6,1,5.76460752303439872e+17,17,6,2,3.32306998945506446e+35,17,6,2,3.32306998945506446e+35,18,5,1,5.76460752303513600e+17
15,4,M_y_col_3,0,23,1,5.76460752303439872e+17,0,23,1,5.76460752303439872e+17,0,23,1,5.76460752303439872e+17,0,23,1,5.76460752303439872e+17,0,23,2,3.32306998946247858e+35,0,23,2,3.32306998946247858e+35,1,22,1,5.76460752303439872e+17
16,0,P_0,18,5,1,5.76460752303513600e+17,0,23,1,5.76460752303439872e+17,18,5,1,5.76460752303513600e+17,18,5,1,5.76460752303439872e+17,18,5,2,3.32306998946290359e+35,18,5,2,3.32306998946290359e+35,19,4,1,5.76460752303767552e+17
16,1,P_1,18,5,1,5.76460752303513600e+17,0,23,1,5.76460752303439872e+17,18,5,1,5.76460752303513600e+17,18,5,1,5.76460752303439872e+17,18,5,2,3.32306998946290359e+35,18,5,2,3.32306998946290359e+35,19,4,1,5.76460752303767552e+17
16,1,q_1_0,0,23,1,5.76460752303439872e+17,0,23,1,5.76460752303439872e+17,0,23,1,5.76460752303439872e+17,0,23,1,5.76460752303439872e+17,0,23,2,3.32306998946247858e+35,0,23,2,3.32306998946247858e+35,1,22,1,5.76460752303439872e+17
16,2,P_2,18,5,1,5.76460752303513600e+17,0,23,1,5.76460752303439872e+17,18,5,1,5.76460752303513600e+17,18,5,1,5.76460752303439872e+17,18,5,2,3.32306998946290359e+35,18,5,2,3.32306998946290359e+35,19,4,1,5.76460752303767552e+17
16,2,q_2_0,0,23,1,5.76460752303439872e+17,0,23,1,5.76460752303439872e+17,0,23,1,5.76460752303439872e+17,0,23,1,5.76460752303439872e+17,0,23,2,3.32306998946247858e+35,0,23,2,3.32306998946247858e+35,1,22,1,5.76460752303439872e+17
16,2,q_2_1,0,23,1,5.76460752303439872e+17,0,23,1,5.76460752303439872e+17,0,23,1,5.76460752303439872e+17,0,23,1,5.76460752303439872e+17,0,23,2,3.32306998946247858e+35,0,23,2,3.32306998946247858e+35,1,22,1,5.76460752303439872e+17
16,3,P_3,18,5,1,5.76460752303513600e+17,0,23,1,5.76460752303439872e+17,18,5,1,5.76460752303513600e+17,18,5,1,5.76460752303439872e+17,18,5,2,3.32306998946290359e+35,18,5,2,3.32306998946290359e+35,19,4,1,5.76460752303767552e+17
16,3,q_3_0,0,23,1,5.76460752303439872e+17,0,23,1,5.76460752303439872e+17,0,23,1,5.76460752303439872e+17,0,23,1,5.76460752303439872e+17,0,23,2,3.32306998946247858e+35,0,23,2,3.32306998946247858e+35,1,22,1,5.76460752303439872e+17
16,3,q_3_1,0,23,1,5.76460752303439872e+17,0,23,1,5.76460752303439872e+17,0,23,1,5.76460752303439872e+17,0,23,1,5.76460752303439872e+17,0,23,2,3.32306998946247858e+35,0,23,2,3.32306998946247858e+35,1,22,1,5.76460752303439872e+17
16,3,q_3_2,0,23,1,5.76460752303439872e+17,0,23,1,5.76460752303439872e+17,0,23,1,5.76460752303439872e+17,0,23,1,5.76460752303439872e+17,0,23,2,3.32306998946247858e+35,0,23,2,3.32306998946247858e+35,1,22,1,5.76460752303439872e+17
16,4,M_u_col_0,16,7,2,3.32306998945331719e+35,0,23,1,5.76460752303439872e+17,17,6,1,5.76460752302153728e+17,17,6,1,5.76460752303439872e+17,17,6,2,3.32306998945506446e+35,17,6,2,3.32306998945506446e+35,18,5,1,5.76460752303513600e+17
16,4,M_y_col_0,0,23,1,5.76460752303439872e+17,0,23,1,5.76460752303439872e+17,0,23,1,5.76460752303439872e+17,0,23,1,5.76460752303439872e+17,0,23,2,3.32306998946247858e+35,0,23,2,3.32306998946247858e+35,1,22,1,5.76460752303439872e+17
16,4,M_u_col_1,16,7,2,3.32306998945331719e+35,0,23,1,5.76460752303439872e+17,17,6,1,5.76460752302153728e+17,17,6,1,5.76460752303439872e+17,17,6,2,3.32306998945506446e+35,17,6,2,3.32306998945506446e+35,18,5,1,5.76460752303513600e+17
16,4,M_y_col_1,0,23,1,5.76460752303439872e+17,0,23,1,5.76460752303439872e+17,0,23,1,5.76460752303439872e+17,0,23,1,5.76460752303439872e+17,0,23,2,3.32306998946247858e+35,0,23,2,3.32306998946247858e+35,1,22,1,5.76460752303439872e+17
16,4,M_u_col_2,16,7,2,3.32306998945331719e+35,0,23,1,5.76460752303439872e+17,17,6,1,5.76460752302153728e+17,17,6,1,5.76460752303439872e+17,17,6,2,3.32306998945506446e+35,17,6,2,3.32306998945506446e+35,18,5,1,5.76460752303513600e+17
16,4,M_y_col_2,0,23,1,5.76460752303439872e+17,0,23,1,5.76460752303439872e+17,0,23,1,5.76460752303439872e+17,0,23,1,5.76460752303439872e+17,0,23,2,3.32306998946247858e+35,0,23,2,3.32306998946247858e+35,1,22,1,5.76460752303439872e+17
16,4,M_u_col_3,16,7,2,3.32306998945331719e+35,0,23,1,5.76460752303439872e+17,17,6,1,5.76460752302153728e+17,17,6,1,5.76460752303439872e+17,17,6,2,3.32306998945506446e+35,17,6,2,3.32306998945506446e+35,18,5,1,5.76460752303513600e+17
16,4,M_y_col_3,0,23,1,5.76460752303439872e+17,0,23,1,5.76460752303439872e+17,0,23,1,5.76460752303439872e+17,0,23,1,5.76460752303439872e+17,0,23,2,3.32306998946247858e+35,0,23,2,3.32306998946247858e+35,1,22,1,5.76460752303439872e+17
17,0,P_0,18,5,1,5.76460752303513600e+17,0,23,1,5.76460752303439872e+17,18,5,1,5.76460752303513600e+17,18,5,1,5.76460752303439872e+17,18,5,2,3.32306998946290359e+35,18,5,2,3.32306998946290359e+35,19,4,1,5.76460752303767552e+17
17,1,P_1,18,5,1,5.76460752303513600e+17,0,23,1,5.76460752303439872e+17,18,5,1,5.76460752303513600e+17,18,5,1,5.76460752303439872e+17,18,5,2,3.32306998946290359e+35,18,5,2,3.32306998946290359e+35,19,4,1,5.76460752303767552e+17
17,1,q_1_0,0,23,1,5.76460752303439872e+17,0,23,1,5.76460752303439872e+17,0,23,1,5.76460752303439872e+17,0,23,1,5.76460752303439872e+17,0,23,2,3.32306998946247858e+35,0,23,2,3.32306998946247858e+35,1,22,1,5.76460752303439872e+17
17,2,P_2,18,5,1,5.76460752303513600e+17,0,23,1,5.76460752303439872e+17,18,5,1,5.76460752303513600e+17,18,5,1,5.76460752303439872e+17,18,5,2,3.32306998946290359e+35,18,5,2,3.32306998946290359e+35,19,4,1,5.76460752303767552e+17
17,2,q_2_0,0,23,1,5.76460752303439872e+17,0,23,1,5.76460752303439872e+17,0,23,1,5.76460752303439872e+17,0,23,1,5.76460752303439872e+17,0,23,2,3.32306998946247858e+35,0,23,2,3.32306998946247858e+35,1,22,1,5.76460752303439872e+17
17,2,q_2_1,0,23,1,5.76460752303439872e+17,0,23,1,5.76460752303439872e+17,0,23,1,5.76460752303439872e+17,0,23,1,5.76460752303439872e+17,0,23,2,3.32306998946247858e+35,0,23,2,3.32306998946247858e+35,1,22,1,5.76460752303439872e+17
17,3,P_3,18,5,1,5.76460752303513600e+17,0,23,1,5.76460752303439872e+17,18,5,1,5.76460752303513600e+17,18,5,1,5.76460752303439872e+17,18,5,2,3.32306998946290359e+35,18,5,2,3.32306998946290359e+35,19,4,1,5.76460752303767552e+17
17,3,q_3_0,0,23,1,5.76460752303439872e+17,0,23,1,5.76460752303439872e+17,0,23,1,5.76460752303439872e+17,0,23,1,5.76460752303439872e+17,0,23,2,3.32306998946247858e+35,0,23,2,3.32306998946247858e+35,1,22,1,5.76460752303439872e+17
17,3,q_3_1,0,23,1,5.76460752303439872e+17,0,23,1,5.76460752303439872e+17,0,23,1,5.76460752303439872e+17,0,23,1,5.76460752303439872e+17,0,23,2,3.32306998946247858e+35,0,23,2,3.32306998946247858e+35,1,22,1,5.76460752303439872e+17
17,3,q_3_2,0,23,1,5.76460752303439872e+17,0,23,1,5.76460752303439872e+17,0,23,1,5.76460752303439872e+17,0,23,1,5.76460752303439872e+17,0,23,2,3.32306998946247858e+35,0,23,2,3.32306998946247858e+35,1,22,1,5.76460752303439872e+17
17,4,M_u_col_0,16,7,2,3.32306998945331719e+35,0,23,1,5.76460752303439872e+17,17,6,1,5.76460752302153728e+17,17,6,1,5.76460752303439872e+17,17,6,2,3.32306998945506446e+35,17,6,2,3.32306998945506446e+35,18,5,1,5.76460752303513600e+17
17,4,M_y_col_0,0,23,1,5.76460752303439872e+17,0,23,1,5.76460752303439872e+17,0,23,1,5.76460752303439872e+17,0,23,1,5.76460752303439872e+17,0,23,2,3.32306998946247858e+35,0,23,2,3.32306998946247858e+35,1,22,1,5.76460752303439872e+17
17,4,M_u_col_1,16,7,2,3.32306998945331719e+35,0,23,1,5.76460752303439872e+17,17,6,1,5.76460752302153728e+17,17,6,1,5.76460752303439872e+17,17,6,2,3.32306998945506446e+35,17,6,2,3.32306998945506446e+35,18,5,1,5.76460752303513600e+17
17,4,M_y_col_1,0,23,1,5.76460752303439872e+17,0,23,1,5.76460752303439872e+17,0,23,1,5.76460752303439872e+17,0,23,1,5.76460752303439872e+17,0,23,2,3.32306998946247858e+35,0,23,2,3.32306998946247858e+35,1,22,1,5.76460752303439872e+17
17,4,M_u_col_2,16,7,2,3.32306998945331719e+35,0,23,1,5.76460752303439872e+17,17,6,1,5.76460752302153728e+17,17,6,1,5.76460752303439872e+17,17,6,2,3.32306998945506446e+35,17,6,2,3.32306998945506446e+35,18,5,1,5.76460752303513600e+17
17,4,M_y_col_2,0,23,1,5.76460752303439872e+17,0,23,1,5.76460752303439872e+17,0,23,1,5.76460752303439872e+17,0,23,1,5.76460752303439872e+17,0,23,2,3.32306998946247858e+35,0,23,2,3.32306998946247858e+35,1,22,1,5.76460752303439872e+17
17,4,M_u_col_3,16,7,2,3.32306998945331719e+35,0,23,1,5.76460752303439872e+17,17,6,1,5.76460752302153728e+17,17,6,1,5.76460752303439872e+17,17,6,2,3.32306998945506446e+35,17,6,2,3.32306998945506446e+35,18,5,1,5.76460752303513600e+17
17,4,M_y_col_3,0,23,1,5.76460752303439872e+17,0,23,1,5.76460752303439872e+17,0,23,1,5.76460752303439872e+17,0,23,1,5.76460752303439872e+17,0,23,2,3.32306998946247858e+35,0,23,2,3.32306998946247858e+35,1,22,1,5.76460752303439872e+17
18,0,P_0,18,5,1,5.76460752303513600e+17,0,23,1,5.76460752303439872e+17,18,5,1,5.76460752303513600e+17,18,5,1,5.76460752303439872e+17,18,5,2,3.32306998946290359e+35,18,5,2,3.32306998946290359e+35,19,4,1,5.76460752303767552e+17
18,1,P_1,18,5,1,5.76460752303513600e+17,0,23,1,5.76460752303439872e+17,18,5,1,5.76460752303513600e+17,18,5,1,5.76460752303439872e+17,18,5,2,3.32306998946290359e+35,18,5,2,3.32306998946290359e+35,19,4,1,5.76460752303767552e+17
18,1,q_1_0,0,23,1,5.76460752303439872e+17,0,23,1,5.76460752303439872e+17,0,23,1,5.76460752303439872e+17,0,23,1,5.76460752303439872e+17,0,23,2,3.32306998946247858e+35,0,23,2,3.32306998946247858e+35,1,22,1,5.76460752303439872e+17
18,2,P_2,18,5,1,5.76460752303513600e+17,0,23,1,5.76460752303439872e+17,18,5,1,5.76460752303513600e+17,18,5,1,5.76460752303439872e+17,18,5,2,3.32306998946290359e+35,18,5,2,3.32306998946290359e+35,19,4,1,5.76460752303767552e+17
18,2,q_2_0,0,23,1,5.76460752303439872e+17,0,23,1,5.76460752303439872e+17,0,23,1,5.76460752303439872e+17,0,23,1,5.76460752303439872e+17,0,23,2,3.32306998946247858e+35,0,23,2,3.32306998946247858e+35,1,22,1,5.76460752303439872e+17
18,2,q_2_1,0,23,1,5.76460752303439872e+17,0,23,1,5.76460752303439872e+17,0,23,1,5.76460752303439872e+17,0,23,1,5.76460752303439872e+17,0,23,2,3.32306998946247858e+35,0,23,2,3.32306998946247858e+35,1,22,1,5.76460752303439872e+17
18,3,P_3,18,5,1,5.76460752303513600e+17,0,23,1,5.76460752303439872e+17,18,5,1,5.76460752303513600e+17,18,5,1,5.76460752303439872e+17,18,5,2,3.32306998946290359e+35,18,5,2,3.32306998946290359e+35,19,4,1,5.76460752303767552e+17
18,3,q_3_0,0,23,1,5.76460752303439872e+17,0,23,1,5.76460752303439872e+17,0,23,1,5.76460752303439872e+17,0,23,1,5.76460752303439872e+17,0,23,2,3.32306998946247858e+35,0,23,2,3.32306998946247858e+35,1,22,1,5.76460752303439872e+17
18,3,q_3_1,0,23,1,5.76460752303439872e+17,0,23,1,5.76460752303439872e+17,0,23,1,5.76460752303439872e+17,0,23,1,5.76460752303439872e+17,0,23,2,3.32306998946247858e+35,0,23,2,3.32306998946247858e+35,1,22,1,5.76460752303439872e+17
18,3,q_3_2,0,23,1,5.76460752303439872e+17,0,23,1,5.76460752303439872e+17,0,23,1,5.76460752303439872e+17,0,23,1,5.76460752303439872e+17,0,23,2,3.32306998946247858e+35,0,23,2,3.32306998946247858e+35,1,22,1,5.76460752303439872e+17
18,4,M_u_col_0,16,7,2,3.32306998945331719e+35,0,23,1,5.76460752303439872e+17,17,6,1,5.76460752302153728e+17,17,6,1,5.76460752303439872e+17,17,6,2,3.32306998945506446e+35,17,6,2,3.32306998945506446e+35,18,5,1,5.76460752303513600e+17
18,4,M_y_col_0,0,23,1,5.76460752303439872e+17,0,23,1,5.76460752303439872e+17,0,23,1,5.76460752303439872e+17,0,23,1,5.76460752303439872e+17,0,23,2,3.32306998946247858e+35,0,23,2,3.32306998946247858e+35,1,22,1,5.76460752303439872e+17
18,4,M_u_col_1,16,7,2,3.32306998945331719e+35,0,23,1,5.76460752303439872e+17,17,6,1,5.76460752302153728e+17,17,6,1,5.76460752303439872e+17,17,6,2,3.32306998945506446e+35,17,6,2,3.32306998945506446e+35,18,5,1,5.76460752303513600e+17
18,4,M_y_col_1,0,23,1,5.76460752303439872e+17,0,23,1,5.76460752303439872e+17,0,23,1,5.76460752303439872e+17,0,23,1,5.76460752303439872e+17,0,23,2,3.32306998946247858e+35,0,23,2,3.32306998946247858e+35,1,22,1,5.76460752303439872e+17
18,4,M_u_col_2,16,7,2,3.32306998945331719e+35,0,23,1,5.76460752303439872e+17,17,6,1,5.76460752302153728e+17,17,6,1,5.76460752303439872e+17,17,6,2,3.32306998945506446e+35,17,6,2,3.32306998945506446e+35,18,5,1,5.76460752303513600e+17
18,4,M_y_col_2,0,23,1,5.76460752303439872e+17,0,23,1,5.76460752303439872e+17,0,23,1,5.76460752303439872e+17,0,23,1,5.76460752303439872e+17,0,23,2,3.32306998946247858e+35,0,23,2,3.32306998946247858e+35,1,22,1,5.76460752303439872e+17
18,4,M_u_col_3,16,7,2,3.32306998945331719e+35,0,23,1,5.76460752303439872e+17,17,6,1,5.76460752302153728e+17,17,6,1,5.76460752303439872e+17,17,6,2,3.32306998945506446e+35,17,6,2,3.32306998945506446e+35,18,5,1,5.76460752303513600e+17
18,4,M_y_col_3,0,23,1,5.76460752303439872e+17,0,23,1,5.76460752303439872e+17,0,23,1,5.76460752303439872e+17,0,23,1,5.76460752303439872e+17,0,23,2,3.32306998946247858e+35,0,23,2,3.32306998946247858e+35,1,22,1,5.76460752303439872e+17
19,0,P_0,18,5,1,5.76460752303513600e+17,0,23,1,5.76460752303439872e+17,18,5,1,5.76460752303513600e+17,18,5,1,5.76460752303439872e+17,18,5,2,3.32306998946290359e+35,18,5,2,3.32306998946290359e+35,19,4,1,5.76460752303767552e+17
19,1,P_1,18,5,1,5.76460752303513600e+17,0,23,1,5.76460752303439872e+17,18,5,1,5.76460752303513600e+17,18,5,1,5.76460752303439872e+17,18,5,2,3.32306998946290359e+35,18,5,2,3.32306998946290359e+35,19,4,1,5.76460752303767552e+17
19,1,q_1_0,0,23,1,5.76460752303439872e+17,0,23,1,5.76460752303439872e+17,0,23,1,5.76460752303439872e+17,0,23,1,5.76460752303439872e+17,0,23,2,3.32306998946247858e+35,0,23,2,3.32306998946247858e+35,1,22,1,5.76460752303439872e+17
19,2,P_2,18,5,1,5.76460752303513600e+17,0,23,1,5.76460752303439872e+17,18,5,1,5.76460752303513600e+17,18,5,1,5.76460752303439872e+17,18,5,2,3.32306998946290359e+35,18,5,2,3.32306998946290359e+35,19,4,1,5.76460752303767552e+17
19,2,q_2_0,0,23,1,5.76460752303439872e+17,0,23,1,5.76460752303439872e+17,0,23,1,5.76460752303439872e+17,0,23,1,5.76460752303439872e+17,0,23,2,3.32306998946247858e+35,0,23,2,3.32306998946247858e+35,1,22,1,5.76460752303439872e+17
19,2,q_2_1,0,23,1,5.76460752303439872e+17,0,23,1,5.76460752303439872e+17,0,23,1,5.76460752303439872e+17,0,23,1,5.76460752303439872e+17,0,23,2,3.32306998946247858e+35,0,23,2,3.32306998946247858e+35,1,22,1,5.76460752303439872e+17
19,3,P_3,18,5,1,5.76460752303513600e+17,0,23,1,5.76460752303439872e+17,18,5,1,5.76460752303513600e+17,18,5,1,5.76460752303439872e+17,18,5,2,3.32306998946290359e+35,18,5,2,3.32306998946290359e+35,19,4,1,5.76460752303767552e+17
19,3,q_3_0,0,23,1,5.76460752303439872e+17,0,23,1,5.76460752303439872e+17,0,23,1,5.76460752303439872e+17,0,23,1,5.76460752303439872e+17,0,23,2,3.32306998946247858e+35,0,23,2,3.32306998946247858e+35,1,22,1,5.76460752303439872e+17
19,3,q_3_1,0,23,1,5.76460752303439872e+17,0,23,1,5.76460752303439872e+17,0,23,1,5.76460752303439872e+17,0,23,1,5.76460752303439872e+17,0,23,2,3.32306998946247858e+35,0,23,2,3.32306998946247858e+35,1,22,1,5.76460752303439872e+17
19,3,q_3_2,0,23,1,5.76460752303439872e+17,0,23,1,5.76460752303439872e+17,0,23,1,5.76460752303439872e+17,0,23,1,5.76460752303439872e+17,0,23,2,3.32306998946247858e+35,0,23,2,3.32306998946247858e+35,1,22,1,5.76460752303439872e+17
19,4,M_u_col_0,16,7,2,3.32306998945331719e+35,0,23,1,5.76460752303439872e+17,17,6,1,5.76460752302153728e+17,17,6,1,5.76460752303439872e+17,17,6,2,3.32306998945506446e+35,17,6,2,3.32306998945506446e+35,18,5,1,5.76460752303513600e+17
19,4,M_y_col_0,0,23,1,5.76460752303439872e+17,0,23,1,5.76460752303439872e+17,0,23,1,5.76460752303439872e+17,0,23,1,5.76460752303439872e+17,0,23,2,3.32306998946247858e+35,0,23,2,3.32306998946247858e+35,1,22,1,5.76460752303439872e+17
19,4,M_u_col_1,16,7,2,3.32306998945331719e+35,0,23,1,5.76460752303439872e+17,17,6,1,5.76460752302153728e+17,17,6,1,5.76460752303439872e+17,17,6,2,3.32306998945506446e+35,17,6,2,3.32306998945506446e+35,18,5,1,5.76460752303513600e+17
19,4,M_y_col_1,0,23,1,5.76460752303439872e+17,0,23,1,5.76460752303439872e+17,0,23,1,5.76460752303439872e+17,0,23,1,5.76460752303439872e+17,0,23,2,3.32306998946247858e+35,0,23,2,3.32306998946247858e+35,1,22,1,5.76460752303439872e+17
19,4,M_u_col_2,16,7,2,3.32306998945331719e+35,0,23,1,5.76460752303439872e+17,17,6,1,5.76460752302153728e+17,17,6,1,5.76460752303439872e+17,17,6,2,3.32306998945506446e+35,17,6,2,3.32306998945506446e+35,18,5,1,5.76460752303513600e+17
19,4,M_y_col_2,0,23,1,5.76460752303439872e+17,0,23,1,5.76460752303439872e+17,0,23,1,5.76460752303439872e+17,0,23,1,5.76460752303439872e+17,0,23,2,3.32306998946247858e+35,0,23,2,3.32306998946247858e+35,1,22,1,5.76460752303439872e+17
19,4,M_u_col_3,16,7,2,3.32306998945331719e+35,0,23,1,5.76460752303439872e+17,17,6,1,5.76460752302153728e+17,17,6,1,5.76460752303439872e+17,17,6,2,3.32306998945506446e+35,17,6,2,3.32306998945506446e+35,18,5,1,5.76460752303513600e+17
19,4,M_y_col_3,0,23,1,5.76460752303439872e+17,0,23,1,5.76460752303439872e+17,0,23,1,5.76460752303439872e+17,0,23,1,5.76460752303439872e+17,0,23,2,3.32306998946247858e+35,0,23,2,3.32306998946247858e+35,1,22,1,5.76460752303439872e+17
20,0,P_0,18,5,1,5.76460752303513600e+17,0,23,1,5.76460752303439872e+17,18,5,1,5.76460752303513600e+17,18,5,1,5.76460752303439872e+17,18,5,2,3.32306998946290359e+35,18,5,2,3.32306998946290359e+35,19,4,1,5.76460752303767552e+17
20,1,P_1,18,5,1,5.76460752303513600e+17,0,23,1,5.76460752303439872e+17,18,5,1,5.76460752303513600e+17,18,5,1,5.76460752303439872e+17,18,5,2,3.32306998946290359e+35,18,5,2,3.32306998946290359e+35,19,4,1,5.76460752303767552e+17
20,1,q_1_0,0,23,1,5.76460752303439872e+17,0,23,1,5.76460752303439872e+17,0,23,1,5.76460752303439872e+17,0,23,1,5.76460752303439872e+17,0,23,2,3.32306998946247858e+35,0,23,2,3.32306998946247858e+35,1,22,1,5.76460752303439872e+17
20,2,P_2,18,5,1,5.76460752303513600e+17,0,23,1,5.76460752303439872e+17,18,5,1,5.76460752303513600e+17,18,5,1,5.76460752303439872e+17,18,5,2,3.32306998946290359e+35,18,5,2,3.32306998946290359e+35,19,4,1,5.76460752303767552e+17
20,2,q_2_0,0,23,1,5.76460752303439872e+17,0,23,1,5.76460752303439872e+17,0,23,1,5.76460752303439872e+17,0,23,1,5.76460752303439872e+17,0,23,2,3.32306998946247858e+35,0,23,2,3.32306998946247858e+35,1,22,1,5.76460752303439872e+17
20,2,q_2_1,0,23,1,5.76460752303439872e+17,0,23,1,5.76460752303439872e+17,0,23,1,5.76460752303439872e+17,0,23,1,5.76460752303439872e+17,0,23,2,3.32306998946247858e+35,0,23,2,3.32306998946247858e+35,1,22,1,5.76460752303439872e+17
20,3,P_3,18,5,1,5.76460752303513600e+17,0,23,1,5.76460752303439872e+17,18,5,1,5.76460752303513600e+17,18,5,1,5.76460752303439872e+17,18,5,2,3.32306998946290359e+35,18,5,2,3.32306998946290359e+35,19,4,1,5.76460752303767552e+17
20,3,q_3_0,0,23,1,5.76460752303439872e+17,0,23,1,5.76460752303439872e+17,0,23,1,5.76460752303439872e+17,0,23,1,5.76460752303439872e+17,0,23,2,3.32306998946247858e+35,0,23,2,3.32306998946247858e+35,1,22,1,5.76460752303439872e+17
20,3,q_3_1,0,23,1,5.76460752303439872e+17,0,23,1,5.76460752303439872e+17,0,23,1,5.76460752303439872e+17,0,23,1,5.76460752303439872e+17,0,23,2,3.32306998946247858e+35,0,23,2,3.32306998946247858e+35,1,22,1,5.76460752303439872e+17
20,3,q_3_2,0,23,1,5.76460752303439872e+17,0,23,1,5.76460752303439872e+17,0,23,1,5.76460752303439872e+17,0,23,1,5.76460752303439872e+17,0,23,2,3.32306998946247858e+35,0,23,2,3.32306998946247858e+35,1,22,1,5.76460752303439872e+17
20,4,M_u_col_0,16,7,2,3.32306998945331719e+35,0,23,1,5.76460752303439872e+17,17,6,1,5.76460752302153728e+17,17,6,1,5.76460752303439872e+17,17,6,2,3.32306998945506446e+35,17,6,2,3.32306998945506446e+35,18,5,1,5.76460752303513600e+17
20,4,M_y_col_0,0,23,1,5.76460752303439872e+17,0,23,1,5.76460752303439872e+17,0,23,1,5.76460752303439872e+17,0,23,1,5.76460752303439872e+17,0,23,2,3.32306998946247858e+35,0,23,2,3.32306998946247858e+35,1,22,1,5.76460752303439872e+17
20,4,M_u_col_1,16,7,2,3.32306998945331719e+35,0,23,1,5.76460752303439872e+17,17,6,1,5.76460752302153728e+17,17,6,1,5.76460752303439872e+17,17,6,2,3.32306998945506446e+35,17,6,2,3.32306998945506446e+35,18,5,1,5.76460752303513600e+17
20,4,M_y_col_1,0,23,1,5.76460752303439872e+17,0,23,1,5.76460752303439872e+17,0,23,1,5.76460752303439872e+17,0,23,1,5.76460752303439872e+17,0,23,2,3.32306998946247858e+35,0,23,2,3.32306998946247858e+35,1,22,1,5.76460752303439872e+17
20,4,M_u_col_2,16,7,2,3.32306998945331719e+35,0,23,1,5.76460752303439872e+17,17,6,1,5.76460752302153728e+17,17,6,1,5.76460752303439872e+17,17,6,2,3.32306998945506446e+35,17,6,2,3.32306998945506446e+35,18,5,1,5.76460752303513600e+17
20,4,M_y_col_2,0,23,1,5.76460752303439872e+17,0,23,1,5.76460752303439872e+17,0,23,1,5.76460752303439872e+17,0,23,1,5.76460752303439872e+17,0,23,2,3.32306998946247858e+35,0,23,2,3.32306998946247858e+35,1,22,1,5.76460752303439872e+17
20,4,M_u_col_3,16,7,2,3.32306998945331719e+35,0,23,1,5.76460752303439872e+17,17,6,1,5.76460752302153728e+17,17,6,1,5.76460752303439872e+17,17,6,2,3.32306998945506446e+35,17,6,2,3.32306998945506446e+35,18,5,1,5.76460752303513600e+17
20,4,M_y_col_3,0,23,1,5.76460752303439872e+17,0,23,1,5.76460752303439872e+17,0,23,1,5.76460752303439872e+17,0,23,1,5.76460752303439872e+17,0,23,2,3.32306998946247858e+35,0,23,2,3.32306998946247858e+35,1,22,1,5.76460752303439872e+17
21,0,P_0,18,5,1,5.76460752303513600e+17,0,23,1,5.76460752303439872e+17,18,5,1,5.76460752303513600e+17,18,5,1,5.76460752303439872e+17,18,5,2,3.32306998946290359e+35,18,5,2,3.32306998946290359e+35,19,4,1,5.76460752303767552e+17
21,1,P_1,18,5,1,5.76460752303513600e+17,0,23,1,5.76460752303439872e+17,18,5,1,5.76460752303513600e+17,18,5,1,5.76460752303439872e+17,18,5,2,3.32306998946290359e+35,18,5,2,3.32306998946290359e+35,19,4,1,5.76460752303767552e+17
21,1,q_1_0,0,23,1,5.76460752303439872e+17,0,23,1,5.76460752303439872e+17,0,23,1,5.76460752303439872e+17,0,23,1,5.76460752303439872e+17,0,23,2,3.32306998946247858e+35,0,23,2,3.32306998946247858e+35,1,22,1,5.76460752303439872e+17
21,2,P_2,18,5,1,5.76460752303513600e+17,0,23,1,5.76460752303439872e+17,18,5,1,5.76460752303513600e+17,18,5,1,5.76460752303439872e+17,18,5,2,3.32306998946290359e+35,18,5,2,3.32306998946290359e+35,19,4,1,5.76460752303767552e+17
21,2,q_2_0,0,23,1,5.76460752303439872e+17,0,23,1,5.76460752303439872e+17,0,23,1,5.76460752303439872e+17,0,23,1,5.76460752303439872e+17,0,23,2,3.32306998946247858e+35,0,23,2,3.32306998946247858e+35,1,22,1,5.76460752303439872e+17
21,2,q_2_1,0,23,1,5.76460752303439872e+17,0,23,1,5.76460752303439872e+17,0,23,1,5.76460752303439872e+17,0,23,1,5.76460752303439872e+17,0,23,2,3.32306998946247858e+35,0,23,2,3.32306998946247858e+35,1,22,1,5.76460752303439872e+17
21,3,P_3,18,5,1,5.76460752303513600e+17,0,23,1,5.76460752303439872e+17,18,5,1,5.76460752303513600e+17,18,5,1,5.76460752303439872e+17,18,5,2,3.32306998946290359e+35,18,5,2,3.32306998946290359e+35,19,4,1,5.76460752303767552e+17
21,3,q_3_0,0,23,1,5.76460752303439872e+17,0,23,1,5.76460752303439872e+17,0,23,1,5.76460752303439872e+17,0,23,1,5.76460752303439872e+17,0,23,2,3.32306998946247858e+35,0,23,2,3.32306998946247858e+35,1,22,1,5.76460752303439872e+17
21,3,q_3_1,0,23,1,5.76460752303439872e+17,0,23,1,5.76460752303439872e+17,0,23,1,5.76460752303439872e+17,0,23,1,5.76460752303439872e+17,0,23,2,3.32306998946247858e+35,0,23,2,3.32306998946247858e+35,1,22,1,5.76460752303439872e+17
21,3,q_3_2,0,23,1,5.76460752303439872e+17,0,23,1,5.76460752303439872e+17,0,23,1,5.76460752303439872e+17,0,23,1,5.76460752303439872e+17,0,23,2,3.32306998946247858e+35,0,23,2,3.32306998946247858e+35,1,22,1,5.76460752303439872e+17
21,4,M_u_col_0,16,7,2,3.32306998945331719e+35,0,23,1,5.76460752303439872e+17,17,6,1,5.76460752302153728e+17,17,6,1,5.76460752303439872e+17,17,6,2,3.32306998945506446e+35,17,6,2,3.32306998945506446e+35,18,5,1,5.76460752303513600e+17
21,4,M_y_col_0,0,23,1,5.76460752303439872e+17,0,23,1,5.76460752303439872e+17,0,23,1,5.76460752303439872e+17,0,23,1,5.76460752303439872e+17,0,23,2,3.32306998946247858e+35,0,23,2,3.32306998946247858e+35,1,22,1,5.76460752303439872e+17
21,4,M_u_col_1,16,7,2,3.32306998945331719e+35,0,23,1,5.76460752303439872e+17,17,6,1,5.76460752302153728e+17,17,6,1,5.76460752303439872e+17,17,6,2,3.32306998945506446e+35,17,6,2,3.32306998945506446e+35,18,5,1,5.76460752303513600e+17
21,4,M_y_col_1,0,23,1,5.76460752303439872e+17,0,23,1,5.76460752303439872e+17,0,23,1,5.76460752303439872e+17,0,23,1,5.76460752303439872e+17,0,23,2,3.32306998946247858e+35,0,23,2,3.32306998946247858e+35,1,22,1,5.76460752303439872e+17
21,4,M_u_col_2,16,7,2,3.32306998945331719e+35,0,23,1,5.76460752303439872e+17,17,6,1,5.76460752302153728e+17,17,6,1,5.76460752303439872e+17,17,6,2,3.32306998945506446e+35,17,6,2,3.32306998945506446e+35,18,5,1,5.76460752303513600e+17
21,4,M_y_col_2,0,23,1,5.76460752303439872e+17,0,23,1,5.76460752303439872e+17,0,23,1,5.76460752303439872e+17,0,23,1,5.76460752303439872e+17,0,23,2,3.32306998946247858e+35,0,23,2,3.32306998946247858e+35,1,22,1,5.76460752303439872e+17
21,4,M_u_col_3,16,7,2,3.32306998945331719e+35,0,23,1,5.76460752303439872e+17,17,6,1,5.76460752302153728e+17,17,6,1,5.76460752303439872e+17,17,6,2,3.32306998945506446e+35,17,6,2,3.32306998945506446e+35,18,5,1,5.76460752303513600e+17
21,4,M_y_col_3,0,23,1,5.76460752303439872e+17,0,23,1,5.76460752303439872e+17,0,23,1,5.76460752303439872e+17,0,23,1,5.76460752303439872e+17,0,23,2,3.32306998946247858e+35,0,23,2,3.32306998946247858e+35,1,22,1,5.76460752303439872e+17
22,0,P_0,18,5,1,5.76460752303513600e+17,0,23,1,5.76460752303439872e+17,18,5,1,5.76460752303513600e+17,18,5,1,5.76460752303439872e+17,18,5,2,3.32306998946290359e+35,18,5,2,3.32306998946290359e+35,19,4,1,5.76460752303767552e+17
22,1,P_1,18,5,1,5.76460752303513600e+17,0,23,1,5.76460752303439872e+17,18,5,1,5.76460752303513600e+17,18,5,1,5.76460752303439872e+17,18,5,2,3.32306998946290359e+35,18,5,2,3.32306998946290359e+35,19,4,1,5.76460752303767552e+17
22,1,q_1_0,0,23,1,5.76460752303439872e+17,0,23,1,5.76460752303439872e+17,0,23,1,5.76460752303439872e+17,0,23,1,5.76460752303439872e+17,0,23,2,3.32306998946247858e+35,0,23,2,3.32306998946247858e+35,1,22,1,5.76460752303439872e+17
22,2,P_2,18,5,1,5.76460752303513600e+17,0,23,1,5.76460752303439872e+17,18,5,1,5.76460752303513600e+17,18,5,1,5.76460752303439872e+17,18,5,2,3.32306998946290359e+35,18,5,2,3.32306998946290359e+35,19,4,1,5.76460752303767552e+17
22,2,q_2_0,0,23,1,5.76460752303439872e+17,0,23,1,5.76460752303439872e+17,0,23,1,5.76460752303439872e+17,0,23,1,5.76460752303439872e+17,0,23,2,3.32306998946247858e+35,0,23,2,3.32306998946247858e+35,1,22,1,5.76460752303439872e+17
22,2,q_2_1,0,23,1,5.76460752303439872e+17,0,23,1,5.76460752303439872e+17,0,23,1,5.76460752303439872e+17,0,23,1,5.76460752303439872e+17,0,23,2,3.32306998946247858e+35,0,23,2,3.32306998946247858e+35,1,22,1,5.76460752303439872e+17
22,3,P_3,18,5,1,5.76460752303513600e+17,0,23,1,5.76460752303439872e+17,18,5,1,5.76460752303513600e+17,18,5,1,5.76460752303439872e+17,18,5,2,3.32306998946290359e+35,18,5,2,3.32306998946290359e+35,19,4,1,5.76460752303767552e+17
22,3,q_3_0,0,23,1,5.76460752303439872e+17,0,23,1,5.76460752303439872e+17,0,23,1,5.76460752303439872e+17,0,23,1,5.76460752303439872e+17,0,23,2,3.32306998946247858e+35,0,23,2,3.32306998946247858e+35,1,22,1,5.76460752303439872e+17
22,3,q_3_1,0,23,1,5.76460752303439872e+17,0,23,1,5.76460752303439872e+17,0,23,1,5.76460752303439872e+17,0,23,1,5.76460752303439872e+17,0,23,2,3.32306998946247858e+35,0,23,2,3.32306998946247858e+35,1,22,1,5.76460752303439872e+17
22,3,q_3_2,0,23,1,5.76460752303439872e+17,0,23,1,5.76460752303439872e+17,0,23,1,5.76460752303439872e+17,0,23,1,5.76460752303439872e+17,0,23,2,3.32306998946247858e+35,0,23,2,3.32306998946247858e+35,1,22,1,5.76460752303439872e+17
22,4,M_u_col_0,16,7,2,3.32306998945331719e+35,0,23,1,5.76460752303439872e+17,17,6,1,5.76460752302153728e+17,17,6,1,5.76460752303439872e+17,17,6,2,3.32306998945506446e+35,17,6,2,3.32306998945506446e+35,18,5,1,5.76460752303513600e+17
22,4,M_y_col_0,0,23,1,5.76460752303439872e+17,0,23,1,5.76460752303439872e+17,0,23,1,5.76460752303439872e+17,0,23,1,5.76460752303439872e+17,0,23,2,3.32306998946247858e+35,0,23,2,3.32306998946247858e+35,1,22,1,5.76460752303439872e+17
22,4,M_u_col_1,16,7,2,3.32306998945331719e+35,0,23,1,5.76460752303439872e+17,17,6,1,5.76460752302153728e+17,17,6,1,5.76460752303439872e+17,17,6,2,3.32306998945506446e+35,17,6,2,3.32306998945506446e+35,18,5,1,5.76460752303513600e+17
22,4,M_y_col_1,0,23,1,5.76460752303439872e+17,0,23,1,5.76460752303439872e+17,0,23,1,5.76460752303439872e+17,0,23,1,5.76460752303439872e+17,0,23,2,3.32306998946247858e+35,0,23,2,3.32306998946247858e+35,1,22,1,5.76460752303439872e+17
22,4,M_u_col_2,16,7,2,3.32306998945331719e+35,0,23,1,5.76460752303439872e+17,17,6,1,5.76460752302153728e+17,17,6,1,5.76460752303439872e+17,17,6,2,3.32306998945506446e+35,17,6,2,3.32306998945506446e+35,18,5,1,5.76460752303513600e+17
22,4,M_y_col_2,0,23,1,5.76460752303439872e+17,0,23,1,5.76460752303439872e+17,0,23,1,5.76460752303439872e+17,0,23,1,5.76460752303439872e+17,0,23,2,3.32306998946247858e+35,0,23,2,3.32306998946247858e+35,1,22,1,5.76460752303439872e+17
22,4,M_u_col_3,16,7,2,3.32306998945331719e+35,0,23,1,5.76460752303439872e+17,17,6,1,5.76460752302153728e+17,17,6,1,5.76460752303439872e+17,17,6,2,3.32306998945506446e+35,17,6,2,3.32306998945506446e+35,18,5,1,5.76460752303513600e+17
22,4,M_y_col_3,0,23,1,5.76460752303439872e+17,0,23,1,5.76460752303439872e+17,0,23,1,5.76460752303439872e+17,0,23,1,5.76460752303439872e+17,0,23,2,3.32306998946247858e+35,0,23,2,3.32306998946247858e+35,1,22,1,5.76460752303439872e+17
23,0,P_0,18,5,1,5.76460752303513600e+17,0,23,1,5.76460752303439872e+17,18,5,1,5.76460752303513600e+17,18,5,1,5.76460752303439872e+17,18,5,2,3.32306998946290359e+35,18,5,2,3.32306998946290359e+35,19,4,1,5.76460752303767552e+17
23,1,P_1,18,5,1,5.76460752303513600e+17,0,23,1,5.76460752303439872e+17,18,5,1,5.76460752303513600e+17,18,5,1,5.76460752303439872e+17,18,5,2,3.32306998946290359e+35,18,5,2,3.32306998946290359e+35,19,4,1,5.76460752303767552e+17
23,1,q_1_0,0,23,1,5.76460752303439872e+17,0,23,1,5.76460752303439872e+17,0,23,1,5.76460752303439872e+17,0,23,1,5.76460752303439872e+17,0,23,2,3.32306998946247858e+35,0,23,2,3.32306998946247858e+35,1,22,1,5.76460752303439872e+17
23,2,P_2,18,5,1,5.76460752303513600e+17,0,23,1,5.76460752303439872e+17,18,5,1,5.76460752303513600e+17,18,5,1,5.76460752303439872e+17,18,5,2,3.32306998946290359e+35,18,5,2,3.32306998946290359e+35,19,4,1,5.76460752303767552e+17
23,2,q_2_0,0,23,1,5.76460752303439872e+17,0,23,1,5.76460752303439872e+17,0,23,1,5.76460752303439872e+17,0,23,1,5.76460752303439872e+17,0,23,2,3.32306998946247858e+35,0,23,2,3.32306998946247858e+35,1,22,1,5.76460752303439872e+17
23,2,q_2_1,0,23,1,5.76460752303439872e+17,0,23,1,5.76460752303439872e+17,0,23,1,5.76460752303439872e+17,0,23,1,5.76460752303439872e+17,0,23,2,3.32306998946247858e+35,0,23,2,3.32306998946247858e+35,1,22,1,5.76460752303439872e+17
23,3,P_3,18,5,1,5.76460752303513600e+17,0,23,1,5.76460752303439872e+17,18,5,1,5.76460752303513600e+17,18,5,1,5.76460752303439872e+17,18,5,2,3.32306998946290359e+35,18,5,2,3.32306998946290359e+35,19,4,1,5.76460752303767552e+17
23,3,q_3_0,0,23,1,5.76460752303439872e+17,0,23,1,5.76460752303439872e+17,0,23,1,5.76460752303439872e+17,0,23,1,5.76460752303439872e+17,0,23,2,3.32306998946247858e+35,0,23,2,3.32306998946247858e+35,1,22,1,5.76460752303439872e+17
23,3,q_3_1,0,23,1,5.76460752303439872e+17,0,23,1,5.76460752303439872e+17,0,23,1,5.76460752303439872e+17,0,23,1,5.76460752303439872e+17,0,23,2,3.32306998946247858e+35,0,23,2,3.32306998946247858e+35,1,22,1,5.76460752303439872e+17
23,3,q_3_2,0,23,1,5.76460752303439872e+17,0,23,1,5.76460752303439872e+17,0,23,1,5.76460752303439872e+17,0,23,1,5.76460752303439872e+17,0,23,2,3.32306998946247858e+35,0,23,2,3.32306998946247858e+35,1,22,1,5.76460752303439872e+17
23,4,M_u_col_0,16,7,2,3.32306998945331719e+35,0,23,1,5.76460752303439872e+17,17,6,1,5.76460752302153728e+17,17,6,1,5.76460752303439872e+17,17,6,2,3.32306998945506446e+35,17,6,2,3.32306998945506446e+35,18,5,1,5.76460752303513600e+17
23,4,M_y_col_0,0,23,1,5.76460752303439872e+17,0,23,1,5.76460752303439872e+17,0,23,1,5.76460752303439872e+17,0,23,1,5.76460752303439872e+17,0,23,2,3.32306998946247858e+35,0,23,2,3.32306998946247858e+35,1,22,1,5.76460752303439872e+17
23,4,M_u_col_1,16,7,2,3.32306998945331719e+35,0,23,1,5.76460752303439872e+17,17,6,1,5.76460752302153728e+17,17,6,1,5.76460752303439872e+17,17,6,2,3.32306998945506446e+35,17,6,2,3.32306998945506446e+35,18,5,1,5.76460752303513600e+17
23,4,M_y_col_1,0,23,1,5.76460752303439872e+17,0,23,1,5.76460752303439872e+17,0,23,1,5.76460752303439872e+17,0,23,1,5.76460752303439872e+17,0,23,2,3.32306998946247858e+35,0,23,2,3.32306998946247858e+35,1,22,1,5.76460752303439872e+17
23,4,M_u_col_2,16,7,2,3.32306998945331719e+35,0,23,1,5.76460752303439872e+17,17,6,1,5.76460752302153728e+17,17,6,1,5.76460752303439872e+17,17,6,2,3.32306998945506446e+35,17,6,2,3.32306998945506446e+35,18,5,1,5.76460752303513600e+17
23,4,M_y_col_2,0,23,1,5.76460752303439872e+17,0,23,1,5.76460752303439872e+17,0,23,1,5.76460752303439872e+17,0,23,1,5.76460752303439872e+17,0,23,2,3.32306998946247858e+35,0,23,2,3.32306998946247858e+35,1,22,1,5.76460752303439872e+17
23,4,M_u_col_3,16,7,2,3.32306998945331719e+35,0,23,1,5.76460752303439872e+17,17,6,1,5.76460752302153728e+17,17,6,1,5.76460752303439872e+17,17,6,2,3.32306998945506446e+35,17,6,2,3.32306998945506446e+35,18,5,1,5.76460752303513600e+17
23,4,M_y_col_3,0,23,1,5.76460752303439872e+17,0,23,1,5.76460752303439872e+17,0,23,1,5.76460752303439872e+17,0,23,1,5.76460752303439872e+17,0,23,2,3.32306998946247858e+35,0,23,2,3.32306998946247858e+35,1,22,1,5.76460752303439872e+17
24,0,P_0,18,5,1,5.76460752303513600e+17,0,23,1,5.76460752303439872e+17,18,5,1,5.76460752303513600e+17,18,5,1,5.76460752303439872e+17,18,5,2,3.32306998946290359e+35,18,5,2,3.32306998946290359e+35,19,4,1,5.76460752303767552e+17
24,1,P_1,18,5,1,5.76460752303513600e+17,0,23,1,5.76460752303439872e+17,18,5,1,5.76460752303513600e+17,18,5,1,5.76460752303439872e+17,18,5,2,3.32306998946290359e+35,18,5,2,3.32306998946290359e+35,19,4,1,5.76460752303767552e+17
24,1,q_1_0,0,23,1,5.76460752303439872e+17,0,23,1,5.76460752303439872e+17,0,23,1,5.76460752303439872e+17,0,23,1,5.76460752303439872e+17,0,23,2,3.32306998946247858e+35,0,23,2,3.32306998946247858e+35,1,22,1,5.76460752303439872e+17
24,2,P_2,18,5,1,5.76460752303513600e+17,0,23,1,5.76460752303439872e+17,18,5,1,5.76460752303513600e+17,18,5,1,5.76460752303439872e+17,18,5,2,3.32306998946290359e+35,18,5,2,3.32306998946290359e+35,19,4,1,5.76460752303767552e+17
24,2,q_2_0,0,23,1,5.76460752303439872e+17,0,23,1,5.76460752303439872e+17,0,23,1,5.76460752303439872e+17,0,23,1,5.76460752303439872e+17,0,23,2,3.32306998946247858e+35,0,23,2,3.32306998946247858e+35,1,22,1,5.76460752303439872e+17
24,2,q_2_1,0,23,1,5.76460752303439872e+17,0,23,1,5.76460752303439872e+17,0,23,1,5.76460752303439872e+17,0,23,1,5.76460752303439872e+17,0,23,2,3.32306998946247858e+35,0,23,2,3.32306998946247858e+35,1,22,1,5.76460752303439872e+17
24,3,P_3,18,5,1,5.76460752303513600e+17,0,23,1,5.76460752303439872e+17,18,5,1,5.76460752303513600e+17,18,5,1,5.76460752303439872e+17,18,5,2,3.32306998946290359e+35,18,5,2,3.32306998946290359e+35,19,4,1,5.76460752303767552e+17
24,3,q_3_0,0,23,1,5.76460752303439872e+17,0,23,1,5.76460752303439872e+17,0,23,1,5.76460752303439872e+17,0,23,1,5.76460752303439872e+17,0,23,2,3.32306998946247858e+35,0,23,2,3.32306998946247858e+35,1,22,1,5.76460752303439872e+17
24,3,q_3_1,0,23,1,5.76460752303439872e+17,0,23,1,5.76460752303439872e+17,0,23,1,5.76460752303439872e+17,0,23,1,5.76460752303439872e+17,0,23,2,3.32306998946247858e+35,0,23,2,3.32306998946247858e+35,1,22,1,5.76460752303439872e+17
24,3,q_3_2,0,23,1,5.76460752303439872e+17,0,23,1,5.76460752303439872e+17,0,23,1,5.76460752303439872e+17,0,23,1,5.76460752303439872e+17,0,23,2,3.32306998946247858e+35,0,23,2,3.32306998946247858e+35,1,22,1,5.76460752303439872e+17
24,4,M_u_col_0,16,7,2,3.32306998945331719e+35,0,23,1,5.76460752303439872e+17,17,6,1,5.76460752302153728e+17,17,6,1,5.76460752303439872e+17,17,6,2,3.32306998945506446e+35,17,6,2,3.32306998945506446e+35,18,5,1,5.76460752303513600e+17
24,4,M_y_col_0,0,23,1,5.76460752303439872e+17,0,23,1,5.76460752303439872e+17,0,23,1,5.76460752303439872e+17,0,23,1,5.76460752303439872e+17,0,23,2,3.32306998946247858e+35,0,23,2,3.32306998946247858e+35,1,22,1,5.76460752303439872e+17
24,4,M_u_col_1,16,7,2,3.32306998945331719e+35,0,23,1,5.76460752303439872e+17,17,6,1,5.76460752302153728e+17,17,6,1,5.76460752303439872e+17,17,6,2,3.32306998945506446e+35,17,6,2,3.32306998945506446e+35,18,5,1,5.76460752303513600e+17
24,4,M_y_col_1,0,23,1,5.76460752303439872e+17,0,23,1,5.76460752303439872e+17,0,23,1,5.76460752303439872e+17,0,23,1,5.76460752303439872e+17,0,23,2,3.32306998946247858e+35,0,23,2,3.32306998946247858e+35,1,22,1,5.76460752303439872e+17
24,4,M_u_col_2,16,7,2,3.32306998945331719e+35,0,23,1,5.76460752303439872e+17,17,6,1,5.76460752302153728e+17,17,6,1,5.76460752303439872e+17,17,6,2,3.32306998945506446e+35,17,6,2,3.32306998945506446e+35,18,5,1,5.76460752303513600e+17
24,4,M_y_col_2,0,23,1,5.76460752303439872e+17,0,23,1,5.76460752303439872e+17,0,23,1,5.76460752303439872e+17,0,23,1,5.76460752303439872e+17,0,23,2,3.32306998946247858e+35,0,23,2,3.32306998946247858e+35,1,22,1,5.76460752303439872e+17
24,4,M_u_col_3,16,7,2,3.32306998945331719e+35,0,23,1,5.76460752303439872e+17,17,6,1,5.76460752302153728e+17,17,6,1,5.76460752303439872e+17,17,6,2,3.32306998945506446e+35,17,6,2,3.32306998945506446e+35,18,5,1,5.76460752303513600e+17
24,4,M_y_col_3,0,23,1,5.76460752303439872e+17,0,23,1,5.76460752303439872e+17,0,23,1,5.76460752303439872e+17,0,23,1,5.76460752303439872e+17,0,23,2,3.32306998946247858e+35,0,23,2,3.32306998946247858e+35,1,22,1,5.76460752303439872e+17
25,0,P_0,18,5,1,5.76460752303513600e+17,0,23,1,5.76460752303439872e+17,18,5,1,5.76460752303513600e+17,18,5,1,5.76460752303439872e+17,18,5,2,3.32306998946290359e+35,18,5,2,3.32306998946290359e+35,19,4,1,5.76460752303767552e+17
25,1,P_1,18,5,1,5.76460752303513600e+17,0,23,1,5.76460752303439872e+17,18,5,1,5.76460752303513600e+17,18,5,1,5.76460752303439872e+17,18,5,2,3.32306998946290359e+35,18,5,2,3.32306998946290359e+35,19,4,1,5.76460752303767552e+17
25,1,q_1_0,0,23,1,5.76460752303439872e+17,0,23,1,5.76460752303439872e+17,0,23,1,5.76460752303439872e+17,0,23,1,5.76460752303439872e+17,0,23,2,3.32306998946247858e+35,0,23,2,3.32306998946247858e+35,1,22,1,5.76460752303439872e+17
25,2,P_2,18,5,1,5.76460752303513600e+17,0,23,1,5.76460752303439872e+17,18,5,1,5.76460752303513600e+17,18,5,1,5.76460752303439872e+17,18,5,2,3.32306998946290359e+35,18,5,2,3.32306998946290359e+35,19,4,1,5.76460752303767552e+17
25,2,q_2_0,0,23,1,5.76460752303439872e+17,0,23,1,5.76460752303439872e+17,0,23,1,5.76460752303439872e+17,0,23,1,5.76460752303439872e+17,0,23,2,3.32306998946247858e+35,0,23,2,3.32306998946247858e+35,1,22,1,5.76460752303439872e+17
25,2,q_2_1,0,23,1,5.76460752303439872e+17,0,23,1,5.76460752303439872e+17,0,23,1,5.76460752303439872e+17,0,23,1,5.76460752303439872e+17,0,23,2,3.32306998946247858e+35,0,23,2,3.32306998946247858e+35,1,22,1,5.76460752303439872e+17
25,3,P_3,18,5,1,5.76460752303513600e+17,0,23,1,5.76460752303439872e+17,18,5,1,5.76460752303513600e+17,18,5,1,5.76460752303439872e+17,18,5,2,3.32306998946290359e+35,18,5,2,3.32306998946290359e+35,19,4,1,5.76460752303767552e+17
25,3,q_3_0,0,23,1,5.76460752303439872e+17,0,23,1,5.76460752303439872e+17,0,23,1,5.76460752303439872e+17,0,23,1,5.76460752303439872e+17,0,23,2,3.32306998946247858e+35,0,23,2,3.32306998946247858e+35,1,22,1,5.76460752303439872e+17
25,3,q_3_1,0,23,1,5.76460752303439872e+17,0,23,1,5.76460752303439872e+17,0,23,1,5.76460752303439872e+17,0,23,1,5.76460752303439872e+17,0,23,2,3.32306998946247858e+35,0,23,2,3.32306998946247858e+35,1,22,1,5.76460752303439872e+17
25,3,q_3_2,0,23,1,5.76460752303439872e+17,0,23,1,5.76460752303439872e+17,0,23,1,5.76460752303439872e+17,0,23,1,5.76460752303439872e+17,0,23,2,3.32306998946247858e+35,0,23,2,3.32306998946247858e+35,1,22,1,5.76460752303439872e+17
25,4,M_u_col_0,16,7,2,3.32306998945331719e+35,0,23,1,5.76460752303439872e+17,17,6,1,5.76460752302153728e+17,17,6,1,5.76460752303439872e+17,17,6,2,3.32306998945506446e+35,17,6,2,3.32306998945506446e+35,18,5,1,5.76460752303513600e+17
25,4,M_y_col_0,0,23,1,5.76460752303439872e+17,0,23,1,5.76460752303439872e+17,0,23,1,5.76460752303439872e+17,0,23,1,5.76460752303439872e+17,0,23,2,3.32306998946247858e+35,0,23,2,3.32306998946247858e+35,1,22,1,5.76460752303439872e+17
25,4,M_u_col_1,16,7,2,3.32306998945331719e+35,0,23,1,5.76460752303439872e+17,17,6,1,5.76460752302153728e+17,17,6,1,5.76460752303439872e+17,17,6,2,3.32306998945506446e+35,17,6,2,3.32306998945506446e+35,18,5,1,5.76460752303513600e+17
25,4,M_y_col_1,0,23,1,5.76460752303439872e+17,0,23,1,5.76460752303439872e+17,0,23,1,5.76460752303439872e+17,0,23,1,5.76460752303439872e+17,0,23,2,3.32306998946247858e+35,0,23,2,3.32306998946247858e+35,1,22,1,5.76460752303439872e+17
25,4,M_u_col_2,16,7,2,3.32306998945331719e+35,0,23,1,5.76460752303439872e+17,17,6,1,5.76460752302153728e+17,17,6,1,5.76460752303439872e+17,17,6,2,3.32306998945506446e+35,17,6,2,3.32306998945506446e+35,18,5,1,5.76460752303513600e+17
25,4,M_y_col_2,0,23,1,5.76460752303439872e+17,0,23,1,5.76460752303439872e+17,0,23,1,5.76460752303439872e+17,0,23,1,5.76460752303439872e+17,0,23,2,3.32306998946247858e+35,0,23,2,3.32306998946247858e+35,1,22,1,5.76460752303439872e+17
25,4,M_u_col_3,16,7,2,3.32306998945331719e+35,0,23,1,5.76460752303439872e+17,17,6,1,5.76460752302153728e+17,17,6,1,5.76460752303439872e+17,17,6,2,3.32306998945506446e+35,17,6,2,3.32306998945506446e+35,18,5,1,5.76460752303513600e+17
25,4,M_y_col_3,0,23,1,5.76460752303439872e+17,0,23,1,5.76460752303439872e+17,0,23,1,5.76460752303439872e+17,0,23,1,5.76460752303439872e+17,0,23,2,3.32306998946247858e+35,0,23,2,3.32306998946247858e+35,1,22,1,5.76460752303439872e+17
26,0,P_0,18,5,1,5.76460752303513600e+17,0,23,1,5.76460752303439872e+17,18,5,1,5.76460752303513600e+17,18,5,1,5.76460752303439872e+17,18,5,2,3.32306998946290359e+35,18,5,2,3.32306998946290359e+35,19,4,1,5.76460752303767552e+17
26,1,P_1,18,5,1,5.76460752303513600e+17,0,23,1,5.76460752303439872e+17,18,5,1,5.76460752303513600e+17,18,5,1,5.76460752303439872e+17,18,5,2,3.32306998946290359e+35,18,5,2,3.32306998946290359e+35,19,4,1,5.76460752303767552e+17
26,1,q_1_0,0,23,1,5.76460752303439872e+17,0,23,1,5.76460752303439872e+17,0,23,1,5.76460752303439872e+17,0,23,1,5.76460752303439872e+17,0,23,2,3.32306998946247858e+35,0,23,2,3.32306998946247858e+35,1,22,1,5.76460752303439872e+17
26,2,P_2,18,5,1,5.76460752303513600e+17,0,23,1,5.76460752303439872e+17,18,5,1,5.76460752303513600e+17,18,5,1,5.76460752303439872e+17,18,5,2,3.32306998946290359e+35,18,5,2,3.32306998946290359e+35,19,4,1,5.76460752303767552e+17
26,2,q_2_0,0,23,1,5.76460752303439872e+17,0,23,1,5.76460752303439872e+17,0,23,1,5.76460752303439872e+17,0,23,1,5.76460752303439872e+17,0,23,2,3.32306998946247858e+35,0,23,2,3.32306998946247858e+35,1,22,1,5.76460752303439872e+17
26,2,q_2_1,0,23,1,5.76460752303439872e+17,0,23,1,5.76460752303439872e+17,0,23,1,5.76460752303439872e+17,0,23,1,5.76460752303439872e+17,0,23,2,3.32306998946247858e+35,0,23,2,3.32306998946247858e+35,1,22,1,5.76460752303439872e+17
26,3,P_3,18,5,1,5.76460752303513600e+17,0,23,1,5.76460752303439872e+17,18,5,1,5.76460752303513600e+17,18,5,1,5.76460752303439872e+17,18,5,2,3.32306998946290359e+35,18,5,2,3.32306998946290359e+35,19,4,1,5.76460752303767552e+17
26,3,q_3_0,0,23,1,5.76460752303439872e+17,0,23,1,5.76460752303439872e+17,0,23,1,5.76460752303439872e+17,0,23,1,5.76460752303439872e+17,0,23,2,3.32306998946247858e+35,0,23,2,3.32306998946247858e+35,1,22,1,5.76460752303439872e+17
26,3,q_3_1,0,23,1,5.76460752303439872e+17,0,23,1,5.76460752303439872e+17,0,23,1,5.76460752303439872e+17,0,23,1,5.76460752303439872e+17,0,23,2,3.32306998946247858e+35,0,23,2,3.32306998946247858e+35,1,22,1,5.76460752303439872e+17
26,3,q_3_2,0,23,1,5.76460752303439872e+17,0,23,1,5.76460752303439872e+17,0,23,1,5.76460752303439872e+17,0,23,1,5.76460752303439872e+17,0,23,2,3.32306998946247858e+35,0,23,2,3.32306998946247858e+35,1,22,1,5.76460752303439872e+17
26,4,M_u_col_0,16,7,2,3.32306998945331719e+35,0,23,1,5.76460752303439872e+17,17,6,1,5.76460752302153728e+17,17,6,1,5.76460752303439872e+17,17,6,2,3.32306998945506446e+35,17,6,2,3.32306998945506446e+35,18,5,1,5.76460752303513600e+17
26,4,M_y_col_0,0,23,1,5.76460752303439872e+17,0,23,1,5.76460752303439872e+17,0,23,1,5.76460752303439872e+17,0,23,1,5.76460752303439872e+17,0,23,2,3.32306998946247858e+35,0,23,2,3.32306998946247858e+35,1,22,1,5.76460752303439872e+17
26,4,M_u_col_1,16,7,2,3.32306998945331719e+35,0,23,1,5.76460752303439872e+17,17,6,1,5.76460752302153728e+17,17,6,1,5.76460752303439872e+17,17,6,2,3.32306998945506446e+35,17,6,2,3.32306998945506446e+35,18,5,1,5.76460752303513600e+17
26,4,M_y_col_1,0,23,1,5.76460752303439872e+17,0,23,1,5.76460752303439872e+17,0,23,1,5.76460752303439872e+17,0,23,1,5.76460752303439872e+17,0,23,2,3.32306998946247858e+35,0,23,2,3.32306998946247858e+35,1,22,1,5.76460752303439872e+17
26,4,M_u_col_2,16,7,2,3.32306998945331719e+35,0,23,1,5.76460752303439872e+17,17,6,1,5.76460752302153728e+17,17,6,1,5.76460752303439872e+17,17,6,2,3.32306998945506446e+35,17,6,2,3.32306998945506446e+35,18,5,1,5.76460752303513600e+17
26,4,M_y_col_2,0,23,1,5.76460752303439872e+17,0,23,1,5.76460752303439872e+17,0,23,1,5.76460752303439872e+17,0,23,1,5.76460752303439872e+17,0,23,2,3.32306998946247858e+35,0,23,2,3.32306998946247858e+35,1,22,1,5.76460752303439872e+17
26,4,M_u_col_3,16,7,2,3.32306998945331719e+35,0,23,1,5.76460752303439872e+17,17,6,1,5.76460752302153728e+17,17,6,1,5.76460752303439872e+17,17,6,2,3.32306998945506446e+35,17,6,2,3.32306998945506446e+35,18,5,1,5.76460752303513600e+17
26,4,M_y_col_3,0,23,1,5.76460752303439872e+17,0,23,1,5.76460752303439872e+17,0,23,1,5.76460752303439872e+17,0,23,1,5.76460752303439872e+17,0,23,2,3.32306998946247858e+35,0,23,2,3.32306998946247858e+35,1,22,1,5.76460752303439872e+17
27,0,P_0,18,5,1,5.76460752303513600e+17,0,23,1,5.76460752303439872e+17,18,5,1,5.76460752303513600e+17,18,5,1,5.76460752303439872e+17,18,5,2,3.32306998946290359e+35,18,5,2,3.32306998946290359e+35,19,4,1,5.76460752303767552e+17
27,1,P_1,18,5,1,5.76460752303513600e+17,0,23,1,5.76460752303439872e+17,18,5,1,5.76460752303513600e+17,18,5,1,5.76460752303439872e+17,18,5,2,3.32306998946290359e+35,18,5,2,3.32306998946290359e+35,19,4,1,5.76460752303767552e+17
27,1,q_1_0,0,23,1,5.76460752303439872e+17,0,23,1,5.76460752303439872e+17,0,23,1,5.76460752303439872e+17,0,23,1,5.76460752303439872e+17,0,23,2,3.32306998946247858e+35,0,23,2,3.32306998946247858e+35,1,22,1,5.76460752303439872e+17
27,2,P_2,18,5,1,5.76460752303513600e+17,0,23,1,5.76460752303439872e+17,18,5,1,5.76460752303513600e+17,18,5,1,5.76460752303439872e+17,18,5,2,3.32306998946290359e+35,18,5,2,3.32306998946290359e+35,19,4,1,5.76460752303767552e+17
27,2,q_2_0,0,23,1,5.76460752303439872e+17,0,23,1,5.76460752303439872e+17,0,23,1,5.76460752303439872e+17,0,23,1,5.76460752303439872e+17,0,23,2,3.32306998946247858e+35,0,23,2,3.32306998946247858e+35,1,22,1,5.76460752303439872e+17
27,2,q_2_1,0,23,1,5.76460752303439872e+17,0,23,1,5.76460752303439872e+17,0,23,1,5.76460752303439872e+17,0,23,1,5.76460752303439872e+17,0,23,2,3.32306998946247858e+35,0,23,2,3.32306998946247858e+35,1,22,1,5.76460752303439872e+17
27,3,P_3,18,5,1,5.76460752303513600e+17,0,23,1,5.76460752303439872e+17,18,5,1,5.76460752303513600e+17,18,5,1,5.76460752303439872e+17,18,5,2,3.32306998946290359e+35,18,5,2,3.32306998946290359e+35,19,4,1,5.76460752303767552e+17
27,3,q_3_0,0,23,1,5.76460752303439872e+17,0,23,1,5.76460752303439872e+17,0,23,1,5.76460752303439872e+17,0,23,1,5.76460752303439872e+17,0,23,2,3.32306998946247858e+35,0,23,2,3.32306998946247858e+35,1,22,1,5.76460752303439872e+17
27,3,q_3_1,0,23,1,5.76460752303439872e+17,0,23,1,5.76460752303439872e+17,0,23,1,5.76460752303439872e+17,0,23,1,5.76460752303439872e+17,0,23,2,3.32306998946247858e+35,0,23,2,3.32306998946247858e+35,1,22,1,5.76460752303439872e+17
27,3,q_3_2,0,23,1,5.76460752303439872e+17,0,23,1,5.76460752303439872e+17,0,23,1,5.76460752303439872e+17,0,23,1,5.76460752303439872e+17,0,23,2,3.32306998946247858e+35,0,23,2,3.32306998946247858e+35,1,22,1,5.76460752303439872e+17
27,4,M_u_col_0,16,7,2,3.32306998945331719e+35,0,23,1,5.76460752303439872e+17,17,6,1,5.76460752302153728e+17,17,6,1,5.76460752303439872e+17,17,6,2,3.32306998945506446e+35,17,6,2,3.32306998945506446e+35,18,5,1,5.76460752303513600e+17
27,4,M_y_col_0,0,23,1,5.76460752303439872e+17,0,23,1,5.76460752303439872e+17,0,23,1,5.76460752303439872e+17,0,23,1,5.76460752303439872e+17,0,23,2,3.32306998946247858e+35,0,23,2,3.32306998946247858e+35,1,22,1,5.76460752303439872e+17
27,4,M_u_col_1,16,7,2,3.32306998945331719e+35,0,23,1,5.76460752303439872e+17,17,6,1,5.76460752302153728e+17,17,6,1,5.76460752303439872e+17,17,6,2,3.32306998945506446e+35,17,6,2,3.32306998945506446e+35,18,5,1,5.76460752303513600e+17
27,4,M_y_col_1,0,23,1,5.76460752303439872e+17,0,23,1,5.76460752303439872e+17,0,23,1,5.76460752303439872e+17,0,23,1,5.76460752303439872e+17,0,23,2,3.32306998946247858e+35,0,23,2,3.32306998946247858e+35,1,22,1,5.76460752303439872e+17
27,4,M_u_col_2,16,7,2,3.32306998945331719e+35,0,23,1,5.76460752303439872e+17,17,6,1,5.76460752302153728e+17,17,6,1,5.76460752303439872e+17,17,6,2,3.32306998945506446e+35,17,6,2,3.32306998945506446e+35,18,5,1,5.76460752303513600e+17
27,4,M_y_col_2,0,23,1,5.76460752303439872e+17,0,23,1,5.76460752303439872e+17,0,23,1,5.76460752303439872e+17,0,23,1,5.76460752303439872e+17,0,23,2,3.32306998946247858e+35,0,23,2,3.32306998946247858e+35,1,22,1,5.76460752303439872e+17
27,4,M_u_col_3,16,7,2,3.32306998945331719e+35,0,23,1,5.76460752303439872e+17,17,6,1,5.76460752302153728e+17,17,6,1,5.76460752303439872e+17,17,6,2,3.32306998945506446e+35,17,6,2,3.32306998945506446e+35,18,5,1,5.76460752303513600e+17
27,4,M_y_col_3,0,23,1,5.76460752303439872e+17,0,23,1,5.76460752303439872e+17,0,23,1,5.76460752303439872e+17,0,23,1,5.76460752303439872e+17,0,23,2,3.32306998946247858e+35,0,23,2,3.32306998946247858e+35,1,22,1,5.76460752303439872e+17
28,0,P_0,18,5,1,5.76460752303513600e+17,0,23,1,5.76460752303439872e+17,18,5,1,5.76460752303513600e+17,18,5,1,5.76460752303439872e+17,18,5,2,3.32306998946290359e+35,18,5,2,3.32306998946290359e+35,19,4,1,5.76460752303767552e+17
28,1,P_1,18,5,1,5.76460752303513600e+17,0,23,1,5.76460752303439872e+17,18,5,1,5.76460752303513600e+17,18,5,1,5.76460752303439872e+17,18,5,2,3.32306998946290359e+35,18,5,2,3.32306998946290359e+35,19,4,1,5.76460752303767552e+17
28,1,q_1_0,0,23,1,5.76460752303439872e+17,0,23,1,5.76460752303439872e+17,0,23,1,5.76460752303439872e+17,0,23,1,5.76460752303439872e+17,0,23,2,3.32306998946247858e+35,0,23,2,3.32306998946247858e+35,1,22,1,5.76460752303439872e+17
28,2,P_2,18,5,1,5.76460752303513600e+17,0,23,1,5.76460752303439872e+17,18,5,1,5.76460752303513600e+17,18,5,1,5.76460752303439872e+17,18,5,2,3.32306998946290359e+35,18,5,2,3.32306998946290359e+35,19,4,1,5.76460752303767552e+17
28,2,q_2_0,0,23,1,5.76460752303439872e+17,0,23,1,5.76460752303439872e+17,0,23,1,5.76460752303439872e+17,0,23,1,5.76460752303439872e+17,0,23,2,3.32306998946247858e+35,0,23,2,3.32306998946247858e+35,1,22,1,5.76460752303439872e+17
28,2,q_2_1,0,23,1,5.76460752303439872e+17,0,23,1,5.76460752303439872e+17,0,23,1,5.76460752303439872e+17,0,23,1,5.76460752303439872e+17,0,23,2,3.32306998946247858e+35,0,23,2,3.32306998946247858e+35,1,22,1,5.76460752303439872e+17
28,3,P_3,18,5,1,5.76460752303513600e+17,0,23,1,5.76460752303439872e+17,18,5,1,5.76460752303513600e+17,18,5,1,5.76460752303439872e+17,18,5,2,3.32306998946290359e+35,18,5,2,3.32306998946290359e+35,19,4,1,5.76460752303767552e+17
28,3,q_3_0,0,23,1,5.76460752303439872e+17,0,23,1,5.76460752303439872e+17,0,23,1,5.76460752303439872e+17,0,23,1,5.76460752303439872e+17,0,23,2,3.32306998946247858e+35,0,23,2,3.32306998946247858e+35,1,22,1,5.76460752303439872e+17
28,3,q_3_1,0,23,1,5.76460752303439872e+17,0,23,1,5.76460752303439872e+17,0,23,1,5.76460752303439872e+17,0,23,1,5.76460752303439872e+17,0,23,2,3.32306998946247858e+35,0,23,2,3.32306998946247858e+35,1,22,1,5.76460752303439872e+17
28,3,q_3_2,0,23,1,5.76460752303439872e+17,0,23,1,5.76460752303439872e+17,0,23,1,5.76460752303439872e+17,0,23,1,5.76460752303439872e+17,0,23,2,3.32306998946247858e+35,0,23,2,3.32306998946247858e+35,1,22,1,5.76460752303439872e+17
28,4,M_u_col_0,16,7,2,3.32306998945331719e+35,0,23,1,5.76460752303439872e+17,17,6,1,5.76460752302153728e+17,17,6,1,5.76460752303439872e+17,17,6,2,3.32306998945506446e+35,17,6,2,3.32306998945506446e+35,18,5,1,5.76460752303513600e+17
28,4,M_y_col_0,0,23,1,5.76460752303439872e+17,0,23,1,5.76460752303439872e+17,0,23,1,5.76460752303439872e+17,0,23,1,5.76460752303439872e+17,0,23,2,3.32306998946247858e+35,0,23,2,3.32306998946247858e+35,1,22,1,5.76460752303439872e+17
28,4,M_u_col_1,16,7,2,3.32306998945331719e+35,0,23,1,5.76460752303439872e+17,17,6,1,5.76460752302153728e+17,17,6,1,5.76460752303439872e+17,17,6,2,3.32306998945506446e+35,17,6,2,3.32306998945506446e+35,18,5,1,5.76460752303513600e+17
28,4,M_y_col_1,0,23,1,5.76460752303439872e+17,0,23,1,5.76460752303439872e+17,0,23,1,5.76460752303439872e+17,0,23,1,5.76460752303439872e+17,0,23,2,3.32306998946247858e+35,0,23,2,3.32306998946247858e+35,1,22,1,5.76460752303439872e+17
28,4,M_u_col_2,16,7,2,3.32306998945331719e+35,0,23,1,5.76460752303439872e+17,17,6,1,5.76460752302153728e+17,17,6,1,5.76460752303439872e+17,17,6,2,3.32306998945506446e+35,17,6,2,3.32306998945506446e+35,18,5,1,5.76460752303513600e+17
28,4,M_y_col_2,0,23,1,5.76460752303439872e+17,0,23,1,5.76460752303439872e+17,0,23,1,5.76460752303439872e+17,0,23,1,5.76460752303439872e+17,0,23,2,3.32306998946247858e+35,0,23,2,3.32306998946247858e+35,1,22,1,5.76460752303439872e+17
28,4,M_u_col_3,16,7,2,3.32306998945331719e+35,0,23,1,5.76460752303439872e+17,17,6,1,5.76460752302153728e+17,17,6,1,5.76460752303439872e+17,17,6,2,3.32306998945506446e+35,17,6,2,3.32306998945506446e+35,18,5,1,5.76460752303513600e+17
28,4,M_y_col_3,0,23,1,5.76460752303439872e+17,0,23,1,5.76460752303439872e+17,0,23,1,5.76460752303439872e+17,0,23,1,5.76460752303439872e+17,0,23,2,3.32306998946247858e+35,0,23,2,3.32306998946247858e+35,1,22,1,5.76460752303439872e+17
29,0,P_0,18,5,1,5.76460752303513600e+17,0,23,1,5.76460752303439872e+17,18,5,1,5.76460752303513600e+17,18,5,1,5.76460752303439872e+17,18,5,2,3.32306998946290359e+35,18,5,2,3.32306998946290359e+35,19,4,1,5.76460752303767552e+17
29,1,P_1,18,5,1,5.76460752303513600e+17,0,23,1,5.76460752303439872e+17,18,5,1,5.76460752303513600e+17,18,5,1,5.76460752303439872e+17,18,5,2,3.32306998946290359e+35,18,5,2,3.32306998946290359e+35,19,4,1,5.76460752303767552e+17
29,1,q_1_0,0,23,1,5.76460752303439872e+17,0,23,1,5.76460752303439872e+17,0,23,1,5.76460752303439872e+17,0,23,1,5.76460752303439872e+17,0,23,2,3.32306998946247858e+35,0,23,2,3.32306998946247858e+35,1,22,1,5.76460752303439872e+17
29,2,P_2,18,5,1,5.76460752303513600e+17,0,23,1,5.76460752303439872e+17,18,5,1,5.76460752303513600e+17,18,5,1,5.76460752303439872e+17,18,5,2,3.32306998946290359e+35,18,5,2,3.32306998946290359e+35,19,4,1,5.76460752303767552e+17
29,2,q_2_0,0,23,1,5.76460752303439872e+17,0,23,1,5.76460752303439872e+17,0,23,1,5.76460752303439872e+17,0,23,1,5.76460752303439872e+17,0,23,2,3.32306998946247858e+35,0,23,2,3.32306998946247858e+35,1,22,1,5.76460752303439872e+17
29,2,q_2_1,0,23,1,5.76460752303439872e+17,0,23,1,5.76460752303439872e+17,0,23,1,5.76460752303439872e+17,0,23,1,5.76460752303439872e+17,0,23,2,3.32306998946247858e+35,0,23,2,3.32306998946247858e+35,1,22,1,5.76460752303439872e+17
29,3,P_3,18,5,1,5.76460752303513600e+17,0,23,1,5.76460752303439872e+17,18,5,1,5.76460752303513600e+17,18,5,1,5.76460752303439872e+17,18,5,2,3.32306998946290359e+35,18,5,2,3.32306998946290359e+35,19,4,1,5.76460752303767552e+17
29,3,q_3_0,0,23,1,5.76460752303439872e+17,0,23,1,5.76460752303439872e+17,0,23,1,5.76460752303439872e+17,0,23,1,5.76460752303439872e+17,0,23,2,3.32306998946247858e+35,0,23,2,3.32306998946247858e+35,1,22,1,5.76460752303439872e+17
29,3,q_3_1,0,23,1,5.76460752303439872e+17,0,23,1,5.76460752303439872e+17,0,23,1,5.76460752303439872e+17,0,23,1,5.76460752303439872e+17,0,23,2,3.32306998946247858e+35,0,23,2,3.32306998946247858e+35,1,22,1,5.76460752303439872e+17
29,3,q_3_2,0,23,1,5.76460752303439872e+17,0,23,1,5.76460752303439872e+17,0,23,1,5.76460752303439872e+17,0,23,1,5.76460752303439872e+17,0,23,2,3.32306998946247858e+35,0,23,2,3.32306998946247858e+35,1,22,1,5.76460752303439872e+17
29,4,M_u_col_0,16,7,2,3.32306998945331719e+35,0,23,1,5.76460752303439872e+17,17,6,1,5.76460752302153728e+17,17,6,1,5.76460752303439872e+17,17,6,2,3.32306998945506446e+35,17,6,2,3.32306998945506446e+35,18,5,1,5.76460752303513600e+17
29,4,M_y_col_0,0,23,1,5.76460752303439872e+17,0,23,1,5.76460752303439872e+17,0,23,1,5.76460752303439872e+17,0,23,1,5.76460752303439872e+17,0,23,2,3.32306998946247858e+35,0,23,2,3.32306998946247858e+35,1,22,1,5.76460752303439872e+17
29,4,M_u_col_1,16,7,2,3.32306998945331719e+35,0,23,1,5.76460752303439872e+17,17,6,1,5.76460752302153728e+17,17,6,1,5.76460752303439872e+17,17,6,2,3.32306998945506446e+35,17,6,2,3.32306998945506446e+35,18,5,1,5.76460752303513600e+17
29,4,M_y_col_1,0,23,1,5.76460752303439872e+17,0,23,1,5.76460752303439872e+17,0,23,1,5.76460752303439872e+17,0,23,1,5.76460752303439872e+17,0,23,2,3.32306998946247858e+35,0,23,2,3.32306998946247858e+35,1,22,1,5.76460752303439872e+17
29,4,M_u_col_2,16,7,2,3.32306998945331719e+35,0,23,1,5.76460752303439872e+17,17,6,1,5.76460752302153728e+17,17,6,1,5.76460752303439872e+17,17,6,2,3.32306998945506446e+35,17,6,2,3.32306998945506446e+35,18,5,1,5.76460752303513600e+17
29,4,M_y_col_2,0,23,1,5.76460752303439872e+17,0,23,1,5.76460752303439872e+17,0,23,1,5.76460752303439872e+17,0,23,1,5.76460752303439872e+17,0,23,2,3.32306998946247858e+35,0,23,2,3.32306998946247858e+35,1,22,1,5.76460752303439872e+17
29,4,M_u_col_3,16,7,2,3.32306998945331719e+35,0,23,1,5.76460752303439872e+17,17,6,1,5.76460752302153728e+17,17,6,1,5.76460752303439872e+17,17,6,2,3.32306998945506446e+35,17,6,2,3.32306998945506446e+35,18,5,1,5.76460752303513600e+17
29,4,M_y_col_3,0,23,1,5.76460752303439872e+17,0,23,1,5.76460752303439872e+17,0,23,1,5.76460752303439872e+17,0,23,1,5.76460752303439872e+17,0,23,2,3.32306998946247858e+35,0,23,2,3.32306998946247858e+35,1,22,1,5.76460752303439872e+17
30,0,P_0,18,5,1,5.76460752303513600e+17,0,23,1,5.76460752303439872e+17,18,5,1,5.76460752303513600e+17,18,5,1,5.76460752303439872e+17,18,5,2,3.32306998946290359e+35,18,5,2,3.32306998946290359e+35,19,4,1,5.76460752303767552e+17
30,1,P_1,18,5,1,5.76460752303513600e+17,0,23,1,5.76460752303439872e+17,18,5,1,5.76460752303513600e+17,18,5,1,5.76460752303439872e+17,18,5,2,3.32306998946290359e+35,18,5,2,3.32306998946290359e+35,19,4,1,5.76460752303767552e+17
30,1,q_1_0,0,23,1,5.76460752303439872e+17,0,23,1,5.76460752303439872e+17,0,23,1,5.76460752303439872e+17,0,23,1,5.76460752303439872e+17,0,23,2,3.32306998946247858e+35,0,23,2,3.32306998946247858e+35,1,22,1,5.76460752303439872e+17
30,2,P_2,18,5,1,5.76460752303513600e+17,0,23,1,5.76460752303439872e+17,18,5,1,5.76460752303513600e+17,18,5,1,5.76460752303439872e+17,18,5,2,3.32306998946290359e+35,18,5,2,3.32306998946290359e+35,19,4,1,5.76460752303767552e+17
30,2,q_2_0,0,23,1,5.76460752303439872e+17,0,23,1,5.76460752303439872e+17,0,23,1,5.76460752303439872e+17,0,23,1,5.76460752303439872e+17,0,23,2,3.32306998946247858e+35,0,23,2,3.32306998946247858e+35,1,22,1,5.76460752303439872e+17
30,2,q_2_1,0,23,1,5.76460752303439872e+17,0,23,1,5.76460752303439872e+17,0,23,1,5.76460752303439872e+17,0,23,1,5.76460752303439872e+17,0,23,2,3.32306998946247858e+35,0,23,2,3.32306998946247858e+35,1,22,1,5.76460752303439872e+17
30,3,P_3,18,5,1,5.76460752303513600e+17,0,23,1,5.76460752303439872e+17,18,5,1,5.76460752303513600e+17,18,5,1,5.76460752303439872e+17,18,5,2,3.32306998946290359e+35,18,5,2,3.32306998946290359e+35,19,4,1,5.76460752303767552e+17
30,3,q_3_0,0,23,1,5.76460752303439872e+17,0,23,1,5.76460752303439872e+17,0,23,1,5.76460752303439872e+17,0,23,1,5.76460752303439872e+17,0,23,2,3.32306998946247858e+35,0,23,2,3.32306998946247858e+35,1,22,1,5.76460752303439872e+17
30,3,q_3_1,0,23,1,5.76460752303439872e+17,0,23,1,5.76460752303439872e+17,0,23,1,5.76460752303439872e+17,0,23,1,5.76460752303439872e+17,0,23,2,3.32306998946247858e+35,0,23,2,3.32306998946247858e+35,1,22,1,5.76460752303439872e+17
30,3,q_3_2,0,23,1,5.76460752303439872e+17,0,23,1,5.76460752303439872e+17,0,23,1,5.76460752303439872e+17,0,23,1,5.76460752303439872e+17,0,23,2,3.32306998946247858e+35,0,23,2,3.32306998946247858e+35,1,22,1,5.76460752303439872e+17
30,4,M_u_col_0,16,7,2,3.32306998945331719e+35,0,23,1,5.76460752303439872e+17,17,6,1,5.76460752302153728e+17,17,6,1,5.76460752303439872e+17,17,6,2,3.32306998945506446e+35,17,6,2,3.32306998945506446e+35,18,5,1,5.76460752303513600e+17
30,4,M_y_col_0,0,23,1,5.76460752303439872e+17,0,23,1,5.76460752303439872e+17,0,23,1,5.76460752303439872e+17,0,23,1,5.76460752303439872e+17,0,23,2,3.32306998946247858e+35,0,23,2,3.32306998946247858e+35,1,22,1,5.76460752303439872e+17
30,4,M_u_col_1,16,7,2,3.32306998945331719e+35,0,23,1,5.76460752303439872e+17,17,6,1,5.76460752302153728e+17,17,6,1,5.76460752303439872e+17,17,6,2,3.32306998945506446e+35,17,6,2,3.32306998945506446e+35,18,5,1,5.76460752303513600e+17
30,4,M_y_col_1,0,23,1,5.76460752303439872e+17,0,23,1,5.76460752303439872e+17,0,23,1,5.76460752303439872e+17,0,23,1,5.76460752303439872e+17,0,23,2,3.32306998946247858e+35,0,23,2,3.32306998946247858e+35,1,22,1,5.76460752303439872e+17
30,4,M_u_col_2,16,7,2,3.32306998945331719e+35,0,23,1,5.76460752303439872e+17,17,6,1,5.76460752302153728e+17,17,6,1,5.76460752303439872e+17,17,6,2,3.32306998945506446e+35,17,6,2,3.32306998945506446e+35,18,5,1,5.76460752303513600e+17
30,4,M_y_col_2,0,23,1,5.76460752303439872e+17,0,23,1,5.76460752303439872e+17,0,23,1,5.76460752303439872e+17,0,23,1,5.76460752303439872e+17,0,23,2,3.32306998946247858e+35,0,23,2,3.32306998946247858e+35,1,22,1,5.76460752303439872e+17
30,4,M_u_col_3,16,7,2,3.32306998945331719e+35,0,23,1,5.76460752303439872e+17,17,6,1,5.76460752302153728e+17,17,6,1,5.76460752303439872e+17,17,6,2,3.32306998945506446e+35,17,6,2,3.32306998945506446e+35,18,5,1,5.76460752303513600e+17
30,4,M_y_col_3,0,23,1,5.76460752303439872e+17,0,23,1,5.76460752303439872e+17,0,23,1,5.76460752303439872e+17,0,23,1,5.76460752303439872e+17,0,23,2,3.32306998946247858e+35,0,23,2,3.32306998946247858e+35,1,22,1,5.76460752303439872e+17
31,0,P_0,18,5,1,5.76460752303513600e+17,0,23,1,5.76460752303439872e+17,18,5,1,5.76460752303513600e+17,18,5,1,5.76460752303439872e+17,18,5,2,3.32306998946290359e+35,18,5,2,3.32306998946290359e+35,19,4,1,5.76460752303767552e+17
31,1,P_1,18,5,1,5.76460752303513600e+17,0,23,1,5.76460752303439872e+17,18,5,1,5.76460752303513600e+17,18,5,1,5.76460752303439872e+17,18,5,2,3.32306998946290359e+35,18,5,2,3.32306998946290359e+35,19,4,1,5.76460752303767552e+17
31,1,q_1_0,0,23,1,5.76460752303439872e+17,0,23,1,5.76460752303439872e+17,0,23,1,5.76460752303439872e+17,0,23,1,5.76460752303439872e+17,0,23,2,3.32306998946247858e+35,0,23,2,3.32306998946247858e+35,1,22,1,5.76460752303439872e+17
31,2,P_2,18,5,1,5.76460752303513600e+17,0,23,1,5.76460752303439872e+17,18,5,1,5.76460752303513600e+17,18,5,1,5.76460752303439872e+17,18,5,2,3.32306998946290359e+35,18,5,2,3.32306998946290359e+35,19,4,1,5.76460752303767552e+17
31,2,q_2_0,0,23,1,5.76460752303439872e+17,0,23,1,5.76460752303439872e+17,0,23,1,5.76460752303439872e+17,0,23,1,5.76460752303439872e+17,0,23,2,3.32306998946247858e+35,0,23,2,3.32306998946247858e+35,1,22,1,5.76460752303439872e+17
31,2,q_2_1,0,23,1,5.76460752303439872e+17,0,23,1,5.76460752303439872e+17,0,23,1,5.76460752303439872e+17,0,23,1,5.76460752303439872e+17,0,23,2,3.32306998946247858e+35,0,23,2,3.32306998946247858e+35,1,22,1,5.76460752303439872e+17
31,3,P_3,18,5,1,5.76460752303513600e+17,0,23,1,5.76460752303439872e+17,18,5,1,5.76460752303513600e+17,18,5,1,5.76460752303439872e+17,18,5,2,3.32306998946290359e+35,18,5,2,3.32306998946290359e+35,19,4,1,5.76460752303767552e+17
31,3,q_3_0,0,23,1,5.76460752303439872e+17,0,23,1,5.76460752303439872e+17,0,23,1,5.76460752303439872e+17,0,23,1,5.76460752303439872e+17,0,23,2,3.32306998946247858e+35,0,23,2,3.32306998946247858e+35,1,22,1,5.76460752303439872e+17
31,3,q_3_1,0,23,1,5.76460752303439872e+17,0,23,1,5.76460752303439872e+17,0,23,1,5.76460752303439872e+17,0,23,1,5.76460752303439872e+17,0,23,2,3.32306998946247858e+35,0,23,2,3.32306998946247858e+35,1,22,1,5.76460752303439872e+17
31,3,q_3_2,0,23,1,5.76460752303439872e+17,0,23,1,5.76460752303439872e+17,0,23,1,5.76460752303439872e+17,0,23,1,5.76460752303439872e+17,0,23,2,3.32306998946247858e+35,0,23,2,3.32306998946247858e+35,1,22,1,5.76460752303439872e+17
31,4,M_u_col_0,16,7,2,3.32306998945331719e+35,0,23,1,5.76460752303439872e+17,17,6,1,5.76460752302153728e+17,17,6,1,5.76460752303439872e+17,17,6,2,3.32306998945506446e+35,17,6,2,3.32306998945506446e+35,18,5,1,5.76460752303513600e+17
31,4,M_y_col_0,0,23,1,5.76460752303439872e+17,0,23,1,5.76460752303439872e+17,0,23,1,5.76460752303439872e+17,0,23,1,5.76460752303439872e+17,0,23,2,3.32306998946247858e+35,0,23,2,3.32306998946247858e+35,1,22,1,5.76460752303439872e+17
31,4,M_u_col_1,16,7,2,3.32306998945331719e+35,0,23,1,5.76460752303439872e+17,17,6,1,5.76460752302153728e+17,17,6,1,5.76460752303439872e+17,17,6,2,3.32306998945506446e+35,17,6,2,3.32306998945506446e+35,18,5,1,5.76460752303513600e+17
31,4,M_y_col_1,0,23,1,5.76460752303439872e+17,0,23,1,5.76460752303439872e+17,0,23,1,5.76460752303439872e+17,0,23,1,5.76460752303439872e+17,0,23,2,3.32306998946247858e+35,0,23,2,3.32306998946247858e+35,1,22,1,5.76460752303439872e+17
31,4,M_u_col_2,16,7,2,3.32306998945331719e+35,0,23,1,5.76460752303439872e+17,17,6,1,5.76460752302153728e+17,17,6,1,5.76460752303439872e+17,17,6,2,3.32306998945506446e+35,17,6,2,3.32306998945506446e+35,18,5,1,5.76460752303513600e+17
31,4,M_y_col_2,0,23,1,5.76460752303439872e+17,0,23,1,5.76460752303439872e+17,0,23,1,5.76460752303439872e+17,0,23,1,5.76460752303439872e+17,0,23,2,3.32306998946247858e+35,0,23,2,3.32306998946247858e+35,1,22,1,5.76460752303439872e+17
31,4,M_u_col_3,16,7,2,3.32306998945331719e+35,0,23,1,5.76460752303439872e+17,17,6,1,5.76460752302153728e+17,17,6,1,5.76460752303439872e+17,17,6,2,3.32306998945506446e+35,17,6,2,3.32306998945506446e+35,18,5,1,5.76460752303513600e+17
31,4,M_y_col_3,0,23,1,5.76460752303439872e+17,0,23,1,5.76460752303439872e+17,0,23,1,5.76460752303439872e+17,0,23,1,5.76460752303439872e+17,0,23,2,3.32306998946247858e+35,0,23,2,3.32306998946247858e+35,1,22,1,5.76460752303439872e+17
32,0,P_0,18,5,1,5.76460752303513600e+17,0,23,1,5.76460752303439872e+17,18,5,1,5.76460752303513600e+17,18,5,1,5.76460752303439872e+17,18,5,2,3.32306998946290359e+35,18,5,2,3.32306998946290359e+35,19,4,1,5.76460752303767552e+17
32,1,P_1,18,5,1,5.76460752303513600e+17,0,23,1,5.76460752303439872e+17,18,5,1,5.76460752303513600e+17,18,5,1,5.76460752303439872e+17,18,5,2,3.32306998946290359e+35,18,5,2,3.32306998946290359e+35,19,4,1,5.76460752303767552e+17
32,1,q_1_0,0,23,1,5.76460752303439872e+17,0,23,1,5.76460752303439872e+17,0,23,1,5.76460752303439872e+17,0,23,1,5.76460752303439872e+17,0,23,2,3.32306998946247858e+35,0,23,2,3.32306998946247858e+35,1,22,1,5.76460752303439872e+17
32,2,P_2,18,5,1,5.76460752303513600e+17,0,23,1,5.76460752303439872e+17,18,5,1,5.76460752303513600e+17,18,5,1,5.76460752303439872e+17,18,5,2,3.32306998946290359e+35,18,5,2,3.32306998946290359e+35,19,4,1,5.76460752303767552e+17
32,2,q_2_0,0,23,1,5.76460752303439872e+17,0,23,1,5.76460752303439872e+17,0,23,1,5.76460752303439872e+17,0,23,1,5.76460752303439872e+17,0,23,2,3.32306998946247858e+35,0,23,2,3.32306998946247858e+35,1,22,1,5.76460752303439872e+17
32,2,q_2_1,0,23,1,5.76460752303439872e+17,0,23,1,5.76460752303439872e+17,0,23,1,5.76460752303439872e+17,0,23,1,5.76460752303439872e+17,0,23,2,3.32306998946247858e+35,0,23,2,3.32306998946247858e+35,1,22,1,5.76460752303439872e+17
32,3,P_3,18,5,1,5.76460752303513600e+17,0,23,1,5.76460752303439872e+17,18,5,1,5.76460752303513600e+17,18,5,1,5.76460752303439872e+17,18,5,2,3.32306998946290359e+35,18,5,2,3.32306998946290359e+35,19,4,1,5.76460752303767552e+17
32,3,q_3_0,0,23,1,5.76460752303439872e+17,0,23,1,5.76460752303439872e+17,0,23,1,5.76460752303439872e+17,0,23,1,5.76460752303439872e+17,0,23,2,3.32306998946247858e+35,0,23,2,3.32306998946247858e+35,1,22,1,5.76460752303439872e+17
32,3,q_3_1,0,23,1,5.76460752303439872e+17,0,23,1,5.76460752303439872e+17,0,23,1,5.76460752303439872e+17,0,23,1,5.76460752303439872e+17,0,23,2,3.32306998946247858e+35,0,23,2,3.32306998946247858e+35,1,22,1,5.76460752303439872e+17
32,3,q_3_2,0,23,1,5.76460752303439872e+17,0,23,1,5.76460752303439872e+17,0,23,1,5.76460752303439872e+17,0,23,1,5.76460752303439872e+17,0,23,2,3.32306998946247858e+35,0,23,2,3.32306998946247858e+35,1,22,1,5.76460752303439872e+17
32,4,M_u_col_0,16,7,2,3.32306998945331719e+35,0,23,1,5.76460752303439872e+17,17,6,1,5.76460752302153728e+17,17,6,1,5.76460752303439872e+17,17,6,2,3.32306998945506446e+35,17,6,2,3.32306998945506446e+35,18,5,1,5.76460752303513600e+17
32,4,M_y_col_0,0,23,1,5.76460752303439872e+17,0,23,1,5.76460752303439872e+17,0,23,1,5.76460752303439872e+17,0,23,1,5.76460752303439872e+17,0,23,2,3.32306998946247858e+35,0,23,2,3.32306998946247858e+35,1,22,1,5.76460752303439872e+17
32,4,M_u_col_1,16,7,2,3.32306998945331719e+35,0,23,1,5.76460752303439872e+17,17,6,1,5.76460752302153728e+17,17,6,1,5.76460752303439872e+17,17,6,2,3.32306998945506446e+35,17,6,2,3.32306998945506446e+35,18,5,1,5.76460752303513600e+17
32,4,M_y_col_1,0,23,1,5.76460752303439872e+17,0,23,1,5.76460752303439872e+17,0,23,1,5.76460752303439872e+17,0,23,1,5.76460752303439872e+17,0,23,2,3.32306998946247858e+35,0,23,2,3.32306998946247858e+35,1,22,1,5.76460752303439872e+17
32,4,M_u_col_2,16,7,2,3.32306998945331719e+35,0,23,1,5.76460752303439872e+17,17,6,1,5.76460752302153728e+17,17,6,1,5.76460752303439872e+17,17,6,2,3.32306998945506446e+35,17,6,2,3.32306998945506446e+35,18,5,1,5.76460752303513600e+17
32,4,M_y_col_2,0,23,1,5.76460752303439872e+17,0,23,1,5.76460752303439872e+17,0,23,1,5.76460752303439872e+17,0,23,1,5.76460752303439872e+17,0,23,2,3.32306998946247858e+35,0,23,2,3.32306998946247858e+35,1,22,1,5.76460752303439872e+17
32,4,M_u_col_3,16,7,2,3.32306998945331719e+35,0,23,1,5.76460752303439872e+17,17,6,1,5.76460752302153728e+17,17,6,1,5.76460752303439872e+17,17,6,2,3.32306998945506446e+35,17,6,2,3.32306998945506446e+35,18,5,1,5.76460752303513600e+17
32,4,M_y_col_3,0,23,1,5.76460752303439872e+17,0,23,1,5.76460752303439872e+17,0,23,1,5.76460752303439872e+17,0,23,1,5.76460752303439872e+17,0,23,2,3.32306998946247858e+35,0,23,2,3.32306998946247858e+35,1,22,1,5.76460752303439872e+17
33,0,P_0,18,5,1,5.76460752303513600e+17,0,23,1,5.76460752303439872e+17,18,5,1,5.76460752303513600e+17,18,5,1,5.76460752303439872e+17,18,5,2,3.32306998946290359e+35,18,5,2,3.32306998946290359e+35,19,4,1,5.76460752303767552e+17
33,1,P_1,18,5,1,5.76460752303513600e+17,0,23,1,5.76460752303439872e+17,18,5,1,5.76460752303513600e+17,18,5,1,5.76460752303439872e+17,18,5,2,3.32306998946290359e+35,18,5,2,3.32306998946290359e+35,19,4,1,5.76460752303767552e+17
33,1,q_1_0,0,23,1,5.76460752303439872e+17,0,23,1,5.76460752303439872e+17,0,23,1,5.76460752303439872e+17,0,23,1,5.76460752303439872e+17,0,23,2,3.32306998946247858e+35,0,23,2,3.32306998946247858e+35,1,22,1,5.76460752303439872e+17
33,2,P_2,18,5,1,5.76460752303513600e+17,0,23,1,5.76460752303439872e+17,18,5,1,5.76460752303513600e+17,18,5,1,5.76460752303439872e+17,18,5,2,3.32306998946290359e+35,18,5,2,3.32306998946290359e+35,19,4,1,5.76460752303767552e+17
33,2,q_2_0,0,23,1,5.76460752303439872e+17,0,23,1,5.76460752303439872e+17,0,23,1,5.76460752303439872e+17,0,23,1,5.76460752303439872e+17,0,23,2,3.32306998946247858e+35,0,23,2,3.32306998946247858e+35,1,22,1,5.76460752303439872e+17
33,2,q_2_1,0,23,1,5.76460752303439872e+17,0,23,1,5.76460752303439872e+17,0,23,1,5.76460752303439872e+17,0,23,1,5.76460752303439872e+17,0,23,2,3.32306998946247858e+35,0,23,2,3.32306998946247858e+35,1,22,1,5.76460752303439872e+17
33,3,P_3,18,5,1,5.76460752303513600e+17,0,23,1,5.76460752303439872e+17,18,5,1,5.76460752303513600e+17,18,5,1,5.76460752303439872e+17,18,5,2,3.32306998946290359e+35,18,5,2,3.32306998946290359e+35,19,4,1,5.76460752303767552e+17
33,3,q_3_0,0,23,1,5.76460752303439872e+17,0,23,1,5.76460752303439872e+17,0,23,1,5.76460752303439872e+17,0,23,1,5.76460752303439872e+17,0,23,2,3.32306998946247858e+35,0,23,2,3.32306998946247858e+35,1,22,1,5.76460752303439872e+17
33,3,q_3_1,0,23,1,5.76460752303439872e+17,0,23,1,5.76460752303439872e+17,0,23,1,5.76460752303439872e+17,0,23,1,5.76460752303439872e+17,0,23,2,3.32306998946247858e+35,0,23,2,3.32306998946247858e+35,1,22,1,5.76460752303439872e+17
33,3,q_3_2,0,23,1,5.76460752303439872e+17,0,23,1,5.76460752303439872e+17,0,23,1,5.76460752303439872e+17,0,23,1,5.76460752303439872e+17,0,23,2,3.32306998946247858e+35,0,23,2,3.32306998946247858e+35,1,22,1,5.76460752303439872e+17
33,4,M_u_col_0,16,7,2,3.32306998945331719e+35,0,23,1,5.76460752303439872e+17,17,6,1,5.76460752302153728e+17,17,6,1,5.76460752303439872e+17,17,6,2,3.32306998945506446e+35,17,6,2,3.32306998945506446e+35,18,5,1,5.76460752303513600e+17
33,4,M_y_col_0,0,23,1,5.76460752303439872e+17,0,23,1,5.76460752303439872e+17,0,23,1,5.76460752303439872e+17,0,23,1,5.76460752303439872e+17,0,23,2,3.32306998946247858e+35,0,23,2,3.32306998946247858e+35,1,22,1,5.76460752303439872e+17
33,4,M_u_col_1,16,7,2,3.32306998945331719e+35,0,23,1,5.76460752303439872e+17,17,6,1,5.76460752302153728e+17,17,6,1,5.76460752303439872e+17,17,6,2,3.32306998945506446e+35,17,6,2,3.32306998945506446e+35,18,5,1,5.76460752303513600e+17
33,4,M_y_col_1,0,23,1,5.76460752303439872e+17,0,23,1,5.76460752303439872e+17,0,23,1,5.76460752303439872e+17,0,23,1,5.76460752303439872e+17,0,23,2,3.32306998946247858e+35,0,23,2,3.32306998946247858e+35,1,22,1,5.76460752303439872e+17
33,4,M_u_col_2,16,7,2,3.32306998945331719e+35,0,23,1,5.76460752303439872e+17,17,6,1,5.76460752302153728e+17,17,6,1,5.76460752303439872e+17,17,6,2,3.32306998945506446e+35,17,6,2,3.32306998945506446e+35,18,5,1,5.76460752303513600e+17
33,4,M_y_col_2,0,23,1,5.76460752303439872e+17,0,23,1,5.76460752303439872e+17,0,23,1,5.76460752303439872e+17,0,23,1,5.76460752303439872e+17,0,23,2,3.32306998946247858e+35,0,23,2,3.32306998946247858e+35,1,22,1,5.76460752303439872e+17
33,4,M_u_col_3,16,7,2,3.32306998945331719e+35,0,23,1,5.76460752303439872e+17,17,6,1,5.76460752302153728e+17,17,6,1,5.76460752303439872e+17,17,6,2,3.32306998945506446e+35,17,6,2,3.32306998945506446e+35,18,5,1,5.76460752303513600e+17
33,4,M_y_col_3,0,23,1,5.76460752303439872e+17,0,23,1,5.76460752303439872e+17,0,23,1,5.76460752303439872e+17,0,23,1,5.76460752303439872e+17,0,23,2,3.32306998946247858e+35,0,23,2,3.32306998946247858e+35,1,22,1,5.76460752303439872e+17
34,0,P_0,18,5,1,5.76460752303513600e+17,0,23,1,5.76460752303439872e+17,18,5,1,5.76460752303513600e+17,18,5,1,5.76460752303439872e+17,18,5,2,3.32306998946290359e+35,18,5,2,3.32306998946290359e+35,19,4,1,5.76460752303767552e+17
34,1,P_1,18,5,1,5.76460752303513600e+17,0,23,1,5.76460752303439872e+17,18,5,1,5.76460752303513600e+17,18,5,1,5.76460752303439872e+17,18,5,2,3.32306998946290359e+35,18,5,2,3.32306998946290359e+35,19,4,1,5.76460752303767552e+17
34,1,q_1_0,0,23,1,5.76460752303439872e+17,0,23,1,5.76460752303439872e+17,0,23,1,5.76460752303439872e+17,0,23,1,5.76460752303439872e+17,0,23,2,3.32306998946247858e+35,0,23,2,3.32306998946247858e+35,1,22,1,5.76460752303439872e+17
34,2,P_2,18,5,1,5.76460752303513600e+17,0,23,1,5.76460752303439872e+17,18,5,1,5.76460752303513600e+17,18,5,1,5.76460752303439872e+17,18,5,2,3.32306998946290359e+35,18,5,2,3.32306998946290359e+35,19,4,1,5.76460752303767552e+17
34,2,q_2_0,0,23,1,5.76460752303439872e+17,0,23,1,5.76460752303439872e+17,0,23,1,5.76460752303439872e+17,0,23,1,5.76460752303439872e+17,0,23,2,3.32306998946247858e+35,0,23,2,3.32306998946247858e+35,1,22,1,5.76460752303439872e+17
34,2,q_2_1,0,23,1,5.76460752303439872e+17,0,23,1,5.76460752303439872e+17,0,23,1,5.76460752303439872e+17,0,23,1,5.76460752303439872e+17,0,23,2,3.32306998946247858e+35,0,23,2,3.32306998946247858e+35,1,22,1,5.76460752303439872e+17
34,3,P_3,18,5,1,5.76460752303513600e+17,0,23,1,5.76460752303439872e+17,18,5,1,5.76460752303513600e+17,18,5,1,5.76460752303439872e+17,18,5,2,3.32306998946290359e+35,18,5,2,3.32306998946290359e+35,19,4,1,5.76460752303767552e+17
34,3,q_3_0,0,23,1,5.76460752303439872e+17,0,23,1,5.76460752303439872e+17,0,23,1,5.76460752303439872e+17,0,23,1,5.76460752303439872e+17,0,23,2,3.32306998946247858e+35,0,23,2,3.32306998946247858e+35,1,22,1,5.76460752303439872e+17
34,3,q_3_1,0,23,1,5.76460752303439872e+17,0,23,1,5.76460752303439872e+17,0,23,1,5.76460752303439872e+17,0,23,1,5.76460752303439872e+17,0,23,2,3.32306998946247858e+35,0,23,2,3.32306998946247858e+35,1,22,1,5.76460752303439872e+17
34,3,q_3_2,0,23,1,5.76460752303439872e+17,0,23,1,5.76460752303439872e+17,0,23,1,5.76460752303439872e+17,0,23,1,5.76460752303439872e+17,0,23,2,3.32306998946247858e+35,0,23,2,3.32306998946247858e+35,1,22,1,5.76460752303439872e+17
34,4,M_u_col_0,16,7,2,3.32306998945331719e+35,0,23,1,5.76460752303439872e+17,17,6,1,5.76460752302153728e+17,17,6,1,5.76460752303439872e+17,17,6,2,3.32306998945506446e+35,17,6,2,3.32306998945506446e+35,18,5,1,5.76460752303513600e+17
34,4,M_y_col_0,0,23,1,5.76460752303439872e+17,0,23,1,5.76460752303439872e+17,0,23,1,5.76460752303439872e+17,0,23,1,5.76460752303439872e+17,0,23,2,3.32306998946247858e+35,0,23,2,3.32306998946247858e+35,1,22,1,5.76460752303439872e+17
34,4,M_u_col_1,16,7,2,3.32306998945331719e+35,0,23,1,5.76460752303439872e+17,17,6,1,5.76460752302153728e+17,17,6,1,5.76460752303439872e+17,17,6,2,3.32306998945506446e+35,17,6,2,3.32306998945506446e+35,18,5,1,5.76460752303513600e+17
34,4,M_y_col_1,0,23,1,5.76460752303439872e+17,0,23,1,5.76460752303439872e+17,0,23,1,5.76460752303439872e+17,0,23,1,5.76460752303439872e+17,0,23,2,3.32306998946247858e+35,0,23,2,3.32306998946247858e+35,1,22,1,5.76460752303439872e+17
34,4,M_u_col_2,16,7,2,3.32306998945331719e+35,0,23,1,5.76460752303439872e+17,17,6,1,5.76460752302153728e+17,17,6,1,5.76460752303439872e+17,17,6,2,3.32306998945506446e+35,17,6,2,3.32306998945506446e+35,18,5,1,5.76460752303513600e+17
34,4,M_y_col_2,0,23,1,5.76460752303439872e+17,0,23,1,5.76460752303439872e+17,0,23,1,5.76460752303439872e+17,0,23,1,5.76460752303439872e+17,0,23,2,3.32306998946247858e+35,0,23,2,3.32306998946247858e+35,1,22,1,5.76460752303439872e+17
34,4,M_u_col_3,16,7,2,3.32306998945331719e+35,0,23,1,5.76460752303439872e+17,17,6,1,5.76460752302153728e+17,17,6,1,5.76460752303439872e+17,17,6,2,3.32306998945506446e+35,17,6,2,3.32306998945506446e+35,18,5,1,5.76460752303513600e+17
34,4,M_y_col_3,0,23,1,5.76460752303439872e+17,0,23,1,5.76460752303439872e+17,0,23,1,5.76460752303439872e+17,0,23,1,5.76460752303439872e+17,0,23,2,3.32306998946247858e+35,0,23,2,3.32306998946247858e+35,1,22,1,5.76460752303439872e+17
35,0,P_0,18,5,1,5.76460752303513600e+17,0,23,1,5.76460752303439872e+17,18,5,1,5.76460752303513600e+17,18,5,1,5.76460752303439872e+17,18,5,2,3.32306998946290359e+35,18,5,2,3.32306998946290359e+35,19,4,1,5.76460752303767552e+17
35,1,P_1,18,5,1,5.76460752303513600e+17,0,23,1,5.76460752303439872e+17,18,5,1,5.76460752303513600e+17,18,5,1,5.76460752303439872e+17,18,5,2,3.32306998946290359e+35,18,5,2,3.32306998946290359e+35,19,4,1,5.76460752303767552e+17
35,1,q_1_0,0,23,1,5.76460752303439872e+17,0,23,1,5.76460752303439872e+17,0,23,1,5.76460752303439872e+17,0,23,1,5.76460752303439872e+17,0,23,2,3.32306998946247858e+35,0,23,2,3.32306998946247858e+35,1,22,1,5.76460752303439872e+17
35,2,P_2,18,5,1,5.76460752303513600e+17,0,23,1,5.76460752303439872e+17,18,5,1,5.76460752303513600e+17,18,5,1,5.76460752303439872e+17,18,5,2,3.32306998946290359e+35,18,5,2,3.32306998946290359e+35,19,4,1,5.76460752303767552e+17
35,2,q_2_0,0,23,1,5.76460752303439872e+17,0,23,1,5.76460752303439872e+17,0,23,1,5.76460752303439872e+17,0,23,1,5.76460752303439872e+17,0,23,2,3.32306998946247858e+35,0,23,2,3.32306998946247858e+35,1,22,1,5.76460752303439872e+17
35,2,q_2_1,0,23,1,5.76460752303439872e+17,0,23,1,5.76460752303439872e+17,0,23,1,5.76460752303439872e+17,0,23,1,5.76460752303439872e+17,0,23,2,3.32306998946247858e+35,0,23,2,3.32306998946247858e+35,1,22,1,5.76460752303439872e+17
35,3,P_3,18,5,1,5.76460752303513600e+17,0,23,1,5.76460752303439872e+17,18,5,1,5.76460752303513600e+17,18,5,1,5.76460752303439872e+17,18,5,2,3.32306998946290359e+35,18,5,2,3.32306998946290359e+35,19,4,1,5.76460752303767552e+17
35,3,q_3_0,0,23,1,5.76460752303439872e+17,0,23,1,5.76460752303439872e+17,0,23,1,5.76460752303439872e+17,0,23,1,5.76460752303439872e+17,0,23,2,3.32306998946247858e+35,0,23,2,3.32306998946247858e+35,1,22,1,5.76460752303439872e+17
35,3,q_3_1,0,23,1,5.76460752303439872e+17,0,23,1,5.76460752303439872e+17,0,23,1,5.76460752303439872e+17,0,23,1,5.76460752303439872e+17,0,23,2,3.32306998946247858e+35,0,23,2,3.32306998946247858e+35,1,22,1,5.76460752303439872e+17
35,3,q_3_2,0,23,1,5.76460752303439872e+17,0,23,1,5.76460752303439872e+17,0,23,1,5.76460752303439872e+17,0,23,1,5.76460752303439872e+17,0,23,2,3.32306998946247858e+35,0,23,2,3.32306998946247858e+35,1,22,1,5.76460752303439872e+17
35,4,M_u_col_0,16,7,2,3.32306998945331719e+35,0,23,1,5.76460752303439872e+17,17,6,1,5.76460752302153728e+17,17,6,1,5.76460752303439872e+17,17,6,2,3.32306998945506446e+35,17,6,2,3.32306998945506446e+35,18,5,1,5.76460752303513600e+17
35,4,M_y_col_0,0,23,1,5.76460752303439872e+17,0,23,1,5.76460752303439872e+17,0,23,1,5.76460752303439872e+17,0,23,1,5.76460752303439872e+17,0,23,2,3.32306998946247858e+35,0,23,2,3.32306998946247858e+35,1,22,1,5.76460752303439872e+17
35,4,M_u_col_1,16,7,2,3.32306998945331719e+35,0,23,1,5.76460752303439872e+17,17,6,1,5.76460752302153728e+17,17,6,1,5.76460752303439872e+17,17,6,2,3.32306998945506446e+35,17,6,2,3.32306998945506446e+35,18,5,1,5.76460752303513600e+17
35,4,M_y_col_1,0,23,1,5.76460752303439872e+17,0,23,1,5.76460752303439872e+17,0,23,1,5.76460752303439872e+17,0,23,1,5.76460752303439872e+17,0,23,2,3.32306998946247858e+35,0,23,2,3.32306998946247858e+35,1,22,1,5.76460752303439872e+17
35,4,M_u_col_2,16,7,2,3.32306998945331719e+35,0,23,1,5.76460752303439872e+17,17,6,1,5.76460752302153728e+17,17,6,1,5.76460752303439872e+17,17,6,2,3.32306998945506446e+35,17,6,2,3.32306998945506446e+35,18,5,1,5.76460752303513600e+17
35,4,M_y_col_2,0,23,1,5.76460752303439872e+17,0,23,1,5.76460752303439872e+17,0,23,1,5.76460752303439872e+17,0,23,1,5.76460752303439872e+17,0,23,2,3.32306998946247858e+35,0,23,2,3.32306998946247858e+35,1,22,1,5.76460752303439872e+17
35,4,M_u_col_3,16,7,2,3.32306998945331719e+35,0,23,1,5.76460752303439872e+17,17,6,1,5.76460752302153728e+17,17,6,1,5.76460752303439872e+17,17,6,2,3.32306998945506446e+35,17,6,2,3.32306998945506446e+35,18,5,1,5.76460752303513600e+17
35,4,M_y_col_3,0,23,1,5.76460752303439872e+17,0,23,1,5.76460752303439872e+17,0,23,1,5.76460752303439872e+17,0,23,1,5.76460752303439872e+17,0,23,2,3.32306998946247858e+35,0,23,2,3.32306998946247858e+35,1,22,1,5.76460752303439872e+17
36,0,P_0,18,5,1,5.76460752303513600e+17,0,23,1,5.76460752303439872e+17,18,5,1,5.76460752303513600e+17,18,5,1,5.76460752303439872e+17,18,5,2,3.32306998946290359e+35,18,5,2,3.32306998946290359e+35,19,4,1,5.76460752303767552e+17
36,1,P_1,18,5,1,5.76460752303513600e+17,0,23,1,5.76460752303439872e+17,18,5,1,5.76460752303513600e+17,18,5,1,5.76460752303439872e+17,18,5,2,3.32306998946290359e+35,18,5,2,3.32306998946290359e+35,19,4,1,5.76460752303767552e+17
36,1,q_1_0,0,23,1,5.76460752303439872e+17,0,23,1,5.76460752303439872e+17,0,23,1,5.76460752303439872e+17,0,23,1,5.76460752303439872e+17,0,23,2,3.32306998946247858e+35,0,23,2,3.32306998946247858e+35,1,22,1,5.76460752303439872e+17
36,2,P_2,18,5,1,5.76460752303513600e+17,0,23,1,5.76460752303439872e+17,18,5,1,5.76460752303513600e+17,18,5,1,5.76460752303439872e+17,18,5,2,3.32306998946290359e+35,18,5,2,3.32306998946290359e+35,19,4,1,5.76460752303767552e+17
36,2,q_2_0,0,23,1,5.76460752303439872e+17,0,23,1,5.76460752303439872e+17,0,23,1,5.76460752303439872e+17,0,23,1,5.76460752303439872e+17,0,23,2,3.32306998946247858e+35,0,23,2,3.32306998946247858e+35,1,22,1,5.76460752303439872e+17
36,2,q_2_1,0,23,1,5.76460752303439872e+17,0,23,1,5.76460752303439872e+17,0,23,1,5.76460752303439872e+17,0,23,1,5.76460752303439872e+17,0,23,2,3.32306998946247858e+35,0,23,2,3.32306998946247858e+35,1,22,1,5.76460752303439872e+17
36,3,P_3,18,5,1,5.76460752303513600e+17,0,23,1,5.76460752303439872e+17,18,5,1,5.76460752303513600e+17,18,5,1,5.76460752303439872e+17,18,5,2,3.32306998946290359e+35,18,5,2,3.32306998946290359e+35,19,4,1,5.76460752303767552e+17
36,3,q_3_0,0,23,1,5.76460752303439872e+17,0,23,1,5.76460752303439872e+17,0,23,1,5.76460752303439872e+17,0,23,1,5.76460752303439872e+17,0,23,2,3.32306998946247858e+35,0,23,2,3.32306998946247858e+35,1,22,1,5.76460752303439872e+17
36,3,q_3_1,0,23,1,5.76460752303439872e+17,0,23,1,5.76460752303439872e+17,0,23,1,5.76460752303439872e+17,0,23,1,5.76460752303439872e+17,0,23,2,3.32306998946247858e+35,0,23,2,3.32306998946247858e+35,1,22,1,5.76460752303439872e+17
36,3,q_3_2,0,23,1,5.76460752303439872e+17,0,23,1,5.76460752303439872e+17,0,23,1,5.76460752303439872e+17,0,23,1,5.76460752303439872e+17,0,23,2,3.32306998946247858e+35,0,23,2,3.32306998946247858e+35,1,22,1,5.76460752303439872e+17
36,4,M_u_col_0,16,7,2,3.32306998945331719e+35,0,23,1,5.76460752303439872e+17,17,6,1,5.76460752302153728e+17,17,6,1,5.76460752303439872e+17,17,6,2,3.32306998945506446e+35,17,6,2,3.32306998945506446e+35,18,5,1,5.76460752303513600e+17
36,4,M_y_col_0,0,23,1,5.76460752303439872e+17,0,23,1,5.76460752303439872e+17,0,23,1,5.76460752303439872e+17,0,23,1,5.76460752303439872e+17,0,23,2,3.32306998946247858e+35,0,23,2,3.32306998946247858e+35,1,22,1,5.76460752303439872e+17
36,4,M_u_col_1,16,7,2,3.32306998945331719e+35,0,23,1,5.76460752303439872e+17,17,6,1,5.76460752302153728e+17,17,6,1,5.76460752303439872e+17,17,6,2,3.32306998945506446e+35,17,6,2,3.32306998945506446e+35,18,5,1,5.76460752303513600e+17
36,4,M_y_col_1,0,23,1,5.76460752303439872e+17,0,23,1,5.76460752303439872e+17,0,23,1,5.76460752303439872e+17,0,23,1,5.76460752303439872e+17,0,23,2,3.32306998946247858e+35,0,23,2,3.32306998946247858e+35,1,22,1,5.76460752303439872e+17
36,4,M_u_col_2,16,7,2,3.32306998945331719e+35,0,23,1,5.76460752303439872e+17,17,6,1,5.76460752302153728e+17,17,6,1,5.76460752303439872e+17,17,6,2,3.32306998945506446e+35,17,6,2,3.32306998945506446e+35,18,5,1,5.76460752303513600e+17
36,4,M_y_col_2,0,23,1,5.76460752303439872e+17,0,23,1,5.76460752303439872e+17,0,23,1,5.76460752303439872e+17,0,23,1,5.76460752303439872e+17,0,23,2,3.32306998946247858e+35,0,23,2,3.32306998946247858e+35,1,22,1,5.76460752303439872e+17
36,4,M_u_col_3,16,7,2,3.32306998945331719e+35,0,23,1,5.76460752303439872e+17,17,6,1,5.76460752302153728e+17,17,6,1,5.76460752303439872e+17,17,6,2,3.32306998945506446e+35,17,6,2,3.32306998945506446e+35,18,5,1,5.76460752303513600e+17
36,4,M_y_col_3,0,23,1,5.76460752303439872e+17,0,23,1,5.76460752303439872e+17,0,23,1,5.76460752303439872e+17,0,23,1,5.76460752303439872e+17,0,23,2,3.32306998946247858e+35,0,23,2,3.32306998946247858e+35,1,22,1,5.76460752303439872e+17
37,0,P_0,18,5,1,5.76460752303513600e+17,0,23,1,5.76460752303439872e+17,18,5,1,5.76460752303513600e+17,18,5,1,5.76460752303439872e+17,18,5,2,3.32306998946290359e+35,18,5,2,3.32306998946290359e+35,19,4,1,5.76460752303767552e+17
37,1,P_1,18,5,1,5.76460752303513600e+17,0,23,1,5.76460752303439872e+17,18,5,1,5.76460752303513600e+17,18,5,1,5.76460752303439872e+17,18,5,2,3.32306998946290359e+35,18,5,2,3.32306998946290359e+35,19,4,1,5.76460752303767552e+17
37,1,q_1_0,0,23,1,5.76460752303439872e+17,0,23,1,5.76460752303439872e+17,0,23,1,5.76460752303439872e+17,0,23,1,5.76460752303439872e+17,0,23,2,3.32306998946247858e+35,0,23,2,3.32306998946247858e+35,1,22,1,5.76460752303439872e+17
37,2,P_2,18,5,1,5.76460752303513600e+17,0,23,1,5.76460752303439872e+17,18,5,1,5.76460752303513600e+17,18,5,1,5.76460752303439872e+17,18,5,2,3.32306998946290359e+35,18,5,2,3.32306998946290359e+35,19,4,1,5.76460752303767552e+17
37,2,q_2_0,0,23,1,5.76460752303439872e+17,0,23,1,5.76460752303439872e+17,0,23,1,5.76460752303439872e+17,0,23,1,5.76460752303439872e+17,0,23,2,3.32306998946247858e+35,0,23,2,3.32306998946247858e+35,1,22,1,5.76460752303439872e+17
37,2,q_2_1,0,23,1,5.76460752303439872e+17,0,23,1,5.76460752303439872e+17,0,23,1,5.76460752303439872e+17,0,23,1,5.76460752303439872e+17,0,23,2,3.32306998946247858e+35,0,23,2,3.32306998946247858e+35,1,22,1,5.76460752303439872e+17
37,3,P_3,18,5,1,5.76460752303513600e+17,0,23,1,5.76460752303439872e+17,18,5,1,5.76460752303513600e+17,18,5,1,5.76460752303439872e+17,18,5,2,3.32306998946290359e+35,18,5,2,3.32306998946290359e+35,19,4,1,5.76460752303767552e+17
37,3,q_3_0,0,23,1,5.76460752303439872e+17,0,23,1,5.76460752303439872e+17,0,23,1,5.76460752303439872e+17,0,23,1,5.76460752303439872e+17,0,23,2,3.32306998946247858e+35,0,23,2,3.32306998946247858e+35,1,22,1,5.76460752303439872e+17
37,3,q_3_1,0,23,1,5.76460752303439872e+17,0,23,1,5.76460752303439872e+17,0,23,1,5.76460752303439872e+17,0,23,1,5.76460752303439872e+17,0,23,2,3.32306998946247858e+35,0,23,2,3.32306998946247858e+35,1,22,1,5.76460752303439872e+17
37,3,q_3_2,0,23,1,5.76460752303439872e+17,0,23,1,5.76460752303439872e+17,0,23,1,5.76460752303439872e+17,0,23,1,5.76460752303439872e+17,0,23,2,3.32306998946247858e+35,0,23,2,3.32306998946247858e+35,1,22,1,5.76460752303439872e+17
37,4,M_u_col_0,16,7,2,3.32306998945331719e+35,0,23,1,5.76460752303439872e+17,17,6,1,5.76460752302153728e+17,17,6,1,5.76460752303439872e+17,17,6,2,3.32306998945506446e+35,17,6,2,3.32306998945506446e+35,18,5,1,5.76460752303513600e+17
37,4,M_y_col_0,0,23,1,5.76460752303439872e+17,0,23,1,5.76460752303439872e+17,0,23,1,5.76460752303439872e+17,0,23,1,5.76460752303439872e+17,0,23,2,3.32306998946247858e+35,0,23,2,3.32306998946247858e+35,1,22,1,5.76460752303439872e+17
37,4,M_u_col_1,16,7,2,3.32306998945331719e+35,0,23,1,5.76460752303439872e+17,17,6,1,5.76460752302153728e+17,17,6,1,5.76460752303439872e+17,17,6,2,3.32306998945506446e+35,17,6,2,3.32306998945506446e+35,18,5,1,5.76460752303513600e+17
37,4,M_y_col_1,0,23,1,5.76460752303439872e+17,0,23,1,5.76460752303439872e+17,0,23,1,5.76460752303439872e+17,0,23,1,5.76460752303439872e+17,0,23,2,3.32306998946247858e+35,0,23,2,3.32306998946247858e+35,1,22,1,5.76460752303439872e+17
37,4,M_u_col_2,16,7,2,3.32306998945331719e+35,0,23,1,5.76460752303439872e+17,17,6,1,5.76460752302153728e+17,17,6,1,5.76460752303439872e+17,17,6,2,3.32306998945506446e+35,17,6,2,3.32306998945506446e+35,18,5,1,5.76460752303513600e+17
37,4,M_y_col_2,0,23,1,5.76460752303439872e+17,0,23,1,5.76460752303439872e+17,0,23,1,5.76460752303439872e+17,0,23,1,5.76460752303439872e+17,0,23,2,3.32306998946247858e+35,0,23,2,3.32306998946247858e+35,1,22,1,5.76460752303439872e+17
37,4,M_u_col_3,16,7,2,3.32306998945331719e+35,0,23,1,5.76460752303439872e+17,17,6,1,5.76460752302153728e+17,17,6,1,5.76460752303439872e+17,17,6,2,3.32306998945506446e+35,17,6,2,3.32306998945506446e+35,18,5,1,5.76460752303513600e+17
37,4,M_y_col_3,0,23,1,5.76460752303439872e+17,0,23,1,5.76460752303439872e+17,0,23,1,5.76460752303439872e+17,0,23,1,5.76460752303439872e+17,0,23,2,3.32306998946247858e+35,0,23,2,3.32306998946247858e+35,1,22,1,5.76460752303439872e+17
38,0,P_0,18,5,1,5.76460752303513600e+17,0,23,1,5.76460752303439872e+17,18,5,1,5.76460752303513600e+17,18,5,1,5.76460752303439872e+17,18,5,2,3.32306998946290359e+35,18,5,2,3.32306998946290359e+35,19,4,1,5.76460752303767552e+17
38,1,P_1,18,5,1,5.76460752303513600e+17,0,23,1,5.76460752303439872e+17,18,5,1,5.76460752303513600e+17,18,5,1,5.76460752303439872e+17,18,5,2,3.32306998946290359e+35,18,5,2,3.32306998946290359e+35,19,4,1,5.76460752303767552e+17
38,1,q_1_0,0,23,1,5.76460752303439872e+17,0,23,1,5.76460752303439872e+17,0,23,1,5.76460752303439872e+17,0,23,1,5.76460752303439872e+17,0,23,2,3.32306998946247858e+35,0,23,2,3.32306998946247858e+35,1,22,1,5.76460752303439872e+17
38,2,P_2,18,5,1,5.76460752303513600e+17,0,23,1,5.76460752303439872e+17,18,5,1,5.76460752303513600e+17,18,5,1,5.76460752303439872e+17,18,5,2,3.32306998946290359e+35,18,5,2,3.32306998946290359e+35,19,4,1,5.76460752303767552e+17
38,2,q_2_0,0,23,1,5.76460752303439872e+17,0,23,1,5.76460752303439872e+17,0,23,1,5.76460752303439872e+17,0,23,1,5.76460752303439872e+17,0,23,2,3.32306998946247858e+35,0,23,2,3.32306998946247858e+35,1,22,1,5.76460752303439872e+17
38,2,q_2_1,0,23,1,5.76460752303439872e+17,0,23,1,5.76460752303439872e+17,0,23,1,5.76460752303439872e+17,0,23,1,5.76460752303439872e+17,0,23,2,3.32306998946247858e+35,0,23,2,3.32306998946247858e+35,1,22,1,5.76460752303439872e+17
38,3,P_3,18,5,1,5.76460752303513600e+17,0,23,1,5.76460752303439872e+17,18,5,1,5.76460752303513600e+17,18,5,1,5.76460752303439872e+17,18,5,2,3.32306998946290359e+35,18,5,2,3.32306998946290359e+35,19,4,1,5.76460752303767552e+17
38,3,q_3_0,0,23,1,5.76460752303439872e+17,0,23,1,5.76460752303439872e+17,0,23,1,5.76460752303439872e+17,0,23,1,5.76460752303439872e+17,0,23,2,3.32306998946247858e+35,0,23,2,3.32306998946247858e+35,1,22,1,5.76460752303439872e+17
38,3,q_3_1,0,23,1,5.76460752303439872e+17,0,23,1,5.76460752303439872e+17,0,23,1,5.76460752303439872e+17,0,23,1,5.76460752303439872e+17,0,23,2,3.32306998946247858e+35,0,23,2,3.32306998946247858e+35,1,22,1,5.76460752303439872e+17
38,3,q_3_2,0,23,1,5.76460752303439872e+17,0,23,1,5.76460752303439872e+17,0,23,1,5.76460752303439872e+17,0,23,1,5.76460752303439872e+17,0,23,2,3.32306998946247858e+35,0,23,2,3.32306998946247858e+35,1,22,1,5.76460752303439872e+17
38,4,M_u_col_0,16,7,2,3.32306998945331719e+35,0,23,1,5.76460752303439872e+17,17,6,1,5.76460752302153728e+17,17,6,1,5.76460752303439872e+17,17,6,2,3.32306998945506446e+35,17,6,2,3.32306998945506446e+35,18,5,1,5.76460752303513600e+17
38,4,M_y_col_0,0,23,1,5.76460752303439872e+17,0,23,1,5.76460752303439872e+17,0,23,1,5.76460752303439872e+17,0,23,1,5.76460752303439872e+17,0,23,2,3.32306998946247858e+35,0,23,2,3.32306998946247858e+35,1,22,1,5.76460752303439872e+17
38,4,M_u_col_1,16,7,2,3.32306998945331719e+35,0,23,1,5.76460752303439872e+17,17,6,1,5.76460752302153728e+17,17,6,1,5.76460752303439872e+17,17,6,2,3.32306998945506446e+35,17,6,2,3.32306998945506446e+35,18,5,1,5.76460752303513600e+17
38,4,M_y_col_1,0,23,1,5.76460752303439872e+17,0,23,1,5.76460752303439872e+17,0,23,1,5.76460752303439872e+17,0,23,1,5.76460752303439872e+17,0,23,2,3.32306998946247858e+35,0,23,2,3.32306998946247858e+35,1,22,1,5.76460752303439872e+17
38,4,M_u_col_2,16,7,2,3.32306998945331719e+35,0,23,1,5.76460752303439872e+17,17,6,1,5.76460752302153728e+17,17,6,1,5.76460752303439872e+17,17,6,2,3.32306998945506446e+35,17,6,2,3.32306998945506446e+35,18,5,1,5.76460752303513600e+17
38,4,M_y_col_2,0,23,1,5.76460752303439872e+17,0,23,1,5.76460752303439872e+17,0,23,1,5.76460752303439872e+17,0,23,1,5.76460752303439872e+17,0,23,2,3.32306998946247858e+35,0,23,2,3.32306998946247858e+35,1,22,1,5.76460752303439872e+17
38,4,M_u_col_3,16,7,2,3.32306998945331719e+35,0,23,1,5.76460752303439872e+17,17,6,1,5.76460752302153728e+17,17,6,1,5.76460752303439872e+17,17,6,2,3.32306998945506446e+35,17,6,2,3.32306998945506446e+35,18,5,1,5.76460752303513600e+17
38,4,M_y_col_3,0,23,1,5.76460752303439872e+17,0,23,1,5.76460752303439872e+17,0,23,1,5.76460752303439872e+17,0,23,1,5.76460752303439872e+17,0,23,2,3.32306998946247858e+35,0,23,2,3.32306998946247858e+35,1,22,1,5.76460752303439872e+17
39,0,P_0,18,5,1,5.76460752303513600e+17,0,23,1,5.76460752303439872e+17,18,5,1,5.76460752303513600e+17,18,5,1,5.76460752303439872e+17,18,5,2,3.32306998946290359e+35,18,5,2,3.32306998946290359e+35,19,4,1,5.76460752303767552e+17
39,1,P_1,18,5,1,5.76460752303513600e+17,0,23,1,5.76460752303439872e+17,18,5,1,5.76460752303513600e+17,18,5,1,5.76460752303439872e+17,18,5,2,3.32306998946290359e+35,18,5,2,3.32306998946290359e+35,19,4,1,5.76460752303767552e+17
39,1,q_1_0,0,23,1,5.76460752303439872e+17,0,23,1,5.76460752303439872e+17,0,23,1,5.76460752303439872e+17,0,23,1,5.76460752303439872e+17,0,23,2,3.32306998946247858e+35,0,23,2,3.32306998946247858e+35,1,22,1,5.76460752303439872e+17
39,2,P_2,18,5,1,5.76460752303513600e+17,0,23,1,5.76460752303439872e+17,18,5,1,5.76460752303513600e+17,18,5,1,5.76460752303439872e+17,18,5,2,3.32306998946290359e+35,18,5,2,3.32306998946290359e+35,19,4,1,5.76460752303767552e+17
39,2,q_2_0,0,23,1,5.76460752303439872e+17,0,23,1,5.76460752303439872e+17,0,23,1,5.76460752303439872e+17,0,23,1,5.76460752303439872e+17,0,23,2,3.32306998946247858e+35,0,23,2,3.32306998946247858e+35,1,22,1,5.76460752303439872e+17
39,2,q_2_1,0,23,1,5.76460752303439872e+17,0,23,1,5.76460752303439872e+17,0,23,1,5.76460752303439872e+17,0,23,1,5.76460752303439872e+17,0,23,2,3.32306998946247858e+35,0,23,2,3.32306998946247858e+35,1,22,1,5.76460752303439872e+17
39,3,P_3,18,5,1,5.76460752303513600e+17,0,23,1,5.76460752303439872e+17,18,5,1,5.76460752303513600e+17,18,5,1,5.76460752303439872e+17,18,5,2,3.32306998946290359e+35,18,5,2,3.32306998946290359e+35,19,4,1,5.76460752303767552e+17
39,3,q_3_0,0,23,1,5.76460752303439872e+17,0,23,1,5.76460752303439872e+17,0,23,1,5.76460752303439872e+17,0,23,1,5.76460752303439872e+17,0,23,2,3.32306998946247858e+35,0,23,2,3.32306998946247858e+35,1,22,1,5.76460752303439872e+17
39,3,q_3_1,0,23,1,5.76460752303439872e+17,0,23,1,5.76460752303439872e+17,0,23,1,5.76460752303439872e+17,0,23,1,5.76460752303439872e+17,0,23,2,3.32306998946247858e+35,0,23,2,3.32306998946247858e+35,1,22,1,5.76460752303439872e+17
39,3,q_3_2,0,23,1,5.76460752303439872e+17,0,23,1,5.76460752303439872e+17,0,23,1,5.76460752303439872e+17,0,23,1,5.76460752303439872e+17,0,23,2,3.32306998946247858e+35,0,23,2,3.32306998946247858e+35,1,22,1,5.76460752303439872e+17
39,4,M_u_col_0,16,7,2,3.32306998945331719e+35,0,23,1,5.76460752303439872e+17,17,6,1,5.76460752302153728e+17,17,6,1,5.76460752303439872e+17,17,6,2,3.32306998945506446e+35,17,6,2,3.32306998945506446e+35,18,5,1,5.76460752303513600e+17
39,4,M_y_col_0,0,23,1,5.76460752303439872e+17,0,23,1,5.76460752303439872e+17,0,23,1,5.76460752303439872e+17,0,23,1,5.76460752303439872e+17,0,23,2,3.32306998946247858e+35,0,23,2,3.32306998946247858e+35,1,22,1,5.76460752303439872e+17
39,4,M_u_col_1,16,7,2,3.32306998945331719e+35,0,23,1,5.76460752303439872e+17,17,6,1,5.76460752302153728e+17,17,6,1,5.76460752303439872e+17,17,6,2,3.32306998945506446e+35,17,6,2,3.32306998945506446e+35,18,5,1,5.76460752303513600e+17
39,4,M_y_col_1,0,23,1,5.76460752303439872e+17,0,23,1,5.76460752303439872e+17,0,23,1,5.76460752303439872e+17,0,23,1,5.76460752303439872e+17,0,23,2,3.32306998946247858e+35,0,23,2,3.32306998946247858e+35,1,22,1,5.76460752303439872e+17
39,4,M_u_col_2,16,7,2,3.32306998945331719e+35,0,23,1,5.76460752303439872e+17,17,6,1,5.76460752302153728e+17,17,6,1,5.76460752303439872e+17,17,6,2,3.32306998945506446e+35,17,6,2,3.32306998945506446e+35,18,5,1,5.76460752303513600e+17
39,4,M_y_col_2,0,23,1,5.76460752303439872e+17,0,23,1,5.76460752303439872e+17,0,23,1,5.76460752303439872e+17,0,23,1,5.76460752303439872e+17,0,23,2,3.32306998946247858e+35,0,23,2,3.32306998946247858e+35,1,22,1,5.76460752303439872e+17
39,4,M_u_col_3,16,7,2,3.32306998945331719e+35,0,23,1,5.76460752303439872e+17,17,6,1,5.76460752302153728e+17,17,6,1,5.76460752303439872e+17,17,6,2,3.32306998945506446e+35,17,6,2,3.32306998945506446e+35,18,5,1,5.76460752303513600e+17
39,4,M_y_col_3,0,23,1,5.76460752303439872e+17,0,23,1,5.76460752303439872e+17,0,23,1,5.76460752303439872e+17,0,23,1,5.76460752303439872e+17,0,23,2,3.32306998946247858e+35,0,23,2,3.32306998946247858e+35,1,22,1,5.76460752303439872e+17
40,0,P_0,18,5,1,5.76460752303513600e+17,0,23,1,5.76460752303439872e+17,18,5,1,5.76460752303513600e+17,18,5,1,5.76460752303439872e+17,18,5,2,3.32306998946290359e+35,18,5,2,3.32306998946290359e+35,19,4,1,5.76460752303767552e+17
40,1,P_1,18,5,1,5.76460752303513600e+17,0,23,1,5.76460752303439872e+17,18,5,1,5.76460752303513600e+17,18,5,1,5.76460752303439872e+17,18,5,2,3.32306998946290359e+35,18,5,2,3.32306998946290359e+35,19,4,1,5.76460752303767552e+17
40,1,q_1_0,0,23,1,5.76460752303439872e+17,0,23,1,5.76460752303439872e+17,0,23,1,5.76460752303439872e+17,0,23,1,5.76460752303439872e+17,0,23,2,3.32306998946247858e+35,0,23,2,3.32306998946247858e+35,1,22,1,5.76460752303439872e+17
40,2,P_2,18,5,1,5.76460752303513600e+17,0,23,1,5.76460752303439872e+17,18,5,1,5.76460752303513600e+17,18,5,1,5.76460752303439872e+17,18,5,2,3.32306998946290359e+35,18,5,2,3.32306998946290359e+35,19,4,1,5.76460752303767552e+17
40,2,q_2_0,0,23,1,5.76460752303439872e+17,0,23,1,5.76460752303439872e+17,0,23,1,5.76460752303439872e+17,0,23,1,5.76460752303439872e+17,0,23,2,3.32306998946247858e+35,0,23,2,3.32306998946247858e+35,1,22,1,5.76460752303439872e+17
40,2,q_2_1,0,23,1,5.76460752303439872e+17,0,23,1,5.76460752303439872e+17,0,23,1,5.76460752303439872e+17,0,23,1,5.76460752303439872e+17,0,23,2,3.32306998946247858e+35,0,23,2,3.32306998946247858e+35,1,22,1,5.76460752303439872e+17
40,3,P_3,18,5,1,5.76460752303513600e+17,0,23,1,5.76460752303439872e+17,18,5,1,5.76460752303513600e+17,18,5,1,5.76460752303439872e+17,18,5,2,3.32306998946290359e+35,18,5,2,3.32306998946290359e+35,19,4,1,5.76460752303767552e+17
40,3,q_3_0,0,23,1,5.76460752303439872e+17,0,23,1,5.76460752303439872e+17,0,23,1,5.76460752303439872e+17,0,23,1,5.76460752303439872e+17,0,23,2,3.32306998946247858e+35,0,23,2,3.32306998946247858e+35,1,22,1,5.76460752303439872e+17
40,3,q_3_1,0,23,1,5.76460752303439872e+17,0,23,1,5.76460752303439872e+17,0,23,1,5.76460752303439872e+17,0,23,1,5.76460752303439872e+17,0,23,2,3.32306998946247858e+35,0,23,2,3.32306998946247858e+35,1,22,1,5.76460752303439872e+17
40,3,q_3_2,0,23,1,5.76460752303439872e+17,0,23,1,5.76460752303439872e+17,0,23,1,5.76460752303439872e+17,0,23,1,5.76460752303439872e+17,0,23,2,3.32306998946247858e+35,0,23,2,3.32306998946247858e+35,1,22,1,5.76460752303439872e+17
40,4,M_u_col_0,16,7,2,3.32306998945331719e+35,0,23,1,5.76460752303439872e+17,17,6,1,5.76460752302153728e+17,17,6,1,5.76460752303439872e+17,17,6,2,3.32306998945506446e+35,17,6,2,3.32306998945506446e+35,18,5,1,5.76460752303513600e+17
40,4,M_y_col_0,0,23,1,5.76460752303439872e+17,0,23,1,5.76460752303439872e+17,0,23,1,5.76460752303439872e+17,0,23,1,5.76460752303439872e+17,0,23,2,3.32306998946247858e+35,0,23,2,3.32306998946247858e+35,1,22,1,5.76460752303439872e+17
40,4,M_u_col_1,16,7,2,3.32306998945331719e+35,0,23,1,5.76460752303439872e+17,17,6,1,5.76460752302153728e+17,17,6,1,5.76460752303439872e+17,17,6,2,3.32306998945506446e+35,17,6,2,3.32306998945506446e+35,18,5,1,5.76460752303513600e+17
40,4,M_y_col_1,0,23,1,5.76460752303439872e+17,0,23,1,5.76460752303439872e+17,0,23,1,5.76460752303439872e+17,0,23,1,5.76460752303439872e+17,0,23,2,3.32306998946247858e+35,0,23,2,3.32306998946247858e+35,1,22,1,5.76460752303439872e+17
40,4,M_u_col_2,16,7,2,3.32306998945331719e+35,0,23,1,5.76460752303439872e+17,17,6,1,5.76460752302153728e+17,17,6,1,5.76460752303439872e+17,17,6,2,3.32306998945506446e+35,17,6,2,3.32306998945506446e+35,18,5,1,5.76460752303513600e+17
40,4,M_y_col_2,0,23,1,5.76460752303439872e+17,0,23,1,5.76460752303439872e+17,0,23,1,5.76460752303439872e+17,0,23,1,5.76460752303439872e+17,0,23,2,3.32306998946247858e+35,0,23,2,3.32306998946247858e+35,1,22,1,5.76460752303439872e+17
40,4,M_u_col_3,16,7,2,3.32306998945331719e+35,0,23,1,5.76460752303439872e+17,17,6,1,5.76460752302153728e+17,17,6,1,5.76460752303439872e+17,17,6,2,3.32306998945506446e+35,17,6,2,3.32306998945506446e+35,18,5,1,5.76460752303513600e+17
40,4,M_y_col_3,0,23,1,5.76460752303439872e+17,0,23,1,5.76460752303439872e+17,0,23,1,5.76460752303439872e+17,0,23,1,5.76460752303439872e+17,0,23,2,3.32306998946247858e+35,0,23,2,3.32306998946247858e+35,1,22,1,5.76460752303439872e+17
41,0,P_0,18,5,1,5.76460752303513600e+17,0,23,1,5.76460752303439872e+17,18,5,1,5.76460752303513600e+17,18,5,1,5.76460752303439872e+17,18,5,2,3.32306998946290359e+35,18,5,2,3.32306998946290359e+35,19,4,1,5.76460752303767552e+17
41,1,P_1,18,5,1,5.76460752303513600e+17,0,23,1,5.76460752303439872e+17,18,5,1,5.76460752303513600e+17,18,5,1,5.76460752303439872e+17,18,5,2,3.32306998946290359e+35,18,5,2,3.32306998946290359e+35,19,4,1,5.76460752303767552e+17
41,1,q_1_0,0,23,1,5.76460752303439872e+17,0,23,1,5.76460752303439872e+17,0,23,1,5.76460752303439872e+17,0,23,1,5.76460752303439872e+17,0,23,2,3.32306998946247858e+35,0,23,2,3.32306998946247858e+35,1,22,1,5.76460752303439872e+17
41,2,P_2,18,5,1,5.76460752303513600e+17,0,23,1,5.76460752303439872e+17,18,5,1,5.76460752303513600e+17,18,5,1,5.76460752303439872e+17,18,5,2,3.32306998946290359e+35,18,5,2,3.32306998946290359e+35,19,4,1,5.76460752303767552e+17
41,2,q_2_0,0,23,1,5.76460752303439872e+17,0,23,1,5.76460752303439872e+17,0,23,1,5.76460752303439872e+17,0,23,1,5.76460752303439872e+17,0,23,2,3.32306998946247858e+35,0,23,2,3.32306998946247858e+35,1,22,1,5.76460752303439872e+17
41,2,q_2_1,0,23,1,5.76460752303439872e+17,0,23,1,5.76460752303439872e+17,0,23,1,5.76460752303439872e+17,0,23,1,5.76460752303439872e+17,0,23,2,3.32306998946247858e+35,0,23,2,3.32306998946247858e+35,1,22,1,5.76460752303439872e+17
41,3,P_3,18,5,1,5.76460752303513600e+17,0,23,1,5.76460752303439872e+17,18,5,1,5.76460752303513600e+17,18,5,1,5.76460752303439872e+17,18,5,2,3.32306998946290359e+35,18,5,2,3.32306998946290359e+35,19,4,1,5.76460752303767552e+17
41,3,q_3_0,0,23,1,5.76460752303439872e+17,0,23,1,5.76460752303439872e+17,0,23,1,5.76460752303439872e+17,0,23,1,5.76460752303439872e+17,0,23,2,3.32306998946247858e+35,0,23,2,3.32306998946247858e+35,1,22,1,5.76460752303439872e+17
41,3,q_3_1,0,23,1,5.76460752303439872e+17,0,23,1,5.76460752303439872e+17,0,23,1,5.76460752303439872e+17,0,23,1,5.76460752303439872e+17,0,23,2,3.32306998946247858e+35,0,23,2,3.32306998946247858e+35,1,22,1,5.76460752303439872e+17
41,3,q_3_2,0,23,1,5.76460752303439872e+17,0,23,1,5.76460752303439872e+17,0,23,1,5.76460752303439872e+17,0,23,1,5.76460752303439872e+17,0,23,2,3.32306998946247858e+35,0,23,2,3.32306998946247858e+35,1,22,1,5.76460752303439872e+17
41,4,M_u_col_0,16,7,2,3.32306998945331719e+35,0,23,1,5.76460752303439872e+17,17,6,1,5.76460752302153728e+17,17,6,1,5.76460752303439872e+17,17,6,2,3.32306998945506446e+35,17,6,2,3.32306998945506446e+35,18,5,1,5.76460752303513600e+17
41,4,M_y_col_0,0,23,1,5.76460752303439872e+17,0,23,1,5.76460752303439872e+17,0,23,1,5.76460752303439872e+17,0,23,1,5.76460752303439872e+17,0,23,2,3.32306998946247858e+35,0,23,2,3.32306998946247858e+35,1,22,1,5.76460752303439872e+17
41,4,M_u_col_1,16,7,2,3.32306998945331719e+35,0,23,1,5.76460752303439872e+17,17,6,1,5.76460752302153728e+17,17,6,1,5.76460752303439872e+17,17,6,2,3.32306998945506446e+35,17,6,2,3.32306998945506446e+35,18,5,1,5.76460752303513600e+17
41,4,M_y_col_1,0,23,1,5.76460752303439872e+17,0,23,1,5.76460752303439872e+17,0,23,1,5.76460752303439872e+17,0,23,1,5.76460752303439872e+17,0,23,2,3.32306998946247858e+35,0,23,2,3.32306998946247858e+35,1,22,1,5.76460752303439872e+17
41,4,M_u_col_2,16,7,2,3.32306998945331719e+35,0,23,1,5.76460752303439872e+17,17,6,1,5.76460752302153728e+17,17,6,1,5.76460752303439872e+17,17,6,2,3.32306998945506446e+35,17,6,2,3.32306998945506446e+35,18,5,1,5.76460752303513600e+17
41,4,M_y_col_2,0,23,1,5.76460752303439872e+17,0,23,1,5.76460752303439872e+17,0,23,1,5.76460752303439872e+17,0,23,1,5.76460752303439872e+17,0,23,2,3.32306998946247858e+35,0,23,2,3.32306998946247858e+35,1,22,1,5.76460752303439872e+17
41,4,M_u_col_3,16,7,2,3.32306998945331719e+35,0,23,1,5.76460752303439872e+17,17,6,1,5.76460752302153728e+17,17,6,1,5.76460752303439872e+17,17,6,2,3.32306998945506446e+35,17,6,2,3.32306998945506446e+35,18,5,1,5.76460752303513600e+17
41,4,M_y_col_3,0,23,1,5.76460752303439872e+17,0,23,1,5.76460752303439872e+17,0,23,1,5.76460752303439872e+17,0,23,1,5.76460752303439872e+17,0,23,2,3.32306998946247858e+35,0,23,2,3.32306998946247858e+35,1,22,1,5.76460752303439872e+17
42,0,P_0,18,5,1,5.76460752303513600e+17,0,23,1,5.76460752303439872e+17,18,5,1,5.76460752303513600e+17,18,5,1,5.76460752303439872e+17,18,5,2,3.32306998946290359e+35,18,5,2,3.32306998946290359e+35,19,4,1,5.76460752303767552e+17
42,1,P_1,18,5,1,5.76460752303513600e+17,0,23,1,5.76460752303439872e+17,18,5,1,5.76460752303513600e+17,18,5,1,5.76460752303439872e+17,18,5,2,3.32306998946290359e+35,18,5,2,3.32306998946290359e+35,19,4,1,5.76460752303767552e+17
42,1,q_1_0,0,23,1,5.76460752303439872e+17,0,23,1,5.76460752303439872e+17,0,23,1,5.76460752303439872e+17,0,23,1,5.76460752303439872e+17,0,23,2,3.32306998946247858e+35,0,23,2,3.32306998946247858e+35,1,22,1,5.76460752303439872e+17
42,2,P_2,18,5,1,5.76460752303513600e+17,0,23,1,5.76460752303439872e+17,18,5,1,5.76460752303513600e+17,18,5,1,5.76460752303439872e+17,18,5,2,3.32306998946290359e+35,18,5,2,3.32306998946290359e+35,19,4,1,5.76460752303767552e+17
42,2,q_2_0,0,23,1,5.76460752303439872e+17,0,23,1,5.76460752303439872e+17,0,23,1,5.76460752303439872e+17,0,23,1,5.76460752303439872e+17,0,23,2,3.32306998946247858e+35,0,23,2,3.32306998946247858e+35,1,22,1,5.76460752303439872e+17
42,2,q_2_1,0,23,1,5.76460752303439872e+17,0,23,1,5.76460752303439872e+17,0,23,1,5.76460752303439872e+17,0,23,1,5.76460752303439872e+17,0,23,2,3.32306998946247858e+35,0,23,2,3.32306998946247858e+35,1,22,1,5.76460752303439872e+17
42,3,P_3,18,5,1,5.76460752303513600e+17,0,23,1,5.76460752303439872e+17,18,5,1,5.76460752303513600e+17,18,5,1,5.76460752303439872e+17,18,5,2,3.32306998946290359e+35,18,5,2,3.32306998946290359e+35,19,4,1,5.76460752303767552e+17
42,3,q_3_0,0,23,1,5.76460752303439872e+17,0,23,1,5.76460752303439872e+17,0,23,1,5.76460752303439872e+17,0,23,1,5.76460752303439872e+17,0,23,2,3.32306998946247858e+35,0,23,2,3.32306998946247858e+35,1,22,1,5.76460752303439872e+17
42,3,q_3_1,0,23,1,5.76460752303439872e+17,0,23,1,5.76460752303439872e+17,0,23,1,5.76460752303439872e+17,0,23,1,5.76460752303439872e+17,0,23,2,3.32306998946247858e+35,0,23,2,3.32306998946247858e+35,1,22,1,5.76460752303439872e+17
42,3,q_3_2,0,23,1,5.76460752303439872e+17,0,23,1,5.76460752303439872e+17,0,23,1,5.76460752303439872e+17,0,23,1,5.76460752303439872e+17,0,23,2,3.32306998946247858e+35,0,23,2,3.32306998946247858e+35,1,22,1,5.76460752303439872e+17
42,4,M_u_col_0,16,7,2,3.32306998945331719e+35,0,23,1,5.76460752303439872e+17,17,6,1,5.76460752302153728e+17,17,6,1,5.76460752303439872e+17,17,6,2,3.32306998945506446e+35,17,6,2,3.32306998945506446e+35,18,5,1,5.76460752303513600e+17
42,4,M_y_col_0,0,23,1,5.76460752303439872e+17,0,23,1,5.76460752303439872e+17,0,23,1,5.76460752303439872e+17,0,23,1,5.76460752303439872e+17,0,23,2,3.32306998946247858e+35,0,23,2,3.32306998946247858e+35,1,22,1,5.76460752303439872e+17
42,4,M_u_col_1,16,7,2,3.32306998945331719e+35,0,23,1,5.76460752303439872e+17,17,6,1,5.76460752302153728e+17,17,6,1,5.76460752303439872e+17,17,6,2,3.32306998945506446e+35,17,6,2,3.32306998945506446e+35,18,5,1,5.76460752303513600e+17
42,4,M_y_col_1,0,23,1,5.76460752303439872e+17,0,23,1,5.76460752303439872e+17,0,23,1,5.76460752303439872e+17,0,23,1,5.76460752303439872e+17,0,23,2,3.32306998946247858e+35,0,23,2,3.32306998946247858e+35,1,22,1,5.76460752303439872e+17
42,4,M_u_col_2,16,7,2,3.32306998945331719e+35,0,23,1,5.76460752303439872e+17,17,6,1,5.76460752302153728e+17,17,6,1,5.76460752303439872e+17,17,6,2,3.32306998945506446e+35,17,6,2,3.32306998945506446e+35,18,5,1,5.76460752303513600e+17
42,4,M_y_col_2,0,23,1,5.76460752303439872e+17,0,23,1,5.76460752303439872e+17,0,23,1,5.76460752303439872e+17,0,23,1,5.76460752303439872e+17,0,23,2,3.32306998946247858e+35,0,23,2,3.32306998946247858e+35,1,22,1,5.76460752303439872e+17
42,4,M_u_col_3,16,7,2,3.32306998945331719e+35,0,23,1,5.76460752303439872e+17,17,6,1,5.76460752302153728e+17,17,6,1,5.76460752303439872e+17,17,6,2,3.32306998945506446e+35,17,6,2,3.32306998945506446e+35,18,5,1,5.76460752303513600e+17
42,4,M_y_col_3,0,23,1,5.76460752303439872e+17,0,23,1,5.76460752303439872e+17,0,23,1,5.76460752303439872e+17,0,23,1,5.76460752303439872e+17,0,23,2,3.32306998946247858e+35,0,23,2,3.32306998946247858e+35,1,22,1,5.76460752303439872e+17
43,0,P_0,18,5,1,5.76460752303513600e+17,0,23,1,5.76460752303439872e+17,18,5,1,5.76460752303513600e+17,18,5,1,5.76460752303439872e+17,18,5,2,3.32306998946290359e+35,18,5,2,3.32306998946290359e+35,19,4,1,5.76460752303767552e+17
43,1,P_1,18,5,1,5.76460752303513600e+17,0,23,1,5.76460752303439872e+17,18,5,1,5.76460752303513600e+17,18,5,1,5.76460752303439872e+17,18,5,2,3.32306998946290359e+35,18,5,2,3.32306998946290359e+35,19,4,1,5.76460752303767552e+17
43,1,q_1_0,0,23,1,5.76460752303439872e+17,0,23,1,5.76460752303439872e+17,0,23,1,5.76460752303439872e+17,0,23,1,5.76460752303439872e+17,0,23,2,3.32306998946247858e+35,0,23,2,3.32306998946247858e+35,1,22,1,5.76460752303439872e+17
43,2,P_2,18,5,1,5.76460752303513600e+17,0,23,1,5.76460752303439872e+17,18,5,1,5.76460752303513600e+17,18,5,1,5.76460752303439872e+17,18,5,2,3.32306998946290359e+35,18,5,2,3.32306998946290359e+35,19,4,1,5.76460752303767552e+17
43,2,q_2_0,0,23,1,5.76460752303439872e+17,0,23,1,5.76460752303439872e+17,0,23,1,5.76460752303439872e+17,0,23,1,5.76460752303439872e+17,0,23,2,3.32306998946247858e+35,0,23,2,3.32306998946247858e+35,1,22,1,5.76460752303439872e+17
43,2,q_2_1,0,23,1,5.76460752303439872e+17,0,23,1,5.76460752303439872e+17,0,23,1,5.76460752303439872e+17,0,23,1,5.76460752303439872e+17,0,23,2,3.32306998946247858e+35,0,23,2,3.32306998946247858e+35,1,22,1,5.76460752303439872e+17
43,3,P_3,18,5,1,5.76460752303513600e+17,0,23,1,5.76460752303439872e+17,18,5,1,5.76460752303513600e+17,18,5,1,5.76460752303439872e+17,18,5,2,3.32306998946290359e+35,18,5,2,3.32306998946290359e+35,19,4,1,5.76460752303767552e+17
43,3,q_3_0,0,23,1,5.76460752303439872e+17,0,23,1,5.76460752303439872e+17,0,23,1,5.76460752303439872e+17,0,23,1,5.76460752303439872e+17,0,23,2,3.32306998946247858e+35,0,23,2,3.32306998946247858e+35,1,22,1,5.76460752303439872e+17
43,3,q_3_1,0,23,1,5.76460752303439872e+17,0,23,1,5.76460752303439872e+17,0,23,1,5.76460752303439872e+17,0,23,1,5.76460752303439872e+17,0,23,2,3.32306998946247858e+35,0,23,2,3.32306998946247858e+35,1,22,1,5.76460752303439872e+17
43,3,q_3_2,0,23,1,5.76460752303439872e+17,0,23,1,5.76460752303439872e+17,0,23,1,5.76460752303439872e+17,0,23,1,5.76460752303439872e+17,0,23,2,3.32306998946247858e+35,0,23,2,3.32306998946247858e+35,1,22,1,5.76460752303439872e+17
43,4,M_u_col_0,16,7,2,3.32306998945331719e+35,0,23,1,5.76460752303439872e+17,17,6,1,5.76460752302153728e+17,17,6,1,5.76460752303439872e+17,17,6,2,3.32306998945506446e+35,17,6,2,3.32306998945506446e+35,18,5,1,5.76460752303513600e+17
43,4,M_y_col_0,0,23,1,5.76460752303439872e+17,0,23,1,5.76460752303439872e+17,0,23,1,5.76460752303439872e+17,0,23,1,5.76460752303439872e+17,0,23,2,3.32306998946247858e+35,0,23,2,3.32306998946247858e+35,1,22,1,5.76460752303439872e+17
43,4,M_u_col_1,16,7,2,3.32306998945331719e+35,0,23,1,5.76460752303439872e+17,17,6,1,5.76460752302153728e+17,17,6,1,5.76460752303439872e+17,17,6,2,3.32306998945506446e+35,17,6,2,3.32306998945506446e+35,18,5,1,5.76460752303513600e+17
43,4,M_y_col_1,0,23,1,5.76460752303439872e+17,0,23,1,5.76460752303439872e+17,0,23,1,5.76460752303439872e+17,0,23,1,5.76460752303439872e+17,0,23,2,3.32306998946247858e+35,0,23,2,3.32306998946247858e+35,1,22,1,5.76460752303439872e+17
43,4,M_u_col_2,16,7,2,3.32306998945331719e+35,0,23,1,5.76460752303439872e+17,17,6,1,5.76460752302153728e+17,17,6,1,5.76460752303439872e+17,17,6,2,3.32306998945506446e+35,17,6,2,3.32306998945506446e+35,18,5,1,5.76460752303513600e+17
43,4,M_y_col_2,0,23,1,5.76460752303439872e+17,0,23,1,5.76460752303439872e+17,0,23,1,5.76460752303439872e+17,0,23,1,5.76460752303439872e+17,0,23,2,3.32306998946247858e+35,0,23,2,3.32306998946247858e+35,1,22,1,5.76460752303439872e+17
43,4,M_u_col_3,16,7,2,3.32306998945331719e+35,0,23,1,5.76460752303439872e+17,17,6,1,5.76460752302153728e+17,17,6,1,5.76460752303439872e+17,17,6,2,3.32306998945506446e+35,17,6,2,3.32306998945506446e+35,18,5,1,5.76460752303513600e+17
43,4,M_y_col_3,0,23,1,5.76460752303439872e+17,0,23,1,5.76460752303439872e+17,0,23,1,5.76460752303439872e+17,0,23,1,5.76460752303439872e+17,0,23,2,3.32306998946247858e+35,0,23,2,3.32306998946247858e+35,1,22,1,5.76460752303439872e+17
44,0,P_0,18,5,1,5.76460752303513600e+17,0,23,1,5.76460752303439872e+17,18,5,1,5.76460752303513600e+17,18,5,1,5.76460752303439872e+17,18,5,2,3.32306998946290359e+35,18,5,2,3.32306998946290359e+35,19,4,1,5.76460752303767552e+17
44,1,P_1,18,5,1,5.76460752303513600e+17,0,23,1,5.76460752303439872e+17,18,5,1,5.76460752303513600e+17,18,5,1,5.76460752303439872e+17,18,5,2,3.32306998946290359e+35,18,5,2,3.32306998946290359e+35,19,4,1,5.76460752303767552e+17
44,1,q_1_0,0,23,1,5.76460752303439872e+17,0,23,1,5.76460752303439872e+17,0,23,1,5.76460752303439872e+17,0,23,1,5.76460752303439872e+17,0,23,2,3.32306998946247858e+35,0,23,2,3.32306998946247858e+35,1,22,1,5.76460752303439872e+17
44,2,P_2,18,5,1,5.76460752303513600e+17,0,23,1,5.76460752303439872e+17,18,5,1,5.76460752303513600e+17,18,5,1,5.76460752303439872e+17,18,5,2,3.32306998946290359e+35,18,5,2,3.32306998946290359e+35,19,4,1,5.76460752303767552e+17
44,2,q_2_0,0,23,1,5.76460752303439872e+17,0,23,1,5.76460752303439872e+17,0,23,1,5.76460752303439872e+17,0,23,1,5.76460752303439872e+17,0,23,2,3.32306998946247858e+35,0,23,2,3.32306998946247858e+35,1,22,1,5.76460752303439872e+17
44,2,q_2_1,0,23,1,5.76460752303439872e+17,0,23,1,5.76460752303439872e+17,0,23,1,5.76460752303439872e+17,0,23,1,5.76460752303439872e+17,0,23,2,3.32306998946247858e+35,0,23,2,3.32306998946247858e+35,1,22,1,5.76460752303439872e+17
44,3,P_3,18,5,1,5.76460752303513600e+17,0,23,1,5.76460752303439872e+17,18,5,1,5.76460752303513600e+17,18,5,1,5.76460752303439872e+17,18,5,2,3.32306998946290359e+35,18,5,2,3.32306998946290359e+35,19,4,1,5.76460752303767552e+17
44,3,q_3_0,0,23,1,5.76460752303439872e+17,0,23,1,5.76460752303439872e+17,0,23,1,5.76460752303439872e+17,0,23,1,5.76460752303439872e+17,0,23,2,3.32306998946247858e+35,0,23,2,3.32306998946247858e+35,1,22,1,5.76460752303439872e+17
44,3,q_3_1,0,23,1,5.76460752303439872e+17,0,23,1,5.76460752303439872e+17,0,23,1,5.76460752303439872e+17,0,23,1,5.76460752303439872e+17,0,23,2,3.32306998946247858e+35,0,23,2,3.32306998946247858e+35,1,22,1,5.76460752303439872e+17
44,3,q_3_2,0,23,1,5.76460752303439872e+17,0,23,1,5.76460752303439872e+17,0,23,1,5.76460752303439872e+17,0,23,1,5.76460752303439872e+17,0,23,2,3.32306998946247858e+35,0,23,2,3.32306998946247858e+35,1,22,1,5.76460752303439872e+17
44,4,M_u_col_0,16,7,2,3.32306998945331719e+35,0,23,1,5.76460752303439872e+17,17,6,1,5.76460752302153728e+17,17,6,1,5.76460752303439872e+17,17,6,2,3.32306998945506446e+35,17,6,2,3.32306998945506446e+35,18,5,1,5.76460752303513600e+17
44,4,M_y_col_0,0,23,1,5.76460752303439872e+17,0,23,1,5.76460752303439872e+17,0,23,1,5.76460752303439872e+17,0,23,1,5.76460752303439872e+17,0,23,2,3.32306998946247858e+35,0,23,2,3.32306998946247858e+35,1,22,1,5.76460752303439872e+17
44,4,M_u_col_1,16,7,2,3.32306998945331719e+35,0,23,1,5.76460752303439872e+17,17,6,1,5.76460752302153728e+17,17,6,1,5.76460752303439872e+17,17,6,2,3.32306998945506446e+35,17,6,2,3.32306998945506446e+35,18,5,1,5.76460752303513600e+17
44,4,M_y_col_1,0,23,1,5.76460752303439872e+17,0,23,1,5.76460752303439872e+17,0,23,1,5.76460752303439872e+17,0,23,1,5.76460752303439872e+17,0,23,2,3.32306998946247858e+35,0,23,2,3.32306998946247858e+35,1,22,1,5.76460752303439872e+17
44,4,M_u_col_2,16,7,2,3.32306998945331719e+35,0,23,1,5.76460752303439872e+17,17,6,1,5.76460752302153728e+17,17,6,1,5.76460752303439872e+17,17,6,2,3.32306998945506446e+35,17,6,2,3.32306998945506446e+35,18,5,1,5.76460752303513600e+17
44,4,M_y_col_2,0,23,1,5.76460752303439872e+17,0,23,1,5.76460752303439872e+17,0,23,1,5.76460752303439872e+17,0,23,1,5.76460752303439872e+17,0,23,2,3.32306998946247858e+35,0,23,2,3.32306998946247858e+35,1,22,1,5.76460752303439872e+17
44,4,M_u_col_3,16,7,2,3.32306998945331719e+35,0,23,1,5.76460752303439872e+17,17,6,1,5.76460752302153728e+17,17,6,1,5.76460752303439872e+17,17,6,2,3.32306998945506446e+35,17,6,2,3.32306998945506446e+35,18,5,1,5.76460752303513600e+17
44,4,M_y_col_3,0,23,1,5.76460752303439872e+17,0,23,1,5.76460752303439872e+17,0,23,1,5.76460752303439872e+17,0,23,1,5.76460752303439872e+17,0,23,2,3.32306998946247858e+35,0,23,2,3.32306998946247858e+35,1,22,1,5.76460752303439872e+17
45,0,P_0,18,5,1,5.76460752303513600e+17,0,23,1,5.76460752303439872e+17,18,5,1,5.76460752303513600e+17,18,5,1,5.76460752303439872e+17,18,5,2,3.32306998946290359e+35,18,5,2,3.32306998946290359e+35,19,4,1,5.76460752303767552e+17
45,1,P_1,18,5,1,5.76460752303513600e+17,0,23,1,5.76460752303439872e+17,18,5,1,5.76460752303513600e+17,18,5,1,5.76460752303439872e+17,18,5,2,3.32306998946290359e+35,18,5,2,3.32306998946290359e+35,19,4,1,5.76460752303767552e+17
45,1,q_1_0,0,23,1,5.76460752303439872e+17,0,23,1,5.76460752303439872e+17,0,23,1,5.76460752303439872e+17,0,23,1,5.76460752303439872e+17,0,23,2,3.32306998946247858e+35,0,23,2,3.32306998946247858e+35,1,22,1,5.76460752303439872e+17
45,2,P_2,18,5,1,5.76460752303513600e+17,0,23,1,5.76460752303439872e+17,18,5,1,5.76460752303513600e+17,18,5,1,5.76460752303439872e+17,18,5,2,3.32306998946290359e+35,18,5,2,3.32306998946290359e+35,19,4,1,5.76460752303767552e+17
45,2,q_2_0,0,23,1,5.76460752303439872e+17,0,23,1,5.76460752303439872e+17,0,23,1,5.76460752303439872e+17,0,23,1,5.76460752303439872e+17,0,23,2,3.32306998946247858e+35,0,23,2,3.32306998946247858e+35,1,22,1,5.76460752303439872e+17
45,2,q_2_1,0,23,1,5.76460752303439872e+17,0,23,1,5.76460752303439872e+17,0,23,1,5.76460752303439872e+17,0,23,1,5.76460752303439872e+17,0,23,2,3.32306998946247858e+35,0,23,2,3.32306998946247858e+35,1,22,1,5.76460752303439872e+17
45,3,P_3,18,5,1,5.76460752303513600e+17,0,23,1,5.76460752303439872e+17,18,5,1,5.76460752303513600e+17,18,5,1,5.76460752303439872e+17,18,5,2,3.32306998946290359e+35,18,5,2,3.32306998946290359e+35,19,4,1,5.76460752303767552e+17
45,3,q_3_0,0,23,1,5.76460752303439872e+17,0,23,1,5.76460752303439872e+17,0,23,1,5.76460752303439872e+17,0,23,1,5.76460752303439872e+17,0,23,2,3.32306998946247858e+35,0,23,2,3.32306998946247858e+35,1,22,1,5.76460752303439872e+17
45,3,q_3_1,0,23,1,5.76460752303439872e+17,0,23,1,5.76460752303439872e+17,0,23,1,5.76460752303439872e+17,0,23,1,5.76460752303439872e+17,0,23,2,3.32306998946247858e+35,0,23,2,3.32306998946247858e+35,1,22,1,5.76460752303439872e+17
45,3,q_3_2,0,23,1,5.76460752303439872e+17,0,23,1,5.76460752303439872e+17,0,23,1,5.76460752303439872e+17,0,23,1,5.76460752303439872e+17,0,23,2,3.32306998946247858e+35,0,23,2,3.32306998946247858e+35,1,22,1,5.76460752303439872e+17
45,4,M_u_col_0,16,7,2,3.32306998945331719e+35,0,23,1,5.76460752303439872e+17,17,6,1,5.76460752302153728e+17,17,6,1,5.76460752303439872e+17,17,6,2,3.32306998945506446e+35,17,6,2,3.32306998945506446e+35,18,5,1,5.76460752303513600e+17
45,4,M_y_col_0,0,23,1,5.76460752303439872e+17,0,23,1,5.76460752303439872e+17,0,23,1,5.76460752303439872e+17,0,23,1,5.76460752303439872e+17,0,23,2,3.32306998946247858e+35,0,23,2,3.32306998946247858e+35,1,22,1,5.76460752303439872e+17
45,4,M_u_col_1,16,7,2,3.32306998945331719e+35,0,23,1,5.76460752303439872e+17,17,6,1,5.76460752302153728e+17,17,6,1,5.76460752303439872e+17,17,6,2,3.32306998945506446e+35,17,6,2,3.32306998945506446e+35,18,5,1,5.76460752303513600e+17
45,4,M_y_col_1,0,23,1,5.76460752303439872e+17,0,23,1,5.76460752303439872e+17,0,23,1,5.76460752303439872e+17,0,23,1,5.76460752303439872e+17,0,23,2,3.32306998946247858e+35,0,23,2,3.32306998946247858e+35,1,22,1,5.76460752303439872e+17
45,4,M_u_col_2,16,7,2,3.32306998945331719e+35,0,23,1,5.76460752303439872e+17,17,6,1,5.76460752302153728e+17,17,6,1,5.76460752303439872e+17,17,6,2,3.32306998945506446e+35,17,6,2,3.32306998945506446e+35,18,5,1,5.76460752303513600e+17
45,4,M_y_col_2,0,23,1,5.76460752303439872e+17,0,23,1,5.76460752303439872e+17,0,23,1,5.76460752303439872e+17,0,23,1,5.76460752303439872e+17,0,23,2,3.32306998946247858e+35,0,23,2,3.32306998946247858e+35,1,22,1,5.76460752303439872e+17
45,4,M_u_col_3,16,7,2,3.32306998945331719e+35,0,23,1,5.76460752303439872e+17,17,6,1,5.76460752302153728e+17,17,6,1,5.76460752303439872e+17,17,6,2,3.32306998945506446e+35,17,6,2,3.32306998945506446e+35,18,5,1,5.76460752303513600e+17
45,4,M_y_col_3,0,23,1,5.76460752303439872e+17,0,23,1,5.76460752303439872e+17,0,23,1,5.76460752303439872e+17,0,23,1,5.76460752303439872e+17,0,23,2,3.32306998946247858e+35,0,23,2,3.32306998946247858e+35,1,22,1,5.76460752303439872e+17
46,0,P_0,18,5,1,5.76460752303513600e+17,0,23,1,5.76460752303439872e+17,18,5,1,5.76460752303513600e+17,18,5,1,5.76460752303439872e+17,18,5,2,3.32306998946290359e+35,18,5,2,3.32306998946290359e+35,19,4,1,5.76460752303767552e+17
46,1,P_1,18,5,1,5.76460752303513600e+17,0,23,1,5.76460752303439872e+17,18,5,1,5.76460752303513600e+17,18,5,1,5.76460752303439872e+17,18,5,2,3.32306998946290359e+35,18,5,2,3.32306998946290359e+35,19,4,1,5.76460752303767552e+17
46,1,q_1_0,0,23,1,5.76460752303439872e+17,0,23,1,5.76460752303439872e+17,0,23,1,5.76460752303439872e+17,0,23,1,5.76460752303439872e+17,0,23,2,3.32306998946247858e+35,0,23,2,3.32306998946247858e+35,1,22,1,5.76460752303439872e+17
46,2,P_2,18,5,1,5.76460752303513600e+17,0,23,1,5.76460752303439872e+17,18,5,1,5.76460752303513600e+17,18,5,1,5.76460752303439872e+17,18,5,2,3.32306998946290359e+35,18,5,2,3.32306998946290359e+35,19,4,1,5.76460752303767552e+17
46,2,q_2_0,0,23,1,5.76460752303439872e+17,0,23,1,5.76460752303439872e+17,0,23,1,5.76460752303439872e+17,0,23,1,5.76460752303439872e+17,0,23,2,3.32306998946247858e+35,0,23,2,3.32306998946247858e+35,1,22,1,5.76460752303439872e+17
46,2,q_2_1,0,23,1,5.76460752303439872e+17,0,23,1,5.76460752303439872e+17,0,23,1,5.76460752303439872e+17,0,23,1,5.76460752303439872e+17,0,23,2,3.32306998946247858e+35,0,23,2,3.32306998946247858e+35,1,22,1,5.76460752303439872e+17
46,3,P_3,18,5,1,5.76460752303513600e+17,0,23,1,5.76460752303439872e+17,18,5,1,5.76460752303513600e+17,18,5,1,5.76460752303439872e+17,18,5,2,3.32306998946290359e+35,18,5,2,3.32306998946290359e+35,19,4,1,5.76460752303767552e+17
46,3,q_3_0,0,23,1,5.76460752303439872e+17,0,23,1,5.76460752303439872e+17,0,23,1,5.76460752303439872e+17,0,23,1,5.76460752303439872e+17,0,23,2,3.32306998946247858e+35,0,23,2,3.32306998946247858e+35,1,22,1,5.76460752303439872e+17
46,3,q_3_1,0,23,1,5.76460752303439872e+17,0,23,1,5.76460752303439872e+17,0,23,1,5.76460752303439872e+17,0,23,1,5.76460752303439872e+17,0,23,2,3.32306998946247858e+35,0,23,2,3.32306998946247858e+35,1,22,1,5.76460752303439872e+17
46,3,q_3_2,0,23,1,5.76460752303439872e+17,0,23,1,5.76460752303439872e+17,0,23,1,5.76460752303439872e+17,0,23,1,5.76460752303439872e+17,0,23,2,3.32306998946247858e+35,0,23,2,3.32306998946247858e+35,1,22,1,5.76460752303439872e+17
46,4,M_u_col_0,16,7,2,3.32306998945331719e+35,0,23,1,5.76460752303439872e+17,17,6,1,5.76460752302153728e+17,17,6,1,5.76460752303439872e+17,17,6,2,3.32306998945506446e+35,17,6,2,3.32306998945506446e+35,18,5,1,5.76460752303513600e+17
46,4,M_y_col_0,0,23,1,5.76460752303439872e+17,0,23,1,5.76460752303439872e+17,0,23,1,5.76460752303439872e+17,0,23,1,5.76460752303439872e+17,0,23,2,3.32306998946247858e+35,0,23,2,3.32306998946247858e+35,1,22,1,5.76460752303439872e+17
46,4,M_u_col_1,16,7,2,3.32306998945331719e+35,0,23,1,5.76460752303439872e+17,17,6,1,5.76460752302153728e+17,17,6,1,5.76460752303439872e+17,17,6,2,3.32306998945506446e+35,17,6,2,3.32306998945506446e+35,18,5,1,5.76460752303513600e+17
46,4,M_y_col_1,0,23,1,5.76460752303439872e+17,0,23,1,5.76460752303439872e+17,0,23,1,5.76460752303439872e+17,0,23,1,5.76460752303439872e+17,0,23,2,3.32306998946247858e+35,0,23,2,3.32306998946247858e+35,1,22,1,5.76460752303439872e+17
46,4,M_u_col_2,16,7,2,3.32306998945331719e+35,0,23,1,5.76460752303439872e+17,17,6,1,5.76460752302153728e+17,17,6,1,5.76460752303439872e+17,17,6,2,3.32306998945506446e+35,17,6,2,3.32306998945506446e+35,18,5,1,5.76460752303513600e+17
46,4,M_y_col_2,0,23,1,5.76460752303439872e+17,0,23,1,5.76460752303439872e+17,0,23,1,5.76460752303439872e+17,0,23,1,5.76460752303439872e+17,0,23,2,3.32306998946247858e+35,0,23,2,3.32306998946247858e+35,1,22,1,5.76460752303439872e+17
46,4,M_u_col_3,16,7,2,3.32306998945331719e+35,0,23,1,5.76460752303439872e+17,17,6,1,5.76460752302153728e+17,17,6,1,5.76460752303439872e+17,17,6,2,3.32306998945506446e+35,17,6,2,3.32306998945506446e+35,18,5,1,5.76460752303513600e+17
46,4,M_y_col_3,0,23,1,5.76460752303439872e+17,0,23,1,5.76460752303439872e+17,0,23,1,5.76460752303439872e+17,0,23,1,5.76460752303439872e+17,0,23,2,3.32306998946247858e+35,0,23,2,3.32306998946247858e+35,1,22,1,5.76460752303439872e+17
47,0,P_0,18,5,1,5.76460752303513600e+17,0,23,1,5.76460752303439872e+17,18,5,1,5.76460752303513600e+17,18,5,1,5.76460752303439872e+17,18,5,2,3.32306998946290359e+35,18,5,2,3.32306998946290359e+35,19,4,1,5.76460752303767552e+17
47,1,P_1,18,5,1,5.76460752303513600e+17,0,23,1,5.76460752303439872e+17,18,5,1,5.76460752303513600e+17,18,5,1,5.76460752303439872e+17,18,5,2,3.32306998946290359e+35,18,5,2,3.32306998946290359e+35,19,4,1,5.76460752303767552e+17
47,1,q_1_0,0,23,1,5.76460752303439872e+17,0,23,1,5.76460752303439872e+17,0,23,1,5.76460752303439872e+17,0,23,1,5.76460752303439872e+17,0,23,2,3.32306998946247858e+35,0,23,2,3.32306998946247858e+35,1,22,1,5.76460752303439872e+17
47,2,P_2,18,5,1,5.76460752303513600e+17,0,23,1,5.76460752303439872e+17,18,5,1,5.76460752303513600e+17,18,5,1,5.76460752303439872e+17,18,5,2,3.32306998946290359e+35,18,5,2,3.32306998946290359e+35,19,4,1,5.76460752303767552e+17
47,2,q_2_0,0,23,1,5.76460752303439872e+17,0,23,1,5.76460752303439872e+17,0,23,1,5.76460752303439872e+17,0,23,1,5.76460752303439872e+17,0,23,2,3.32306998946247858e+35,0,23,2,3.32306998946247858e+35,1,22,1,5.76460752303439872e+17
47,2,q_2_1,0,23,1,5.76460752303439872e+17,0,23,1,5.76460752303439872e+17,0,23,1,5.76460752303439872e+17,0,23,1,5.76460752303439872e+17,0,23,2,3.32306998946247858e+35,0,23,2,3.32306998946247858e+35,1,22,1,5.76460752303439872e+17
47,3,P_3,18,5,1,5.76460752303513600e+17,0,23,1,5.76460752303439872e+17,18,5,1,5.76460752303513600e+17,18,5,1,5.76460752303439872e+17,18,5,2,3.32306998946290359e+35,18,5,2,3.32306998946290359e+35,19,4,1,5.76460752303767552e+17
47,3,q_3_0,0,23,1,5.76460752303439872e+17,0,23,1,5.76460752303439872e+17,0,23,1,5.76460752303439872e+17,0,23,1,5.76460752303439872e+17,0,23,2,3.32306998946247858e+35,0,23,2,3.32306998946247858e+35,1,22,1,5.76460752303439872e+17
47,3,q_3_1,0,23,1,5.76460752303439872e+17,0,23,1,5.76460752303439872e+17,0,23,1,5.76460752303439872e+17,0,23,1,5.76460752303439872e+17,0,23,2,3.32306998946247858e+35,0,23,2,3.32306998946247858e+35,1,22,1,5.76460752303439872e+17
47,3,q_3_2,0,23,1,5.76460752303439872e+17,0,23,1,5.76460752303439872e+17,0,23,1,5.76460752303439872e+17,0,23,1,5.76460752303439872e+17,0,23,2,3.32306998946247858e+35,0,23,2,3.32306998946247858e+35,1,22,1,5.76460752303439872e+17
47,4,M_u_col_0,16,7,2,3.32306998945331719e+35,0,23,1,5.76460752303439872e+17,17,6,1,5.76460752302153728e+17,17,6,1,5.76460752303439872e+17,17,6,2,3.32306998945506446e+35,17,6,2,3.32306998945506446e+35,18,5,1,5.76460752303513600e+17
47,4,M_y_col_0,0,23,1,5.76460752303439872e+17,0,23,1,5.76460752303439872e+17,0,23,1,5.76460752303439872e+17,0,23,1,5.76460752303439872e+17,0,23,2,3.32306998946247858e+35,0,23,2,3.32306998946247858e+35,1,22,1,5.76460752303439872e+17
47,4,M_u_col_1,16,7,2,3.32306998945331719e+35,0,23,1,5.76460752303439872e+17,17,6,1,5.76460752302153728e+17,17,6,1,5.76460752303439872e+17,17,6,2,3.32306998945506446e+35,17,6,2,3.32306998945506446e+35,18,5,1,5.76460752303513600e+17
47,4,M_y_col_1,0,23,1,5.76460752303439872e+17,0,23,1,5.76460752303439872e+17,0,23,1,5.76460752303439872e+17,0,23,1,5.76460752303439872e+17,0,23,2,3.32306998946247858e+35,0,23,2,3.32306998946247858e+35,1,22,1,5.76460752303439872e+17
47,4,M_u_col_2,16,7,2,3.32306998945331719e+35,0,23,1,5.76460752303439872e+17,17,6,1,5.76460752302153728e+17,17,6,1,5.76460752303439872e+17,17,6,2,3.32306998945506446e+35,17,6,2,3.32306998945506446e+35,18,5,1,5.76460752303513600e+17
47,4,M_y_col_2,0,23,1,5.76460752303439872e+17,0,23,1,5.76460752303439872e+17,0,23,1,5.76460752303439872e+17,0,23,1,5.76460752303439872e+17,0,23,2,3.32306998946247858e+35,0,23,2,3.32306998946247858e+35,1,22,1,5.76460752303439872e+17
47,4,M_u_col_3,16,7,2,3.32306998945331719e+35,0,23,1,5.76460752303439872e+17,17,6,1,5.76460752302153728e+17,17,6,1,5.76460752303439872e+17,17,6,2,3.32306998945506446e+35,17,6,2,3.32306998945506446e+35,18,5,1,5.76460752303513600e+17
47,4,M_y_col_3,0,23,1,5.76460752303439872e+17,0,23,1,5.76460752303439872e+17,0,23,1,5.76460752303439872e+17,0,23,1,5.76460752303439872e+17,0,23,2,3.32306998946247858e+35,0,23,2,3.32306998946247858e+35,1,22,1,5.76460752303439872e+17
48,0,P_0,18,5,1,5.76460752303513600e+17,0,23,1,5.76460752303439872e+17,18,5,1,5.76460752303513600e+17,18,5,1,5.76460752303439872e+17,18,5,2,3.32306998946290359e+35,18,5,2,3.32306998946290359e+35,19,4,1,5.76460752303767552e+17
48,1,P_1,18,5,1,5.76460752303513600e+17,0,23,1,5.76460752303439872e+17,18,5,1,5.76460752303513600e+17,18,5,1,5.76460752303439872e+17,18,5,2,3.32306998946290359e+35,18,5,2,3.32306998946290359e+35,19,4,1,5.76460752303767552e+17
48,1,q_1_0,0,23,1,5.76460752303439872e+17,0,23,1,5.76460752303439872e+17,0,23,1,5.76460752303439872e+17,0,23,1,5.76460752303439872e+17,0,23,2,3.32306998946247858e+35,0,23,2,3.32306998946247858e+35,1,22,1,5.76460752303439872e+17
48,2,P_2,18,5,1,5.76460752303513600e+17,0,23,1,5.76460752303439872e+17,18,5,1,5.76460752303513600e+17,18,5,1,5.76460752303439872e+17,18,5,2,3.32306998946290359e+35,18,5,2,3.32306998946290359e+35,19,4,1,5.76460752303767552e+17
48,2,q_2_0,0,23,1,5.76460752303439872e+17,0,23,1,5.76460752303439872e+17,0,23,1,5.76460752303439872e+17,0,23,1,5.76460752303439872e+17,0,23,2,3.32306998946247858e+35,0,23,2,3.32306998946247858e+35,1,22,1,5.76460752303439872e+17
48,2,q_2_1,0,23,1,5.76460752303439872e+17,0,23,1,5.76460752303439872e+17,0,23,1,5.76460752303439872e+17,0,23,1,5.76460752303439872e+17,0,23,2,3.32306998946247858e+35,0,23,2,3.32306998946247858e+35,1,22,1,5.76460752303439872e+17
48,3,P_3,18,5,1,5.76460752303513600e+17,0,23,1,5.76460752303439872e+17,18,5,1,5.76460752303513600e+17,18,5,1,5.76460752303439872e+17,18,5,2,3.32306998946290359e+35,18,5,2,3.32306998946290359e+35,19,4,1,5.76460752303767552e+17
48,3,q_3_0,0,23,1,5.76460752303439872e+17,0,23,1,5.76460752303439872e+17,0,23,1,5.76460752303439872e+17,0,23,1,5.76460752303439872e+17,0,23,2,3.32306998946247858e+35,0,23,2,3.32306998946247858e+35,1,22,1,5.76460752303439872e+17
48,3,q_3_1,0,23,1,5.76460752303439872e+17,0,23,1,5.76460752303439872e+17,0,23,1,5.76460752303439872e+17,0,23,1,5.76460752303439872e+17,0,23,2,3.32306998946247858e+35,0,23,2,3.32306998946247858e+35,1,22,1,5.76460752303439872e+17
48,3,q_3_2,0,23,1,5.76460752303439872e+17,0,23,1,5.76460752303439872e+17,0,23,1,5.76460752303439872e+17,0,23,1,5.76460752303439872e+17,0,23,2,3.32306998946247858e+35,0,23,2,3.32306998946247858e+35,1,22,1,5.76460752303439872e+17
48,4,M_u_col_0,16,7,2,3.32306998945331719e+35,0,23,1,5.76460752303439872e+17,17,6,1,5.76460752302153728e+17,17,6,1,5.76460752303439872e+17,17,6,2,3.32306998945506446e+35,17,6,2,3.32306998945506446e+35,18,5,1,5.76460752303513600e+17
48,4,M_y_col_0,0,23,1,5.76460752303439872e+17,0,23,1,5.76460752303439872e+17,0,23,1,5.76460752303439872e+17,0,23,1,5.76460752303439872e+17,0,23,2,3.32306998946247858e+35,0,23,2,3.32306998946247858e+35,1,22,1,5.76460752303439872e+17
48,4,M_u_col_1,16,7,2,3.32306998945331719e+35,0,23,1,5.76460752303439872e+17,17,6,1,5.76460752302153728e+17,17,6,1,5.76460752303439872e+17,17,6,2,3.32306998945506446e+35,17,6,2,3.32306998945506446e+35,18,5,1,5.76460752303513600e+17
48,4,M_y_col_1,0,23,1,5.76460752303439872e+17,0,23,1,5.76460752303439872e+17,0,23,1,5.76460752303439872e+17,0,23,1,5.76460752303439872e+17,0,23,2,3.32306998946247858e+35,0,23,2,3.32306998946247858e+35,1,22,1,5.76460752303439872e+17
48,4,M_u_col_2,16,7,2,3.32306998945331719e+35,0,23,1,5.76460752303439872e+17,17,6,1,5.76460752302153728e+17,17,6,1,5.76460752303439872e+17,17,6,2,3.32306998945506446e+35,17,6,2,3.32306998945506446e+35,18,5,1,5.76460752303513600e+17
48,4,M_y_col_2,0,23,1,5.76460752303439872e+17,0,23,1,5.76460752303439872e+17,0,23,1,5.76460752303439872e+17,0,23,1,5.76460752303439872e+17,0,23,2,3.32306998946247858e+35,0,23,2,3.32306998946247858e+35,1,22,1,5.76460752303439872e+17
48,4,M_u_col_3,16,7,2,3.32306998945331719e+35,0,23,1,5.76460752303439872e+17,17,6,1,5.76460752302153728e+17,17,6,1,5.76460752303439872e+17,17,6,2,3.32306998945506446e+35,17,6,2,3.32306998945506446e+35,18,5,1,5.76460752303513600e+17
48,4,M_y_col_3,0,23,1,5.76460752303439872e+17,0,23,1,5.76460752303439872e+17,0,23,1,5.76460752303439872e+17,0,23,1,5.76460752303439872e+17,0,23,2,3.32306998946247858e+35,0,23,2,3.32306998946247858e+35,1,22,1,5.76460752303439872e+17
49,0,P_0,18,5,1,5.76460752303513600e+17,0,23,1,5.76460752303439872e+17,18,5,1,5.76460752303513600e+17,18,5,1,5.76460752303439872e+17,18,5,2,3.32306998946290359e+35,18,5,2,3.32306998946290359e+35,19,4,1,5.76460752303767552e+17
49,1,P_1,18,5,1,5.76460752303513600e+17,0,23,1,5.76460752303439872e+17,18,5,1,5.76460752303513600e+17,18,5,1,5.76460752303439872e+17,18,5,2,3.32306998946290359e+35,18,5,2,3.32306998946290359e+35,19,4,1,5.76460752303767552e+17
49,1,q_1_0,0,23,1,5.76460752303439872e+17,0,23,1,5.76460752303439872e+17,0,23,1,5.76460752303439872e+17,0,23,1,5.76460752303439872e+17,0,23,2,3.32306998946247858e+35,0,23,2,3.32306998946247858e+35,1,22,1,5.76460752303439872e+17
49,2,P_2,18,5,1,5.76460752303513600e+17,0,23,1,5.76460752303439872e+17,18,5,1,5.76460752303513600e+17,18,5,1,5.76460752303439872e+17,18,5,2,3.32306998946290359e+35,18,5,2,3.32306998946290359e+35,19,4,1,5.76460752303767552e+17
49,2,q_2_0,0,23,1,5.76460752303439872e+17,0,23,1,5.76460752303439872e+17,0,23,1,5.76460752303439872e+17,0,23,1,5.76460752303439872e+17,0,23,2,3.32306998946247858e+35,0,23,2,3.32306998946247858e+35,1,22,1,5.76460752303439872e+17
49,2,q_2_1,0,23,1,5.76460752303439872e+17,0,23,1,5.76460752303439872e+17,0,23,1,5.76460752303439872e+17,0,23,1,5.76460752303439872e+17,0,23,2,3.32306998946247858e+35,0,23,2,3.32306998946247858e+35,1,22,1,5.76460752303439872e+17
49,3,P_3,18,5,1,5.76460752303513600e+17,0,23,1,5.76460752303439872e+17,18,5,1,5.76460752303513600e+17,18,5,1,5.76460752303439872e+17,18,5,2,3.32306998946290359e+35,18,5,2,3.32306998946290359e+35,19,4,1,5.76460752303767552e+17
49,3,q_3_0,0,23,1,5.76460752303439872e+17,0,23,1,5.76460752303439872e+17,0,23,1,5.76460752303439872e+17,0,23,1,5.76460752303439872e+17,0,23,2,3.32306998946247858e+35,0,23,2,3.32306998946247858e+35,1,22,1,5.76460752303439872e+17
49,3,q_3_1,0,23,1,5.76460752303439872e+17,0,23,1,5.76460752303439872e+17,0,23,1,5.76460752303439872e+17,0,23,1,5.76460752303439872e+17,0,23,2,3.32306998946247858e+35,0,23,2,3.32306998946247858e+35,1,22,1,5.76460752303439872e+17
49,3,q_3_2,0,23,1,5.76460752303439872e+17,0,23,1,5.76460752303439872e+17,0,23,1,5.76460752303439872e+17,0,23,1,5.76460752303439872e+17,0,23,2,3.32306998946247858e+35,0,23,2,3.32306998946247858e+35,1,22,1,5.76460752303439872e+17
49,4,M_u_col_0,16,7,2,3.32306998945331719e+35,0,23,1,5.76460752303439872e+17,17,6,1,5.76460752302153728e+17,17,6,1,5.76460752303439872e+17,17,6,2,3.32306998945506446e+35,17,6,2,3.32306998945506446e+35,18,5,1,5.76460752303513600e+17
49,4,M_y_col_0,0,23,1,5.76460752303439872e+17,0,23,1,5.76460752303439872e+17,0,23,1,5.76460752303439872e+17,0,23,1,5.76460752303439872e+17,0,23,2,3.32306998946247858e+35,0,23,2,3.32306998946247858e+35,1,22,1,5.76460752303439872e+17
49,4,M_u_col_1,16,7,2,3.32306998945331719e+35,0,23,1,5.76460752303439872e+17,17,6,1,5.76460752302153728e+17,17,6,1,5.76460752303439872e+17,17,6,2,3.32306998945506446e+35,17,6,2,3.32306998945506446e+35,18,5,1,5.76460752303513600e+17
49,4,M_y_col_1,0,23,1,5.76460752303439872e+17,0,23,1,5.76460752303439872e+17,0,23,1,5.76460752303439872e+17,0,23,1,5.76460752303439872e+17,0,23,2,3.32306998946247858e+35,0,23,2,3.32306998946247858e+35,1,22,1,5.76460752303439872e+17
49,4,M_u_col_2,16,7,2,3.32306998945331719e+35,0,23,1,5.76460752303439872e+17,17,6,1,5.76460752302153728e+17,17,6,1,5.76460752303439872e+17,17,6,2,3.32306998945506446e+35,17,6,2,3.32306998945506446e+35,18,5,1,5.76460752303513600e+17
49,4,M_y_col_2,0,23,1,5.76460752303439872e+17,0,23,1,5.76460752303439872e+17,0,23,1,5.76460752303439872e+17,0,23,1,5.76460752303439872e+17,0,23,2,3.32306998946247858e+35,0,23,2,3.32306998946247858e+35,1,22,1,5.76460752303439872e+17
49,4,M_u_col_3,16,7,2,3.32306998945331719e+35,0,23,1,5.76460752303439872e+17,17,6,1,5.76460752302153728e+17,17,6,1,5.76460752303439872e+17,17,6,2,3.32306998945506446e+35,17,6,2,3.32306998945506446e+35,18,5,1,5.76460752303513600e+17
49,4,M_y_col_3,0,23,1,5.76460752303439872e+17,0,23,1,5.76460752303439872e+17,0,23,1,5.76460752303439872e+17,0,23,1,5.76460752303439872e+17,0,23,2,3.32306998946247858e+35,0,23,2,3.32306998946247858e+35,1,22,1,5.76460752303439872e+17
50,0,P_0,18,5,1,5.76460752303513600e+17,0,23,1,5.76460752303439872e+17,18,5,1,5.76460752303513600e+17,18,5,1,5.76460752303439872e+17,18,5,2,3.32306998946290359e+35,18,5,2,3.32306998946290359e+35,19,4,1,5.76460752303767552e+17
50,1,P_1,18,5,1,5.76460752303513600e+17,0,23,1,5.76460752303439872e+17,18,5,1,5.76460752303513600e+17,18,5,1,5.76460752303439872e+17,18,5,2,3.32306998946290359e+35,18,5,2,3.32306998946290359e+35,19,4,1,5.76460752303767552e+17
50,1,q_1_0,0,23,1,5.76460752303439872e+17,0,23,1,5.76460752303439872e+17,0,23,1,5.76460752303439872e+17,0,23,1,5.76460752303439872e+17,0,23,2,3.32306998946247858e+35,0,23,2,3.32306998946247858e+35,1,22,1,5.76460752303439872e+17
50,2,P_2,18,5,1,5.76460752303513600e+17,0,23,1,5.76460752303439872e+17,18,5,1,5.76460752303513600e+17,18,5,1,5.76460752303439872e+17,18,5,2,3.32306998946290359e+35,18,5,2,3.32306998946290359e+35,19,4,1,5.76460752303767552e+17
50,2,q_2_0,0,23,1,5.76460752303439872e+17,0,23,1,5.76460752303439872e+17,0,23,1,5.76460752303439872e+17,0,23,1,5.76460752303439872e+17,0,23,2,3.32306998946247858e+35,0,23,2,3.32306998946247858e+35,1,22,1,5.76460752303439872e+17
50,2,q_2_1,0,23,1,5.76460752303439872e+17,0,23,1,5.76460752303439872e+17,0,23,1,5.76460752303439872e+17,0,23,1,5.76460752303439872e+17,0,23,2,3.32306998946247858e+35,0,23,2,3.32306998946247858e+35,1,22,1,5.76460752303439872e+17
50,3,P_3,18,5,1,5.76460752303513600e+17,0,23,1,5.76460752303439872e+17,18,5,1,5.76460752303513600e+17,18,5,1,5.76460752303439872e+17,18,5,2,3.32306998946290359e+35,18,5,2,3.32306998946290359e+35,19,4,1,5.76460752303767552e+17
50,3,q_3_0,0,23,1,5.76460752303439872e+17,0,23,1,5.76460752303439872e+17,0,23,1,5.76460752303439872e+17,0,23,1,5.76460752303439872e+17,0,23,2,3.32306998946247858e+35,0,23,2,3.32306998946247858e+35,1,22,1,5.76460752303439872e+17
50,3,q_3_1,0,23,1,5.76460752303439872e+17,0,23,1,5.76460752303439872e+17,0,23,1,5.76460752303439872e+17,0,23,1,5.76460752303439872e+17,0,23,2,3.32306998946247858e+35,0,23,2,3.32306998946247858e+35,1,22,1,5.76460752303439872e+17
50,3,q_3_2,0,23,1,5.76460752303439872e+17,0,23,1,5.76460752303439872e+17,0,23,1,5.76460752303439872e+17,0,23,1,5.76460752303439872e+17,0,23,2,3.32306998946247858e+35,0,23,2,3.32306998946247858e+35,1,22,1,5.76460752303439872e+17
50,4,M_u_col_0,16,7,2,3.32306998945331719e+35,0,23,1,5.76460752303439872e+17,17,6,1,5.76460752302153728e+17,17,6,1,5.76460752303439872e+17,17,6,2,3.32306998945506446e+35,17,6,2,3.32306998945506446e+35,18,5,1,5.76460752303513600e+17
50,4,M_y_col_0,0,23,1,5.76460752303439872e+17,0,23,1,5.76460752303439872e+17,0,23,1,5.76460752303439872e+17,0,23,1,5.76460752303439872e+17,0,23,2,3.32306998946247858e+35,0,23,2,3.32306998946247858e+35,1,22,1,5.76460752303439872e+17
50,4,M_u_col_1,16,7,2,3.32306998945331719e+35,0,23,1,5.76460752303439872e+17,17,6,1,5.76460752302153728e+17,17,6,1,5.76460752303439872e+17,17,6,2,3.32306998945506446e+35,17,6,2,3.32306998945506446e+35,18,5,1,5.76460752303513600e+17
50,4,M_y_col_1,0,23,1,5.76460752303439872e+17,0,23,1,5.76460752303439872e+17,0,23,1,5.76460752303439872e+17,0,23,1,5.76460752303439872e+17,0,23,2,3.32306998946247858e+35,0,23,2,3.32306998946247858e+35,1,22,1,5.76460752303439872e+17
50,4,M_u_col_2,16,7,2,3.32306998945331719e+35,0,23,1,5.76460752303439872e+17,17,6,1,5.76460752302153728e+17,17,6,1,5.76460752303439872e+17,17,6,2,3.32306998945506446e+35,17,6,2,3.32306998945506446e+35,18,5,1,5.76460752303513600e+17
50,4,M_y_col_2,0,23,1,5.76460752303439872e+17,0,23,1,5.76460752303439872e+17,0,23,1,5.76460752303439872e+17,0,23,1,5.76460752303439872e+17,0,23,2,3.32306998946247858e+35,0,23,2,3.32306998946247858e+35,1,22,1,5.76460752303439872e+17
50,4,M_u_col_3,16,7,2,3.32306998945331719e+35,0,23,1,5.76460752303439872e+17,17,6,1,5.76460752302153728e+17,17,6,1,5.76460752303439872e+17,17,6,2,3.32306998945506446e+35,17,6,2,3.32306998945506446e+35,18,5,1,5.76460752303513600e+17
50,4,M_y_col_3,0,23,1,5.76460752303439872e+17,0,23,1,5.76460752303439872e+17,0,23,1,5.76460752303439872e+17,0,23,1,5.76460752303439872e+17,0,23,2,3.32306998946247858e+35,0,23,2,3.32306998946247858e+35,1,22,1,5.76460752303439872e+17
51,0,P_0,18,5,1,5.76460752303513600e+17,0,23,1,5.76460752303439872e+17,18,5,1,5.76460752303513600e+17,18,5,1,5.76460752303439872e+17,18,5,2,3.32306998946290359e+35,18,5,2,3.32306998946290359e+35,19,4,1,5.76460752303767552e+17
51,1,P_1,18,5,1,5.76460752303513600e+17,0,23,1,5.76460752303439872e+17,18,5,1,5.76460752303513600e+17,18,5,1,5.76460752303439872e+17,18,5,2,3.32306998946290359e+35,18,5,2,3.32306998946290359e+35,19,4,1,5.76460752303767552e+17
51,1,q_1_0,0,23,1,5.76460752303439872e+17,0,23,1,5.76460752303439872e+17,0,23,1,5.76460752303439872e+17,0,23,1,5.76460752303439872e+17,0,23,2,3.32306998946247858e+35,0,23,2,3.32306998946247858e+35,1,22,1,5.76460752303439872e+17
51,2,P_2,18,5,1,5.76460752303513600e+17,0,23,1,5.76460752303439872e+17,18,5,1,5.76460752303513600e+17,18,5,1,5.76460752303439872e+17,18,5,2,3.32306998946290359e+35,18,5,2,3.32306998946290359e+35,19,4,1,5.76460752303767552e+17
51,2,q_2_0,0,23,1,5.76460752303439872e+17,0,23,1,5.76460752303439872e+17,0,23,1,5.76460752303439872e+17,0,23,1,5.76460752303439872e+17,0,23,2,3.32306998946247858e+35,0,23,2,3.32306998946247858e+35,1,22,1,5.76460752303439872e+17
51,2,q_2_1,0,23,1,5.76460752303439872e+17,0,23,1,5.76460752303439872e+17,0,23,1,5.76460752303439872e+17,0,23,1,5.76460752303439872e+17,0,23,2,3.32306998946247858e+35,0,23,2,3.32306998946247858e+35,1,22,1,5.76460752303439872e+17
51,3,P_3,18,5,1,5.76460752303513600e+17,0,23,1,5.76460752303439872e+17,18,5,1,5.76460752303513600e+17,18,5,1,5.76460752303439872e+17,18,5,2,3.32306998946290359e+35,18,5,2,3.32306998946290359e+35,19,4,1,5.76460752303767552e+17
51,3,q_3_0,0,23,1,5.76460752303439872e+17,0,23,1,5.76460752303439872e+17,0,23,1,5.76460752303439872e+17,0,23,1,5.76460752303439872e+17,0,23,2,3.32306998946247858e+35,0,23,2,3.32306998946247858e+35,1,22,1,5.76460752303439872e+17
51,3,q_3_1,0,23,1,5.76460752303439872e+17,0,23,1,5.76460752303439872e+17,0,23,1,5.76460752303439872e+17,0,23,1,5.76460752303439872e+17,0,23,2,3.32306998946247858e+35,0,23,2,3.32306998946247858e+35,1,22,1,5.76460752303439872e+17
51,3,q_3_2,0,23,1,5.76460752303439872e+17,0,23,1,5.76460752303439872e+17,0,23,1,5.76460752303439872e+17,0,23,1,5.76460752303439872e+17,0,23,2,3.32306998946247858e+35,0,23,2,3.32306998946247858e+35,1,22,1,5.76460752303439872e+17
51,4,M_u_col_0,16,7,2,3.32306998945331719e+35,0,23,1,5.76460752303439872e+17,17,6,1,5.76460752302153728e+17,17,6,1,5.76460752303439872e+17,17,6,2,3.32306998945506446e+35,17,6,2,3.32306998945506446e+35,18,5,1,5.76460752303513600e+17
51,4,M_y_col_0,0,23,1,5.76460752303439872e+17,0,23,1,5.76460752303439872e+17,0,23,1,5.76460752303439872e+17,0,23,1,5.76460752303439872e+17,0,23,2,3.32306998946247858e+35,0,23,2,3.32306998946247858e+35,1,22,1,5.76460752303439872e+17
51,4,M_u_col_1,16,7,2,3.32306998945331719e+35,0,23,1,5.76460752303439872e+17,17,6,1,5.76460752302153728e+17,17,6,1,5.76460752303439872e+17,17,6,2,3.32306998945506446e+35,17,6,2,3.32306998945506446e+35,18,5,1,5.76460752303513600e+17
51,4,M_y_col_1,0,23,1,5.76460752303439872e+17,0,23,1,5.76460752303439872e+17,0,23,1,5.76460752303439872e+17,0,23,1,5.76460752303439872e+17,0,23,2,3.32306998946247858e+35,0,23,2,3.32306998946247858e+35,1,22,1,5.76460752303439872e+17
51,4,M_u_col_2,16,7,2,3.32306998945331719e+35,0,23,1,5.76460752303439872e+17,17,6,1,5.76460752302153728e+17,17,6,1,5.76460752303439872e+17,17,6,2,3.32306998945506446e+35,17,6,2,3.32306998945506446e+35,18,5,1,5.76460752303513600e+17
51,4,M_y_col_2,0,23,1,5.76460752303439872e+17,0,23,1,5.76460752303439872e+17,0,23,1,5.76460752303439872e+17,0,23,1,5.76460752303439872e+17,0,23,2,3.32306998946247858e+35,0,23,2,3.32306998946247858e+35,1,22,1,5.76460752303439872e+17
51,4,M_u_col_3,16,7,2,3.32306998945331719e+35,0,23,1,5.76460752303439872e+17,17,6,1,5.76460752302153728e+17,17,6,1,5.76460752303439872e+17,17,6,2,3.32306998945506446e+35,17,6,2,3.32306998945506446e+35,18,5,1,5.76460752303513600e+17
51,4,M_y_col_3,0,23,1,5.76460752303439872e+17,0,23,1,5.76460752303439872e+17,0,23,1,5.76460752303439872e+17,0,23,1,5.76460752303439872e+17,0,23,2,3.32306998946247858e+35,0,23,2,3.32306998946247858e+35,1,22,1,5.76460752303439872e+17
52,0,P_0,18,5,1,5.76460752303513600e+17,0,23,1,5.76460752303439872e+17,18,5,1,5.76460752303513600e+17,18,5,1,5.76460752303439872e+17,18,5,2,3.32306998946290359e+35,18,5,2,3.32306998946290359e+35,19,4,1,5.76460752303767552e+17
52,1,P_1,18,5,1,5.76460752303513600e+17,0,23,1,5.76460752303439872e+17,18,5,1,5.76460752303513600e+17,18,5,1,5.76460752303439872e+17,18,5,2,3.32306998946290359e+35,18,5,2,3.32306998946290359e+35,19,4,1,5.76460752303767552e+17
52,1,q_1_0,0,23,1,5.76460752303439872e+17,0,23,1,5.76460752303439872e+17,0,23,1,5.76460752303439872e+17,0,23,1,5.76460752303439872e+17,0,23,2,3.32306998946247858e+35,0,23,2,3.32306998946247858e+35,1,22,1,5.76460752303439872e+17
52,2,P_2,18,5,1,5.76460752303513600e+17,0,23,1,5.76460752303439872e+17,18,5,1,5.76460752303513600e+17,18,5,1,5.76460752303439872e+17,18,5,2,3.32306998946290359e+35,18,5,2,3.32306998946290359e+35,19,4,1,5.76460752303767552e+17
52,2,q_2_0,0,23,1,5.76460752303439872e+17,0,23,1,5.76460752303439872e+17,0,23,1,5.76460752303439872e+17,0,23,1,5.76460752303439872e+17,0,23,2,3.32306998946247858e+35,0,23,2,3.32306998946247858e+35,1,22,1,5.76460752303439872e+17
52,2,q_2_1,0,23,1,5.76460752303439872e+17,0,23,1,5.76460752303439872e+17,0,23,1,5.76460752303439872e+17,0,23,1,5.76460752303439872e+17,0,23,2,3.32306998946247858e+35,0,23,2,3.32306998946247858e+35,1,22,1,5.76460752303439872e+17
52,3,P_3,18,5,1,5.76460752303513600e+17,0,23,1,5.76460752303439872e+17,18,5,1,5.76460752303513600e+17,18,5,1,5.76460752303439872e+17,18,5,2,3.32306998946290359e+35,18,5,2,3.32306998946290359e+35,19,4,1,5.76460752303767552e+17
52,3,q_3_0,0,23,1,5.76460752303439872e+17,0,23,1,5.76460752303439872e+17,0,23,1,5.76460752303439872e+17,0,23,1,5.76460752303439872e+17,0,23,2,3.32306998946247858e+35,0,23,2,3.32306998946247858e+35,1,22,1,5.76460752303439872e+17
52,3,q_3_1,0,23,1,5.76460752303439872e+17,0,23,1,5.76460752303439872e+17,0,23,1,5.76460752303439872e+17,0,23,1,5.76460752303439872e+17,0,23,2,3.32306998946247858e+35,0,23,2,3.32306998946247858e+35,1,22,1,5.76460752303439872e+17
52,3,q_3_2,0,23,1,5.76460752303439872e+17,0,23,1,5.76460752303439872e+17,0,23,1,5.76460752303439872e+17,0,23,1,5.76460752303439872e+17,0,23,2,3.32306998946247858e+35,0,23,2,3.32306998946247858e+35,1,22,1,5.76460752303439872e+17
52,4,M_u_col_0,16,7,2,3.32306998945331719e+35,0,23,1,5.76460752303439872e+17,17,6,1,5.76460752302153728e+17,17,6,1,5.76460752303439872e+17,17,6,2,3.32306998945506446e+35,17,6,2,3.32306998945506446e+35,18,5,1,5.76460752303513600e+17
52,4,M_y_col_0,0,23,1,5.76460752303439872e+17,0,23,1,5.76460752303439872e+17,0,23,1,5.76460752303439872e+17,0,23,1,5.76460752303439872e+17,0,23,2,3.32306998946247858e+35,0,23,2,3.32306998946247858e+35,1,22,1,5.76460752303439872e+17
52,4,M_u_col_1,16,7,2,3.32306998945331719e+35,0,23,1,5.76460752303439872e+17,17,6,1,5.76460752302153728e+17,17,6,1,5.76460752303439872e+17,17,6,2,3.32306998945506446e+35,17,6,2,3.32306998945506446e+35,18,5,1,5.76460752303513600e+17
52,4,M_y_col_1,0,23,1,5.76460752303439872e+17,0,23,1,5.76460752303439872e+17,0,23,1,5.76460752303439872e+17,0,23,1,5.76460752303439872e+17,0,23,2,3.32306998946247858e+35,0,23,2,3.32306998946247858e+35,1,22,1,5.76460752303439872e+17
52,4,M_u_col_2,16,7,2,3.32306998945331719e+35,0,23,1,5.76460752303439872e+17,17,6,1,5.76460752302153728e+17,17,6,1,5.76460752303439872e+17,17,6,2,3.32306998945506446e+35,17,6,2,3.32306998945506446e+35,18,5,1,5.76460752303513600e+17
52,4,M_y_col_2,0,23,1,5.76460752303439872e+17,0,23,1,5.76460752303439872e+17,0,23,1,5.76460752303439872e+17,0,23,1,5.76460752303439872e+17,0,23,2,3.32306998946247858e+35,0,23,2,3.32306998946247858e+35,1,22,1,5.76460752303439872e+17
52,4,M_u_col_3,16,7,2,3.32306998945331719e+35,0,23,1,5.76460752303439872e+17,17,6,1,5.76460752302153728e+17,17,6,1,5.76460752303439872e+17,17,6,2,3.32306998945506446e+35,17,6,2,3.32306998945506446e+35,18,5,1,5.76460752303513600e+17
52,4,M_y_col_3,0,23,1,5.76460752303439872e+17,0,23,1,5.76460752303439872e+17,0,23,1,5.76460752303439872e+17,0,23,1,5.76460752303439872e+17,0,23,2,3.32306998946247858e+35,0,23,2,3.32306998946247858e+35,1,22,1,5.76460752303439872e+17
53,0,P_0,18,5,1,5.76460752303513600e+17,0,23,1,5.76460752303439872e+17,18,5,1,5.76460752303513600e+17,18,5,1,5.76460752303439872e+17,18,5,2,3.32306998946290359e+35,18,5,2,3.32306998946290359e+35,19,4,1,5.76460752303767552e+17
53,1,P_1,18,5,1,5.76460752303513600e+17,0,23,1,5.76460752303439872e+17,18,5,1,5.76460752303513600e+17,18,5,1,5.76460752303439872e+17,18,5,2,3.32306998946290359e+35,18,5,2,3.32306998946290359e+35,19,4,1,5.76460752303767552e+17
53,1,q_1_0,0,23,1,5.76460752303439872e+17,0,23,1,5.76460752303439872e+17,0,23,1,5.76460752303439872e+17,0,23,1,5.76460752303439872e+17,0,23,2,3.32306998946247858e+35,0,23,2,3.32306998946247858e+35,1,22,1,5.76460752303439872e+17
53,2,P_2,18,5,1,5.76460752303513600e+17,0,23,1,5.76460752303439872e+17,18,5,1,5.76460752303513600e+17,18,5,1,5.76460752303439872e+17,18,5,2,3.32306998946290359e+35,18,5,2,3.32306998946290359e+35,19,4,1,5.76460752303767552e+17
53,2,q_2_0,0,23,1,5.76460752303439872e+17,0,23,1,5.76460752303439872e+17,0,23,1,5.76460752303439872e+17,0,23,1,5.76460752303439872e+17,0,23,2,3.32306998946247858e+35,0,23,2,3.32306998946247858e+35,1,22,1,5.76460752303439872e+17
53,2,q_2_1,0,23,1,5.76460752303439872e+17,0,23,1,5.76460752303439872e+17,0,23,1,5.76460752303439872e+17,0,23,1,5.76460752303439872e+17,0,23,2,3.32306998946247858e+35,0,23,2,3.32306998946247858e+35,1,22,1,5.76460752303439872e+17
53,3,P_3,18,5,1,5.76460752303513600e+17,0,23,1,5.76460752303439872e+17,18,5,1,5.76460752303513600e+17,18,5,1,5.76460752303439872e+17,18,5,2,3.32306998946290359e+35,18,5,2,3.32306998946290359e+35,19,4,1,5.76460752303767552e+17
53,3,q_3_0,0,23,1,5.76460752303439872e+17,0,23,1,5.76460752303439872e+17,0,23,1,5.76460752303439872e+17,0,23,1,5.76460752303439872e+17,0,23,2,3.32306998946247858e+35,0,23,2,3.32306998946247858e+35,1,22,1,5.76460752303439872e+17
53,3,q_3_1,0,23,1,5.76460752303439872e+17,0,23,1,5.76460752303439872e+17,0,23,1,5.76460752303439872e+17,0,23,1,5.76460752303439872e+17,0,23,2,3.32306998946247858e+35,0,23,2,3.32306998946247858e+35,1,22,1,5.76460752303439872e+17
53,3,q_3_2,0,23,1,5.76460752303439872e+17,0,23,1,5.76460752303439872e+17,0,23,1,5.76460752303439872e+17,0,23,1,5.76460752303439872e+17,0,23,2,3.32306998946247858e+35,0,23,2,3.32306998946247858e+35,1,22,1,5.76460752303439872e+17
53,4,M_u_col_0,16,7,2,3.32306998945331719e+35,0,23,1,5.76460752303439872e+17,17,6,1,5.76460752302153728e+17,17,6,1,5.76460752303439872e+17,17,6,2,3.32306998945506446e+35,17,6,2,3.32306998945506446e+35,18,5,1,5.76460752303513600e+17
53,4,M_y_col_0,0,23,1,5.76460752303439872e+17,0,23,1,5.76460752303439872e+17,0,23,1,5.76460752303439872e+17,0,23,1,5.76460752303439872e+17,0,23,2,3.32306998946247858e+35,0,23,2,3.32306998946247858e+35,1,22,1,5.76460752303439872e+17
53,4,M_u_col_1,16,7,2,3.32306998945331719e+35,0,23,1,5.76460752303439872e+17,17,6,1,5.76460752302153728e+17,17,6,1,5.76460752303439872e+17,17,6,2,3.32306998945506446e+35,17,6,2,3.32306998945506446e+35,18,5,1,5.76460752303513600e+17
53,4,M_y_col_1,0,23,1,5.76460752303439872e+17,0,23,1,5.76460752303439872e+17,0,23,1,5.76460752303439872e+17,0,23,1,5.76460752303439872e+17,0,23,2,3.32306998946247858e+35,0,23,2,3.32306998946247858e+35,1,22,1,5.76460752303439872e+17
53,4,M_u_col_2,16,7,2,3.32306998945331719e+35,0,23,1,5.76460752303439872e+17,17,6,1,5.76460752302153728e+17,17,6,1,5.76460752303439872e+17,17,6,2,3.32306998945506446e+35,17,6,2,3.32306998945506446e+35,18,5,1,5.76460752303513600e+17
53,4,M_y_col_2,0,23,1,5.76460752303439872e+17,0,23,1,5.76460752303439872e+17,0,23,1,5.76460752303439872e+17,0,23,1,5.76460752303439872e+17,0,23,2,3.32306998946247858e+35,0,23,2,3.32306998946247858e+35,1,22,1,5.76460752303439872e+17
53,4,M_u_col_3,16,7,2,3.32306998945331719e+35,0,23,1,5.76460752303439872e+17,17,6,1,5.76460752302153728e+17,17,6,1,5.76460752303439872e+17,17,6,2,3.32306998945506446e+35,17,6,2,3.32306998945506446e+35,18,5,1,5.76460752303513600e+17
53,4,M_y_col_3,0,23,1,5.76460752303439872e+17,0,23,1,5.76460752303439872e+17,0,23,1,5.76460752303439872e+17,0,23,1,5.76460752303439872e+17,0,23,2,3.32306998946247858e+35,0,23,2,3.32306998946247858e+35,1,22,1,5.76460752303439872e+17
54,0,P_0,18,5,1,5.76460752303513600e+17,0,23,1,5.76460752303439872e+17,18,5,1,5.76460752303513600e+17,18,5,1,5.76460752303439872e+17,18,5,2,3.32306998946290359e+35,18,5,2,3.32306998946290359e+35,19,4,1,5.76460752303767552e+17
54,1,P_1,18,5,1,5.76460752303513600e+17,0,23,1,5.76460752303439872e+17,18,5,1,5.76460752303513600e+17,18,5,1,5.76460752303439872e+17,18,5,2,3.32306998946290359e+35,18,5,2,3.32306998946290359e+35,19,4,1,5.76460752303767552e+17
54,1,q_1_0,0,23,1,5.76460752303439872e+17,0,23,1,5.76460752303439872e+17,0,23,1,5.76460752303439872e+17,0,23,1,5.76460752303439872e+17,0,23,2,3.32306998946247858e+35,0,23,2,3.32306998946247858e+35,1,22,1,5.76460752303439872e+17
54,2,P_2,18,5,1,5.76460752303513600e+17,0,23,1,5.76460752303439872e+17,18,5,1,5.76460752303513600e+17,18,5,1,5.76460752303439872e+17,18,5,2,3.32306998946290359e+35,18,5,2,3.32306998946290359e+35,19,4,1,5.76460752303767552e+17
54,2,q_2_0,0,23,1,5.76460752303439872e+17,0,23,1,5.76460752303439872e+17,0,23,1,5.76460752303439872e+17,0,23,1,5.76460752303439872e+17,0,23,2,3.32306998946247858e+35,0,23,2,3.32306998946247858e+35,1,22,1,5.76460752303439872e+17
54,2,q_2_1,0,23,1,5.76460752303439872e+17,0,23,1,5.76460752303439872e+17,0,23,1,5.76460752303439872e+17,0,23,1,5.76460752303439872e+17,0,23,2,3.32306998946247858e+35,0,23,2,3.32306998946247858e+35,1,22,1,5.76460752303439872e+17
54,3,P_3,18,5,1,5.76460752303513600e+17,0,23,1,5.76460752303439872e+17,18,5,1,5.76460752303513600e+17,18,5,1,5.76460752303439872e+17,18,5,2,3.32306998946290359e+35,18,5,2,3.32306998946290359e+35,19,4,1,5.76460752303767552e+17
54,3,q_3_0,0,23,1,5.76460752303439872e+17,0,23,1,5.76460752303439872e+17,0,23,1,5.76460752303439872e+17,0,23,1,5.76460752303439872e+17,0,23,2,3.32306998946247858e+35,0,23,2,3.32306998946247858e+35,1,22,1,5.76460752303439872e+17
54,3,q_3_1,0,23,1,5.76460752303439872e+17,0,23,1,5.76460752303439872e+17,0,23,1,5.76460752303439872e+17,0,23,1,5.76460752303439872e+17,0,23,2,3.32306998946247858e+35,0,23,2,3.32306998946247858e+35,1,22,1,5.76460752303439872e+17
54,3,q_3_2,0,23,1,5.76460752303439872e+17,0,23,1,5.76460752303439872e+17,0,23,1,5.76460752303439872e+17,0,23,1,5.76460752303439872e+17,0,23,2,3.32306998946247858e+35,0,23,2,3.32306998946247858e+35,1,22,1,5.76460752303439872e+17
54,4,M_u_col_0,16,7,2,3.32306998945331719e+35,0,23,1,5.76460752303439872e+17,17,6,1,5.76460752302153728e+17,17,6,1,5.76460752303439872e+17,17,6,2,3.32306998945506446e+35,17,6,2,3.32306998945506446e+35,18,5,1,5.76460752303513600e+17
54,4,M_y_col_0,0,23,1,5.76460752303439872e+17,0,23,1,5.76460752303439872e+17,0,23,1,5.76460752303439872e+17,0,23,1,5.76460752303439872e+17,0,23,2,3.32306998946247858e+35,0,23,2,3.32306998946247858e+35,1,22,1,5.76460752303439872e+17
54,4,M_u_col_1,16,7,2,3.32306998945331719e+35,0,23,1,5.76460752303439872e+17,17,6,1,5.76460752302153728e+17,17,6,1,5.76460752303439872e+17,17,6,2,3.32306998945506446e+35,17,6,2,3.32306998945506446e+35,18,5,1,5.76460752303513600e+17
54,4,M_y_col_1,0,23,1,5.76460752303439872e+17,0,23,1,5.76460752303439872e+17,0,23,1,5.76460752303439872e+17,0,23,1,5.76460752303439872e+17,0,23,2,3.32306998946247858e+35,0,23,2,3.32306998946247858e+35,1,22,1,5.76460752303439872e+17
54,4,M_u_col_2,16,7,2,3.32306998945331719e+35,0,23,1,5.76460752303439872e+17,17,6,1,5.76460752302153728e+17,17,6,1,5.76460752303439872e+17,17,6,2,3.32306998945506446e+35,17,6,2,3.32306998945506446e+35,18,5,1,5.76460752303513600e+17
54,4,M_y_col_2,0,23,1,5.76460752303439872e+17,0,23,1,5.76460752303439872e+17,0,23,1,5.76460752303439872e+17,0,23,1,5.76460752303439872e+17,0,23,2,3.32306998946247858e+35,0,23,2,3.32306998946247858e+35,1,22,1,5.76460752303439872e+17
54,4,M_u_col_3,16,7,2,3.32306998945331719e+35,0,23,1,5.76460752303439872e+17,17,6,1,5.76460752302153728e+17,17,6,1,5.76460752303439872e+17,17,6,2,3.32306998945506446e+35,17,6,2,3.32306998945506446e+35,18,5,1,5.76460752303513600e+17
54,4,M_y_col_3,0,23,1,5.76460752303439872e+17,0,23,1,5.76460752303439872e+17,0,23,1,5.76460752303439872e+17,0,23,1,5.76460752303439872e+17,0,23,2,3.32306998946247858e+35,0,23,2,3.32306998946247858e+35,1,22,1,5.76460752303439872e+17
55,0,P_0,18,5,1,5.76460752303513600e+17,0,23,1,5.76460752303439872e+17,18,5,1,5.76460752303513600e+17,18,5,1,5.76460752303439872e+17,18,5,2,3.32306998946290359e+35,18,5,2,3.32306998946290359e+35,19,4,1,5.76460752303767552e+17
55,1,P_1,18,5,1,5.76460752303513600e+17,0,23,1,5.76460752303439872e+17,18,5,1,5.76460752303513600e+17,18,5,1,5.76460752303439872e+17,18,5,2,3.32306998946290359e+35,18,5,2,3.32306998946290359e+35,19,4,1,5.76460752303767552e+17
55,1,q_1_0,0,23,1,5.76460752303439872e+17,0,23,1,5.76460752303439872e+17,0,23,1,5.76460752303439872e+17,0,23,1,5.76460752303439872e+17,0,23,2,3.32306998946247858e+35,0,23,2,3.32306998946247858e+35,1,22,1,5.76460752303439872e+17
55,2,P_2,18,5,1,5.76460752303513600e+17,0,23,1,5.76460752303439872e+17,18,5,1,5.76460752303513600e+17,18,5,1,5.76460752303439872e+17,18,5,2,3.32306998946290359e+35,18,5,2,3.32306998946290359e+35,19,4,1,5.76460752303767552e+17
55,2,q_2_0,0,23,1,5.76460752303439872e+17,0,23,1,5.76460752303439872e+17,0,23,1,5.76460752303439872e+17,0,23,1,5.76460752303439872e+17,0,23,2,3.32306998946247858e+35,0,23,2,3.32306998946247858e+35,1,22,1,5.76460752303439872e+17
55,2,q_2_1,0,23,1,5.76460752303439872e+17,0,23,1,5.76460752303439872e+17,0,23,1,5.76460752303439872e+17,0,23,1,5.76460752303439872e+17,0,23,2,3.32306998946247858e+35,0,23,2,3.32306998946247858e+35,1,22,1,5.76460752303439872e+17
55,3,P_3,18,5,1,5.76460752303513600e+17,0,23,1,5.76460752303439872e+17,18,5,1,5.76460752303513600e+17,18,5,1,5.76460752303439872e+17,18,5,2,3.32306998946290359e+35,18,5,2,3.32306998946290359e+35,19,4,1,5.76460752303767552e+17
55,3,q_3_0,0,23,1,5.76460752303439872e+17,0,23,1,5.76460752303439872e+17,0,23,1,5.76460752303439872e+17,0,23,1,5.76460752303439872e+17,0,23,2,3.32306998946247858e+35,0,23,2,3.32306998946247858e+35,1,22,1,5.76460752303439872e+17
55,3,q_3_1,0,23,1,5.76460752303439872e+17,0,23,1,5.76460752303439872e+17,0,23,1,5.76460752303439872e+17,0,23,1,5.76460752303439872e+17,0,23,2,3.32306998946247858e+35,0,23,2,3.32306998946247858e+35,1,22,1,5.76460752303439872e+17
55,3,q_3_2,0,23,1,5.76460752303439872e+17,0,23,1,5.76460752303439872e+17,0,23,1,5.76460752303439872e+17,0,23,1,5.76460752303439872e+17,0,23,2,3.32306998946247858e+35,0,23,2,3.32306998946247858e+35,1,22,1,5.76460752303439872e+17
55,4,M_u_col_0,16,7,2,3.32306998945331719e+35,0,23,1,5.76460752303439872e+17,17,6,1,5.76460752302153728e+17,17,6,1,5.76460752303439872e+17,17,6,2,3.32306998945506446e+35,17,6,2,3.32306998945506446e+35,18,5,1,5.76460752303513600e+17
55,4,M_y_col_0,0,23,1,5.76460752303439872e+17,0,23,1,5.76460752303439872e+17,0,23,1,5.76460752303439872e+17,0,23,1,5.76460752303439872e+17,0,23,2,3.32306998946247858e+35,0,23,2,3.32306998946247858e+35,1,22,1,5.76460752303439872e+17
55,4,M_u_col_1,16,7,2,3.32306998945331719e+35,0,23,1,5.76460752303439872e+17,17,6,1,5.76460752302153728e+17,17,6,1,5.76460752303439872e+17,17,6,2,3.32306998945506446e+35,17,6,2,3.32306998945506446e+35,18,5,1,5.76460752303513600e+17
55,4,M_y_col_1,0,23,1,5.76460752303439872e+17,0,23,1,5.76460752303439872e+17,0,23,1,5.76460752303439872e+17,0,23,1,5.76460752303439872e+17,0,23,2,3.32306998946247858e+35,0,23,2,3.32306998946247858e+35,1,22,1,5.76460752303439872e+17
55,4,M_u_col_2,16,7,2,3.32306998945331719e+35,0,23,1,5.76460752303439872e+17,17,6,1,5.76460752302153728e+17,17,6,1,5.76460752303439872e+17,17,6,2,3.32306998945506446e+35,17,6,2,3.32306998945506446e+35,18,5,1,5.76460752303513600e+17
55,4,M_y_col_2,0,23,1,5.76460752303439872e+17,0,23,1,5.76460752303439872e+17,0,23,1,5.76460752303439872e+17,0,23,1,5.76460752303439872e+17,0,23,2,3.32306998946247858e+35,0,23,2,3.32306998946247858e+35,1,22,1,5.76460752303439872e+17
55,4,M_u_col_3,16,7,2,3.32306998945331719e+35,0,23,1,5.76460752303439872e+17,17,6,1,5.76460752302153728e+17,17,6,1,5.76460752303439872e+17,17,6,2,3.32306998945506446e+35,17,6,2,3.32306998945506446e+35,18,5,1,5.76460752303513600e+17
55,4,M_y_col_3,0,23,1,5.76460752303439872e+17,0,23,1,5.76460752303439872e+17,0,23,1,5.76460752303439872e+17,0,23,1,5.76460752303439872e+17,0,23,2,3.32306998946247858e+35,0,23,2,3.32306998946247858e+35,1,22,1,5.76460752303439872e+17
56,0,P_0,18,5,1,5.76460752303513600e+17,0,23,1,5.76460752303439872e+17,18,5,1,5.76460752303513600e+17,18,5,1,5.76460752303439872e+17,18,5,2,3.32306998946290359e+35,18,5,2,3.32306998946290359e+35,19,4,1,5.76460752303767552e+17
56,1,P_1,18,5,1,5.76460752303513600e+17,0,23,1,5.76460752303439872e+17,18,5,1,5.76460752303513600e+17,18,5,1,5.76460752303439872e+17,18,5,2,3.32306998946290359e+35,18,5,2,3.32306998946290359e+35,19,4,1,5.76460752303767552e+17
56,1,q_1_0,0,23,1,5.76460752303439872e+17,0,23,1,5.76460752303439872e+17,0,23,1,5.76460752303439872e+17,0,23,1,5.76460752303439872e+17,0,23,2,3.32306998946247858e+35,0,23,2,3.32306998946247858e+35,1,22,1,5.76460752303439872e+17
56,2,P_2,18,5,1,5.76460752303513600e+17,0,23,1,5.76460752303439872e+17,18,5,1,5.76460752303513600e+17,18,5,1,5.76460752303439872e+17,18,5,2,3.32306998946290359e+35,18,5,2,3.32306998946290359e+35,19,4,1,5.76460752303767552e+17
56,2,q_2_0,0,23,1,5.76460752303439872e+17,0,23,1,5.76460752303439872e+17,0,23,1,5.76460752303439872e+17,0,23,1,5.76460752303439872e+17,0,23,2,3.32306998946247858e+35,0,23,2,3.32306998946247858e+35,1,22,1,5.76460752303439872e+17
56,2,q_2_1,0,23,1,5.76460752303439872e+17,0,23,1,5.76460752303439872e+17,0,23,1,5.76460752303439872e+17,0,23,1,5.76460752303439872e+17,0,23,2,3.32306998946247858e+35,0,23,2,3.32306998946247858e+35,1,22,1,5.76460752303439872e+17
56,3,P_3,18,5,1,5.76460752303513600e+17,0,23,1,5.76460752303439872e+17,18,5,1,5.76460752303513600e+17,18,5,1,5.76460752303439872e+17,18,5,2,3.32306998946290359e+35,18,5,2,3.32306998946290359e+35,19,4,1,5.76460752303767552e+17
56,3,q_3_0,0,23,1,5.76460752303439872e+17,0,23,1,5.76460752303439872e+17,0,23,1,5.76460752303439872e+17,0,23,1,5.76460752303439872e+17,0,23,2,3.32306998946247858e+35,0,23,2,3.32306998946247858e+35,1,22,1,5.76460752303439872e+17
56,3,q_3_1,0,23,1,5.76460752303439872e+17,0,23,1,5.76460752303439872e+17,0,23,1,5.76460752303439872e+17,0,23,1,5.76460752303439872e+17,0,23,2,3.32306998946247858e+35,0,23,2,3.32306998946247858e+35,1,22,1,5.76460752303439872e+17
56,3,q_3_2,0,23,1,5.76460752303439872e+17,0,23,1,5.76460752303439872e+17,0,23,1,5.76460752303439872e+17,0,23,1,5.76460752303439872e+17,0,23,2,3.32306998946247858e+35,0,23,2,3.32306998946247858e+35,1,22,1,5.76460752303439872e+17
56,4,M_u_col_0,16,7,2,3.32306998945331719e+35,0,23,1,5.76460752303439872e+17,17,6,1,5.76460752302153728e+17,17,6,1,5.76460752303439872e+17,17,6,2,3.32306998945506446e+35,17,6,2,3.32306998945506446e+35,18,5,1,5.76460752303513600e+17
56,4,M_y_col_0,0,23,1,5.76460752303439872e+17,0,23,1,5.76460752303439872e+17,0,23,1,5.76460752303439872e+17,0,23,1,5.76460752303439872e+17,0,23,2,3.32306998946247858e+35,0,23,2,3.32306998946247858e+35,1,22,1,5.76460752303439872e+17
56,4,M_u_col_1,16,7,2,3.32306998945331719e+35,0,23,1,5.76460752303439872e+17,17,6,1,5.76460752302153728e+17,17,6,1,5.76460752303439872e+17,17,6,2,3.32306998945506446e+35,17,6,2,3.32306998945506446e+35,18,5,1,5.76460752303513600e+17
56,4,M_y_col_1,0,23,1,5.76460752303439872e+17,0,23,1,5.76460752303439872e+17,0,23,1,5.76460752303439872e+17,0,23,1,5.76460752303439872e+17,0,23,2,3.32306998946247858e+35,0,23,2,3.32306998946247858e+35,1,22,1,5.76460752303439872e+17
56,4,M_u_col_2,16,7,2,3.32306998945331719e+35,0,23,1,5.76460752303439872e+17,17,6,1,5.76460752302153728e+17,17,6,1,5.76460752303439872e+17,17,6,2,3.32306998945506446e+35,17,6,2,3.32306998945506446e+35,18,5,1,5.76460752303513600e+17
56,4,M_y_col_2,0,23,1,5.76460752303439872e+17,0,23,1,5.76460752303439872e+17,0,23,1,5.76460752303439872e+17,0,23,1,5.76460752303439872e+17,0,23,2,3.32306998946247858e+35,0,23,2,3.32306998946247858e+35,1,22,1,5.76460752303439872e+17
56,4,M_u_col_3,16,7,2,3.32306998945331719e+35,0,23,1,5.76460752303439872e+17,17,6,1,5.76460752302153728e+17,17,6,1,5.76460752303439872e+17,17,6,2,3.32306998945506446e+35,17,6,2,3.32306998945506446e+35,18,5,1,5.76460752303513600e+17
56,4,M_y_col_3,0,23,1,5.76460752303439872e+17,0,23,1,5.76460752303439872e+17,0,23,1,5.76460752303439872e+17,0,23,1,5.76460752303439872e+17,0,23,2,3.32306998946247858e+35,0,23,2,3.32306998946247858e+35,1,22,1,5.76460752303439872e+17
57,0,P_0,18,5,1,5.76460752303513600e+17,0,23,1,5.76460752303439872e+17,18,5,1,5.76460752303513600e+17,18,5,1,5.76460752303439872e+17,18,5,2,3.32306998946290359e+35,18,5,2,3.32306998946290359e+35,19,4,1,5.76460752303767552e+17
57,1,P_1,18,5,1,5.76460752303513600e+17,0,23,1,5.76460752303439872e+17,18,5,1,5.76460752303513600e+17,18,5,1,5.76460752303439872e+17,18,5,2,3.32306998946290359e+35,18,5,2,3.32306998946290359e+35,19,4,1,5.76460752303767552e+17
57,1,q_1_0,0,23,1,5.76460752303439872e+17,0,23,1,5.76460752303439872e+17,0,23,1,5.76460752303439872e+17,0,23,1,5.76460752303439872e+17,0,23,2,3.32306998946247858e+35,0,23,2,3.32306998946247858e+35,1,22,1,5.76460752303439872e+17
57,2,P_2,18,5,1,5.76460752303513600e+17,0,23,1,5.76460752303439872e+17,18,5,1,5.76460752303513600e+17,18,5,1,5.76460752303439872e+17,18,5,2,3.32306998946290359e+35,18,5,2,3.32306998946290359e+35,19,4,1,5.76460752303767552e+17
57,2,q_2_0,0,23,1,5.76460752303439872e+17,0,23,1,5.76460752303439872e+17,0,23,1,5.76460752303439872e+17,0,23,1,5.76460752303439872e+17,0,23,2,3.32306998946247858e+35,0,23,2,3.32306998946247858e+35,1,22,1,5.76460752303439872e+17
57,2,q_2_1,0,23,1,5.76460752303439872e+17,0,23,1,5.76460752303439872e+17,0,23,1,5.76460752303439872e+17,0,23,1,5.76460752303439872e+17,0,23,2,3.32306998946247858e+35,0,23,2,3.32306998946247858e+35,1,22,1,5.76460752303439872e+17
57,3,P_3,18,5,1,5.76460752303513600e+17,0,23,1,5.76460752303439872e+17,18,5,1,5.76460752303513600e+17,18,5,1,5.76460752303439872e+17,18,5,2,3.32306998946290359e+35,18,5,2,3.32306998946290359e+35,19,4,1,5.76460752303767552e+17
57,3,q_3_0,0,23,1,5.76460752303439872e+17,0,23,1,5.76460752303439872e+17,0,23,1,5.76460752303439872e+17,0,23,1,5.76460752303439872e+17,0,23,2,3.32306998946247858e+35,0,23,2,3.32306998946247858e+35,1,22,1,5.76460752303439872e+17
57,3,q_3_1,0,23,1,5.76460752303439872e+17,0,23,1,5.76460752303439872e+17,0,23,1,5.76460752303439872e+17,0,23,1,5.76460752303439872e+17,0,23,2,3.32306998946247858e+35,0,23,2,3.32306998946247858e+35,1,22,1,5.76460752303439872e+17
57,3,q_3_2,0,23,1,5.76460752303439872e+17,0,23,1,5.76460752303439872e+17,0,23,1,5.76460752303439872e+17,0,23,1,5.76460752303439872e+17,0,23,2,3.32306998946247858e+35,0,23,2,3.32306998946247858e+35,1,22,1,5.76460752303439872e+17
57,4,M_u_col_0,16,7,2,3.32306998945331719e+35,0,23,1,5.76460752303439872e+17,17,6,1,5.76460752302153728e+17,17,6,1,5.76460752303439872e+17,17,6,2,3.32306998945506446e+35,17,6,2,3.32306998945506446e+35,18,5,1,5.76460752303513600e+17
57,4,M_y_col_0,0,23,1,5.76460752303439872e+17,0,23,1,5.76460752303439872e+17,0,23,1,5.76460752303439872e+17,0,23,1,5.76460752303439872e+17,0,23,2,3.32306998946247858e+35,0,23,2,3.32306998946247858e+35,1,22,1,5.76460752303439872e+17
57,4,M_u_col_1,16,7,2,3.32306998945331719e+35,0,23,1,5.76460752303439872e+17,17,6,1,5.76460752302153728e+17,17,6,1,5.76460752303439872e+17,17,6,2,3.32306998945506446e+35,17,6,2,3.32306998945506446e+35,18,5,1,5.76460752303513600e+17
57,4,M_y_col_1,0,23,1,5.76460752303439872e+17,0,23,1,5.76460752303439872e+17,0,23,1,5.76460752303439872e+17,0,23,1,5.76460752303439872e+17,0,23,2,3.32306998946247858e+35,0,23,2,3.32306998946247858e+35,1,22,1,5.76460752303439872e+17
57,4,M_u_col_2,16,7,2,3.32306998945331719e+35,0,23,1,5.76460752303439872e+17,17,6,1,5.76460752302153728e+17,17,6,1,5.76460752303439872e+17,17,6,2,3.32306998945506446e+35,17,6,2,3.32306998945506446e+35,18,5,1,5.76460752303513600e+17
57,4,M_y_col_2,0,23,1,5.76460752303439872e+17,0,23,1,5.76460752303439872e+17,0,23,1,5.76460752303439872e+17,0,23,1,5.76460752303439872e+17,0,23,2,3.32306998946247858e+35,0,23,2,3.32306998946247858e+35,1,22,1,5.76460752303439872e+17
57,4,M_u_col_3,16,7,2,3.32306998945331719e+35,0,23,1,5.76460752303439872e+17,17,6,1,5.76460752302153728e+17,17,6,1,5.76460752303439872e+17,17,6,2,3.32306998945506446e+35,17,6,2,3.32306998945506446e+35,18,5,1,5.76460752303513600e+17
57,4,M_y_col_3,0,23,1,5.76460752303439872e+17,0,23,1,5.76460752303439872e+17,0,23,1,5.76460752303439872e+17,0,23,1,5.76460752303439872e+17,0,23,2,3.32306998946247858e+35,0,23,2,3.32306998946247858e+35,1,22,1,5.76460752303439872e+17
58,0,P_0,18,5,1,5.76460752303513600e+17,0,23,1,5.76460752303439872e+17,18,5,1,5.76460752303513600e+17,18,5,1,5.76460752303439872e+17,18,5,2,3.32306998946290359e+35,18,5,2,3.32306998946290359e+35,19,4,1,5.76460752303767552e+17
58,1,P_1,18,5,1,5.76460752303513600e+17,0,23,1,5.76460752303439872e+17,18,5,1,5.76460752303513600e+17,18,5,1,5.76460752303439872e+17,18,5,2,3.32306998946290359e+35,18,5,2,3.32306998946290359e+35,19,4,1,5.76460752303767552e+17
58,1,q_1_0,0,23,1,5.76460752303439872e+17,0,23,1,5.76460752303439872e+17,0,23,1,5.76460752303439872e+17,0,23,1,5.76460752303439872e+17,0,23,2,3.32306998946247858e+35,0,23,2,3.32306998946247858e+35,1,22,1,5.76460752303439872e+17
58,2,P_2,18,5,1,5.76460752303513600e+17,0,23,1,5.76460752303439872e+17,18,5,1,5.76460752303513600e+17,18,5,1,5.76460752303439872e+17,18,5,2,3.32306998946290359e+35,18,5,2,3.32306998946290359e+35,19,4,1,5.76460752303767552e+17
58,2,q_2_0,0,23,1,5.76460752303439872e+17,0,23,1,5.76460752303439872e+17,0,23,1,5.76460752303439872e+17,0,23,1,5.76460752303439872e+17,0,23,2,3.32306998946247858e+35,0,23,2,3.32306998946247858e+35,1,22,1,5.76460752303439872e+17
58,2,q_2_1,0,23,1,5.76460752303439872e+17,0,23,1,5.76460752303439872e+17,0,23,1,5.76460752303439872e+17,0,23,1,5.76460752303439872e+17,0,23,2,3.32306998946247858e+35,0,23,2,3.32306998946247858e+35,1,22,1,5.76460752303439872e+17
58,3,P_3,18,5,1,5.76460752303513600e+17,0,23,1,5.76460752303439872e+17,18,5,1,5.76460752303513600e+17,18,5,1,5.76460752303439872e+17,18,5,2,3.32306998946290359e+35,18,5,2,3.32306998946290359e+35,19,4,1,5.76460752303767552e+17
58,3,q_3_0,0,23,1,5.76460752303439872e+17,0,23,1,5.76460752303439872e+17,0,23,1,5.76460752303439872e+17,0,23,1,5.76460752303439872e+17,0,23,2,3.32306998946247858e+35,0,23,2,3.32306998946247858e+35,1,22,1,5.76460752303439872e+17
58,3,q_3_1,0,23,1,5.76460752303439872e+17,0,23,1,5.76460752303439872e+17,0,23,1,5.76460752303439872e+17,0,23,1,5.76460752303439872e+17,0,23,2,3.32306998946247858e+35,0,23,2,3.32306998946247858e+35,1,22,1,5.76460752303439872e+17
58,3,q_3_2,0,23,1,5.76460752303439872e+17,0,23,1,5.76460752303439872e+17,0,23,1,5.76460752303439872e+17,0,23,1,5.76460752303439872e+17,0,23,2,3.32306998946247858e+35,0,23,2,3.32306998946247858e+35,1,22,1,5.76460752303439872e+17
58,4,M_u_col_0,16,7,2,3.32306998945331719e+35,0,23,1,5.76460752303439872e+17,17,6,1,5.76460752302153728e+17,17,6,1,5.76460752303439872e+17,17,6,2,3.32306998945506446e+35,17,6,2,3.32306998945506446e+35,18,5,1,5.76460752303513600e+17
58,4,M_y_col_0,0,23,1,5.76460752303439872e+17,0,23,1,5.76460752303439872e+17,0,23,1,5.76460752303439872e+17,0,23,1,5.76460752303439872e+17,0,23,2,3.32306998946247858e+35,0,23,2,3.32306998946247858e+35,1,22,1,5.76460752303439872e+17
58,4,M_u_col_1,16,7,2,3.32306998945331719e+35,0,23,1,5.76460752303439872e+17,17,6,1,5.76460752302153728e+17,17,6,1,5.76460752303439872e+17,17,6,2,3.32306998945506446e+35,17,6,2,3.32306998945506446e+35,18,5,1,5.76460752303513600e+17
58,4,M_y_col_1,0,23,1,5.76460752303439872e+17,0,23,1,5.76460752303439872e+17,0,23,1,5.76460752303439872e+17,0,23,1,5.76460752303439872e+17,0,23,2,3.32306998946247858e+35,0,23,2,3.32306998946247858e+35,1,22,1,5.76460752303439872e+17
58,4,M_u_col_2,16,7,2,3.32306998945331719e+35,0,23,1,5.76460752303439872e+17,17,6,1,5.76460752302153728e+17,17,6,1,5.76460752303439872e+17,17,6,2,3.32306998945506446e+35,17,6,2,3.32306998945506446e+35,18,5,1,5.76460752303513600e+17
58,4,M_y_col_2,0,23,1,5.76460752303439872e+17,0,23,1,5.76460752303439872e+17,0,23,1,5.76460752303439872e+17,0,23,1,5.76460752303439872e+17,0,23,2,3.32306998946247858e+35,0,23,2,3.32306998946247858e+35,1,22,1,5.76460752303439872e+17
58,4,M_u_col_3,16,7,2,3.32306998945331719e+35,0,23,1,5.76460752303439872e+17,17,6,1,5.76460752302153728e+17,17,6,1,5.76460752303439872e+17,17,6,2,3.32306998945506446e+35,17,6,2,3.32306998945506446e+35,18,5,1,5.76460752303513600e+17
58,4,M_y_col_3,0,23,1,5.76460752303439872e+17,0,23,1,5.76460752303439872e+17,0,23,1,5.76460752303439872e+17,0,23,1,5.76460752303439872e+17,0,23,2,3.32306998946247858e+35,0,23,2,3.32306998946247858e+35,1,22,1,5.76460752303439872e+17
59,0,P_0,18,5,1,5.76460752303513600e+17,0,23,1,5.76460752303439872e+17,18,5,1,5.76460752303513600e+17,18,5,1,5.76460752303439872e+17,18,5,2,3.32306998946290359e+35,18,5,2,3.32306998946290359e+35,19,4,1,5.76460752303767552e+17
59,1,P_1,18,5,1,5.76460752303513600e+17,0,23,1,5.76460752303439872e+17,18,5,1,5.76460752303513600e+17,18,5,1,5.76460752303439872e+17,18,5,2,3.32306998946290359e+35,18,5,2,3.32306998946290359e+35,19,4,1,5.76460752303767552e+17
59,1,q_1_0,0,23,1,5.76460752303439872e+17,0,23,1,5.76460752303439872e+17,0,23,1,5.76460752303439872e+17,0,23,1,5.76460752303439872e+17,0,23,2,3.32306998946247858e+35,0,23,2,3.32306998946247858e+35,1,22,1,5.76460752303439872e+17
59,2,P_2,18,5,1,5.76460752303513600e+17,0,23,1,5.76460752303439872e+17,18,5,1,5.76460752303513600e+17,18,5,1,5.76460752303439872e+17,18,5,2,3.32306998946290359e+35,18,5,2,3.32306998946290359e+35,19,4,1,5.76460752303767552e+17
59,2,q_2_0,0,23,1,5.76460752303439872e+17,0,23,1,5.76460752303439872e+17,0,23,1,5.76460752303439872e+17,0,23,1,5.76460752303439872e+17,0,23,2,3.32306998946247858e+35,0,23,2,3.32306998946247858e+35,1,22,1,5.76460752303439872e+17
59,2,q_2_1,0,23,1,5.76460752303439872e+17,0,23,1,5.76460752303439872e+17,0,23,1,5.76460752303439872e+17,0,23,1,5.76460752303439872e+17,0,23,2,3.32306998946247858e+35,0,23,2,3.32306998946247858e+35,1,22,1,5.76460752303439872e+17
59,3,P_3,18,5,1,5.76460752303513600e+17,0,23,1,5.76460752303439872e+17,18,5,1,5.76460752303513600e+17,18,5,1,5.76460752303439872e+17,18,5,2,3.32306998946290359e+35,18,5,2,3.32306998946290359e+35,19,4,1,5.76460752303767552e+17
59,3,q_3_0,0,23,1,5.76460752303439872e+17,0,23,1,5.76460752303439872e+17,0,23,1,5.76460752303439872e+17,0,23,1,5.76460752303439872e+17,0,23,2,3.32306998946247858e+35,0,23,2,3.32306998946247858e+35,1,22,1,5.76460752303439872e+17
59,3,q_3_1,0,23,1,5.76460752303439872e+17,0,23,1,5.76460752303439872e+17,0,23,1,5.76460752303439872e+17,0,23,1,5.76460752303439872e+17,0,23,2,3.32306998946247858e+35,0,23,2,3.32306998946247858e+35,1,22,1,5.76460752303439872e+17
59,3,q_3_2,0,23,1,5.76460752303439872e+17,0,23,1,5.76460752303439872e+17,0,23,1,5.76460752303439872e+17,0,23,1,5.76460752303439872e+17,0,23,2,3.32306998946247858e+35,0,23,2,3.32306998946247858e+35,1,22,1,5.76460752303439872e+17
59,4,M_u_col_0,16,7,2,3.32306998945331719e+35,0,23,1,5.76460752303439872e+17,17,6,1,5.76460752302153728e+17,17,6,1,5.76460752303439872e+17,17,6,2,3.32306998945506446e+35,17,6,2,3.32306998945506446e+35,18,5,1,5.76460752303513600e+17
59,4,M_y_col_0,0,23,1,5.76460752303439872e+17,0,23,1,5.76460752303439872e+17,0,23,1,5.76460752303439872e+17,0,23,1,5.76460752303439872e+17,0,23,2,3.32306998946247858e+35,0,23,2,3.32306998946247858e+35,1,22,1,5.76460752303439872e+17
59,4,M_u_col_1,16,7,2,3.32306998945331719e+35,0,23,1,5.76460752303439872e+17,17,6,1,5.76460752302153728e+17,17,6,1,5.76460752303439872e+17,17,6,2,3.32306998945506446e+35,17,6,2,3.32306998945506446e+35,18,5,1,5.76460752303513600e+17
59,4,M_y_col_1,0,23,1,5.76460752303439872e+17,0,23,1,5.76460752303439872e+17,0,23,1,5.76460752303439872e+17,0,23,1,5.76460752303439872e+17,0,23,2,3.32306998946247858e+35,0,23,2,3.32306998946247858e+35,1,22,1,5.76460752303439872e+17
59,4,M_u_col_2,16,7,2,3.32306998945331719e+35,0,23,1,5.76460752303439872e+17,17,6,1,5.76460752302153728e+17,17,6,1,5.76460752303439872e+17,17,6,2,3.32306998945506446e+35,17,6,2,3.32306998945506446e+35,18,5,1,5.76460752303513600e+17
59,4,M_y_col_2,0,23,1,5.76460752303439872e+17,0,23,1,5.76460752303439872e+17,0,23,1,5.76460752303439872e+17,0,23,1,5.76460752303439872e+17,0,23,2,3.32306998946247858e+35,0,23,2,3.32306998946247858e+35,1,22,1,5.76460752303439872e+17
59,4,M_u_col_3,16,7,2,3.32306998945331719e+35,0,23,1,5.76460752303439872e+17,17,6,1,5.76460752302153728e+17,17,6,1,5.76460752303439872e+17,17,6,2,3.32306998945506446e+35,17,6,2,3.32306998945506446e+35,18,5,1,5.76460752303513600e+17
59,4,M_y_col_3,0,23,1,5.76460752303439872e+17,0,23,1,5.76460752303439872e+17,0,23,1,5.76460752303439872e+17,0,23,1,5.76460752303439872e+17,0,23,2,3.32306998946247858e+35,0,23,2,3.32306998946247858e+35,1,22,1,5.76460752303439872e+17
60,0,P_0,18,5,1,5.76460752303513600e+17,0,23,1,5.76460752303439872e+17,18,5,1,5.76460752303513600e+17,18,5,1,5.76460752303439872e+17,18,5,2,3.32306998946290359e+35,18,5,2,3.32306998946290359e+35,19,4,1,5.76460752303767552e+17
60,1,P_1,18,5,1,5.76460752303513600e+17,0,23,1,5.76460752303439872e+17,18,5,1,5.76460752303513600e+17,18,5,1,5.76460752303439872e+17,18,5,2,3.32306998946290359e+35,18,5,2,3.32306998946290359e+35,19,4,1,5.76460752303767552e+17
60,1,q_1_0,0,23,1,5.76460752303439872e+17,0,23,1,5.76460752303439872e+17,0,23,1,5.76460752303439872e+17,0,23,1,5.76460752303439872e+17,0,23,2,3.32306998946247858e+35,0,23,2,3.32306998946247858e+35,1,22,1,5.76460752303439872e+17
60,2,P_2,18,5,1,5.76460752303513600e+17,0,23,1,5.76460752303439872e+17,18,5,1,5.76460752303513600e+17,18,5,1,5.76460752303439872e+17,18,5,2,3.32306998946290359e+35,18,5,2,3.32306998946290359e+35,19,4,1,5.76460752303767552e+17
60,2,q_2_0,0,23,1,5.76460752303439872e+17,0,23,1,5.76460752303439872e+17,0,23,1,5.76460752303439872e+17,0,23,1,5.76460752303439872e+17,0,23,2,3.32306998946247858e+35,0,23,2,3.32306998946247858e+35,1,22,1,5.76460752303439872e+17
60,2,q_2_1,0,23,1,5.76460752303439872e+17,0,23,1,5.76460752303439872e+17,0,23,1,5.76460752303439872e+17,0,23,1,5.76460752303439872e+17,0,23,2,3.32306998946247858e+35,0,23,2,3.32306998946247858e+35,1,22,1,5.76460752303439872e+17
60,3,P_3,18,5,1,5.76460752303513600e+17,0,23,1,5.76460752303439872e+17,18,5,1,5.76460752303513600e+17,18,5,1,5.76460752303439872e+17,18,5,2,3.32306998946290359e+35,18,5,2,3.32306998946290359e+35,19,4,1,5.76460752303767552e+17
60,3,q_3_0,0,23,1,5.76460752303439872e+17,0,23,1,5.76460752303439872e+17,0,23,1,5.76460752303439872e+17,0,23,1,5.76460752303439872e+17,0,23,2,3.32306998946247858e+35,0,23,2,3.32306998946247858e+35,1,22,1,5.76460752303439872e+17
60,3,q_3_1,0,23,1,5.76460752303439872e+17,0,23,1,5.76460752303439872e+17,0,23,1,5.76460752303439872e+17,0,23,1,5.76460752303439872e+17,0,23,2,3.32306998946247858e+35,0,23,2,3.32306998946247858e+35,1,22,1,5.76460752303439872e+17
60,3,q_3_2,0,23,1,5.76460752303439872e+17,0,23,1,5.76460752303439872e+17,0,23,1,5.76460752303439872e+17,0,23,1,5.76460752303439872e+17,0,23,2,3.32306998946247858e+35,0,23,2,3.32306998946247858e+35,1,22,1,5.76460752303439872e+17
60,4,M_u_col_0,16,7,2,3.32306998945331719e+35,0,23,1,5.76460752303439872e+17,17,6,1,5.76460752302153728e+17,17,6,1,5.76460752303439872e+17,17,6,2,3.32306998945506446e+35,17,6,2,3.32306998945506446e+35,18,5,1,5.76460752303513600e+17
60,4,M_y_col_0,0,23,1,5.76460752303439872e+17,0,23,1,5.76460752303439872e+17,0,23,1,5.76460752303439872e+17,0,23,1,5.76460752303439872e+17,0,23,2,3.32306998946247858e+35,0,23,2,3.32306998946247858e+35,1,22,1,5.76460752303439872e+17
60,4,M_u_col_1,16,7,2,3.32306998945331719e+35,0,23,1,5.76460752303439872e+17,17,6,1,5.76460752302153728e+17,17,6,1,5.76460752303439872e+17,17,6,2,3.32306998945506446e+35,17,6,2,3.32306998945506446e+35,18,5,1,5.76460752303513600e+17
60,4,M_y_col_1,0,23,1,5.76460752303439872e+17,0,23,1,5.76460752303439872e+17,0,23,1,5.76460752303439872e+17,0,23,1,5.76460752303439872e+17,0,23,2,3.32306998946247858e+35,0,23,2,3.32306998946247858e+35,1,22,1,5.76460752303439872e+17
60,4,M_u_col_2,16,7,2,3.32306998945331719e+35,0,23,1,5.76460752303439872e+17,17,6,1,5.76460752302153728e+17,17,6,1,5.76460752303439872e+17,17,6,2,3.32306998945506446e+35,17,6,2,3.32306998945506446e+35,18,5,1,5.76460752303513600e+17
60,4,M_y_col_2,0,23,1,5.76460752303439872e+17,0,23,1,5.76460752303439872e+17,0,23,1,5.76460752303439872e+17,0,23,1,5.76460752303439872e+17,0,23,2,3.32306998946247858e+35,0,23,2,3.32306998946247858e+35,1,22,1,5.76460752303439872e+17
60,4,M_u_col_3,16,7,2,3.32306998945331719e+35,0,23,1,5.76460752303439872e+17,17,6,1,5.76460752302153728e+17,17,6,1,5.76460752303439872e+17,17,6,2,3.32306998945506446e+35,17,6,2,3.32306998945506446e+35,18,5,1,5.76460752303513600e+17
60,4,M_y_col_3,0,23,1,5.76460752303439872e+17,0,23,1,5.76460752303439872e+17,0,23,1,5.76460752303439872e+17,0,23,1,5.76460752303439872e+17,0,23,2,3.32306998946247858e+35,0,23,2,3.32306998946247858e+35,1,22,1,5.76460752303439872e+17
61,0,P_0,18,5,1,5.76460752303513600e+17,0,23,1,5.76460752303439872e+17,18,5,1,5.76460752303513600e+17,18,5,1,5.76460752303439872e+17,18,5,2,3.32306998946290359e+35,18,5,2,3.32306998946290359e+35,19,4,1,5.76460752303767552e+17
61,1,P_1,18,5,1,5.76460752303513600e+17,0,23,1,5.76460752303439872e+17,18,5,1,5.76460752303513600e+17,18,5,1,5.76460752303439872e+17,18,5,2,3.32306998946290359e+35,18,5,2,3.32306998946290359e+35,19,4,1,5.76460752303767552e+17
61,1,q_1_0,0,23,1,5.76460752303439872e+17,0,23,1,5.76460752303439872e+17,0,23,1,5.76460752303439872e+17,0,23,1,5.76460752303439872e+17,0,23,2,3.32306998946247858e+35,0,23,2,3.32306998946247858e+35,1,22,1,5.76460752303439872e+17
61,2,P_2,18,5,1,5.76460752303513600e+17,0,23,1,5.76460752303439872e+17,18,5,1,5.76460752303513600e+17,18,5,1,5.76460752303439872e+17,18,5,2,3.32306998946290359e+35,18,5,2,3.32306998946290359e+35,19,4,1,5.76460752303767552e+17
61,2,q_2_0,0,23,1,5.76460752303439872e+17,0,23,1,5.76460752303439872e+17,0,23,1,5.76460752303439872e+17,0,23,1,5.76460752303439872e+17,0,23,2,3.32306998946247858e+35,0,23,2,3.32306998946247858e+35,1,22,1,5.76460752303439872e+17
61,2,q_2_1,0,23,1,5.76460752303439872e+17,0,23,1,5.76460752303439872e+17,0,23,1,5.76460752303439872e+17,0,23,1,5.76460752303439872e+17,0,23,2,3.32306998946247858e+35,0,23,2,3.32306998946247858e+35,1,22,1,5.76460752303439872e+17
61,3,P_3,18,5,1,5.76460752303513600e+17,0,23,1,5.76460752303439872e+17,18,5,1,5.76460752303513600e+17,18,5,1,5.76460752303439872e+17,18,5,2,3.32306998946290359e+35,18,5,2,3.32306998946290359e+35,19,4,1,5.76460752303767552e+17
61,3,q_3_0,0,23,1,5.76460752303439872e+17,0,23,1,5.76460752303439872e+17,0,23,1,5.76460752303439872e+17,0,23,1,5.76460752303439872e+17,0,23,2,3.32306998946247858e+35,0,23,2,3.32306998946247858e+35,1,22,1,5.76460752303439872e+17
61,3,q_3_1,0,23,1,5.76460752303439872e+17,0,23,1,5.76460752303439872e+17,0,23,1,5.76460752303439872e+17,0,23,1,5.76460752303439872e+17,0,23,2,3.32306998946247858e+35,0,23,2,3.32306998946247858e+35,1,22,1,5.76460752303439872e+17
61,3,q_3_2,0,23,1,5.76460752303439872e+17,0,23,1,5.76460752303439872e+17,0,23,1,5.76460752303439872e+17,0,23,1,5.76460752303439872e+17,0,23,2,3.32306998946247858e+35,0,23,2,3.32306998946247858e+35,1,22,1,5.76460752303439872e+17
61,4,M_u_col_0,16,7,2,3.32306998945331719e+35,0,23,1,5.76460752303439872e+17,17,6,1,5.76460752302153728e+17,17,6,1,5.76460752303439872e+17,17,6,2,3.32306998945506446e+35,17,6,2,3.32306998945506446e+35,18,5,1,5.76460752303513600e+17
61,4,M_y_col_0,0,23,1,5.76460752303439872e+17,0,23,1,5.76460752303439872e+17,0,23,1,5.76460752303439872e+17,0,23,1,5.76460752303439872e+17,0,23,2,3.32306998946247858e+35,0,23,2,3.32306998946247858e+35,1,22,1,5.76460752303439872e+17
61,4,M_u_col_1,16,7,2,3.32306998945331719e+35,0,23,1,5.76460752303439872e+17,17,6,1,5.76460752302153728e+17,17,6,1,5.76460752303439872e+17,17,6,2,3.32306998945506446e+35,17,6,2,3.32306998945506446e+35,18,5,1,5.76460752303513600e+17
61,4,M_y_col_1,0,23,1,5.76460752303439872e+17,0,23,1,5.76460752303439872e+17,0,23,1,5.76460752303439872e+17,0,23,1,5.76460752303439872e+17,0,23,2,3.32306998946247858e+35,0,23,2,3.32306998946247858e+35,1,22,1,5.76460752303439872e+17
61,4,M_u_col_2,16,7,2,3.32306998945331719e+35,0,23,1,5.76460752303439872e+17,17,6,1,5.76460752302153728e+17,17,6,1,5.76460752303439872e+17,17,6,2,3.32306998945506446e+35,17,6,2,3.32306998945506446e+35,18,5,1,5.76460752303513600e+17
61,4,M_y_col_2,0,23,1,5.76460752303439872e+17,0,23,1,5.76460752303439872e+17,0,23,1,5.76460752303439872e+17,0,23,1,5.76460752303439872e+17,0,23,2,3.32306998946247858e+35,0,23,2,3.32306998946247858e+35,1,22,1,5.76460752303439872e+17
61,4,M_u_col_3,16,7,2,3.32306998945331719e+35,0,23,1,5.76460752303439872e+17,17,6,1,5.76460752302153728e+17,17,6,1,5.76460752303439872e+17,17,6,2,3.32306998945506446e+35,17,6,2,3.32306998945506446e+35,18,5,1,5.76460752303513600e+17
61,4,M_y_col_3,0,23,1,5.76460752303439872e+17,0,23,1,5.76460752303439872e+17,0,23,1,5.76460752303439872e+17,0,23,1,5.76460752303439872e+17,0,23,2,3.32306998946247858e+35,0,23,2,3.32306998946247858e+35,1,22,1,5.76460752303439872e+17
62,0,P_0,18,5,1,5.76460752303513600e+17,0,23,1,5.76460752303439872e+17,18,5,1,5.76460752303513600e+17,18,5,1,5.76460752303439872e+17,18,5,2,3.32306998946290359e+35,18,5,2,3.32306998946290359e+35,19,4,1,5.76460752303767552e+17
62,1,P_1,18,5,1,5.76460752303513600e+17,0,23,1,5.76460752303439872e+17,18,5,1,5.76460752303513600e+17,18,5,1,5.76460752303439872e+17,18,5,2,3.32306998946290359e+35,18,5,2,3.32306998946290359e+35,19,4,1,5.76460752303767552e+17
62,1,q_1_0,0,23,1,5.76460752303439872e+17,0,23,1,5.76460752303439872e+17,0,23,1,5.76460752303439872e+17,0,23,1,5.76460752303439872e+17,0,23,2,3.32306998946247858e+35,0,23,2,3.32306998946247858e+35,1,22,1,5.76460752303439872e+17
62,2,P_2,18,5,1,5.76460752303513600e+17,0,23,1,5.76460752303439872e+17,18,5,1,5.76460752303513600e+17,18,5,1,5.76460752303439872e+17,18,5,2,3.32306998946290359e+35,18,5,2,3.32306998946290359e+35,19,4,1,5.76460752303767552e+17
62,2,q_2_0,0,23,1,5.76460752303439872e+17,0,23,1,5.76460752303439872e+17,0,23,1,5.76460752303439872e+17,0,23,1,5.76460752303439872e+17,0,23,2,3.32306998946247858e+35,0,23,2,3.32306998946247858e+35,1,22,1,5.76460752303439872e+17
62,2,q_2_1,0,23,1,5.76460752303439872e+17,0,23,1,5.76460752303439872e+17,0,23,1,5.76460752303439872e+17,0,23,1,5.76460752303439872e+17,0,23,2,3.32306998946247858e+35,0,23,2,3.32306998946247858e+35,1,22,1,5.76460752303439872e+17
62,3,P_3,18,5,1,5.76460752303513600e+17,0,23,1,5.76460752303439872e+17,18,5,1,5.76460752303513600e+17,18,5,1,5.76460752303439872e+17,18,5,2,3.32306998946290359e+35,18,5,2,3.32306998946290359e+35,19,4,1,5.76460752303767552e+17
62,3,q_3_0,0,23,1,5.76460752303439872e+17,0,23,1,5.76460752303439872e+17,0,23,1,5.76460752303439872e+17,0,23,1,5.76460752303439872e+17,0,23,2,3.32306998946247858e+35,0,23,2,3.32306998946247858e+35,1,22,1,5.76460752303439872e+17
62,3,q_3_1,0,23,1,5.76460752303439872e+17,0,23,1,5.76460752303439872e+17,0,23,1,5.76460752303439872e+17,0,23,1,5.76460752303439872e+17,0,23,2,3.32306998946247858e+35,0,23,2,3.32306998946247858e+35,1,22,1,5.76460752303439872e+17
62,3,q_3_2,0,23,1,5.76460752303439872e+17,0,23,1,5.76460752303439872e+17,0,23,1,5.76460752303439872e+17,0,23,1,5.76460752303439872e+17,0,23,2,3.32306998946247858e+35,0,23,2,3.32306998946247858e+35,1,22,1,5.76460752303439872e+17
62,4,M_u_col_0,16,7,2,3.32306998945331719e+35,0,23,1,5.76460752303439872e+17,17,6,1,5.76460752302153728e+17,17,6,1,5.76460752303439872e+17,17,6,2,3.32306998945506446e+35,17,6,2,3.32306998945506446e+35,18,5,1,5.76460752303513600e+17
62,4,M_y_col_0,0,23,1,5.76460752303439872e+17,0,23,1,5.76460752303439872e+17,0,23,1,5.76460752303439872e+17,0,23,1,5.76460752303439872e+17,0,23,2,3.32306998946247858e+35,0,23,2,3.32306998946247858e+35,1,22,1,5.76460752303439872e+17
62,4,M_u_col_1,16,7,2,3.32306998945331719e+35,0,23,1,5.76460752303439872e+17,17,6,1,5.76460752302153728e+17,17,6,1,5.76460752303439872e+17,17,6,2,3.32306998945506446e+35,17,6,2,3.32306998945506446e+35,18,5,1,5.76460752303513600e+17
62,4,M_y_col_1,0,23,1,5.76460752303439872e+17,0,23,1,5.76460752303439872e+17,0,23,1,5.76460752303439872e+17,0,23,1,5.76460752303439872e+17,0,23,2,3.32306998946247858e+35,0,23,2,3.32306998946247858e+35,1,22,1,5.76460752303439872e+17
62,4,M_u_col_2,16,7,2,3.32306998945331719e+35,0,23,1,5.76460752303439872e+17,17,6,1,5.76460752302153728e+17,17,6,1,5.76460752303439872e+17,17,6,2,3.32306998945506446e+35,17,6,2,3.32306998945506446e+35,18,5,1,5.76460752303513600e+17
62,4,M_y_col_2,0,23,1,5.76460752303439872e+17,0,23,1,5.76460752303439872e+17,0,23,1,5.76460752303439872e+17,0,23,1,5.76460752303439872e+17,0,23,2,3.32306998946247858e+35,0,23,2,3.32306998946247858e+35,1,22,1,5.76460752303439872e+17
62,4,M_u_col_3,16,7,2,3.32306998945331719e+35,0,23,1,5.76460752303439872e+17,17,6,1,5.76460752302153728e+17,17,6,1,5.76460752303439872e+17,17,6,2,3.32306998945506446e+35,17,6,2,3.32306998945506446e+35,18,5,1,5.76460752303513600e+17
62,4,M_y_col_3,0,23,1,5.76460752303439872e+17,0,23,1,5.76460752303439872e+17,0,23,1,5.76460752303439872e+17,0,23,1,5.76460752303439872e+17,0,23,2,3.32306998946247858e+35,0,23,2,3.32306998946247858e+35,1,22,1,5.76460752303439872e+17
63,0,P_0,18,5,1,5.76460752303513600e+17,0,23,1,5.76460752303439872e+17,18,5,1,5.76460752303513600e+17,18,5,1,5.76460752303439872e+17,18,5,2,3.32306998946290359e+35,18,5,2,3.32306998946290359e+35,19,4,1,5.76460752303767552e+17
63,1,P_1,18,5,1,5.76460752303513600e+17,0,23,1,5.76460752303439872e+17,18,5,1,5.76460752303513600e+17,18,5,1,5.76460752303439872e+17,18,5,2,3.32306998946290359e+35,18,5,2,3.32306998946290359e+35,19,4,1,5.76460752303767552e+17
63,1,q_1_0,0,23,1,5.76460752303439872e+17,0,23,1,5.76460752303439872e+17,0,23,1,5.76460752303439872e+17,0,23,1,5.76460752303439872e+17,0,23,2,3.32306998946247858e+35,0,23,2,3.32306998946247858e+35,1,22,1,5.76460752303439872e+17
63,2,P_2,18,5,1,5.76460752303513600e+17,0,23,1,5.76460752303439872e+17,18,5,1,5.76460752303513600e+17,18,5,1,5.76460752303439872e+17,18,5,2,3.32306998946290359e+35,18,5,2,3.32306998946290359e+35,19,4,1,5.76460752303767552e+17
63,2,q_2_0,0,23,1,5.76460752303439872e+17,0,23,1,5.76460752303439872e+17,0,23,1,5.76460752303439872e+17,0,23,1,5.76460752303439872e+17,0,23,2,3.32306998946247858e+35,0,23,2,3.32306998946247858e+35,1,22,1,5.76460752303439872e+17
63,2,q_2_1,0,23,1,5.76460752303439872e+17,0,23,1,5.76460752303439872e+17,0,23,1,5.76460752303439872e+17,0,23,1,5.76460752303439872e+17,0,23,2,3.32306998946247858e+35,0,23,2,3.32306998946247858e+35,1,22,1,5.76460752303439872e+17
63,3,P_3,18,5,1,5.76460752303513600e+17,0,23,1,5.76460752303439872e+17,18,5,1,5.76460752303513600e+17,18,5,1,5.76460752303439872e+17,18,5,2,3.32306998946290359e+35,18,5,2,3.32306998946290359e+35,19,4,1,5.76460752303767552e+17
63,3,q_3_0,0,23,1,5.76460752303439872e+17,0,23,1,5.76460752303439872e+17,0,23,1,5.76460752303439872e+17,0,23,1,5.76460752303439872e+17,0,23,2,3.32306998946247858e+35,0,23,2,3.32306998946247858e+35,1,22,1,5.76460752303439872e+17
63,3,q_3_1,0,23,1,5.76460752303439872e+17,0,23,1,5.76460752303439872e+17,0,23,1,5.76460752303439872e+17,0,23,1,5.76460752303439872e+17,0,23,2,3.32306998946247858e+35,0,23,2,3.32306998946247858e+35,1,22,1,5.76460752303439872e+17
63,3,q_3_2,0,23,1,5.76460752303439872e+17,0,23,1,5.76460752303439872e+17,0,23,1,5.76460752303439872e+17,0,23,1,5.76460752303439872e+17,0,23,2,3.32306998946247858e+35,0,23,2,3.32306998946247858e+35,1,22,1,5.76460752303439872e+17
63,4,M_u_col_0,16,7,2,3.32306998945331719e+35,0,23,1,5.76460752303439872e+17,17,6,1,5.76460752302153728e+17,17,6,1,5.76460752303439872e+17,17,6,2,3.32306998945506446e+35,17,6,2,3.32306998945506446e+35,18,5,1,5.76460752303513600e+17
63,4,M_y_col_0,0,23,1,5.76460752303439872e+17,0,23,1,5.76460752303439872e+17,0,23,1,5.76460752303439872e+17,0,23,1,5.76460752303439872e+17,0,23,2,3.32306998946247858e+35,0,23,2,3.32306998946247858e+35,1,22,1,5.76460752303439872e+17
63,4,M_u_col_1,16,7,2,3.32306998945331719e+35,0,23,1,5.76460752303439872e+17,17,6,1,5.76460752302153728e+17,17,6,1,5.76460752303439872e+17,17,6,2,3.32306998945506446e+35,17,6,2,3.32306998945506446e+35,18,5,1,5.76460752303513600e+17
63,4,M_y_col_1,0,23,1,5.76460752303439872e+17,0,23,1,5.76460752303439872e+17,0,23,1,5.76460752303439872e+17,0,23,1,5.76460752303439872e+17,0,23,2,3.32306998946247858e+35,0,23,2,3.32306998946247858e+35,1,22,1,5.76460752303439872e+17
63,4,M_u_col_2,16,7,2,3.32306998945331719e+35,0,23,1,5.76460752303439872e+17,17,6,1,5.76460752302153728e+17,17,6,1,5.76460752303439872e+17,17,6,2,3.32306998945506446e+35,17,6,2,3.32306998945506446e+35,18,5,1,5.76460752303513600e+17
63,4,M_y_col_2,0,23,1,5.76460752303439872e+17,0,23,1,5.76460752303439872e+17,0,23,1,5.76460752303439872e+17,0,23,1,5.76460752303439872e+17,0,23,2,3.32306998946247858e+35,0,23,2,3.32306998946247858e+35,1,22,1,5.76460752303439872e+17
63,4,M_u_col_3,16,7,2,3.32306998945331719e+35,0,23,1,5.76460752303439872e+17,17,6,1,5.76460752302153728e+17,17,6,1,5.76460752303439872e+17,17,6,2,3.32306998945506446e+35,17,6,2,3.32306998945506446e+35,18,5,1,5.76460752303513600e+17
63,4,M_y_col_3,0,23,1,5.76460752303439872e+17,0,23,1,5.76460752303439872e+17,0,23,1,5.76460752303439872e+17,0,23,1,5.76460752303439872e+17,0,23,2,3.32306998946247858e+35,0,23,2,3.32306998946247858e+35,1,22,1,5.76460752303439872e+17
64,0,P_0,18,5,1,5.76460752303513600e+17,0,23,1,5.76460752303439872e+17,18,5,1,5.76460752303513600e+17,18,5,1,5.76460752303439872e+17,18,5,2,3.32306998946290359e+35,18,5,2,3.32306998946290359e+35,19,4,1,5.76460752303767552e+17
64,1,P_1,18,5,1,5.76460752303513600e+17,0,23,1,5.76460752303439872e+17,18,5,1,5.76460752303513600e+17,18,5,1,5.76460752303439872e+17,18,5,2,3.32306998946290359e+35,18,5,2,3.32306998946290359e+35,19,4,1,5.76460752303767552e+17
64,1,q_1_0,0,23,1,5.76460752303439872e+17,0,23,1,5.76460752303439872e+17,0,23,1,5.76460752303439872e+17,0,23,1,5.76460752303439872e+17,0,23,2,3.32306998946247858e+35,0,23,2,3.32306998946247858e+35,1,22,1,5.76460752303439872e+17
64,2,P_2,18,5,1,5.76460752303513600e+17,0,23,1,5.76460752303439872e+17,18,5,1,5.76460752303513600e+17,18,5,1,5.76460752303439872e+17,18,5,2,3.32306998946290359e+35,18,5,2,3.32306998946290359e+35,19,4,1,5.76460752303767552e+17
64,2,q_2_0,0,23,1,5.76460752303439872e+17,0,23,1,5.76460752303439872e+17,0,23,1,5.76460752303439872e+17,0,23,1,5.76460752303439872e+17,0,23,2,3.32306998946247858e+35,0,23,2,3.32306998946247858e+35,1,22,1,5.76460752303439872e+17
64,2,q_2_1,0,23,1,5.76460752303439872e+17,0,23,1,5.76460752303439872e+17,0,23,1,5.76460752303439872e+17,0,23,1,5.76460752303439872e+17,0,23,2,3.32306998946247858e+35,0,23,2,3.32306998946247858e+35,1,22,1,5.76460752303439872e+17
64,3,P_3,18,5,1,5.76460752303513600e+17,0,23,1,5.76460752303439872e+17,18,5,1,5.76460752303513600e+17,18,5,1,5.76460752303439872e+17,18,5,2,3.32306998946290359e+35,18,5,2,3.32306998946290359e+35,19,4,1,5.76460752303767552e+17
64,3,q_3_0,0,23,1,5.76460752303439872e+17,0,23,1,5.76460752303439872e+17,0,23,1,5.76460752303439872e+17,0,23,1,5.76460752303439872e+17,0,23,2,3.32306998946247858e+35,0,23,2,3.32306998946247858e+35,1,22,1,5.76460752303439872e+17
64,3,q_3_1,0,23,1,5.76460752303439872e+17,0,23,1,5.76460752303439872e+17,0,23,1,5.76460752303439872e+17,0,23,1,5.76460752303439872e+17,0,23,2,3.32306998946247858e+35,0,23,2,3.32306998946247858e+35,1,22,1,5.76460752303439872e+17
64,3,q_3_2,0,23,1,5.76460752303439872e+17,0,23,1,5.76460752303439872e+17,0,23,1,5.76460752303439872e+17,0,23,1,5.76460752303439872e+17,0,23,2,3.32306998946247858e+35,0,23,2,3.32306998946247858e+35,1,22,1,5.76460752303439872e+17
64,4,M_u_col_0,16,7,2,3.32306998945331719e+35,0,23,1,5.76460752303439872e+17,17,6,1,5.76460752302153728e+17,17,6,1,5.76460752303439872e+17,17,6,2,3.32306998945506446e+35,17,6,2,3.32306998945506446e+35,18,5,1,5.76460752303513600e+17
64,4,M_y_col_0,0,23,1,5.76460752303439872e+17,0,23,1,5.76460752303439872e+17,0,23,1,5.76460752303439872e+17,0,23,1,5.76460752303439872e+17,0,23,2,3.32306998946247858e+35,0,23,2,3.32306998946247858e+35,1,22,1,5.76460752303439872e+17
64,4,M_u_col_1,16,7,2,3.32306998945331719e+35,0,23,1,5.76460752303439872e+17,17,6,1,5.76460752302153728e+17,17,6,1,5.76460752303439872e+17,17,6,2,3.32306998945506446e+35,17,6,2,3.32306998945506446e+35,18,5,1,5.76460752303513600e+17
64,4,M_y_col_1,0,23,1,5.76460752303439872e+17,0,23,1,5.76460752303439872e+17,0,23,1,5.76460752303439872e+17,0,23,1,5.76460752303439872e+17,0,23,2,3.32306998946247858e+35,0,23,2,3.32306998946247858e+35,1,22,1,5.76460752303439872e+17
64,4,M_u_col_2,16,7,2,3.32306998945331719e+35,0,23,1,5.76460752303439872e+17,17,6,1,5.76460752302153728e+17,17,6,1,5.76460752303439872e+17,17,6,2,3.32306998945506446e+35,17,6,2,3.32306998945506446e+35,18,5,1,5.76460752303513600e+17
64,4,M_y_col_2,0,23,1,5.76460752303439872e+17,0,23,1,5.76460752303439872e+17,0,23,1,5.76460752303439872e+17,0,23,1,5.76460752303439872e+17,0,23,2,3.32306998946247858e+35,0,23,2,3.32306998946247858e+35,1,22,1,5.76460752303439872e+17
64,4,M_u_col_3,16,7,2,3.32306998945331719e+35,0,23,1,5.76460752303439872e+17,17,6,1,5.76460752302153728e+17,17,6,1,5.76460752303439872e+17,17,6,2,3.32306998945506446e+35,17,6,2,3.32306998945506446e+35,18,5,1,5.76460752303513600e+17
64,4,M_y_col_3,0,23,1,5.76460752303439872e+17,0,23,1,5.76460752303439872e+17,0,23,1,5.76460752303439872e+17,0,23,1,5.76460752303439872e+17,0,23,2,3.32306998946247858e+35,0,23,2,3.32306998946247858e+35,1,22,1,5.76460752303439872e+17
65,0,P_0,18,5,1,5.76460752303513600e+17,0,23,1,5.76460752303439872e+17,18,5,1,5.76460752303513600e+17,18,5,1,5.76460752303439872e+17,18,5,2,3.32306998946290359e+35,18,5,2,3.32306998946290359e+35,19,4,1,5.76460752303767552e+17
65,1,P_1,18,5,1,5.76460752303513600e+17,0,23,1,5.76460752303439872e+17,18,5,1,5.76460752303513600e+17,18,5,1,5.76460752303439872e+17,18,5,2,3.32306998946290359e+35,18,5,2,3.32306998946290359e+35,19,4,1,5.76460752303767552e+17
65,1,q_1_0,0,23,1,5.76460752303439872e+17,0,23,1,5.76460752303439872e+17,0,23,1,5.76460752303439872e+17,0,23,1,5.76460752303439872e+17,0,23,2,3.32306998946247858e+35,0,23,2,3.32306998946247858e+35,1,22,1,5.76460752303439872e+17
65,2,P_2,18,5,1,5.76460752303513600e+17,0,23,1,5.76460752303439872e+17,18,5,1,5.76460752303513600e+17,18,5,1,5.76460752303439872e+17,18,5,2,3.32306998946290359e+35,18,5,2,3.32306998946290359e+35,19,4,1,5.76460752303767552e+17
65,2,q_2_0,0,23,1,5.76460752303439872e+17,0,23,1,5.76460752303439872e+17,0,23,1,5.76460752303439872e+17,0,23,1,5.76460752303439872e+17,0,23,2,3.32306998946247858e+35,0,23,2,3.32306998946247858e+35,1,22,1,5.76460752303439872e+17
65,2,q_2_1,0,23,1,5.76460752303439872e+17,0,23,1,5.76460752303439872e+17,0,23,1,5.76460752303439872e+17,0,23,1,5.76460752303439872e+17,0,23,2,3.32306998946247858e+35,0,23,2,3.32306998946247858e+35,1,22,1,5.76460752303439872e+17
65,3,P_3,18,5,1,5.76460752303513600e+17,0,23,1,5.76460752303439872e+17,18,5,1,5.76460752303513600e+17,18,5,1,5.76460752303439872e+17,18,5,2,3.32306998946290359e+35,18,5,2,3.32306998946290359e+35,19,4,1,5.76460752303767552e+17
65,3,q_3_0,0,23,1,5.76460752303439872e+17,0,23,1,5.76460752303439872e+17,0,23,1,5.76460752303439872e+17,0,23,1,5.76460752303439872e+17,0,23,2,3.32306998946247858e+35,0,23,2,3.32306998946247858e+35,1,22,1,5.76460752303439872e+17
65,3,q_3_1,0,23,1,5.76460752303439872e+17,0,23,1,5.76460752303439872e+17,0,23,1,5.76460752303439872e+17,0,23,1,5.76460752303439872e+17,0,23,2,3.32306998946247858e+35,0,23,2,3.32306998946247858e+35,1,22,1,5.76460752303439872e+17
65,3,q_3_2,0,23,1,5.76460752303439872e+17,0,23,1,5.76460752303439872e+17,0,23,1,5.76460752303439872e+17,0,23,1,5.76460752303439872e+17,0,23,2,3.32306998946247858e+35,0,23,2,3.32306998946247858e+35,1,22,1,5.76460752303439872e+17
65,4,M_u_col_0,16,7,2,3.32306998945331719e+35,0,23,1,5.76460752303439872e+17,17,6,1,5.76460752302153728e+17,17,6,1,5.76460752303439872e+17,17,6,2,3.32306998945506446e+35,17,6,2,3.32306998945506446e+35,18,5,1,5.76460752303513600e+17
65,4,M_y_col_0,0,23,1,5.76460752303439872e+17,0,23,1,5.76460752303439872e+17,0,23,1,5.76460752303439872e+17,0,23,1,5.76460752303439872e+17,0,23,2,3.32306998946247858e+35,0,23,2,3.32306998946247858e+35,1,22,1,5.76460752303439872e+17
65,4,M_u_col_1,16,7,2,3.32306998945331719e+35,0,23,1,5.76460752303439872e+17,17,6,1,5.76460752302153728e+17,17,6,1,5.76460752303439872e+17,17,6,2,3.32306998945506446e+35,17,6,2,3.32306998945506446e+35,18,5,1,5.76460752303513600e+17
65,4,M_y_col_1,0,23,1,5.76460752303439872e+17,0,23,1,5.76460752303439872e+17,0,23,1,5.76460752303439872e+17,0,23,1,5.76460752303439872e+17,0,23,2,3.32306998946247858e+35,0,23,2,3.32306998946247858e+35,1,22,1,5.76460752303439872e+17
65,4,M_u_col_2,16,7,2,3.32306998945331719e+35,0,23,1,5.76460752303439872e+17,17,6,1,5.76460752302153728e+17,17,6,1,5.76460752303439872e+17,17,6,2,3.32306998945506446e+35,17,6,2,3.32306998945506446e+35,18,5,1,5.76460752303513600e+17
65,4,M_y_col_2,0,23,1,5.76460752303439872e+17,0,23,1,5.76460752303439872e+17,0,23,1,5.76460752303439872e+17,0,23,1,5.76460752303439872e+17,0,23,2,3.32306998946247858e+35,0,23,2,3.32306998946247858e+35,1,22,1,5.76460752303439872e+17
65,4,M_u_col_3,16,7,2,3.32306998945331719e+35,0,23,1,5.76460752303439872e+17,17,6,1,5.76460752302153728e+17,17,6,1,5.76460752303439872e+17,17,6,2,3.32306998945506446e+35,17,6,2,3.32306998945506446e+35,18,5,1,5.76460752303513600e+17
65,4,M_y_col_3,0,23,1,5.76460752303439872e+17,0,23,1,5.76460752303439872e+17,0,23,1,5.76460752303439872e+17,0,23,1,5.76460752303439872e+17,0,23,2,3.32306998946247858e+35,0,23,2,3.32306998946247858e+35,1,22,1,5.76460752303439872e+17
66,0,P_0,18,5,1,5.76460752303513600e+17,0,23,1,5.76460752303439872e+17,18,5,1,5.76460752303513600e+17,18,5,1,5.76460752303439872e+17,18,5,2,3.32306998946290359e+35,18,5,2,3.32306998946290359e+35,19,4,1,5.76460752303767552e+17
66,1,P_1,18,5,1,5.76460752303513600e+17,0,23,1,5.76460752303439872e+17,18,5,1,5.76460752303513600e+17,18,5,1,5.76460752303439872e+17,18,5,2,3.32306998946290359e+35,18,5,2,3.32306998946290359e+35,19,4,1,5.76460752303767552e+17
66,1,q_1_0,0,23,1,5.76460752303439872e+17,0,23,1,5.76460752303439872e+17,0,23,1,5.76460752303439872e+17,0,23,1,5.76460752303439872e+17,0,23,2,3.32306998946247858e+35,0,23,2,3.32306998946247858e+35,1,22,1,5.76460752303439872e+17
66,2,P_2,18,5,1,5.76460752303513600e+17,0,23,1,5.76460752303439872e+17,18,5,1,5.76460752303513600e+17,18,5,1,5.76460752303439872e+17,18,5,2,3.32306998946290359e+35,18,5,2,3.32306998946290359e+35,19,4,1,5.76460752303767552e+17
66,2,q_2_0,0,23,1,5.76460752303439872e+17,0,23,1,5.76460752303439872e+17,0,23,1,5.76460752303439872e+17,0,23,1,5.76460752303439872e+17,0,23,2,3.32306998946247858e+35,0,23,2,3.32306998946247858e+35,1,22,1,5.76460752303439872e+17
66,2,q_2_1,0,23,1,5.76460752303439872e+17,0,23,1,5.76460752303439872e+17,0,23,1,5.76460752303439872e+17,0,23,1,5.76460752303439872e+17,0,23,2,3.32306998946247858e+35,0,23,2,3.32306998946247858e+35,1,22,1,5.76460752303439872e+17
66,3,P_3,18,5,1,5.76460752303513600e+17,0,23,1,5.76460752303439872e+17,18,5,1,5.76460752303513600e+17,18,5,1,5.76460752303439872e+17,18,5,2,3.32306998946290359e+35,18,5,2,3.32306998946290359e+35,19,4,1,5.76460752303767552e+17
66,3,q_3_0,0,23,1,5.76460752303439872e+17,0,23,1,5.76460752303439872e+17,0,23,1,5.76460752303439872e+17,0,23,1,5.76460752303439872e+17,0,23,2,3.32306998946247858e+35,0,23,2,3.32306998946247858e+35,1,22,1,5.76460752303439872e+17
66,3,q_3_1,0,23,1,5.76460752303439872e+17,0,23,1,5.76460752303439872e+17,0,23,1,5.76460752303439872e+17,0,23,1,5.76460752303439872e+17,0,23,2,3.32306998946247858e+35,0,23,2,3.32306998946247858e+35,1,22,1,5.76460752303439872e+17
66,3,q_3_2,0,23,1,5.76460752303439872e+17,0,23,1,5.76460752303439872e+17,0,23,1,5.76460752303439872e+17,0,23,1,5.76460752303439872e+17,0,23,2,3.32306998946247858e+35,0,23,2,3.32306998946247858e+35,1,22,1,5.76460752303439872e+17
66,4,M_u_col_0,16,7,2,3.32306998945331719e+35,0,23,1,5.76460752303439872e+17,17,6,1,5.76460752302153728e+17,17,6,1,5.76460752303439872e+17,17,6,2,3.32306998945506446e+35,17,6,2,3.32306998945506446e+35,18,5,1,5.76460752303513600e+17
66,4,M_y_col_0,0,23,1,5.76460752303439872e+17,0,23,1,5.76460752303439872e+17,0,23,1,5.76460752303439872e+17,0,23,1,5.76460752303439872e+17,0,23,2,3.32306998946247858e+35,0,23,2,3.32306998946247858e+35,1,22,1,5.76460752303439872e+17
66,4,M_u_col_1,16,7,2,3.32306998945331719e+35,0,23,1,5.76460752303439872e+17,17,6,1,5.76460752302153728e+17,17,6,1,5.76460752303439872e+17,17,6,2,3.32306998945506446e+35,17,6,2,3.32306998945506446e+35,18,5,1,5.76460752303513600e+17
66,4,M_y_col_1,0,23,1,5.76460752303439872e+17,0,23,1,5.76460752303439872e+17,0,23,1,5.76460752303439872e+17,0,23,1,5.76460752303439872e+17,0,23,2,3.32306998946247858e+35,0,23,2,3.32306998946247858e+35,1,22,1,5.76460752303439872e+17
66,4,M_u_col_2,16,7,2,3.32306998945331719e+35,0,23,1,5.76460752303439872e+17,17,6,1,5.76460752302153728e+17,17,6,1,5.76460752303439872e+17,17,6,2,3.32306998945506446e+35,17,6,2,3.32306998945506446e+35,18,5,1,5.76460752303513600e+17
66,4,M_y_col_2,0,23,1,5.76460752303439872e+17,0,23,1,5.76460752303439872e+17,0,23,1,5.76460752303439872e+17,0,23,1,5.76460752303439872e+17,0,23,2,3.32306998946247858e+35,0,23,2,3.32306998946247858e+35,1,22,1,5.76460752303439872e+17
66,4,M_u_col_3,16,7,2,3.32306998945331719e+35,0,23,1,5.76460752303439872e+17,17,6,1,5.76460752302153728e+17,17,6,1,5.76460752303439872e+17,17,6,2,3.32306998945506446e+35,17,6,2,3.32306998945506446e+35,18,5,1,5.76460752303513600e+17
66,4,M_y_col_3,0,23,1,5.76460752303439872e+17,0,23,1,5.76460752303439872e+17,0,23,1,5.76460752303439872e+17,0,23,1,5.76460752303439872e+17,0,23,2,3.32306998946247858e+35,0,23,2,3.32306998946247858e+35,1,22,1,5.76460752303439872e+17
67,0,P_0,18,5,1,5.76460752303513600e+17,0,23,1,5.76460752303439872e+17,18,5,1,5.76460752303513600e+17,18,5,1,5.76460752303439872e+17,18,5,2,3.32306998946290359e+35,18,5,2,3.32306998946290359e+35,19,4,1,5.76460752303767552e+17
67,1,P_1,18,5,1,5.76460752303513600e+17,0,23,1,5.76460752303439872e+17,18,5,1,5.76460752303513600e+17,18,5,1,5.76460752303439872e+17,18,5,2,3.32306998946290359e+35,18,5,2,3.32306998946290359e+35,19,4,1,5.76460752303767552e+17
67,1,q_1_0,0,23,1,5.76460752303439872e+17,0,23,1,5.76460752303439872e+17,0,23,1,5.76460752303439872e+17,0,23,1,5.76460752303439872e+17,0,23,2,3.32306998946247858e+35,0,23,2,3.32306998946247858e+35,1,22,1,5.76460752303439872e+17
67,2,P_2,18,5,1,5.76460752303513600e+17,0,23,1,5.76460752303439872e+17,18,5,1,5.76460752303513600e+17,18,5,1,5.76460752303439872e+17,18,5,2,3.32306998946290359e+35,18,5,2,3.32306998946290359e+35,19,4,1,5.76460752303767552e+17
67,2,q_2_0,0,23,1,5.76460752303439872e+17,0,23,1,5.76460752303439872e+17,0,23,1,5.76460752303439872e+17,0,23,1,5.76460752303439872e+17,0,23,2,3.32306998946247858e+35,0,23,2,3.32306998946247858e+35,1,22,1,5.76460752303439872e+17
67,2,q_2_1,0,23,1,5.76460752303439872e+17,0,23,1,5.76460752303439872e+17,0,23,1,5.76460752303439872e+17,0,23,1,5.76460752303439872e+17,0,23,2,3.32306998946247858e+35,0,23,2,3.32306998946247858e+35,1,22,1,5.76460752303439872e+17
67,3,P_3,18,5,1,5.76460752303513600e+17,0,23,1,5.76460752303439872e+17,18,5,1,5.76460752303513600e+17,18,5,1,5.76460752303439872e+17,18,5,2,3.32306998946290359e+35,18,5,2,3.32306998946290359e+35,19,4,1,5.76460752303767552e+17
67,3,q_3_0,0,23,1,5.76460752303439872e+17,0,23,1,5.76460752303439872e+17,0,23,1,5.76460752303439872e+17,0,23,1,5.76460752303439872e+17,0,23,2,3.32306998946247858e+35,0,23,2,3.32306998946247858e+35,1,22,1,5.76460752303439872e+17
67,3,q_3_1,0,23,1,5.76460752303439872e+17,0,23,1,5.76460752303439872e+17,0,23,1,5.76460752303439872e+17,0,23,1,5.76460752303439872e+17,0,23,2,3.32306998946247858e+35,0,23,2,3.32306998946247858e+35,1,22,1,5.76460752303439872e+17
67,3,q_3_2,0,23,1,5.76460752303439872e+17,0,23,1,5.76460752303439872e+17,0,23,1,5.76460752303439872e+17,0,23,1,5.76460752303439872e+17,0,23,2,3.32306998946247858e+35,0,23,2,3.32306998946247858e+35,1,22,1,5.76460752303439872e+17
67,4,M_u_col_0,16,7,2,3.32306998945331719e+35,0,23,1,5.76460752303439872e+17,17,6,1,5.76460752302153728e+17,17,6,1,5.76460752303439872e+17,17,6,2,3.32306998945506446e+35,17,6,2,3.32306998945506446e+35,18,5,1,5.76460752303513600e+17
67,4,M_y_col_0,0,23,1,5.76460752303439872e+17,0,23,1,5.76460752303439872e+17,0,23,1,5.76460752303439872e+17,0,23,1,5.76460752303439872e+17,0,23,2,3.32306998946247858e+35,0,23,2,3.32306998946247858e+35,1,22,1,5.76460752303439872e+17
67,4,M_u_col_1,16,7,2,3.32306998945331719e+35,0,23,1,5.76460752303439872e+17,17,6,1,5.76460752302153728e+17,17,6,1,5.76460752303439872e+17,17,6,2,3.32306998945506446e+35,17,6,2,3.32306998945506446e+35,18,5,1,5.76460752303513600e+17
67,4,M_y_col_1,0,23,1,5.76460752303439872e+17,0,23,1,5.76460752303439872e+17,0,23,1,5.76460752303439872e+17,0,23,1,5.76460752303439872e+17,0,23,2,3.32306998946247858e+35,0,23,2,3.32306998946247858e+35,1,22,1,5.76460752303439872e+17
67,4,M_u_col_2,16,7,2,3.32306998945331719e+35,0,23,1,5.76460752303439872e+17,17,6,1,5.76460752302153728e+17,17,6,1,5.76460752303439872e+17,17,6,2,3.32306998945506446e+35,17,6,2,3.32306998945506446e+35,18,5,1,5.76460752303513600e+17
67,4,M_y_col_2,0,23,1,5.76460752303439872e+17,0,23,1,5.76460752303439872e+17,0,23,1,5.76460752303439872e+17,0,23,1,5.76460752303439872e+17,0,23,2,3.32306998946247858e+35,0,23,2,3.32306998946247858e+35,1,22,1,5.76460752303439872e+17
67,4,M_u_col_3,16,7,2,3.32306998945331719e+35,0,23,1,5.76460752303439872e+17,17,6,1,5.76460752302153728e+17,17,6,1,5.76460752303439872e+17,17,6,2,3.32306998945506446e+35,17,6,2,3.32306998945506446e+35,18,5,1,5.76460752303513600e+17
67,4,M_y_col_3,0,23,1,5.76460752303439872e+17,0,23,1,5.76460752303439872e+17,0,23,1,5.76460752303439872e+17,0,23,1,5.76460752303439872e+17,0,23,2,3.32306998946247858e+35,0,23,2,3.32306998946247858e+35,1,22,1,5.76460752303439872e+17
68,0,P_0,18,5,1,5.76460752303513600e+17,0,23,1,5.76460752303439872e+17,18,5,1,5.76460752303513600e+17,18,5,1,5.76460752303439872e+17,18,5,2,3.32306998946290359e+35,18,5,2,3.32306998946290359e+35,19,4,1,5.76460752303767552e+17
68,1,P_1,18,5,1,5.76460752303513600e+17,0,23,1,5.76460752303439872e+17,18,5,1,5.76460752303513600e+17,18,5,1,5.76460752303439872e+17,18,5,2,3.32306998946290359e+35,18,5,2,3.32306998946290359e+35,19,4,1,5.76460752303767552e+17
68,1,q_1_0,0,23,1,5.76460752303439872e+17,0,23,1,5.76460752303439872e+17,0,23,1,5.76460752303439872e+17,0,23,1,5.76460752303439872e+17,0,23,2,3.32306998946247858e+35,0,23,2,3.32306998946247858e+35,1,22,1,5.76460752303439872e+17
68,2,P_2,18,5,1,5.76460752303513600e+17,0,23,1,5.76460752303439872e+17,18,5,1,5.76460752303513600e+17,18,5,1,5.76460752303439872e+17,18,5,2,3.32306998946290359e+35,18,5,2,3.32306998946290359e+35,19,4,1,5.76460752303767552e+17
68,2,q_2_0,0,23,1,5.76460752303439872e+17,0,23,1,5.76460752303439872e+17,0,23,1,5.76460752303439872e+17,0,23,1,5.76460752303439872e+17,0,23,2,3.32306998946247858e+35,0,23,2,3.32306998946247858e+35,1,22,1,5.76460752303439872e+17
68,2,q_2_1,0,23,1,5.76460752303439872e+17,0,23,1,5.76460752303439872e+17,0,23,1,5.76460752303439872e+17,0,23,1,5.76460752303439872e+17,0,23,2,3.32306998946247858e+35,0,23,2,3.32306998946247858e+35,1,22,1,5.76460752303439872e+17
68,3,P_3,18,5,1,5.76460752303513600e+17,0,23,1,5.76460752303439872e+17,18,5,1,5.76460752303513600e+17,18,5,1,5.76460752303439872e+17,18,5,2,3.32306998946290359e+35,18,5,2,3.32306998946290359e+35,19,4,1,5.76460752303767552e+17
68,3,q_3_0,0,23,1,5.76460752303439872e+17,0,23,1,5.76460752303439872e+17,0,23,1,5.76460752303439872e+17,0,23,1,5.76460752303439872e+17,0,23,2,3.32306998946247858e+35,0,23,2,3.32306998946247858e+35,1,22,1,5.76460752303439872e+17
68,3,q_3_1,0,23,1,5.76460752303439872e+17,0,23,1,5.76460752303439872e+17,0,23,1,5.76460752303439872e+17,0,23,1,5.76460752303439872e+17,0,23,2,3.32306998946247858e+35,0,23,2,3.32306998946247858e+35,1,22,1,5.76460752303439872e+17
68,3,q_3_2,0,23,1,5.76460752303439872e+17,0,23,1,5.76460752303439872e+17,0,23,1,5.76460752303439872e+17,0,23,1,5.76460752303439872e+17,0,23,2,3.32306998946247858e+35,0,23,2,3.32306998946247858e+35,1,22,1,5.76460752303439872e+17
68,4,M_u_col_0,16,7,2,3.32306998945331719e+35,0,23,1,5.76460752303439872e+17,17,6,1,5.76460752302153728e+17,17,6,1,5.76460752303439872e+17,17,6,2,3.32306998945506446e+35,17,6,2,3.32306998945506446e+35,18,5,1,5.76460752303513600e+17
68,4,M_y_col_0,0,23,1,5.76460752303439872e+17,0,23,1,5.76460752303439872e+17,0,23,1,5.76460752303439872e+17,0,23,1,5.76460752303439872e+17,0,23,2,3.32306998946247858e+35,0,23,2,3.32306998946247858e+35,1,22,1,5.76460752303439872e+17
68,4,M_u_col_1,16,7,2,3.32306998945331719e+35,0,23,1,5.76460752303439872e+17,17,6,1,5.76460752302153728e+17,17,6,1,5.76460752303439872e+17,17,6,2,3.32306998945506446e+35,17,6,2,3.32306998945506446e+35,18,5,1,5.76460752303513600e+17
68,4,M_y_col_1,0,23,1,5.76460752303439872e+17,0,23,1,5.76460752303439872e+17,0,23,1,5.76460752303439872e+17,0,23,1,5.76460752303439872e+17,0,23,2,3.32306998946247858e+35,0,23,2,3.32306998946247858e+35,1,22,1,5.76460752303439872e+17
68,4,M_u_col_2,16,7,2,3.32306998945331719e+35,0,23,1,5.76460752303439872e+17,17,6,1,5.76460752302153728e+17,17,6,1,5.76460752303439872e+17,17,6,2,3.32306998945506446e+35,17,6,2,3.32306998945506446e+35,18,5,1,5.76460752303513600e+17
68,4,M_y_col_2,0,23,1,5.76460752303439872e+17,0,23,1,5.76460752303439872e+17,0,23,1,5.76460752303439872e+17,0,23,1,5.76460752303439872e+17,0,23,2,3.32306998946247858e+35,0,23,2,3.32306998946247858e+35,1,22,1,5.76460752303439872e+17
68,4,M_u_col_3,16,7,2,3.32306998945331719e+35,0,23,1,5.76460752303439872e+17,17,6,1,5.76460752302153728e+17,17,6,1,5.76460752303439872e+17,17,6,2,3.32306998945506446e+35,17,6,2,3.32306998945506446e+35,18,5,1,5.76460752303513600e+17
68,4,M_y_col_3,0,23,1,5.76460752303439872e+17,0,23,1,5.76460752303439872e+17,0,23,1,5.76460752303439872e+17,0,23,1,5.76460752303439872e+17,0,23,2,3.32306998946247858e+35,0,23,2,3.32306998946247858e+35,1,22,1,5.76460752303439872e+17
69,0,P_0,18,5,1,5.76460752303513600e+17,0,23,1,5.76460752303439872e+17,18,5,1,5.76460752303513600e+17,18,5,1,5.76460752303439872e+17,18,5,2,3.32306998946290359e+35,18,5,2,3.32306998946290359e+35,19,4,1,5.76460752303767552e+17
69,1,P_1,18,5,1,5.76460752303513600e+17,0,23,1,5.76460752303439872e+17,18,5,1,5.76460752303513600e+17,18,5,1,5.76460752303439872e+17,18,5,2,3.32306998946290359e+35,18,5,2,3.32306998946290359e+35,19,4,1,5.76460752303767552e+17
69,1,q_1_0,0,23,1,5.76460752303439872e+17,0,23,1,5.76460752303439872e+17,0,23,1,5.76460752303439872e+17,0,23,1,5.76460752303439872e+17,0,23,2,3.32306998946247858e+35,0,23,2,3.32306998946247858e+35,1,22,1,5.76460752303439872e+17
69,2,P_2,18,5,1,5.76460752303513600e+17,0,23,1,5.76460752303439872e+17,18,5,1,5.76460752303513600e+17,18,5,1,5.76460752303439872e+17,18,5,2,3.32306998946290359e+35,18,5,2,3.32306998946290359e+35,19,4,1,5.76460752303767552e+17
69,2,q_2_0,0,23,1,5.76460752303439872e+17,0,23,1,5.76460752303439872e+17,0,23,1,5.76460752303439872e+17,0,23,1,5.76460752303439872e+17,0,23,2,3.32306998946247858e+35,0,23,2,3.32306998946247858e+35,1,22,1,5.76460752303439872e+17
69,2,q_2_1,0,23,1,5.76460752303439872e+17,0,23,1,5.76460752303439872e+17,0,23,1,5.76460752303439872e+17,0,23,1,5.76460752303439872e+17,0,23,2,3.32306998946247858e+35,0,23,2,3.32306998946247858e+35,1,22,1,5.76460752303439872e+17
69,3,P_3,18,5,1,5.76460752303513600e+17,0,23,1,5.76460752303439872e+17,18,5,1,5.76460752303513600e+17,18,5,1,5.76460752303439872e+17,18,5,2,3.32306998946290359e+35,18,5,2,3.32306998946290359e+35,19,4,1,5.76460752303767552e+17
69,3,q_3_0,0,23,1,5.76460752303439872e+17,0,23,1,5.76460752303439872e+17,0,23,1,5.76460752303439872e+17,0,23,1,5.76460752303439872e+17,0,23,2,3.32306998946247858e+35,0,23,2,3.32306998946247858e+35,1,22,1,5.76460752303439872e+17
69,3,q_3_1,0,23,1,5.76460752303439872e+17,0,23,1,5.76460752303439872e+17,0,23,1,5.76460752303439872e+17,0,23,1,5.76460752303439872e+17,0,23,2,3.32306998946247858e+35,0,23,2,3.32306998946247858e+35,1,22,1,5.76460752303439872e+17
69,3,q_3_2,0,23,1,5.76460752303439872e+17,0,23,1,5.76460752303439872e+17,0,23,1,5.76460752303439872e+17,0,23,1,5.76460752303439872e+17,0,23,2,3.32306998946247858e+35,0,23,2,3.32306998946247858e+35,1,22,1,5.76460752303439872e+17
69,4,M_u_col_0,16,7,2,3.32306998945331719e+35,0,23,1,5.76460752303439872e+17,17,6,1,5.76460752302153728e+17,17,6,1,5.76460752303439872e+17,17,6,2,3.32306998945506446e+35,17,6,2,3.32306998945506446e+35,18,5,1,5.76460752303513600e+17
69,4,M_y_col_0,0,23,1,5.76460752303439872e+17,0,23,1,5.76460752303439872e+17,0,23,1,5.76460752303439872e+17,0,23,1,5.76460752303439872e+17,0,23,2,3.32306998946247858e+35,0,23,2,3.32306998946247858e+35,1,22,1,5.76460752303439872e+17
69,4,M_u_col_1,16,7,2,3.32306998945331719e+35,0,23,1,5.76460752303439872e+17,17,6,1,5.76460752302153728e+17,17,6,1,5.76460752303439872e+17,17,6,2,3.32306998945506446e+35,17,6,2,3.32306998945506446e+35,18,5,1,5.76460752303513600e+17
69,4,M_y_col_1,0,23,1,5.76460752303439872e+17,0,23,1,5.76460752303439872e+17,0,23,1,5.76460752303439872e+17,0,23,1,5.76460752303439872e+17,0,23,2,3.32306998946247858e+35,0,23,2,3.32306998946247858e+35,1,22,1,5.76460752303439872e+17
69,4,M_u_col_2,16,7,2,3.32306998945331719e+35,0,23,1,5.76460752303439872e+17,17,6,1,5.76460752302153728e+17,17,6,1,5.76460752303439872e+17,17,6,2,3.32306998945506446e+35,17,6,2,3.32306998945506446e+35,18,5,1,5.76460752303513600e+17
69,4,M_y_col_2,0,23,1,5.76460752303439872e+17,0,23,1,5.76460752303439872e+17,0,23,1,5.76460752303439872e+17,0,23,1,5.76460752303439872e+17,0,23,2,3.32306998946247858e+35,0,23,2,3.32306998946247858e+35,1,22,1,5.76460752303439872e+17
69,4,M_u_col_3,16,7,2,3.32306998945331719e+35,0,23,1,5.76460752303439872e+17,17,6,1,5.76460752302153728e+17,17,6,1,5.76460752303439872e+17,17,6,2,3.32306998945506446e+35,17,6,2,3.32306998945506446e+35,18,5,1,5.76460752303513600e+17
69,4,M_y_col_3,0,23,1,5.76460752303439872e+17,0,23,1,5.76460752303439872e+17,0,23,1,5.76460752303439872e+17,0,23,1,5.76460752303439872e+17,0,23,2,3.32306998946247858e+35,0,23,2,3.32306998946247858e+35,1,22,1,5.76460752303439872e+17
70,0,P_0,18,5,1,5.76460752303513600e+17,0,23,1,5.76460752303439872e+17,18,5,1,5.76460752303513600e+17,18,5,1,5.76460752303439872e+17,18,5,2,3.32306998946290359e+35,18,5,2,3.32306998946290359e+35,19,4,1,5.76460752303767552e+17
70,1,P_1,18,5,1,5.76460752303513600e+17,0,23,1,5.76460752303439872e+17,18,5,1,5.76460752303513600e+17,18,5,1,5.76460752303439872e+17,18,5,2,3.32306998946290359e+35,18,5,2,3.32306998946290359e+35,19,4,1,5.76460752303767552e+17
70,1,q_1_0,0,23,1,5.76460752303439872e+17,0,23,1,5.76460752303439872e+17,0,23,1,5.76460752303439872e+17,0,23,1,5.76460752303439872e+17,0,23,2,3.32306998946247858e+35,0,23,2,3.32306998946247858e+35,1,22,1,5.76460752303439872e+17
70,2,P_2,18,5,1,5.76460752303513600e+17,0,23,1,5.76460752303439872e+17,18,5,1,5.76460752303513600e+17,18,5,1,5.76460752303439872e+17,18,5,2,3.32306998946290359e+35,18,5,2,3.32306998946290359e+35,19,4,1,5.76460752303767552e+17
70,2,q_2_0,0,23,1,5.76460752303439872e+17,0,23,1,5.76460752303439872e+17,0,23,1,5.76460752303439872e+17,0,23,1,5.76460752303439872e+17,0,23,2,3.32306998946247858e+35,0,23,2,3.32306998946247858e+35,1,22,1,5.76460752303439872e+17
70,2,q_2_1,0,23,1,5.76460752303439872e+17,0,23,1,5.76460752303439872e+17,0,23,1,5.76460752303439872e+17,0,23,1,5.76460752303439872e+17,0,23,2,3.32306998946247858e+35,0,23,2,3.32306998946247858e+35,1,22,1,5.76460752303439872e+17
70,3,P_3,18,5,1,5.76460752303513600e+17,0,23,1,5.76460752303439872e+17,18,5,1,5.76460752303513600e+17,18,5,1,5.76460752303439872e+17,18,5,2,3.32306998946290359e+35,18,5,2,3.32306998946290359e+35,19,4,1,5.76460752303767552e+17
70,3,q_3_0,0,23,1,5.76460752303439872e+17,0,23,1,5.76460752303439872e+17,0,23,1,5.76460752303439872e+17,0,23,1,5.76460752303439872e+17,0,23,2,3.32306998946247858e+35,0,23,2,3.32306998946247858e+35,1,22,1,5.76460752303439872e+17
70,3,q_3_1,0,23,1,5.76460752303439872e+17,0,23,1,5.76460752303439872e+17,0,23,1,5.76460752303439872e+17,0,23,1,5.76460752303439872e+17,0,23,2,3.32306998946247858e+35,0,23,2,3.32306998946247858e+35,1,22,1,5.76460752303439872e+17
70,3,q_3_2,0,23,1,5.76460752303439872e+17,0,23,1,5.76460752303439872e+17,0,23,1,5.76460752303439872e+17,0,23,1,5.76460752303439872e+17,0,23,2,3.32306998946247858e+35,0,23,2,3.32306998946247858e+35,1,22,1,5.76460752303439872e+17
70,4,M_u_col_0,16,7,2,3.32306998945331719e+35,0,23,1,5.76460752303439872e+17,17,6,1,5.76460752302153728e+17,17,6,1,5.76460752303439872e+17,17,6,2,3.32306998945506446e+35,17,6,2,3.32306998945506446e+35,18,5,1,5.76460752303513600e+17
70,4,M_y_col_0,0,23,1,5.76460752303439872e+17,0,23,1,5.76460752303439872e+17,0,23,1,5.76460752303439872e+17,0,23,1,5.76460752303439872e+17,0,23,2,3.32306998946247858e+35,0,23,2,3.32306998946247858e+35,1,22,1,5.76460752303439872e+17
70,4,M_u_col_1,16,7,2,3.32306998945331719e+35,0,23,1,5.76460752303439872e+17,17,6,1,5.76460752302153728e+17,17,6,1,5.76460752303439872e+17,17,6,2,3.32306998945506446e+35,17,6,2,3.32306998945506446e+35,18,5,1,5.76460752303513600e+17
70,4,M_y_col_1,0,23,1,5.76460752303439872e+17,0,23,1,5.76460752303439872e+17,0,23,1,5.76460752303439872e+17,0,23,1,5.76460752303439872e+17,0,23,2,3.32306998946247858e+35,0,23,2,3.32306998946247858e+35,1,22,1,5.76460752303439872e+17
70,4,M_u_col_2,16,7,2,3.32306998945331719e+35,0,23,1,5.76460752303439872e+17,17,6,1,5.76460752302153728e+17,17,6,1,5.76460752303439872e+17,17,6,2,3.32306998945506446e+35,17,6,2,3.32306998945506446e+35,18,5,1,5.76460752303513600e+17
70,4,M_y_col_2,0,23,1,5.76460752303439872e+17,0,23,1,5.76460752303439872e+17,0,23,1,5.76460752303439872e+17,0,23,1,5.76460752303439872e+17,0,23,2,3.32306998946247858e+35,0,23,2,3.32306998946247858e+35,1,22,1,5.76460752303439872e+17
70,4,M_u_col_3,16,7,2,3.32306998945331719e+35,0,23,1,5.76460752303439872e+17,17,6,1,5.76460752302153728e+17,17,6,1,5.76460752303439872e+17,17,6,2,3.32306998945506446e+35,17,6,2,3.32306998945506446e+35,18,5,1,5.76460752303513600e+17
70,4,M_y_col_3,0,23,1,5.76460752303439872e+17,0,23,1,5.76460752303439872e+17,0,23,1,5.76460752303439872e+17,0,23,1,5.76460752303439872e+17,0,23,2,3.32306998946247858e+35,0,23,2,3.32306998946247858e+35,1,22,1,5.76460752303439872e+17
71,0,P_0,18,5,1,5.76460752303513600e+17,0,23,1,5.76460752303439872e+17,18,5,1,5.76460752303513600e+17,18,5,1,5.76460752303439872e+17,18,5,2,3.32306998946290359e+35,18,5,2,3.32306998946290359e+35,19,4,1,5.76460752303767552e+17
71,1,P_1,18,5,1,5.76460752303513600e+17,0,23,1,5.76460752303439872e+17,18,5,1,5.76460752303513600e+17,18,5,1,5.76460752303439872e+17,18,5,2,3.32306998946290359e+35,18,5,2,3.32306998946290359e+35,19,4,1,5.76460752303767552e+17
71,1,q_1_0,0,23,1,5.76460752303439872e+17,0,23,1,5.76460752303439872e+17,0,23,1,5.76460752303439872e+17,0,23,1,5.76460752303439872e+17,0,23,2,3.32306998946247858e+35,0,23,2,3.32306998946247858e+35,1,22,1,5.76460752303439872e+17
71,2,P_2,18,5,1,5.76460752303513600e+17,0,23,1,5.76460752303439872e+17,18,5,1,5.76460752303513600e+17,18,5,1,5.76460752303439872e+17,18,5,2,3.32306998946290359e+35,18,5,2,3.32306998946290359e+35,19,4,1,5.76460752303767552e+17
71,2,q_2_0,0,23,1,5.76460752303439872e+17,0,23,1,5.76460752303439872e+17,0,23,1,5.76460752303439872e+17,0,23,1,5.76460752303439872e+17,0,23,2,3.32306998946247858e+35,0,23,2,3.32306998946247858e+35,1,22,1,5.76460752303439872e+17
71,2,q_2_1,0,23,1,5.76460752303439872e+17,0,23,1,5.76460752303439872e+17,0,23,1,5.76460752303439872e+17,0,23,1,5.76460752303439872e+17,0,23,2,3.32306998946247858e+35,0,23,2,3.32306998946247858e+35,1,22,1,5.76460752303439872e+17
71,3,P_3,18,5,1,5.76460752303513600e+17,0,23,1,5.76460752303439872e+17,18,5,1,5.76460752303513600e+17,18,5,1,5.76460752303439872e+17,18,5,2,3.32306998946290359e+35,18,5,2,3.32306998946290359e+35,19,4,1,5.76460752303767552e+17
71,3,q_3_0,0,23,1,5.76460752303439872e+17,0,23,1,5.76460752303439872e+17,0,23,1,5.76460752303439872e+17,0,23,1,5.76460752303439872e+17,0,23,2,3.32306998946247858e+35,0,23,2,3.32306998946247858e+35,1,22,1,5.76460752303439872e+17
71,3,q_3_1,0,23,1,5.76460752303439872e+17,0,23,1,5.76460752303439872e+17,0,23,1,5.76460752303439872e+17,0,23,1,5.76460752303439872e+17,0,23,2,3.32306998946247858e+35,0,23,2,3.32306998946247858e+35,1,22,1,5.76460752303439872e+17
71,3,q_3_2,0,23,1,5.76460752303439872e+17,0,23,1,5.76460752303439872e+17,0,23,1,5.76460752303439872e+17,0,23,1,5.76460752303439872e+17,0,23,2,3.32306998946247858e+35,0,23,2,3.32306998946247858e+35,1,22,1,5.76460752303439872e+17
71,4,M_u_col_0,16,7,2,3.32306998945331719e+35,0,23,1,5.76460752303439872e+17,17,6,1,5.76460752302153728e+17,17,6,1,5.76460752303439872e+17,17,6,2,3.32306998945506446e+35,17,6,2,3.32306998945506446e+35,18,5,1,5.76460752303513600e+17
71,4,M_y_col_0,0,23,1,5.76460752303439872e+17,0,23,1,5.76460752303439872e+17,0,23,1,5.76460752303439872e+17,0,23,1,5.76460752303439872e+17,0,23,2,3.32306998946247858e+35,0,23,2,3.32306998946247858e+35,1,22,1,5.76460752303439872e+17
71,4,M_u_col_1,16,7,2,3.32306998945331719e+35,0,23,1,5.76460752303439872e+17,17,6,1,5.76460752302153728e+17,17,6,1,5.76460752303439872e+17,17,6,2,3.32306998945506446e+35,17,6,2,3.32306998945506446e+35,18,5,1,5.76460752303513600e+17
71,4,M_y_col_1,0,23,1,5.76460752303439872e+17,0,23,1,5.76460752303439872e+17,0,23,1,5.76460752303439872e+17,0,23,1,5.76460752303439872e+17,0,23,2,3.32306998946247858e+35,0,23,2,3.32306998946247858e+35,1,22,1,5.76460752303439872e+17
71,4,M_u_col_2,16,7,2,3.32306998945331719e+35,0,23,1,5.76460752303439872e+17,17,6,1,5.76460752302153728e+17,17,6,1,5.76460752303439872e+17,17,6,2,3.32306998945506446e+35,17,6,2,3.32306998945506446e+35,18,5,1,5.76460752303513600e+17
71,4,M_y_col_2,0,23,1,5.76460752303439872e+17,0,23,1,5.76460752303439872e+17,0,23,1,5.76460752303439872e+17,0,23,1,5.76460752303439872e+17,0,23,2,3.32306998946247858e+35,0,23,2,3.32306998946247858e+35,1,22,1,5.76460752303439872e+17
71,4,M_u_col_3,16,7,2,3.32306998945331719e+35,0,23,1,5.76460752303439872e+17,17,6,1,5.76460752302153728e+17,17,6,1,5.76460752303439872e+17,17,6,2,3.32306998945506446e+35,17,6,2,3.32306998945506446e+35,18,5,1,5.76460752303513600e+17
71,4,M_y_col_3,0,23,1,5.76460752303439872e+17,0,23,1,5.76460752303439872e+17,0,23,1,5.76460752303439872e+17,0,23,1,5.76460752303439872e+17,0,23,2,3.32306998946247858e+35,0,23,2,3.32306998946247858e+35,1,22,1,5.76460752303439872e+17
72,0,P_0,18,5,1,5.76460752303513600e+17,0,23,1,5.76460752303439872e+17,18,5,1,5.76460752303513600e+17,18,5,1,5.76460752303439872e+17,18,5,2,3.32306998946290359e+35,18,5,2,3.32306998946290359e+35,19,4,1,5.76460752303767552e+17
72,1,P_1,18,5,1,5.76460752303513600e+17,0,23,1,5.76460752303439872e+17,18,5,1,5.76460752303513600e+17,18,5,1,5.76460752303439872e+17,18,5,2,3.32306998946290359e+35,18,5,2,3.32306998946290359e+35,19,4,1,5.76460752303767552e+17
72,1,q_1_0,0,23,1,5.76460752303439872e+17,0,23,1,5.76460752303439872e+17,0,23,1,5.76460752303439872e+17,0,23,1,5.76460752303439872e+17,0,23,2,3.32306998946247858e+35,0,23,2,3.32306998946247858e+35,1,22,1,5.76460752303439872e+17
72,2,P_2,18,5,1,5.76460752303513600e+17,0,23,1,5.76460752303439872e+17,18,5,1,5.76460752303513600e+17,18,5,1,5.76460752303439872e+17,18,5,2,3.32306998946290359e+35,18,5,2,3.32306998946290359e+35,19,4,1,5.76460752303767552e+17
72,2,q_2_0,0,23,1,5.76460752303439872e+17,0,23,1,5.76460752303439872e+17,0,23,1,5.76460752303439872e+17,0,23,1,5.76460752303439872e+17,0,23,2,3.32306998946247858e+35,0,23,2,3.32306998946247858e+35,1,22,1,5.76460752303439872e+17
72,2,q_2_1,0,23,1,5.76460752303439872e+17,0,23,1,5.76460752303439872e+17,0,23,1,5.76460752303439872e+17,0,23,1,5.76460752303439872e+17,0,23,2,3.32306998946247858e+35,0,23,2,3.32306998946247858e+35,1,22,1,5.76460752303439872e+17
72,3,P_3,18,5,1,5.76460752303513600e+17,0,23,1,5.76460752303439872e+17,18,5,1,5.76460752303513600e+17,18,5,1,5.76460752303439872e+17,18,5,2,3.32306998946290359e+35,18,5,2,3.32306998946290359e+35,19,4,1,5.76460752303767552e+17
72,3,q_3_0,0,23,1,5.76460752303439872e+17,0,23,1,5.76460752303439872e+17,0,23,1,5.76460752303439872e+17,0,23,1,5.76460752303439872e+17,0,23,2,3.32306998946247858e+35,0,23,2,3.32306998946247858e+35,1,22,1,5.76460752303439872e+17
72,3,q_3_1,0,23,1,5.76460752303439872e+17,0,23,1,5.76460752303439872e+17,0,23,1,5.76460752303439872e+17,0,23,1,5.76460752303439872e+17,0,23,2,3.32306998946247858e+35,0,23,2,3.32306998946247858e+35,1,22,1,5.76460752303439872e+17
72,3,q_3_2,0,23,1,5.76460752303439872e+17,0,23,1,5.76460752303439872e+17,0,23,1,5.76460752303439872e+17,0,23,1,5.76460752303439872e+17,0,23,2,3.32306998946247858e+35,0,23,2,3.32306998946247858e+35,1,22,1,5.76460752303439872e+17
72,4,M_u_col_0,16,7,2,3.32306998945331719e+35,0,23,1,5.76460752303439872e+17,17,6,1,5.76460752302153728e+17,17,6,1,5.76460752303439872e+17,17,6,2,3.32306998945506446e+35,17,6,2,3.32306998945506446e+35,18,5,1,5.76460752303513600e+17
72,4,M_y_col_0,0,23,1,5.76460752303439872e+17,0,23,1,5.76460752303439872e+17,0,23,1,5.76460752303439872e+17,0,23,1,5.76460752303439872e+17,0,23,2,3.32306998946247858e+35,0,23,2,3.32306998946247858e+35,1,22,1,5.76460752303439872e+17
72,4,M_u_col_1,16,7,2,3.32306998945331719e+35,0,23,1,5.76460752303439872e+17,17,6,1,5.76460752302153728e+17,17,6,1,5.76460752303439872e+17,17,6,2,3.32306998945506446e+35,17,6,2,3.32306998945506446e+35,18,5,1,5.76460752303513600e+17
72,4,M_y_col_1,0,23,1,5.76460752303439872e+17,0,23,1,5.76460752303439872e+17,0,23,1,5.76460752303439872e+17,0,23,1,5.76460752303439872e+17,0,23,2,3.32306998946247858e+35,0,23,2,3.32306998946247858e+35,1,22,1,5.76460752303439872e+17
72,4,M_u_col_2,16,7,2,3.32306998945331719e+35,0,23,1,5.76460752303439872e+17,17,6,1,5.76460752302153728e+17,17,6,1,5.76460752303439872e+17,17,6,2,3.32306998945506446e+35,17,6,2,3.32306998945506446e+35,18,5,1,5.76460752303513600e+17
72,4,M_y_col_2,0,23,1,5.76460752303439872e+17,0,23,1,5.76460752303439872e+17,0,23,1,5.76460752303439872e+17,0,23,1,5.76460752303439872e+17,0,23,2,3.32306998946247858e+35,0,23,2,3.32306998946247858e+35,1,22,1,5.76460752303439872e+17
72,4,M_u_col_3,16,7,2,3.32306998945331719e+35,0,23,1,5.76460752303439872e+17,17,6,1,5.76460752302153728e+17,17,6,1,5.76460752303439872e+17,17,6,2,3.32306998945506446e+35,17,6,2,3.32306998945506446e+35,18,5,1,5.76460752303513600e+17
72,4,M_y_col_3,0,23,1,5.76460752303439872e+17,0,23,1,5.76460752303439872e+17,0,23,1,5.76460752303439872e+17,0,23,1,5.76460752303439872e+17,0,23,2,3.32306998946247858e+35,0,23,2,3.32306998946247858e+35,1,22,1,5.76460752303439872e+17
73,0,P_0,18,5,1,5.76460752303513600e+17,0,23,1,5.76460752303439872e+17,18,5,1,5.76460752303513600e+17,18,5,1,5.76460752303439872e+17,18,5,2,3.32306998946290359e+35,18,5,2,3.32306998946290359e+35,19,4,1,5.76460752303767552e+17
73,1,P_1,18,5,1,5.76460752303513600e+17,0,23,1,5.76460752303439872e+17,18,5,1,5.76460752303513600e+17,18,5,1,5.76460752303439872e+17,18,5,2,3.32306998946290359e+35,18,5,2,3.32306998946290359e+35,19,4,1,5.76460752303767552e+17
73,1,q_1_0,0,23,1,5.76460752303439872e+17,0,23,1,5.76460752303439872e+17,0,23,1,5.76460752303439872e+17,0,23,1,5.76460752303439872e+17,0,23,2,3.32306998946247858e+35,0,23,2,3.32306998946247858e+35,1,22,1,5.76460752303439872e+17
73,2,P_2,18,5,1,5.76460752303513600e+17,0,23,1,5.76460752303439872e+17,18,5,1,5.76460752303513600e+17,18,5,1,5.76460752303439872e+17,18,5,2,3.32306998946290359e+35,18,5,2,3.32306998946290359e+35,19,4,1,5.76460752303767552e+17
73,2,q_2_0,0,23,1,5.76460752303439872e+17,0,23,1,5.76460752303439872e+17,0,23,1,5.76460752303439872e+17,0,23,1,5.76460752303439872e+17,0,23,2,3.32306998946247858e+35,0,23,2,3.32306998946247858e+35,1,22,1,5.76460752303439872e+17
73,2,q_2_1,0,23,1,5.76460752303439872e+17,0,23,1,5.76460752303439872e+17,0,23,1,5.76460752303439872e+17,0,23,1,5.76460752303439872e+17,0,23,2,3.32306998946247858e+35,0,23,2,3.32306998946247858e+35,1,22,1,5.76460752303439872e+17
73,3,P_3,18,5,1,5.76460752303513600e+17,0,23,1,5.76460752303439872e+17,18,5,1,5.76460752303513600e+17,18,5,1,5.76460752303439872e+17,18,5,2,3.32306998946290359e+35,18,5,2,3.32306998946290359e+35,19,4,1,5.76460752303767552e+17
73,3,q_3_0,0,23,1,5.76460752303439872e+17,0,23,1,5.76460752303439872e+17,0,23,1,5.76460752303439872e+17,0,23,1,5.76460752303439872e+17,0,23,2,3.32306998946247858e+35,0,23,2,3.32306998946247858e+35,1,22,1,5.76460752303439872e+17
73,3,q_3_1,0,23,1,5.76460752303439872e+17,0,23,1,5.76460752303439872e+17,0,23,1,5.76460752303439872e+17,0,23,1,5.76460752303439872e+17,0,23,2,3.32306998946247858e+35,0,23,2,3.32306998946247858e+35,1,22,1,5.76460752303439872e+17
73,3,q_3_2,0,23,1,5.76460752303439872e+17,0,23,1,5.76460752303439872e+17,0,23,1,5.76460752303439872e+17,0,23,1,5.76460752303439872e+17,0,23,2,3.32306998946247858e+35,0,23,2,3.32306998946247858e+35,1,22,1,5.76460752303439872e+17
73,4,M_u_col_0,16,7,2,3.32306998945331719e+35,0,23,1,5.76460752303439872e+17,17,6,1,5.76460752302153728e+17,17,6,1,5.76460752303439872e+17,17,6,2,3.32306998945506446e+35,17,6,2,3.32306998945506446e+35,18,5,1,5.76460752303513600e+17
73,4,M_y_col_0,0,23,1,5.76460752303439872e+17,0,23,1,5.76460752303439872e+17,0,23,1,5.76460752303439872e+17,0,23,1,5.76460752303439872e+17,0,23,2,3.32306998946247858e+35,0,23,2,3.32306998946247858e+35,1,22,1,5.76460752303439872e+17
73,4,M_u_col_1,16,7,2,3.32306998945331719e+35,0,23,1,5.76460752303439872e+17,17,6,1,5.76460752302153728e+17,17,6,1,5.76460752303439872e+17,17,6,2,3.32306998945506446e+35,17,6,2,3.32306998945506446e+35,18,5,1,5.76460752303513600e+17
73,4,M_y_col_1,0,23,1,5.76460752303439872e+17,0,23,1,5.76460752303439872e+17,0,23,1,5.76460752303439872e+17,0,23,1,5.76460752303439872e+17,0,23,2,3.32306998946247858e+35,0,23,2,3.32306998946247858e+35,1,22,1,5.76460752303439872e+17
73,4,M_u_col_2,16,7,2,3.32306998945331719e+35,0,23,1,5.76460752303439872e+17,17,6,1,5.76460752302153728e+17,17,6,1,5.76460752303439872e+17,17,6,2,3.32306998945506446e+35,17,6,2,3.32306998945506446e+35,18,5,1,5.76460752303513600e+17
73,4,M_y_col_2,0,23,1,5.76460752303439872e+17,0,23,1,5.76460752303439872e+17,0,23,1,5.76460752303439872e+17,0,23,1,5.76460752303439872e+17,0,23,2,3.32306998946247858e+35,0,23,2,3.32306998946247858e+35,1,22,1,5.76460752303439872e+17
73,4,M_u_col_3,16,7,2,3.32306998945331719e+35,0,23,1,5.76460752303439872e+17,17,6,1,5.76460752302153728e+17,17,6,1,5.76460752303439872e+17,17,6,2,3.32306998945506446e+35,17,6,2,3.32306998945506446e+35,18,5,1,5.76460752303513600e+17
73,4,M_y_col_3,0,23,1,5.76460752303439872e+17,0,23,1,5.76460752303439872e+17,0,23,1,5.76460752303439872e+17,0,23,1,5.76460752303439872e+17,0,23,2,3.32306998946247858e+35,0,23,2,3.32306998946247858e+35,1,22,1,5.76460752303439872e+17
74,0,P_0,18,5,1,5.76460752303513600e+17,0,23,1,5.76460752303439872e+17,18,5,1,5.76460752303513600e+17,18,5,1,5.76460752303439872e+17,18,5,2,3.32306998946290359e+35,18,5,2,3.32306998946290359e+35,19,4,1,5.76460752303767552e+17
74,1,P_1,18,5,1,5.76460752303513600e+17,0,23,1,5.76460752303439872e+17,18,5,1,5.76460752303513600e+17,18,5,1,5.76460752303439872e+17,18,5,2,3.32306998946290359e+35,18,5,2,3.32306998946290359e+35,19,4,1,5.76460752303767552e+17
74,1,q_1_0,0,23,1,5.76460752303439872e+17,0,23,1,5.76460752303439872e+17,0,23,1,5.76460752303439872e+17,0,23,1,5.76460752303439872e+17,0,23,2,3.32306998946247858e+35,0,23,2,3.32306998946247858e+35,1,22,1,5.76460752303439872e+17
74,2,P_2,18,5,1,5.76460752303513600e+17,0,23,1,5.76460752303439872e+17,18,5,1,5.76460752303513600e+17,18,5,1,5.76460752303439872e+17,18,5,2,3.32306998946290359e+35,18,5,2,3.32306998946290359e+35,19,4,1,5.76460752303767552e+17
74,2,q_2_0,0,23,1,5.76460752303439872e+17,0,23,1,5.76460752303439872e+17,0,23,1,5.76460752303439872e+17,0,23,1,5.76460752303439872e+17,0,23,2,3.32306998946247858e+35,0,23,2,3.32306998946247858e+35,1,22,1,5.76460752303439872e+17
74,2,q_2_1,0,23,1,5.76460752303439872e+17,0,23,1,5.76460752303439872e+17,0,23,1,5.76460752303439872e+17,0,23,1,5.76460752303439872e+17,0,23,2,3.32306998946247858e+35,0,23,2,3.32306998946247858e+35,1,22,1,5.76460752303439872e+17
74,3,P_3,18,5,1,5.76460752303513600e+17,0,23,1,5.76460752303439872e+17,18,5,1,5.76460752303513600e+17,18,5,1,5.76460752303439872e+17,18,5,2,3.32306998946290359e+35,18,5,2,3.32306998946290359e+35,19,4,1,5.76460752303767552e+17
74,3,q_3_0,0,23,1,5.76460752303439872e+17,0,23,1,5.76460752303439872e+17,0,23,1,5.76460752303439872e+17,0,23,1,5.76460752303439872e+17,0,23,2,3.32306998946247858e+35,0,23,2,3.32306998946247858e+35,1,22,1,5.76460752303439872e+17
74,3,q_3_1,0,23,1,5.76460752303439872e+17,0,23,1,5.76460752303439872e+17,0,23,1,5.76460752303439872e+17,0,23,1,5.76460752303439872e+17,0,23,2,3.32306998946247858e+35,0,23,2,3.32306998946247858e+35,1,22,1,5.76460752303439872e+17
74,3,q_3_2,0,23,1,5.76460752303439872e+17,0,23,1,5.76460752303439872e+17,0,23,1,5.76460752303439872e+17,0,23,1,5.76460752303439872e+17,0,23,2,3.32306998946247858e+35,0,23,2,3.32306998946247858e+35,1,22,1,5.76460752303439872e+17
74,4,M_u_col_0,16,7,2,3.32306998945331719e+35,0,23,1,5.76460752303439872e+17,17,6,1,5.76460752302153728e+17,17,6,1,5.76460752303439872e+17,17,6,2,3.32306998945506446e+35,17,6,2,3.32306998945506446e+35,18,5,1,5.76460752303513600e+17
74,4,M_y_col_0,0,23,1,5.76460752303439872e+17,0,23,1,5.76460752303439872e+17,0,23,1,5.76460752303439872e+17,0,23,1,5.76460752303439872e+17,0,23,2,3.32306998946247858e+35,0,23,2,3.32306998946247858e+35,1,22,1,5.76460752303439872e+17
74,4,M_u_col_1,16,7,2,3.32306998945331719e+35,0,23,1,5.76460752303439872e+17,17,6,1,5.76460752302153728e+17,17,6,1,5.76460752303439872e+17,17,6,2,3.32306998945506446e+35,17,6,2,3.32306998945506446e+35,18,5,1,5.76460752303513600e+17
74,4,M_y_col_1,0,23,1,5.76460752303439872e+17,0,23,1,5.76460752303439872e+17,0,23,1,5.76460752303439872e+17,0,23,1,5.76460752303439872e+17,0,23,2,3.32306998946247858e+35,0,23,2,3.32306998946247858e+35,1,22,1,5.76460752303439872e+17
74,4,M_u_col_2,16,7,2,3.32306998945331719e+35,0,23,1,5.76460752303439872e+17,17,6,1,5.76460752302153728e+17,17,6,1,5.76460752303439872e+17,17,6,2,3.32306998945506446e+35,17,6,2,3.32306998945506446e+35,18,5,1,5.76460752303513600e+17
74,4,M_y_col_2,0,23,1,5.76460752303439872e+17,0,23,1,5.76460752303439872e+17,0,23,1,5.76460752303439872e+17,0,23,1,5.76460752303439872e+17,0,23,2,3.32306998946247858e+35,0,23,2,3.32306998946247858e+35,1,22,1,5.76460752303439872e+17
74,4,M_u_col_3,16,7,2,3.32306998945331719e+35,0,23,1,5.76460752303439872e+17,17,6,1,5.76460752302153728e+17,17,6,1,5.76460752303439872e+17,17,6,2,3.32306998945506446e+35,17,6,2,3.32306998945506446e+35,18,5,1,5.76460752303513600e+17
74,4,M_y_col_3,0,23,1,5.76460752303439872e+17,0,23,1,5.76460752303439872e+17,0,23,1,5.76460752303439872e+17,0,23,1,5.76460752303439872e+17,0,23,2,3.32306998946247858e+35,0,23,2,3.32306998946247858e+35,1,22,1,5.76460752303439872e+17
75,0,P_0,18,5,1,5.76460752303513600e+17,0,23,1,5.76460752303439872e+17,18,5,1,5.76460752303513600e+17,18,5,1,5.76460752303439872e+17,18,5,2,3.32306998946290359e+35,18,5,2,3.32306998946290359e+35,19,4,1,5.76460752303767552e+17
75,1,P_1,18,5,1,5.76460752303513600e+17,0,23,1,5.76460752303439872e+17,18,5,1,5.76460752303513600e+17,18,5,1,5.76460752303439872e+17,18,5,2,3.32306998946290359e+35,18,5,2,3.32306998946290359e+35,19,4,1,5.76460752303767552e+17
75,1,q_1_0,0,23,1,5.76460752303439872e+17,0,23,1,5.76460752303439872e+17,0,23,1,5.76460752303439872e+17,0,23,1,5.76460752303439872e+17,0,23,2,3.32306998946247858e+35,0,23,2,3.32306998946247858e+35,1,22,1,5.76460752303439872e+17
75,2,P_2,18,5,1,5.76460752303513600e+17,0,23,1,5.76460752303439872e+17,18,5,1,5.76460752303513600e+17,18,5,1,5.76460752303439872e+17,18,5,2,3.32306998946290359e+35,18,5,2,3.32306998946290359e+35,19,4,1,5.76460752303767552e+17
75,2,q_2_0,0,23,1,5.76460752303439872e+17,0,23,1,5.76460752303439872e+17,0,23,1,5.76460752303439872e+17,0,23,1,5.76460752303439872e+17,0,23,2,3.32306998946247858e+35,0,23,2,3.32306998946247858e+35,1,22,1,5.76460752303439872e+17
75,2,q_2_1,0,23,1,5.76460752303439872e+17,0,23,1,5.76460752303439872e+17,0,23,1,5.76460752303439872e+17,0,23,1,5.76460752303439872e+17,0,23,2,3.32306998946247858e+35,0,23,2,3.32306998946247858e+35,1,22,1,5.76460752303439872e+17
75,3,P_3,18,5,1,5.76460752303513600e+17,0,23,1,5.76460752303439872e+17,18,5,1,5.76460752303513600e+17,18,5,1,5.76460752303439872e+17,18,5,2,3.32306998946290359e+35,18,5,2,3.32306998946290359e+35,19,4,1,5.76460752303767552e+17
75,3,q_3_0,0,23,1,5.76460752303439872e+17,0,23,1,5.76460752303439872e+17,0,23,1,5.76460752303439872e+17,0,23,1,5.76460752303439872e+17,0,23,2,3.32306998946247858e+35,0,23,2,3.32306998946247858e+35,1,22,1,5.76460752303439872e+17
75,3,q_3_1,0,23,1,5.76460752303439872e+17,0,23,1,5.76460752303439872e+17,0,23,1,5.76460752303439872e+17,0,23,1,5.76460752303439872e+17,0,23,2,3.32306998946247858e+35,0,23,2,3.32306998946247858e+35,1,22,1,5.76460752303439872e+17
75,3,q_3_2,0,23,1,5.76460752303439872e+17,0,23,1,5.76460752303439872e+17,0,23,1,5.76460752303439872e+17,0,23,1,5.76460752303439872e+17,0,23,2,3.32306998946247858e+35,0,23,2,3.32306998946247858e+35,1,22,1,5.76460752303439872e+17
75,4,M_u_col_0,16,7,2,3.32306998945331719e+35,0,23,1,5.76460752303439872e+17,17,6,1,5.76460752302153728e+17,17,6,1,5.76460752303439872e+17,17,6,2,3.32306998945506446e+35,17,6,2,3.32306998945506446e+35,18,5,1,5.76460752303513600e+17
75,4,M_y_col_0,0,23,1,5.76460752303439872e+17,0,23,1,5.76460752303439872e+17,0,23,1,5.76460752303439872e+17,0,23,1,5.76460752303439872e+17,0,23,2,3.32306998946247858e+35,0,23,2,3.32306998946247858e+35,1,22,1,5.76460752303439872e+17
75,4,M_u_col_1,16,7,2,3.32306998945331719e+35,0,23,1,5.76460752303439872e+17,17,6,1,5.76460752302153728e+17,17,6,1,5.76460752303439872e+17,17,6,2,3.32306998945506446e+35,17,6,2,3.32306998945506446e+35,18,5,1,5.76460752303513600e+17
75,4,M_y_col_1,0,23,1,5.76460752303439872e+17,0,23,1,5.76460752303439872e+17,0,23,1,5.76460752303439872e+17,0,23,1,5.76460752303439872e+17,0,23,2,3.32306998946247858e+35,0,23,2,3.32306998946247858e+35,1,22,1,5.76460752303439872e+17
75,4,M_u_col_2,16,7,2,3.32306998945331719e+35,0,23,1,5.76460752303439872e+17,17,6,1,5.76460752302153728e+17,17,6,1,5.76460752303439872e+17,17,6,2,3.32306998945506446e+35,17,6,2,3.32306998945506446e+35,18,5,1,5.76460752303513600e+17
75,4,M_y_col_2,0,23,1,5.76460752303439872e+17,0,23,1,5.76460752303439872e+17,0,23,1,5.76460752303439872e+17,0,23,1,5.76460752303439872e+17,0,23,2,3.32306998946247858e+35,0,23,2,3.32306998946247858e+35,1,22,1,5.76460752303439872e+17
75,4,M_u_col_3,16,7,2,3.32306998945331719e+35,0,23,1,5.76460752303439872e+17,17,6,1,5.76460752302153728e+17,17,6,1,5.76460752303439872e+17,17,6,2,3.32306998945506446e+35,17,6,2,3.32306998945506446e+35,18,5,1,5.76460752303513600e+17
75,4,M_y_col_3,0,23,1,5.76460752303439872e+17,0,23,1,5.76460752303439872e+17,0,23,1,5.76460752303439872e+17,0,23,1,5.76460752303439872e+17,0,23,2,3.32306998946247858e+35,0,23,2,3.32306998946247858e+35,1,22,1,5.76460752303439872e+17
76,0,P_0,18,5,1,5.76460752303513600e+17,0,23,1,5.76460752303439872e+17,18,5,1,5.76460752303513600e+17,18,5,1,5.76460752303439872e+17,18,5,2,3.32306998946290359e+35,18,5,2,3.32306998946290359e+35,19,4,1,5.76460752303767552e+17
76,1,P_1,18,5,1,5.76460752303513600e+17,0,23,1,5.76460752303439872e+17,18,5,1,5.76460752303513600e+17,18,5,1,5.76460752303439872e+17,18,5,2,3.32306998946290359e+35,18,5,2,3.32306998946290359e+35,19,4,1,5.76460752303767552e+17
76,1,q_1_0,0,23,1,5.76460752303439872e+17,0,23,1,5.76460752303439872e+17,0,23,1,5.76460752303439872e+17,0,23,1,5.76460752303439872e+17,0,23,2,3.32306998946247858e+35,0,23,2,3.32306998946247858e+35,1,22,1,5.76460752303439872e+17
76,2,P_2,18,5,1,5.76460752303513600e+17,0,23,1,5.76460752303439872e+17,18,5,1,5.76460752303513600e+17,18,5,1,5.76460752303439872e+17,18,5,2,3.32306998946290359e+35,18,5,2,3.32306998946290359e+35,19,4,1,5.76460752303767552e+17
76,2,q_2_0,0,23,1,5.76460752303439872e+17,0,23,1,5.76460752303439872e+17,0,23,1,5.76460752303439872e+17,0,23,1,5.76460752303439872e+17,0,23,2,3.32306998946247858e+35,0,23,2,3.32306998946247858e+35,1,22,1,5.76460752303439872e+17
76,2,q_2_1,0,23,1,5.76460752303439872e+17,0,23,1,5.76460752303439872e+17,0,23,1,5.76460752303439872e+17,0,23,1,5.76460752303439872e+17,0,23,2,3.32306998946247858e+35,0,23,2,3.32306998946247858e+35,1,22,1,5.76460752303439872e+17
76,3,P_3,18,5,1,5.76460752303513600e+17,0,23,1,5.76460752303439872e+17,18,5,1,5.76460752303513600e+17,18,5,1,5.76460752303439872e+17,18,5,2,3.32306998946290359e+35,18,5,2,3.32306998946290359e+35,19,4,1,5.76460752303767552e+17
76,3,q_3_0,0,23,1,5.76460752303439872e+17,0,23,1,5.76460752303439872e+17,0,23,1,5.76460752303439872e+17,0,23,1,5.76460752303439872e+17,0,23,2,3.32306998946247858e+35,0,23,2,3.32306998946247858e+35,1,22,1,5.76460752303439872e+17
76,3,q_3_1,0,23,1,5.76460752303439872e+17,0,23,1,5.76460752303439872e+17,0,23,1,5.76460752303439872e+17,0,23,1,5.76460752303439872e+17,0,23,2,3.32306998946247858e+35,0,23,2,3.32306998946247858e+35,1,22,1,5.76460752303439872e+17
76,3,q_3_2,0,23,1,5.76460752303439872e+17,0,23,1,5.76460752303439872e+17,0,23,1,5.76460752303439872e+17,0,23,1,5.76460752303439872e+17,0,23,2,3.32306998946247858e+35,0,23,2,3.32306998946247858e+35,1,22,1,5.76460752303439872e+17
76,4,M_u_col_0,16,7,2,3.32306998945331719e+35,0,23,1,5.76460752303439872e+17,17,6,1,5.76460752302153728e+17,17,6,1,5.76460752303439872e+17,17,6,2,3.32306998945506446e+35,17,6,2,3.32306998945506446e+35,18,5,1,5.76460752303513600e+17
76,4,M_y_col_0,0,23,1,5.76460752303439872e+17,0,23,1,5.76460752303439872e+17,0,23,1,5.76460752303439872e+17,0,23,1,5.76460752303439872e+17,0,23,2,3.32306998946247858e+35,0,23,2,3.32306998946247858e+35,1,22,1,5.76460752303439872e+17
76,4,M_u_col_1,16,7,2,3.32306998945331719e+35,0,23,1,5.76460752303439872e+17,17,6,1,5.76460752302153728e+17,17,6,1,5.76460752303439872e+17,17,6,2,3.32306998945506446e+35,17,6,2,3.32306998945506446e+35,18,5,1,5.76460752303513600e+17
76,4,M_y_col_1,0,23,1,5.76460752303439872e+17,0,23,1,5.76460752303439872e+17,0,23,1,5.76460752303439872e+17,0,23,1,5.76460752303439872e+17,0,23,2,3.32306998946247858e+35,0,23,2,3.32306998946247858e+35,1,22,1,5.76460752303439872e+17
76,4,M_u_col_2,16,7,2,3.32306998945331719e+35,0,23,1,5.76460752303439872e+17,17,6,1,5.76460752302153728e+17,17,6,1,5.76460752303439872e+17,17,6,2,3.32306998945506446e+35,17,6,2,3.32306998945506446e+35,18,5,1,5.76460752303513600e+17
76,4,M_y_col_2,0,23,1,5.76460752303439872e+17,0,23,1,5.76460752303439872e+17,0,23,1,5.76460752303439872e+17,0,23,1,5.76460752303439872e+17,0,23,2,3.32306998946247858e+35,0,23,2,3.32306998946247858e+35,1,22,1,5.76460752303439872e+17
76,4,M_u_col_3,16,7,2,3.32306998945331719e+35,0,23,1,5.76460752303439872e+17,17,6,1,5.76460752302153728e+17,17,6,1,5.76460752303439872e+17,17,6,2,3.32306998945506446e+35,17,6,2,3.32306998945506446e+35,18,5,1,5.76460752303513600e+17
76,4,M_y_col_3,0,23,1,5.76460752303439872e+17,0,23,1,5.76460752303439872e+17,0,23,1,5.76460752303439872e+17,0,23,1,5.76460752303439872e+17,0,23,2,3.32306998946247858e+35,0,23,2,3.32306998946247858e+35,1,22,1,5.76460752303439872e+17
77,0,P_0,18,5,1,5.76460752303513600e+17,0,23,1,5.76460752303439872e+17,18,5,1,5.76460752303513600e+17,18,5,1,5.76460752303439872e+17,18,5,2,3.32306998946290359e+35,18,5,2,3.32306998946290359e+35,19,4,1,5.76460752303767552e+17
77,1,P_1,18,5,1,5.76460752303513600e+17,0,23,1,5.76460752303439872e+17,18,5,1,5.76460752303513600e+17,18,5,1,5.76460752303439872e+17,18,5,2,3.32306998946290359e+35,18,5,2,3.32306998946290359e+35,19,4,1,5.76460752303767552e+17
77,1,q_1_0,0,23,1,5.76460752303439872e+17,0,23,1,5.76460752303439872e+17,0,23,1,5.76460752303439872e+17,0,23,1,5.76460752303439872e+17,0,23,2,3.32306998946247858e+35,0,23,2,3.32306998946247858e+35,1,22,1,5.76460752303439872e+17
77,2,P_2,18,5,1,5.76460752303513600e+17,0,23,1,5.76460752303439872e+17,18,5,1,5.76460752303513600e+17,18,5,1,5.76460752303439872e+17,18,5,2,3.32306998946290359e+35,18,5,2,3.32306998946290359e+35,19,4,1,5.76460752303767552e+17
77,2,q_2_0,0,23,1,5.76460752303439872e+17,0,23,1,5.76460752303439872e+17,0,23,1,5.76460752303439872e+17,0,23,1,5.76460752303439872e+17,0,23,2,3.32306998946247858e+35,0,23,2,3.32306998946247858e+35,1,22,1,5.76460752303439872e+17
77,2,q_2_1,0,23,1,5.76460752303439872e+17,0,23,1,5.76460752303439872e+17,0,23,1,5.76460752303439872e+17,0,23,1,5.76460752303439872e+17,0,23,2,3.32306998946247858e+35,0,23,2,3.32306998946247858e+35,1,22,1,5.76460752303439872e+17
77,3,P_3,18,5,1,5.76460752303513600e+17,0,23,1,5.76460752303439872e+17,18,5,1,5.76460752303513600e+17,18,5,1,5.76460752303439872e+17,18,5,2,3.32306998946290359e+35,18,5,2,3.32306998946290359e+35,19,4,1,5.76460752303767552e+17
77,3,q_3_0,0,23,1,5.76460752303439872e+17,0,23,1,5.76460752303439872e+17,0,23,1,5.76460752303439872e+17,0,23,1,5.76460752303439872e+17,0,23,2,3.32306998946247858e+35,0,23,2,3.32306998946247858e+35,1,22,1,5.76460752303439872e+17
77,3,q_3_1,0,23,1,5.76460752303439872e+17,0,23,1,5.76460752303439872e+17,0,23,1,5.76460752303439872e+17,0,23,1,5.76460752303439872e+17,0,23,2,3.32306998946247858e+35,0,23,2,3.32306998946247858e+35,1,22,1,5.76460752303439872e+17
77,3,q_3_2,0,23,1,5.76460752303439872e+17,0,23,1,5.76460752303439872e+17,0,23,1,5.76460752303439872e+17,0,23,1,5.76460752303439872e+17,0,23,2,3.32306998946247858e+35,0,23,2,3.32306998946247858e+35,1,22,1,5.76460752303439872e+17
77,4,M_u_col_0,16,7,2,3.32306998945331719e+35,0,23,1,5.76460752303439872e+17,17,6,1,5.76460752302153728e+17,17,6,1,5.76460752303439872e+17,17,6,2,3.32306998945506446e+35,17,6,2,3.32306998945506446e+35,18,5,1,5.76460752303513600e+17
77,4,M_y_col_0,0,23,1,5.76460752303439872e+17,0,23,1,5.76460752303439872e+17,0,23,1,5.76460752303439872e+17,0,23,1,5.76460752303439872e+17,0,23,2,3.32306998946247858e+35,0,23,2,3.32306998946247858e+35,1,22,1,5.76460752303439872e+17
77,4,M_u_col_1,16,7,2,3.32306998945331719e+35,0,23,1,5.76460752303439872e+17,17,6,1,5.76460752302153728e+17,17,6,1,5.76460752303439872e+17,17,6,2,3.32306998945506446e+35,17,6,2,3.32306998945506446e+35,18,5,1,5.76460752303513600e+17
77,4,M_y_col_1,0,23,1,5.76460752303439872e+17,0,23,1,5.76460752303439872e+17,0,23,1,5.76460752303439872e+17,0,23,1,5.76460752303439872e+17,0,23,2,3.32306998946247858e+35,0,23,2,3.32306998946247858e+35,1,22,1,5.76460752303439872e+17
77,4,M_u_col_2,16,7,2,3.32306998945331719e+35,0,23,1,5.76460752303439872e+17,17,6,1,5.76460752302153728e+17,17,6,1,5.76460752303439872e+17,17,6,2,3.32306998945506446e+35,17,6,2,3.32306998945506446e+35,18,5,1,5.76460752303513600e+17
77,4,M_y_col_2,0,23,1,5.76460752303439872e+17,0,23,1,5.76460752303439872e+17,0,23,1,5.76460752303439872e+17,0,23,1,5.76460752303439872e+17,0,23,2,3.32306998946247858e+35,0,23,2,3.32306998946247858e+35,1,22,1,5.76460752303439872e+17
77,4,M_u_col_3,16,7,2,3.32306998945331719e+35,0,23,1,5.76460752303439872e+17,17,6,1,5.76460752302153728e+17,17,6,1,5.76460752303439872e+17,17,6,2,3.32306998945506446e+35,17,6,2,3.32306998945506446e+35,18,5,1,5.76460752303513600e+17
77,4,M_y_col_3,0,23,1,5.76460752303439872e+17,0,23,1,5.76460752303439872e+17,0,23,1,5.76460752303439872e+17,0,23,1,5.76460752303439872e+17,0,23,2,3.32306998946247858e+35,0,23,2,3.32306998946247858e+35,1,22,1,5.76460752303439872e+17
78,0,P_0,18,5,1,5.76460752303513600e+17,0,23,1,5.76460752303439872e+17,18,5,1,5.76460752303513600e+17,18,5,1,5.76460752303439872e+17,18,5,2,3.32306998946290359e+35,18,5,2,3.32306998946290359e+35,19,4,1,5.76460752303767552e+17
78,1,P_1,18,5,1,5.76460752303513600e+17,0,23,1,5.76460752303439872e+17,18,5,1,5.76460752303513600e+17,18,5,1,5.76460752303439872e+17,18,5,2,3.32306998946290359e+35,18,5,2,3.32306998946290359e+35,19,4,1,5.76460752303767552e+17
78,1,q_1_0,0,23,1,5.76460752303439872e+17,0,23,1,5.76460752303439872e+17,0,23,1,5.76460752303439872e+17,0,23,1,5.76460752303439872e+17,0,23,2,3.32306998946247858e+35,0,23,2,3.32306998946247858e+35,1,22,1,5.76460752303439872e+17
78,2,P_2,18,5,1,5.76460752303513600e+17,0,23,1,5.76460752303439872e+17,18,5,1,5.76460752303513600e+17,18,5,1,5.76460752303439872e+17,18,5,2,3.32306998946290359e+35,18,5,2,3.32306998946290359e+35,19,4,1,5.76460752303767552e+17
78,2,q_2_0,0,23,1,5.76460752303439872e+17,0,23,1,5.76460752303439872e+17,0,23,1,5.76460752303439872e+17,0,23,1,5.76460752303439872e+17,0,23,2,3.32306998946247858e+35,0,23,2,3.32306998946247858e+35,1,22,1,5.76460752303439872e+17
78,2,q_2_1,0,23,1,5.76460752303439872e+17,0,23,1,5.76460752303439872e+17,0,23,1,5.76460752303439872e+17,0,23,1,5.76460752303439872e+17,0,23,2,3.32306998946247858e+35,0,23,2,3.32306998946247858e+35,1,22,1,5.76460752303439872e+17
78,3,P_3,18,5,1,5.76460752303513600e+17,0,23,1,5.76460752303439872e+17,18,5,1,5.76460752303513600e+17,18,5,1,5.76460752303439872e+17,18,5,2,3.32306998946290359e+35,18,5,2,3.32306998946290359e+35,19,4,1,5.76460752303767552e+17
78,3,q_3_0,0,23,1,5.76460752303439872e+17,0,23,1,5.76460752303439872e+17,0,23,1,5.76460752303439872e+17,0,23,1,5.76460752303439872e+17,0,23,2,3.32306998946247858e+35,0,23,2,3.32306998946247858e+35,1,22,1,5.76460752303439872e+17
78,3,q_3_1,0,23,1,5.76460752303439872e+17,0,23,1,5.76460752303439872e+17,0,23,1,5.76460752303439872e+17,0,23,1,5.76460752303439872e+17,0,23,2,3.32306998946247858e+35,0,23,2,3.32306998946247858e+35,1,22,1,5.76460752303439872e+17
78,3,q_3_2,0,23,1,5.76460752303439872e+17,0,23,1,5.76460752303439872e+17,0,23,1,5.76460752303439872e+17,0,23,1,5.76460752303439872e+17,0,23,2,3.32306998946247858e+35,0,23,2,3.32306998946247858e+35,1,22,1,5.76460752303439872e+17
78,4,M_u_col_0,16,7,2,3.32306998945331719e+35,0,23,1,5.76460752303439872e+17,17,6,1,5.76460752302153728e+17,17,6,1,5.76460752303439872e+17,17,6,2,3.32306998945506446e+35,17,6,2,3.32306998945506446e+35,18,5,1,5.76460752303513600e+17
78,4,M_y_col_0,0,23,1,5.76460752303439872e+17,0,23,1,5.76460752303439872e+17,0,23,1,5.76460752303439872e+17,0,23,1,5.76460752303439872e+17,0,23,2,3.32306998946247858e+35,0,23,2,3.32306998946247858e+35,1,22,1,5.76460752303439872e+17
78,4,M_u_col_1,16,7,2,3.32306998945331719e+35,0,23,1,5.76460752303439872e+17,17,6,1,5.76460752302153728e+17,17,6,1,5.76460752303439872e+17,17,6,2,3.32306998945506446e+35,17,6,2,3.32306998945506446e+35,18,5,1,5.76460752303513600e+17
78,4,M_y_col_1,0,23,1,5.76460752303439872e+17,0,23,1,5.76460752303439872e+17,0,23,1,5.76460752303439872e+17,0,23,1,5.76460752303439872e+17,0,23,2,3.32306998946247858e+35,0,23,2,3.32306998946247858e+35,1,22,1,5.76460752303439872e+17
78,4,M_u_col_2,16,7,2,3.32306998945331719e+35,0,23,1,5.76460752303439872e+17,17,6,1,5.76460752302153728e+17,17,6,1,5.76460752303439872e+17,17,6,2,3.32306998945506446e+35,17,6,2,3.32306998945506446e+35,18,5,1,5.76460752303513600e+17
78,4,M_y_col_2,0,23,1,5.76460752303439872e+17,0,23,1,5.76460752303439872e+17,0,23,1,5.76460752303439872e+17,0,23,1,5.76460752303439872e+17,0,23,2,3.32306998946247858e+35,0,23,2,3.32306998946247858e+35,1,22,1,5.76460752303439872e+17
78,4,M_u_col_3,16,7,2,3.32306998945331719e+35,0,23,1,5.76460752303439872e+17,17,6,1,5.76460752302153728e+17,17,6,1,5.76460752303439872e+17,17,6,2,3.32306998945506446e+35,17,6,2,3.32306998945506446e+35,18,5,1,5.76460752303513600e+17
78,4,M_y_col_3,0,23,1,5.76460752303439872e+17,0,23,1,5.76460752303439872e+17,0,23,1,5.76460752303439872e+17,0,23,1,5.76460752303439872e+17,0,23,2,3.32306998946247858e+35,0,23,2,3.32306998946247858e+35,1,22,1,5.76460752303439872e+17
79,0,P_0,18,5,1,5.76460752303513600e+17,0,23,1,5.76460752303439872e+17,18,5,1,5.76460752303513600e+17,18,5,1,5.76460752303439872e+17,18,5,2,3.32306998946290359e+35,18,5,2,3.32306998946290359e+35,19,4,1,5.76460752303767552e+17
79,1,P_1,18,5,1,5.76460752303513600e+17,0,23,1,5.76460752303439872e+17,18,5,1,5.76460752303513600e+17,18,5,1,5.76460752303439872e+17,18,5,2,3.32306998946290359e+35,18,5,2,3.32306998946290359e+35,19,4,1,5.76460752303767552e+17
79,1,q_1_0,0,23,1,5.76460752303439872e+17,0,23,1,5.76460752303439872e+17,0,23,1,5.76460752303439872e+17,0,23,1,5.76460752303439872e+17,0,23,2,3.32306998946247858e+35,0,23,2,3.32306998946247858e+35,1,22,1,5.76460752303439872e+17
79,2,P_2,18,5,1,5.76460752303513600e+17,0,23,1,5.76460752303439872e+17,18,5,1,5.76460752303513600e+17,18,5,1,5.76460752303439872e+17,18,5,2,3.32306998946290359e+35,18,5,2,3.32306998946290359e+35,19,4,1,5.76460752303767552e+17
79,2,q_2_0,0,23,1,5.76460752303439872e+17,0,23,1,5.76460752303439872e+17,0,23,1,5.76460752303439872e+17,0,23,1,5.76460752303439872e+17,0,23,2,3.32306998946247858e+35,0,23,2,3.32306998946247858e+35,1,22,1,5.76460752303439872e+17
79,2,q_2_1,0,23,1,5.76460752303439872e+17,0,23,1,5.76460752303439872e+17,0,23,1,5.76460752303439872e+17,0,23,1,5.76460752303439872e+17,0,23,2,3.32306998946247858e+35,0,23,2,3.32306998946247858e+35,1,22,1,5.76460752303439872e+17
79,3,P_3,18,5,1,5.76460752303513600e+17,0,23,1,5.76460752303439872e+17,18,5,1,5.76460752303513600e+17,18,5,1,5.76460752303439872e+17,18,5,2,3.32306998946290359e+35,18,5,2,3.32306998946290359e+35,19,4,1,5.76460752303767552e+17
79,3,q_3_0,0,23,1,5.76460752303439872e+17,0,23,1,5.76460752303439872e+17,0,23,1,5.76460752303439872e+17,0,23,1,5.76460752303439872e+17,0,23,2,3.32306998946247858e+35,0,23,2,3.32306998946247858e+35,1,22,1,5.76460752303439872e+17
79,3,q_3_1,0,23,1,5.76460752303439872e+17,0,23,1,5.76460752303439872e+17,0,23,1,5.76460752303439872e+17,0,23,1,5.76460752303439872e+17,0,23,2,3.32306998946247858e+35,0,23,2,3.32306998946247858e+35,1,22,1,5.76460752303439872e+17
79,3,q_3_2,0,23,1,5.76460752303439872e+17,0,23,1,5.76460752303439872e+17,0,23,1,5.76460752303439872e+17,0,23,1,5.76460752303439872e+17,0,23,2,3.32306998946247858e+35,0,23,2,3.32306998946247858e+35,1,22,1,5.76460752303439872e+17
79,4,M_u_col_0,16,7,2,3.32306998945331719e+35,0,23,1,5.76460752303439872e+17,17,6,1,5.76460752302153728e+17,17,6,1,5.76460752303439872e+17,17,6,2,3.32306998945506446e+35,17,6,2,3.32306998945506446e+35,18,5,1,5.76460752303513600e+17
79,4,M_y_col_0,0,23,1,5.76460752303439872e+17,0,23,1,5.76460752303439872e+17,0,23,1,5.76460752303439872e+17,0,23,1,5.76460752303439872e+17,0,23,2,3.32306998946247858e+35,0,23,2,3.32306998946247858e+35,1,22,1,5.76460752303439872e+17
79,4,M_u_col_1,16,7,2,3.32306998945331719e+35,0,23,1,5.76460752303439872e+17,17,6,1,5.76460752302153728e+17,17,6,1,5.76460752303439872e+17,17,6,2,3.32306998945506446e+35,17,6,2,3.32306998945506446e+35,18,5,1,5.76460752303513600e+17
79,4,M_y_col_1,0,23,1,5.76460752303439872e+17,0,23,1,5.76460752303439872e+17,0,23,1,5.76460752303439872e+17,0,23,1,5.76460752303439872e+17,0,23,2,3.32306998946247858e+35,0,23,2,3.32306998946247858e+35,1,22,1,5.76460752303439872e+17
79,4,M_u_col_2,16,7,2,3.32306998945331719e+35,0,23,1,5.76460752303439872e+17,17,6,1,5.76460752302153728e+17,17,6,1,5.76460752303439872e+17,17,6,2,3.32306998945506446e+35,17,6,2,3.32306998945506446e+35,18,5,1,5.76460752303513600e+17
79,4,M_y_col_2,0,23,1,5.76460752303439872e+17,0,23,1,5.76460752303439872e+17,0,23,1,5.76460752303439872e+17,0,23,1,5.76460752303439872e+17,0,23,2,3.32306998946247858e+35,0,23,2,3.32306998946247858e+35,1,22,1,5.76460752303439872e+17
79,4,M_u_col_3,16,7,2,3.32306998945331719e+35,0,23,1,5.76460752303439872e+17,17,6,1,5.76460752302153728e+17,17,6,1,5.76460752303439872e+17,17,6,2,3.32306998945506446e+35,17,6,2,3.32306998945506446e+35,18,5,1,5.76460752303513600e+17
79,4,M_y_col_3,0,23,1,5.76460752303439872e+17,0,23,1,5.76460752303439872e+17,0,23,1,5.76460752303439872e+17,0,23,1,5.76460752303439872e+17,0,23,2,3.32306998946247858e+35,0,23,2,3.32306998946247858e+35,1,22,1,5.76460752303439872e+17
80,0,P_0,18,5,1,5.76460752303513600e+17,0,23,1,5.76460752303439872e+17,18,5,1,5.76460752303513600e+17,18,5,1,5.76460752303439872e+17,18,5,2,3.32306998946290359e+35,18,5,2,3.32306998946290359e+35,19,4,1,5.76460752303767552e+17
80,1,P_1,18,5,1,5.76460752303513600e+17,0,23,1,5.76460752303439872e+17,18,5,1,5.76460752303513600e+17,18,5,1,5.76460752303439872e+17,18,5,2,3.32306998946290359e+35,18,5,2,3.32306998946290359e+35,19,4,1,5.76460752303767552e+17
80,1,q_1_0,0,23,1,5.76460752303439872e+17,0,23,1,5.76460752303439872e+17,0,23,1,5.76460752303439872e+17,0,23,1,5.76460752303439872e+17,0,23,2,3.32306998946247858e+35,0,23,2,3.32306998946247858e+35,1,22,1,5.76460752303439872e+17
80,2,P_2,18,5,1,5.76460752303513600e+17,0,23,1,5.76460752303439872e+17,18,5,1,5.76460752303513600e+17,18,5,1,5.76460752303439872e+17,18,5,2,3.32306998946290359e+35,18,5,2,3.32306998946290359e+35,19,4,1,5.76460752303767552e+17
80,2,q_2_0,0,23,1,5.76460752303439872e+17,0,23,1,5.76460752303439872e+17,0,23,1,5.76460752303439872e+17,0,23,1,5.76460752303439872e+17,0,23,2,3.32306998946247858e+35,0,23,2,3.32306998946247858e+35,1,22,1,5.76460752303439872e+17
80,2,q_2_1,0,23,1,5.76460752303439872e+17,0,23,1,5.76460752303439872e+17,0,23,1,5.76460752303439872e+17,0,23,1,5.76460752303439872e+17,0,23,2,3.32306998946247858e+35,0,23,2,3.32306998946247858e+35,1,22,1,5.76460752303439872e+17
80,3,P_3,18,5,1,5.76460752303513600e+17,0,23,1,5.76460752303439872e+17,18,5,1,5.76460752303513600e+17,18,5,1,5.76460752303439872e+17,18,5,2,3.32306998946290359e+35,18,5,2,3.32306998946290359e+35,19,4,1,5.76460752303767552e+17
80,3,q_3_0,0,23,1,5.76460752303439872e+17,0,23,1,5.76460752303439872e+17,0,23,1,5.76460752303439872e+17,0,23,1,5.76460752303439872e+17,0,23,2,3.32306998946247858e+35,0,23,2,3.32306998946247858e+35,1,22,1,5.76460752303439872e+17
80,3,q_3_1,0,23,1,5.76460752303439872e+17,0,23,1,5.76460752303439872e+17,0,23,1,5.76460752303439872e+17,0,23,1,5.76460752303439872e+17,0,23,2,3.32306998946247858e+35,0,23,2,3.32306998946247858e+35,1,22,1,5.76460752303439872e+17
80,3,q_3_2,0,23,1,5.76460752303439872e+17,0,23,1,5.76460752303439872e+17,0,23,1,5.76460752303439872e+17,0,23,1,5.76460752303439872e+17,0,23,2,3.32306998946247858e+35,0,23,2,3.32306998946247858e+35,1,22,1,5.76460752303439872e+17
80,4,M_u_col_0,16,7,2,3.32306998945331719e+35,0,23,1,5.76460752303439872e+17,17,6,1,5.76460752302153728e+17,17,6,1,5.76460752303439872e+17,17,6,2,3.32306998945506446e+35,17,6,2,3.32306998945506446e+35,18,5,1,5.76460752303513600e+17
80,4,M_y_col_0,0,23,1,5.76460752303439872e+17,0,23,1,5.76460752303439872e+17,0,23,1,5.76460752303439872e+17,0,23,1,5.76460752303439872e+17,0,23,2,3.32306998946247858e+35,0,23,2,3.32306998946247858e+35,1,22,1,5.76460752303439872e+17
80,4,M_u_col_1,16,7,2,3.32306998945331719e+35,0,23,1,5.76460752303439872e+17,17,6,1,5.76460752302153728e+17,17,6,1,5.76460752303439872e+17,17,6,2,3.32306998945506446e+35,17,6,2,3.32306998945506446e+35,18,5,1,5.76460752303513600e+17
80,4,M_y_col_1,0,23,1,5.76460752303439872e+17,0,23,1,5.76460752303439872e+17,0,23,1,5.76460752303439872e+17,0,23,1,5.76460752303439872e+17,0,23,2,3.32306998946247858e+35,0,23,2,3.32306998946247858e+35,1,22,1,5.76460752303439872e+17
80,4,M_u_col_2,16,7,2,3.32306998945331719e+35,0,23,1,5.76460752303439872e+17,17,6,1,5.76460752302153728e+17,17,6,1,5.76460752303439872e+17,17,6,2,3.32306998945506446e+35,17,6,2,3.32306998945506446e+35,18,5,1,5.76460752303513600e+17
80,4,M_y_col_2,0,23,1,5.76460752303439872e+17,0,23,1,5.76460752303439872e+17,0,23,1,5.76460752303439872e+17,0,23,1,5.76460752303439872e+17,0,23,2,3.32306998946247858e+35,0,23,2,3.32306998946247858e+35,1,22,1,5.76460752303439872e+17
80,4,M_u_col_3,16,7,2,3.32306998945331719e+35,0,23,1,5.76460752303439872e+17,17,6,1,5.76460752302153728e+17,17,6,1,5.76460752303439872e+17,17,6,2,3.32306998945506446e+35,17,6,2,3.32306998945506446e+35,18,5,1,5.76460752303513600e+17
80,4,M_y_col_3,0,23,1,5.76460752303439872e+17,0,23,1,5.76460752303439872e+17,0,23,1,5.76460752303439872e+17,0,23,1,5.76460752303439872e+17,0,23,2,3.32306998946247858e+35,0,23,2,3.32306998946247858e+35,1,22,1,5.76460752303439872e+17
81,0,P_0,18,5,1,5.76460752303513600e+17,0,23,1,5.76460752303439872e+17,18,5,1,5.76460752303513600e+17,18,5,1,5.76460752303439872e+17,18,5,2,3.32306998946290359e+35,18,5,2,3.32306998946290359e+35,19,4,1,5.76460752303767552e+17
81,1,P_1,18,5,1,5.76460752303513600e+17,0,23,1,5.76460752303439872e+17,18,5,1,5.76460752303513600e+17,18,5,1,5.76460752303439872e+17,18,5,2,3.32306998946290359e+35,18,5,2,3.32306998946290359e+35,19,4,1,5.76460752303767552e+17
81,1,q_1_0,0,23,1,5.76460752303439872e+17,0,23,1,5.76460752303439872e+17,0,23,1,5.76460752303439872e+17,0,23,1,5.76460752303439872e+17,0,23,2,3.32306998946247858e+35,0,23,2,3.32306998946247858e+35,1,22,1,5.76460752303439872e+17
81,2,P_2,18,5,1,5.76460752303513600e+17,0,23,1,5.76460752303439872e+17,18,5,1,5.76460752303513600e+17,18,5,1,5.76460752303439872e+17,18,5,2,3.32306998946290359e+35,18,5,2,3.32306998946290359e+35,19,4,1,5.76460752303767552e+17
81,2,q_2_0,0,23,1,5.76460752303439872e+17,0,23,1,5.76460752303439872e+17,0,23,1,5.76460752303439872e+17,0,23,1,5.76460752303439872e+17,0,23,2,3.32306998946247858e+35,0,23,2,3.32306998946247858e+35,1,22,1,5.76460752303439872e+17
81,2,q_2_1,0,23,1,5.76460752303439872e+17,0,23,1,5.76460752303439872e+17,0,23,1,5.76460752303439872e+17,0,23,1,5.76460752303439872e+17,0,23,2,3.32306998946247858e+35,0,23,2,3.32306998946247858e+35,1,22,1,5.76460752303439872e+17
81,3,P_3,18,5,1,5.76460752303513600e+17,0,23,1,5.76460752303439872e+17,18,5,1,5.76460752303513600e+17,18,5,1,5.76460752303439872e+17,18,5,2,3.32306998946290359e+35,18,5,2,3.32306998946290359e+35,19,4,1,5.76460752303767552e+17
81,3,q_3_0,0,23,1,5.76460752303439872e+17,0,23,1,5.76460752303439872e+17,0,23,1,5.76460752303439872e+17,0,23,1,5.76460752303439872e+17,0,23,2,3.32306998946247858e+35,0,23,2,3.32306998946247858e+35,1,22,1,5.76460752303439872e+17
81,3,q_3_1,0,23,1,5.76460752303439872e+17,0,23,1,5.76460752303439872e+17,0,23,1,5.76460752303439872e+17,0,23,1,5.76460752303439872e+17,0,23,2,3.32306998946247858e+35,0,23,2,3.32306998946247858e+35,1,22,1,5.76460752303439872e+17
81,3,q_3_2,0,23,1,5.76460752303439872e+17,0,23,1,5.76460752303439872e+17,0,23,1,5.76460752303439872e+17,0,23,1,5.76460752303439872e+17,0,23,2,3.32306998946247858e+35,0,23,2,3.32306998946247858e+35,1,22,1,5.76460752303439872e+17
81,4,M_u_col_0,16,7,2,3.32306998945331719e+35,0,23,1,5.76460752303439872e+17,17,6,1,5.76460752302153728e+17,17,6,1,5.76460752303439872e+17,17,6,2,3.32306998945506446e+35,17,6,2,3.32306998945506446e+35,18,5,1,5.76460752303513600e+17
81,4,M_y_col_0,0,23,1,5.76460752303439872e+17,0,23,1,5.76460752303439872e+17,0,23,1,5.76460752303439872e+17,0,23,1,5.76460752303439872e+17,0,23,2,3.32306998946247858e+35,0,23,2,3.32306998946247858e+35,1,22,1,5.76460752303439872e+17
81,4,M_u_col_1,16,7,2,3.32306998945331719e+35,0,23,1,5.76460752303439872e+17,17,6,1,5.76460752302153728e+17,17,6,1,5.76460752303439872e+17,17,6,2,3.32306998945506446e+35,17,6,2,3.32306998945506446e+35,18,5,1,5.76460752303513600e+17
81,4,M_y_col_1,0,23,1,5.76460752303439872e+17,0,23,1,5.76460752303439872e+17,0,23,1,5.76460752303439872e+17,0,23,1,5.76460752303439872e+17,0,23,2,3.32306998946247858e+35,0,23,2,3.32306998946247858e+35,1,22,1,5.76460752303439872e+17
81,4,M_u_col_2,16,7,2,3.32306998945331719e+35,0,23,1,5.76460752303439872e+17,17,6,1,5.76460752302153728e+17,17,6,1,5.76460752303439872e+17,17,6,2,3.32306998945506446e+35,17,6,2,3.32306998945506446e+35,18,5,1,5.76460752303513600e+17
81,4,M_y_col_2,0,23,1,5.76460752303439872e+17,0,23,1,5.76460752303439872e+17,0,23,1,5.76460752303439872e+17,0,23,1,5.76460752303439872e+17,0,23,2,3.32306998946247858e+35,0,23,2,3.32306998946247858e+35,1,22,1,5.76460752303439872e+17
81,4,M_u_col_3,16,7,2,3.32306998945331719e+35,0,23,1,5.76460752303439872e+17,17,6,1,5.76460752302153728e+17,17,6,1,5.76460752303439872e+17,17,6,2,3.32306998945506446e+35,17,6,2,3.32306998945506446e+35,18,5,1,5.76460752303513600e+17
81,4,M_y_col_3,0,23,1,5.76460752303439872e+17,0,23,1,5.76460752303439872e+17,0,23,1,5.76460752303439872e+17,0,23,1,5.76460752303439872e+17,0,23,2,3.32306998946247858e+35,0,23,2,3.32306998946247858e+35,1,22,1,5.76460752303439872e+17
82,0,P_0,18,5,1,5.76460752303513600e+17,0,23,1,5.76460752303439872e+17,18,5,1,5.76460752303513600e+17,18,5,1,5.76460752303439872e+17,18,5,2,3.32306998946290359e+35,18,5,2,3.32306998946290359e+35,19,4,1,5.76460752303767552e+17
82,1,P_1,18,5,1,5.76460752303513600e+17,0,23,1,5.76460752303439872e+17,18,5,1,5.76460752303513600e+17,18,5,1,5.76460752303439872e+17,18,5,2,3.32306998946290359e+35,18,5,2,3.32306998946290359e+35,19,4,1,5.76460752303767552e+17
82,1,q_1_0,0,23,1,5.76460752303439872e+17,0,23,1,5.76460752303439872e+17,0,23,1,5.76460752303439872e+17,0,23,1,5.76460752303439872e+17,0,23,2,3.32306998946247858e+35,0,23,2,3.32306998946247858e+35,1,22,1,5.76460752303439872e+17
82,2,P_2,18,5,1,5.76460752303513600e+17,0,23,1,5.76460752303439872e+17,18,5,1,5.76460752303513600e+17,18,5,1,5.76460752303439872e+17,18,5,2,3.32306998946290359e+35,18,5,2,3.32306998946290359e+35,19,4,1,5.76460752303767552e+17
82,2,q_2_0,0,23,1,5.76460752303439872e+17,0,23,1,5.76460752303439872e+17,0,23,1,5.76460752303439872e+17,0,23,1,5.76460752303439872e+17,0,23,2,3.32306998946247858e+35,0,23,2,3.32306998946247858e+35,1,22,1,5.76460752303439872e+17
82,2,q_2_1,0,23,1,5.76460752303439872e+17,0,23,1,5.76460752303439872e+17,0,23,1,5.76460752303439872e+17,0,23,1,5.76460752303439872e+17,0,23,2,3.32306998946247858e+35,0,23,2,3.32306998946247858e+35,1,22,1,5.76460752303439872e+17
82,3,P_3,18,5,1,5.76460752303513600e+17,0,23,1,5.76460752303439872e+17,18,5,1,5.76460752303513600e+17,18,5,1,5.76460752303439872e+17,18,5,2,3.32306998946290359e+35,18,5,2,3.32306998946290359e+35,19,4,1,5.76460752303767552e+17
82,3,q_3_0,0,23,1,5.76460752303439872e+17,0,23,1,5.76460752303439872e+17,0,23,1,5.76460752303439872e+17,0,23,1,5.76460752303439872e+17,0,23,2,3.32306998946247858e+35,0,23,2,3.32306998946247858e+35,1,22,1,5.76460752303439872e+17
82,3,q_3_1,0,23,1,5.76460752303439872e+17,0,23,1,5.76460752303439872e+17,0,23,1,5.76460752303439872e+17,0,23,1,5.76460752303439872e+17,0,23,2,3.32306998946247858e+35,0,23,2,3.32306998946247858e+35,1,22,1,5.76460752303439872e+17
82,3,q_3_2,0,23,1,5.76460752303439872e+17,0,23,1,5.76460752303439872e+17,0,23,1,5.76460752303439872e+17,0,23,1,5.76460752303439872e+17,0,23,2,3.32306998946247858e+35,0,23,2,3.32306998946247858e+35,1,22,1,5.76460752303439872e+17
82,4,M_u_col_0,16,7,2,3.32306998945331719e+35,0,23,1,5.76460752303439872e+17,17,6,1,5.76460752302153728e+17,17,6,1,5.76460752303439872e+17,17,6,2,3.32306998945506446e+35,17,6,2,3.32306998945506446e+35,18,5,1,5.76460752303513600e+17
82,4,M_y_col_0,0,23,1,5.76460752303439872e+17,0,23,1,5.76460752303439872e+17,0,23,1,5.76460752303439872e+17,0,23,1,5.76460752303439872e+17,0,23,2,3.32306998946247858e+35,0,23,2,3.32306998946247858e+35,1,22,1,5.76460752303439872e+17
82,4,M_u_col_1,16,7,2,3.32306998945331719e+35,0,23,1,5.76460752303439872e+17,17,6,1,5.76460752302153728e+17,17,6,1,5.76460752303439872e+17,17,6,2,3.32306998945506446e+35,17,6,2,3.32306998945506446e+35,18,5,1,5.76460752303513600e+17
82,4,M_y_col_1,0,23,1,5.76460752303439872e+17,0,23,1,5.76460752303439872e+17,0,23,1,5.76460752303439872e+17,0,23,1,5.76460752303439872e+17,0,23,2,3.32306998946247858e+35,0,23,2,3.32306998946247858e+35,1,22,1,5.76460752303439872e+17
82,4,M_u_col_2,16,7,2,3.32306998945331719e+35,0,23,1,5.76460752303439872e+17,17,6,1,5.76460752302153728e+17,17,6,1,5.76460752303439872e+17,17,6,2,3.32306998945506446e+35,17,6,2,3.32306998945506446e+35,18,5,1,5.76460752303513600e+17
82,4,M_y_col_2,0,23,1,5.76460752303439872e+17,0,23,1,5.76460752303439872e+17,0,23,1,5.76460752303439872e+17,0,23,1,5.76460752303439872e+17,0,23,2,3.32306998946247858e+35,0,23,2,3.32306998946247858e+35,1,22,1,5.76460752303439872e+17
82,4,M_u_col_3,16,7,2,3.32306998945331719e+35,0,23,1,5.76460752303439872e+17,17,6,1,5.76460752302153728e+17,17,6,1,5.76460752303439872e+17,17,6,2,3.32306998945506446e+35,17,6,2,3.32306998945506446e+35,18,5,1,5.76460752303513600e+17
82,4,M_y_col_3,0,23,1,5.76460752303439872e+17,0,23,1,5.76460752303439872e+17,0,23,1,5.76460752303439872e+17,0,23,1,5.76460752303439872e+17,0,23,2,3.32306998946247858e+35,0,23,2,3.32306998946247858e+35,1,22,1,5.76460752303439872e+17
83,0,P_0,18,5,1,5.76460752303513600e+17,0,23,1,5.76460752303439872e+17,18,5,1,5.76460752303513600e+17,18,5,1,5.76460752303439872e+17,18,5,2,3.32306998946290359e+35,18,5,2,3.32306998946290359e+35,19,4,1,5.76460752303767552e+17
83,1,P_1,18,5,1,5.76460752303513600e+17,0,23,1,5.76460752303439872e+17,18,5,1,5.76460752303513600e+17,18,5,1,5.76460752303439872e+17,18,5,2,3.32306998946290359e+35,18,5,2,3.32306998946290359e+35,19,4,1,5.76460752303767552e+17
83,1,q_1_0,0,23,1,5.76460752303439872e+17,0,23,1,5.76460752303439872e+17,0,23,1,5.76460752303439872e+17,0,23,1,5.76460752303439872e+17,0,23,2,3.32306998946247858e+35,0,23,2,3.32306998946247858e+35,1,22,1,5.76460752303439872e+17
83,2,P_2,18,5,1,5.76460752303513600e+17,0,23,1,5.76460752303439872e+17,18,5,1,5.76460752303513600e+17,18,5,1,5.76460752303439872e+17,18,5,2,3.32306998946290359e+35,18,5,2,3.32306998946290359e+35,19,4,1,5.76460752303767552e+17
83,2,q_2_0,0,23,1,5.76460752303439872e+17,0,23,1,5.76460752303439872e+17,0,23,1,5.76460752303439872e+17,0,23,1,5.76460752303439872e+17,0,23,2,3.32306998946247858e+35,0,23,2,3.32306998946247858e+35,1,22,1,5.76460752303439872e+17
83,2,q_2_1,0,23,1,5.76460752303439872e+17,0,23,1,5.76460752303439872e+17,0,23,1,5.76460752303439872e+17,0,23,1,5.76460752303439872e+17,0,23,2,3.32306998946247858e+35,0,23,2,3.32306998946247858e+35,1,22,1,5.76460752303439872e+17
83,3,P_3,18,5,1,5.76460752303513600e+17,0,23,1,5.76460752303439872e+17,18,5,1,5.76460752303513600e+17,18,5,1,5.76460752303439872e+17,18,5,2,3.32306998946290359e+35,18,5,2,3.32306998946290359e+35,19,4,1,5.76460752303767552e+17
83,3,q_3_0,0,23,1,5.76460752303439872e+17,0,23,1,5.76460752303439872e+17,0,23,1,5.76460752303439872e+17,0,23,1,5.76460752303439872e+17,0,23,2,3.32306998946247858e+35,0,23,2,3.32306998946247858e+35,1,22,1,5.76460752303439872e+17
83,3,q_3_1,0,23,1,5.76460752303439872e+17,0,23,1,5.76460752303439872e+17,0,23,1,5.76460752303439872e+17,0,23,1,5.76460752303439872e+17,0,23,2,3.32306998946247858e+35,0,23,2,3.32306998946247858e+35,1,22,1,5.76460752303439872e+17
83,3,q_3_2,0,23,1,5.76460752303439872e+17,0,23,1,5.76460752303439872e+17,0,23,1,5.76460752303439872e+17,0,23,1,5.76460752303439872e+17,0,23,2,3.32306998946247858e+35,0,23,2,3.32306998946247858e+35,1,22,1,5.76460752303439872e+17
83,4,M_u_col_0,16,7,2,3.32306998945331719e+35,0,23,1,5.76460752303439872e+17,17,6,1,5.76460752302153728e+17,17,6,1,5.76460752303439872e+17,17,6,2,3.32306998945506446e+35,17,6,2,3.32306998945506446e+35,18,5,1,5.76460752303513600e+17
83,4,M_y_col_0,0,23,1,5.76460752303439872e+17,0,23,1,5.76460752303439872e+17,0,23,1,5.76460752303439872e+17,0,23,1,5.76460752303439872e+17,0,23,2,3.32306998946247858e+35,0,23,2,3.32306998946247858e+35,1,22,1,5.76460752303439872e+17
83,4,M_u_col_1,16,7,2,3.32306998945331719e+35,0,23,1,5.76460752303439872e+17,17,6,1,5.76460752302153728e+17,17,6,1,5.76460752303439872e+17,17,6,2,3.32306998945506446e+35,17,6,2,3.32306998945506446e+35,18,5,1,5.76460752303513600e+17
83,4,M_y_col_1,0,23,1,5.76460752303439872e+17,0,23,1,5.76460752303439872e+17,0,23,1,5.76460752303439872e+17,0,23,1,5.76460752303439872e+17,0,23,2,3.32306998946247858e+35,0,23,2,3.32306998946247858e+35,1,22,1,5.76460752303439872e+17
83,4,M_u_col_2,16,7,2,3.32306998945331719e+35,0,23,1,5.76460752303439872e+17,17,6,1,5.76460752302153728e+17,17,6,1,5.76460752303439872e+17,17,6,2,3.32306998945506446e+35,17,6,2,3.32306998945506446e+35,18,5,1,5.76460752303513600e+17
83,4,M_y_col_2,0,23,1,5.76460752303439872e+17,0,23,1,5.76460752303439872e+17,0,23,1,5.76460752303439872e+17,0,23,1,5.76460752303439872e+17,0,23,2,3.32306998946247858e+35,0,23,2,3.32306998946247858e+35,1,22,1,5.76460752303439872e+17
83,4,M_u_col_3,16,7,2,3.32306998945331719e+35,0,23,1,5.76460752303439872e+17,17,6,1,5.76460752302153728e+17,17,6,1,5.76460752303439872e+17,17,6,2,3.32306998945506446e+35,17,6,2,3.32306998945506446e+35,18,5,1,5.76460752303513600e+17
83,4,M_y_col_3,0,23,1,5.76460752303439872e+17,0,23,1,5.76460752303439872e+17,0,23,1,5.76460752303439872e+17,0,23,1,5.76460752303439872e+17,0,23,2,3.32306998946247858e+35,0,23,2,3.32306998946247858e+35,1,22,1,5.76460752303439872e+17
84,0,P_0,18,5,1,5.76460752303513600e+17,0,23,1,5.76460752303439872e+17,18,5,1,5.76460752303513600e+17,18,5,1,5.76460752303439872e+17,18,5,2,3.32306998946290359e+35,18,5,2,3.32306998946290359e+35,19,4,1,5.76460752303767552e+17
84,1,P_1,18,5,1,5.76460752303513600e+17,0,23,1,5.76460752303439872e+17,18,5,1,5.76460752303513600e+17,18,5,1,5.76460752303439872e+17,18,5,2,3.32306998946290359e+35,18,5,2,3.32306998946290359e+35,19,4,1,5.76460752303767552e+17
84,1,q_1_0,0,23,1,5.76460752303439872e+17,0,23,1,5.76460752303439872e+17,0,23,1,5.76460752303439872e+17,0,23,1,5.76460752303439872e+17,0,23,2,3.32306998946247858e+35,0,23,2,3.32306998946247858e+35,1,22,1,5.76460752303439872e+17
84,2,P_2,18,5,1,5.76460752303513600e+17,0,23,1,5.76460752303439872e+17,18,5,1,5.76460752303513600e+17,18,5,1,5.76460752303439872e+17,18,5,2,3.32306998946290359e+35,18,5,2,3.32306998946290359e+35,19,4,1,5.76460752303767552e+17
84,2,q_2_0,0,23,1,5.76460752303439872e+17,0,23,1,5.76460752303439872e+17,0,23,1,5.76460752303439872e+17,0,23,1,5.76460752303439872e+17,0,23,2,3.32306998946247858e+35,0,23,2,3.32306998946247858e+35,1,22,1,5.76460752303439872e+17
84,2,q_2_1,0,23,1,5.76460752303439872e+17,0,23,1,5.76460752303439872e+17,0,23,1,5.76460752303439872e+17,0,23,1,5.76460752303439872e+17,0,23,2,3.32306998946247858e+35,0,23,2,3.32306998946247858e+35,1,22,1,5.76460752303439872e+17
84,3,P_3,18,5,1,5.76460752303513600e+17,0,23,1,5.76460752303439872e+17,18,5,1,5.76460752303513600e+17,18,5,1,5.76460752303439872e+17,18,5,2,3.32306998946290359e+35,18,5,2,3.32306998946290359e+35,19,4,1,5.76460752303767552e+17
84,3,q_3_0,0,23,1,5.76460752303439872e+17,0,23,1,5.76460752303439872e+17,0,23,1,5.76460752303439872e+17,0,23,1,5.76460752303439872e+17,0,23,2,3.32306998946247858e+35,0,23,2,3.32306998946247858e+35,1,22,1,5.76460752303439872e+17
84,3,q_3_1,0,23,1,5.76460752303439872e+17,0,23,1,5.76460752303439872e+17,0,23,1,5.76460752303439872e+17,0,23,1,5.76460752303439872e+17,0,23,2,3.32306998946247858e+35,0,23,2,3.32306998946247858e+35,1,22,1,5.76460752303439872e+17
84,3,q_3_2,0,23,1,5.76460752303439872e+17,0,23,1,5.76460752303439872e+17,0,23,1,5.76460752303439872e+17,0,23,1,5.76460752303439872e+17,0,23,2,3.32306998946247858e+35,0,23,2,3.32306998946247858e+35,1,22,1,5.76460752303439872e+17
84,4,M_u_col_0,16,7,2,3.32306998945331719e+35,0,23,1,5.76460752303439872e+17,17,6,1,5.76460752302153728e+17,17,6,1,5.76460752303439872e+17,17,6,2,3.32306998945506446e+35,17,6,2,3.32306998945506446e+35,18,5,1,5.76460752303513600e+17
84,4,M_y_col_0,0,23,1,5.76460752303439872e+17,0,23,1,5.76460752303439872e+17,0,23,1,5.76460752303439872e+17,0,23,1,5.76460752303439872e+17,0,23,2,3.32306998946247858e+35,0,23,2,3.32306998946247858e+35,1,22,1,5.76460752303439872e+17
84,4,M_u_col_1,16,7,2,3.32306998945331719e+35,0,23,1,5.76460752303439872e+17,17,6,1,5.76460752302153728e+17,17,6,1,5.76460752303439872e+17,17,6,2,3.32306998945506446e+35,17,6,2,3.32306998945506446e+35,18,5,1,5.76460752303513600e+17
84,4,M_y_col_1,0,23,1,5.76460752303439872e+17,0,23,1,5.76460752303439872e+17,0,23,1,5.76460752303439872e+17,0,23,1,5.76460752303439872e+17,0,23,2,3.32306998946247858e+35,0,23,2,3.32306998946247858e+35,1,22,1,5.76460752303439872e+17
84,4,M_u_col_2,16,7,2,3.32306998945331719e+35,0,23,1,5.76460752303439872e+17,17,6,1,5.76460752302153728e+17,17,6,1,5.76460752303439872e+17,17,6,2,3.32306998945506446e+35,17,6,2,3.32306998945506446e+35,18,5,1,5.76460752303513600e+17
84,4,M_y_col_2,0,23,1,5.76460752303439872e+17,0,23,1,5.76460752303439872e+17,0,23,1,5.76460752303439872e+17,0,23,1,5.76460752303439872e+17,0,23,2,3.32306998946247858e+35,0,23,2,3.32306998946247858e+35,1,22,1,5.76460752303439872e+17
84,4,M_u_col_3,16,7,2,3.32306998945331719e+35,0,23,1,5.76460752303439872e+17,17,6,1,5.76460752302153728e+17,17,6,1,5.76460752303439872e+17,17,6,2,3.32306998945506446e+35,17,6,2,3.32306998945506446e+35,18,5,1,5.76460752303513600e+17
84,4,M_y_col_3,0,23,1,5.76460752303439872e+17,0,23,1,5.76460752303439872e+17,0,23,1,5.76460752303439872e+17,0,23,1,5.76460752303439872e+17,0,23,2,3.32306998946247858e+35,0,23,2,3.32306998946247858e+35,1,22,1,5.76460752303439872e+17
85,0,P_0,18,5,1,5.76460752303513600e+17,0,23,1,5.76460752303439872e+17,18,5,1,5.76460752303513600e+17,18,5,1,5.76460752303439872e+17,18,5,2,3.32306998946290359e+35,18,5,2,3.32306998946290359e+35,19,4,1,5.76460752303767552e+17
85,1,P_1,18,5,1,5.76460752303513600e+17,0,23,1,5.76460752303439872e+17,18,5,1,5.76460752303513600e+17,18,5,1,5.76460752303439872e+17,18,5,2,3.32306998946290359e+35,18,5,2,3.32306998946290359e+35,19,4,1,5.76460752303767552e+17
85,1,q_1_0,0,23,1,5.76460752303439872e+17,0,23,1,5.76460752303439872e+17,0,23,1,5.76460752303439872e+17,0,23,1,5.76460752303439872e+17,0,23,2,3.32306998946247858e+35,0,23,2,3.32306998946247858e+35,1,22,1,5.76460752303439872e+17
85,2,P_2,18,5,1,5.76460752303513600e+17,0,23,1,5.76460752303439872e+17,18,5,1,5.76460752303513600e+17,18,5,1,5.76460752303439872e+17,18,5,2,3.32306998946290359e+35,18,5,2,3.32306998946290359e+35,19,4,1,5.76460752303767552e+17
85,2,q_2_0,0,23,1,5.76460752303439872e+17,0,23,1,5.76460752303439872e+17,0,23,1,5.76460752303439872e+17,0,23,1,5.76460752303439872e+17,0,23,2,3.32306998946247858e+35,0,23,2,3.32306998946247858e+35,1,22,1,5.76460752303439872e+17
85,2,q_2_1,0,23,1,5.76460752303439872e+17,0,23,1,5.76460752303439872e+17,0,23,1,5.76460752303439872e+17,0,23,1,5.76460752303439872e+17,0,23,2,3.32306998946247858e+35,0,23,2,3.32306998946247858e+35,1,22,1,5.76460752303439872e+17
85,3,P_3,18,5,1,5.76460752303513600e+17,0,23,1,5.76460752303439872e+17,18,5,1,5.76460752303513600e+17,18,5,1,5.76460752303439872e+17,18,5,2,3.32306998946290359e+35,18,5,2,3.32306998946290359e+35,19,4,1,5.76460752303767552e+17
85,3,q_3_0,0,23,1,5.76460752303439872e+17,0,23,1,5.76460752303439872e+17,0,23,1,5.76460752303439872e+17,0,23,1,5.76460752303439872e+17,0,23,2,3.32306998946247858e+35,0,23,2,3.32306998946247858e+35,1,22,1,5.76460752303439872e+17
85,3,q_3_1,0,23,1,5.76460752303439872e+17,0,23,1,5.76460752303439872e+17,0,23,1,5.76460752303439872e+17,0,23,1,5.76460752303439872e+17,0,23,2,3.32306998946247858e+35,0,23,2,3.32306998946247858e+35,1,22,1,5.76460752303439872e+17
85,3,q_3_2,0,23,1,5.76460752303439872e+17,0,23,1,5.76460752303439872e+17,0,23,1,5.76460752303439872e+17,0,23,1,5.76460752303439872e+17,0,23,2,3.32306998946247858e+35,0,23,2,3.32306998946247858e+35,1,22,1,5.76460752303439872e+17
85,4,M_u_col_0,16,7,2,3.32306998945331719e+35,0,23,1,5.76460752303439872e+17,17,6,1,5.76460752302153728e+17,17,6,1,5.76460752303439872e+17,17,6,2,3.32306998945506446e+35,17,6,2,3.32306998945506446e+35,18,5,1,5.76460752303513600e+17
85,4,M_y_col_0,0,23,1,5.76460752303439872e+17,0,23,1,5.76460752303439872e+17,0,23,1,5.76460752303439872e+17,0,23,1,5.76460752303439872e+17,0,23,2,3.32306998946247858e+35,0,23,2,3.32306998946247858e+35,1,22,1,5.76460752303439872e+17
85,4,M_u_col_1,16,7,2,3.32306998945331719e+35,0,23,1,5.76460752303439872e+17,17,6,1,5.76460752302153728e+17,17,6,1,5.76460752303439872e+17,17,6,2,3.32306998945506446e+35,17,6,2,3.32306998945506446e+35,18,5,1,5.76460752303513600e+17
85,4,M_y_col_1,0,23,1,5.76460752303439872e+17,0,23,1,5.76460752303439872e+17,0,23,1,5.76460752303439872e+17,0,23,1,5.76460752303439872e+17,0,23,2,3.32306998946247858e+35,0,23,2,3.32306998946247858e+35,1,22,1,5.76460752303439872e+17
85,4,M_u_col_2,16,7,2,3.32306998945331719e+35,0,23,1,5.76460752303439872e+17,17,6,1,5.76460752302153728e+17,17,6,1,5.76460752303439872e+17,17,6,2,3.32306998945506446e+35,17,6,2,3.32306998945506446e+35,18,5,1,5.76460752303513600e+17
85,4,M_y_col_2,0,23,1,5.76460752303439872e+17,0,23,1,5.76460752303439872e+17,0,23,1,5.76460752303439872e+17,0,23,1,5.76460752303439872e+17,0,23,2,3.32306998946247858e+35,0,23,2,3.32306998946247858e+35,1,22,1,5.76460752303439872e+17
85,4,M_u_col_3,16,7,2,3.32306998945331719e+35,0,23,1,5.76460752303439872e+17,17,6,1,5.76460752302153728e+17,17,6,1,5.76460752303439872e+17,17,6,2,3.32306998945506446e+35,17,6,2,3.32306998945506446e+35,18,5,1,5.76460752303513600e+17
85,4,M_y_col_3,0,23,1,5.76460752303439872e+17,0,23,1,5.76460752303439872e+17,0,23,1,5.76460752303439872e+17,0,23,1,5.76460752303439872e+17,0,23,2,3.32306998946247858e+35,0,23,2,3.32306998946247858e+35,1,22,1,5.76460752303439872e+17
86,0,P_0,18,5,1,5.76460752303513600e+17,0,23,1,5.76460752303439872e+17,18,5,1,5.76460752303513600e+17,18,5,1,5.76460752303439872e+17,18,5,2,3.32306998946290359e+35,18,5,2,3.32306998946290359e+35,19,4,1,5.76460752303767552e+17
86,1,P_1,18,5,1,5.76460752303513600e+17,0,23,1,5.76460752303439872e+17,18,5,1,5.76460752303513600e+17,18,5,1,5.76460752303439872e+17,18,5,2,3.32306998946290359e+35,18,5,2,3.32306998946290359e+35,19,4,1,5.76460752303767552e+17
86,1,q_1_0,0,23,1,5.76460752303439872e+17,0,23,1,5.76460752303439872e+17,0,23,1,5.76460752303439872e+17,0,23,1,5.76460752303439872e+17,0,23,2,3.32306998946247858e+35,0,23,2,3.32306998946247858e+35,1,22,1,5.76460752303439872e+17
86,2,P_2,18,5,1,5.76460752303513600e+17,0,23,1,5.76460752303439872e+17,18,5,1,5.76460752303513600e+17,18,5,1,5.76460752303439872e+17,18,5,2,3.32306998946290359e+35,18,5,2,3.32306998946290359e+35,19,4,1,5.76460752303767552e+17
86,2,q_2_0,0,23,1,5.76460752303439872e+17,0,23,1,5.76460752303439872e+17,0,23,1,5.76460752303439872e+17,0,23,1,5.76460752303439872e+17,0,23,2,3.32306998946247858e+35,0,23,2,3.32306998946247858e+35,1,22,1,5.76460752303439872e+17
86,2,q_2_1,0,23,1,5.76460752303439872e+17,0,23,1,5.76460752303439872e+17,0,23,1,5.76460752303439872e+17,0,23,1,5.76460752303439872e+17,0,23,2,3.32306998946247858e+35,0,23,2,3.32306998946247858e+35,1,22,1,5.76460752303439872e+17
86,3,P_3,18,5,1,5.76460752303513600e+17,0,23,1,5.76460752303439872e+17,18,5,1,5.76460752303513600e+17,18,5,1,5.76460752303439872e+17,18,5,2,3.32306998946290359e+35,18,5,2,3.32306998946290359e+35,19,4,1,5.76460752303767552e+17
86,3,q_3_0,0,23,1,5.76460752303439872e+17,0,23,1,5.76460752303439872e+17,0,23,1,5.76460752303439872e+17,0,23,1,5.76460752303439872e+17,0,23,2,3.32306998946247858e+35,0,23,2,3.32306998946247858e+35,1,22,1,5.76460752303439872e+17
86,3,q_3_1,0,23,1,5.76460752303439872e+17,0,23,1,5.76460752303439872e+17,0,23,1,5.76460752303439872e+17,0,23,1,5.76460752303439872e+17,0,23,2,3.32306998946247858e+35,0,23,2,3.32306998946247858e+35,1,22,1,5.76460752303439872e+17
86,3,q_3_2,0,23,1,5.76460752303439872e+17,0,23,1,5.76460752303439872e+17,0,23,1,5.76460752303439872e+17,0,23,1,5.76460752303439872e+17,0,23,2,3.32306998946247858e+35,0,23,2,3.32306998946247858e+35,1,22,1,5.76460752303439872e+17
86,4,M_u_col_0,16,7,2,3.32306998945331719e+35,0,23,1,5.76460752303439872e+17,17,6,1,5.76460752302153728e+17,17,6,1,5.76460752303439872e+17,17,6,2,3.32306998945506446e+35,17,6,2,3.32306998945506446e+35,18,5,1,5.76460752303513600e+17
86,4,M_y_col_0,0,23,1,5.76460752303439872e+17,0,23,1,5.76460752303439872e+17,0,23,1,5.76460752303439872e+17,0,23,1,5.76460752303439872e+17,0,23,2,3.32306998946247858e+35,0,23,2,3.32306998946247858e+35,1,22,1,5.76460752303439872e+17
86,4,M_u_col_1,16,7,2,3.32306998945331719e+35,0,23,1,5.76460752303439872e+17,17,6,1,5.76460752302153728e+17,17,6,1,5.76460752303439872e+17,17,6,2,3.32306998945506446e+35,17,6,2,3.32306998945506446e+35,18,5,1,5.76460752303513600e+17
86,4,M_y_col_1,0,23,1,5.76460752303439872e+17,0,23,1,5.76460752303439872e+17,0,23,1,5.76460752303439872e+17,0,23,1,5.76460752303439872e+17,0,23,2,3.32306998946247858e+35,0,23,2,3.32306998946247858e+35,1,22,1,5.76460752303439872e+17
86,4,M_u_col_2,16,7,2,3.32306998945331719e+35,0,23,1,5.76460752303439872e+17,17,6,1,5.76460752302153728e+17,17,6,1,5.76460752303439872e+17,17,6,2,3.32306998945506446e+35,17,6,2,3.32306998945506446e+35,18,5,1,5.76460752303513600e+17
86,4,M_y_col_2,0,23,1,5.76460752303439872e+17,0,23,1,5.76460752303439872e+17,0,23,1,5.76460752303439872e+17,0,23,1,5.76460752303439872e+17,0,23,2,3.32306998946247858e+35,0,23,2,3.32306998946247858e+35,1,22,1,5.76460752303439872e+17
86,4,M_u_col_3,16,7,2,3.32306998945331719e+35,0,23,1,5.76460752303439872e+17,17,6,1,5.76460752302153728e+17,17,6,1,5.76460752303439872e+17,17,6,2,3.32306998945506446e+35,17,6,2,3.32306998945506446e+35,18,5,1,5.76460752303513600e+17
86,4,M_y_col_3,0,23,1,5.76460752303439872e+17,0,23,1,5.76460752303439872e+17,0,23,1,5.76460752303439872e+17,0,23,1,5.76460752303439872e+17,0,23,2,3.32306998946247858e+35,0,23,2,3.32306998946247858e+35,1,22,1,5.76460752303439872e+17
87,0,P_0,18,5,1,5.76460752303513600e+17,0,23,1,5.76460752303439872e+17,18,5,1,5.76460752303513600e+17,18,5,1,5.76460752303439872e+17,18,5,2,3.32306998946290359e+35,18,5,2,3.32306998946290359e+35,19,4,1,5.76460752303767552e+17
87,1,P_1,18,5,1,5.76460752303513600e+17,0,23,1,5.76460752303439872e+17,18,5,1,5.76460752303513600e+17,18,5,1,5.76460752303439872e+17,18,5,2,3.32306998946290359e+35,18,5,2,3.32306998946290359e+35,19,4,1,5.76460752303767552e+17
87,1,q_1_0,0,23,1,5.76460752303439872e+17,0,23,1,5.76460752303439872e+17,0,23,1,5.76460752303439872e+17,0,23,1,5.76460752303439872e+17,0,23,2,3.32306998946247858e+35,0,23,2,3.32306998946247858e+35,1,22,1,5.76460752303439872e+17
87,2,P_2,18,5,1,5.76460752303513600e+17,0,23,1,5.76460752303439872e+17,18,5,1,5.76460752303513600e+17,18,5,1,5.76460752303439872e+17,18,5,2,3.32306998946290359e+35,18,5,2,3.32306998946290359e+35,19,4,1,5.76460752303767552e+17
87,2,q_2_0,0,23,1,5.76460752303439872e+17,0,23,1,5.76460752303439872e+17,0,23,1,5.76460752303439872e+17,0,23,1,5.76460752303439872e+17,0,23,2,3.32306998946247858e+35,0,23,2,3.32306998946247858e+35,1,22,1,5.76460752303439872e+17
87,2,q_2_1,0,23,1,5.76460752303439872e+17,0,23,1,5.76460752303439872e+17,0,23,1,5.76460752303439872e+17,0,23,1,5.76460752303439872e+17,0,23,2,3.32306998946247858e+35,0,23,2,3.32306998946247858e+35,1,22,1,5.76460752303439872e+17
87,3,P_3,18,5,1,5.76460752303513600e+17,0,23,1,5.76460752303439872e+17,18,5,1,5.76460752303513600e+17,18,5,1,5.76460752303439872e+17,18,5,2,3.32306998946290359e+35,18,5,2,3.32306998946290359e+35,19,4,1,5.76460752303767552e+17
87,3,q_3_0,0,23,1,5.76460752303439872e+17,0,23,1,5.76460752303439872e+17,0,23,1,5.76460752303439872e+17,0,23,1,5.76460752303439872e+17,0,23,2,3.32306998946247858e+35,0,23,2,3.32306998946247858e+35,1,22,1,5.76460752303439872e+17
87,3,q_3_1,0,23,1,5.76460752303439872e+17,0,23,1,5.76460752303439872e+17,0,23,1,5.76460752303439872e+17,0,23,1,5.76460752303439872e+17,0,23,2,3.32306998946247858e+35,0,23,2,3.32306998946247858e+35,1,22,1,5.76460752303439872e+17
87,3,q_3_2,0,23,1,5.76460752303439872e+17,0,23,1,5.76460752303439872e+17,0,23,1,5.76460752303439872e+17,0,23,1,5.76460752303439872e+17,0,23,2,3.32306998946247858e+35,0,23,2,3.32306998946247858e+35,1,22,1,5.76460752303439872e+17
87,4,M_u_col_0,16,7,2,3.32306998945331719e+35,0,23,1,5.76460752303439872e+17,17,6,1,5.76460752302153728e+17,17,6,1,5.76460752303439872e+17,17,6,2,3.32306998945506446e+35,17,6,2,3.32306998945506446e+35,18,5,1,5.76460752303513600e+17
87,4,M_y_col_0,0,23,1,5.76460752303439872e+17,0,23,1,5.76460752303439872e+17,0,23,1,5.76460752303439872e+17,0,23,1,5.76460752303439872e+17,0,23,2,3.32306998946247858e+35,0,23,2,3.32306998946247858e+35,1,22,1,5.76460752303439872e+17
87,4,M_u_col_1,16,7,2,3.32306998945331719e+35,0,23,1,5.76460752303439872e+17,17,6,1,5.76460752302153728e+17,17,6,1,5.76460752303439872e+17,17,6,2,3.32306998945506446e+35,17,6,2,3.32306998945506446e+35,18,5,1,5.76460752303513600e+17
87,4,M_y_col_1,0,23,1,5.76460752303439872e+17,0,23,1,5.76460752303439872e+17,0,23,1,5.76460752303439872e+17,0,23,1,5.76460752303439872e+17,0,23,2,3.32306998946247858e+35,0,23,2,3.32306998946247858e+35,1,22,1,5.76460752303439872e+17
87,4,M_u_col_2,16,7,2,3.32306998945331719e+35,0,23,1,5.76460752303439872e+17,17,6,1,5.76460752302153728e+17,17,6,1,5.76460752303439872e+17,17,6,2,3.32306998945506446e+35,17,6,2,3.32306998945506446e+35,18,5,1,5.76460752303513600e+17
87,4,M_y_col_2,0,23,1,5.76460752303439872e+17,0,23,1,5.76460752303439872e+17,0,23,1,5.76460752303439872e+17,0,23,1,5.76460752303439872e+17,0,23,2,3.32306998946247858e+35,0,23,2,3.32306998946247858e+35,1,22,1,5.76460752303439872e+17
87,4,M_u_col_3,16,7,2,3.32306998945331719e+35,0,23,1,5.76460752303439872e+17,17,6,1,5.76460752302153728e+17,17,6,1,5.76460752303439872e+17,17,6,2,3.32306998945506446e+35,17,6,2,3.32306998945506446e+35,18,5,1,5.76460752303513600e+17
87,4,M_y_col_3,0,23,1,5.76460752303439872e+17,0,23,1,5.76460752303439872e+17,0,23,1,5.76460752303439872e+17,0,23,1,5.76460752303439872e+17,0,23,2,3.32306998946247858e+35,0,23,2,3.32306998946247858e+35,1,22,1,5.76460752303439872e+17
88,0,P_0,18,5,1,5.76460752303513600e+17,0,23,1,5.76460752303439872e+17,18,5,1,5.76460752303513600e+17,18,5,1,5.76460752303439872e+17,18,5,2,3.32306998946290359e+35,18,5,2,3.32306998946290359e+35,19,4,1,5.76460752303767552e+17
88,1,P_1,18,5,1,5.76460752303513600e+17,0,23,1,5.76460752303439872e+17,18,5,1,5.76460752303513600e+17,18,5,1,5.76460752303439872e+17,18,5,2,3.32306998946290359e+35,18,5,2,3.32306998946290359e+35,19,4,1,5.76460752303767552e+17
88,1,q_1_0,0,23,1,5.76460752303439872e+17,0,23,1,5.76460752303439872e+17,0,23,1,5.76460752303439872e+17,0,23,1,5.76460752303439872e+17,0,23,2,3.32306998946247858e+35,0,23,2,3.32306998946247858e+35,1,22,1,5.76460752303439872e+17
88,2,P_2,18,5,1,5.76460752303513600e+17,0,23,1,5.76460752303439872e+17,18,5,1,5.76460752303513600e+17,18,5,1,5.76460752303439872e+17,18,5,2,3.32306998946290359e+35,18,5,2,3.32306998946290359e+35,19,4,1,5.76460752303767552e+17
88,2,q_2_0,0,23,1,5.76460752303439872e+17,0,23,1,5.76460752303439872e+17,0,23,1,5.76460752303439872e+17,0,23,1,5.76460752303439872e+17,0,23,2,3.32306998946247858e+35,0,23,2,3.32306998946247858e+35,1,22,1,5.76460752303439872e+17
88,2,q_2_1,0,23,1,5.76460752303439872e+17,0,23,1,5.76460752303439872e+17,0,23,1,5.76460752303439872e+17,0,23,1,5.76460752303439872e+17,0,23,2,3.32306998946247858e+35,0,23,2,3.32306998946247858e+35,1,22,1,5.76460752303439872e+17
88,3,P_3,18,5,1,5.76460752303513600e+17,0,23,1,5.76460752303439872e+17,18,5,1,5.76460752303513600e+17,18,5,1,5.76460752303439872e+17,18,5,2,3.32306998946290359e+35,18,5,2,3.32306998946290359e+35,19,4,1,5.76460752303767552e+17
88,3,q_3_0,0,23,1,5.76460752303439872e+17,0,23,1,5.76460752303439872e+17,0,23,1,5.76460752303439872e+17,0,23,1,5.76460752303439872e+17,0,23,2,3.32306998946247858e+35,0,23,2,3.32306998946247858e+35,1,22,1,5.76460752303439872e+17
88,3,q_3_1,0,23,1,5.76460752303439872e+17,0,23,1,5.76460752303439872e+17,0,23,1,5.76460752303439872e+17,0,23,1,5.76460752303439872e+17,0,23,2,3.32306998946247858e+35,0,23,2,3.32306998946247858e+35,1,22,1,5.76460752303439872e+17
88,3,q_3_2,0,23,1,5.76460752303439872e+17,0,23,1,5.76460752303439872e+17,0,23,1,5.76460752303439872e+17,0,23,1,5.76460752303439872e+17,0,23,2,3.32306998946247858e+35,0,23,2,3.32306998946247858e+35,1,22,1,5.76460752303439872e+17
88,4,M_u_col_0,16,7,2,3.32306998945331719e+35,0,23,1,5.76460752303439872e+17,17,6,1,5.76460752302153728e+17,17,6,1,5.76460752303439872e+17,17,6,2,3.32306998945506446e+35,17,6,2,3.32306998945506446e+35,18,5,1,5.76460752303513600e+17
88,4,M_y_col_0,0,23,1,5.76460752303439872e+17,0,23,1,5.76460752303439872e+17,0,23,1,5.76460752303439872e+17,0,23,1,5.76460752303439872e+17,0,23,2,3.32306998946247858e+35,0,23,2,3.32306998946247858e+35,1,22,1,5.76460752303439872e+17
88,4,M_u_col_1,16,7,2,3.32306998945331719e+35,0,23,1,5.76460752303439872e+17,17,6,1,5.76460752302153728e+17,17,6,1,5.76460752303439872e+17,17,6,2,3.32306998945506446e+35,17,6,2,3.32306998945506446e+35,18,5,1,5.76460752303513600e+17
88,4,M_y_col_1,0,23,1,5.76460752303439872e+17,0,23,1,5.76460752303439872e+17,0,23,1,5.76460752303439872e+17,0,23,1,5.76460752303439872e+17,0,23,2,3.32306998946247858e+35,0,23,2,3.32306998946247858e+35,1,22,1,5.76460752303439872e+17
88,4,M_u_col_2,16,7,2,3.32306998945331719e+35,0,23,1,5.76460752303439872e+17,17,6,1,5.76460752302153728e+17,17,6,1,5.76460752303439872e+17,17,6,2,3.32306998945506446e+35,17,6,2,3.32306998945506446e+35,18,5,1,5.76460752303513600e+17
88,4,M_y_col_2,0,23,1,5.76460752303439872e+17,0,23,1,5.76460752303439872e+17,0,23,1,5.76460752303439872e+17,0,23,1,5.76460752303439872e+17,0,23,2,3.32306998946247858e+35,0,23,2,3.32306998946247858e+35,1,22,1,5.76460752303439872e+17
88,4,M_u_col_3,16,7,2,3.32306998945331719e+35,0,23,1,5.76460752303439872e+17,17,6,1,5.76460752302153728e+17,17,6,1,5.76460752303439872e+17,17,6,2,3.32306998945506446e+35,17,6,2,3.32306998945506446e+35,18,5,1,5.76460752303513600e+17
88,4,M_y_col_3,0,23,1,5.76460752303439872e+17,0,23,1,5.76460752303439872e+17,0,23,1,5.76460752303439872e+17,0,23,1,5.76460752303439872e+17,0,23,2,3.32306998946247858e+35,0,23,2,3.32306998946247858e+35,1,22,1,5.76460752303439872e+17
89,0,P_0,18,5,1,5.76460752303513600e+17,0,23,1,5.76460752303439872e+17,18,5,1,5.76460752303513600e+17,18,5,1,5.76460752303439872e+17,18,5,2,3.32306998946290359e+35,18,5,2,3.32306998946290359e+35,19,4,1,5.76460752303767552e+17
89,1,P_1,18,5,1,5.76460752303513600e+17,0,23,1,5.76460752303439872e+17,18,5,1,5.76460752303513600e+17,18,5,1,5.76460752303439872e+17,18,5,2,3.32306998946290359e+35,18,5,2,3.32306998946290359e+35,19,4,1,5.76460752303767552e+17
89,1,q_1_0,0,23,1,5.76460752303439872e+17,0,23,1,5.76460752303439872e+17,0,23,1,5.76460752303439872e+17,0,23,1,5.76460752303439872e+17,0,23,2,3.32306998946247858e+35,0,23,2,3.32306998946247858e+35,1,22,1,5.76460752303439872e+17
89,2,P_2,18,5,1,5.76460752303513600e+17,0,23,1,5.76460752303439872e+17,18,5,1,5.76460752303513600e+17,18,5,1,5.76460752303439872e+17,18,5,2,3.32306998946290359e+35,18,5,2,3.32306998946290359e+35,19,4,1,5.76460752303767552e+17
89,2,q_2_0,0,23,1,5.76460752303439872e+17,0,23,1,5.76460752303439872e+17,0,23,1,5.76460752303439872e+17,0,23,1,5.76460752303439872e+17,0,23,2,3.32306998946247858e+35,0,23,2,3.32306998946247858e+35,1,22,1,5.76460752303439872e+17
89,2,q_2_1,0,23,1,5.76460752303439872e+17,0,23,1,5.76460752303439872e+17,0,23,1,5.76460752303439872e+17,0,23,1,5.76460752303439872e+17,0,23,2,3.32306998946247858e+35,0,23,2,3.32306998946247858e+35,1,22,1,5.76460752303439872e+17
89,3,P_3,18,5,1,5.76460752303513600e+17,0,23,1,5.76460752303439872e+17,18,5,1,5.76460752303513600e+17,18,5,1,5.76460752303439872e+17,18,5,2,3.32306998946290359e+35,18,5,2,3.32306998946290359e+35,19,4,1,5.76460752303767552e+17
89,3,q_3_0,0,23,1,5.76460752303439872e+17,0,23,1,5.76460752303439872e+17,0,23,1,5.76460752303439872e+17,0,23,1,5.76460752303439872e+17,0,23,2,3.32306998946247858e+35,0,23,2,3.32306998946247858e+35,1,22,1,5.76460752303439872e+17
89,3,q_3_1,0,23,1,5.76460752303439872e+17,0,23,1,5.76460752303439872e+17,0,23,1,5.76460752303439872e+17,0,23,1,5.76460752303439872e+17,0,23,2,3.32306998946247858e+35,0,23,2,3.32306998946247858e+35,1,22,1,5.76460752303439872e+17
89,3,q_3_2,0,23,1,5.76460752303439872e+17,0,23,1,5.76460752303439872e+17,0,23,1,5.76460752303439872e+17,0,23,1,5.76460752303439872e+17,0,23,2,3.32306998946247858e+35,0,23,2,3.32306998946247858e+35,1,22,1,5.76460752303439872e+17
89,4,M_u_col_0,16,7,2,3.32306998945331719e+35,0,23,1,5.76460752303439872e+17,17,6,1,5.76460752302153728e+17,17,6,1,5.76460752303439872e+17,17,6,2,3.32306998945506446e+35,17,6,2,3.32306998945506446e+35,18,5,1,5.76460752303513600e+17
89,4,M_y_col_0,0,23,1,5.76460752303439872e+17,0,23,1,5.76460752303439872e+17,0,23,1,5.76460752303439872e+17,0,23,1,5.76460752303439872e+17,0,23,2,3.32306998946247858e+35,0,23,2,3.32306998946247858e+35,1,22,1,5.76460752303439872e+17
89,4,M_u_col_1,16,7,2,3.32306998945331719e+35,0,23,1,5.76460752303439872e+17,17,6,1,5.76460752302153728e+17,17,6,1,5.76460752303439872e+17,17,6,2,3.32306998945506446e+35,17,6,2,3.32306998945506446e+35,18,5,1,5.76460752303513600e+17
89,4,M_y_col_1,0,23,1,5.76460752303439872e+17,0,23,1,5.76460752303439872e+17,0,23,1,5.76460752303439872e+17,0,23,1,5.76460752303439872e+17,0,23,2,3.32306998946247858e+35,0,23,2,3.32306998946247858e+35,1,22,1,5.76460752303439872e+17
89,4,M_u_col_2,16,7,2,3.32306998945331719e+35,0,23,1,5.76460752303439872e+17,17,6,1,5.76460752302153728e+17,17,6,1,5.76460752303439872e+17,17,6,2,3.32306998945506446e+35,17,6,2,3.32306998945506446e+35,18,5,1,5.76460752303513600e+17
89,4,M_y_col_2,0,23,1,5.76460752303439872e+17,0,23,1,5.76460752303439872e+17,0,23,1,5.76460752303439872e+17,0,23,1,5.76460752303439872e+17,0,23,2,3.32306998946247858e+35,0,23,2,3.32306998946247858e+35,1,22,1,5.76460752303439872e+17
89,4,M_u_col_3,16,7,2,3.32306998945331719e+35,0,23,1,5.76460752303439872e+17,17,6,1,5.76460752302153728e+17,17,6,1,5.76460752303439872e+17,17,6,2,3.32306998945506446e+35,17,6,2,3.32306998945506446e+35,18,5,1,5.76460752303513600e+17
89,4,M_y_col_3,0,23,1,5.76460752303439872e+17,0,23,1,5.76460752303439872e+17,0,23,1,5.76460752303439872e+17,0,23,1,5.76460752303439872e+17,0,23,2,3.32306998946247858e+35,0,23,2,3.32306998946247858e+35,1,22,1,5.76460752303439872e+17
90,0,P_0,18,5,1,5.76460752303513600e+17,0,23,1,5.76460752303439872e+17,18,5,1,5.76460752303513600e+17,18,5,1,5.76460752303439872e+17,18,5,2,3.32306998946290359e+35,18,5,2,3.32306998946290359e+35,19,4,1,5.76460752303767552e+17
90,1,P_1,18,5,1,5.76460752303513600e+17,0,23,1,5.76460752303439872e+17,18,5,1,5.76460752303513600e+17,18,5,1,5.76460752303439872e+17,18,5,2,3.32306998946290359e+35,18,5,2,3.32306998946290359e+35,19,4,1,5.76460752303767552e+17
90,1,q_1_0,0,23,1,5.76460752303439872e+17,0,23,1,5.76460752303439872e+17,0,23,1,5.76460752303439872e+17,0,23,1,5.76460752303439872e+17,0,23,2,3.32306998946247858e+35,0,23,2,3.32306998946247858e+35,1,22,1,5.76460752303439872e+17
90,2,P_2,18,5,1,5.76460752303513600e+17,0,23,1,5.76460752303439872e+17,18,5,1,5.76460752303513600e+17,18,5,1,5.76460752303439872e+17,18,5,2,3.32306998946290359e+35,18,5,2,3.32306998946290359e+35,19,4,1,5.76460752303767552e+17
90,2,q_2_0,0,23,1,5.76460752303439872e+17,0,23,1,5.76460752303439872e+17,0,23,1,5.76460752303439872e+17,0,23,1,5.76460752303439872e+17,0,23,2,3.32306998946247858e+35,0,23,2,3.32306998946247858e+35,1,22,1,5.76460752303439872e+17
90,2,q_2_1,0,23,1,5.76460752303439872e+17,0,23,1,5.76460752303439872e+17,0,23,1,5.76460752303439872e+17,0,23,1,5.76460752303439872e+17,0,23,2,3.32306998946247858e+35,0,23,2,3.32306998946247858e+35,1,22,1,5.76460752303439872e+17
90,3,P_3,18,5,1,5.76460752303513600e+17,0,23,1,5.76460752303439872e+17,18,5,1,5.76460752303513600e+17,18,5,1,5.76460752303439872e+17,18,5,2,3.32306998946290359e+35,18,5,2,3.32306998946290359e+35,19,4,1,5.76460752303767552e+17
90,3,q_3_0,0,23,1,5.76460752303439872e+17,0,23,1,5.76460752303439872e+17,0,23,1,5.76460752303439872e+17,0,23,1,5.76460752303439872e+17,0,23,2,3.32306998946247858e+35,0,23,2,3.32306998946247858e+35,1,22,1,5.76460752303439872e+17
90,3,q_3_1,0,23,1,5.76460752303439872e+17,0,23,1,5.76460752303439872e+17,0,23,1,5.76460752303439872e+17,0,23,1,5.76460752303439872e+17,0,23,2,3.32306998946247858e+35,0,23,2,3.32306998946247858e+35,1,22,1,5.76460752303439872e+17
90,3,q_3_2,0,23,1,5.76460752303439872e+17,0,23,1,5.76460752303439872e+17,0,23,1,5.76460752303439872e+17,0,23,1,5.76460752303439872e+17,0,23,2,3.32306998946247858e+35,0,23,2,3.32306998946247858e+35,1,22,1,5.76460752303439872e+17
90,4,M_u_col_0,16,7,2,3.32306998945331719e+35,0,23,1,5.76460752303439872e+17,17,6,1,5.76460752302153728e+17,17,6,1,5.76460752303439872e+17,17,6,2,3.32306998945506446e+35,17,6,2,3.32306998945506446e+35,18,5,1,5.76460752303513600e+17
90,4,M_y_col_0,0,23,1,5.76460752303439872e+17,0,23,1,5.76460752303439872e+17,0,23,1,5.76460752303439872e+17,0,23,1,5.76460752303439872e+17,0,23,2,3.32306998946247858e+35,0,23,2,3.32306998946247858e+35,1,22,1,5.76460752303439872e+17
90,4,M_u_col_1,16,7,2,3.32306998945331719e+35,0,23,1,5.76460752303439872e+17,17,6,1,5.76460752302153728e+17,17,6,1,5.76460752303439872e+17,17,6,2,3.32306998945506446e+35,17,6,2,3.32306998945506446e+35,18,5,1,5.76460752303513600e+17
90,4,M_y_col_1,0,23,1,5.76460752303439872e+17,0,23,1,5.76460752303439872e+17,0,23,1,5.76460752303439872e+17,0,23,1,5.76460752303439872e+17,0,23,2,3.32306998946247858e+35,0,23,2,3.32306998946247858e+35,1,22,1,5.76460752303439872e+17
90,4,M_u_col_2,16,7,2,3.32306998945331719e+35,0,23,1,5.76460752303439872e+17,17,6,1,5.76460752302153728e+17,17,6,1,5.76460752303439872e+17,17,6,2,3.32306998945506446e+35,17,6,2,3.32306998945506446e+35,18,5,1,5.76460752303513600e+17
90,4,M_y_col_2,0,23,1,5.76460752303439872e+17,0,23,1,5.76460752303439872e+17,0,23,1,5.76460752303439872e+17,0,23,1,5.76460752303439872e+17,0,23,2,3.32306998946247858e+35,0,23,2,3.32306998946247858e+35,1,22,1,5.76460752303439872e+17
90,4,M_u_col_3,16,7,2,3.32306998945331719e+35,0,23,1,5.76460752303439872e+17,17,6,1,5.76460752302153728e+17,17,6,1,5.76460752303439872e+17,17,6,2,3.32306998945506446e+35,17,6,2,3.32306998945506446e+35,18,5,1,5.76460752303513600e+17
90,4,M_y_col_3,0,23,1,5.76460752303439872e+17,0,23,1,5.76460752303439872e+17,0,23,1,5.76460752303439872e+17,0,23,1,5.76460752303439872e+17,0,23,2,3.32306998946247858e+35,0,23,2,3.32306998946247858e+35,1,22,1,5.76460752303439872e+17
91,0,P_0,18,5,1,5.76460752303513600e+17,0,23,1,5.76460752303439872e+17,18,5,1,5.76460752303513600e+17,18,5,1,5.76460752303439872e+17,18,5,2,3.32306998946290359e+35,18,5,2,3.32306998946290359e+35,19,4,1,5.76460752303767552e+17
91,1,P_1,18,5,1,5.76460752303513600e+17,0,23,1,5.76460752303439872e+17,18,5,1,5.76460752303513600e+17,18,5,1,5.76460752303439872e+17,18,5,2,3.32306998946290359e+35,18,5,2,3.32306998946290359e+35,19,4,1,5.76460752303767552e+17
91,1,q_1_0,0,23,1,5.76460752303439872e+17,0,23,1,5.76460752303439872e+17,0,23,1,5.76460752303439872e+17,0,23,1,5.76460752303439872e+17,0,23,2,3.32306998946247858e+35,0,23,2,3.32306998946247858e+35,1,22,1,5.76460752303439872e+17
91,2,P_2,18,5,1,5.76460752303513600e+17,0,23,1,5.76460752303439872e+17,18,5,1,5.76460752303513600e+17,18,5,1,5.76460752303439872e+17,18,5,2,3.32306998946290359e+35,18,5,2,3.32306998946290359e+35,19,4,1,5.76460752303767552e+17
91,2,q_2_0,0,23,1,5.76460752303439872e+17,0,23,1,5.76460752303439872e+17,0,23,1,5.76460752303439872e+17,0,23,1,5.76460752303439872e+17,0,23,2,3.32306998946247858e+35,0,23,2,3.32306998946247858e+35,1,22,1,5.76460752303439872e+17
91,2,q_2_1,0,23,1,5.76460752303439872e+17,0,23,1,5.76460752303439872e+17,0,23,1,5.76460752303439872e+17,0,23,1,5.76460752303439872e+17,0,23,2,3.32306998946247858e+35,0,23,2,3.32306998946247858e+35,1,22,1,5.76460752303439872e+17
91,3,P_3,18,5,1,5.76460752303513600e+17,0,23,1,5.76460752303439872e+17,18,5,1,5.76460752303513600e+17,18,5,1,5.76460752303439872e+17,18,5,2,3.32306998946290359e+35,18,5,2,3.32306998946290359e+35,19,4,1,5.76460752303767552e+17
91,3,q_3_0,0,23,1,5.76460752303439872e+17,0,23,1,5.76460752303439872e+17,0,23,1,5.76460752303439872e+17,0,23,1,5.76460752303439872e+17,0,23,2,3.32306998946247858e+35,0,23,2,3.32306998946247858e+35,1,22,1,5.76460752303439872e+17
91,3,q_3_1,0,23,1,5.76460752303439872e+17,0,23,1,5.76460752303439872e+17,0,23,1,5.76460752303439872e+17,0,23,1,5.76460752303439872e+17,0,23,2,3.32306998946247858e+35,0,23,2,3.32306998946247858e+35,1,22,1,5.76460752303439872e+17
91,3,q_3_2,0,23,1,5.76460752303439872e+17,0,23,1,5.76460752303439872e+17,0,23,1,5.76460752303439872e+17,0,23,1,5.76460752303439872e+17,0,23,2,3.32306998946247858e+35,0,23,2,3.32306998946247858e+35,1,22,1,5.76460752303439872e+17
91,4,M_u_col_0,16,7,2,3.32306998945331719e+35,0,23,1,5.76460752303439872e+17,17,6,1,5.76460752302153728e+17,17,6,1,5.76460752303439872e+17,17,6,2,3.32306998945506446e+35,17,6,2,3.32306998945506446e+35,18,5,1,5.76460752303513600e+17
91,4,M_y_col_0,0,23,1,5.76460752303439872e+17,0,23,1,5.76460752303439872e+17,0,23,1,5.76460752303439872e+17,0,23,1,5.76460752303439872e+17,0,23,2,3.32306998946247858e+35,0,23,2,3.32306998946247858e+35,1,22,1,5.76460752303439872e+17
91,4,M_u_col_1,16,7,2,3.32306998945331719e+35,0,23,1,5.76460752303439872e+17,17,6,1,5.76460752302153728e+17,17,6,1,5.76460752303439872e+17,17,6,2,3.32306998945506446e+35,17,6,2,3.32306998945506446e+35,18,5,1,5.76460752303513600e+17
91,4,M_y_col_1,0,23,1,5.76460752303439872e+17,0,23,1,5.76460752303439872e+17,0,23,1,5.76460752303439872e+17,0,23,1,5.76460752303439872e+17,0,23,2,3.32306998946247858e+35,0,23,2,3.32306998946247858e+35,1,22,1,5.76460752303439872e+17
91,4,M_u_col_2,16,7,2,3.32306998945331719e+35,0,23,1,5.76460752303439872e+17,17,6,1,5.76460752302153728e+17,17,6,1,5.76460752303439872e+17,17,6,2,3.32306998945506446e+35,17,6,2,3.32306998945506446e+35,18,5,1,5.76460752303513600e+17
91,4,M_y_col_2,0,23,1,5.76460752303439872e+17,0,23,1,5.76460752303439872e+17,0,23,1,5.76460752303439872e+17,0,23,1,5.76460752303439872e+17,0,23,2,3.32306998946247858e+35,0,23,2,3.32306998946247858e+35,1,22,1,5.76460752303439872e+17
91,4,M_u_col_3,16,7,2,3.32306998945331719e+35,0,23,1,5.76460752303439872e+17,17,6,1,5.76460752302153728e+17,17,6,1,5.76460752303439872e+17,17,6,2,3.32306998945506446e+35,17,6,2,3.32306998945506446e+35,18,5,1,5.76460752303513600e+17
91,4,M_y_col_3,0,23,1,5.76460752303439872e+17,0,23,1,5.76460752303439872e+17,0,23,1,5.76460752303439872e+17,0,23,1,5.76460752303439872e+17,0,23,2,3.32306998946247858e+35,0,23,2,3.32306998946247858e+35,1,22,1,5.76460752303439872e+17
92,0,P_0,18,5,1,5.76460752303513600e+17,0,23,1,5.76460752303439872e+17,18,5,1,5.76460752303513600e+17,18,5,1,5.76460752303439872e+17,18,5,2,3.32306998946290359e+35,18,5,2,3.32306998946290359e+35,19,4,1,5.76460752303767552e+17
92,1,P_1,18,5,1,5.76460752303513600e+17,0,23,1,5.76460752303439872e+17,18,5,1,5.76460752303513600e+17,18,5,1,5.76460752303439872e+17,18,5,2,3.32306998946290359e+35,18,5,2,3.32306998946290359e+35,19,4,1,5.76460752303767552e+17
92,1,q_1_0,0,23,1,5.76460752303439872e+17,0,23,1,5.76460752303439872e+17,0,23,1,5.76460752303439872e+17,0,23,1,5.76460752303439872e+17,0,23,2,3.32306998946247858e+35,0,23,2,3.32306998946247858e+35,1,22,1,5.76460752303439872e+17
92,2,P_2,18,5,1,5.76460752303513600e+17,0,23,1,5.76460752303439872e+17,18,5,1,5.76460752303513600e+17,18,5,1,5.76460752303439872e+17,18,5,2,3.32306998946290359e+35,18,5,2,3.32306998946290359e+35,19,4,1,5.76460752303767552e+17
92,2,q_2_0,0,23,1,5.76460752303439872e+17,0,23,1,5.76460752303439872e+17,0,23,1,5.76460752303439872e+17,0,23,1,5.76460752303439872e+17,0,23,2,3.32306998946247858e+35,0,23,2,3.32306998946247858e+35,1,22,1,5.76460752303439872e+17
92,2,q_2_1,0,23,1,5.76460752303439872e+17,0,23,1,5.76460752303439872e+17,0,23,1,5.76460752303439872e+17,0,23,1,5.76460752303439872e+17,0,23,2,3.32306998946247858e+35,0,23,2,3.32306998946247858e+35,1,22,1,5.76460752303439872e+17
92,3,P_3,18,5,1,5.76460752303513600e+17,0,23,1,5.76460752303439872e+17,18,5,1,5.76460752303513600e+17,18,5,1,5.76460752303439872e+17,18,5,2,3.32306998946290359e+35,18,5,2,3.32306998946290359e+35,19,4,1,5.76460752303767552e+17
92,3,q_3_0,0,23,1,5.76460752303439872e+17,0,23,1,5.76460752303439872e+17,0,23,1,5.76460752303439872e+17,0,23,1,5.76460752303439872e+17,0,23,2,3.32306998946247858e+35,0,23,2,3.32306998946247858e+35,1,22,1,5.76460752303439872e+17
92,3,q_3_1,0,23,1,5.76460752303439872e+17,0,23,1,5.76460752303439872e+17,0,23,1,5.76460752303439872e+17,0,23,1,5.76460752303439872e+17,0,23,2,3.32306998946247858e+35,0,23,2,3.32306998946247858e+35,1,22,1,5.76460752303439872e+17
92,3,q_3_2,0,23,1,5.76460752303439872e+17,0,23,1,5.76460752303439872e+17,0,23,1,5.76460752303439872e+17,0,23,1,5.76460752303439872e+17,0,23,2,3.32306998946247858e+35,0,23,2,3.32306998946247858e+35,1,22,1,5.76460752303439872e+17
92,4,M_u_col_0,16,7,2,3.32306998945331719e+35,0,23,1,5.76460752303439872e+17,17,6,1,5.76460752302153728e+17,17,6,1,5.76460752303439872e+17,17,6,2,3.32306998945506446e+35,17,6,2,3.32306998945506446e+35,18,5,1,5.76460752303513600e+17
92,4,M_y_col_0,0,23,1,5.76460752303439872e+17,0,23,1,5.76460752303439872e+17,0,23,1,5.76460752303439872e+17,0,23,1,5.76460752303439872e+17,0,23,2,3.32306998946247858e+35,0,23,2,3.32306998946247858e+35,1,22,1,5.76460752303439872e+17
92,4,M_u_col_1,16,7,2,3.32306998945331719e+35,0,23,1,5.76460752303439872e+17,17,6,1,5.76460752302153728e+17,17,6,1,5.76460752303439872e+17,17,6,2,3.32306998945506446e+35,17,6,2,3.32306998945506446e+35,18,5,1,5.76460752303513600e+17
92,4,M_y_col_1,0,23,1,5.76460752303439872e+17,0,23,1,5.76460752303439872e+17,0,23,1,5.76460752303439872e+17,0,23,1,5.76460752303439872e+17,0,23,2,3.32306998946247858e+35,0,23,2,3.32306998946247858e+35,1,22,1,5.76460752303439872e+17
92,4,M_u_col_2,16,7,2,3.32306998945331719e+35,0,23,1,5.76460752303439872e+17,17,6,1,5.76460752302153728e+17,17,6,1,5.76460752303439872e+17,17,6,2,3.32306998945506446e+35,17,6,2,3.32306998945506446e+35,18,5,1,5.76460752303513600e+17
92,4,M_y_col_2,0,23,1,5.76460752303439872e+17,0,23,1,5.76460752303439872e+17,0,23,1,5.76460752303439872e+17,0,23,1,5.76460752303439872e+17,0,23,2,3.32306998946247858e+35,0,23,2,3.32306998946247858e+35,1,22,1,5.76460752303439872e+17
92,4,M_u_col_3,16,7,2,3.32306998945331719e+35,0,23,1,5.76460752303439872e+17,17,6,1,5.76460752302153728e+17,17,6,1,5.76460752303439872e+17,17,6,2,3.32306998945506446e+35,17,6,2,3.32306998945506446e+35,18,5,1,5.76460752303513600e+17
92,4,M_y_col_3,0,23,1,5.76460752303439872e+17,0,23,1,5.76460752303439872e+17,0,23,1,5.76460752303439872e+17,0,23,1,5.76460752303439872e+17,0,23,2,3.32306998946247858e+35,0,23,2,3.32306998946247858e+35,1,22,1,5.76460752303439872e+17
93,0,P_0,18,5,1,5.76460752303513600e+17,0,23,1,5.76460752303439872e+17,18,5,1,5.76460752303513600e+17,18,5,1,5.76460752303439872e+17,18,5,2,3.32306998946290359e+35,18,5,2,3.32306998946290359e+35,19,4,1,5.76460752303767552e+17
93,1,P_1,18,5,1,5.76460752303513600e+17,0,23,1,5.76460752303439872e+17,18,5,1,5.76460752303513600e+17,18,5,1,5.76460752303439872e+17,18,5,2,3.32306998946290359e+35,18,5,2,3.32306998946290359e+35,19,4,1,5.76460752303767552e+17
93,1,q_1_0,0,23,1,5.76460752303439872e+17,0,23,1,5.76460752303439872e+17,0,23,1,5.76460752303439872e+17,0,23,1,5.76460752303439872e+17,0,23,2,3.32306998946247858e+35,0,23,2,3.32306998946247858e+35,1,22,1,5.76460752303439872e+17
93,2,P_2,18,5,1,5.76460752303513600e+17,0,23,1,5.76460752303439872e+17,18,5,1,5.76460752303513600e+17,18,5,1,5.76460752303439872e+17,18,5,2,3.32306998946290359e+35,18,5,2,3.32306998946290359e+35,19,4,1,5.76460752303767552e+17
93,2,q_2_0,0,23,1,5.76460752303439872e+17,0,23,1,5.76460752303439872e+17,0,23,1,5.76460752303439872e+17,0,23,1,5.76460752303439872e+17,0,23,2,3.32306998946247858e+35,0,23,2,3.32306998946247858e+35,1,22,1,5.76460752303439872e+17
93,2,q_2_1,0,23,1,5.76460752303439872e+17,0,23,1,5.76460752303439872e+17,0,23,1,5.76460752303439872e+17,0,23,1,5.76460752303439872e+17,0,23,2,3.32306998946247858e+35,0,23,2,3.32306998946247858e+35,1,22,1,5.76460752303439872e+17
93,3,P_3,18,5,1,5.76460752303513600e+17,0,23,1,5.76460752303439872e+17,18,5,1,5.76460752303513600e+17,18,5,1,5.76460752303439872e+17,18,5,2,3.32306998946290359e+35,18,5,2,3.32306998946290359e+35,19,4,1,5.76460752303767552e+17
93,3,q_3_0,0,23,1,5.76460752303439872e+17,0,23,1,5.76460752303439872e+17,0,23,1,5.76460752303439872e+17,0,23,1,5.76460752303439872e+17,0,23,2,3.32306998946247858e+35,0,23,2,3.32306998946247858e+35,1,22,1,5.76460752303439872e+17
93,3,q_3_1,0,23,1,5.76460752303439872e+17,0,23,1,5.76460752303439872e+17,0,23,1,5.76460752303439872e+17,0,23,1,5.76460752303439872e+17,0,23,2,3.32306998946247858e+35,0,23,2,3.32306998946247858e+35,1,22,1,5.76460752303439872e+17
93,3,q_3_2,0,23,1,5.76460752303439872e+17,0,23,1,5.76460752303439872e+17,0,23,1,5.76460752303439872e+17,0,23,1,5.76460752303439872e+17,0,23,2,3.32306998946247858e+35,0,23,2,3.32306998946247858e+35,1,22,1,5.76460752303439872e+17
93,4,M_u_col_0,16,7,2,3.32306998945331719e+35,0,23,1,5.76460752303439872e+17,17,6,1,5.76460752302153728e+17,17,6,1,5.76460752303439872e+17,17,6,2,3.32306998945506446e+35,17,6,2,3.32306998945506446e+35,18,5,1,5.76460752303513600e+17
93,4,M_y_col_0,0,23,1,5.76460752303439872e+17,0,23,1,5.76460752303439872e+17,0,23,1,5.76460752303439872e+17,0,23,1,5.76460752303439872e+17,0,23,2,3.32306998946247858e+35,0,23,2,3.32306998946247858e+35,1,22,1,5.76460752303439872e+17
93,4,M_u_col_1,16,7,2,3.32306998945331719e+35,0,23,1,5.76460752303439872e+17,17,6,1,5.76460752302153728e+17,17,6,1,5.76460752303439872e+17,17,6,2,3.32306998945506446e+35,17,6,2,3.32306998945506446e+35,18,5,1,5.76460752303513600e+17
93,4,M_y_col_1,0,23,1,5.76460752303439872e+17,0,23,1,5.76460752303439872e+17,0,23,1,5.76460752303439872e+17,0,23,1,5.76460752303439872e+17,0,23,2,3.32306998946247858e+35,0,23,2,3.32306998946247858e+35,1,22,1,5.76460752303439872e+17
93,4,M_u_col_2,16,7,2,3.32306998945331719e+35,0,23,1,5.76460752303439872e+17,17,6,1,5.76460752302153728e+17,17,6,1,5.76460752303439872e+17,17,6,2,3.32306998945506446e+35,17,6,2,3.32306998945506446e+35,18,5,1,5.76460752303513600e+17
93,4,M_y_col_2,0,23,1,5.76460752303439872e+17,0,23,1,5.76460752303439872e+17,0,23,1,5.76460752303439872e+17,0,23,1,5.76460752303439872e+17,0,23,2,3.32306998946247858e+35,0,23,2,3.32306998946247858e+35,1,22,1,5.76460752303439872e+17
93,4,M_u_col_3,16,7,2,3.32306998945331719e+35,0,23,1,5.76460752303439872e+17,17,6,1,5.76460752302153728e+17,17,6,1,5.76460752303439872e+17,17,6,2,3.32306998945506446e+35,17,6,2,3.32306998945506446e+35,18,5,1,5.76460752303513600e+17
93,4,M_y_col_3,0,23,1,5.76460752303439872e+17,0,23,1,5.76460752303439872e+17,0,23,1,5.76460752303439872e+17,0,23,1,5.76460752303439872e+17,0,23,2,3.32306998946247858e+35,0,23,2,3.32306998946247858e+35,1,22,1,5.76460752303439872e+17
94,0,P_0,18,5,1,5.76460752303513600e+17,0,23,1,5.76460752303439872e+17,18,5,1,5.76460752303513600e+17,18,5,1,5.76460752303439872e+17,18,5,2,3.32306998946290359e+35,18,5,2,3.32306998946290359e+35,19,4,1,5.76460752303767552e+17
94,1,P_1,18,5,1,5.76460752303513600e+17,0,23,1,5.76460752303439872e+17,18,5,1,5.76460752303513600e+17,18,5,1,5.76460752303439872e+17,18,5,2,3.32306998946290359e+35,18,5,2,3.32306998946290359e+35,19,4,1,5.76460752303767552e+17
94,1,q_1_0,0,23,1,5.76460752303439872e+17,0,23,1,5.76460752303439872e+17,0,23,1,5.76460752303439872e+17,0,23,1,5.76460752303439872e+17,0,23,2,3.32306998946247858e+35,0,23,2,3.32306998946247858e+35,1,22,1,5.76460752303439872e+17
94,2,P_2,18,5,1,5.76460752303513600e+17,0,23,1,5.76460752303439872e+17,18,5,1,5.76460752303513600e+17,18,5,1,5.76460752303439872e+17,18,5,2,3.32306998946290359e+35,18,5,2,3.32306998946290359e+35,19,4,1,5.76460752303767552e+17
94,2,q_2_0,0,23,1,5.76460752303439872e+17,0,23,1,5.76460752303439872e+17,0,23,1,5.76460752303439872e+17,0,23,1,5.76460752303439872e+17,0,23,2,3.32306998946247858e+35,0,23,2,3.32306998946247858e+35,1,22,1,5.76460752303439872e+17
94,2,q_2_1,0,23,1,5.76460752303439872e+17,0,23,1,5.76460752303439872e+17,0,23,1,5.76460752303439872e+17,0,23,1,5.76460752303439872e+17,0,23,2,3.32306998946247858e+35,0,23,2,3.32306998946247858e+35,1,22,1,5.76460752303439872e+17
94,3,P_3,18,5,1,5.76460752303513600e+17,0,23,1,5.76460752303439872e+17,18,5,1,5.76460752303513600e+17,18,5,1,5.76460752303439872e+17,18,5,2,3.32306998946290359e+35,18,5,2,3.32306998946290359e+35,19,4,1,5.76460752303767552e+17
94,3,q_3_0,0,23,1,5.76460752303439872e+17,0,23,1,5.76460752303439872e+17,0,23,1,5.76460752303439872e+17,0,23,1,5.76460752303439872e+17,0,23,2,3.32306998946247858e+35,0,23,2,3.32306998946247858e+35,1,22,1,5.76460752303439872e+17
94,3,q_3_1,0,23,1,5.76460752303439872e+17,0,23,1,5.76460752303439872e+17,0,23,1,5.76460752303439872e+17,0,23,1,5.76460752303439872e+17,0,23,2,3.32306998946247858e+35,0,23,2,3.32306998946247858e+35,1,22,1,5.76460752303439872e+17
94,3,q_3_2,0,23,1,5.76460752303439872e+17,0,23,1,5.76460752303439872e+17,0,23,1,5.76460752303439872e+17,0,23,1,5.76460752303439872e+17,0,23,2,3.32306998946247858e+35,0,23,2,3.32306998946247858e+35,1,22,1,5.76460752303439872e+17
94,4,M_u_col_0,16,7,2,3.32306998945331719e+35,0,23,1,5.76460752303439872e+17,17,6,1,5.76460752302153728e+17,17,6,1,5.76460752303439872e+17,17,6,2,3.32306998945506446e+35,17,6,2,3.32306998945506446e+35,18,5,1,5.76460752303513600e+17
94,4,M_y_col_0,0,23,1,5.76460752303439872e+17,0,23,1,5.76460752303439872e+17,0,23,1,5.76460752303439872e+17,0,23,1,5.76460752303439872e+17,0,23,2,3.32306998946247858e+35,0,23,2,3.32306998946247858e+35,1,22,1,5.76460752303439872e+17
94,4,M_u_col_1,16,7,2,3.32306998945331719e+35,0,23,1,5.76460752303439872e+17,17,6,1,5.76460752302153728e+17,17,6,1,5.76460752303439872e+17,17,6,2,3.32306998945506446e+35,17,6,2,3.32306998945506446e+35,18,5,1,5.76460752303513600e+17
94,4,M_y_col_1,0,23,1,5.76460752303439872e+17,0,23,1,5.76460752303439872e+17,0,23,1,5.76460752303439872e+17,0,23,1,5.76460752303439872e+17,0,23,2,3.32306998946247858e+35,0,23,2,3.32306998946247858e+35,1,22,1,5.76460752303439872e+17
94,4,M_u_col_2,16,7,2,3.32306998945331719e+35,0,23,1,5.76460752303439872e+17,17,6,1,5.76460752302153728e+17,17,6,1,5.76460752303439872e+17,17,6,2,3.32306998945506446e+35,17,6,2,3.32306998945506446e+35,18,5,1,5.76460752303513600e+17
94,4,M_y_col_2,0,23,1,5.76460752303439872e+17,0,23,1,5.76460752303439872e+17,0,23,1,5.76460752303439872e+17,0,23,1,5.76460752303439872e+17,0,23,2,3.32306998946247858e+35,0,23,2,3.32306998946247858e+35,1,22,1,5.76460752303439872e+17
94,4,M_u_col_3,16,7,2,3.32306998945331719e+35,0,23,1,5.76460752303439872e+17,17,6,1,5.76460752302153728e+17,17,6,1,5.76460752303439872e+17,17,6,2,3.32306998945506446e+35,17,6,2,3.32306998945506446e+35,18,5,1,5.76460752303513600e+17
94,4,M_y_col_3,0,23,1,5.76460752303439872e+17,0,23,1,5.76460752303439872e+17,0,23,1,5.76460752303439872e+17,0,23,1,5.76460752303439872e+17,0,23,2,3.32306998946247858e+35,0,23,2,3.32306998946247858e+35,1,22,1,5.76460752303439872e+17
95,0,P_0,18,5,1,5.76460752303513600e+17,0,23,1,5.76460752303439872e+17,18,5,1,5.76460752303513600e+17,18,5,1,5.76460752303439872e+17,18,5,2,3.32306998946290359e+35,18,5,2,3.32306998946290359e+35,19,4,1,5.76460752303767552e+17
95,1,P_1,18,5,1,5.76460752303513600e+17,0,23,1,5.76460752303439872e+17,18,5,1,5.76460752303513600e+17,18,5,1,5.76460752303439872e+17,18,5,2,3.32306998946290359e+35,18,5,2,3.32306998946290359e+35,19,4,1,5.76460752303767552e+17
95,1,q_1_0,0,23,1,5.76460752303439872e+17,0,23,1,5.76460752303439872e+17,0,23,1,5.76460752303439872e+17,0,23,1,5.76460752303439872e+17,0,23,2,3.32306998946247858e+35,0,23,2,3.32306998946247858e+35,1,22,1,5.76460752303439872e+17
95,2,P_2,18,5,1,5.76460752303513600e+17,0,23,1,5.76460752303439872e+17,18,5,1,5.76460752303513600e+17,18,5,1,5.76460752303439872e+17,18,5,2,3.32306998946290359e+35,18,5,2,3.32306998946290359e+35,19,4,1,5.76460752303767552e+17
95,2,q_2_0,0,23,1,5.76460752303439872e+17,0,23,1,5.76460752303439872e+17,0,23,1,5.76460752303439872e+17,0,23,1,5.76460752303439872e+17,0,23,2,3.32306998946247858e+35,0,23,2,3.32306998946247858e+35,1,22,1,5.76460752303439872e+17
95,2,q_2_1,0,23,1,5.76460752303439872e+17,0,23,1,5.76460752303439872e+17,0,23,1,5.76460752303439872e+17,0,23,1,5.76460752303439872e+17,0,23,2,3.32306998946247858e+35,0,23,2,3.32306998946247858e+35,1,22,1,5.76460752303439872e+17
95,3,P_3,18,5,1,5.76460752303513600e+17,0,23,1,5.76460752303439872e+17,18,5,1,5.76460752303513600e+17,18,5,1,5.76460752303439872e+17,18,5,2,3.32306998946290359e+35,18,5,2,3.32306998946290359e+35,19,4,1,5.76460752303767552e+17
95,3,q_3_0,0,23,1,5.76460752303439872e+17,0,23,1,5.76460752303439872e+17,0,23,1,5.76460752303439872e+17,0,23,1,5.76460752303439872e+17,0,23,2,3.32306998946247858e+35,0,23,2,3.32306998946247858e+35,1,22,1,5.76460752303439872e+17
95,3,q_3_1,0,23,1,5.76460752303439872e+17,0,23,1,5.76460752303439872e+17,0,23,1,5.76460752303439872e+17,0,23,1,5.76460752303439872e+17,0,23,2,3.32306998946247858e+35,0,23,2,3.32306998946247858e+35,1,22,1,5.76460752303439872e+17
95,3,q_3_2,0,23,1,5.76460752303439872e+17,0,23,1,5.76460752303439872e+17,0,23,1,5.76460752303439872e+17,0,23,1,5.76460752303439872e+17,0,23,2,3.32306998946247858e+35,0,23,2,3.32306998946247858e+35,1,22,1,5.76460752303439872e+17
95,4,M_u_col_0,16,7,2,3.32306998945331719e+35,0,23,1,5.76460752303439872e+17,17,6,1,5.76460752302153728e+17,17,6,1,5.76460752303439872e+17,17,6,2,3.32306998945506446e+35,17,6,2,3.32306998945506446e+35,18,5,1,5.76460752303513600e+17
95,4,M_y_col_0,0,23,1,5.76460752303439872e+17,0,23,1,5.76460752303439872e+17,0,23,1,5.76460752303439872e+17,0,23,1,5.76460752303439872e+17,0,23,2,3.32306998946247858e+35,0,23,2,3.32306998946247858e+35,1,22,1,5.76460752303439872e+17
95,4,M_u_col_1,16,7,2,3.32306998945331719e+35,0,23,1,5.76460752303439872e+17,17,6,1,5.76460752302153728e+17,17,6,1,5.76460752303439872e+17,17,6,2,3.32306998945506446e+35,17,6,2,3.32306998945506446e+35,18,5,1,5.76460752303513600e+17
95,4,M_y_col_1,0,23,1,5.76460752303439872e+17,0,23,1,5.76460752303439872e+17,0,23,1,5.76460752303439872e+17,0,23,1,5.76460752303439872e+17,0,23,2,3.32306998946247858e+35,0,23,2,3.32306998946247858e+35,1,22,1,5.76460752303439872e+17
95,4,M_u_col_2,16,7,2,3.32306998945331719e+35,0,23,1,5.76460752303439872e+17,17,6,1,5.76460752302153728e+17,17,6,1,5.76460752303439872e+17,17,6,2,3.32306998945506446e+35,17,6,2,3.32306998945506446e+35,18,5,1,5.76460752303513600e+17
95,4,M_y_col_2,0,23,1,5.76460752303439872e+17,0,23,1,5.76460752303439872e+17,0,23,1,5.76460752303439872e+17,0,23,1,5.76460752303439872e+17,0,23,2,3.32306998946247858e+35,0,23,2,3.32306998946247858e+35,1,22,1,5.76460752303439872e+17
95,4,M_u_col_3,16,7,2,3.32306998945331719e+35,0,23,1,5.76460752303439872e+17,17,6,1,5.76460752302153728e+17,17,6,1,5.76460752303439872e+17,17,6,2,3.32306998945506446e+35,17,6,2,3.32306998945506446e+35,18,5,1,5.76460752303513600e+17
95,4,M_y_col_3,0,23,1,5.76460752303439872e+17,0,23,1,5.76460752303439872e+17,0,23,1,5.76460752303439872e+17,0,23,1,5.76460752303439872e+17,0,23,2,3.32306998946247858e+35,0,23,2,3.32306998946247858e+35,1,22,1,5.76460752303439872e+17
96,0,P_0,18,5,1,5.76460752303513600e+17,0,23,1,5.76460752303439872e+17,18,5,1,5.76460752303513600e+17,18,5,1,5.76460752303439872e+17,18,5,2,3.32306998946290359e+35,18,5,2,3.32306998946290359e+35,19,4,1,5.76460752303767552e+17
96,1,P_1,18,5,1,5.76460752303513600e+17,0,23,1,5.76460752303439872e+17,18,5,1,5.76460752303513600e+17,18,5,1,5.76460752303439872e+17,18,5,2,3.32306998946290359e+35,18,5,2,3.32306998946290359e+35,19,4,1,5.76460752303767552e+17
96,1,q_1_0,0,23,1,5.76460752303439872e+17,0,23,1,5.76460752303439872e+17,0,23,1,5.76460752303439872e+17,0,23,1,5.76460752303439872e+17,0,23,2,3.32306998946247858e+35,0,23,2,3.32306998946247858e+35,1,22,1,5.76460752303439872e+17
96,2,P_2,18,5,1,5.76460752303513600e+17,0,23,1,5.76460752303439872e+17,18,5,1,5.76460752303513600e+17,18,5,1,5.76460752303439872e+17,18,5,2,3.32306998946290359e+35,18,5,2,3.32306998946290359e+35,19,4,1,5.76460752303767552e+17
96,2,q_2_0,0,23,1,5.76460752303439872e+17,0,23,1,5.76460752303439872e+17,0,23,1,5.76460752303439872e+17,0,23,1,5.76460752303439872e+17,0,23,2,3.32306998946247858e+35,0,23,2,3.32306998946247858e+35,1,22,1,5.76460752303439872e+17
96,2,q_2_1,0,23,1,5.76460752303439872e+17,0,23,1,5.76460752303439872e+17,0,23,1,5.76460752303439872e+17,0,23,1,5.76460752303439872e+17,0,23,2,3.32306998946247858e+35,0,23,2,3.32306998946247858e+35,1,22,1,5.76460752303439872e+17
96,3,P_3,18,5,1,5.76460752303513600e+17,0,23,1,5.76460752303439872e+17,18,5,1,5.76460752303513600e+17,18,5,1,5.76460752303439872e+17,18,5,2,3.32306998946290359e+35,18,5,2,3.32306998946290359e+35,19,4,1,5.76460752303767552e+17
96,3,q_3_0,0,23,1,5.76460752303439872e+17,0,23,1,5.76460752303439872e+17,0,23,1,5.76460752303439872e+17,0,23,1,5.76460752303439872e+17,0,23,2,3.32306998946247858e+35,0,23,2,3.32306998946247858e+35,1,22,1,5.76460752303439872e+17
96,3,q_3_1,0,23,1,5.76460752303439872e+17,0,23,1,5.76460752303439872e+17,0,23,1,5.76460752303439872e+17,0,23,1,5.76460752303439872e+17,0,23,2,3.32306998946247858e+35,0,23,2,3.32306998946247858e+35,1,22,1,5.76460752303439872e+17
96,3,q_3_2,0,23,1,5.76460752303439872e+17,0,23,1,5.76460752303439872e+17,0,23,1,5.76460752303439872e+17,0,23,1,5.76460752303439872e+17,0,23,2,3.32306998946247858e+35,0,23,2,3.32306998946247858e+35,1,22,1,5.76460752303439872e+17
96,4,M_u_col_0,16,7,2,3.32306998945331719e+35,0,23,1,5.76460752303439872e+17,17,6,1,5.76460752302153728e+17,17,6,1,5.76460752303439872e+17,17,6,2,3.32306998945506446e+35,17,6,2,3.32306998945506446e+35,18,5,1,5.76460752303513600e+17
96,4,M_y_col_0,0,23,1,5.76460752303439872e+17,0,23,1,5.76460752303439872e+17,0,23,1,5.76460752303439872e+17,0,23,1,5.76460752303439872e+17,0,23,2,3.32306998946247858e+35,0,23,2,3.32306998946247858e+35,1,22,1,5.76460752303439872e+17
96,4,M_u_col_1,16,7,2,3.32306998945331719e+35,0,23,1,5.76460752303439872e+17,17,6,1,5.76460752302153728e+17,17,6,1,5.76460752303439872e+17,17,6,2,3.32306998945506446e+35,17,6,2,3.32306998945506446e+35,18,5,1,5.76460752303513600e+17
96,4,M_y_col_1,0,23,1,5.76460752303439872e+17,0,23,1,5.76460752303439872e+17,0,23,1,5.76460752303439872e+17,0,23,1,5.76460752303439872e+17,0,23,2,3.32306998946247858e+35,0,23,2,3.32306998946247858e+35,1,22,1,5.76460752303439872e+17
96,4,M_u_col_2,16,7,2,3.32306998945331719e+35,0,23,1,5.76460752303439872e+17,17,6,1,5.76460752302153728e+17,17,6,1,5.76460752303439872e+17,17,6,2,3.32306998945506446e+35,17,6,2,3.32306998945506446e+35,18,5,1,5.76460752303513600e+17
96,4,M_y_col_2,0,23,1,5.76460752303439872e+17,0,23,1,5.76460752303439872e+17,0,23,1,5.76460752303439872e+17,0,23,1,5.76460752303439872e+17,0,23,2,3.32306998946247858e+35,0,23,2,3.32306998946247858e+35,1,22,1,5.76460752303439872e+17
96,4,M_u_col_3,16,7,2,3.32306998945331719e+35,0,23,1,5.76460752303439872e+17,17,6,1,5.76460752302153728e+17,17,6,1,5.76460752303439872e+17,17,6,2,3.32306998945506446e+35,17,6,2,3.32306998945506446e+35,18,5,1,5.76460752303513600e+17
96,4,M_y_col_3,0,23,1,5.76460752303439872e+17,0,23,1,5.76460752303439872e+17,0,23,1,5.76460752303439872e+17,0,23,1,5.76460752303439872e+17,0,23,2,3.32306998946247858e+35,0,23,2,3.32306998946247858e+35,1,22,1,5.76460752303439872e+17
97,0,P_0,18,5,1,5.76460752303513600e+17,0,23,1,5.76460752303439872e+17,18,5,1,5.76460752303513600e+17,18,5,1,5.76460752303439872e+17,18,5,2,3.32306998946290359e+35,18,5,2,3.32306998946290359e+35,19,4,1,5.76460752303767552e+17
97,1,P_1,18,5,1,5.76460752303513600e+17,0,23,1,5.76460752303439872e+17,18,5,1,5.76460752303513600e+17,18,5,1,5.76460752303439872e+17,18,5,2,3.32306998946290359e+35,18,5,2,3.32306998946290359e+35,19,4,1,5.76460752303767552e+17
97,1,q_1_0,0,23,1,5.76460752303439872e+17,0,23,1,5.76460752303439872e+17,0,23,1,5.76460752303439872e+17,0,23,1,5.76460752303439872e+17,0,23,2,3.32306998946247858e+35,0,23,2,3.32306998946247858e+35,1,22,1,5.76460752303439872e+17
97,2,P_2,18,5,1,5.76460752303513600e+17,0,23,1,5.76460752303439872e+17,18,5,1,5.76460752303513600e+17,18,5,1,5.76460752303439872e+17,18,5,2,3.32306998946290359e+35,18,5,2,3.32306998946290359e+35,19,4,1,5.76460752303767552e+17
97,2,q_2_0,0,23,1,5.76460752303439872e+17,0,23,1,5.76460752303439872e+17,0,23,1,5.76460752303439872e+17,0,23,1,5.76460752303439872e+17,0,23,2,3.32306998946247858e+35,0,23,2,3.32306998946247858e+35,1,22,1,5.76460752303439872e+17
97,2,q_2_1,0,23,1,5.76460752303439872e+17,0,23,1,5.76460752303439872e+17,0,23,1,5.76460752303439872e+17,0,23,1,5.76460752303439872e+17,0,23,2,3.32306998946247858e+35,0,23,2,3.32306998946247858e+35,1,22,1,5.76460752303439872e+17
97,3,P_3,18,5,1,5.76460752303513600e+17,0,23,1,5.76460752303439872e+17,18,5,1,5.76460752303513600e+17,18,5,1,5.76460752303439872e+17,18,5,2,3.32306998946290359e+35,18,5,2,3.32306998946290359e+35,19,4,1,5.76460752303767552e+17
97,3,q_3_0,0,23,1,5.76460752303439872e+17,0,23,1,5.76460752303439872e+17,0,23,1,5.76460752303439872e+17,0,23,1,5.76460752303439872e+17,0,23,2,3.32306998946247858e+35,0,23,2,3.32306998946247858e+35,1,22,1,5.76460752303439872e+17
97,3,q_3_1,0,23,1,5.76460752303439872e+17,0,23,1,5.76460752303439872e+17,0,23,1,5.76460752303439872e+17,0,23,1,5.76460752303439872e+17,0,23,2,3.32306998946247858e+35,0,23,2,3.32306998946247858e+35,1,22,1,5.76460752303439872e+17
97,3,q_3_2,0,23,1,5.76460752303439872e+17,0,23,1,5.76460752303439872e+17,0,23,1,5.76460752303439872e+17,0,23,1,5.76460752303439872e+17,0,23,2,3.32306998946247858e+35,0,23,2,3.32306998946247858e+35,1,22,1,5.76460752303439872e+17
97,4,M_u_col_0,16,7,2,3.32306998945331719e+35,0,23,1,5.76460752303439872e+17,17,6,1,5.76460752302153728e+17,17,6,1,5.76460752303439872e+17,17,6,2,3.32306998945506446e+35,17,6,2,3.32306998945506446e+35,18,5,1,5.76460752303513600e+17
97,4,M_y_col_0,0,23,1,5.76460752303439872e+17,0,23,1,5.76460752303439872e+17,0,23,1,5.76460752303439872e+17,0,23,1,5.76460752303439872e+17,0,23,2,3.32306998946247858e+35,0,23,2,3.32306998946247858e+35,1,22,1,5.76460752303439872e+17
97,4,M_u_col_1,16,7,2,3.32306998945331719e+35,0,23,1,5.76460752303439872e+17,17,6,1,5.76460752302153728e+17,17,6,1,5.76460752303439872e+17,17,6,2,3.32306998945506446e+35,17,6,2,3.32306998945506446e+35,18,5,1,5.76460752303513600e+17
97,4,M_y_col_1,0,23,1,5.76460752303439872e+17,0,23,1,5.76460752303439872e+17,0,23,1,5.76460752303439872e+17,0,23,1,5.76460752303439872e+17,0,23,2,3.32306998946247858e+35,0,23,2,3.32306998946247858e+35,1,22,1,5.76460752303439872e+17
97,4,M_u_col_2,16,7,2,3.32306998945331719e+35,0,23,1,5.76460752303439872e+17,17,6,1,5.76460752302153728e+17,17,6,1,5.76460752303439872e+17,17,6,2,3.32306998945506446e+35,17,6,2,3.32306998945506446e+35,18,5,1,5.76460752303513600e+17
97,4,M_y_col_2,0,23,1,5.76460752303439872e+17,0,23,1,5.76460752303439872e+17,0,23,1,5.76460752303439872e+17,0,23,1,5.76460752303439872e+17,0,23,2,3.32306998946247858e+35,0,23,2,3.32306998946247858e+35,1,22,1,5.76460752303439872e+17
97,4,M_u_col_3,16,7,2,3.32306998945331719e+35,0,23,1,5.76460752303439872e+17,17,6,1,5.76460752302153728e+17,17,6,1,5.76460752303439872e+17,17,6,2,3.32306998945506446e+35,17,6,2,3.32306998945506446e+35,18,5,1,5.76460752303513600e+17
97,4,M_y_col_3,0,23,1,5.76460752303439872e+17,0,23,1,5.76460752303439872e+17,0,23,1,5.76460752303439872e+17,0,23,1,5.76460752303439872e+17,0,23,2,3.32306998946247858e+35,0,23,2,3.32306998946247858e+35,1,22,1,5.76460752303439872e+17
98,0,P_0,18,5,1,5.76460752303513600e+17,0,23,1,5.76460752303439872e+17,18,5,1,5.76460752303513600e+17,18,5,1,5.76460752303439872e+17,18,5,2,3.32306998946290359e+35,18,5,2,3.32306998946290359e+35,19,4,1,5.76460752303767552e+17
98,1,P_1,18,5,1,5.76460752303513600e+17,0,23,1,5.76460752303439872e+17,18,5,1,5.76460752303513600e+17,18,5,1,5.76460752303439872e+17,18,5,2,3.32306998946290359e+35,18,5,2,3.32306998946290359e+35,19,4,1,5.76460752303767552e+17
98,1,q_1_0,0,23,1,5.76460752303439872e+17,0,23,1,5.76460752303439872e+17,0,23,1,5.76460752303439872e+17,0,23,1,5.76460752303439872e+17,0,23,2,3.32306998946247858e+35,0,23,2,3.32306998946247858e+35,1,22,1,5.76460752303439872e+17
98,2,P_2,18,5,1,5.76460752303513600e+17,0,23,1,5.76460752303439872e+17,18,5,1,5.76460752303513600e+17,18,5,1,5.76460752303439872e+17,18,5,2,3.32306998946290359e+35,18,5,2,3.32306998946290359e+35,19,4,1,5.76460752303767552e+17
98,2,q_2_0,0,23,1,5.76460752303439872e+17,0,23,1,5.76460752303439872e+17,0,23,1,5.76460752303439872e+17,0,23,1,5.76460752303439872e+17,0,23,2,3.32306998946247858e+35,0,23,2,3.32306998946247858e+35,1,22,1,5.76460752303439872e+17
98,2,q_2_1,0,23,1,5.76460752303439872e+17,0,23,1,5.76460752303439872e+17,0,23,1,5.76460752303439872e+17,0,23,1,5.76460752303439872e+17,0,23,2,3.32306998946247858e+35,0,23,2,3.32306998946247858e+35,1,22,1,5.76460752303439872e+17
98,3,P_3,18,5,1,5.76460752303513600e+17,0,23,1,5.76460752303439872e+17,18,5,1,5.76460752303513600e+17,18,5,1,5.76460752303439872e+17,18,5,2,3.32306998946290359e+35,18,5,2,3.32306998946290359e+35,19,4,1,5.76460752303767552e+17
98,3,q_3_0,0,23,1,5.76460752303439872e+17,0,23,1,5.76460752303439872e+17,0,23,1,5.76460752303439872e+17,0,23,1,5.76460752303439872e+17,0,23,2,3.32306998946247858e+35,0,23,2,3.32306998946247858e+35,1,22,1,5.76460752303439872e+17
98,3,q_3_1,0,23,1,5.76460752303439872e+17,0,23,1,5.76460752303439872e+17,0,23,1,5.76460752303439872e+17,0,23,1,5.76460752303439872e+17,0,23,2,3.32306998946247858e+35,0,23,2,3.32306998946247858e+35,1,22,1,5.76460752303439872e+17
98,3,q_3_2,0,23,1,5.76460752303439872e+17,0,23,1,5.76460752303439872e+17,0,23,1,5.76460752303439872e+17,0,23,1,5.76460752303439872e+17,0,23,2,3.32306998946247858e+35,0,23,2,3.32306998946247858e+35,1,22,1,5.76460752303439872e+17
98,4,M_u_col_0,16,7,2,3.32306998945331719e+35,0,23,1,5.76460752303439872e+17,17,6,1,5.76460752302153728e+17,17,6,1,5.76460752303439872e+17,17,6,2,3.32306998945506446e+35,17,6,2,3.32306998945506446e+35,18,5,1,5.76460752303513600e+17
98,4,M_y_col_0,0,23,1,5.76460752303439872e+17,0,23,1,5.76460752303439872e+17,0,23,1,5.76460752303439872e+17,0,23,1,5.76460752303439872e+17,0,23,2,3.32306998946247858e+35,0,23,2,3.32306998946247858e+35,1,22,1,5.76460752303439872e+17
98,4,M_u_col_1,16,7,2,3.32306998945331719e+35,0,23,1,5.76460752303439872e+17,17,6,1,5.76460752302153728e+17,17,6,1,5.76460752303439872e+17,17,6,2,3.32306998945506446e+35,17,6,2,3.32306998945506446e+35,18,5,1,5.76460752303513600e+17
98,4,M_y_col_1,0,23,1,5.76460752303439872e+17,0,23,1,5.76460752303439872e+17,0,23,1,5.76460752303439872e+17,0,23,1,5.76460752303439872e+17,0,23,2,3.32306998946247858e+35,0,23,2,3.32306998946247858e+35,1,22,1,5.76460752303439872e+17
98,4,M_u_col_2,16,7,2,3.32306998945331719e+35,0,23,1,5.76460752303439872e+17,17,6,1,5.76460752302153728e+17,17,6,1,5.76460752303439872e+17,17,6,2,3.32306998945506446e+35,17,6,2,3.32306998945506446e+35,18,5,1,5.76460752303513600e+17
98,4,M_y_col_2,0,23,1,5.76460752303439872e+17,0,23,1,5.76460752303439872e+17,0,23,1,5.76460752303439872e+17,0,23,1,5.76460752303439872e+17,0,23,2,3.32306998946247858e+35,0,23,2,3.32306998946247858e+35,1,22,1,5.76460752303439872e+17
98,4,M_u_col_3,16,7,2,3.32306998945331719e+35,0,23,1,5.76460752303439872e+17,17,6,1,5.76460752302153728e+17,17,6,1,5.76460752303439872e+17,17,6,2,3.32306998945506446e+35,17,6,2,3.32306998945506446e+35,18,5,1,5.76460752303513600e+17
98,4,M_y_col_3,0,23,1,5.76460752303439872e+17,0,23,1,5.76460752303439872e+17,0,23,1,5.76460752303439872e+17,0,23,1,5.76460752303439872e+17,0,23,2,3.32306998946247858e+35,0,23,2,3.32306998946247858e+35,1,22,1,5.76460752303439872e+17
99,0,P_0,18,5,1,5.76460752303513600e+17,0,23,1,5.76460752303439872e+17,18,5,1,5.76460752303513600e+17,18,5,1,5.76460752303439872e+17,18,5,2,3.32306998946290359e+35,18,5,2,3.32306998946290359e+35,19,4,1,5.76460752303767552e+17
99,1,P_1,18,5,1,5.76460752303513600e+17,0,23,1,5.76460752303439872e+17,18,5,1,5.76460752303513600e+17,18,5,1,5.76460752303439872e+17,18,5,2,3.32306998946290359e+35,18,5,2,3.32306998946290359e+35,19,4,1,5.76460752303767552e+17
99,1,q_1_0,0,23,1,5.76460752303439872e+17,0,23,1,5.76460752303439872e+17,0,23,1,5.76460752303439872e+17,0,23,1,5.76460752303439872e+17,0,23,2,3.32306998946247858e+35,0,23,2,3.32306998946247858e+35,1,22,1,5.76460752303439872e+17
99,2,P_2,18,5,1,5.76460752303513600e+17,0,23,1,5.76460752303439872e+17,18,5,1,5.76460752303513600e+17,18,5,1,5.76460752303439872e+17,18,5,2,3.32306998946290359e+35,18,5,2,3.32306998946290359e+35,19,4,1,5.76460752303767552e+17
99,2,q_2_0,0,23,1,5.76460752303439872e+17,0,23,1,5.76460752303439872e+17,0,23,1,5.76460752303439872e+17,0,23,1,5.76460752303439872e+17,0,23,2,3.32306998946247858e+35,0,23,2,3.32306998946247858e+35,1,22,1,5.76460752303439872e+17
99,2,q_2_1,0,23,1,5.76460752303439872e+17,0,23,1,5.76460752303439872e+17,0,23,1,5.76460752303439872e+17,0,23,1,5.76460752303439872e+17,0,23,2,3.32306998946247858e+35,0,23,2,3.32306998946247858e+35,1,22,1,5.76460752303439872e+17
99,3,P_3,18,5,1,5.76460752303513600e+17,0,23,1,5.76460752303439872e+17,18,5,1,5.76460752303513600e+17,18,5,1,5.76460752303439872e+17,18,5,2,3.32306998946290359e+35,18,5,2,3.32306998946290359e+35,19,4,1,5.76460752303767552e+17
99,3,q_3_0,0,23,1,5.76460752303439872e+17,0,23,1,5.76460752303439872e+17,0,23,1,5.76460752303439872e+17,0,23,1,5.76460752303439872e+17,0,23,2,3.32306998946247858e+35,0,23,2,3.32306998946247858e+35,1,22,1,5.76460752303439872e+17
99,3,q_3_1,0,23,1,5.76460752303439872e+17,0,23,1,5.76460752303439872e+17,0,23,1,5.76460752303439872e+17,0,23,1,5.76460752303439872e+17,0,23,2,3.32306998946247858e+35,0,23,2,3.32306998946247858e+35,1,22,1,5.76460752303439872e+17
99,3,q_3_2,0,23,1,5.76460752303439872e+17,0,23,1,5.76460752303439872e+17,0,23,1,5.76460752303439872e+17,0,23,1,5.76460752303439872e+17,0,23,2,3.32306998946247858e+35,0,23,2,3.32306998946247858e+35,1,22,1,5.76460752303439872e+17
99,4,M_u_col_0,16,7,2,3.32306998945331719e+35,0,23,1,5.76460752303439872e+17,17,6,1,5.76460752302153728e+17,17,6,1,5.76460752303439872e+17,17,6,2,3.32306998945506446e+35,17,6,2,3.32306998945506446e+35,18,5,1,5.76460752303513600e+17
99,4,M_y_col_0,0,23,1,5.76460752303439872e+17,0,23,1,5.76460752303439872e+17,0,23,1,5.76460752303439872e+17,0,23,1,5.76460752303439872e+17,0,23,2,3.32306998946247858e+35,0,23,2,3.32306998946247858e+35,1,22,1,5.76460752303439872e+17
99,4,M_u_col_1,16,7,2,3.32306998945331719e+35,0,23,1,5.76460752303439872e+17,17,6,1,5.76460752302153728e+17,17,6,1,5.76460752303439872e+17,17,6,2,3.32306998945506446e+35,17,6,2,3.32306998945506446e+35,18,5,1,5.76460752303513600e+17
99,4,M_y_col_1,0,23,1,5.76460752303439872e+17,0,23,1,5.76460752303439872e+17,0,23,1,5.76460752303439872e+17,0,23,1,5.76460752303439872e+17,0,23,2,3.32306998946247858e+35,0,23,2,3.32306998946247858e+35,1,22,1,5.76460752303439872e+17
99,4,M_u_col_2,16,7,2,3.32306998945331719e+35,0,23,1,5.76460752303439872e+17,17,6,1,5.76460752302153728e+17,17,6,1,5.76460752303439872e+17,17,6,2,3.32306998945506446e+35,17,6,2,3.32306998945506446e+35,18,5,1,5.76460752303513600e+17
99,4,M_y_col_2,0,23,1,5.76460752303439872e+17,0,23,1,5.76460752303439872e+17,0,23,1,5.76460752303439872e+17,0,23,1,5.76460752303439872e+17,0,23,2,3.32306998946247858e+35,0,23,2,3.32306998946247858e+35,1,22,1,5.76460752303439872e+17
99,4,M_u_col_3,16,7,2,3.32306998945331719e+35,0,23,1,5.76460752303439872e+17,17,6,1,5.76460752302153728e+17,17,6,1,5.76460752303439872e+17,17,6,2,3.32306998945506446e+35,17,6,2,3.32306998945506446e+35,18,5,1,5.76460752303513600e+17
99,4,M_y_col_3,0,23,1,5.76460752303439872e+17,0,23,1,5.76460752303439872e+17,0,23,1,5.76460752303439872e+17,0,23,1,5.76460752303439872e+17,0,23,2,3.32306998946247858e+35,0,23,2,3.32306998946247858e+35,1,22,1,5.76460752303439872e+17
