block,within_block_sample,global_sample,y_nominal,y_physical,y_semantic,u_nominal,u_semantic,u_ckks,e_u_semantic_abs,e_u_nominal_abs,u_slot_spread,plant_nominal_0,plant_nominal_1,plant_nominal_2,plant_nominal_3,plant_ckks_0,plant_ckks_1,plant_ckks_2,plant_ckks_3,plant_error_0,plant_error_1,plant_error_2,plant_error_3,u_slots_0,u_slots_1,u_slots_2,u_slots_3,u_level,u_towers,u_noiseScaleDegree,u_scalingFactor
0,0,0,1.76499999999999990e-01,1.76499999999999990e-01,1.76500000000000518e-01,5.97519082627755022e-02,5.97519082627775353e-02,5.97519082627777295e-02,1.94289029309402395e-16,2.22738494315422031e-15,1.58206781009084807e-15,2.00000000000000011e-01,-1.00000000000000006e-01,5.00000000000000028e-02,8.00000000000000017e-02,2.00000000000000011e-01,-1.00000000000000006e-01,5.00000000000000028e-02,8.00000000000000017e-02,0.00000000000000000e+00,0.00000000000000000e+00,0.00000000000000000e+00,0.00000000000000000e+00,5.97519082627777295e-02,5.97519082627787704e-02,5.97519082627792977e-02,5.97519082627793116e-02,1,22,1,5.76460752303439872e+17
0,1,1,1.25002719459007372e-01,1.25002719459007483e-01,1.25002719459006123e-01,-5.00386380946312714e-01,-5.00386380946315490e-01,-5.00386380946318932e-01,3.44169137633798528e-15,6.21724893790087663e-15,1.36557432028894254e-14,1.40780152661022034e-01,-7.26099236694889849e-02,4.01950381652555200e-02,4.54975190826277520e-02,1.40780152661022201e-01,-7.26099236694889016e-02,4.01950381652555616e-02,4.54975190826277728e-02,1.66533453693773481e-16,8.32667268468867405e-17,4.16333634234433703e-17,2.08166817117216851e-17,-5.00386380946318932e-01,-5.00386380946315268e-01,-5.00386380946307829e-01,-5.00386380946305276e-01,1,22,1,5.76460752303439872e+17
0,2,2,6.13925936990720317e-02,6.13925936990718096e-02,6.13925936990721843e-02,-3.81110471074996238e-01,-3.81110471074992241e-01,-3.81110471075001900e-01,9.65894031423886190e-15,5.66213742558829836e-15,1.26565424807267846e-14,5.55220055466717211e-02,-7.40175086762407952e-02,2.00924689444431127e-02,2.01788461135033043e-02,5.55220055466713533e-02,-7.40175086762409895e-02,2.00924689444430121e-02,2.01788461135032487e-02,-3.67761376907083104e-16,-1.94289029309402395e-16,-1.00613961606654811e-16,-5.55111512312578270e-17,-3.81110471075001900e-01,-3.81110471074993684e-01,-3.81110471074989243e-01,-3.81110471074994128e-01,1,22,1,5.76460752303439872e+17
0,3,3,2.09678503451852967e-02,2.09678503451848387e-02,2.09678503451836765e-02,-3.84685388081325019e-01,-3.84685388081326241e-01,-3.84685388081326241e-01,0.00000000000000000e+00,1.22124532708767219e-15,9.76996261670137756e-15,3.56560561350467708e-03,-6.71468768835105922e-02,8.80476397677960355e-03,7.28985196674865939e-03,3.56560561350393809e-03,-6.71468768835109392e-02,8.80476397677943182e-03,7.28985196674857353e-03,-7.38992200766119822e-16,-3.46944695195361419e-16,-1.71737624121703902e-16,-8.58688120608519512e-17,-3.84685388081326241e-01,-3.84685388081321356e-01,-3.84685388081326463e-01,-3.84685388081316693e-01,1,22,1,5.76460752303439872e+17
1,0,4,-8.20302214361918851e-03,-8.20302214361959790e-03,-8.20302214361845992e-03,-3.33722736287384192e-01,-3.33722736289057909e-01,-3.33722736289155275e-01,9.73665592596262286e-14,1.77108328003328097e-12,1.11965992033447037e-13,-3.35793451554634859e-02,-6.06972862461086643e-02,8.15613577654710278e-04,1.17117340597583906e-04,-3.35793451554641381e-02,-6.06972862461089280e-02,8.15613577654588848e-04,1.17117340597527528e-04,-6.52256026967279467e-16,-2.63677968348474678e-16,-1.21430643318376497e-16,-5.63785129692462306e-17,-3.33722736289155275e-01,-3.33722736289127908e-01,-3.33722736289076227e-01,-3.33722736289188193e-01,19,4,1,5.76460752303767552e+17
1,1,5,-2.65126636478669672e-02,-2.65126636479549489e-02,-2.65126636479548553e-02,-3.02406983928585726e-01,-3.02406983930280759e-01,-3.02406983930392836e-01,1.12077014335909553e-13,1.80711001718236730e-12,2.11719530796017352e-13,-5.57307303146131403e-02,-5.28951600264168029e-02,-3.73502699072753757e-03,-3.29376771265688442e-03,-5.57307303147553112e-02,-5.28951600264877947e-02,-3.73502699076302654e-03,-3.29376771267462457e-03,-1.42170997197155202e-13,-7.09918235308748535e-14,-3.54889728715335195e-14,-1.77401496270768178e-14,-3.02406983930392836e-01,-3.02406983930262385e-01,-3.02406983930317785e-01,-3.02406983930181117e-01,19,4,1,5.76460752303767552e+17
1,2,6,-3.78126007950952900e-02,-3.78126007952530180e-02,-3.78126007952518939e-02,-2.59386855034188069e-01,-2.59386855035781683e-01,-2.59386855035858677e-01,7.69939667577546061e-14,1.67060809630470430e-12,1.59872115546022542e-14,-6.85502973429216594e-02,-4.55025532788198503e-02,-6.41273839739895952e-03,-4.82240430290502373e-03,-6.85502973431742768e-02,-4.55025532789354314e-02,-6.41273839745515242e-03,-4.82240430293231961e-03,-2.52617371465646556e-13,-1.15581155757382703e-13,-5.61928975573167122e-14,-2.72958738944950596e-14,-2.59386855035858677e-01,-2.59386855035849351e-01,-2.59386855035842689e-01,-2.59386855035853348e-01,19,4,1,5.76460752303767552e+17
1,3,7,-4.34521637528100038e-02,-4.34521637530146040e-02,-4.34521637530143473e-02,-2.26573858837269604e-01,-2.26573858838628572e-01,-2.26573858838736403e-01,1.07830411266718329e-13,1.46679890455914119e-12,1.03250741290139558e-13,-7.37473667519442239e-02,-3.82744598676628828e-02,-7.58465299106357398e-03,-5.19848089410482501e-03,-7.37473667522690057e-02,-3.82744598677990377e-02,-7.58465299112856713e-03,-5.19848089413567707e-03,-3.24781868066281731e-13,-1.36154976182467635e-13,-6.49931497509470546e-14,-3.08520570202475142e-14,-2.26573858838736403e-01,-2.26573858838817255e-01,-2.26573858838767767e-01,-2.26573858838714004e-01,19,4,1,5.76460752303767552e+17
2,0,8,-4.54829562621556840e-02,-4.54829562623858055e-02,-4.54829562623856737e-02,-1.91554719716443084e-01,-1.91554719718753430e-01,-1.91554719718756428e-01,2.99760216648792266e-15,2.31334396083582305e-12,1.92179605562614597e-13,-7.42859695577944429e-02,-3.18572979053681551e-02,-7.96290768120353452e-03,-5.05331791722158762e-03,-7.42859695581565282e-02,-3.18572979055070718e-02,-7.96290768126926146e-03,-5.05331791725219942e-03,-3.62085361693686991e-13,-1.38916655956222712e-13,-6.57269377812852440e-14,-3.06117978188247264e-14,-1.91554719718756428e-01,-1.91554719718872501e-01,-1.91554719718680322e-01,-1.91554719718859123e-01,19,4,1,5.76460752303767552e+17
2,1,9,-4.48213946955112325e-02,-4.48213946958022427e-02,-4.48213946958040607e-02,-1.63395048395287151e-01,-1.63395048397327963e-01,-1.63395048397396214e-01,6.82509604388314983e-14,2.10906292430479425e-12,2.64233079860787257e-14,-7.13588594913568963e-02,-2.60886273472905605e-02,-7.74647113632140685e-03,-4.60758435871684580e-03,-7.13588594918137809e-02,-2.60886273474633980e-02,-7.74647113640439776e-03,-4.60758435875576172e-03,-4.56884530208867545e-13,-1.72837438805473198e-13,-8.29909058142064282e-14,-3.89159190983257020e-14,-1.63395048397396214e-01,-1.63395048397417419e-01,-1.63395048397422638e-01,-1.63395048397412757e-01,19,4,1,5.76460752303767552e+17
2,2,10,-4.25750524121994364e-02,-4.25750524125268412e-02,-4.25750524125269453e-02,-1.36398215897485825e-01,-1.36398215899365877e-01,-1.36398215899304814e-01,6.10622663543836097e-14,1.81898940354585648e-12,2.62456723021387006e-13,-6.65370728931831829e-02,-2.11729138255805083e-02,-7.25754719646923546e-03,-4.07395527791900008e-03,-6.65370728936946904e-02,-2.11729138257645347e-02,-7.25754719655790324e-03,-4.07395527796017200e-03,-5.11507503020425247e-13,-1.84026405225523604e-13,-8.86677883893405294e-14,-4.11719269788335396e-14,-1.36398215899304814e-01,-1.36398215899545067e-01,-1.36398215899563385e-01,-1.36398215899567271e-01,19,4,1,5.76460752303767552e+17
2,3,11,-3.92812619053589315e-02,-3.92812619056993814e-02,-3.92812619056997492e-02,-1.14313691577021564e-01,-1.14313691578613624e-01,-1.14313691578907847e-01,2.94222979313474298e-13,1.88628279662594878e-12,2.25208740545213004e-13,-6.05123828609371930e-02,-1.69621092244231740e-02,-6.58442479063337145e-03,-3.50914980427380081e-03,-6.05123828614657286e-02,-1.69621092246008166e-02,-6.58442479071942414e-03,-3.50914980431321112e-03,-5.28535548660613586e-13,-1.77642622833928954e-13,-8.60526927493054927e-14,-3.94103152889790920e-14,-1.14313691578907847e-01,-1.14313691578733320e-01,-1.14313691578690466e-01,-1.14313691578682639e-01,19,4,1,5.76460752303767552e+17
3,0,12,-3.55095128381452962e-02,-3.55095128384983610e-02,-3.55095128384971190e-02,-9.43700290319142016e-02,-9.43700290340245551e-02,-9.43700290340089981e-02,1.55570001325600060e-14,2.09479655843836099e-12,2.02698968720937955e-13,-5.40709797239903589e-02,-1.34762282800797630e-02,-5.86559032296988386e-03,-2.98091105853001866e-03,-5.40709797245360196e-02,-1.34762282802547498e-02,-5.86559032305582727e-03,-2.98091105856915835e-03,-5.45660738815456625e-13,-1.74986761192208462e-13,-8.59434051703189539e-14,-3.91396984267267101e-14,-9.43700290340089981e-02,-9.43700290338879977e-02,-9.43700290339796327e-02,-9.43700290340906967e-02,19,4,1,5.76460752303767552e+17
3,1,13,-3.15393509842547409e-02,-3.15393509846272693e-02,-3.15393509846265685e-02,-7.79982185701884184e-02,-7.79982185721356802e-02,-7.79982185720135279e-02,1.22152288284382848e-13,1.82510950796910265e-12,2.16493489801905525e-14,-4.75588059862325774e-02,-1.05870228249094825e-02,-5.13406300260292256e-03,-2.49666099457745636e-03,-4.75588059868070276e-02,-1.05870228250901383e-02,-5.13406300269306053e-03,-2.49666099461852680e-03,-5.74450209622767716e-13,-1.80655837511700668e-13,-9.01379665352308734e-14,-4.10704456554888964e-14,-7.79982185720135279e-02,-7.79982185720317356e-02,-7.79982185720349552e-02,-7.79982185720351773e-02,19,4,1,5.76460752303767552e+17
3,2,14,-2.76384763181255107e-02,-2.76384763184992742e-02,-2.76384763184997460e-02,-6.37584658469134841e-02,-6.37584658486430589e-02,-6.37584658486324285e-02,1.06303854607858739e-14,1.71894443123932206e-12,1.28425048373514983e-13,-4.13291596216952828e-02,-8.24920774459053131e-03,-4.44443556975007356e-03,-2.07402367247872107e-03,-4.13291596222693514e-02,-8.24920774476306864e-03,-4.44443556983728852e-03,-2.07402367251808889e-03,-5.74068570458052818e-13,-1.72537331644129210e-13,-8.72149574782099535e-14,-3.93678145638176602e-14,-6.37584658486324285e-02,-6.37584658485671474e-02,-6.37584658485156053e-02,-6.37584658485040034e-02,19,4,1,5.76460752303767552e+17
3,3,15,-2.39283512598083212e-02,-2.39283512601773142e-02,-2.39283512601752707e-02,-5.20974199146541084e-02,-5.20974199161362422e-02,-5.20974199160616977e-02,7.45445372096753545e-14,1.40758932287710081e-12,1.49463774690161699e-14,-3.55176088149409264e-02,-6.36000805329834176e-03,-3.80445224402363013e-03,-1.70718532141429097e-03,-3.55176088155055719e-02,-6.36000805346095387e-03,-3.80445224410714926e-03,-1.70718532145169703e-03,-5.64645552536546802e-13,-1.62612111276327909e-13,-8.35191291126413660e-14,-3.74060591529223885e-14,-5.20974199160616977e-02,-5.20974199160574650e-02,-5.20974199160499848e-02,-5.20974199160467513e-02,19,4,1,5.76460752303767552e+17
4,0,16,-2.05138191331959950e-02,-2.05138191335455487e-02,-2.05138191335438869e-02,-4.22116991259831389e-02,-4.22116991274601727e-02,-4.22116991275477554e-02,8.75827188551170366e-14,1.56461649192252139e-12,5.54764567617382909e-14,-3.02492725841936594e-02,-4.86108896672340831e-03,-3.23166773352651397e-03,-1.39700811824612094e-03,-3.02492725847258240e-02,-4.86108896686706683e-03,-3.23166773360181311e-03,-1.39700811827938687e-03,-5.32164590172357066e-13,-1.43658522577805314e-13,-7.52991419217252655e-14,-3.32659247370692412e-14,-4.22116991275477554e-02,-4.22116991275766698e-02,-4.22116991275981318e-02,-4.22116991275426554e-02,19,4,1,5.76460752303767552e+17
4,1,17,-1.74281110983961415e-02,-1.74281110987381874e-02,-1.74281110987377121e-02,-3.41568792071719543e-02,-3.41568792084474687e-02,-3.41568792085034240e-02,5.59552404411078896e-14,1.33146965675123852e-12,5.04665753631172720e-14,-2.55452993080359583e-02,-3.67544489721315093e-03,-2.72327482454947116e-03,-1.13543166783678599e-03,-2.55452993085557786e-02,-3.67544489735133336e-03,-2.72327482462336561e-03,-1.13543166786946753e-03,-5.19820297917306107e-13,-1.38182434245015529e-13,-7.38944495870530460e-14,-3.26815397660995544e-14,-3.41568792085034240e-02,-3.41568792084529574e-02,-3.41568792085018696e-02,-3.41568792084627412e-02,19,4,1,5.76460752303767552e+17
4,2,18,-1.46936330056440800e-02,-1.46936330059687405e-02,-1.46936330059684855e-02,-2.74549032660200698e-02,-2.74549032671143889e-02,-2.74549032672031165e-02,8.87276363492617293e-14,1.18304671614666290e-12,1.11577413974828232e-13,-2.14192014301366959e-02,-2.75170922246299136e-03,-2.28132176286742440e-03,-9.18420914680571172e-04,-2.14192014306285386e-02,-2.75170922258865646e-03,-2.28132176293597546e-03,-9.18420914710624389e-04,-4.91842677696752162e-13,-1.25665103323235883e-13,-6.85510676001754859e-14,-3.00532168595601945e-14,-2.74549032672031165e-02,-2.74549032670915391e-02,-2.74549032671242282e-02,-2.74549032671825011e-02,19,4,1,5.76460752303767552e+17
4,3,19,-1.22998736218832370e-02,-1.22998736221870946e-02,-1.22998736221879620e-02,-2.20274569893798115e-02,-2.20274569902859305e-02,-2.20274569903363797e-02,5.04492281283575039e-14,9.56568158017034875e-13,1.39804834375922837e-13,-1.78383540287770648e-02,-2.03527763618084742e-03,-1.89937023513371333e-03,-7.38793510288909177e-04,-1.78383540292358887e-02,-2.03527763629314257e-03,-1.89937023519635203e-03,-7.38793510316113978e-04,-4.58823951055009616e-13,-1.12295155813013636e-13,-6.26386963131775332e-14,-2.72048009120062773e-14,-2.20274569903363797e-02,-2.20274569903548649e-02,-2.20274569904545560e-02,-2.20274569903147512e-02,19,4,1,5.76460752303767552e+17
5,0,20,-1.02319034466092276e-02,-1.02319034468858674e-02,-1.02319034468875743e-02,-1.75762265370608337e-02,-1.75762265379279768e-02,-1.75762265379303013e-02,2.32452945780892151e-15,8.69467692288239391e-13,3.62203322890053414e-13,-1.47686336707643397e-02,-1.48713158484733835e-03,-1.57368725563771005e-03,-5.91793698807353960e-04,-1.47686336711801997e-02,-1.48713158494277872e-03,-1.57368725569254596e-03,-5.91793698830819347e-04,-4.15860054725492034e-13,-9.54403656799884814e-14,-5.48359101182338549e-14,-2.34653876191037725e-14,-1.75762265379303013e-02,-1.75762265377545253e-02,-1.75762265381167286e-02,-1.75762265377667724e-02,19,4,1,5.76460752303767552e+17
5,1,21,-8.46155425941536206e-03,-8.46155425966679461e-03,-8.46155425966628807e-03,-1.39947240000183395e-02,-1.39947240007905604e-02,-1.39947240008876095e-02,9.70491048635224729e-14,8.69269933811978035e-13,1.10095960126344039e-13,-1.21584848927029782e-02,-1.07028809097866901e-03,-1.29731505078307095e-03,-4.71791993009742356e-04,-1.21584848930795901e-02,-1.07028809106084438e-03,-1.29731505083181429e-03,-4.71791993030401774e-04,-3.76611936081516774e-13,-8.21753689400628318e-14,-4.87433444301688112e-14,-2.06594181866026627e-14,-1.39947240008876095e-02,-1.39947240008258984e-02,-1.39947240007775135e-02,-1.39947240008485019e-02,19,4,1,5.76460752303767552e+17
5,2,22,-6.96062672329431607e-03,-6.96062672352648539e-03,-6.96062672352583834e-03,-1.10914025659401682e-02,-1.10914025665776270e-02,-1.10914025666593880e-02,8.17609868697388720e-14,7.19219822586936175e-13,2.89171464551429835e-13,-9.95931009002590586e-03,-7.57499520278063923e-04,-1.06500788749721111e-03,-3.74667144422341839e-04,-9.95931009037318016e-03,-7.57499520352807954e-04,-1.06500788754256351e-03,-3.74667144441554714e-04,-3.47274292655797012e-13,-7.47440304094126873e-14,-4.53523937155031476e-14,-1.92128756480725027e-14,-1.10914025666593880e-02,-1.10914025663702166e-02,-1.10914025665507874e-02,-1.10914025665211375e-02,19,4,1,5.76460752303767552e+17
5,3,23,-5.69725660024400157e-03,-5.69725660045417200e-03,-5.69725660045373485e-03,-8.77043356610942085e-03,-8.77043356663456501e-03,-8.77043356665923625e-03,2.46712372753421505e-14,5.49815401540421078e-13,2.91051904799388694e-13,-8.11861543171610994e-03,-5.24690745175227695e-04,-8.70566317977068747e-04,-2.96270732799443584e-04,-8.11861543202966468e-03,-5.24690745240179754e-04,-8.70566318017542556e-04,-2.96270732816418666e-04,-3.13554737729759836e-13,-6.49520584886098540e-14,-4.04738091999701233e-14,-1.69750823640624215e-14,-8.77043356665923625e-03,-8.77043356664394987e-03,-8.77043356679400692e-03,-8.77043356650295501e-03,19,4,1,5.76460752303767552e+17
6,0,24,-4.64185064765518587e-03,-4.64185064784027393e-03,-4.64185064783922356e-03,-6.90722910507310904e-03,-6.90722910542603159e-03,-6.90722910555637525e-03,1.30343652537945331e-13,4.83266204831522828e-13,1.83575377121769634e-13,-6.58901305573837172e-03,-3.53910256856350294e-04,-7.08985695300934100e-04,-2.33424371145459425e-04,-6.58901305601331238e-03,-3.53910256909261041e-04,-7.08985695335274794e-04,-2.33424371159588910e-04,-2.74940660516254098e-13,-5.29107465306599689e-14,-3.43406943506541218e-14,-1.41294853421569666e-14,-6.90722910555637525e-03,-6.90722910553163028e-03,-6.90722910537279987e-03,-6.90722910550745344e-03,19,4,1,5.76460752303767552e+17
6,1,25,-3.76542124840455704e-03,-3.76542124856727800e-03,-3.76542124856832101e-03,-5.42713818567807857e-03,-5.42713818584283914e-03,-5.42713818599349293e-03,1.50653794994681789e-13,3.15414361296006973e-13,1.79226425367495779e-13,-5.32498054908598500e-03,-2.30036627796379990e-04,-5.75230521471060269e-04,-1.83188855456069516e-04,-5.32498054932683575e-03,-2.30036627840003407e-04,-5.75230521500606946e-04,-1.83188855468067080e-04,-2.40850742128095874e-13,-4.36234165110405137e-14,-2.95466776045749668e-14,-1.19975644002900950e-14,-5.42713818599349293e-03,-5.42713818604477309e-03,-5.42713818607469013e-03,-5.42713818589546371e-03,19,4,1,5.76460752303767552e+17
6,2,26,-3.04208292657509290e-03,-3.04208292671256843e-03,-3.04208292671361317e-03,-4.24895806538152111e-03,-4.24895806556385182e-03,-4.24895806565565512e-03,9.18033010721686082e-14,2.74134014099924883e-13,2.06861437701544304e-13,-4.28655998041986563e-03,-1.41775238162625869e-04,-4.65143664686567182e-04,-1.43264002377169305e-04,-4.28655998062200082e-03,-1.41775238194636667e-04,-4.65143664710049374e-04,-1.43264002386395622e-04,-2.02135183591245493e-13,-3.20107980920913970e-14,-2.34821927527772978e-14,-9.22631654236283349e-15,-4.24895806565565512e-03,-4.24895806544879368e-03,-4.24895806561811744e-03,-4.24895806564691645e-03,19,4,1,5.76460752303767552e+17
6,3,27,-2.44813125197901934e-03,-2.44813125209528398e-03,-2.44813125209544227e-03,-3.31873787016284151e-03,-3.31873787022411932e-03,-3.31873787028365026e-03,5.95309392059650833e-14,1.20808744952238811e-13,2.74474887262954326e-13,-3.43758185018583524e-03,-7.99461054260471748e-05,-3.74860424005655536e-04,-1.11628392091976382e-04,-3.43758185035586417e-03,-7.99461054500820667e-05,-3.74860424024878007e-04,-1.11628392099364515e-04,-1.70028921497866747e-13,-2.40348919152560958e-14,-1.92224708372989994e-14,-7.38813307407659714e-15,-3.31873787028365026e-03,-3.31873787043739273e-03,-3.31873787016291784e-03,-3.31873787037331638e-03,19,4,1,5.76460752303767552e+17
7,0,28,-1.96294627629070876e-03,-1.96294627638336468e-03,-1.96294627638240408e-03,-2.58379571548167115e-03,-2.58379571537354150e-03,-2.58379571540433761e-03,3.07961121881472621e-14,7.73335388781770661e-14,6.38548675740979732e-13,-2.74695365018091248e-03,-3.77253994272733022e-05,-3.01171795674320193e-04,-8.66860333948050587e-05,-2.74695365031492073e-03,-3.77253994411012709e-05,-3.01171795688062293e-04,-8.66860333997215903e-05,-1.34008255880946336e-13,-1.38279687179887478e-14,-1.37420999059278959e-14,-4.91653159157001696e-15,-2.58379571540433761e-03,-2.58379571565958439e-03,-2.58379571517073541e-03,-2.58379571580928408e-03,19,4,1,5.76460752303767552e+17
7,1,29,-1.56837608289150726e-03,-1.56837608295646571e-03,-1.56837608295599300e-03,-2.00693048974508702e-03,-2.00693048973400257e-03,-2.00693049000324033e-03,2.69237757088980345e-13,2.58153307758357542e-13,2.80125748985948775e-13,-2.18752831732297280e-03,-9.72772546122627213e-06,-2.41227713320361274e-04,-6.70807026535740392e-05,-2.18752831741437798e-03,-9.72772546166007497e-06,-2.41227713327027383e-04,-6.70807026552400242e-05,-9.14051820344319310e-14,-4.33802841738606393e-16,-6.66610863730987546e-15,-1.66598505824122611e-15,-2.00693049000324033e-03,-2.00693048982399916e-03,-2.00693048983624544e-03,-2.00693048972311458e-03,19,4,1,5.76460752303767552e+17
7,2,30,-1.24893647380021323e-03,-1.24893647386072125e-03,-1.24893647385967304e-03,-1.55424938350056307e-03,-1.55424938345315893e-03,-1.55424938357568527e-03,1.22526338033890347e-13,7.51222001271756312e-14,2.06148032672048842e-13,-1.73635304568904537e-03,8.01068016348963031e-06,-1.92664718167755378e-04,-5.17392810369129801e-05,-1.73635304577554410e-03,8.01068015703879002e-06,-1.92664718177117382e-04,-5.17392810402607931e-05,-8.64987335230660292e-14,-6.45084029596287856e-15,-9.36200444424939437e-15,-3.34781302072789666e-15,-1.55424938357568527e-03,-1.55424938356472442e-03,-1.55424938336953724e-03,-1.55424938349720768e-03,19,4,1,5.76460752303767552e+17
7,3,31,-9.91350308898969121e-04,-9.91350308947428404e-04,-9.91350308945018657e-04,-1.20093493401215935e-03,-1.20093493392589784e-03,-1.20093493361282102e-03,3.13076821412128226e-13,3.99338331499854426e-13,6.22184595511221517e-13,-1.37387328916307853e-03,1.85350563655373710e-05,-1.53444504192404817e-04,-3.97713352913824973e-05,-1.37387328923188330e-03,1.85350563619091291e-05,-1.53444504199621077e-04,-3.97713352937945896e-05,-6.88047709085370940e-14,-3.62824191264127238e-15,-7.21625992468333255e-15,-2.41209233576428206e-15,-1.20093493361282102e-03,-1.20093493396450693e-03,-1.20093493423500562e-03,-1.20093493384587050e-03,19,4,1,5.76460752303767552e+17
8,0,32,-7.84466198159050740e-04,-7.84466198175025916e-04,-7.84466198176068594e-04,-9.25406956972719529e-04,-9.25406956757740128e-04,-9.25406956621231051e-04,1.36509076612001401e-13,3.51488478080030919e-13,7.73752589777743083e-13,-1.08378075840914615e-03,2.40534351746886715e-05,-1.21884260298724795e-04,-3.04733886833512968e-05,-1.08378075842702898e-03,2.40534351912022700e-05,-1.21884260295187586e-04,-3.04733886805404383e-05,-1.78828306329759101e-14,1.65135984856075446e-14,3.53720958773395822e-15,2.81085850667266157e-15,-9.25406956621231051e-04,-9.25406956295413878e-04,-9.25406956628978109e-04,-9.25406957069166468e-04,19,4,1,5.76460752303767552e+17
8,1,33,-6.18903242909230890e-04,-6.18903242902677105e-04,-6.18903242903281548e-04,-7.11521909505366968e-04,-7.11521909415733264e-04,-7.11521909105930516e-04,3.09802747691656499e-13,3.99436451796464365e-13,3.47966338902494510e-13,-8.52430427798427592e-04,2.62160399424133373e-05,-9.65621873658188657e-05,-2.32721071971092013e-05,-8.52430427781863042e-04,2.62160399688084899e-05,-9.65621873571160291e-05,-2.32721071920701379e-05,1.65645492114507853e-14,2.63951526109119927e-14,8.70283662843251982e-15,5.03906337771982404e-15,-7.11521909105930516e-04,-7.11521909453896855e-04,-7.11521909129216794e-04,-7.11521909262495707e-04,19,4,1,5.76460752303767552e+17
8,2,34,-4.86883014517672675e-04,-4.86883014491662719e-04,-4.86883014491010463e-04,-5.45693216006277299e-04,-5.45693215909191223e-04,-5.45693215737636395e-04,1.71554827635422846e-13,2.68640903793027075e-13,5.50761910037000924e-13,-6.68574377579904096e-04,2.61938209285986400e-05,-7.63112413144670338e-05,-1.77161756484024402e-05,-6.68574377533911156e-04,2.61938209622187398e-05,-7.63112413018863855e-05,-1.77161756417465028e-05,4.59929403590075836e-14,3.36200997055023654e-14,1.25806483286527993e-14,6.65593746567924582e-15,-5.45693215737636395e-04,-5.45693215421816325e-04,-5.45693215972578236e-04,-5.45693215927683809e-04,19,4,1,5.76460752303767552e+17
8,3,35,-3.81958189095486453e-04,-3.81958189061262473e-04,-3.81958189064404436e-04,-4.17632437643247680e-04,-4.17632437631684935e-04,-4.17632437436336748e-04,1.95348186411703484e-13,2.06910931530718267e-13,2.30183276953010996e-13,-5.22933503463745251e-04,2.48341139913231655e-05,-6.01603955546591769e-05,-1.34429767967021759e-05,-5.22933503406449503e-04,2.48341140233856597e-05,-6.01603955424983655e-05,-1.34429767905327437e-05,5.72957480071689673e-14,3.20624942069282215e-14,1.21608113661485218e-14,6.16943223396247686e-15,-4.17632437436336748e-04,-4.17632437666520025e-04,-4.17632437644204109e-04,-4.17632437645366590e-04,19,4,1,5.76460752303767552e+17
9,0,36,-2.98840992794334947e-04,-2.98840992757191698e-04,-2.98840992757674439e-04,-3.18884142619213441e-04,-3.18884142615465788e-04,-3.18884142861817067e-04,2.46351279219875208e-13,2.42603625990461813e-13,2.41337006802455623e-13,-4.07935988386050525e-04,2.27189514482775606e-05,-4.73176073962416823e-05,-1.01684390518799641e-05,-4.07935988325679763e-04,2.27189514762213571e-05,-4.73176073855377811e-05,-1.01684390465974093e-05,6.03707622087723550e-14,2.79437965009041861e-14,1.07039011443439691e-14,5.28255485686933424e-15,-3.18884142861817067e-04,-3.18884142620480060e-04,-3.18884142788751707e-04,-3.18884142645701097e-04,19,4,1,5.76460752303767552e+17
9,1,37,-2.33200922226045560e-04,-2.33200922209214569e-04,-2.33200922210891396e-04,-2.43004444506859821e-04,-2.43004444552504678e-04,-2.43004444445597302e-04,1.06907375747172795e-13,6.12625184956416824e-14,2.05281971976667421e-13,-3.17407126931631240e-04,2.02512642555882229e-05,-3.71317794485792079e-05,-7.66700785439526320e-06,-3.17407126905337115e-04,2.02512642625095595e-05,-3.71317794476484948e-05,-7.66700785407853386e-06,2.62941252972270778e-14,6.92133660497654124e-15,9.30713026179447178e-16,3.16729335900906017e-16,-2.43004444445597302e-04,-2.43004444526481766e-04,-2.43004444321199794e-04,-2.43004444526189627e-04,19,4,1,5.76460752303767552e+17
9,2,38,-1.81520079688449399e-04,-1.81520079672583753e-04,-1.81520079673673973e-04,-1.84791773089051529e-04,-1.84791773125369483e-04,-1.84791772824419355e-04,3.00950128533095107e-13,2.64632174680479171e-13,3.88112420890776577e-13,-2.46353385810876185e-04,1.76931314931924076e-05,-2.90751931111995999e-05,-5.76295561716047459e-06,-2.46353385786489713e-04,1.76931314990905555e-05,-2.90751931096583218e-05,-5.76295561639206663e-06,2.43864715747388328e-14,5.89814790974765857e-15,1.54127809148286998e-15,7.68407960958367164e-16,-1.84791772824419355e-04,-1.84791772933076443e-04,-1.84791773027491180e-04,-1.84791773212531775e-04,19,4,1,5.76460752303767552e+17
9,3,39,-1.40946492471441802e-04,-1.40946492446308722e-04,-1.40946492446310104e-04,-1.40271449515418323e-04,-1.40271449560677096e-04,-1.40271449298245987e-04,2.62431108745062036e-13,2.17172335887153012e-13,3.07656135810352449e-13,-1.90742329111499566e-04,1.52128161956806094e-05,-2.27183282313105005e-05,-4.31817619550760202e-06,-1.90742329072298881e-04,1.52128162091497936e-05,-2.27183282252597715e-05,-4.31817619246184179e-06,3.92006847989290197e-14,1.34691841962566658e-14,6.05072903673425921e-15,3.04576022470406590e-15,-1.40271449298245987e-04,-1.40271449402331564e-04,-1.40271449605902123e-04,-1.40271449398632916e-04,19,4,1,5.76460752303767552e+17
10,0,40,-1.09182953221415672e-04,-1.09182953191460738e-04,-1.09182953192848382e-04,-1.06279892436328210e-04,-1.06279892521708697e-04,-1.06279892317830794e-04,2.03877903058244381e-13,1.18497415655879901e-13,3.93225342153365187e-13,-1.47339167625858689e-04,1.29078737941424313e-05,-1.77152139513234807e-05,-3.22570684160927718e-06,-1.47339167579182864e-04,1.29078738103913811e-05,-1.77152139436150642e-05,-3.22570683785253486e-06,4.66758250973475786e-14,1.62489498175015165e-14,7.70841656022418220e-15,3.75674231645390690e-15,-1.06279892317830794e-04,-1.06279892653994684e-04,-1.06279892260769342e-04,-1.06279892417473243e-04,19,4,1,5.76460752303767552e+17
10,1,41,-8.43834317766463328e-05,-8.43834317478957035e-05,-8.43834317484165814e-05,-8.03991153199715494e-05,-8.03991152050387872e-05,-8.03991153943292921e-05,1.89290504928538161e-13,7.43577427278832581e-14,3.82554570161654228e-13,-1.13553962181993113e-04,1.08302040267772502e-05,-1.37866307923932826e-05,-2.40225247395695848e-06,-1.13553962137606811e-04,1.08302040406951467e-05,-1.37866307857062370e-05,-2.40225247082432613e-06,4.43863018171827828e-14,1.39178965119328424e-14,6.68704559770010726e-15,3.13263234729094057e-15,-8.03991153943292921e-05,-8.03991156058289874e-05,-8.03991152232744172e-05,-8.03991154636177121e-05,19,4,1,5.76460752303767552e+17
10,2,42,-6.50723616294688050e-05,-6.50723616112682354e-05,-6.50723616100254957e-05,-6.07263864788954439e-05,-6.07263864626051097e-05,-6.07263862574627491e-05,2.05142360618169178e-13,2.21432694771407645e-13,3.35782711856878746e-13,-8.73243656744905719e-05,8.99907438696572682e-06,-1.07090141824522049e-05,-1.78369866432295269e-06,-8.73243656473676283e-05,8.99907439163749639e-06,-1.07090141801934747e-05,-1.78369866345021504e-06,2.71229436479836217e-14,4.67176956299962531e-15,2.25873024440031295e-15,8.72737644346389778e-16,-6.07263862574627491e-05,-6.07263862236600766e-05,-6.07263863632626801e-05,-6.07263865594427884e-05,19,4,1,5.76460752303767552e+17
10,3,43,-5.00732245142209757e-05,-5.00732244896070114e-05,-5.00732244924470993e-05,-4.58093381941078380e-05,-4.58093381388425906e-05,-4.58093376461624007e-05,4.92680189993679324e-13,5.47945437395953860e-13,1.11212617213236539e-12,-6.70117282529875900e-05,7.41399255675827340e-06,-8.30326443139305380e-06,-1.32053866462270089e-06,-6.70117282153707077e-05,7.41399256757176027e-06,-8.30326442570721978e-06,-1.32053866196994786e-06,3.76168822653621948e-14,1.08134868789279415e-14,5.68583401932068466e-15,2.65275303080406838e-15,-4.58093376461624007e-05,-4.58093387582885728e-05,-4.58093382890549053e-05,-4.58093384755695071e-05,19,4,1,5.76460752303767552e+17
11,0,44,-3.84521983803477160e-05,-3.84521983345611197e-05,-3.84521983322441932e-05,-3.45159434877584105e-05,-3.45159435467622445e-05,-3.45159438408678318e-05,2.94105587323248430e-13,3.53109421314268951e-13,3.07030876417480059e-13,-5.13200719931390266e-05,6.06153195759710920e-06,-6.42679734684731621e-06,-9.74907874480453343e-07,-5.13200719213541566e-05,6.06153198532840377e-06,-6.42679733266309136e-06,-9.74907867632977164e-07,7.17848699862029538e-14,2.77312945691629217e-14,1.41842248463732758e-14,6.84747617900891350e-15,-3.45159438408678318e-05,-3.45159439730231116e-05,-3.45159436719934907e-05,-3.45159436659922352e-05,19,4,1,5.76460752303767552e+17
11,1,45,-2.94699743564643558e-05,-2.94699743388591148e-05,-2.94699743399321226e-05,-2.59841429505263760e-05,-2.59841429774836333e-05,-2.59841434153765261e-05,4.37892892790354288e-13,4.64850150017591390e-13,8.21996635390559796e-13,-3.92268047574730023e-05,4.92159975050181087e-06,-4.96613989682841142e-06,-7.17802081670827503e-07,-3.92268047318181429e-05,4.92159975249652433e-06,-4.96613989586325888e-06,-7.17802081655912417e-07,2.56548593675388903e-14,1.99471346287293655e-15,9.65152538781859776e-16,1.49150855308457543e-17,-2.59841434153765261e-05,-2.59841425933798907e-05,-2.59841428313306461e-05,-2.59841431772615750e-05,19,4,1,5.76460752303767552e+17
11,2,46,-2.25435611814344391e-05,-2.25435611913587684e-05,-2.25435611920158593e-05,-1.95475018784282216e-05,-1.95475019028726811e-05,-1.95475024419584486e-05,5.39085767535139523e-13,5.63530226985447386e-13,6.02388974747965211e-13,-2.99283028813825269e-05,3.97069395638412229e-06,-3.83144368914775627e-06,-5.27182439969491405e-07,-2.99283028999394602e-05,3.97069393792168734e-06,-3.83144369792540793e-06,-5.27182444638296670e-07,-1.85569333337187725e-14,-1.84624349499912938e-14,-8.77765166053170315e-15,-4.66880526532159048e-15,-1.95475024419584486e-05,-1.95475026897621657e-05,-1.95475020873731910e-05,-1.95475020944570156e-05,19,4,1,5.76460752303767552e+17
11,3,47,-1.72144006572610556e-05,-1.72144006933668751e-05,-1.72144006906140723e-05,-1.47000316137956114e-05,-1.47000315554798866e-05,-1.47000311318038777e-05,4.23676008894633728e-13,4.81991733648095590e-13,1.07099651548573163e-12,-2.27945227083589461e-05,3.18470033792433533e-06,-2.95163200509401281e-06,-3.86297523292154501e-07,-2.27945227682793545e-05,3.18470030322985861e-06,-2.95163202130170408e-06,-3.86297531372034289e-07,-5.99204083432443996e-14,-3.46944767193161935e-14,-1.62076912661572332e-14,-8.07987978874812182e-15,-1.47000311318038777e-05,-1.47000318853451992e-05,-1.47000322028003932e-05,-1.47000317347958976e-05,19,4,1,5.76460752303767552e+17
12,0,48,-1.31230862922910528e-05,-1.31230862967528226e-05,-1.31230862959466336e-05,-1.10533674905658192e-05,-1.10533672939558485e-05,-1.10533670556142060e-05,2.38341642497014346e-13,4.34951613232661093e-13,4.28014764066288536e-13,-1.73332828520881412e-05,2.54022318034903058e-06,-2.27071536511578164e-06,-2.82503919494585314e-07,-1.73332828594470584e-05,2.54022317806001467e-06,-2.27071536454093002e-06,-2.82503918874767526e-07,-7.35891721365990181e-15,-2.28901590742939046e-15,5.74851615148339740e-16,6.19817788521432765e-16,-1.10533670556142060e-05,-1.10533671629232685e-05,-1.10533668718341145e-05,-1.10533672998488786e-05,19,4,1,5.76460752303767552e+17
12,1,49,-9.98863018402132466e-06,-9.98863016595082202e-06,-9.98863016439104981e-06,-8.31363227130258322e-06,-8.31363223368363081e-06,-8.31363198700995899e-06,2.46673671818061456e-13,2.84292624231946740e-13,1.63798492049680236e-12,-1.31610151983208037e-05,2.01563828371216824e-06,-1.74464499937179163e-06,-2.06264487259044215e-07,-1.31610151690062182e-05,2.01563829995613962e-06,-1.74464499019379958e-06,-2.06264482567279301e-07,2.93145854948296050e-14,1.62439713813540294e-14,9.17799204217255478e-15,4.69176491392008595e-15,-8.31363198700995899e-06,-8.31363118488922615e-06,-8.31363282287414664e-06,-8.31363223743497202e-06,19,4,1,5.76460752303767552e+17
12,2,50,-7.59205973764452989e-06,-7.59205970950697376e-06,-7.59205971004048762e-06,-6.25669931057345993e-06,-6.25669933441263388e-06,-6.25669924040135847e-06,9.40112754083035490e-14,7.01721014669388736e-14,1.00582183895089146e-12,-9.97977046179821255e-06,1.59146080202590421e-06,-1.33889130074800145e-06,-1.50430375342117707e-07,-9.97977041664878317e-06,1.59146082352845984e-06,-1.33889128978696440e-06,-1.50430370053307565e-07,4.51494293747479666e-14,2.15025556293325405e-14,1.09610370537243252e-14,5.28881014224524804e-15,-6.25669924040135847e-06,-6.25669991656507587e-06,-6.25669891074323692e-06,-6.25669935499277063e-06,19,4,1,5.76460752303767552e+17
12,3,51,-5.76314924884248084e-06,-5.76314922359802758e-06,-5.76314922195961429e-06,-4.71356436512397373e-06,-4.71356440050205643e-06,-4.71356436535162993e-06,3.51504265080101845e-14,2.27656198200591048e-16,4.28280338541405913e-13,-7.55865381317851834e-06,1.25058041799970719e-06,-1.02642654352337220e-06,-1.09649871781722817e-07,-7.55865377333695571e-06,1.25058043382851977e-06,-1.02642653591974886e-06,-1.09649868341323047e-07,3.98415626323158321e-14,1.58288125818174374e-14,7.60362333805577467e-15,3.44039977020743067e-15,-4.71356436535162993e-06,-4.71356449141379604e-06,-4.71356407564319392e-06,-4.71356450392353246e-06,19,4,1,5.76460752303767552e+17
13,0,52,-4.36995963163987609e-06,-4.36995961226518411e-06,-4.36995961397551558e-06,-3.55606536917687041e-06,-3.55606531862395444e-06,-3.55606528439887797e-06,3.42250764709362779e-14,8.47779924434660225e-14,4.03682115929633557e-13,-5.71926946125847432e-06,9.78199207682365500e-07,-7.86161454596044618e-07,-7.99397729789377948e-08,-5.71926943132445618e-06,9.78199216900991195e-07,-7.86161450347483844e-07,-7.99397712138912010e-08,2.99340181480578331e-14,9.21862569496000126e-15,4.24856077409056527e-15,1.76504659374402100e-15,-3.55606528439887797e-06,-3.55606514104156581e-06,-3.55606527498051958e-06,-3.55606488071676204e-06,19,4,1,5.76460752303767552e+17
13,1,53,-3.31047097042646907e-06,-3.31047095148583404e-06,-3.31047095148799525e-06,-2.68789452245517429e-06,-2.68789458571027130e-06,-2.68789495181398270e-06,3.66103711406449810e-13,4.29358808418420874e-13,8.46318906950094436e-13,-4.32410330502566113e-06,7.61726632244094769e-07,-6.01666366189326541e-07,-5.83408783816712860e-08,-4.32410327595343886e-06,7.61726640662092640e-07,-6.01666362140151817e-07,-5.83408766376211568e-08,2.90722222635658376e-14,8.41799787123750139e-15,4.04917472402106012e-15,1.74405012928924459e-15,-2.68789495181398270e-06,-2.68789410549507575e-06,-2.68789441917089600e-06,-2.68789445633312316e-06,19,4,1,5.76460752303767552e+17
13,2,54,-2.50601425085099075e-06,-2.50601425772518913e-06,-2.50601425751731581e-06,-2.03638163978743708e-06,-2.03638164214183292e-06,-2.03638110180757990e-06,5.40334253018294420e-13,5.37979857178765312e-13,8.54986159300896329e-13,-3.26744781083536236e-06,5.90563512307701020e-07,-4.60177146695333322e-07,-4.26666637002412931e-08,-3.26744782357862704e-06,5.90563499646926445e-07,-4.60177153021538543e-07,-4.26666671037555445e-08,-1.27432646784819952e-14,-1.26607745749686223e-14,-6.32620522112592064e-15,-3.40351425144647427e-15,-2.03638110180757990e-06,-2.03638195679373920e-06,-2.03638139052375238e-06,-2.03638144134387803e-06,19,4,1,5.76460752303767552e+17
13,3,55,-1.89606619189011898e-06,-1.89606617093090174e-06,-1.89606616991823214e-06,-1.54709354486035324e-06,-1.54709352601994064e-06,-1.54709326417569274e-06,2.61844247896787525e-13,2.80684660499820973e-13,1.31457808145962177e-12,-2.46822787399983995e-06,4.55889684517787382e-07,-3.51793337424175502e-07,-3.13051669431543203e-08,-2.46822784114946365e-06,4.55889697685245896e-07,-3.51793330250570304e-07,-3.13051633476078595e-08,3.28503763023769123e-14,1.31674585137691528e-14,7.17360519834417810e-15,3.59554646072959109e-15,-1.54709326417569274e-06,-1.54709386021986619e-06,-1.54709254564178473e-06,-1.54709255771805310e-06,19,4,1,5.76460752303767552e+17
14,0,56,-1.43418241844001385e-06,-1.43418238847898022e-06,-1.43418238738620501e-06,-1.17913075554061871e-06,-1.17913117384274396e-06,-1.17913081494856958e-06,3.58894174382268834e-13,5.94079508690567061e-14,6.82075208623513299e-13,-1.86442037810729018e-06,3.50425037132222735e-07,-2.68854585828065111e-07,-2.30741321529077718e-08,-1.86442033094684958e-06,3.50425056101378522e-07,-2.68854576113657691e-07,-2.30741274758523724e-08,4.71604405985590232e-14,1.89691557876645891e-14,9.71440741975686251e-15,4.67705539931507187e-15,-1.17913081494856958e-06,-1.17913046258411734e-06,-1.17913076261418704e-06,-1.17913114465932596e-06,19,4,1,5.76460752303767552e+17
14,1,57,-1.08480068378697070e-06,-1.08480066373173074e-06,-1.08480066443906974e-06,-9.01941363635178158e-07,-9.01941692138495960e-07,-9.01942175644600534e-07,4.83506104573338624e-13,8.12009422375414847e-13,1.08623189064371384e-12,-1.40867912970992050e-06,2.68213538783967335e-07,-2.05443166417147066e-07,-1.71086666292507418e-08,-1.40867909898950701e-06,2.68213547531517668e-07,-2.05443162107286914e-07,-1.71086648020703407e-08,3.07204134889258558e-14,8.74755033304777186e-15,4.30986015143666496e-15,1.82718040111356214e-15,-9.01942175644600534e-07,-9.01941552681829501e-07,-9.01941089412709890e-07,-9.01942081085635527e-07,19,4,1,5.76460752303767552e+17
14,2,58,-8.20755361212070692e-07,-8.20755386192753137e-07,-8.20755383975201294e-07,-6.92646126659962519e-07,-6.92646495336541585e-07,-6.92646708485381399e-07,2.13148839813960913e-13,5.81825418879893344e-13,6.62913690700615192e-13,-1.06494719937923970e-06,2.04414918328157890e-07,-1.56997565334155978e-07,-1.27791452888028000e-08,-1.06494724152149162e-06,2.04414890518686150e-07,-1.56997579160774102e-07,-1.27791524784281938e-08,-4.21422519243078077e-14,-2.78094717397275534e-14,-1.38266181239543508e-14,-7.18962539386467225e-15,-6.92646708485381399e-07,-6.92646560421956623e-07,-6.92646045571690698e-07,-6.92646252545598811e-07,19,4,1,5.76460752303767552e+17
14,3,59,-6.21337754499528505e-07,-6.21337803049380964e-07,-6.21337801387676916e-07,-5.34188004055938486e-07,-5.34188269640633373e-07,-5.34187758262943870e-07,5.11377689503786132e-13,2.45792994616263096e-13,1.86135668734853604e-12,-8.05820480219596831e-07,1.55123805445661502e-07,-1.20006967037942401e-07,-9.62843857408056958e-09,-8.05820559332809530e-07,1.55123764539719492e-07,-1.20006986494056424e-07,-9.62844814751894290e-09,-7.91132126985987644e-14,-4.09059420103740994e-14,-1.94561140231894615e-14,-9.57343837332328947e-15,-5.34187758262943870e-07,-5.34186985042698100e-07,-5.34188255539317594e-07,-5.34188846399385448e-07,19,4,1,5.76460752303767552e+17
15,0,60,-4.70795411874026600e-07,-4.70795437498357947e-07,-4.70795438242682644e-07,-4.13821810236386868e-07,-4.13821806810051246e-07,-4.13822512427832043e-07,7.05617780796446639e-13,7.02191445174530309e-13,1.29116908971766266e-12,-6.10515881646931926e-07,1.17207273529515602e-07,-9.17744537911735337e-08,-7.32616540238784329e-09,-6.10515922217480865e-07,1.17207258333488592e-07,-9.17744597805385936e-08,-7.32616791336873207e-09,-4.05705489387551553e-14,-1.51960270100411169e-14,-5.98936505989104158e-15,-2.51098088877583802e-15,-4.13822512427832043e-07,-4.13821499312937878e-07,-4.13821869035388970e-07,-4.13821221258742325e-07,19,4,1,5.76460752303767552e+17
15,1,61,-3.57168656053095264e-07,-3.57168710492574322e-07,-3.57168710423327156e-07,-3.22054085650490119e-07,-3.22054007073497981e-07,-3.22054186544971303e-07,1.79471473322625428e-13,1.00894481184033103e-13,1.57732725912319079e-12,-4.63300597722340666e-07,8.81674004454913204e-08,-7.02311967665553394e-08,-5.63416042201361127e-09,-4.63300684324133693e-07,8.81673636937006918e-08,-7.02312140414985503e-08,-5.63416872061602692e-09,-8.66017930276100848e-14,-3.67517906286119920e-14,-1.72749432108723256e-14,-8.29860241565362485e-15,-3.22054186544971303e-07,-3.22054355575242703e-07,-3.22055763872230426e-07,-3.22054549704411167e-07,19,4,1,5.76460752303767552e+17
15,2,62,-2.71394857424792145e-07,-2.71394904363112329e-07,-2.71394904647484159e-07,-2.51796701850005466e-07,-2.51796546678296873e-07,-2.51796476923462682e-07,6.97548341906383288e-14,2.24926542783807966e-13,1.16048665475869950e-12,-3.52287365176485148e-07,6.60228269570382005e-08,-5.37928277471944428e-08,-4.38141799827613548e-09,-3.52287438541477945e-07,6.60228012236343942e-08,-5.37928394204073488e-08,-4.38142330216205219e-09,-7.33649927968886692e-14,-2.57334038062954955e-14,-1.16732129060644231e-14,-5.30388591670906896e-15,-2.51796476923462682e-07,-2.51796078646936798e-07,-2.51797239133591556e-07,-2.51796899942293071e-07,19,4,1,5.76460752303767552e+17
15,3,63,-2.06618173169671866e-07,-2.06618197927410978e-07,-2.06618198841412918e-07,-1.97766768640333911e-07,-1.97766576179057442e-07,-1.97767192970094561e-07,6.16791037118963404e-13,4.24329760649436961e-13,1.35590454891146758e-12,-2.68508812918506691e-07,4.92104528507783421e-08,-4.12474712184560042e-08,-3.44540462508437980e-09,-2.68508849805850385e-07,4.92104473169823296e-08,-4.12474731931752941e-08,-3.44540510187639686e-09,-3.68873436934412618e-14,-5.53379601250684143e-15,-1.97471928985766819e-15,-4.76792017051750730e-16,-1.97767192970094561e-07,-1.97767520935477461e-07,-1.97766165030928550e-07,-1.97766480669804769e-07,19,4,1,5.76460752303767552e+17
16,0,64,-1.57660700079226084e-07,-1.57660739640275677e-07,-1.57660739594868252e-07,-1.56015806479370776e-07,-1.56016028778515692e-07,-1.56015747751010640e-07,2.81027505052625811e-13,5.87283601359694647e-14,1.15791333361895275e-12,-2.05210850564489235e-07,3.65030295657338865e-08,-3.16694558735347553e-08,-2.73857823239859924e-09,-2.05210911512461251e-07,3.65030105554462120e-08,-3.16694653869436853e-08,-2.73858269299399683e-09,-6.09479720165854099e-14,-1.90102876744960334e-14,-9.51340892997569549e-15,-4.46059539758939331e-15,-1.56015747751010640e-07,-1.56016895517426728e-07,-1.56016421718253080e-07,-1.56015737604093109e-07,19,4,1,5.76460752303767552e+17
16,1,65,-1.20617221764983547e-07,-1.20617248946910255e-07,-1.20617245743509311e-07,-1.23593571497293196e-07,-1.23593430067026893e-07,-1.23592954896801168e-07,4.75170225725774260e-13,6.16600492028220425e-13,4.84524701714718678e-13,-1.57312834559523185e-07,2.69418030213365952e-08,-2.43524288654282490e-08,-2.19844976337885264e-09,-1.57312875264617219e-07,2.69417949200694396e-08,-2.43524330517928496e-08,-2.19845147783831357e-09,-4.07050940343771925e-14,-8.10126715559933364e-15,-4.18636460061156009e-15,-1.71445946092929230e-15,-1.23592954896801168e-07,-1.23593336926572003e-07,-1.23593439421502882e-07,-1.23593027873077257e-07,19,4,1,5.76460752303767552e+17
16,2,66,-9.25461814262387136e-08,-9.25461713393780294e-08,-9.25461720714901785e-08,-9.82879013577287461e-08,-9.82878893483399511e-08,-9.82887362728896860e-08,8.46924549734887797e-13,8.34915160939942489e-13,4.18162437606922486e-13,-1.20997382360933223e-07,1.97811791906676237e-08,-1.87579719355337841e-08,-1.78046371176981895e-09,-1.20997362988662942e-07,1.97812001298984659e-08,-1.87579619607422822e-08,-1.78045841456044816e-09,1.93722702816170373e-14,2.09392308421945762e-14,9.97479150196659182e-15,5.29720937078785359e-15,-9.82887362728896860e-08,-9.82887119813579712e-08,-9.82883181104520791e-08,-9.82883397068303584e-08,19,4,1,5.76460752303767552e+17
16,3,67,-7.12341123880576202e-08,-7.12341452668685010e-08,-7.12341424919193605e-08,-7.84379925695787438e-08,-7.84380106834598345e-08,-7.84382810750297724e-08,2.70391569937848645e-13,2.88505451028568141e-13,2.71129503936383293e-12,-9.33986530732367980e-08,1.44440765972594677e-08,-1.44759709804007171e-08,-1.45280880833776892e-09,-9.33987042432766104e-08,1.44440570692039799e-08,-1.44759820670419688e-08,-1.45281438435168837e-09,-5.11700398124671045e-14,-1.95280554877432785e-14,-1.10866412517125890e-14,-5.57601391944696250e-15,-7.84382810750297724e-08,-7.84385706510813978e-08,-7.84358593560420340e-08,-7.84377351407297420e-08,19,4,1,5.76460752303767552e+17
17,0,68,-5.50168134376970746e-08,-5.50168528563283544e-08,-5.50168531890811316e-08,-6.27914321082626708e-08,-6.27908866163878937e-08,-6.27910609776798803e-08,1.74361291986628059e-13,3.71130582790450202e-13,1.09632390569546380e-12,-7.23665434905160373e-08,1.04858267781910851e-08,-1.11942653635472864e-08,-1.19272990511967191e-09,-7.23666049756252094e-08,1.04858038521988280e-08,-1.11942775050523596e-08,-1.19273569166301787e-09,-6.14851091721198967e-14,-2.29259922571882935e-14,-1.21415050732219301e-14,-5.78654334595977525e-15,-6.27910609776798803e-08,-6.27916686435113754e-08,-6.27909542669763955e-08,-6.27905723196056799e-08,19,4,1,5.76460752303767552e+17
17,1,69,-4.26436907574416984e-08,-4.26437025324516395e-08,-4.26437036503660740e-08,-5.04011323151871849e-08,-5.04007230130511401e-08,-5.04007679942977953e-08,4.49812466552616604e-14,3.64320889389556294e-13,1.28113326975654419e-12,-5.62883597395772684e-08,7.56537617755239545e-09,-8.67534273394819708e-09,-9.83869705145617769e-10,-5.62883761524886299e-08,7.56537777886612752e-09,-8.67534221135716482e-09,-9.83868985789778361e-10,-1.64129113615300707e-14,1.60131373206761321e-15,5.22591032261509095e-16,7.19355839407267150e-16,-5.04007679942977953e-08,-5.04013863983667218e-08,-5.04007496555384436e-08,-5.04001052650969653e-08,19,4,1,5.76460752303767552e+17
17,2,70,-3.31752139597845628e-08,-3.31752045290922051e-08,-3.31752047450805113e-08,-4.05470249300422225e-08,-4.05466118513967989e-08,-4.05464412952073565e-08,1.70556189442398856e-13,5.83634834865977003e-13,9.58062780792629150e-13,-4.39544795035064153e-08,5.42230793107011420e-09,-6.73854367371100250e-09,-8.14395470117884180e-10,-4.39544620470263488e-08,5.42232444480005700e-09,-6.73853609137153197e-09,-8.14391425360334512e-10,1.74564800665165859e-14,1.65137299428048528e-14,7.58233947052434732e-15,4.04475754966812733e-15,-4.05464412952073565e-08,-4.05471117093945515e-08,-4.05464524059703215e-08,-4.05461536466137589e-08,19,4,1,5.76460752303767552e+17
17,3,71,-2.59054673750247632e-08,-2.59054307227934541e-08,-2.59054308811875234e-08,-3.26793564690651529e-08,-3.26789546607404148e-08,-3.26799254580694139e-08,9.70797328999158086e-13,5.68989004261048674e-13,1.03882863816436169e-12,-3.44572026024423902e-08,3.85869975067864901e-09,-5.24644966705036512e-09,-6.75663311757464927e-10,-3.44571420218915543e-08,3.85873390752477060e-09,-5.24643375161451552e-09,-6.75655356919921677e-10,6.05805508359032127e-14,3.41568461215949974e-14,1.59154358495985673e-14,7.95483754325022383e-15,-3.26799254580694139e-08,-3.26788866294312496e-08,-3.26792698259455532e-08,-3.26793477556194037e-08,19,4,1,5.76460752303767552e+17
18,0,72,-2.03038323698701552e-08,-2.03038318359104816e-08,-2.03038307640353450e-08,-2.63758108186081359e-08,-2.63756677785493446e-08,-2.63746365564505715e-08,1.03122209877310993e-12,1.17426215756441233e-12,1.18065553773596315e-12,-2.71148384112294431e-08,2.72481472179797276e-09,-4.09451707856754886e-09,-5.61284795498470212e-10,-2.71148375798054899e-08,2.72481311479177397e-09,-4.09451955930937465e-09,-5.61286349045813153e-10,8.31423953142473651e-16,-1.60700619879166226e-15,-2.48074182579374930e-15,-1.55354734294093563e-15,-2.63746365564505715e-08,-2.63758172119883075e-08,-2.63756919818081395e-08,-2.63754451847350097e-08,19,4,1,5.76460752303767552e+17
18,1,73,-1.59711118930829789e-08,-1.59710533913161901e-08,-1.59710524446764034e-08,-2.13102887591035317e-08,-2.13100125713298779e-08,-2.13097298551380598e-08,2.82716191818080759e-13,5.58903965471913969e-13,1.26494686551361242e-12,-2.14147633438300135e-08,1.90791247392571515e-09,-3.20317363373088571e-09,-4.66467777218167590e-10,-2.14146689327926544e-08,1.90795816123209562e-09,-3.20315169994478546e-09,-4.66456861231796146e-10,9.44110373590856546e-14,4.56873063804746556e-14,2.19337861002527361e-14,1.09159863714439507e-14,-2.13097298551380598e-08,-2.13084649082725462e-08,-2.13093254481215401e-08,-2.13090781025696622e-08,19,4,1,5.76460752303767552e+17
18,2,74,-1.26066029143837882e-08,-1.26065298914453253e-08,-1.26065269743022014e-08,-1.72293373816818438e-08,-1.72293444365278315e-08,-1.72293097748398668e-08,3.46616879647401387e-14,2.76068419769865379e-14,8.75862989765188441e-13,-1.69708197103718364e-08,1.32351668107299252e-09,-2.51181331591315675e-09,-3.87558989365645944e-10,-1.69707033671231854e-08,1.32356670007524820e-09,-2.51178982057940206e-09,-3.87547727067478818e-10,1.16343248650967926e-13,5.00190022556767496e-14,2.34953337546834893e-14,1.12622981671263015e-14,-1.72293097748398668e-08,-1.72284339118501016e-08,-1.72292894116739615e-08,-1.72291998642701427e-08,19,4,1,5.76460752303767552e+17
18,3,75,-9.98340220430826595e-09,-9.98334454029501473e-09,-9.98334326575355238e-09,-1.39348612486012624e-08,-1.39348549582791263e-08,-1.39341785154536048e-08,6.76442825521487605e-13,6.82733147657567142e-13,2.14389854322922473e-12,-1.34914558475164303e-08,9.08650034426163521e-10,-1.97422962021099607e-09,-3.21723188171498381e-10,-1.34913658703098630e-08,9.08680744178969288e-10,-1.97421593861241067e-09,-3.21717084830154325e-10,8.99772065672934261e-14,3.07097528057673901e-14,1.36815985854057521e-14,6.10334134405537777e-15,-1.39341785154536048e-08,-1.39355768137968422e-08,-1.39363224139968340e-08,-1.39357294318456111e-08,19,4,1,5.76460752303767552e+17
19,0,76,-7.92992204349353925e-09,-7.92984419073162372e-09,-7.92984427557908113e-09,-1.12710441840507713e-08,-1.12709231139931902e-08,-1.12709002861121836e-08,2.28278810066255342e-14,1.43897938587707612e-13,1.28259983264339292e-12,-1.07559451073458382e-08,6.16606588628902446e-10,-1.55515175028846424e-09,-2.66721173019151774e-10,-1.07558232483250713e-08,6.16651102622303653e-10,-1.55513053625743343e-09,-2.66711216197653237e-10,1.21859020766849790e-13,4.45139934012075235e-14,2.12140310308082167e-14,9.95682149853666664e-15,-1.12709002861121836e-08,-1.12721828859448270e-08,-1.12709550897151880e-08,-1.12709694238179120e-08,19,4,1,5.76460752303767552e+17
19,1,77,-6.31605955740237237e-09,-6.31599284965203603e-09,-6.31599107331642043e-09,-9.11466185474248764e-09,-9.11473614760071002e-09,-9.11524470502387928e-09,5.08557423169258800e-13,5.82850281391635340e-13,1.43788082888503227e-12,-8.59663548492275276e-09,4.12938863255607024e-10,-1.22761529105597696e-09,-2.20754169682961785e-10,-8.59653267347324163e-09,4.12970068579486584e-10,-1.22760054311662723e-09,-2.20747592168037702e-10,1.02811449511120983e-13,3.12053238795603864e-14,1.47479393497306771e-14,6.57751492408341676e-15,-9.11524470502387928e-09,-9.11386020641031046e-09,-9.11529808723919549e-09,-9.11529525157758882e-09,19,4,1,5.76460752303767552e+17
19,2,78,-5.04286075032223847e-09,-5.04283887563970549e-09,-5.04283959174150756e-09,-7.36771203771513067e-09,-7.36769712929825465e-09,-7.36688572600782059e-09,8.11403290434057530e-13,8.26311707310078318e-13,3.26903283750676272e-12,-6.88571538846333253e-09,2.72386809606892375e-10,-9.70969980563928027e-10,-1.82355578231863402e-10,-6.88568549581628532e-09,2.72380459519760212e-10,-9.70973413184367735e-10,-1.82358034214201851e-10,2.98926470472106833e-14,-6.35008713216344268e-15,-3.43262043970806395e-15,-2.45598233844919777e-15,-7.36688572600782059e-09,-7.36920484745571035e-09,-7.36642848368413343e-09,-7.36593581461820359e-09,19,4,1,5.76460752303767552e+17
19,3,79,-4.03479534327964011e-09,-4.03473859152629194e-09,-4.03473984932121313e-09,-5.95188662057658381e-09,-5.95190150018550120e-09,-5.95194963279653812e-09,4.81326110369194563e-14,6.30122199543087525e-14,5.41421795885415173e-13,-5.52534109794225857e-09,1.76542119613412515e-10,-7.69368879999806829e-10,-1.50314256334714237e-10,-5.52525397830676963e-09,1.76569153432876397e-10,-7.69354350785964970e-10,-1.50307314708784244e-10,8.71196354889445291e-14,2.70338194638820315e-14,1.45292138418584981e-14,6.94162592999304135e-15,-5.95194963279653812e-09,-5.95222452885480904e-09,-5.95240934025925338e-09,-5.95249105459242354e-09,19,4,1,5.76460752303767552e+17
20,0,80,-3.23398530883552896e-09,-3.23394530985281725e-09,-3.23394785450875568e-09,-4.80432745688662240e-09,-4.80523381350729685e-09,-4.80239135884412786e-09,2.84245466316899336e-12,1.93609804249454752e-12,3.50278040159558291e-12,-4.44027315059547965e-09,1.12078098611181695e-10,-6.10623835612684128e-10,-1.23620068479905889e-10,-4.44021330272996706e-09,1.12090476890674959e-10,-6.10616822015983296e-10,-1.23617108335481289e-10,5.98478655125949922e-14,1.23782794932634723e-14,7.01359670083217806e-15,2.96014442460022344e-15,-4.80239135884412786e-09,-4.80414488590500803e-09,-4.80488658172057332e-09,-4.80589413924572344e-09,19,4,1,5.76460752303767552e+17
20,1,81,-2.59588951915568119e-09,-2.59576361168816054e-09,-2.59576604829145679e-09,-3.87439491245164303e-09,-3.87464352511098536e-09,-3.87325239014966069e-09,1.39113496132467650e-12,1.14252230198234559e-12,7.76412358129803755e-13,-3.57237661709078000e-09,6.94162361731516008e-11,-4.85337454586039155e-10,-1.01424199218831120e-10,-3.57217764852185227e-09,6.94995257474331858e-11,-4.85294731319193291e-10,-1.01403331762540930e-10,1.98968568927725178e-13,8.32895742815850537e-14,4.27232668458634630e-14,2.08674562901901904e-14,-3.87325239014966069e-09,-3.87402880250779049e-09,-3.87374843298477290e-09,-3.87331451007366640e-09,19,4,1,5.76460752303767552e+17
20,2,82,-2.08607531778184171e-09,-2.08592196041888779e-09,-2.08592111140928410e-09,-3.12115735032468327e-09,-3.12200635588022197e-09,-3.12147782770281223e-09,5.28528177409743254e-13,3.20477378128959667e-13,2.43042934321571241e-12,-2.87650945840764103e-09,4.17258276790540158e-11,-3.86244979500244778e-10,-8.30098610338573006e-11,-2.87626813608791177e-09,4.18207804492091965e-11,-3.86197928838917440e-10,-8.29876143841945513e-11,2.41322319729260627e-13,9.49527701551806358e-14,4.70506613273380597e-14,2.22466496627493321e-14,-3.12147782770281223e-09,-3.12308261482786506e-09,-3.12065218548464935e-09,-3.12106195473892205e-09,19,4,1,5.76460752303767552e+17
20,3,83,-1.67779912428960929e-09,-1.67769732789580100e-09,-1.67769866996552722e-09,-2.51144830582153412e-09,-2.51234304765304393e-09,-2.51125325353073420e-09,1.08979412230973350e-12,1.95052290799916460e-13,3.08736414019619505e-12,-2.31744133186515181e-09,2.41780429591367627e-11,-3.07714560455500458e-10,-6.77699435178767288e-11,-2.31728562176358453e-09,2.42205486714103034e-11,-3.07694484371363178e-10,-6.77616567546934378e-11,1.55710101567279066e-13,4.25057122735406639e-14,2.00760841372791898e-14,8.28676318329107800e-15,-2.51125325353073420e-09,-2.51101007217230460e-09,-2.51330462678651886e-09,-2.51021726264632267e-09,19,4,1,5.76460752303767552e+17
21,0,84,-1.35019027101486151e-09,-1.35010345405718709e-09,-1.35010313964493546e-09,-2.01833716986900591e-09,-2.01836265314384970e-09,-2.01836574827042430e-09,3.09512657459228680e-15,2.85784014183875088e-14,2.23290099387114993e-12,-1.86753937997190116e-09,1.33923299452792036e-11,-2.45367612493100296e-10,-5.51896134849188353e-11,-1.86740826405852649e-09,1.34224549812270771e-11,-2.45352550165450983e-10,-5.51834589218886338e-11,1.31115913374675253e-13,3.01250359478734890e-14,1.50623276493131577e-14,6.15456303020150487e-15,-2.01836574827042430e-09,-2.01839374109216897e-09,-2.02059864926429545e-09,-2.01934615904600424e-09,19,4,1,5.76460752303767552e+17
21,1,85,-1.08688390250535789e-09,-1.08681983386166792e-09,-1.08682090112749893e-09,-1.61992657489292080e-09,-1.62053877574558182e-09,-1.62123301853782820e-09,6.94242792246376968e-13,1.30644364490739826e-12,3.32881421717738470e-12,-1.50502394077366700e-09,7.02820981703867448e-12,-1.95789837015159409e-10,-4.48323191451499732e-11,-1.50492941358527473e-09,7.04189964941670712e-12,-1.95781967213331611e-10,-4.48294871524361162e-11,9.45271883922770552e-14,1.36898323780326422e-14,7.86980182779766589e-15,2.83199271385696342e-15,-1.62123301853782820e-09,-1.61796228493501236e-09,-1.61865963465637035e-09,-1.62129109915218974e-09,19,4,1,5.76460752303767552e+17
21,2,86,-8.74988918225300789e-10,-8.75005701265230479e-10,-8.75005436402230157e-10,-1.29839360854436732e-09,-1.29889643597604094e-09,-1.30022581920031772e-09,1.32938322427678442e-12,1.83221065595040441e-12,2.14248053705760002e-12,-1.21264910656311078e-09,3.48592649764326214e-12,-1.56310974797196279e-10,-3.63283157426614128e-11,-1.21268446729247061e-09,3.43872366655407621e-12,-1.56332630386620649e-10,-3.63399737173912801e-11,-3.53607293598270516e-14,-4.72028310891859303e-14,-2.16555894243694641e-14,-1.16579747298673841e-14,-1.30022581920031772e-09,-1.30032409422770784e-09,-1.29903976860777469e-09,-1.30118224914483229e-09,19,4,1,5.76460752303767552e+17
21,3,87,-7.04305831439102831e-10,-7.04411207512224595e-10,-7.04411230787279746e-10,-1.03922506168268291e-09,-1.03959373967586270e-09,-1.03991791041447897e-09,3.24170738616266749e-13,6.92848731796053200e-13,3.15256600980770430e-12,-9.76699971289177755e-10,1.68848251694649033e-12,-1.24836529392187846e-10,-2.93650299722714047e-11,-9.76875784093279956e-10,1.58356486667035561e-12,-1.24885294856242885e-10,-2.93894640364915014e-11,-1.75812804102201346e-13,-1.04917650276134717e-13,-4.87654640550383705e-14,-2.44340642200966892e-14,-1.03991791041447897e-09,-1.04148026535206073e-09,-1.04307047642428667e-09,-1.04087522964333448e-09,19,4,1,5.76460752303767552e+17
22,0,88,-5.66731611718676899e-10,-5.66848747327530584e-10,-5.66849269619274838e-10,-8.30601041688413135e-10,-8.30350391929482853e-10,-8.32930451254078886e-10,2.58005932459603236e-12,2.32940956566575068e-12,3.61752697039961009e-12,-7.86226905661466918e-10,9.23972445143919034e-13,-9.97189402561015553e-11,-2.36788721189786067e-11,-7.86417312190986138e-10,8.30779206046111254e-13,-9.97600568156515564e-11,-2.36985093996225716e-11,-1.90406529519219898e-13,-9.31932390978077799e-14,-4.11165595500010683e-14,-1.96372806439649436e-14,-8.32930451254078886e-10,-8.31439083154782599e-10,-8.35056610125182209e-10,-8.33840645461240114e-10,19,4,1,5.76460752303767552e+17
22,1,89,-4.55804602793075878e-10,-4.56010932527930247e-10,-4.56010211917597718e-10,-6.62897747719825524e-10,-6.62869333142384722e-10,-6.62751565473852848e-10,1.17767668531874208e-13,1.46182245972676283e-13,4.30460257398184964e-12,-6.32457537615717756e-10,7.32468462868592902e-13,-7.96586662963059101e-11,-1.90481880382086768e-11,-6.32788438541352626e-10,5.82974010558415032e-13,-7.97280008890085129e-11,-1.90816382598523327e-11,-3.30900925634870271e-13,-1.49494452310177870e-13,-6.93345927026028398e-14,-3.34502216436558496e-14,-6.62751565473852848e-10,-6.63064476519269048e-10,-6.59357214788175059e-10,-6.63661817362156908e-10,19,4,1,5.76460752303767552e+17
22,2,90,-3.66354799741255796e-10,-3.66507059743325021e-10,-3.66506685999206135e-10,-5.28283404206903602e-10,-5.27769129413582175e-10,-5.28853137868077129e-10,1.08400845449495423e-12,5.69733661173527364e-13,2.21035047554018210e-12,-5.08342649423873296e-10,8.25525548965154113e-13,-6.36280361985313552e-11,-1.52871665504701106e-11,-5.08581163066837378e-10,7.42101581952725617e-13,-6.36637927340772806e-11,-1.53030258187826255e-11,-2.38513642964082941e-13,-8.34239670124284956e-14,-3.57565355459254114e-14,-1.58592683125148339e-14,-5.28853137868077129e-10,-5.28570467024046820e-10,-5.28723577372825709e-10,-5.30780817499587003e-10,19,4,1,5.76460752303767552e+17
22,3,91,-2.94233596349827977e-10,-2.94378293824868164e-10,-2.94377066659636234e-10,-4.20389713669795973e-10,-4.19943841781034468e-10,-4.16449674122487457e-10,3.49416765854701099e-12,3.94003954730851583e-12,5.31431648266680459e-12,-4.08203337877823870e-10,1.02947150430194070e-12,-5.08124298767096318e-11,-1.22405495553857586e-11,-4.08427320311012888e-10,9.59734150302004090e-13,-5.08434496067066931e-11,-1.22543725715523753e-11,-2.23982433189017995e-13,-6.97373539999366114e-14,-3.10197299970613366e-14,-1.38230161666167612e-14,-4.16449674122487457e-10,-4.21235398375689592e-10,-4.20552031310980155e-10,-4.21763990605154262e-10,19,4,1,5.76460752303767552e+17
23,0,92,-2.36103782365407000e-10,-2.36018946401512256e-10,-2.36018690494946708e-10,-3.34043444810469873e-10,-3.34698445837472955e-10,-3.36235604543514882e-10,1.53715870604192747e-12,2.19215973304500966e-12,4.42501174660133029e-12,-3.27455222645272707e-10,1.24587317742209675e-12,-4.05647071348972571e-11,-9.77904298252041109e-12,-3.27306865821704132e-10,1.36539129645410900e-12,-4.05030402331976010e-11,-9.74672934452405065e-12,1.48356823568575028e-13,1.19518119032012249e-13,6.16669016996561355e-14,3.23136379963604401e-14,-3.36235604543514882e-10,-3.33015405877535912e-10,-3.35744916252858143e-10,-3.37440417624137242e-10,19,4,1,5.76460752303767552e+17
23,1,93,-1.89275412960373912e-10,-1.89315743776303425e-10,-1.89316127180757206e-10,-2.65047148677242197e-10,-2.65144681040738990e-10,-2.66054314709994837e-10,9.09633669255847127e-13,1.00716603275264020e-12,2.10799020303245978e-12,-2.62391566035240166e-10,1.42433467239802959e-12,-3.23697743960686038e-11,-7.79533816391961958e-12,-2.62450560451391862e-10,1.41420277694154977e-12,-3.23785491545371760e-11,-7.80036785826316979e-12,-5.89944161516955001e-14,-1.01318954564798246e-14,-8.77475846857220604e-15,-5.02969434355020845e-15,-2.66054314709994837e-10,-2.67509885809491556e-10,-2.68162304913027297e-10,-2.66351284449530122e-10,19,4,1,5.76460752303767552e+17
23,2,94,-1.51576815461695109e-10,-1.51656779821670302e-10,-1.51658613221134811e-10,-2.09999535096783358e-10,-2.10034075628539345e-10,-2.12491753975264481e-10,2.45767834672513656e-12,2.49221887848112318e-12,5.78515509006374973e-12,-2.10011752665760436e-10,1.54405346813886484e-12,-2.58169433941992772e-11,-6.20067438996374350e-12,-2.10135612479646402e-10,1.49930037321782210e-12,-2.58423732740037665e-11,-6.21340003025647205e-12,-1.23859813885965484e-13,-4.47530949210427384e-14,-2.54298798044893141e-14,-1.27256402927285505e-14,-2.12491753975264481e-10,-2.10254640108242232e-10,-2.08909770166376538e-10,-2.06706598885200731e-10,19,4,1,5.76460752303767552e+17
23,3,95,-1.21252654440222616e-10,-1.21437032368864717e-10,-1.21435662316133114e-10,-1.66148423784362503e-10,-1.66018188302162977e-10,-1.65503799397630786e-10,5.14388904532190798e-13,6.44624386731717073e-13,4.47594039204595022e-12,-1.67884900449639074e-10,1.60154598409915746e-12,-2.05782914645629630e-11,-4.92187819532082607e-12,-1.68177037273509127e-10,1.47609232231963407e-12,-2.06427485258291664e-11,-4.95341835908128512e-12,-2.92136823870053300e-13,-1.25453661779523394e-13,-6.44570612662033998e-14,-3.15401637604590471e-14,-1.65503799397630786e-10,-1.69000438678695998e-10,-1.64720437514053887e-10,-1.64524498286650048e-10,19,4,1,5.76460752303767552e+17
24,0,96,-9.68829714288246936e-11,-9.69929789329609405e-11,-9.69931908084512133e-11,-1.31270231344038053e-10,-1.31758450717368111e-10,-1.31207594464483911e-10,5.50856252884200065e-13,6.26368795541418546e-14,2.75367817300684833e-12,-1.34040878547761185e-10,1.60266185242110335e-12,-1.63916649328462945e-11,-3.89882484719281488e-12,-1.34209683402951470e-10,1.55387775539782500e-12,-1.64152946848135467e-11,-3.90873818646857840e-12,-1.68804855190284724e-13,-4.87840970232783472e-14,-2.36297519672522159e-14,-9.91333927576352388e-15,-1.31207594464483911e-10,-1.33209377541300162e-10,-1.30880725486572002e-10,-1.33634403659578851e-10,19,4,1,5.76460752303767552e+17
24,1,97,-7.73185791180243380e-11,-7.73989817214584505e-11,-7.73975151862332323e-11,-1.03571314594906817e-10,-1.03759218442041041e-10,-1.01088170915263289e-10,2.67104752677775189e-12,2.48314367964352737e-12,3.13152030347100024e-12,-1.06882838113717398e-10,1.55754483730210977e-12,-1.30472846017019475e-11,-3.08227077682682394e-12,-1.07003269386851937e-10,1.53389958414992611e-12,-1.30592266134134194e-11,-3.08668525225220776e-12,-1.20431273134539346e-13,-2.36452531521836585e-14,-1.19420117114719039e-14,-4.41447542538382652e-15,-1.01088170915263289e-10,-1.02589759878764553e-10,-1.04219691218734289e-10,-1.02984359122454556e-10,19,4,1,5.76460752303767552e+17
24,2,98,-6.16292914940435430e-11,-6.15668158963458659e-11,-6.15660578023683532e-11,-8.16072079321742857e-11,-8.17603859714650611e-11,-8.13709138920232131e-11,3.89472079441847951e-13,2.36294040151072569e-13,3.88123687916716260e-12,-8.51167450224848894e-11,1.47758273515291481e-12,-1.03771580772867673e-11,-2.43201165845756754e-12,-8.50066956650224493e-11,1.56613475314921051e-12,-1.03341741646001940e-11,-2.40938235705651072e-12,1.10049357462440137e-13,8.85520179962957000e-14,4.29839126865733755e-14,2.26293014010568276e-14,-8.13709138920232131e-11,-8.30119677853770475e-11,-8.41996292612037623e-11,-8.03183923820365997e-11,19,4,1,5.76460752303767552e+17
24,3,99,-4.90622865434205535e-11,-4.90002614986416252e-11,-4.90009040125684896e-11,-6.42166074717165448e-11,-6.48286203856087528e-11,-6.44004239882500588e-11,4.28196397358694038e-13,1.83816516533513940e-13,3.03932138257848984e-12,-6.76944264319508305e-11,1.37367570910404938e-12,-8.24668605889027592e-12,-1.91532409890852903e-12,-6.75892032099260783e-11,1.44041940983564569e-12,-8.21772076787137878e-12,-1.90112568107500256e-12,1.05223222024752176e-13,6.67437007315963098e-14,2.89652910188971417e-14,1.41984178335264683e-14,-6.44004239882500588e-11,-6.66705514847716947e-11,-6.36312301021932049e-11,-6.62238792880446216e-11,19,4,1,5.76460752303767552e+17
25,0,100,-3.90085152201603160e-11,-3.89685415006268643e-11,-3.89669075996424841e-11,-5.04674511958428456e-11,-5.02947662887000440e-11,-5.31029358304984443e-11,2.80816954179840031e-12,2.63548463465559875e-12,3.33438206278800966e-12,-5.37674215720135945e-11,1.25535534138621665e-12,-6.54799073925589105e-12,-1.50565347031740400e-12,-5.37010266774199217e-11,1.28986515358225757e-12,-6.53566841629243333e-12,-1.50012551186986066e-12,6.63948945936728093e-14,3.45098121960409266e-14,1.23223229634577253e-14,5.52795844754333832e-15,-5.31029358304984443e-11,-5.11401713047836720e-11,-4.97685537677104347e-11,-5.15433015401012055e-11,19,4,1,5.76460752303767552e+17
25,1,101,-3.09755323603252500e-11,-3.10746926359565495e-11,-3.10744656663727284e-11,-3.96129557931361907e-11,-3.85095850998205415e-11,-3.88041688113526794e-11,2.94583711532137963e-13,8.08786981783511203e-13,6.65712381490182674e-12,-4.26495112002063153e-11,1.13043521855424016e-12,-5.19460016942682841e-12,-1.18151380256484601e-12,-4.28097848618956349e-11,1.04590210010944777e-12,-5.24077401644806197e-12,-1.20503210270073053e-12,-1.60273661689319557e-13,-8.45331184447923939e-14,-4.61738470212335501e-14,-2.35183001358845225e-14,-3.88041688113526794e-11,-4.27829555930660939e-11,-3.61258317781642671e-11,-3.74164704188969765e-11,19,4,1,5.76460752303767552e+17
25,2,102,-2.45654782396480748e-11,-2.46024713733510351e-11,-2.46038427548339961e-11,-3.10558171889345235e-11,-2.97900914424671707e-11,-3.28183653420498550e-11,3.02827389958268436e-12,1.76254815311533156e-12,9.69458690847239987e-12,-3.37862497101150977e-11,1.00497726673614182e-12,-4.11720431977776922e-12,-9.25569558336167690e-13,-3.38437064374643122e-11,9.85089477728215231e-13,-4.12745095556426616e-12,-9.29737087186508614e-13,-5.74567273492145150e-14,-1.98877890079265926e-14,-1.02466357864969357e-14,-4.16752885034092469e-15,-3.28183653420498550e-11,-2.69657212451967644e-11,-3.22579555351455143e-11,-3.66603081536691642e-11,19,4,1,5.76460752303767552e+17
25,3,103,-1.94572076174773120e-11,-1.95726795984921426e-11,-1.95731771326061692e-11,-2.43191145239875454e-11,-2.30784425111845564e-11,-2.13866650660867102e-11,1.69177744509784620e-12,2.93244945790083519e-12,1.78873338098963836e-12,-2.67301669850587405e-11,8.83432080142283984e-13,-3.26026059062716158e-12,-7.23872386130989418e-13,-2.69141307041200321e-11,8.01664495712551847e-13,-3.30127733275929656e-12,-7.43607635321745518e-13,-1.83963719061291613e-13,-8.17675844297321369e-14,-4.10167421321349885e-14,-1.97352491907560994e-14,-2.13866650660867102e-11,-1.99035786996160153e-11,-2.12209510291805879e-11,-2.16923120806056536e-11,19,4,1,5.76460752303767552e+17
26,0,104,-1.53917705436140533e-11,-1.53356775635801211e-11,-1.53357563947149961e-11,-1.90226997313257534e-11,-1.95789780829813889e-11,-1.94624414988392625e-11,1.16536584142126416e-13,4.39741767513509088e-13,8.82696516100404622e-12,-2.11205748247499123e-11,7.68861947352558904e-13,-2.57927475918083167e-12,-5.65229311477034473e-13,-2.10249741525963545e-11,8.37295149681510628e-13,-2.54377220922708728e-12,-5.46120759164700571e-13,9.56006721535577168e-14,6.84332023289517247e-14,3.55025499537443853e-14,1.91085523123339022e-14,-1.94624414988392625e-11,-2.69369998160038215e-11,-1.81100346549997753e-11,-2.24829431096008419e-11,19,4,1,5.76460752303767552e+17
26,1,105,-1.21606093563125055e-11,-1.21377974036857225e-11,-1.21378127044278464e-11,-1.48640767382883346e-11,-1.51290943076883637e-11,-1.24804162676440077e-11,2.64867804004435592e-12,2.38366047064432684e-12,3.52986934419836381e-12,-1.66671208965377914e-11,6.63190390633355764e-13,-2.03862028878658474e-12,-4.40681755194512591e-13,-1.66279930978019936e-11,6.89485416906049326e-13,-2.02718544364307475e-12,-4.35061289027106326e-13,3.91277987357978152e-14,2.62950262726935623e-14,1.14348451435099925e-14,5.62046616740626508e-15,-1.24804162676440077e-11,-1.54805458109909422e-11,-1.60102856118423715e-11,-1.39382949457496088e-11,19,4,1,5.76460752303767552e+17
26,2,106,-9.59596192463981832e-12,-9.45983671378001629e-12,-9.45995227503771709e-12,-1.16029438263435849e-11,-1.20730457080376854e-11,-9.14357129890768894e-12,2.92947440912999647e-12,2.45937252743589594e-12,9.67997565429459535e-12,-1.31363979533196075e-11,5.67445223598843123e-13,-1.60978781719850917e-12,-3.43077576732103128e-13,-1.29154294984764712e-11,6.79401961061868487e-13,-1.55579578153918372e-12,-3.16324147002869460e-13,2.20968454843136358e-13,1.11956737463025364e-13,5.39920356593254498e-14,2.67534297292336680e-14,-9.14357129890768894e-12,-1.33575533593570744e-11,-7.18276424158166256e-12,-1.68627398958762579e-11,19,4,1,5.76460752303767552e+17
26,3,107,-7.56305978869185272e-12,-7.33551855923980475e-12,-7.33468516858238360e-12,-9.04872268977535594e-12,-9.73725335367849102e-12,-1.25176358532537178e-11,2.78038249957522674e-12,3.46891316347836182e-12,9.46572496511506629e-12,-1.03410464146096961e-11,4.81977627627539796e-13,-1.26997901097050634e-12,-2.66720798252100375e-13,-9.97624278593072398e-12,6.48674209597235530e-13,-1.19045709632506585e-12,-2.28229844804565655e-13,3.64803628678972100e-13,1.66696581969695734e-13,7.95219146454404842e-14,3.84909534475347203e-14,-1.25176358532537178e-11,-3.05191088813865187e-12,-8.64827220737452995e-12,-5.86454318316563558e-12,19,4,1,5.76460752303767552e+17
27,0,108,-5.95378826508053696e-12,-5.94959363602518016e-12,-5.95014099617123227e-12,-7.05051573893870467e-12,-7.25473541434380701e-12,-1.67153083479565287e-12,5.58320457954815414e-12,5.37898490414305180e-12,9.37918721112292659e-12,-8.13089302349080698e-12,4.06649459267967231e-13,-1.00097658561492757e-12,-2.07085919554856552e-13,-8.13241173736263983e-12,3.67777741913003702e-13,-1.02579457741073291e-12,-2.21835955629433297e-13,-1.51871387183284167e-15,-3.88717173549635296e-14,-2.48179917958053336e-14,-1.47500360745767454e-14,-1.67153083479565287e-12,-5.56067855761741545e-12,-1.10507180459185803e-11,-4.92163412675211784e-12,19,4,1,5.76460752303767552e+17
27,1,109,-4.68153805568591790e-12,-4.41383506525214307e-12,-4.41314629376603360e-12,-5.48903516252644417e-12,-5.77407012834402093e-12,-6.03665154531849642e-12,2.62581416974475484e-13,5.47616382792052246e-13,3.26380592097270001e-12,-6.38575227928704006e-12,3.40987058782314249e-13,-7.88236072208490643e-13,-1.60585693162756002e-13,-5.95963669833171156e-12,5.28300543332504407e-13,-6.95226162148559274e-13,-1.14606325290705848e-13,4.26115580955328498e-13,1.87313484550190158e-13,9.30099100599313690e-14,4.59793678720501536e-14,-6.03665154531849642e-12,-7.90476647535540740e-12,-4.64096055438270739e-12,-5.52701591219115636e-12,19,4,1,5.76460752303767552e+17
27,2,110,-3.67702817717508262e-12,-3.49773060365897025e-12,-3.50037645015093829e-12,-4.27012883655806892e-12,-5.47346023079693960e-12,-1.25042861770372833e-11,7.03082594624034368e-12,8.23415734047921356e-12,8.78662447410976639e-12,-5.00958548938619887e-12,2.84303243102758449e-13,-6.20155835029223400e-13,-1.24382971493408184e-13,-4.73160650295771138e-12,3.74046572841035224e-13,-5.78635589436312102e-13,-1.05981399257337586e-13,2.77978986428487495e-13,8.97433297382767756e-14,4.15202455929112984e-14,1.84015722360705988e-14,-1.25042861770372833e-11,-9.95547280755048301e-12,-1.14310707409834685e-11,-3.71766170292751609e-12,19,4,1,5.76460752303767552e+17
27,3,111,-2.88492057168917175e-12,-3.15585645694669854e-12,-3.15645254933035872e-12,-3.31959744027736094e-12,-4.16845603597238191e-12,-6.62244202230618027e-12,2.45398598633379836e-12,3.30284458202881933e-12,9.09953150843974051e-12,-3.92576759983448792e-12,2.35790976215109595e-13,-4.87490472748060607e-13,-9.62387367808807401e-14,-4.37717585046525210e-12,-4.39575877678805706e-14,-6.29100721867767348e-13,-1.69153005656539269e-13,-4.51408250630764185e-13,-2.79748563982990165e-13,-1.41610249119706741e-13,-7.29142688756585293e-14,-6.62244202230618027e-12,-4.19897289767934165e-13,-9.51942879820767538e-12,-1.08987908144893519e-12,19,4,1,5.76460752303767552e+17
28,0,112,-2.26107969081178410e-12,-2.63764758626666078e-12,-2.63835487183776723e-12,-2.57905303907947244e-12,-4.19362116839603347e-12,2.12508417077186797e-12,6.31870533916790144e-12,4.70413720985134081e-12,8.14554266437436619e-12,-3.07325718900581179e-12,1.94592917842020922e-13,-3.82879617796993182e-13,-7.43897275532426214e-14,-3.68487858114090640e-12,-1.13676091363209387e-13,-5.29190634776251010e-13,-1.45460141847821542e-13,-6.11621392135094613e-13,-3.08269009205230309e-13,-1.46311016979257827e-13,-7.10704142945789209e-14,2.12508417077186797e-12,1.40519622574666576e-12,-6.02045849360249822e-12,4.68093643881842574e-14,19,4,1,5.76460752303767552e+17
28,1,113,-1.77035712951414119e-12,-1.83019936848031393e-12,-1.83092217759480104e-12,-2.00261624269270592e-12,-2.36879694441124347e-12,8.95607649434974163e-13,3.26440459384621764e-12,2.89822389212768008e-12,1.10631095257412437e-11,-2.40350198578318052e-12,1.59851144951866343e-13,-3.00469626907068201e-13,-5.74501838377656453e-14,-2.49219993206875975e-12,1.60196115674362592e-13,-2.88322473583700984e-13,-4.72403215207302846e-14,-8.86979462855792289e-14,3.44970722496248997e-16,1.21471533233672169e-14,1.02098623170353607e-14,8.95607649434974163e-13,-6.80518812206813075e-12,2.95138442110993237e-12,4.25792140367311297e-12,19,4,1,5.76460752303767552e+17
28,2,114,-1.38480327523299471e-12,-1.28589316111206635e-12,-1.28616326966109634e-12,-1.55428698516314743e-12,-2.96663399000955302e-12,1.53572591501067918e-12,4.50235990502023200e-12,3.09001290017382681e-12,1.06699482099872587e-11,-1.87794263758315698e-12,1.30741050534295826e-13,-2.35610048526199339e-13,-4.43331802456190884e-14,-1.70991964988076002e-12,2.52068312824381463e-13,-1.69617641336206159e-13,-9.79363578016279436e-15,1.68022987702396952e-13,1.21327262290085637e-13,6.59924071899931798e-14,3.45395444654562925e-14,1.53572591501067918e-12,6.25172571725898091e-12,-4.41822249272827700e-12,4.86523969683949011e-13,19,4,1,5.76460752303767552e+17
28,3,115,-1.08222583393261109e-12,-8.50736481177505229e-13,-8.51024249005808343e-13,-1.20585543762156815e-12,-2.62588882496212252e-12,-1.44228424416174936e-12,1.18360458080037316e-12,2.36428806540181210e-13,5.92746362556399697e-12,-1.46600237383018120e-12,1.06492963924381162e-13,-1.84610270823159338e-13,-3.41878129383045643e-14,-1.08811860968734218e-12,3.08154413334872248e-13,-8.50208336302176152e-14,1.47654796376985578e-14,3.77883764142839012e-13,2.01661449410491086e-13,9.95894371929417225e-14,4.89532925760031189e-14,-1.44228424416174936e-12,-3.44900708443653902e-12,-2.96259952997529756e-12,2.47845654112745794e-12,19,4,1,5.76460752303767552e+17
29,0,116,-8.45029766806701571e-13,-6.76350015355639165e-13,-6.76788534738436271e-13,-9.35245054060076135e-13,-2.64737289666452294e-12,-1.96893101646816589e-13,2.45047979501770635e-12,7.38351952413259546e-13,8.93749546823551208e-12,-1.14347070705350537e-12,8.64045004058359556e-14,-1.44544585866680617e-13,-2.63491777557375502e-14,-8.74175785441036595e-13,2.01158311767797239e-13,-9.31465042854798610e-14,-3.30823924284580036e-15,2.69294921612468777e-13,1.14753811361961284e-13,5.13980815812007556e-14,2.30409385128917482e-14,-1.96893101646816589e-13,8.41179845589320473e-13,-3.72083717864134651e-12,5.21665828959416557e-12,19,4,1,5.76460752303767552e+17
29,1,117,-6.59285196224695043e-13,-4.92643457434151542e-13,-4.95453568164256076e-13,-7.25200708657256721e-13,-1.32563382632646799e-12,4.72415805324918526e-12,6.04979187957565345e-12,5.44935876190644198e-12,1.22252095856000989e-11,-8.91206153370862975e-13,6.98461183142398562e-14,-1.13096183222563831e-13,-2.02986360629281211e-14,-6.29065348707867957e-13,1.67031926951152505e-13,-6.99004391227880306e-14,-1.09331464875433456e-15,2.62140804662995019e-13,9.71858086369126485e-14,4.31957440997758003e-14,1.92053214141737865e-14,4.72415805324918526e-12,4.24081743464456226e-12,4.45613327361770343e-12,-7.50105153235091369e-12,19,4,1,5.76460752303767552e+17
29,2,118,-5.13979705725116671e-13,-1.16497549783490228e-13,-1.17145861776741444e-13,-5.62251834549256018e-13,-1.64680747675865109e-12,-9.76454844729672766e-12,8.11774097053807697e-12,9.20229661274747093e-12,1.21069020221764044e-11,-6.94096797654462742e-13,5.62618687825821495e-14,-8.84324243068507116e-14,-1.56323305063939626e-14,-6.16318526536378835e-14,3.29807273544777234e-13,4.44089459983713153e-14,4.87044712098979827e-14,6.32464945000824858e-13,2.73545404762195059e-13,1.32841370305222033e-13,6.43368017162919453e-14,-9.76454844729672766e-12,-9.69705281129486790e-12,2.34235357487967678e-12,3.80900970873405425e-13,19,4,1,5.76460752303767552e+17
29,3,119,-4.00419546575585473e-13,-5.49579875294128538e-13,-5.48801875292220955e-13,-4.35894309880978350e-13,-2.32733198218160497e-12,7.51669816840716052e-13,3.07900179902232092e-12,1.18756412672169445e-12,1.62011062085699547e-11,-5.40228891572547082e-13,4.51668918144977199e-14,-6.91052310378555435e-14,-1.20362973099955359e-14,-7.99154227810775371e-13,-1.60566862488836442e-13,-1.78514489808240536e-13,-7.07291595511775928e-14,-2.58925336238228289e-13,-2.05733754303334149e-13,-1.09409258770384993e-13,-5.86928622411820569e-14,7.51669816840716052e-13,-1.07866768053039855e-11,2.34566297438415719e-12,-1.38554432341857987e-11,19,4,1,5.76460752303767552e+17
30,0,120,-3.11750892880279484e-13,-3.72525452025938014e-13,-3.73501046135698616e-13,-3.37945997175626182e-13,-3.38880644413659076e-12,-3.65428284541563629e-12,2.65476401279045529e-13,3.31633684824001026e-12,1.37751987502092628e-11,-4.20222995377552336e-13,3.61428447549753443e-14,-5.39716199791696935e-14,-9.26683860747152801e-15,-5.28102807675607866e-13,-4.98718318167358085e-14,-9.27593708223002398e-14,-2.81507796770286232e-14,-1.07879812298055530e-13,-8.60146765717111465e-14,-3.87877508431305463e-14,-1.88839410695570952e-14,-3.65428284541563629e-12,-1.49903829644144828e-12,-1.93831000454286426e-12,1.01209159047936265e-11,19,4,1,5.76460752303767552e+17
30,1,121,-2.42577713880875498e-13,-4.55791076520634569e-13,-4.55638700875989744e-13,-2.62039892521528194e-13,-5.69514956742400764e-13,1.01373514801935103e-11,1.07068664369359117e-11,1.03993913727150389e-11,1.77772083715246950e-11,-3.26704808865489772e-13,2.88321471164856249e-14,-4.21303800511703214e-14,-7.13507776471465676e-15,-6.76566395705027395e-13,-1.59244581317563430e-13,-1.30009132529320869e-13,-5.00874995421639559e-14,-3.49861586839537623e-13,-1.88076728434049067e-13,-8.78787524781505542e-14,-4.29524217774493023e-14,1.01373514801935103e-11,-3.95648311544554927e-12,-1.61727523941992601e-12,1.38207252560791449e-11,19,4,1,5.76460752303767552e+17
30,2,122,-1.88657270525145967e-13,1.59687812274257719e-13,1.59581049142616983e-13,-2.03226116693672178e-13,-1.12126746936019825e-12,-1.94027025102153202e-12,8.19002781661333769e-13,1.73704413432785990e-12,9.82080034634127001e-12,-2.53884082015556018e-13,2.29316819785533679e-14,-3.28716732550513191e-14,-5.49483262721467385e-15,3.11120747002456111e-13,3.23235515745289429e-13,1.26006775711285603e-13,7.62230390433596493e-14,5.65004829018012129e-13,3.00303833766736074e-13,1.58878448966336915e-13,8.17178716705743200e-14,-1.94027025102153202e-12,-4.76361995462833788e-12,5.05718039171293212e-12,2.63907470672820377e-12,19,4,1,5.76460752303767552e+17
30,3,123,-1.46657867369702619e-13,3.82838857787639809e-14,3.82648228308989073e-14,-1.57659846459291931e-13,-2.38867451005516949e-12,-3.50159423136167266e-12,1.11291972130650317e-12,3.34393438490238063e-12,1.36419091293031473e-11,-1.97220093828409816e-13,1.81864027831441252e-14,-2.56369686625081280e-14,-4.23311389306969361e-15,9.46441590196689941e-14,1.34193709858489872e-13,3.02005272429228367e-14,2.10264568635947037e-14,2.91864252848078835e-13,1.16007307075345747e-13,5.58374959054309648e-14,2.52595707566643989e-14,-3.50159423136167266e-12,-1.04809416057917794e-11,-1.97339617361264915e-12,-1.56153053029157965e-11,19,4,1,5.76460752303767552e+17
31,0,124,-1.13966445955864824e-13,-1.37470645492157770e-13,-1.36922136973481676e-13,-1.22356982634091592e-13,-1.93580399620950763e-12,-5.08265960119685668e-12,3.14685560498734905e-12,4.96030261856276504e-12,2.15646929081508753e-11,-1.53156343050546909e-13,1.43831466058363330e-14,-1.99872293059201255e-14,-3.26269546269809754e-15,-2.01248247226092983e-13,-5.17322228671018984e-14,-5.56239832877811627e-14,-2.37266131500194906e-14,-4.80919041755460736e-14,-6.61153694729382377e-14,-3.56367539818610372e-14,-2.04639176873213931e-14,-5.08265960119685668e-12,-2.66473525093477320e-11,-1.00118363335113611e-11,-5.88344209863691603e-12,19,4,1,5.76460752303767552e+17
31,1,125,-8.85360108449867489e-14,-3.54449759308960182e-13,-3.55501103004922678e-13,-9.50031196300195076e-14,-7.95398658582419667e-13,-1.38591928510169512e-11,1.30637941924345310e-11,1.37641897313869317e-11,1.54442994506985920e-11,-1.18910473878654208e-13,1.13448437807771787e-14,-1.55776824597206666e-14,-2.51631631552820875e-15,-5.55650083927903637e-13,-2.31759322233465793e-13,-1.35257103405178367e-13,-6.29193121403464417e-14,-4.36739610049249429e-13,-2.43104166014242980e-13,-1.19679420945457701e-13,-6.04029958248182302e-14,-1.38591928510169512e-11,1.58510659968163922e-12,-1.17245564079450773e-11,-6.34100703232986365e-12,19,4,1,5.76460752303767552e+17
31,2,126,-6.87648336873895466e-14,-9.57855919109704202e-13,-9.58542228224515570e-13,-7.38043876800345496e-14,-3.18229596546972317e-13,-5.16629722648165731e-12,4.84806762993468469e-12,5.09249283880162308e-12,8.28862022866992775e-12,-9.23082032605704269e-14,8.92523173207717308e-15,-1.21378350846347023e-14,-1.94216418551493608e-15,-1.52734423428812418e-12,-6.92296975167350350e-13,-3.54918853849228343e-13,-1.71027416449415108e-13,-1.43503603102755369e-12,-7.01222206899427533e-13,-3.42781018764593661e-13,-1.69085252263900162e-13,-5.16629722648165731e-12,1.60818394093032645e-12,3.12232300218827085e-12,2.47626104763042238e-12,19,4,1,5.76460752303767552e+17
31,3,127,-5.34009653588414423e-14,-9.94923165720445733e-13,-9.95490926812162245e-13,-5.73711384705875100e-14,1.70184471403568024e-12,-2.42481831439476681e-11,2.59500278579833493e-11,2.41908120054770790e-11,3.22821054561814071e-11,-7.16522388234472972e-14,7.00412212856153691e-15,-9.45566298463303823e-15,-1.50036405185996742e-15,-1.56837538481936996e-12,-6.22341751689611975e-13,-3.04235125731931489e-13,-1.40211308190000476e-13,-1.49672314599592270e-12,-6.29345873818173557e-13,-2.94779462747298452e-13,-1.38710944138140504e-13,-2.42481831439476681e-11,-5.72396554659528880e-13,8.03392231223373739e-12,-1.50679202733820517e-12,19,4,1,5.76460752303767552e+17
32,0,128,-4.14668688682493057e-14,-1.96406164154928876e-12,-1.96273701161396644e-12,-4.46273520268202596e-14,5.76061881649163059e-14,2.02494480248379647e-11,2.01918418366730496e-11,2.02940753768647846e-11,2.74725274186003209e-11,-5.56189732602441233e-14,5.48322967069272777e-15,-7.36511690761969408e-15,-1.16025264524566508e-15,-3.11887226872092904e-12,-1.33295505520979047e-12,-6.55706336174666470e-13,-3.14677336417719043e-13,-3.06325329546068502e-12,-1.33843828488048310e-12,-6.48341219267046790e-13,-3.13517083772473386e-13,2.02494480248379647e-11,-3.23224679253100442e-12,-7.22307939376235784e-12,-6.68895258357499565e-12,19,4,1,5.76460752303767552e+17
32,1,129,-3.22000218397111888e-14,-5.10242500436314634e-13,-5.07626855461823530e-13,-3.47401579707462313e-14,7.93399774738469828e-12,-7.52039643238210764e-12,1.54543941797668059e-11,7.48565627441136134e-12,2.15228008911238819e-11,-4.31771905358659678e-14,4.28254374355327060e-15,-5.73626134235060789e-15,-8.98266547282097420e-16,-7.32268595908815247e-13,2.01697167164273985e-14,3.60353674559717241e-14,3.96528152113425937e-14,-6.89091405372949291e-13,1.58871729728741280e-14,4.17716287983223312e-14,4.05510817586246895e-14,-7.52039643238210764e-12,1.34183143398173324e-12,-1.27756020925526969e-11,8.74719879857118508e-12,19,4,1,5.76460752303767552e+17
32,2,130,-2.50061727022187188e-14,-7.48692685830192803e-13,-7.47163213364918866e-13,-2.70650640287055160e-14,3.16154370056299818e-12,-5.89646389256081289e-12,9.05800759312381147e-12,5.86939882853210740e-12,2.30275340967039907e-11,-3.35241863239989339e-14,3.33720727303863713e-15,-4.46750026877853731e-15,-6.96308336860560564e-16,-1.12725152630760144e-12,-2.48324898085314623e-13,-1.26890148733029648e-13,-5.32863925249215253e-14,-1.09372733998360242e-12,-2.51662105358353285e-13,-1.22422648464251105e-13,-5.25900841880609661e-14,-5.89646389256081289e-12,1.23275782783851394e-11,-1.06999558183188513e-11,3.42444250600628699e-12,19,4,1,5.76460752303767552e+17
32,3,131,-1.94226068033879731e-14,-8.55953437954634871e-13,-8.55976304748553433e-13,-2.11034339136109839e-14,6.26978381493935537e-12,-1.15020307767088284e-11,1.77718145916481846e-11,1.14809273427952174e-11,2.05919879293546469e-11,-2.60356426937325797e-14,2.59485768459128737e-15,-3.47945515498137660e-15,-5.40484467602824117e-16,-1.30320420219316311e-12,-3.55970319009048218e-13,-1.89332493768528121e-13,-8.60640421280717251e-14,-1.27716855949943048e-12,-3.58565176693639528e-13,-1.85853038613546736e-13,-8.55235576604689034e-14,-1.15020307767088284e-11,9.08995715264581852e-12,7.00924702889476229e-12,3.25425869434068507e-12,19,4,1,5.76460752303767552e+17
33,0,132,-1.50893183546111507e-14,-1.21736432890973666e-12,-1.21705319279496604e-12,-1.64695055423082217e-14,1.03669110538720552e-12,9.51710995664553551e-12,8.48041885125832959e-12,9.53357946218784388e-12,3.23722056052470204e-11,-2.02263488378090307e-14,2.01338069436538257e-15,-2.71014940512446586e-15,-4.20131675696306497e-16,-1.88694711323650750e-12,-6.48340787510959529e-13,-3.37491151016705711e-13,-1.59257477388314055e-13,-1.86672076439869857e-12,-6.50354168205324926e-13,-3.34781001611581270e-13,-1.58837345712617738e-13,9.51710995664553551e-12,1.84687677167737379e-11,1.15715152831413572e-11,-1.39034378884732826e-11,19,4,1,5.76460752303767552e+17
33,1,133,-1.17264166180514023e-14,-4.57341317608838310e-13,-4.56265314020760907e-13,-1.28648307056825543e-14,7.59295995952678044e-12,2.56144705871958233e-12,5.03151290080719771e-12,2.57431188942526494e-12,1.44871097412523375e-11,-1.57194611510579278e-14,1.55902712805911497e-15,-2.11122455358276404e-15,-3.27066945173206013e-16,-6.49100387999519198e-13,1.39105493591919569e-14,-9.31556866424132434e-16,1.29264972117343890e-14,-6.33380926848461299e-13,1.23515222311328417e-14,1.17966768715863161e-15,1.32535641569075950e-14,2.56144705871958233e-12,-9.97177365780771753e-12,-5.69146649945064078e-12,4.51533608344462001e-12,19,4,1,5.76460752303767552e+17
33,2,134,-9.11644068166770260e-15,-2.09737433870288465e-13,-2.11434839861603228e-13,-1.00584812307833885e-14,4.01562172120399263e-12,1.27330415309621576e-11,8.71741980975816579e-12,1.27431000121929416e-11,2.15531128637407379e-11,-1.22224763149715825e-14,1.20484480319082639e-15,-1.64497026971598989e-15,-2.55010398649802145e-16,-2.61323670713351846e-13,1.44316181901024339e-13,5.07412788034277239e-14,3.31397856759944913e-14,-2.49101194398380254e-13,1.43111337097833508e-13,5.23862490731437115e-14,3.33947960746442953e-14,1.27330415309621576e-11,2.08235757051398305e-11,-7.29537158600906587e-13,6.47794484492495304e-12,19,4,1,5.76460752303767552e+17
33,3,135,-7.09053331917348978e-15,4.83085248036693681e-13,4.81566563272542235e-13,-7.87173095538966933e-15,5.71310344512997852e-12,-1.06773732012247681e-11,1.63904766463547475e-11,1.06695014702693777e-11,1.64740321552873048e-11,-9.50847386098694443e-15,9.29380816504046322e-16,-1.28199550389970445e-15,-1.99141735433239452e-16,8.42035574115441189e-13,6.23567325195056103e-13,2.82004765485127095e-13,1.45029252637595549e-13,8.51544047976428183e-13,6.22637944378552035e-13,2.83286760989026774e-13,1.45228394373028797e-13,-1.06773732012247681e-11,5.79665895406253749e-12,-5.90633947922031724e-12,-9.35051246867716844e-12,19,4,1,5.76460752303767552e+17
34,0,136,-5.51764445886367056e-15,-1.41579746172522942e-13,-1.42773163459062671e-13,-6.16620824190566469e-15,4.52159060980671393e-12,8.16643012094758648e-12,3.64483951114087255e-12,8.17259632918949172e-12,1.89106178260864173e-11,-7.40148919102144909e-15,7.15613679822529700e-16,-9.99404150957434043e-16,-1.55759650988184441e-16,-1.98038856719259378e-13,-2.82506396930169791e-14,-5.63957397996390252e-14,-3.11169084469960781e-14,-1.90637367528237932e-13,-2.89662533728395075e-14,-5.53963356486815906e-14,-3.09611487960078933e-14,8.16643012094758648e-12,1.18449020070107068e-11,-7.06571581907570895e-12,9.93847594612822843e-12,19,4,1,5.76460752303767552e+17
34,1,137,-4.29610976152492449e-15,2.99891257001582359e-13,2.98938571836783610e-13,-4.83473710454524050e-15,5.93720044071359308e-13,2.14629724925337608e-11,2.08692524484624017e-11,2.14678072296383066e-11,3.00123744886459047e-11,-5.76511978250209416e-15,5.50079183096720033e-16,-7.79367268174032912e-16,-1.22020555463480614e-16,5.08466381662498861e-13,3.13964968294636566e-13,1.27937423908546426e-13,6.53083665042073191e-14,5.14231501445001003e-13,3.13414889111539854e-13,1.28716791176720453e-13,6.54303870596707941e-14,2.14629724925337608e-11,6.89569958217164536e-12,3.95330925273840627e-12,-8.54940199611214716e-12,19,4,1,5.76460752303767552e+17
34,2,138,-3.34708870259865727e-15,1.29953519662015273e-12,1.29904803972916217e-12,-3.79425946451948781e-15,1.72743208588779695e-12,-3.74061852285293865e-12,5.46805060874073580e-12,3.73682426338841930e-12,2.97553294643096748e-11,-4.49365887711738860e-15,4.22158313358622881e-16,-6.08006643455848073e-16,-9.57382751690501740e-17,2.10825079166327119e-12,1.05426800449309117e-12,4.99287472267398893e-13,2.48670454780521468e-13,2.11274445054038874e-12,1.05384584617973261e-12,4.99895478910854737e-13,2.48766193055690507e-13,-3.74061852285293865e-12,9.67718498668351439e-12,-1.28418449565632078e-11,1.69134845077464670e-11,19,4,1,5.76460752303767552e+17
34,3,139,-2.60945660639592351e-15,8.24510719701633226e-13,8.23455619404136188e-13,-2.98036713124550810e-15,-2.64342998567595989e-12,-1.56905824542753975e-11,1.30471524685994376e-11,1.56876020871441511e-11,1.02435797071311548e-11,-3.50520248361738892e-15,3.23499819751602654e-16,-4.74522554525812950e-16,-7.52305949395685294e-17,1.30303252852876743e-12,4.91822210894064872e-13,2.05008664908030995e-13,9.18440543761510991e-14,1.30653773101238480e-12,4.91498711074313259e-13,2.05483187462556795e-13,9.19192849710906685e-14,-1.56905824542753975e-11,-7.80011620310042552e-12,-5.44700274714424263e-12,-5.96191512901046011e-12,19,4,1,5.76460752303767552e+17
35,0,140,-2.03583212629174534e-15,-1.43650724958617759e-13,-1.43649544839722042e-13,-2.34307808532999526e-15,3.75487852260519440e-12,4.86264228214690599e-12,1.10776375954171159e-12,4.86498536023223588e-12,1.81935926126106044e-11,-2.73629517312403236e-15,2.47553963090590159e-16,-3.70512848967956805e-16,-5.92017397416304401e-17,-2.77717398929794153e-13,-3.46035301295008270e-13,-2.01786962559483778e-13,-1.09786532951827273e-13,-2.74981103756670120e-13,-3.46282855258098867e-13,-2.01416449710515825e-13,-1.09727331212085643e-13,4.86264228214690599e-12,2.91775711964557572e-12,8.45876508399676319e-12,2.11113497322561785e-11,19,4,1,5.76460752303767552e+17
35,1,141,-1.58949039415988645e-15,1.19340081485891949e-13,1.18343211398061447e-13,-1.84357407821476375e-15,1.01828479874637515e-11,1.20371437012614927e-11,1.85429571379774120e-12,1.20389872753397069e-11,2.48013801044133571e-11,-2.13777445442845569e-15,1.89197559206525756e-16,-2.89441773577438256e-16,-4.66524044344068983e-17,1.61372031238700038e-13,-3.90196614018087114e-14,-1.95029857397328485e-14,-8.99615741380623050e-15,1.63509805693128487e-13,-3.92088589610152400e-14,-1.92135439661554094e-14,-8.94950500937182361e-15,1.20371437012614927e-11,2.28630511269978369e-12,-1.93776935452890530e-12,2.28636107498844510e-11,19,4,1,5.76460752303767552e+17
35,2,142,-1.24196623812924085e-15,6.82049288560755838e-13,6.81754441831803438e-13,-1.45168059564162696e-15,7.74012749277307953e-12,1.74568135374344328e-11,9.71668604466135332e-12,1.74582652180300757e-11,1.37631170544106376e-11,-1.67154772870914699e-15,1.44433593438623467e-16,-2.26225903772288356e-16,-3.68108821467804873e-17,1.07603778568063872e-12,4.45713597590910767e-13,2.29762001451977499e-13,1.15738755284799282e-13,1.07770933340934780e-12,4.45569163997472124e-13,2.29988227355749798e-13,1.15775566166946056e-13,1.74568135374344328e-11,9.45734184482328161e-12,2.27705116204350550e-11,2.32204588992339192e-11,19,4,1,5.76460752303767552e+17
35,3,143,-9.71194501412107059e-16,1.38820141237511642e-12,1.38789656960757265e-12,-1.14391991530762565e-15,7.27961080867438416e-12,-8.52219346305063333e-12,1.58018042717250191e-11,8.52104954313532510e-12,6.07876383383170233e-11,-1.30809412484682606e-15,1.10151451921718917e-16,-1.76911560096535290e-16,-2.90803404883803010e-17,2.20694937649208726e-12,9.61341618662283460e-13,4.79547105509518313e-13,2.34803753395968611e-13,2.20825747061693420e-12,9.61231467210361793e-13,4.79724017069614894e-13,2.34832833736456998e-13,-8.52219346305063333e-12,1.55796048508520695e-11,-4.44537030349237569e-11,1.63339353033932664e-11,19,4,1,5.76460752303767552e+17
36,0,144,-7.60067992296930153e-16,6.47935472868113806e-13,6.47471887153941888e-13,-9.02006488845807629e-16,-6.10299450544762431e-12,-8.83463972724475720e-12,2.73164522179713289e-12,8.83373772075591094e-12,3.77542429706442573e-11,-1.02452924696058721e-15,8.39362033310130419e-17,-1.38423640667292188e-16,-2.29984498334407739e-17,9.84135403523234915e-13,2.31249919674294164e-13,1.00161859078195754e-13,3.65778291738699039e-14,9.85159932770195575e-13,2.31165983470963149e-13,1.00300282718863042e-13,3.66008276237033446e-14,-8.83463972724475720e-12,6.63433709633475475e-12,2.89196032433995001e-11,6.46720874614967372e-12,19,4,1,5.76460752303767552e+17
36,1,145,-5.95319873582700747e-16,5.22387520445482918e-14,5.21273551093063128e-14,-7.11683684187517036e-16,1.63160962724988036e-13,1.67264877360149124e-11,1.65633267732899245e-11,1.67271994196990984e-11,3.38209613825653706e-11,-8.03106680652806316e-16,6.39174026192484034e-17,-1.08370157615549875e-16,-1.82064565718349588e-17,2.03063059310921164e-14,-2.39332702342740279e-13,-1.22013547244692057e-13,-7.01361121239489029e-14,2.11094126117449236e-14,-2.39396619745359534e-13,-1.21905177087076498e-13,-7.01179056673770709e-14,1.67264877360149124e-11,-1.70944736465504549e-11,1.32126874095252522e-11,7.76868948741126327e-12,19,4,1,5.76460752303767552e+17
36,2,146,-4.66657883961227921e-16,8.55275269770533033e-13,8.56768809571344135e-13,-5.61823974655441926e-16,-7.77841084282071090e-13,2.25879344524694455e-11,2.33657755367515151e-11,2.25884962764441006e-11,3.01963104452670447e-11,-6.30058112595482019e-16,4.86496109892955608e-17,-8.48901903387529336e-17,-1.44254769250729478e-17,1.33359294296416010e-12,4.97977143716296966e-13,2.64947857916101314e-13,1.30246338745599511e-13,1.33422300107675556e-12,4.97928494105307716e-13,2.65032748106440048e-13,1.30260764222524591e-13,2.25879344524694455e-11,7.36788464851247376e-12,-7.60837599279759912e-12,1.40144083301848663e-11,19,4,1,5.76460752303767552e+17
36,3,147,-3.66093884688406095e-16,1.77216875568706664e-12,1.77272957161223375e-12,-4.43732473049857560e-16,-2.83675837806886793e-12,-3.53101680855918293e-12,6.94258430490314998e-13,3.53057307608613311e-12,1.57288618597858447e-11,-4.94695790162038835e-16,3.70182706959522317e-17,-6.65356557889611259e-17,-1.14383106529341407e-17,2.80705984662905510e-12,1.19135906015261788e-12,6.02619592145999836e-13,2.93473785259659138e-13,2.80755454241921713e-12,1.19132204188192203e-12,6.02686127801788785e-13,2.93485223570312081e-13,-3.53101680855918293e-12,1.21978450512266625e-11,4.04476083988107120e-12,1.12301798722216433e-11,19,4,1,5.76460752303767552e+17
37,0,148,-2.87424801524862872e-16,1.18891018350305978e-12,1.18803127528139940e-12,-3.50607461111487173e-16,3.18971770963682231e-12,-2.84679592031120160e-11,3.16576769127488407e-11,2.84676085956509030e-11,5.02412005568793210e-11,-3.88718105104980357e-16,2.81657753120174943e-17,-5.21794024106378438e-17,-9.07547523553154308e-18,1.83391046970039445e-12,5.64687671758719993e-13,2.70023137816214465e-13,1.16826039600630469e-13,1.83429918780549935e-12,5.64659505983407986e-13,2.70075317218625113e-13,1.16835115075865990e-13,-2.84679592031120160e-11,2.17732413537673083e-11,-4.49112961480193646e-12,8.13583869154206597e-12,19,4,1,5.76460752303767552e+17
37,1,149,-2.25830842779693750e-16,-5.04790823076474067e-13,-5.05926333120304588e-13,-2.77122175974441377e-16,-2.29476029602443142e-12,-5.17907777628268905e-12,2.88431748025825763e-12,5.17880065410671433e-12,4.23049086700483960e-11,-3.05672370539543450e-16,2.14335698783231655e-17,-4.09437834910824857e-17,-7.20446817540403183e-18,-9.11846184323979875e-13,-8.30224886544597875e-13,-4.18691043506504668e-13,-2.25021183197240929e-13,-9.11540511953440273e-13,-8.30246320114476241e-13,-4.18650099723013589e-13,-2.25013978729065522e-13,-5.17907777628268905e-12,-3.05627246201346407e-11,1.17421840499137554e-11,8.83564160275934024e-12,19,4,1,5.76460752303767552e+17
37,2,150,-1.77564518005277854e-16,-6.67949055758923870e-13,-6.69732649631623949e-13,-2.19100297759866260e-16,3.10764381502757482e-12,6.68541104793864896e-11,6.37464666643589123e-11,6.68543295796842492e-11,6.99405867562799075e-11,-2.40539195276160735e-16,1.63169319957943202e-17,-3.21451554878630945e-17,-5.72149979674627761e-18,-1.13727346573944854e-12,-7.51245187295825434e-13,-3.41212066197764764e-13,-1.69742332712031483e-13,-1.13703292654417245e-12,-7.51261504227821216e-13,-3.41179921042276885e-13,-1.69736611212234736e-13,6.68541104793864896e-11,-6.96961106726970520e-13,9.84642652716068431e-12,6.92436256495529369e-11,19,4,1,5.76460752303767552e+17
37,3,151,-1.39709930076148441e-16,2.77972782794258705e-12,2.78038802394055864e-12,-1.73263889649275221e-16,1.70640613999008061e-12,-3.40700988351832975e-11,3.57765049751733793e-11,3.40699255712936475e-11,3.82854005441877899e-11,-1.89410889859961454e-16,1.24297522812817404e-17,-2.52507546273415292e-17,-4.54511819507561007e-18,4.46939232803485047e-12,2.19970864112940493e-12,1.14709341940134704e-12,5.80326913806819601e-13,4.46958173892471018e-12,2.19969621137712357e-12,1.14711867015597430e-12,5.80331458925014702e-13,-3.40700988351832975e-11,-3.38604513709855757e-11,4.21530170900449569e-12,-2.14237411795067264e-11,19,4,1,5.76460752303767552e+17
38,0,152,-1.09996436967174885e-16,4.66940787091050243e-13,4.65553490499815894e-13,-1.37037401568143589e-16,-1.26017532756241114e-11,-6.85675287894270296e-12,5.74500039668140842e-12,6.85661584154113468e-12,4.55182457069271014e-11,-1.49242571688611708e-16,9.47717518065815660e-18,-1.98451916629423015e-17,-3.61128481081636051e-18,6.68331260660780632e-13,-2.16460886769982187e-14,-2.91760566296659332e-14,-3.85241809259180292e-14,6.68480503232469243e-13,-2.16555658521788758e-14,-2.91562114380029886e-14,-3.85205696411072148e-14,-6.85675287894270296e-12,1.02725680309295366e-11,-3.52456776759975616e-11,9.44305970843621855e-12,19,4,1,5.76460752303767552e+17
38,1,153,-8.66543697342799226e-17,4.74325832890376654e-15,5.88682110338379073e-15,-1.08395092512357289e-16,3.04716956847811262e-12,-1.97583721998757666e-11,2.28055417683538808e-11,1.97582638047832535e-11,3.85136697927032945e-11,-1.17659469726799270e-16,7.23440014477585382e-18,-1.56044181101542446e-17,-2.86956345606665584e-18,-6.90734097338140029e-14,-3.24156581888885901e-13,-1.56284578188462897e-13,-9.00362720275695050e-14,-6.89557502640872038e-14,-3.24163816289030683e-13,-1.56268973770352740e-13,-9.00334024641134414e-14,-1.97583721998757666e-11,1.41391987127514563e-11,-2.38334967394096784e-13,1.87552975928275311e-11,19,4,1,5.76460752303767552e+17
38,2,154,-6.83032782621998320e-17,-9.90059144355122639e-13,-9.91254860221283436e-13,-8.57421104463397964e-17,-2.27881349782619970e-12,-1.09315908588615540e-11,8.65277736103535465e-12,1.09315051167511079e-11,6.47277318795773291e-11,-9.28076735927019965e-17,5.53029679768399800e-18,-1.22754952571371454e-17,-2.28016518633760610e-18,-1.65633515754951833e-12,-1.01668476788409012e-12,-4.83599432800185394e-13,-2.45116222429094092e-13,-1.65624234987592570e-12,-1.01669029818088782e-12,-4.83587157304928251e-13,-2.45113942263907736e-13,-1.09315908588615540e-11,-1.17689716165463404e-11,5.09329415012215395e-11,-1.37947903783557848e-11,19,4,1,5.76460752303767552e+17
38,3,155,-5.38653349099187862e-17,-1.32055078296975848e-12,-1.32007656195666452e-12,-6.78216903132643958e-17,3.57359345715141977e-12,1.99965475174933895e-11,1.64229540603419685e-11,1.99966153391837037e-11,3.59861161946122725e-11,-7.32384700786378949e-17,4.23477136877839724e-18,-9.66086939957606641e-18,-1.81165205482509498e-18,-2.14842336357530468e-12,-1.07480848460617878e-12,-4.90051885919437075e-13,-2.36975334613484540e-13,-2.14835012510522592e-12,-1.07481271937754766e-12,-4.90042225050037533e-13,-2.36973522961429702e-13,1.99965475174933895e-11,4.74782614603821055e-12,1.27642073932699151e-11,-1.59895686771188798e-11,19,4,1,5.76460752303767552e+17
39,0,156,-4.24981978394451509e-17,-3.69931160042097178e-14,-3.66843726015719376e-14,-5.36426423845961946e-17,-3.44022292525150635e-13,5.12270662586380581e-11,5.15710885511632091e-11,5.12271199012804452e-11,7.23181585617320323e-11,-5.78186519721781646e-17,3.24904825819606542e-18,-7.60614629149483941e-18,-1.43914901294391696e-18,-3.31256991432424530e-14,1.47010186191132996e-13,1.27242353733389691e-13,7.72213376766959699e-14,-3.30678804912702739e-14,1.47006937142874788e-13,1.27249959879681188e-13,7.72227768257089168e-14,5.12270662586380581e-11,-2.10910923030939742e-11,3.18769932638274146e-11,2.21611525255609284e-11,19,4,1,5.76460752303767552e+17
39,1,157,-3.35429294629228633e-17,2.51354175273796663e-12,2.51427797176705960e-12,-4.24226224295749019e-17,2.57269306287751199e-12,-4.59372510481494869e-11,4.85099441110270017e-11,4.59372086255270549e-11,1.17867414307729485e-10,-4.56609169500802868e-17,2.49821094130869429e-18,-5.99058292939376209e-18,-1.14294846260858851e-18,4.08607561220320027e-12,2.15834040313665808e-12,1.10141224392365232e-12,5.53241767826862584e-13,4.08612127312015036e-12,2.15833790492571663e-12,1.10141823450658175e-12,5.53242910775325230e-13,-4.59372510481494869e-11,6.38120010094009679e-12,6.72107507739346085e-11,7.19301632595800048e-11,19,4,1,5.76460752303767552e+17
39,2,158,-2.64835659409212988e-17,-3.17985360371005669e-13,-3.18052618008658500e-13,-3.35436924203177881e-17,-1.08378781819309581e-11,-2.32811175616684713e-11,1.24432393797375132e-11,2.32810840179760515e-11,2.14494509800939961e-11,-3.60698131231190995e-17,1.92548941464730464e-18,-4.71968972559840713e-18,-9.07418844726917448e-19,-5.60338410814721997e-13,-5.08037613767792784e-13,-2.94540957464448483e-13,-1.71534652459624162e-13,-5.60302341001598898e-13,-5.08039539257207442e-13,-2.94536237774722892e-13,-1.71533745040779442e-13,-2.32811175616684713e-11,-7.44267399632812074e-12,-1.83166658157447680e-12,-3.49040272555247477e-12,19,4,1,5.76460752303767552e+17
39,3,159,-2.09157070344952311e-17,-1.40965899289706460e-12,-1.40983565896046296e-12,-2.65174653231972013e-17,2.09446176241651024e-12,5.21158610488839171e-11,5.00213992864674048e-11,5.21158875663492403e-11,8.30619346100337080e-11,-2.84997216890993888e-17,1.48789437776750629e-18,-3.71947199709960644e-18,-7.20149162376837725e-19,-2.30657606982150101e-12,-1.26636581673596889e-12,-6.36492972933596956e-13,-3.23465045319333279e-13,-2.30654757009981185e-12,-1.26636730463034668e-12,-6.36489253461599825e-13,-3.23464325170170893e-13,5.21158610488839171e-11,9.64131018651650401e-12,1.19576785344058125e-11,-3.09460735611497909e-11,19,4,1,5.76460752303767552e+17
40,0,160,-1.65220931634550684e-17,1.47985429328168880e-12,1.48066233109636332e-12,-2.09577334871310243e-17,-1.88185425199306436e-12,-1.85620315954901547e-11,1.66801773434970887e-11,1.85620106377566679e-11,2.45073258146885518e-11,-2.25221652917859350e-17,1.15288732858300954e-18,-2.93194517789524251e-18,-5.71277007497549704e-19,2.40722484830035497e-12,1.30064491168995714e-12,6.82172958162320307e-13,3.52643673391633784e-13,2.40724737046564667e-12,1.30064375880262863e-12,6.82175890107498237e-13,3.52644244668641298e-13,-1.85620315954901547e-11,-7.34275572630301390e-12,5.94529421919839552e-12,-9.84224317373280301e-12,19,4,1,5.76460752303767552e+17
40,1,161,-1.30535980771330296e-17,2.33491406145787715e-13,2.32838486462102630e-13,-1.65589483982834590e-17,-8.31648385726804782e-12,1.10658863302659090e-11,1.93823701875339552e-11,1.10659028892143068e-11,1.36018491585312356e-10,-1.78003467027697149e-17,8.95845597866787844e-19,-2.31164002355586870e-18,-4.52959643883031749e-19,3.52290956072239425e-13,6.25264112042861800e-14,1.73129893528189004e-14,-1.55217413262357642e-15,3.52308756418942178e-13,6.25255153586883192e-14,1.73153009928424561e-14,-1.55172117297969338e-15,1.10658863302659090e-11,-1.24952605255046450e-10,-1.29209457835449015e-11,-4.19245614799209682e-11,19,4,1,5.76460752303767552e+17
40,2,162,-1.03144219782433576e-17,7.23484272144609792e-13,7.23428890485434824e-13,-1.30792817704461317e-17,-6.26792995664854203e-12,-1.92830189511840345e-11,1.30150889945354925e-11,1.92830058719022646e-11,8.49851930575946920e-11,-1.40692978500275276e-17,6.98136004343211144e-19,-1.82287758867913070e-18,-3.58956876728316955e-19,1.14392250768962816e-12,4.68577644387108161e-13,2.29473114849263278e-13,1.09239212625152855e-13,1.14393657698747824e-12,4.68576946251103833e-13,2.29474937726851964e-13,1.09239571582029583e-13,-1.92830189511840345e-11,3.90802879778626440e-11,6.54056080556824203e-11,6.57021741064106640e-11,19,4,1,5.76460752303767552e+17
40,3,163,-8.15054516923202453e-18,-3.98360855641582982e-13,-3.99238005050116798e-13,-1.03272784122124348e-17,-7.63340157224750508e-12,6.26951325062645024e-11,7.03285340785120010e-11,6.26951428335429119e-11,8.06969014279257253e-11,-1.11203861133080535e-17,5.45653449316166961e-19,-1.43764302440012797e-18,-2.84301478546511239e-19,-6.81531099007221862e-13,-4.96115698357653444e-13,-2.56668192961364139e-13,-1.36355639634729597e-13,-6.81519978621108535e-13,-4.96116244011102774e-13,-2.56666755318339722e-13,-1.36355355333251042e-13,6.26951325062645024e-11,6.81064146882218652e-11,-1.25904867397038633e-11,-1.39911992961354631e-12,19,4,1,5.76460752303767552e+17
41,0,164,-6.44071481817962261e-18,2.78632003261756907e-12,2.78581534555606594e-12,-8.15132875621514554e-18,2.25918122597937051e-12,7.73844206357191398e-11,7.51252394097397689e-11,7.73844287870478955e-11,9.44278181729914071e-11,-8.78920799861350006e-18,4.27713933247891259e-19,-1.13392545527230029e-18,-2.25038350947097038e-19,4.48521895334734785e-12,2.18912308874005484e-12,1.10779521644181395e-12,5.55565099863342758e-13,4.48522774255534639e-12,2.18912266102612145e-12,1.10779635036726930e-12,5.55565324901693696e-13,7.73844206357191398e-11,-8.77537345655636356e-12,7.62037726117505328e-12,-1.70433975372722705e-11,19,4,1,5.76460752303767552e+17
41,1,165,-5.08940157384416857e-18,5.98947410042600636e-12,5.99184254521136167e-12,-6.43135773502898362e-18,-1.19419727938198568e-11,4.46038483871067276e-11,5.65458211809265844e-11,4.46038548184644633e-11,1.07040857842154414e-10,-6.94611894483910028e-18,3.36217196974297209e-19,-8.94420832270399634e-19,-1.78017767453298734e-19,9.59524114436682619e-12,4.42618729109114424e-12,2.17473477835187266e-12,1.06283810778467576e-12,9.59524809048577147e-12,4.42618695487394729e-12,2.17473567277270473e-12,1.06283828580244319e-12,4.46038483871067276e-11,-4.83832285777184697e-11,5.86576292644359438e-11,5.38595922847434768e-11,19,4,1,5.76460752303767552e+17
41,2,166,-4.02128954871097612e-18,6.83785087277437049e-12,6.83924666456758970e-12,-5.07225790458317981e-18,-1.55006939462264567e-11,-4.03475499541394291e-11,2.48468560079129724e-11,4.03475448818815227e-11,1.55376695003244302e-10,-5.48881688332852657e-18,2.65014081847093881e-19,-7.05517646959864206e-19,-1.40731257505091119e-19,1.08309764781999437e-11,4.44468332290901777e-12,2.11650694406588352e-12,9.97242543035622866e-13,1.08309819670168269e-11,4.44468305789493584e-12,2.11650764958353041e-12,9.97242683766880416e-13,-4.03475499541394291e-11,-1.01429734314727276e-10,5.39469606885170256e-11,-2.59270695353259753e-11,19,4,1,5.76460752303767552e+17
41,3,167,-3.17696116722906820e-18,3.26194576355312757e-12,3.26147927299856819e-12,-3.99869686428973712e-18,-2.69828965960571129e-11,-3.92220716497918930e-11,1.22391750537347802e-11,3.92220676510950298e-11,2.89668104143195935e-11,-4.33652766181542642e-18,2.09429044821531188e-19,-5.56503225355917757e-19,-1.11181178989988708e-19,4.92607373380552701e-12,9.93924254146511108e-13,3.77358100473479650e-13,1.11429967097290403e-13,4.92607807033318880e-12,9.93924044717466266e-13,3.77358656976705029e-13,1.11430078278469398e-13,-3.92220716497918930e-11,-2.78191797038626576e-11,-4.22361242194073434e-11,-5.67859901181822511e-11,19,4,1,5.76460752303767552e+17
42,0,168,-2.50951412726145569e-18,5.16488714833546905e-13,5.17888654671874050e-13,-3.15100866091354508e-18,-1.43165304539790013e-11,-6.51660374883663346e-11,5.08495070343873365e-11,6.51660343373576684e-11,4.88519910360744810e-11,-3.42544134206456370e-18,1.65900065476467998e-19,-4.38942157748824462e-19,-8.77769556964132840e-20,4.88521296688348860e-13,-1.11667657383391574e-12,-5.84664882513276396e-13,-3.38912078595694854e-13,4.88524722129690972e-13,-1.11667673973398116e-12,-5.84664443571118654e-13,-3.38911990818739144e-13,-6.51660374883663346e-11,-4.83908778184490582e-11,-9.72428688545235391e-11,-8.62879095352481484e-11,19,4,1,5.76460752303767552e+17
42,1,169,-1.98190632369944818e-18,-2.89649357145554032e-12,-2.89729101566547747e-12,-2.48194104579042991e-18,-2.86375477786975050e-11,-1.17073042907495896e-11,1.69302434879479154e-11,1.17073018088085436e-11,5.75382231143847493e-11,-2.70512645392145212e-18,1.31707235725755177e-19,-3.46189161426421513e-19,-6.92524561805904185e-20,-4.95088179136040933e-12,-3.42548752752693010e-12,-1.63809151790198620e-12,-8.30689433993768030e-13,-4.95087908623395512e-12,-3.42548765923416578e-12,-1.63809117171282485e-12,-8.30689364741311809e-13,-1.17073042907495896e-11,2.95640813695092144e-11,1.97095698259486553e-11,4.58309188236351598e-11,19,4,1,5.76460752303767552e+17
42,2,170,-1.56486994900385958e-18,-2.88121766978679838e-12,-2.88144706321779842e-12,-1.95407908258679429e-18,-1.24773655920671049e-11,-7.41228755866959283e-11,6.16455099946288266e-11,7.41228736326168459e-11,4.27050755461004342e-11,-2.13570975162861950e-18,1.04768251472383635e-19,-2.73007013238249697e-19,-5.46001601998540962e-20,-4.77525823524161617e-12,-2.64836509185439501e-12,-1.15427779751283445e-12,-5.49730169086821763e-13,-4.77525609953186440e-12,-2.64836519662264661e-12,-1.15427752450582117e-12,-5.49730114486661534e-13,-7.41228755866959283e-11,-5.93189074433565339e-11,-4.08219026513332010e-11,-3.14178000405954941e-11,19,4,1,5.76460752303767552e+17
42,3,171,-1.23527113384093492e-18,-5.92606681170261545e-12,-5.92410516772636856e-12,-1.53780368852238265e-18,-1.58544576706172879e-11,2.54519369482937220e-11,4.13063946189110067e-11,2.54519384860974117e-11,1.07008186259858247e-10,-1.68565588766175870e-18,8.34843144848851099e-20,-2.15266667928338731e-19,-4.30186733446358331e-20,-9.57988518365798954e-12,-4.59629704201751527e-12,-2.11966165097204145e-12,-1.02544392001193083e-12,-9.57988349800210171e-12,-4.59629712550183011e-12,-2.11966143570537340e-12,-1.02544387699325742e-12,2.54519369482937220e-11,1.01627147009807173e-10,9.39943197478780531e-11,-5.38103925005107419e-12,19,4,1,5.76460752303767552e+17
43,0,172,-9.74818747970939877e-19,-3.33616699275650680e-12,-3.33638218683623483e-12,-1.20967356616581188e-18,6.48589552200120765e-12,1.63124483965564062e-11,9.82655287455519777e-12,1.63124496062299740e-11,3.63422320694153522e-11,-1.33001778903946611e-18,6.66239806162141778e-20,-1.69711714132644862e-19,-3.38708673872624497e-20,-5.22906613973165599e-12,-1.75558995051558451e-12,-6.72571798956687413e-13,-2.76648254594821430e-13,-5.22906480971386696e-12,-1.75559001713956518e-12,-6.72571629244973329e-13,-2.76648220723954066e-13,1.63124483965564062e-11,-1.63327367642806318e-12,-1.71643387286514709e-11,1.91778933407638813e-11,19,4,1,5.76460752303767552e+17
43,1,173,-7.69047140028820044e-19,-1.74422507539288607e-12,-1.74500131828254247e-12,-9.51142450570127387e-19,-7.81771476477352423e-12,-6.21084866226196074e-11,5.42907718578460847e-11,6.21084856714771524e-11,1.25758469306837403e-10,-1.04905677495238340e-18,5.32355507764077954e-20,-1.33773236679567754e-19,-2.66504873222909915e-20,-2.60037894492352722e-12,-3.20204231439159614e-13,-3.43543621311358039e-14,2.28456502692682533e-14,-2.60037789586675243e-12,-3.20204284674710385e-13,-3.43542283578991270e-14,2.28456769197555768e-14,-6.21084866226196074e-11,-1.30631550173690434e-11,6.36499826842177955e-11,-3.35713200724751802e-11,19,4,1,5.76460752303767552e+17
43,2,174,-6.06514037052546743e-19,-4.38083554756817664e-12,-4.38068820005555132e-12,-7.47542057656541804e-19,-6.84416216909298635e-12,-4.65923000274443410e-11,3.97481378583513523e-11,4.65922992799022803e-11,5.35211808372082218e-11,-8.27153429949213526e-19,4.25809210519973251e-20,-1.05424202149905426e-19,-2.09555100522430146e-20,-6.86656810866964123e-12,-2.57412065676510463e-12,-1.24951898520266673e-12,-6.06803758206086407e-13,-6.86656728151621093e-12,-2.57412069934602562e-12,-1.24951887977846454e-12,-6.06803737250576405e-13,-4.65923000274443410e-11,-5.84666994117878736e-12,-5.93678507783870091e-11,-4.89311382940417733e-11,19,4,1,5.76460752303767552e+17
43,3,175,-4.78167616530381890e-19,-5.66174334021707907e-12,-5.66098978631907404e-12,-5.87275662104797312e-19,1.38655670513768241e-12,3.05122824375567842e-11,2.91257257324191001e-11,3.05122830248324461e-11,1.11392233597519918e-10,-6.51947360491797316e-19,3.40855633775628539e-20,-8.30648588307642451e-20,-1.64668903423692039e-20,-8.87724269297889802e-12,-3.34573678137672282e-12,-1.63392313301424050e-12,-7.80383610477893498e-13,-8.87724204103153677e-12,-3.34573681546228606e-12,-1.63392304994938175e-12,-7.80383594011003158e-13,3.05122824375567842e-11,-6.89413445861316746e-11,-8.08799511599631340e-11,4.10470122516851177e-12,19,4,1,5.76460752303767552e+17
44,0,176,-3.76846727771558195e-19,-2.82672857795736456e-12,-2.82769347781069270e-12,-4.61178702977636528e-19,4.38344446719038176e-11,8.04895661025282029e-11,3.66551214306243853e-11,8.04895665637069078e-11,1.70167843307065930e-10,-5.13657307452272768e-19,2.73006331072948638e-20,-6.54324927693907544e-20,-1.29316072546991836e-20,-4.21829108645040112e-12,-7.08782967165810219e-13,-3.07976402986519050e-13,-9.84819757111831522e-14,-4.21829057279309396e-12,-7.08782994466443370e-13,-3.07976337554026266e-13,-9.84819627795758994e-14,8.04895661025282029e-11,-6.97907924703191707e-11,-1.16753032498147439e-11,-8.96782772045377269e-11,19,4,1,5.76460752303767552e+17
44,1,177,-2.96886010431022126e-19,1.86338534504148434e-12,1.86385041314940606e-12,-3.62011872700259677e-19,2.46238953771829461e-12,-2.35219943516698346e-11,2.59843838893881300e-11,2.35219939896579618e-11,9.83143685689157054e-11,-4.04543506955263719e-19,2.18741982003052431e-20,-5.15303252636017478e-20,-1.01491444544201685e-20,3.34529306858470295e-12,2.93004619657170618e-12,1.44227317209999554e-12,7.57015407202391355e-13,3.34529347312820999e-12,2.93004617469750780e-12,1.44227322363032090e-12,7.57015417351535782e-13,-2.35219943516698346e-11,7.47923742172458772e-11,-2.31035516094923222e-11,4.82896395869345538e-11,19,4,1,5.76460752303767552e+17
44,2,178,-2.33803726480345013e-19,3.49864565956274370e-13,3.49983925173898601e-13,-2.84059305030302157e-19,9.64835408155491937e-12,-5.87317584365971530e-11,6.83801125181520756e-11,5.87317581525378506e-11,2.11834025617003891e-10,-3.18482338967786219e-19,1.75293357001442617e-20,-4.05714642681714973e-20,-7.96071275265824220e-21,7.61255156973135751e-13,9.70823376498731340e-13,3.44418402165851917e-13,1.60580797497688745e-13,7.61255475455474749e-13,9.70823358969395660e-13,3.44418442737316179e-13,1.60580805458401502e-13,-5.87317584365971530e-11,-1.05257477885255145e-10,-6.02715609685203028e-11,1.06576547731748745e-10,19,4,1,5.76460752303767552e+17
44,3,179,-1.84054866991866001e-19,-2.59832335234042928e-12,-2.59939597706147839e-12,-2.22810143296711615e-19,5.61038539263768063e-12,6.49409392358246593e-11,5.93305538431869770e-11,6.49409394586348046e-11,2.75218710899740792e-10,-2.50629681603218693e-19,1.40474051671850326e-20,-3.19347030125110544e-20,-6.24066251879965629e-21,-4.07277109178721657e-12,-1.70650809516345464e-12,-9.91899654574179787e-13,-5.04513273882287657e-13,-4.07277084115753488e-12,-1.70650810921085976e-12,-9.91899622639476776e-13,-5.04513267641625141e-13,6.49409392358246593e-11,-9.81188170112346653e-11,-2.10277771663916132e-10,-5.58790433084054140e-11,19,4,1,5.76460752303767552e+17
45,0,180,-1.44835810223705156e-19,1.22147613661320963e-12,1.22209988538305150e-12,-1.74706257234875585e-19,-5.26455032717389794e-11,8.41286514618072340e-11,1.36774154733546213e-10,8.41286516365134921e-11,1.16751418932750871e-10,-1.97154389804679579e-19,1.12552316812276272e-20,-2.51296480663184681e-20,-4.88964460349558492e-21,2.12635930516610062e-12,1.58133664003674734e-12,7.26875658992925504e-13,3.86548683143745194e-13,2.12635950232049037e-12,1.58133662878151562e-12,7.26875684122573559e-13,3.86548688033389781e-13,8.41286514618072340e-11,1.20705119147664938e-11,6.63976791795666252e-11,-3.26227674709436372e-11,19,4,1,5.76460752303767552e+17
45,1,181,-1.13929719974091592e-19,5.14258744652104510e-12,5.14293254332165719e-12,-1.36942433061208729e-19,2.63381897533947120e-14,-1.35947077679398300e-10,1.35973415869151689e-10,1.35947077542455862e-10,2.58123434615340525e-10,-1.55027242703661113e-19,9.01524786009463400e-21,-1.97691984432388443e-20,-3.82916700038664100e-21,8.38777774786711110e-12,4.37774954797854844e-12,2.08930990636747566e-12,1.04367848107165673e-12,8.38777790289435306e-12,4.37774953896330082e-12,2.08930992613667426e-12,1.04367848490082382e-12,-1.35947077679398300e-10,-1.95880572489509428e-11,-6.46414183379281864e-11,1.22176356935942224e-10,19,4,1,5.76460752303767552e+17
45,2,182,-8.95841593126040077e-20,-2.72449661171805140e-12,-2.72725630434019983e-12,-1.07308181877861007e-19,-3.73629601920010119e-11,5.65886061213386960e-11,9.39515663133397079e-11,5.65886062286468788e-11,2.22349194032484210e-10,-1.21853789562725099e-19,7.21788145100472871e-21,-1.55478199604553749e-20,-2.99726523753917321e-21,-4.48634627204925978e-12,-2.75504370756182592e-12,-1.54649546950569001e-12,-8.16816554963446450e-13,-4.48634615019547025e-12,-2.75504371477970741e-12,-1.54649545395787013e-12,-8.16816551966181229e-13,5.65886061213386960e-11,-4.80381191830758811e-11,6.06467644106435899e-11,1.74311074849408329e-10,19,4,1,5.76460752303767552e+17
45,3,183,-7.04141914943672183e-20,6.66422690726891082e-13,6.66887879362718757e-13,-8.40625495243801652e-20,-5.16528442185320230e-12,-8.62324118973576059e-11,8.10671274755044003e-11,8.62324118132950530e-11,1.95120825057656323e-10,-9.57419525193105655e-20,5.77565239207770805e-21,-1.22243905329567001e-20,-2.34506105773766926e-21,1.07651567722668283e-12,5.21642109143627821e-13,2.42305851887546925e-13,1.38527323419758769e-13,1.07651577296863538e-12,5.21642103367975408e-13,2.42305864111937461e-13,1.38527325764819820e-13,-8.62324118973576059e-11,6.95534633586431253e-11,1.08888413160298717e-10,5.36753676029673395e-11,19,4,1,5.76460752303767552e+17
46,0,184,-5.53256535691086467e-20,-3.75148844975463646e-12,-3.75171419486765285e-12,-6.58350876079605190e-20,7.02878048345042332e-11,1.01588237348006062e-11,6.01289810997036237e-11,1.01588238006356930e-11,7.54284365320744618e-11,-7.51971575844877969e-20,4.61857583962576000e-21,-9.60865226949074926e-21,-1.83402919274294879e-21,-6.08177029545390665e-12,-3.13386727442471880e-12,-1.58835792797163032e-12,-7.89247446946742403e-13,-6.08177022025674924e-12,-3.13386727904329468e-12,-1.58835791836297814e-12,-7.89247445112713248e-13,1.01588237348006062e-11,-6.52696127972738524e-11,-1.95959853065821069e-11,-1.53475370516141353e-11,19,4,1,5.76460752303767552e+17
46,1,185,-4.34544017938882474e-20,-2.41262542310173215e-12,-2.41031005834843714e-12,-5.15475562125652890e-20,3.38587382793411951e-11,-5.54155267568635945e-11,8.92742650362047832e-11,5.54155267053160381e-11,2.36224356009781249e-10,-5.90392744022979988e-20,3.69056680968204219e-21,-7.55051065246565345e-21,-1.43382823978579288e-21,-3.81687809589674180e-12,-1.51588975812238711e-12,-6.95713122016747128e-13,-3.08524544041955558e-13,-3.81687803685746713e-12,-1.51588976181295398e-12,-6.95713114466236438e-13,-3.08524542608127328e-13,-5.54155267568635945e-11,-9.76211143994068387e-11,1.38603241610374424e-10,1.33536681314337242e-10,19,4,1,5.76460752303767552e+17
46,2,186,-3.41182060741365461e-20,-4.59706253971254098e-12,-4.59605883171986852e-12,-4.03520492759800444e-20,4.65804400024519485e-11,-2.99096059756104717e-11,7.64900459780624202e-11,2.99096059352584236e-11,2.02585181360752386e-10,-4.63368367218852213e-20,2.94661626304813805e-21,-5.93158181315658213e-21,-1.12058062162744322e-21,-7.30266555024453272e-12,-3.09832498832393462e-12,-1.49444330766485743e-12,-7.12228109452467711e-13,-7.30266550390769557e-12,-3.09832499127055108e-12,-1.49444330173327572e-12,-7.12228108331887084e-13,-2.99096059756104717e-11,-1.17032178825305510e-10,-1.01616864591147422e-10,8.55530025354468890e-11,19,4,1,5.76460752303767552e+17
46,3,187,-2.67786637589763837e-20,-5.02087449292652409e-12,-5.02042547298615696e-12,-3.15821236560720570e-20,5.46383766397231498e-11,1.88367446893230381e-11,3.58016319504001118e-11,1.88367447209051622e-11,2.39487515897324454e-10,-3.63549570807919082e-20,2.35056401513839843e-21,-4.65851539127997927e-21,-8.75509798909020090e-22,-7.89855367329081646e-12,-3.02777855203235956e-12,-1.43642537620408712e-12,-6.67355064008590305e-13,-7.89855363693586018e-12,-3.02777855438292373e-12,-1.43642537154557171e-12,-6.67355063133080514e-13,1.88367446893230381e-11,4.78347068667676353e-11,8.06552365934328378e-11,2.58324260586647499e-10,19,4,1,5.76460752303767552e+17
47,0,188,-2.10110506701142875e-20,-2.91809568500525982e-12,-2.92032936968317946e-12,-2.47142198919479999e-20,6.20468187665548491e-12,2.54291370901791642e-10,2.48086689025136172e-10,2.54291370926505886e-10,3.27012281733939530e-10,-2.85140938694448631e-20,1.87333551461402543e-21,-3.65772006626601516e-21,-6.83861458189552754e-22,-4.42224135378613402e-12,-9.96677466716787331e-13,-4.26105450579208321e-13,-1.55605728945629369e-13,-4.42224132527204054e-12,-9.96677468590122813e-13,-4.26105446921488253e-13,-1.55605728261767921e-13,2.54291370901791642e-10,-6.61503665057561824e-11,-7.27209108321478876e-11,5.89180787172672864e-11,19,4,1,5.76460752303767552e+17
47,1,189,-1.64804601582666495e-20,1.03846598203383378e-11,1.03830939232030266e-11,-1.93372242075805647e-20,1.75883944428542610e-11,4.64913003691939331e-11,2.89029059263396721e-11,4.64913003885311604e-11,1.84753924352105944e-10,-2.23574183361870192e-20,1.49154084375589958e-21,-2.87119733241792815e-21,-5.34050242681440055e-22,1.70795617000799713e-11,9.68945989935880511e-12,4.85372885089811327e-12,2.46544554974682782e-12,1.70795617224373902e-11,9.68945989786726437e-12,4.85372885376931049e-12,2.46544555028087792e-12,4.64913003691939331e-11,2.31245224721299877e-10,1.34770681518574301e-10,1.97222438028953328e-10,19,4,1,5.76460752303767552e+17
47,2,190,-1.29229234999543823e-20,1.04214768181028129e-11,1.04209308658028936e-11,-1.51284672567322523e-20,-2.26511563537790466e-11,-1.94013225934079778e-10,1.71362069580300741e-10,1.94013225918951317e-10,2.29753240178075201e-10,-1.75249958711606255e-20,1.18635788231506429e-21,-2.25325097613503509e-21,-4.16985462858503060e-22,1.67917452455417989e-11,7.88573039238163303e-12,3.67483177645369745e-12,1.74925955701815605e-12,1.67917452630667963e-11,7.88573039119527508e-12,3.67483177870694874e-12,1.74925955743514151e-12,-1.94013225934079778e-10,-1.39046048722750140e-10,3.57400142439954226e-11,2.03094764451122338e-11,19,4,1,5.76460752303767552e+17
47,3,191,-1.01304761116091815e-20,-1.53203330677053650e-12,-1.53303205695319819e-12,-1.18348091814513088e-20,-2.20591453731291222e-11,5.40991508615914615e-11,7.61582962347205869e-11,5.40991508734262706e-11,1.53702948627509390e-10,-1.37333657771890241e-20,9.42639404694882776e-22,-1.76788853877389426e-21,-3.25538711741203207e-22,-2.80014306654575893e-12,-3.01732972623354952e-12,-1.82983505512466115e-12,-1.03580666956387837e-12,-2.80014305281239305e-12,-3.01732972717618887e-12,-1.82983505335677261e-12,-1.03580666923833959e-12,5.40991508615914615e-11,6.24014694418221620e-11,-9.13014791856872276e-11,-1.43846306195558718e-11,19,4,1,5.76460752303767552e+17
48,0,192,-7.93934884315811380e-21,1.41592431576980089e-12,1.41536401461182081e-12,-9.25774159790188866e-21,8.37408794945004059e-11,-6.14612780330852483e-11,1.45202157527585667e-10,6.14612780238275075e-11,5.35864031118669973e-10,-1.07593969417166109e-20,7.48197404467485641e-22,-1.38676958944369625e-21,-2.54123888461194115e-22,2.07044268291568684e-12,1.42398870644652581e-13,1.63881386256874260e-14,-4.88130807739497144e-15,2.07044269367508396e-12,1.42398869896455171e-13,1.63881400124570166e-14,-4.88130782327108277e-15,-6.14612780330852483e-11,-2.35372775247835761e-10,3.00491255870834263e-10,2.46036150336605768e-10,19,4,1,5.76460752303767552e+17
48,1,193,-6.22063381355014629e-21,-1.98896195652908597e-12,-1.98721760668085217e-12,-7.24166011668434205e-21,5.57316128634989445e-11,3.53123386029911517e-10,2.97391773166412560e-10,3.53123386037153173e-10,4.23035172737202179e-10,-8.42752933351071082e-21,5.93228242841023568e-22,-1.08758606801488873e-21,-1.98366183603200595e-22,-3.41479160129595367e-12,-2.46415873511328944e-12,-1.22500493494343469e-12,-6.17935583174512197e-13,-3.41479159286842433e-12,-2.46415873570651769e-12,-1.22500493385584870e-12,-6.17935582976145966e-13,3.53123386029911517e-10,-5.04060083843023414e-11,-6.99117867072906615e-11,1.19022636580265923e-10,19,4,1,5.76460752303767552e+17
48,2,194,-4.87290916557973581e-21,1.58952992683158115e-11,1.58951319948729107e-11,-5.66463786659244701e-21,7.42177246421072429e-11,-8.25170692575995113e-11,1.56734793899706754e-10,8.25170692519348751e-11,4.41878044375649973e-10,-6.59969567003517716e-21,4.69850103059164670e-22,-8.52784003396718860e-22,-1.54841405616253091e-22,2.55940882306507739e-11,1.25465467852876168e-11,6.37063423117910693e-12,3.20958137010620131e-12,2.55940882372504700e-11,1.25465467848177670e-11,6.37063423203189056e-12,3.20958137026104282e-12,-8.25170692575995113e-11,2.54984566340749809e-10,-1.48411512853391796e-10,-1.86893478034900164e-10,19,4,1,5.76460752303767552e+17
48,3,195,-3.81641408790143636e-21,8.23366926733950900e-12,8.23572277981399806e-12,-4.43117069956426985e-21,1.68408939170799863e-11,-3.12674167306964243e-10,3.29515061224044223e-10,3.12674167302533088e-10,3.97004895852630802e-10,-5.16736390350799003e-21,3.71730298714489854e-22,-6.68554913840993855e-22,-1.20870873821449693e-22,1.28301017282836023e-11,4.33350268602980682e-12,1.95806903527286164e-12,8.45267475150228145e-13,1.28301017334509657e-11,4.33350268565807638e-12,1.95806903594141664e-12,8.45267475271099003e-13,-3.12674167306964243e-10,-2.61485593455970209e-10,-8.48568986064303515e-11,8.43307285456665721e-11,19,4,1,5.76460752303767552e+17
49,0,196,-2.98845027943936581e-21,-9.18999951731846958e-12,-9.19089246649971597e-12,-3.46647585024957294e-21,-3.63836342516183504e-11,1.75844911925606299e-10,2.12228546177224662e-10,1.75844911929072780e-10,3.12275482131561728e-10,-4.04525724259373531e-21,2.93784675488222156e-22,-5.24040216212353691e-22,-9.43601663968537040e-23,-1.54295799253105620e-11,-1.00842058100761103e-11,-5.17055727795379187e-12,-2.69522860854069598e-12,-1.54295799212653063e-11,-1.00842058103698951e-11,-5.17055727742975195e-12,-2.69522860844633600e-12,1.75844911925606299e-10,-6.08002258897443472e-11,1.98426233807868191e-11,-1.36430570205955455e-10,19,4,1,5.76460752303767552e+17
49,1,197,-2.33975330405933483e-21,1.45112633012853959e-12,1.45315489980473380e-12,-2.71201380349364017e-21,3.21274936598156448e-12,-7.18782226584018106e-11,7.50909720243833730e-11,7.18782226556897955e-11,4.30870399314386288e-10,-3.16640050864839743e-21,2.31934994478953771e-22,-4.10703846396022316e-22,-7.36724485263002681e-23,2.15155894301881088e-12,6.37782085760797154e-13,5.79759528156784633e-13,3.50333244641073284e-13,2.15155894618521141e-12,6.37782085528862152e-13,5.79759528567488491e-13,3.50333244714745723e-13,-7.18782226584018106e-11,1.72409075548078104e-10,-1.79526625501772137e-10,2.51343773812614125e-10,19,4,1,5.76460752303767552e+17
49,2,198,-1.83163063394781272e-21,-2.46608691047957609e-12,-2.46623378648026993e-12,-2.12197275685129390e-21,-4.13737047156980054e-11,-2.37965067223654201e-11,1.75771979933325853e-11,2.37965067202434466e-11,5.45715013067307364e-10,-2.47821467094802120e-21,1.82913038754601475e-22,-3.21837683040879817e-22,-5.75290427883098818e-23,-4.15011280683773705e-12,-2.51422946348026393e-12,-1.08610816690920795e-12,-5.32981730536899132e-13,-4.15011280435952251e-12,-2.51422946366317707e-12,-1.08610816658737027e-12,-5.32981730479370093e-13,-2.37965067223654201e-11,3.94632655102793269e-10,1.10723569678265295e-10,-1.51082357964514095e-10,19,4,1,5.76460752303767552e+17
49,3,199,-1.43370548647374490e-21,-3.12229391980429910e-12,-3.12267879654446419e-12,-1.66051014552474403e-21,-1.05234846423319305e-11,8.94023436380348940e-11,9.99258282803668261e-11,8.94023436396954074e-11,5.27848697504891357e-10,-1.93943934053031081e-21,1.44102428644025553e-22,-2.52171792311970938e-22,-4.49314418945062788e-23,-5.09294011579082575e-12,-2.51919715373386176e-12,-1.07539710591865175e-12,-5.14511225927779382e-13,-5.09294011385138610e-12,-2.51919715387796406e-12,-1.07539710566648000e-12,-5.14511225882847986e-13,8.94023436380348940e-11,-2.64459932298110590e-10,-3.84641927869150371e-10,-4.38446353866856463e-10,19,4,1,5.76460752303767552e+17
50,0,200,-1.12213910276567844e-21,1.99616856037568865e-12,1.99598330346541020e-12,-1.29958923846725616e-21,1.71817000029604033e-12,2.09410554361773723e-10,2.07692384361477684e-10,2.09410554363073301e-10,4.01238923610386947e-10,-1.51770894253228124e-21,1.13410905144744877e-22,-1.97567383384403215e-22,-3.51001839847019475e-23,3.28373483537468881e-12,2.05316286041679182e-12,1.19634299194409937e-12,6.27868838519796530e-13,3.28373483689239762e-12,2.05316286030338083e-12,1.19634299214166669e-12,6.27868838554896675e-13,2.09410554361773723e-10,2.59648393915161119e-10,-1.41590529695225802e-10,-5.88256417335924444e-11,19,4,1,5.76460752303767552e+17
50,1,201,-8.78230706283770023e-22,1.19299293916185075e-11,1.19291336166016168e-11,-1.01728321215057749e-21,5.51254901757406365e-11,2.24973260661451508e-10,1.69847770485710871e-10,2.24973260662468785e-10,4.24070122117903347e-10,-1.18764470528904322e-21,8.91672500832861663e-23,-1.54775007872699998e-22,-2.74269775942675895e-23,1.92813864592450173e-11,9.68016675730227944e-12,4.87921066975013441e-12,2.42237918020089644e-12,1.92813864604326613e-11,9.68016675721311196e-12,4.87921066990490928e-12,2.42237918022832345e-12,2.24973260661451508e-10,1.88930542002273432e-10,-1.99096861456451839e-10,4.91795110496792661e-11,19,4,1,5.76460752303767552e+17
50,2,202,-6.87315452077690925e-22,2.03950689543788426e-11,2.03940219154018335e-11,-7.96446265101203676e-22,2.18353661939269962e-13,1.33042443472805693e-10,1.32824089810866428e-10,1.33042443473602139e-10,6.23827519077756504e-10,-9.29353464773494305e-22,7.00381363627016697e-23,-1.21244208007130388e-22,-2.14372288899999754e-23,3.26548724441567170e-11,1.49101271386463685e-11,7.25848811719206754e-12,3.50833621103853120e-12,3.26548724450860673e-11,1.49101271385763296e-11,7.25848811731331170e-12,3.50833621105996843e-12,1.33042443472805693e-10,-4.90785075604950786e-10,9.64773831257468407e-11,-1.96880932677612132e-10,19,4,1,5.76460752303767552e+17
50,3,203,-5.37897371808574074e-22,2.23459559253413605e-11,2.23483913991985180e-11,-6.23672761988412943e-22,-1.50614221388036123e-11,2.16503649171072177e-11,3.67117870559108300e-11,2.16503649177308893e-11,2.03022337688979992e-10,-7.27247144935996042e-22,5.49611028808358949e-23,-9.49737211654529849e-23,-1.67607291669981095e-23,3.53477138087090014e-11,1.42633498580154457e-11,6.74012322712126753e-12,3.14750479361464309e-12,3.53477138094362482e-11,1.42633498579604850e-11,6.74012322721624143e-12,3.14750479363140400e-12,2.16503649171072177e-11,5.02468711793186084e-11,1.39356349867305467e-10,2.24672702606087210e-10,19,4,1,5.76460752303767552e+17
51,0,204,-4.20967540707321260e-22,1.82476886144748612e-11,1.82480275976361961e-11,-4.88482288998332071e-22,-1.36332356269603567e-13,2.70460976657725074e-10,2.70597309013994699e-10,2.70460976658213576e-10,7.47838081802751329e-10,-5.69114877082523341e-22,4.30905734563045077e-23,-7.43936429359324508e-23,-1.31087389017794435e-23,2.83234511242802946e-11,9.20211420332661857e-12,4.19872494451744502e-12,1.83985273265392688e-12,2.83234511248494110e-11,9.20211420328352763e-12,4.19872494459183877e-12,1.83985273266703576e-12,2.70460976657725074e-10,-3.49833819307097610e-10,-4.77377105145026255e-10,5.43629010612365890e-11,19,4,1,5.76460752303767552e+17
51,1,205,-3.29468158787811050e-22,2.73009842288464196e-11,2.73006424196855104e-11,-3.82681812541199080e-22,-2.70390039289268885e-11,-1.07773824493554752e-10,8.07348205646278565e-11,1.07773824493172064e-10,4.59882055874898513e-10,-4.45394048742778993e-22,3.37544236683239911e-23,-5.82727642835859146e-23,-1.02560821649374242e-23,4.27659320783659430e-11,1.59116276650281341e-11,7.73633706725494966e-12,3.64576260318100533e-12,4.27659320788113345e-11,1.59116276649943813e-11,7.73633706731322227e-12,3.64576260319126108e-12,-1.07773824493554752e-10,-5.67655880368453265e-10,-2.62929894628120678e-10,-3.34845372782728834e-10,19,4,1,5.76460752303767552e+17
51,2,206,-2.57871520203348129e-22,1.55693044069027770e-11,1.55688032603728093e-11,-2.99866613892210557e-22,-9.01372284215652847e-11,-2.37832107743162950e-10,1.47694879321597652e-10,2.37832107742863097e-10,5.93916545587486695e-10,-3.48597906204630903e-22,2.64190721729361499e-23,-4.56457311616270779e-23,-8.02716285256811978e-24,2.34424953501413474e-11,4.83483745259394163e-12,2.18687551538489811e-12,8.04713952891787040e-13,2.34424953504899458e-11,4.83483745256752275e-12,2.18687551543054370e-12,8.04713952899814186e-13,-2.37832107743162950e-10,-3.32750041771052665e-10,-1.33295938736155036e-10,-7.27212484323641731e-10,19,4,1,5.76460752303767552e+17
51,3,207,-2.01849394481091814e-22,-4.81529430423404451e-14,-4.73980119730688473e-14,-2.35029919371186420e-22,-5.25491384665960808e-11,-5.42133810385671392e-10,4.89584671919075357e-10,5.42133810385436369e-10,9.88487352395314823e-10,-2.72866295804876180e-22,2.06614559624420840e-23,-3.57558066275988524e-23,-6.28504865856280206e-24,-1.76118497114375388e-12,-7.26650707854661143e-12,-3.55393713578379093e-12,-1.97719325021594002e-12,-1.76118497087088767e-12,-7.26650707856727317e-12,-3.55393713574803516e-12,-1.97719325020965498e-12,-5.42133810385671392e-10,1.35639571278355479e-10,1.39499883986893317e-10,4.46353542009643483e-10,19,4,1,5.76460752303767552e+17
52,0,208,-1.58013520990634180e-22,-2.72173385467812310e-11,-2.72178197059642750e-11,-1.84257630945539895e-22,-1.02291914719118134e-10,-4.76399521951543087e-10,3.74107607232424966e-10,4.76399521951358833e-10,4.96120222620696868e-10,-2.13613210052210400e-22,1.61465596722010454e-23,-2.80099091679608378e-23,-4.92295321685032315e-24,-4.52200785763609489e-11,-2.67517542084283914e-11,-1.28543166112683117e-11,-6.46149207490844604e-12,-4.52200785761473360e-11,-2.67517542084445376e-11,-1.28543166112403022e-11,-6.46149207490352335e-12,-4.76399521951543087e-10,-2.93980052132761202e-10,1.97207006691537287e-11,-2.00826119331822218e-10,19,4,1,5.76460752303767552e+17
52,1,209,-1.23712008728199089e-22,-4.49469360977765863e-11,-4.49460281422085922e-11,-1.44489658817911274e-22,-1.03907816677893407e-10,2.39061899851945460e-10,3.42969716529838880e-10,2.39061899852089958e-10,1.05754628605961984e-09,-1.67250396939458604e-22,1.26094212918079861e-23,-2.19433063507770754e-23,-3.85759190018976106e-24,-7.28105586677776005e-11,-3.57574288076510813e-11,-1.67506711734255013e-11,-8.12603112462427997e-12,-7.28105586676103549e-11,-3.57574288076636894e-11,-1.67506711734035584e-11,-8.12603112462042195e-12,2.39061899851945460e-10,3.41905023497866144e-11,1.36484747546494201e-11,-8.18484386207674432e-10,19,4,1,5.76460752303767552e+17
52,2,210,-9.68696637259253003e-23,-2.30602245331335364e-11,-2.30603430848442999e-11,-1.13333360493033427e-22,-1.57559576461215408e-11,3.29191988155177286e-10,3.44947945801298834e-10,3.29191988155290610e-10,4.47055372266971763e-10,-1.30970704798498457e-22,9.84074159163928453e-24,-1.71918995605218210e-23,-3.02400069976586207e-24,-3.61592445572563251e-11,-1.21170879321415681e-11,-4.58018253441007271e-12,-1.81995891855986219e-12,-3.61592445571253527e-11,-1.21170879321514086e-11,-4.58018253439288044e-12,-1.81995891855683821e-12,3.29191988155177286e-10,-1.17863384111794503e-10,-6.42367160968383642e-11,9.49356467545198698e-11,19,4,1,5.76460752303767552e+17
52,3,211,-7.58628157057476880e-23,-1.34400831269443337e-12,-1.34345895391982355e-12,-8.89177328492336501e-23,-7.50354616221861577e-11,9.28552877354623251e-11,1.67890749357648483e-10,9.28552877355512471e-11,8.28794654080847599e-10,-1.02578316967030417e-22,7.67539112888699054e-24,-1.34704746360380625e-23,-2.37149702397887972e-24,-6.68664063381697008e-13,6.46121100814903591e-12,4.13781216312697034e-12,2.37374918481935522e-12,-6.68664063279118736e-13,6.46121100814136025e-12,4.13781216314044111e-12,2.37374918482172690e-12,9.28552877354623251e-11,-5.30764067606867299e-10,2.98030586473980248e-10,4.50975076929828302e-11,19,4,1,5.76460752303767552e+17
53,0,212,-5.94212263760068457e-23,3.87881090891597366e-12,3.87995064666405108e-12,-6.97794686014427659e-23,-1.28467841622532857e-10,1.04636275311357208e-10,2.33104116933890039e-10,1.04636275311426988e-10,1.02417009095513840e-09,-8.03557755538896292e-23,5.98324402386304582e-24,-1.05556394276826944e-23,-1.86053136331894467e-24,7.46388177385408678e-12,8.38953692791654156e-12,4.28278831476297431e-12,2.18119303965603986e-12,7.46388177393444285e-12,8.38953692791055904e-12,4.28278831477352975e-12,2.18119303965790021e-12,1.04636275311357208e-10,-5.18226008235030136e-10,-5.91790488165239670e-10,4.32379602789898730e-10,19,4,1,5.76460752303767552e+17
53,1,213,-4.65512468631978309e-23,8.43509298478464420e-12,8.43383367306612193e-12,-5.47739211104859347e-23,2.12273329874903884e-11,-2.41723131815375968e-11,4.53996461690279819e-11,2.41723131814828219e-11,1.11411270371233719e-09,-6.29598563650068973e-23,4.66187760420268032e-24,-8.27244214631259453e-24,-1.46023369390893481e-24,1.44160598563168413e-11,9.77410933363061051e-12,4.52153243624632924e-12,2.18297106667118561e-12,1.44160598563798007e-11,9.77410933362594793e-12,4.52153243625460185e-12,2.18297106667264570e-12,-2.41723131815375968e-11,-2.27576894820072993e-10,-2.77918557053304833e-10,-1.13828501689387471e-09,19,4,1,5.76460752303767552e+17
53,2,214,-3.64756405740200173e-23,5.50204796857220565e-12,5.49956970255018005e-12,-4.30055359204283005e-23,-3.09594200109498585e-11,-1.08981139955521549e-09,1.05885197954426572e-09,1.08981139955517247e-09,1.29478199519870289e-09,-4.93400600633076264e-23,3.63076621590997457e-24,-6.48387934178708036e-24,-1.14650148918266361e-24,9.22770678871556597e-12,5.22999077296624929e-12,2.03808802683030707e-12,8.88754113766521738e-13,9.22770678876490600e-12,5.22999077296261826e-12,2.03808802683679082e-12,8.88754113767668199e-13,-1.08981139955521549e-09,4.13796583719984371e-12,2.04970595643487404e-10,-5.89528631317882947e-11,19,4,1,5.76460752303767552e+17
53,3,215,-2.85864710706706596e-23,-4.96187993551625301e-11,-4.96179060801577938e-11,-3.37734935715055500e-23,-2.48825475585715470e-11,-5.31395953184038618e-10,5.06513405625467048e-10,5.31395953184004807e-10,7.08326794615314761e-10,-3.86748248219429515e-23,2.82666983265980797e-24,-5.08267163341208723e-24,-9.00509842676615438e-25,-8.01225638147047417e-11,-4.03751623144175346e-11,-2.06973753396998458e-11,-1.04437792503724822e-11,-8.01225638146660710e-11,-4.03751623144203587e-11,-2.06973753396947631e-11,-1.04437792503715823e-11,-5.31395953184038618e-10,-2.45556389679796394e-10,1.76930841431276117e-10,-2.91347614367661116e-10,19,4,1,5.76460752303767552e+17
54,0,216,-2.24082283214559512e-23,-6.48069315713004320e-11,-6.48063002602238251e-11,-2.65292368578951381e-23,-2.11117625655048317e-11,-1.35731957390134739e-10,1.14620194824629907e-10,1.35731957390108217e-10,9.76629468356645740e-10,-3.03216197709065773e-23,2.19997668644086996e-24,-3.98481856958582835e-24,-7.07550495465129859e-25,-1.03429935186463900e-10,-4.59466628308122254e-11,-2.23674742442365999e-11,-1.07504302368654297e-11,-1.03429935186433579e-10,-4.59466628308144226e-11,-2.23674742442326159e-11,-1.07504302368647221e-11,-1.35731957390134739e-10,-2.09222638414249479e-10,6.56630401936327641e-11,7.67406829942396262e-10,19,4,1,5.76460752303767552e+17
54,1,217,-1.75689752521697522e-23,-5.67301963582524896e-11,-5.67295907380983885e-11,-2.08432823784381514e-23,1.12623357901878757e-10,-5.88879255861029699e-10,7.01502613762908456e-10,5.88879255861008813e-10,1.33365696897255759e-09,-2.37779070487690767e-23,1.71180654683416583e-24,-3.12454884253200742e-24,-5.56127098861151871e-25,-8.90038429519297605e-11,-3.28435607158887084e-11,-1.52821281778401693e-11,-6.92154488395619832e-12,-8.90038429519059791e-11,-3.28435607158904209e-11,-1.52821281778370447e-11,-6.92154488395564255e-12,-5.88879255861029699e-10,-2.76602646370893048e-10,-2.93547413686328566e-10,7.44777713111527887e-10,19,4,1,5.76460752303767552e+17
54,2,218,-1.37777748796041467e-23,-7.26004999577552054e-11,-7.26002243715838906e-11,-1.63792846505057737e-23,1.30745079483929116e-10,4.42523892592083977e-11,8.64926902247207179e-11,4.42523892592247798e-11,7.29421062622937731e-10,-1.86506111416420557e-23,1.33171957859624025e-24,-2.45036454675503164e-24,-4.37250075847889347e-25,-1.13820592251542891e-10,-4.23555270643194311e-11,-2.02848394030437616e-11,-9.44482474596968692e-12,-1.13820592251524241e-10,-4.23555270643207623e-11,-2.02848394030413124e-11,-9.44482474596924910e-12,4.42523892592083977e-11,-1.55020587004367883e-10,-5.32420675181458110e-10,1.97000387441479620e-10,19,4,1,5.76460752303767552e+17
54,3,219,-1.08070341098849113e-23,-5.34117056994334834e-11,-5.34101022274903077e-11,-1.28737655240123526e-23,2.38741233347050840e-10,9.31984461977074715e-10,6.93243228630023875e-10,9.31984461977087536e-10,1.44931890275942673e-09,-1.46322452277350410e-23,1.03590661170201369e-24,-1.92194299893447907e-24,-3.43886954094182592e-25,-8.17990774455197574e-11,-2.25577235849743597e-11,-1.04695727994286696e-11,-4.42692927797902068e-12,-8.17990774455051266e-11,-2.25577235849753969e-11,-1.04695727994267471e-11,-4.42692927797867656e-12,9.31984461977074715e-10,-5.17334440782352014e-10,7.68338855680762533e-10,4.21663149006566001e-10,19,4,1,5.76460752303767552e+17
55,0,220,-8.47869536021092648e-24,5.62842895964863642e-12,5.62863433266059406e-12,-1.01202690595191067e-23,1.25975285822808472e-10,-2.97256782340763031e-10,4.23232068163571477e-10,2.97256782340752898e-10,5.61724442314609892e-10,-1.14822452769540567e-23,8.05761556447558567e-25,-1.50771058199241368e-24,-2.70533798646715065e-25,1.38588033105938008e-11,2.54019059456106897e-11,1.28295165833957415e-11,7.06631282252577478e-12,1.38588033106052828e-11,2.54019059456098851e-11,1.28295165833972489e-11,7.06631282252604539e-12,-2.97256782340763031e-10,2.64467659973846913e-10,7.76069092146707107e-11,6.90131467514688579e-11,19,4,1,5.76460752303767552e+17
55,1,221,-6.65343873393969629e-24,-9.36498909276739278e-12,-9.36453817774407208e-12,-7.95697352810102133e-24,1.40066096018890669e-10,-4.22787830889714946e-10,5.62853926908605614e-10,4.22787830889706984e-10,1.40268549764082718e-09,-9.01237719965264433e-24,6.26756724931733606e-25,-1.18294309421591679e-24,-2.12880976350513374e-25,-1.17700517279846535e-11,5.45985557885880038e-12,1.34640403819195951e-12,7.41008116155446039e-13,-1.17700517279756418e-11,5.45985557885817353e-12,1.34640403819314252e-12,7.41008116155658893e-13,-4.22787830889714946e-10,5.11655528217075894e-10,9.79897666751112134e-10,6.96269369094010376e-10,19,4,1,5.76460752303767552e+17
55,2,222,-5.22223912259771162e-24,-2.75323653108466573e-11,-2.75328652501038423e-11,-6.25700429278601255e-24,2.23161723550379743e-10,3.35193071770305771e-10,1.12031348219926027e-10,3.35193071770312026e-10,5.86746445575142660e-10,-7.07532892800344802e-24,4.87557906159215421e-25,-9.28278506790683927e-25,-1.67552408737830471e-25,-4.18606752690174431e-11,-1.25295246132738621e-11,-7.80232993146186375e-12,-3.83848572267274965e-12,-4.18606752690103668e-11,-1.25295246132743501e-11,-7.80232993146093479e-12,-3.83848572267258244e-12,3.35193071770305771e-10,1.40737486490827423e-10,7.27483932065970109e-10,3.71110786613473642e-10,19,4,1,5.76460752303767552e+17
55,3,223,-4.09976502123421215e-24,-4.26242173885889873e-12,-4.26332285196540828e-12,-4.92085699853397492e-24,2.43996757004976829e-10,9.76483468628473822e-10,7.32486711623496993e-10,9.76483468628478785e-10,1.40489252793512930e-09,-5.55579253909262582e-24,3.79328940469557478e-25,-7.28552696749204542e-25,-1.31902084792081265e-25,-4.32660242113000839e-12,6.51254010134916358e-12,2.17567357629707595e-12,1.35967889649671874e-12,-4.32660242112445239e-12,6.51254010134878392e-12,2.17567357629780458e-12,1.35967889649685061e-12,9.76483468628473822e-10,1.15920046973716596e-09,-2.45692058197963338e-10,-2.32191883550664199e-11,19,4,1,5.76460752303767552e+17
56,0,224,-3.21921744812134477e-24,4.55358040427427549e-11,4.55365403830699765e-11,-3.87046987302932022e-24,1.54724034022502840e-11,-5.72888291970185511e-10,5.88360695372435814e-10,5.72888291970181685e-10,1.07562661201099842e-09,-4.36349287279184364e-24,2.95185864727619094e-25,-5.71888073813572670e-25,-1.03855198262270756e-25,7.55245269551722365e-11,4.38347365496907131e-11,2.06860693306445352e-11,1.04881782389639235e-11,7.55245269551766051e-11,4.38347365496904158e-11,2.06860693306451072e-11,1.04881782389640269e-11,-5.72888291970185511e-10,1.81021046687276591e-10,1.46087150580108981e-10,5.02738320040813014e-10,19,4,1,5.76460752303767552e+17
56,1,225,-2.52829478366256374e-24,7.35558214337587634e-12,7.35585163472470983e-12,-3.04458496061626208e-24,4.39408414867183390e-11,3.00731548153365018e-10,2.56790706666646653e-10,3.00731548153368068e-10,1.57517794494867487e-09,-3.42773758907426344e-24,2.29768952304386004e-25,-4.48980197727219809e-25,-8.17840715080030602e-26,1.20533749740844213e-11,4.35702698706232769e-12,1.38616595556469886e-13,-2.66321621022116454e-13,1.20533749740878496e-11,4.35702698706209828e-12,1.38616595556918868e-13,-2.66321621022034665e-13,3.00731548153365018e-10,1.42089999600116668e-09,6.03277746232971944e-10,-1.54277948947508186e-10,19,4,1,5.76460752303767552e+17
56,2,226,-1.98603779832006201e-24,2.05898199996514528e-11,2.05891517472117454e-11,-2.39511698369709421e-24,1.40275619272556649e-10,5.37740546717814140e-10,3.97464927445257466e-10,5.37740546717816519e-10,2.09350405503347086e-09,-2.69315634479841951e-24,1.78907556732412022e-25,-3.52539383470777160e-25,-6.44112051489878104e-26,3.30855159925749702e-11,1.43976885243661528e-11,5.91297609177871357e-12,2.84869044347412891e-12,3.30855159925776650e-11,1.43976885243659735e-11,5.91297609177906577e-12,2.84869044347419313e-12,5.37740546717814140e-10,-8.92201947795813560e-10,-1.55576350831565672e-09,4.65521364383813353e-10,19,4,1,5.76460752303767552e+17
56,3,227,-1.56036272141273151e-24,4.25354233219807096e-11,4.25356075642436965e-11,-1.88431010237203410e-24,2.90325957734957612e-11,8.68376512232435587e-10,8.39343916458939791e-10,8.68376512232437449e-10,9.80479867550154430e-10,-2.11636932241203644e-24,1.39357913461830787e-25,-2.76853619952569615e-25,-5.07334873192605537e-26,6.79926303340284000e-11,3.00005528311595276e-11,1.39873830924581451e-11,6.85225664163977422e-12,6.79926303340305196e-11,3.00005528311593854e-11,1.39873830924584214e-11,6.85225664163982511e-12,8.68376512232435587e-10,5.00064399769139769e-10,-5.33890664363505683e-11,-1.12103355317718739e-10,19,4,1,5.76460752303767552e+17
57,0,228,-1.22613212892217690e-24,7.58229067572849625e-11,7.58219098441545653e-11,-1.48251091606553541e-24,3.70076417244344470e-10,1.17993908465235121e-09,8.09862667408006737e-10,1.17993908465235266e-09,1.87281977312398961e-09,-1.66338208724948248e-24,1.08598225982611203e-25,-2.17446437322470119e-25,-3.99629150703143695e-26,1.20824859045588040e-10,5.25750478833319700e-11,2.51822984808083687e-11,1.22384524817016804e-11,1.20824859045589694e-10,5.25750478833318601e-11,2.51822984808085852e-11,1.22384524817017208e-11,1.17993908465235121e-09,1.29990586210889126e-10,-1.60352118352177848e-10,1.71246765477181166e-09,19,4,1,5.76460752303767552e+17
57,1,229,-9.63646224382750565e-25,1.16877167990701722e-10,1.16875341029524254e-10,-1.16642358263186409e-24,-3.78988387364337731e-10,1.09815714218071728e-09,1.47714552954505496e-09,1.09815714218071852e-09,2.06757836855311634e-09,-1.30754811802626134e-24,8.46686751486801243e-26,-1.70809084254062369e-25,-3.14802067817635855e-26,1.85595029115678059e-10,7.84182909033289023e-11,3.77207274599000190e-11,1.81422243314862353e-11,1.85595029115679377e-10,7.84182909033288119e-11,3.77207274599001870e-11,1.81422243314862676e-11,1.09815714218071728e-09,-9.69421226372399059e-10,9.28716964321495072e-11,5.42524461349432176e-10,19,4,1,5.76460752303767552e+17
57,2,230,-7.57462733811653044e-25,1.44356243006575351e-10,1.44353794982545065e-10,-9.17742234325845515e-25,-2.83712536838027909e-10,-4.71009806520351627e-10,1.87297269682323718e-10,4.71009806520350697e-10,2.69595000489021070e-09,-1.02797503757756286e-24,6.60466166418972615e-26,-1.34190861235191317e-25,-2.47984832321196476e-26,2.27754455610011899e-10,9.02342156933024562e-11,4.31203734491935146e-11,2.03724397102721900e-11,2.27754455610012933e-10,9.02342156933023916e-11,4.31203734491936503e-11,2.03724397102722158e-11,-4.71009806520351627e-10,-1.21726813144907570e-09,1.47868187344113500e-09,-5.86811820056471832e-10,19,4,1,5.76460752303767552e+17
57,3,231,-5.95473687027432727e-25,8.75343876349056841e-11,8.75348522473300307e-11,-7.22078752186418847e-25,-5.87017646663081011e-10,-3.52251026439205566e-10,2.34766620223875445e-10,3.52251026439204842e-10,4.28720513098999121e-10,-8.08277676470561102e-25,5.15493101482229752e-26,-1.05434967479617401e-25,-1.95348167808321099e-26,1.33521160773044632e-10,3.37183740370826290e-11,1.47236887658744558e-11,5.81230576327854728e-12,1.33521160773045434e-10,3.37183740370825773e-11,1.47236887658745624e-11,5.81230576327856666e-12,-3.52251026439205566e-10,-2.28309153190804544e-11,-4.51551428418079549e-10,-1.86780778898645292e-10,19,4,1,5.76460752303767552e+17
58,0,232,-4.68183031172750427e-25,4.88195601970360218e-11,4.88195205301209777e-11,-5.68121830600405247e-25,-2.21919463557024046e-10,-1.77154974910129688e-09,1.54963028554427293e-09,1.77154974910129626e-09,2.15917664498844370e-09,-6.35602282421859702e-25,4.02581665880858913e-26,-8.28499681260617060e-26,-1.53879322303582895e-26,7.06526235644223014e-11,3.04581657494820073e-12,1.02554683273867367e-12,-5.93083584666732105e-13,7.06526235644229348e-11,3.04581657494816034e-12,1.02554683273875647e-12,-5.93083584666716757e-13,-1.77154974910129688e-09,3.87626895887146923e-10,-8.42782473811379637e-10,-1.68351433918649311e-09,19,4,1,5.76460752303767552e+17
58,1,233,-3.68141271564232645e-25,-5.15083237166196968e-11,-5.15105939255311707e-11,-4.46977222325252805e-25,-3.61898501429568947e-10,-8.93063888364828719e-10,5.31165386935259720e-10,8.93063888364828305e-10,2.23745256821330935e-09,-4.99862736464724503e-25,3.14597960894114778e-26,-6.51091401252077079e-26,-1.21207199558300099e-26,-9.06104256357238606e-11,-7.22619330613438974e-11,-3.49466427879592296e-11,-1.80902523751018338e-11,-9.06104256357233566e-11,-7.22619330613439232e-11,-3.49466427879591650e-11,-1.80902523751018209e-11,-8.93063888364828719e-10,1.25721859113229782e-09,-2.46746842296377392e-10,1.34438867984848043e-09,19,4,1,5.76460752303767552e+17
58,2,234,-2.89502906917825793e-25,-8.56692277325192260e-11,-8.56690640303227764e-11,-3.51649959585877594e-25,-1.11748392833601580e-10,4.97199927080245169e-10,6.08948319913846775e-10,4.97199927080245479e-10,1.17966463379687749e-09,-3.93142564353468943e-25,2.46001608635134562e-26,-5.11716391655017989e-26,-9.54651559387770365e-27,-1.42465572171815007e-10,-8.24269473017983669e-11,-3.75422315921326361e-11,-1.83745859775685756e-11,-1.42465572171814619e-10,-8.24269473017983928e-11,-3.75422315921325844e-11,-1.83745859775685659e-11,4.97199927080245169e-10,5.59067539047977790e-10,6.77428902076860336e-10,1.67686456087712266e-09,19,4,1,5.76460752303767552e+17
58,3,235,-2.27679905007026593e-25,-4.26234910650339054e-11,-4.26239138638690527e-11,-2.76637868894827487e-25,8.81542961528103888e-12,8.45891664454039946e-10,8.37076234838758870e-10,8.45891664454040256e-10,3.08330116021653613e-09,-3.09226630232286741e-25,1.92489408714973882e-26,-4.02207476885630909e-26,-7.51832946534278986e-27,-6.93933735814310502e-11,-3.12915823689502878e-11,-1.09538364523238279e-11,-4.55899364842334188e-12,-6.93933735814307400e-11,-3.12915823689503071e-11,-1.09538364523237875e-11,-4.55899364842333461e-12,8.45891664454039946e-10,-5.17330233093128889e-10,-2.23740949576249628e-09,-4.55297579238474464e-10,19,4,1,5.76460752303767552e+17
59,0,236,-1.79070308153509824e-25,8.78057806316965423e-12,8.78128016491134742e-12,-2.17612358623910589e-25,1.60282273415425873e-10,2.04650093087136066e-10,4.43678196717101929e-11,2.04650093087136273e-10,6.19934397409666753e-10,-2.43234288009112834e-25,1.50718516871256764e-26,-3.16154950529327010e-26,-5.92038734819019986e-27,1.52047775881768248e-11,1.53698290592075259e-11,1.11501683009768698e-11,6.14331542202457671e-12,1.52047775881770671e-11,1.53698290592075098e-11,1.11501683009769021e-11,6.14331542202458237e-12,2.04650093087136066e-10,4.35612248409514594e-10,3.64888716750110103e-10,-1.84322149000152133e-10,19,4,1,5.76460752303767552e+17
59,1,237,-1.40845623220803718e-25,1.72162866329302880e-11,1.72149327158300870e-11,-1.71167666859322752e-25,-7.07220105649669428e-10,1.43473774773835695e-09,2.14195785338802638e-09,1.43473774773835716e-09,2.75451517723874719e-09,-1.91331927921504018e-25,1.18091494995687155e-26,-2.48527475401910227e-26,-4.66148339660144038e-27,2.85490336351948020e-11,1.85462587023963312e-11,1.06984788170813087e-11,5.27511882661630846e-12,2.85490336351949926e-11,1.85462587023963182e-11,1.06984788170813329e-11,5.27511882661631331e-12,1.43473774773835695e-09,1.69983959406840123e-09,2.59759965655539694e-10,-1.05467558317034597e-09,19,4,1,5.76460752303767552e+17
59,2,238,-1.10784217551742078e-25,8.45505188080174453e-11,8.45493126706181202e-11,-1.34623830874349859e-25,-4.76429971611252448e-10,-6.96513704083412402e-10,2.20083732472159954e-10,6.96513704083412298e-10,1.25976855420179135e-09,-1.50507669492263218e-25,9.25894652899755699e-27,-1.95374969619177078e-26,-3.66975461241633183e-27,1.36818024732600519e-10,6.92154228744289251e-11,3.48497174145925125e-11,1.70859920323085882e-11,1.36818024732600674e-10,6.92154228744289121e-11,3.48497174145925319e-11,1.70859920323085914e-11,-6.96513704083412402e-10,-8.77846755553919370e-11,-1.17730510342210123e-09,-1.34755322975718328e-09,19,4,1,5.76460752303767552e+17
59,3,239,-8.71407290654538771e-26,3.11728727687233687e-11,3.11731290329975634e-11,-1.05871826932813534e-25,-8.50517850892319341e-10,-1.33005146554587777e-09,4.79533614653558429e-10,1.33005146554587756e-09,2.24121210719761884e-09,-1.18394712782057700e-25,7.26426406164244545e-27,-1.53595703256566966e-26,-2.88857107508743984e-27,4.83251153107536877e-11,1.44560211995206956e-11,5.76223340201738014e-12,1.89924681546708049e-12,4.83251153107538041e-11,1.44560211995206891e-11,5.76223340201739549e-12,1.89924681546708331e-12,-1.33005146554587777e-09,-3.06073511706996176e-09,-8.19523009872342919e-10,-1.09771386482588187e-09,19,4,1,5.76460752303767552e+17
60,0,240,-6.85436762466575904e-26,-4.21022146664402785e-11,-4.21033693562039937e-11,-8.32518238567101881e-26,-7.25784660770325622e-10,-7.69378853747609211e-10,4.35941929772835898e-11,7.69378853747609108e-10,1.70025395798657338e-09,-9.31327982327752274e-26,5.70298790416780577e-27,-1.20753692567834931e-26,-2.27330238310914928e-27,-7.04535525239659219e-11,-4.54424859675776808e-11,-2.35117231088742530e-11,-1.23718185045483928e-11,-7.04535525239658314e-11,-4.54424859675776872e-11,-2.35117231088742401e-11,-1.23718185045483912e-11,-7.69378853747609211e-10,-1.42557343291024913e-09,-7.77713560650775282e-10,2.74680525076324357e-10,19,4,1,5.76460752303767552e+17
60,1,241,-5.39151554017631096e-26,-7.12706330162706299e-11,-7.12707173907200905e-11,-6.54574470978523517e-26,-2.09417941429179694e-10,-1.22523146988241467e-09,1.01581352845323495e-09,1.22523146988241467e-09,3.36281456359134560e-09,-7.32595216038015543e-26,4.48007657679745235e-27,-9.49355005166213884e-27,-1.78877254306690330e-27,-1.15912264994470426e-10,-5.95640703681913605e-11,-2.87657368889785348e-11,-1.41640915768479314e-11,-1.15912264994470348e-10,-5.95640703681913605e-11,-2.87657368889785252e-11,-1.41640915768479298e-11,-1.22523146988241467e-09,-6.69771560162326208e-10,1.82698402285218240e-09,-1.53583054073916320e-09,19,4,1,5.76460752303767552e+17
60,2,242,-4.24078425056969830e-26,-1.16087522399202315e-10,-1.16087307175206198e-10,-5.14604800267665168e-26,-7.96029805864023496e-11,3.07121446904966341e-10,3.86724427491368690e-10,3.07121446904966392e-10,7.80671847244796338e-10,-5.76250451964215113e-26,3.52151726539852291e-27,-7.46379166421281611e-27,-1.40725604440746336e-27,-1.86240474016067179e-10,-8.54431576092819017e-11,-4.06650280329297234e-11,-1.96045157067265888e-11,-1.86240474016067127e-10,-8.54431576092819017e-11,-4.06650280329297170e-11,-1.96045157067265888e-11,3.07121446904966341e-10,2.95074534951482997e-10,-4.73550400339829998e-10,2.00558819861344464e-10,19,4,1,5.76460752303767552e+17
60,3,243,-3.33555565850576284e-26,-7.45639537622036623e-11,-7.45607769885554020e-11,-4.04516280041969237e-26,-1.55103503084545599e-11,6.11009765554323021e-10,6.26520115862777626e-10,6.11009765554323021e-10,2.63137582585437291e-09,-4.53251495623329300e-26,2.76963729936864177e-27,-5.86798392518359036e-27,-1.10689955609760936e-27,-1.16358878147913605e-10,-3.89443672792854725e-11,-1.66323879232821555e-11,-7.07945379986386524e-12,-1.16358878147913553e-10,-3.89443672792854725e-11,-1.66323879232821490e-11,-7.07945379986386443e-12,6.11009765554323021e-10,-2.93416075831630840e-12,-2.02036606030004979e-09,-1.64899356088162962e-09,19,4,1,5.76460752303767552e+17
61,0,244,-2.62344544151510465e-26,-2.67118308347702440e-11,-2.67114106266836938e-11,-3.17939105612067064e-26,-4.24599055061526770e-10,1.14718663885257431e-11,4.36070921450052513e-10,1.14718663885257755e-11,1.68803818120604180e-09,-3.56486669412659684e-26,2.17946668600843069e-27,-4.61331306347739050e-27,-8.70478504823074924e-28,-3.80131604044947914e-11,2.77822150425754699e-12,3.11191679982974872e-12,2.50298608932065339e-12,-3.80131604044947526e-11,2.77822150425754497e-12,3.11191679982975317e-12,2.50298608932065420e-12,1.14718663885257431e-11,-8.21802397862164668e-11,-9.89316538255586460e-10,-1.67656631481751605e-09,19,4,1,5.76460752303767552e+17
61,1,245,-2.06325619650466806e-26,-1.90699059157532565e-11,-1.90691962648696715e-11,-2.49859839657664435e-26,2.81434583280072492e-10,4.91370312412682015e-10,2.09935729132609522e-10,4.91370312412682015e-10,3.28403165921495621e-09,-2.80361957077273587e-26,1.71591548729211930e-27,-3.62683490326160703e-27,-6.84417246505128755e-28,-2.62294684598135848e-11,4.43543830665068698e-12,2.17284618796069012e-12,1.47309309169634390e-12,-2.62294684598135557e-11,4.43543830665068536e-12,2.17284618796069376e-12,1.47309309169634450e-12,4.91370312412682015e-10,-2.61132809332494107e-10,3.02289884988246220e-09,1.15017022634507926e-09,19,4,1,5.76460752303767552e+17
61,2,246,-1.62258452474186210e-26,1.04630480393618729e-11,1.04618777063711665e-11,-1.96332745899598027e-26,1.39354376932001697e-10,-5.25483248431758545e-10,6.64837625363760242e-10,5.25483248431758545e-10,2.51292766300881390e-09,-2.20476663878416452e-26,1.35158286391865509e-27,-2.85121480115446604e-27,-5.38016795532790870e-28,2.07792427664808392e-11,2.41127547392980699e-11,1.10708080071080581e-11,5.70291173167187905e-12,2.07792427664808618e-11,2.41127547392980699e-11,1.10708080071080614e-11,5.70291173167187985e-12,-5.25483248431758545e-10,-1.42339100008539946e-09,1.08953666292341443e-09,-3.41058385223070553e-11,19,4,1,5.76460752303767552e+17
61,3,247,-1.27594122705187205e-26,-1.71173993864506711e-11,-1.71188869615046253e-11,-1.54252572119878331e-26,1.07546758401315006e-10,1.52753603478121124e-09,1.41998927637989624e-09,1.52753603478121124e-09,2.57061069038662592e-09,-1.73368551373292737e-26,1.06505579518910751e-27,-2.24138282284835056e-27,-4.22846043273982709e-28,-2.51485847035306320e-11,-4.99737037244521103e-12,-4.32512860721650397e-12,-2.27926792016113746e-12,-2.51485847035306158e-11,-4.99737037244521184e-12,-4.32512860721650155e-12,-2.27926792016113706e-12,1.52753603478121124e-09,2.07793639234353524e-09,-4.92674298043090684e-10,3.12119282044875107e-10,19,4,1,5.76460752303767552e+17
62,0,248,-1.00327422723740582e-26,6.28094085494518735e-11,6.28114502750029778e-11,-1.21175685993409832e-26,5.75782718850568504e-10,-2.49119573077207016e-09,3.06697844962263856e-09,2.49119573077207016e-09,4.74340339072733865e-09,-1.36313518122209746e-26,8.39587439744642361e-28,-1.76190702837699726e-27,-3.32261792533337755e-28,1.03696112166159239e-10,5.87011510567292487e-11,2.79550723780397459e-11,1.40831388123351490e-11,1.03696112166159252e-10,5.87011510567292487e-11,2.79550723780397491e-11,1.40831388123351490e-11,-2.49119573077207016e-09,2.25220765995526849e-09,-1.25680680731031365e-09,-1.47856246494326495e-09,19,4,1,5.76460752303767552e+17
62,1,249,-7.88807679254717342e-27,-7.41466872626334804e-11,-7.41466720566166245e-11,-9.51792648083040727e-27,-2.28777761691318967e-10,4.13188379228572971e-09,4.36066155397704860e-09,4.13188379228572971e-09,6.67503945672456186e-09,-1.07168117975668076e-26,6.62069883961146472e-28,-1.38493031679701074e-27,-2.61030314811435804e-28,-1.19938365617592647e-10,-6.32385477779325028e-11,-3.41356588427091761e-11,-1.75823889679075103e-11,-1.19938365617592647e-10,-6.32385477779325028e-11,-3.41356588427091761e-11,-1.75823889679075103e-11,4.13188379228572971e-09,1.59796264529431399e-09,-1.88721455318351620e-09,-2.54315566443883256e-09,19,4,1,5.76460752303767552e+17
62,2,250,-6.20129381604528577e-27,1.46915572511213075e-10,1.46914999400887820e-10,-7.47504381057549558e-27,2.11256501043114404e-10,-2.22726562950459913e-09,2.43852213054771366e-09,2.22726562950459913e-09,3.66610215071461689e-09,-8.42457302199764090e-27,5.22235232730883108e-28,-1.08854963712977258e-27,-2.05028937895026520e-28,2.39135996315957096e-10,1.26221917952752155e-10,6.31239898259568309e-11,3.21451220867522165e-11,2.39135996315957096e-10,1.26221917952752155e-10,6.31239898259568309e-11,3.21451220867522165e-11,-2.22726562950459913e-09,1.43883652121001776e-09,5.14324356048771856e-10,3.24400213797699559e-10,19,4,1,5.76460752303767552e+17
62,3,251,-4.87473246588657042e-27,4.11974546023607118e-12,4.12073036195084069e-12,-5.86990096768571880e-27,-4.28183127244804429e-10,-1.30837472067607791e-09,8.80191593431273484e-10,1.30837472067607791e-09,2.41066904738833316e-09,-6.62191726206586980e-27,4.12033878706076380e-28,-8.55542507435955564e-28,-1.61010732970977151e-28,4.09442042334134503e-12,-1.14290813985529372e-11,-8.85005951177122528e-12,-5.52220517950841363e-12,4.09442042334135149e-12,-1.14290813985529372e-11,-8.85005951177122367e-12,-5.52220517950841363e-12,-1.30837472067607791e-09,-7.41236468892877488e-10,8.65048117304983450e-10,-1.54562093008334971e-09,19,4,1,5.76460752303767552e+17
63,0,252,-3.83155032277448484e-27,-6.21568807986862474e-11,-6.21560845797420916e-11,-4.60887433776169010e-27,-1.40863571532270476e-10,3.91829967165647072e-10,5.32693538697917523e-10,3.91829967165647072e-10,3.27128581360495643e-09,-5.20440979580579788e-27,3.25150311469839328e-28,-6.72366265760798676e-28,-1.26418959576945263e-28,-1.02636321461164704e-10,-6.08424887699324586e-11,-3.14734783138530235e-11,-1.60211244255225217e-11,-1.02636321461164704e-10,-6.08424887699324586e-11,-3.14734783138530235e-11,-1.60211244255225217e-11,3.91829967165647072e-10,1.29024939052045184e-09,-6.23497647778951392e-11,-1.98103642308450459e-09,19,4,1,5.76460752303767552e+17
63,1,253,-3.01128528798453824e-27,-2.93074701401414630e-11,-2.93069126898063350e-11,-3.61832651672869323e-27,7.99178433398004408e-11,4.42331041609337311e-10,3.62413198269536896e-10,4.42331041609337311e-10,3.99864125610350409e-09,-4.08987297508352235e-27,2.56625752133665109e-28,-5.28371531964569816e-28,-9.92407519594211840e-29,-4.74191531803814135e-11,-2.24562863027011431e-11,-1.00443138817547584e-11,-4.42974814573099954e-12,-4.74191531803814070e-11,-2.24562863027011431e-11,-1.00443138817547584e-11,-4.42974814573099954e-12,4.42331041609337311e-10,2.24411154263094415e-09,-1.75452971347256014e-09,1.55472312053298455e-09,19,4,1,5.76460752303767552e+17
63,2,254,-2.36636435410655788e-27,-8.31927520954087620e-13,-8.31473383912683409e-13,-2.84034738308623573e-27,-4.58567098514049625e-11,2.44849464814786974e-09,2.49435135799927471e-09,2.44849464814786974e-09,4.33167694964162972e-09,-3.21364460322773819e-27,2.02563807618046529e-28,-4.15183947835924859e-28,-7.78917553448141205e-29,-5.51809865343725544e-13,4.19126580465050086e-12,3.29591027032029152e-12,2.15538590802203658e-12,-5.51809865343722313e-13,4.19126580465050086e-12,3.29591027032029192e-12,2.15538590802203658e-12,2.44849464814786974e-09,-1.88318230149376040e-09,1.29831036657174006e-09,8.11178479195707926e-10,19,4,1,5.76460752303767552e+17
63,3,255,-1.85935691102359539e-27,1.20743332112633771e-10,1.20744349190518447e-10,-2.22940138082094363e-27,-5.17265615822168231e-11,-3.35657760974290224e-09,3.30485104816068547e-09,3.35657760974290224e-09,1.84653807229087919e-09,-2.52484680036142682e-27,1.59900687148053683e-28,-3.26218135391960686e-28,-6.11251734957767876e-29,1.95817570013154144e-10,1.01015191782563537e-10,5.09534759937710578e-11,2.56361930000218696e-11,1.95817570013154144e-10,1.01015191782563537e-10,5.09534759937710578e-11,2.56361930000218696e-11,-3.35657760974290224e-09,-3.88619820441388572e-09,-2.80029517883879183e-09,-2.03966013212300653e-09,19,4,1,5.76460752303767552e+17
64,0,256,-1.46081357938516071e-27,-7.22989778263628759e-11,-7.22969394106930760e-11,-1.74968837187657960e-27,-1.44783679886154290e-09,2.15869943161888608e-09,3.60653623048042918e-09,2.15869943161888608e-09,7.14512022135539208e-09,-1.98344975175405830e-27,1.26225663922392471e-28,-2.56295557720145503e-28,-4.79600703740011530e-29,-1.19456343027356113e-10,-7.23064439186043123e-11,-3.82991951000214326e-11,-2.02253884372294683e-11,-1.19456343027356113e-10,-7.23064439186043123e-11,-3.82991951000214326e-11,-2.02253884372294683e-11,2.15869943161888608e-09,-2.03078921075195078e-09,-4.98642078973650600e-09,-4.47526559966174169e-09,19,4,1,5.76460752303767552e+17
64,1,257,-1.14756560359379104e-27,5.01650788586274299e-11,5.01652262950602520e-11,-1.37306636156249810e-27,5.53545490537489540e-10,-1.81147933419265856e-09,2.36502482473014810e-09,1.81147933419265856e-09,3.98688825901332508e-09,-1.55796083789925691e-27,9.96406707166578875e-29,-2.01344043299617574e-28,-3.76248578040820961e-29,8.09028720363261440e-11,4.08544608454710323e-11,2.13094760052471361e-11,1.10052448755964150e-11,8.09028720363261440e-11,4.08544608454710323e-11,2.13094760052471361e-11,1.10052448755964150e-11,-1.81147933419265856e-09,2.17540892482066694e-09,-6.73989150778292381e-11,7.43296053855209548e-10,19,4,1,5.76460752303767552e+17
64,2,258,-9.01386564780578389e-28,-5.07525625848700122e-11,-5.07520496539959139e-11,-1.07741663503334656e-27,-4.47027857731872814e-10,-2.27004061954371313e-09,1.82301276181184027e-09,2.27004061954371313e-09,5.12318385790798611e-09,-1.22360585855513215e-27,7.86504009218132239e-29,-1.58161503795883281e-28,-2.95127598430040632e-29,-8.33999220016201991e-11,-4.74447150342875227e-11,-2.41016277506389717e-11,-1.23710355942380812e-11,-8.33999220016201991e-11,-4.74447150342875227e-11,-2.41016277506389717e-11,-1.23710355942380812e-11,-2.27004061954371313e-09,-1.53157363326740246e-09,-6.65475749117538857e-09,-3.77027919718298978e-09,19,4,1,5.76460752303767552e+17
64,3,259,-7.07939168263148688e-28,-1.52045021899249676e-10,-1.52043754289326305e-10,-8.45357224496579439e-28,2.10528787508663292e-10,2.55894344577791146e-09,2.34841465826924806e-09,2.55894344577791146e-09,1.25502647276490330e-08,-9.60897516888617721e-28,6.20762099255027516e-29,-1.24230119083137292e-28,-2.31467219453993238e-29,-2.45446770607406581e-10,-1.20340132570021372e-10,-5.90645847746108263e-11,-2.91525580075760511e-11,-2.45446770607406581e-10,-1.20340132570021372e-10,-5.90645847746108263e-11,-2.91525580075760511e-11,2.55894344577791146e-09,5.85748416947298264e-09,1.14859145905101410e-10,-6.69278055817605034e-09,19,4,1,5.76460752303767552e+17
65,0,260,-5.55946354737479118e-28,8.75275035314943368e-12,8.75289470770264706e-12,-6.63230614565863015e-28,1.78256487200611210e-10,1.02946350246838569e-09,8.51207015267774536e-10,1.02946350246838569e-09,7.84831338426763108e-09,-7.54508693325490917e-28,4.89886024689213398e-29,-9.75702028157667753e-29,-1.81517674008032829e-29,1.83665902192984724e-11,2.92549111273955987e-11,1.79148037577215712e-11,1.04528883566233306e-11,1.83665902192984724e-11,2.92549111273955987e-11,1.79148037577215712e-11,1.04528883566233306e-11,1.02946350246838569e-09,-3.71433286898143802e-09,-1.86259596078996364e-09,4.13398051528619306e-09,19,4,1,5.76460752303767552e+17
65,1,261,-4.36538947845432279e-28,5.86862107976477212e-11,5.86877899216276455e-11,-5.20307334908027359e-28,7.66561756180635869e-10,1.95631399638079352e-09,1.18975224020015765e-09,1.95631399638079352e-09,9.51635167572532143e-09,-5.92385620162108741e-28,3.86542475935605296e-29,-7.66252705058896933e-29,-1.42332251536515289e-29,9.79214180455573994e-11,6.12284383798628129e-11,3.10488963518904339e-11,1.58198661587937429e-11,9.79214180455573994e-11,6.12284383798628129e-11,3.10488963518904339e-11,1.58198661587937429e-11,1.95631399638079352e-09,6.65018616726796912e-09,-2.86616550845735272e-09,-4.32248441461416498e-10,19,4,1,5.76460752303767552e+17
65,2,262,-3.42742241514712590e-28,1.43019208321511684e-10,1.43017717073682155e-10,-4.08159487894737980e-28,3.85254830508273003e-11,-1.17731079665751058e-09,1.21583627970833796e-09,1.17731079665751058e-09,4.99445823610286402e-09,-4.65049893501875603e-28,3.04943597450521275e-29,-6.01716455732371591e-29,-1.11595858230214690e-29,2.31906815773653814e-10,1.16854760832374011e-10,5.67184514385331136e-11,2.78071954453515942e-11,2.31906815773653814e-10,1.16854760832374011e-10,5.67184514385331136e-11,2.78071954453515942e-11,-1.17731079665751058e-09,-4.48440198096081503e-09,-2.86009053060301289e-09,5.10056255142048997e-10,19,4,1,5.76460752303767552e+17
65,3,263,-2.69071943582807452e-28,5.28343387814636488e-11,5.28331020209117340e-11,-3.20168024820006575e-28,1.32839673649177822e-10,2.47639847231415259e-10,1.14800173582237437e-10,2.47639847231415259e-10,3.61154880961275320e-09,-3.65049133573325287e-28,2.40519810515454793e-29,-4.72473636942549652e-29,-8.74900528910271677e-30,8.21364244910198180e-11,2.41765717973432115e-11,8.33539329771293969e-12,2.65351184857282580e-12,8.21364244910198180e-11,2.41765717973432115e-11,8.33539329771293969e-12,2.65351184857282580e-12,2.47639847231415259e-10,-1.76938650048754413e-09,-3.36390896238133815e-09,-2.17686498569194407e-09,19,4,1,5.76460752303767552e+17
66,0,264,-2.11216194461061023e-28,5.25149578416335453e-11,5.25152522497631881e-11,-2.51135276573274527e-28,1.28873102661955085e-09,-3.61281687612076126e-09,4.90154790274031169e-09,3.61281687612076126e-09,3.29297616497394021e-09,-2.86524659674271096e-28,1.89662409792616254e-29,-3.70962554933551673e-29,-6.85868240505199246e-30,8.08835391558349373e-11,2.27389650847617830e-11,9.28635350974524048e-12,3.76537354555500379e-12,8.08835391558349373e-11,2.27389650847617830e-11,9.28635350974524048e-12,3.76537354555500379e-12,-3.61281687612076126e-09,-3.25410617272310602e-09,-3.19840711146821050e-10,-1.46686234063483126e-09,19,4,1,5.76460752303767552e+17
66,1,265,-1.65785337282675587e-28,-1.38938921026252080e-10,-1.38937619234601775e-10,-1.96980303707334870e-28,-1.48979363964806956e-09,-5.63182359081774058e-09,4.14202995116967102e-09,5.63182359081774058e-09,7.22524937251798321e-09,-2.24871277812996251e-28,1.49520904570791739e-29,-2.91239676967687647e-29,-5.37650089586224538e-30,-2.28970084690678811e-10,-1.32537174534399465e-10,-6.72200882724858960e-11,-3.42228427100780668e-11,-2.28970084690678811e-10,-1.32537174534399465e-10,-6.72200882724858960e-11,-3.42228427100780668e-11,-5.63182359081774058e-09,-8.58997250452150968e-10,1.59342578170024262e-09,-2.34964407148480274e-09,19,4,1,5.76460752303767552e+17
66,2,266,-1.30115016690276901e-28,-3.87525326055848865e-10,-3.87523869143091493e-10,-1.54499403277829539e-28,-1.30887393786659271e-10,4.65367567078866165e-09,4.78456306457532110e-09,4.65367567078866165e-09,8.99545428610268382e-09,-1.76469577085377726e-28,1.17843351913641309e-29,-2.28633747092196123e-29,-4.21445452577038757e-30,-6.26007322205460016e-10,-3.07982923377916507e-10,-1.50722581699423996e-10,-7.41508820318481103e-11,-6.26007322205460016e-10,-3.07982923377916507e-10,-1.50722581699423996e-10,-7.41508820318481103e-11,4.65367567078866165e-09,5.00304193652088298e-10,3.31708602329707101e-09,9.49575847975477295e-09,19,4,1,5.76460752303767552e+17
66,3,267,-1.02111253005259771e-28,-7.02546701038997632e-11,-7.02551187448272968e-11,-1.21177868687695242e-28,2.48575030396324226e-10,7.57970581164990709e-09,7.33113078125358256e-09,7.57970581164990709e-09,8.35127007375507774e-09,-1.38475300948389200e-28,9.28504817073014156e-30,-1.79473765192158364e-29,-3.30347641644853203e-30,-1.03069852195071604e-10,-1.02434985712918746e-12,8.23728559565461245e-12,8.05092258039743838e-12,-1.03069852195071604e-10,-1.02434985712918746e-12,8.23728559565461245e-12,8.05092258039743838e-12,7.57970581164990709e-09,2.22279954168220478e-09,-1.58269206379049241e-10,-7.71564262105170652e-10,19,4,1,5.76460752303767552e+17
67,0,268,-8.01285544132919286e-29,3.23006792023023604e-10,3.23004205452674836e-10,-9.50420591143355874e-29,4.41538664178609606e-10,3.59722806543388183e-09,3.15568940125527233e-09,3.59722806543388183e-09,1.08331710008111383e-08,-1.08653642324197429e-28,7.31364046485519715e-30,-1.40875065633193552e-29,-2.58937371284062587e-30,5.32084223362970783e-10,3.08139404308641327e-10,1.57144753425609044e-10,8.02194746452599586e-11,5.32084223362970783e-10,3.08139404308641327e-10,1.57144753425609044e-10,8.02194746452599586e-11,3.59722806543388183e-09,-7.23594293537725689e-09,-1.04172621072636979e-09,-2.93674862955945117e-09,19,4,1,5.76460752303767552e+17
67,1,269,-6.28740314350028154e-29,4.30857146550525655e-10,4.30857173696897070e-10,-7.45431663614614100e-29,-1.39603149092054532e-09,2.29838221477132108e-09,3.69441370569186640e-09,2.29838221477132108e-09,7.31485744900203608e-09,-8.52488959653805764e-29,5.75902487393882189e-30,-1.10571095557809501e-29,-2.02963214769133824e-30,6.95530038400740738e-10,3.36248391584619369e-10,1.61059705992472588e-10,7.77852333458213162e-11,6.95530038400740738e-10,3.36248391584619369e-10,1.61059705992472588e-10,7.77852333458213162e-11,2.29838221477132108e-09,4.03561449751210880e-09,4.92820516254726902e-09,9.61323966377335716e-09,19,4,1,5.76460752303767552e+17
67,2,270,-4.93319749402920407e-29,4.47821606000555213e-10,4.47822355981246989e-10,-5.84659026528042410e-29,-1.33774272675320870e-09,-2.23628932626862140e-09,8.98546599515412695e-10,2.23628932626862140e-09,7.87227140430106930e-09,-6.68819364140758296e-29,4.53342848474211606e-30,-8.67811385415553629e-30,-1.59090502260216153e-30,7.11552076157008571e-10,2.95471275307905376e-10,1.36263988014665710e-10,6.32674663085153909e-11,7.11552076157008571e-10,2.95471275307905376e-10,1.36263988014665710e-10,6.32674663085153909e-11,-2.23628932626862140e-09,-4.88102701320063576e-09,2.99124439110043354e-09,-2.12898894259040329e-09,19,4,1,5.76460752303767552e+17
67,3,271,-3.87045375005208986e-29,2.34097230251232189e-10,2.34097832661925785e-10,-4.58567781528756050e-29,-2.05393796329711261e-09,-2.60375026605176973e-09,5.49812302754657123e-10,2.60375026605176973e-09,1.12563912828447214e-08,-5.24695921515795627e-29,3.56750525296692819e-30,-6.81063103315230986e-30,-1.24704052401262995e-30,3.57052050756188823e-10,8.40671296316603226e-11,3.11024083468298663e-11,1.02443175558127382e-11,3.57052050756188823e-10,8.40671296316603226e-11,3.11024083468298663e-11,1.02443175558127382e-11,-2.60375026605176973e-09,-9.89820797338961672e-09,-9.34777219005287908e-09,1.35818330945510472e-09,19,4,1,5.76460752303767552e+17
68,0,272,-3.03650857483768246e-29,4.81969423195293091e-11,4.81953370460363254e-11,-3.59677747390052896e-29,-1.43983966225336427e-09,-7.60085447017340697e-09,6.16101480792004290e-09,7.60085447017340697e-09,1.99948012458022652e-08,-4.11612481811299802e-29,2.80647419149232775e-30,-5.34477903993125282e-30,-9.77532354461511979e-31,5.55028256308471596e-11,-6.29708205295414198e-11,-3.56419814534766506e-11,-2.10288707285512066e-11,5.55028256308471596e-11,-6.29708205295414198e-11,-3.56419814534766506e-11,-2.10288707285512066e-11,-7.60085447017340697e-09,-1.69656263203676346e-08,3.02917492543462976e-09,-1.16712757443810648e-09,19,4,1,5.76460752303767552e+17
68,1,273,-2.38215219656060633e-29,-3.43512753734489200e-10,-3.43513167633301740e-10,-2.82121180642578867e-29,-6.45074109306889890e-11,-1.26982254101968917e-08,1.26337179992662034e-08,1.26982254101968917e-08,2.68737995527023240e-08,-3.22890027342146212e-29,2.20706712731519635e-30,-4.19425408492025145e-30,-7.66303141779792225e-31,-5.73143988802025998e-10,-3.51767996935775440e-10,-1.72647728619869583e-10,-8.71360302806894767e-11,-5.73143988802025998e-10,-3.51767996935775440e-10,-1.72647728619869583e-10,-8.71360302806894767e-11,-1.26982254101968917e-08,1.41755741425054324e-08,7.14574978607636446e-10,2.09233935380550276e-09,19,4,1,5.76460752303767552e+17
68,2,274,-1.86874483138518014e-29,-8.98766884733364605e-10,-8.98767834377007641e-10,-2.21295546997931724e-29,5.97050465717510137e-10,-3.10047745297965392e-09,3.69752791869716405e-09,3.10047745297965392e-09,1.36012772269090865e-08,-2.53284860435899398e-29,1.73511581561953428e-30,-3.29127773611731156e-30,-6.00749380327250803e-31,-1.45666314450807203e-09,-7.28832918601293765e-10,-3.51292181584860451e-10,-1.72341719806172719e-10,-1.45666314450807203e-09,-7.28832918601293765e-10,-3.51292181584860451e-10,-1.72341719806172719e-10,-3.10047745297965392e-09,-8.70277105612727013e-09,-7.40366702419817559e-09,4.89850617078181634e-09,19,4,1,5.76460752303767552e+17
68,3,275,-1.46594999962232268e-29,-8.51544522492923958e-10,-8.51545045343240015e-10,-1.73590956719888890e-29,2.59475824076231420e-09,-8.81413157899408515e-09,1.14088898197563994e-08,8.81413157899408515e-09,1.45242456028916319e-08,-1.98680650621186467e-29,1.36364420464201486e-30,-2.58262539202974033e-30,-4.70991855504217831e-31,-1.35514229377228770e-09,-5.67869856437753952e-10,-2.59274470888463460e-10,-1.20424206569830915e-10,-1.35514229377228770e-09,-5.67869856437753952e-10,-2.59274470888463460e-10,-1.20424206569830915e-10,-8.81413157899408515e-09,5.71011402389754597e-09,9.02969223834612115e-10,-4.19797830171239900e-09,19,4,1,5.76460752303767552e+17
69,0,276,-1.14995301901209514e-29,-1.09231610568382952e-09,-1.09231417657116858e-09,-1.36176239576896368e-29,6.77215056252736520e-09,-8.34123026004971652e-11,6.85556286512786196e-09,8.34123026004971652e-11,9.16808153062093681e-09,-1.55846429621131770e-29,1.07135996186116243e-30,-2.02650501745910811e-30,-3.69287471151443005e-31,-1.72626256635059439e-09,-6.86516119102129677e-10,-3.20339219601710458e-10,-1.50209121473788886e-10,-1.72626256635059439e-09,-6.86516119102129677e-10,-3.20339219601710458e-10,-1.50209121473788886e-10,-8.34123026004971652e-11,-5.32394384525175716e-09,3.84413768536917882e-09,-2.59840293970914500e-10,19,4,1,5.76460752303767552e+17
69,1,277,-9.02061029779308063e-30,-8.43350173439875163e-10,-8.43350041238253561e-10,-1.06831066354178328e-29,1.54064960375705468e-09,-1.98327276391833492e-09,3.52392236767538960e-09,1.98327276391833492e-09,7.74713382886256276e-09,-1.22246440523877643e-29,8.41461662816117432e-31,-1.59010436201045832e-30,-2.89567822320960082e-31,-1.30450332150863816e-09,-4.03074677952041008e-10,-1.80328373514674721e-10,-7.83452368927512157e-11,-1.30450332150863816e-09,-4.03074677952041008e-10,-1.80328373514674721e-10,-7.83452368927512157e-11,-1.98327276391833492e-09,2.87688637148253734e-09,5.76386106494422784e-09,6.34218532186817152e-11,19,4,1,5.76460752303767552e+17
69,2,278,-7.07603004025791248e-30,-7.40233727739382395e-10,-7.40232884364675107e-10,-8.38142223431528391e-30,3.81414764456092536e-09,1.17886865555320771e-08,7.97453891097115176e-09,1.17886865555320771e-08,1.12116006232232510e-08,-9.58907531552732722e-30,6.60695606197007365e-31,-1.24766369478353340e-30,-2.27077272440021394e-31,-1.13015018683584958e-09,-2.99016227899569868e-10,-1.39263321584020962e-10,-5.98631138315388150e-11,-1.13015018683584958e-09,-2.99016227899569868e-10,-1.39263321584020962e-10,-5.98631138315388150e-11,1.17886865555320771e-08,5.71450543447514313e-09,5.77085932308825269e-10,7.69358627902569878e-09,19,4,1,5.76460752303767552e+17
69,3,279,-5.55065586690711331e-30,2.28607125900410687e-11,2.28611281553788672e-11,-6.57602598899909482e-30,3.78920185692359093e-09,5.15923231090846220e-09,1.37003045398487127e-09,5.15923231090846220e-09,1.73217440879256684e-08,-7.52179235742913807e-30,5.18610066930708057e-31,-9.78961623321977927e-31,-1.78089129514859268e-31,1.05465491688788811e-10,3.16368137296326771e-10,1.58397965152954379e-10,8.73441591805488762e-11,1.05465491688788811e-10,3.16368137296326771e-10,1.58397965152954379e-10,8.73441591805488762e-11,5.15923231090846220e-09,1.92342024357334716e-08,1.91245834780780359e-09,6.29281274061894339e-09,19,4,1,5.76460752303767552e+17
70,0,280,-4.35414306451071331e-30,2.87196255515960128e-10,2.87197149261433615e-10,-5.15984249279788305e-30,-1.77175076315996672e-09,-6.83189701378146824e-09,5.06014625062150194e-09,6.83189701378146824e-09,2.50567653217498608e-08,-5.90028377111445024e-30,4.06965726425055956e-31,-7.68125585392579516e-31,-1.39683106308949994e-31,5.13983189872311087e-10,4.25730229122578534e-10,1.93103867080175334e-10,9.74999964792143412e-11,5.13983189872311087e-10,4.25730229122578534e-10,1.93103867080175334e-10,9.74999964792143412e-11,-6.83189701378146824e-09,1.82248683079683918e-08,4.00730829249804318e-09,4.61098548935195071e-09,19,4,1,5.76460752303767552e+17
70,1,281,-3.41560469900792463e-30,-1.05463016404718677e-10,-1.05464522257134383e-10,-4.04890632519016648e-30,3.61785349793578541e-09,-8.26080075940081386e-10,4.44393357387586639e-09,8.26080075940081386e-10,1.65596315941971848e-08,-4.62843445651223023e-30,3.19269647689290632e-31,-6.02697497171806599e-31,-1.09570859025392429e-31,-1.42425446064647177e-10,2.10774778328966413e-12,-2.90677520268630563e-11,-1.75620881922756248e-11,-1.42425446064647177e-10,2.10774778328966413e-12,-2.90677520268630563e-11,-1.75620881922756248e-11,-8.26080075940081386e-10,1.29964412138256235e-08,4.57082576758006781e-09,-3.56319038037156210e-09,19,4,1,5.76460752303767552e+17
70,2,282,-2.67942531249626517e-30,-1.17571335634492135e-10,-1.17571747050142960e-10,-3.17737423323438611e-30,3.03240502859028681e-09,1.01028283002066242e-08,7.07042327161633693e-09,1.01028283002066242e-08,1.95119121911656562e-08,-3.63084374288887621e-30,2.50406980416414096e-31,-4.72899903609164684e-31,-8.59592365714750724e-32,-1.68464107419089304e-10,-2.62327273633457049e-11,-3.55060220964020905e-11,-1.75747793501147826e-11,-1.68464107419089304e-10,-2.62327273633457049e-11,-3.55060220964020905e-11,-1.75747793501147826e-11,1.01028283002066242e-08,-9.40908389095903206e-09,-1.33242475739334745e-09,7.72826973538783851e-09,19,4,1,5.76460752303767552e+17
70,3,283,-2.10197401015813601e-30,4.12868526525215829e-10,4.12869751232366676e-10,-2.49361337032573040e-30,3.70581532152003388e-09,1.05541479703092856e-08,6.84833264878925127e-09,1.05541479703092856e-08,1.14943864910144852e-08,-2.84836487510542856e-30,1.96349970281680103e-31,-3.71059665947600162e-31,-6.74431024355244678e-32,6.84833488485718025e-10,3.92567721446360246e-10,1.80213402431391288e-10,9.19000916418917367e-11,6.84833488485718025e-10,3.92567721446360246e-10,1.80213402431391288e-10,9.19000916418917367e-11,1.05541479703092856e-08,1.21808661352412809e-08,5.66430584967154330e-09,6.86479644226795675e-10,19,4,1,5.76460752303767552e+17
71,0,284,-1.64902405394076698e-30,8.46179373390550210e-10,8.46179977931653471e-10,-1.95713365966002638e-30,3.60463619355022968e-09,-9.26400087642656244e-10,4.53103628119288592e-09,9.26400087642656244e-10,6.30220478410745157e-09,-2.23460378207943242e-30,1.53928108776928700e-31,-2.91155414227070105e-31,-5.29213431374334979e-32,1.36881736705016878e-09,6.65683099117493905e-10,3.11707564637888464e-10,1.53437130782448313e-10,1.36881736705016878e-09,6.65683099117493905e-10,3.11707564637888464e-10,1.53437130782448313e-10,-9.26400087642656244e-10,-2.75187102253184551e-09,-6.04144443613268052e-09,-7.22860487175010823e-09,19,4,1,5.76460752303767552e+17
71,1,285,-1.29372736086331670e-30,6.10701477817359098e-10,6.10701943119374944e-10,-1.53618226873665279e-30,2.54804414550258210e-09,1.24330696806437721e-08,9.88502553514119042e-09,1.24330696806437721e-08,2.25109825503806709e-08,-1.75317116716783907e-30,1.20646631832257899e-31,-2.28462221521932815e-31,-4.15310531894995868e-32,9.64691145194108413e-10,3.65870089419954523e-10,1.55775220897060376e-10,7.03783080382567924e-11,9.64691145194108413e-10,3.65870089419954523e-10,1.55775220897060376e-10,7.03783080382567924e-11,1.24330696806437721e-08,-4.99561171282119941e-09,7.90012660056791103e-09,-1.00779128697368972e-08,19,4,1,5.76460752303767552e+17
71,2,286,-1.01502476935236847e-30,1.08428112759625054e-09,1.08428242814373513e-09,-1.20585737696602793e-30,3.65734514596271309e-09,-7.93544034539700641e-09,1.15927854913597191e-08,7.93544034539700641e-09,2.88686010468133410e-08,-1.37552609131319567e-30,9.45432439635452702e-32,-1.79272640651096702e-31,-3.25959668916183003e-32,1.71849280614485634e-09,7.07226404025438197e-10,3.34126142394167559e-10,1.60476858841714855e-10,1.71849280614485634e-09,7.07226404025438197e-10,3.34126142394167559e-10,1.60476858841714855e-10,-7.93544034539700641e-09,-4.54481353521145453e-09,7.68401579247919406e-09,2.09331607014163346e-08,19,4,1,5.76460752303767552e+17
71,3,287,-7.96398465400062202e-31,4.41348124034490339e-10,4.41349001141005516e-10,-9.46629188917534098e-31,9.76672880856470155e-10,6.07951826949256239e-09,5.10284538863609244e-09,6.07951826949256239e-09,1.79409878630879580e-08,-1.07928391638569951e-30,7.40750569431636671e-32,-1.40677712846123263e-31,-2.55860553472659926e-32,6.59057705114571142e-10,9.76192691578249551e-11,2.81841881575119525e-11,3.69839040239952068e-12,6.59057705114571142e-10,9.76192691578249551e-11,2.81841881575119525e-11,3.69839040239952068e-12,6.07951826949256239e-09,-1.18614695935953956e-08,-1.09642853283185594e-08,-6.88895425701569513e-09,19,4,1,5.76460752303767552e+17
72,0,288,-6.24893030550714907e-31,6.31916228376356110e-10,6.31918004774688957e-10,-7.43180297818970059e-31,-3.42716931691073698e-09,1.07978528260982129e-08,1.42250221430089503e-08,1.07978528260982129e-08,2.07054089048480911e-08,-8.46888750355653242e-31,5.80294042131675264e-32,-1.10395070788036968e-31,-2.00858726052059195e-32,9.68692550774522169e-10,2.78299999840745616e-10,1.35344710801315644e-10,6.20947234835919858e-11,9.68692550774522169e-10,2.78299999840745616e-10,1.35344710801315644e-10,6.20947234835919858e-11,1.07978528260982129e-08,-9.90755607874987984e-09,8.29539974427432367e-09,-9.61935487538376402e-09,19,4,1,5.76460752303767552e+17
72,1,289,-4.90347350071688761e-31,1.01404774516946451e-09,1.01404844247953335e-09,-5.83496458017942470e-31,-5.07211870736170857e-09,-1.34078179030644460e-08,8.33569919570273657e-09,1.34078179030644460e-08,4.35734945953939255e-08,-6.64571971744534515e-31,4.54535162226955609e-32,-8.66340196437493160e-32,-1.57697569655680252e-32,1.58355086263277266e-09,5.80844168044988398e-10,2.91843513399329715e-10,1.39933126557426013e-10,1.58355086263277266e-09,5.80844168044988398e-10,2.91843513399329715e-10,1.39933126557426013e-10,-1.34078179030644460e-08,-1.80851268272592542e-08,-8.60867213092406537e-09,2.54883677681346713e-08,19,4,1,5.76460752303767552e+17
72,2,290,-3.84792018656653674e-31,1.11949322077133178e-10,1.11948607678695284e-10,-4.58153697615812641e-31,-5.85413651685444804e-09,-3.76375667698559207e-09,2.09037983986885598e-09,3.76375667698559207e-09,1.55827573945284650e-08,-5.21535254999684497e-31,3.55990901193170577e-32,-6.79896498366696544e-32,-1.23824030308964004e-32,1.13998722294039747e-10,-2.03005614179664527e-10,-1.03450490147632741e-10,-6.16722710293172756e-11,1.13998722294039747e-10,-2.03005614179664527e-10,-1.03450490147632741e-10,-6.16722710293172756e-11,-3.76375667698559207e-09,-1.58771525236839952e-08,-2.94395129155528992e-10,-7.66589961830452431e-09,19,4,1,5.76460752303767552e+17
72,3,291,-3.01976623976770718e-31,-1.13229942133219504e-10,-1.13230249369133705e-10,-3.59759370608798166e-31,-4.46134781504108853e-09,9.04106963570226043e-09,1.35024174507433498e-08,9.04106963570226043e-09,1.56462276348397486e-08,-4.09309752199492424e-31,2.78786171362871407e-32,-5.33597406073689469e-32,-9.72364123897794905e-33,-2.35261903241511914e-10,-3.00501050245155520e-10,-1.34377826415523406e-10,-7.03039692624309487e-11,-2.35261903241511914e-10,-3.00501050245155520e-10,-1.34377826415523406e-10,-7.03039692624309487e-11,9.04106963570226043e-09,-3.63106820113782891e-09,1.59617299419919785e-09,1.20151594337019189e-08,19,4,1,5.76460752303767552e+17
73,0,292,-2.36998942974214189e-31,3.49234301373573338e-10,3.49232459684142728e-10,-2.82513900770112628e-31,3.06452154653471683e-09,6.21510942440285033e-09,3.15058787786813351e-09,6.21510942440285033e-09,9.72650060172329148e-09,-3.21253481861435412e-31,2.18309880018558189e-32,-4.18795533361450964e-32,-7.63651340647412318e-33,5.29856916502679852e-10,1.61002496838528864e-10,1.06011983883105381e-10,5.36657289772783603e-11,5.29856916502679852e-10,1.61002496838528864e-10,1.06011983883105381e-10,5.36657289772783603e-11,6.21510942440285033e-09,1.16435446445070694e-09,1.08908550661739988e-08,4.95123672211286064e-09,19,4,1,5.76460752303767552e+17
73,1,293,-1.86014098599326052e-31,5.72067430135679952e-10,5.72069247567930945e-10,-2.21867148467765096e-31,-3.63024161675310832e-09,-8.21877298068197048e-09,4.58853136392886217e-09,8.21877298068197048e-09,2.22487301676509842e-08,-2.52157139961694049e-31,1.70944167033605202e-32,-3.28706662742101551e-32,-5.99793018337176409e-33,8.91585933581239879e-10,3.37953948034165956e-10,1.86272805070905099e-10,9.00968575343567816e-11,8.91585933581239879e-10,3.37953948034165956e-10,1.86272805070905099e-10,9.00968575343567816e-11,-8.21877298068197048e-09,-1.39931480267689489e-09,1.40299571869690137e-08,-2.13750824788278516e-09,19,4,1,5.76460752303767552e+17
73,2,294,-1.46006447065442771e-31,3.06588032747811094e-11,3.06575324393307687e-11,-1.74248961692805919e-31,-2.87996176663988593e-09,-1.06076119725864141e-08,7.72765020594652775e-09,1.06076119725864141e-08,2.21296011102351231e-08,-1.97934959313572092e-31,1.33851344412066423e-32,-2.58008292366686020e-32,-4.71135100280696928e-33,1.14763495666682223e-11,-1.32345162938853665e-10,-5.78996355143270538e-11,-3.55197365890199273e-11,1.14763495666682223e-11,-1.32345162938853665e-10,-5.78996355143270538e-11,-3.55197365890199273e-11,-1.06076119725864141e-08,9.41997167366314193e-09,-1.27096294365719812e-08,-9.12260079061894815e-09,19,4,1,5.76460752303767552e+17
73,3,295,-1.14610673970406278e-31,-5.08993631041526225e-10,-5.08995095404778732e-10,-1.36857887491915942e-31,-2.52584867464941636e-09,-6.29446102952447127e-09,3.76861235487505532e-09,6.29446102952447127e-09,1.66899602261969653e-08,-1.55382276885899846e-31,1.04806311637867694e-32,-2.02524662883792663e-32,-3.70104832145604385e-33,-8.50933599154020350e-10,-5.18346985311070145e-10,-2.44532193782507897e-10,-1.24940577882065882e-10,-8.50933599154020350e-10,-5.18346985311070145e-10,-2.44532193782507897e-10,-1.24940577882065882e-10,-6.29446102952447127e-09,-9.41181600812985804e-09,-1.31456276822192675e-08,3.54433254397769861e-09,19,4,1,5.76460752303767552e+17
74,0,296,-8.99714891168656691e-32,-7.12148430604241688e-10,-7.12147847224330628e-10,-1.07495481713186339e-31,-3.39540606974571809e-09,-7.93567154633793684e-09,4.54026547659221875e-09,7.93567154633793684e-09,2.99773710296552589e-08,-1.21985419864098211e-31,8.20647955869060307e-33,-1.58979645112577354e-32,-2.90761291271228655e-33,-1.15769683257773797e-09,-5.76379642861756004e-10,-2.63012330217304837e-10,-1.28074179653367676e-10,-1.15769683257773797e-09,-5.76379642861756004e-10,-2.63012330217304837e-10,-1.28074179653367676e-10,-7.93567154633793684e-09,-1.39053476515148856e-08,1.60720233781403733e-08,-1.11201012944917519e-08,19,4,1,5.76460752303767552e+17
74,1,297,-7.06335954080775191e-32,-9.46395749245690328e-10,-9.46397209988109009e-10,-8.44363690721849962e-32,2.50289300356827348e-09,-3.30616951347127756e-08,3.55645881382810491e-08,3.30616951347127756e-08,5.00571433056925549e-08,-9.57726224745103640e-32,6.42597995391160310e-33,-1.24802874592267600e-32,-2.28443137116725720e-33,-1.51450581459194689e-09,-6.67260917183663006e-10,-3.05129598929685918e-10,-1.45749369755813465e-10,-1.51450581459194689e-09,-6.67260917183663006e-10,-3.05129598929685918e-10,-1.45749369755813465e-10,-3.30616951347127756e-08,-2.54044070509315462e-08,1.69954481709797793e-08,-9.42095570997911309e-09,19,4,1,5.76460752303767552e+17
74,2,298,-5.54554011073056020e-32,-2.36738711865719100e-09,-2.36738779676588030e-09,-6.63263333461093501e-32,2.07320127827772658e-09,2.06960113317954471e-08,1.86228100535177218e-08,2.06960113317954471e-08,2.46340618763346661e-08,-7.51971193111093353e-32,5.03202548194440448e-33,-9.79776637287911879e-33,-1.79492526222205627e-33,-3.78876067065791665e-09,-1.71878771427958573e-09,-8.31011285831105009e-10,-4.05997697837608984e-10,-3.78876067065791665e-09,-1.71878771427958573e-09,-8.31011285831105009e-10,-4.05997697837608984e-10,2.06960113317954471e-08,1.31133828796070674e-09,1.25089714103199224e-08,-3.93805054453921729e-09,19,4,1,5.76460752303767552e+17
74,3,299,-4.35413525822500652e-32,-8.04579079094541180e-10,-8.04580366571278583e-10,-5.21023855685595517e-32,7.68335688347762610e-09,-4.41144663198928354e-10,8.12450154667655445e-09,4.41144663198928354e-10,2.25584448201946373e-08,-5.90454705331319129e-32,3.94071397706054040e-33,-7.69216910049611857e-33,-1.41038699436351252e-33,-1.20972979347243102e-09,-2.01357836055270794e-10,-5.28551469000731526e-11,-3.58821285292556147e-12,-1.20972979347243102e-09,-2.01357836055270794e-10,-5.28551469000731526e-11,-3.58821285292556147e-12,-4.41144663198928354e-10,7.78232078252476681e-09,1.59246516569087226e-08,2.21173001569957090e-08,19,4,1,5.76460752303767552e+17
75,0,300,-3.41888693547358123e-32,-6.26673547337212408e-10,-6.26674453714420047e-10,-4.09300657034280159e-32,-2.19027226784295668e-09,7.56329527067393543e-09,9.75356753851689293e-09,7.56329527067393543e-09,1.37083803744293474e-08,-4.63656725111748935e-32,3.08633346228561443e-33,-6.03934046247938183e-33,-1.10828323940154905e-33,-9.22405651240486246e-10,-9.72539341859241419e-11,-3.37181815424593695e-11,-4.90695567968391451e-12,-9.22405651240486246e-10,-9.72539341859241419e-11,-3.37181815424593695e-11,-4.90695567968391451e-12,7.56329527067393543e-09,1.76584923828728117e-09,6.24058017193376640e-09,-6.14508510375541199e-09,19,4,1,5.76460752303767552e+17
75,1,301,-2.68467300034336196e-32,-9.31274756353470521e-11,-9.31276184980680140e-11,-3.21542582869624019e-32,4.48942623059839769e-10,2.51534283494728580e-08,2.47044857264130168e-08,2.51534283494728580e-08,2.57039219591624882e-08,-3.64107827873373157e-32,2.41742732402707958e-33,-4.74185990126727906e-33,-8.70924722012797149e-34,-6.68487619741092241e-11,2.80496327250005744e-10,1.34005442440606675e-10,7.37984638587964680e-11,-6.68487619741092241e-11,2.80496327250005744e-10,1.34005442440606675e-10,7.37984638587964680e-11,2.51534283494728580e-08,3.94232106576747308e-08,2.11878389661976539e-08,1.37192886985122409e-08,19,4,1,5.76460752303767552e+17
75,2,302,-2.10824374085480275e-32,1.18985281874683081e-09,1.18985276668079936e-09,-2.52606060025423890e-32,-2.76138797959158724e-09,-1.30065657489247165e-08,1.02451777693331296e-08,1.30065657489247165e-08,3.25664192483992408e-08,-2.85947100839176953e-32,1.89370779415074755e-33,-3.72328163358668427e-33,-6.84423124599028000e-34,1.98658286551647071e-09,1.20825740115406018e-09,5.78622011405572876e-10,2.90317229259612350e-10,1.98658286551647071e-09,1.20825740115406018e-09,5.78622011405572876e-10,2.90317229259612350e-10,-1.30065657489247165e-08,7.32930612786495680e-09,1.30238378005395857e-08,-1.95425814478596551e-08,19,4,1,5.76460752303767552e+17
75,3,303,-1.65566251797846713e-32,2.92115320069498430e-10,2.92115230163498472e-10,-1.98452349706240759e-32,-5.34389400240322590e-09,-2.75496676649476460e-09,2.58892723590846130e-09,2.75496676649476460e-09,3.32162971598808204e-08,-2.24575431170920717e-32,1.48363566610149690e-33,-2.92361620087057341e-33,-5.37873023285259582e-34,4.86474995350206244e-10,2.36740580236283263e-10,6.47998975097790657e-11,2.09596751391608056e-11,4.86474995350206244e-10,2.36740580236283263e-10,6.47998975097790657e-11,2.09596751391608056e-11,-2.75496676649476460e-09,-5.91115959601272430e-09,-1.83463062264712778e-08,1.48699909334095426e-08,19,4,1,5.76460752303767552e+17
76,0,304,-1.30029854356726377e-32,9.22068308306141387e-11,9.22085001796723766e-11,-1.55909992334707189e-32,6.73941543211066175e-09,-3.64034377710476255e-10,7.10344980982113800e-09,3.64034377710476255e-10,3.29667285945659225e-08,-1.76383589886680993e-32,1.16252303792642381e-33,-2.29578582176055973e-33,-4.22710217185574186e-34,1.48803901751469975e-10,3.03491679839584622e-11,-2.33450383263255568e-11,-1.73370530095277507e-11,1.48803901751469975e-10,3.03491679839584622e-11,-2.33450383263255568e-11,-1.73370530095277507e-11,-3.64034377710476255e-10,2.99454980979657009e-08,2.50416490716918189e-09,-3.02123049660021827e-09,19,4,1,5.76460752303767552e+17
76,1,305,-1.02125261825470013e-32,5.27769155330789825e-11,5.27759433234257986e-11,-1.22488389174004076e-32,3.21047104411691023e-09,-2.22014459567942105e-08,2.54119170009111224e-08,2.22014459567942105e-08,9.64848563974746711e-08,-1.38538965674845763e-32,9.11046496578910815e-34,-1.80284362653729705e-33,-3.32208343649523425e-34,8.04439924829369537e-11,-2.76483826648032482e-12,-2.38354306863660932e-11,-1.29954833728410923e-11,8.04439924829369537e-11,-2.76483826648032482e-12,-2.38354306863660932e-11,-1.29954833728410923e-11,-2.22014459567942105e-08,7.42834104406804672e-08,-3.67573297536917216e-09,2.99247944180927484e-08,19,4,1,5.76460752303767552e+17
76,2,306,-8.02122382507988366e-33,-1.05938821774251464e-09,-1.05938729587314378e-09,-9.62314993131612456e-33,4.50857930651661152e-09,2.41994309615131578e-08,1.96908516549965454e-08,2.41994309615131578e-08,4.00005721896736770e-08,-1.08818289222546147e-32,7.14082271759634090e-34,-1.41579210384676481e-33,-2.61083919694608769e-34,-1.71841718901714073e-09,-8.95390253758303926e-10,-4.59346066799414033e-10,-2.28836777003598962e-10,-1.71841718901714073e-09,-8.95390253758303926e-10,-4.59346066799414033e-10,-2.28836777003598962e-10,2.41994309615131578e-08,-1.38061788452087925e-08,2.61943933444648862e-08,9.21919489292987947e-09,19,4,1,5.76460752303767552e+17
76,3,307,-6.30033809156894276e-33,3.74263668447758171e-10,3.74263532349719560e-10,-7.56030088972239199e-33,8.12073654305974286e-09,-1.91626222247913636e-08,2.72833587678511048e-08,1.91626222247913636e-08,1.22309712177959216e-07,-8.54764223678784168e-33,5.59793867425831235e-34,-1.11187158986643249e-33,-2.05186409620631402e-34,6.27062880528047196e-10,4.17471961347771954e-10,2.23567829114778694e-10,1.23049360957026640e-10,6.27062880528047196e-10,4.17471961347771954e-10,2.23567829114778694e-10,1.23049360957026640e-10,-1.91626222247913636e-08,4.61397295949501630e-08,1.03147089953167852e-07,7.71102479489249389e-09,19,4,1,5.76460752303767552e+17
77,0,308,-4.94881485400921225e-33,-6.53174217093956734e-10,-6.53174479480858481e-10,-5.93961940247158519e-33,3.85400431648266047e-09,-8.24716129927574659e-09,1.21011656157584062e-08,8.24716129927574659e-09,1.80872780806966943e-08,-6.71434297227097004e-33,4.38917610708075883e-34,-8.73217478689700768e-34,-1.61254978781197138e-34,-1.04812674709529342e-09,-5.00563029554685281e-10,-2.55186800850724073e-10,-1.26964627766281568e-10,-1.04812674709529342e-09,-5.00563029554685281e-10,-2.55186800850724073e-10,-1.26964627766281568e-10,-8.24716129927574659e-09,3.82104650821962248e-09,-1.38617556443959400e-08,-1.42662315724770718e-08,19,4,1,5.76460752303767552e+17
77,1,309,-3.88732636273054435e-33,-9.13680384820855893e-10,-9.13680393574481491e-10,-4.66631605882546842e-33,1.02028714293374948e-08,1.53077860697210935e-08,5.10491464038359870e-09,1.53077860697210935e-08,4.64740469534900511e-08,-5.27438308337617910e-33,3.44203299074794672e-34,-6.85806678204429078e-34,-1.26727557357119159e-34,-1.45446920421504584e-09,-6.33174182764494688e-10,-3.09484752719090547e-10,-1.48455493071679051e-10,-1.45446920421504584e-09,-6.33174182764494688e-10,-3.09484752719090547e-10,-1.48455493071679051e-10,1.53077860697210935e-08,-2.93155265417510337e-08,-3.11660426736980137e-09,1.71585204117390173e-08,19,4,1,5.76460752303767552e+17
77,2,310,-3.05359567009080591e-33,5.33887593257355086e-11,5.33891579975181879e-11,-3.66592905475076001e-33,1.13936720862680266e-08,4.10746635313954077e-08,2.96809914451273811e-08,4.10746635313954077e-08,7.59781314750562505e-08,-4.14332484081090271e-33,2.69976354494384822e-34,-5.38630971494103047e-34,-9.95909435092509265e-35,1.26751123921694745e-10,2.35907373556594136e-10,1.32179367365581550e-10,7.62582172972097956e-11,1.26751123921694745e-10,2.35907373556594136e-10,1.32179367365581550e-10,7.62582172972097956e-11,4.10746635313954077e-08,-4.64614056226444979e-09,2.17590303120023026e-08,-3.49034679436608429e-08,19,4,1,5.76460752303767552e+17
77,3,311,-2.39872826978570624e-33,2.08324906201765209e-09,2.08324821981722550e-09,-2.87996229174809031e-33,8.64076536596309018e-09,-2.44750443403266679e-08,3.31158097062897597e-08,2.44750443403266679e-08,3.97754764485972085e-08,-3.25487010140435989e-33,2.11795142617050226e-34,-4.23048384776597024e-34,-7.82631086380500426e-35,3.39610648161978032e-09,1.80499676112015052e-09,8.97821094317165429e-10,4.51011020325368311e-10,3.39610648161978032e-09,1.80499676112015052e-09,8.97821094317165429e-10,4.51011020325368311e-10,-2.44750443403266679e-08,3.42883422528244179e-09,1.53004321082705407e-08,-2.41374065127284090e-09,19,4,1,5.76460752303767552e+17
78,0,312,-1.88433376283162655e-33,4.11119907533167486e-10,4.11116644557508022e-10,-2.26246025954790518e-33,-2.25648147629461312e-08,3.94337122601515734e-08,6.19985270230977046e-08,3.94337122601515734e-08,5.55085091988969977e-08,-2.55695984494162221e-33,1.66182807293292694e-34,-3.32274205533036461e-34,-6.15007743842520209e-35,6.31592860429720545e-10,1.32459965526676778e-10,1.74988722415715960e-11,-1.00986844440680205e-11,6.31592860429720545e-10,1.32459965526676778e-10,1.74988722415715960e-11,-1.00986844440680205e-11,3.94337122601515734e-08,-1.43778074270271004e-09,5.40707284561942843e-08,1.34862435274606020e-08,19,4,1,5.76460752303767552e+17
78,1,313,-1.48026723462346642e-33,2.26326133517052385e-09,2.26326159861810710e-09,-1.77731829401262326e-33,-3.20628794982617199e-09,3.49986366206504990e-08,3.82049245704766694e-08,3.49986366206504990e-08,8.85336539056920591e-08,-2.00871328453833672e-33,1.30417438492621785e-34,-2.60981563632385022e-34,-4.83268255723541228e-35,3.62004063756365883e-09,1.63689155627721145e-09,7.93720213149535398e-10,3.87954919456709155e-10,3.62004063756365883e-09,1.63689155627721145e-09,7.93720213149535398e-10,3.87954919456709155e-10,3.49986366206504990e-08,1.35073504629530857e-09,-1.08230105647799586e-08,7.77106433409121022e-08,19,4,1,5.76460752303767552e+17
78,2,314,-1.16285677838805873e-33,3.48063646613667350e-09,3.48063702735608084e-09,-1.39617015974440761e-33,-1.65154657987058947e-08,-7.18789002700792850e-09,9.32757577169796537e-09,7.18789002700792850e-09,2.43597042976249174e-08,-1.57802563330920252e-33,1.02367896823451635e-34,-2.04987974150653744e-34,-3.79732948631200761e-35,5.53727151320005134e-09,2.37965290400531300e-09,1.14600134828746894e-09,5.51188613096910289e-10,5.53727151320005134e-09,2.37965290400531300e-09,1.14600134828746894e-09,5.51188613096910289e-10,-7.18789002700792850e-09,-1.19386670740361968e-08,3.78005941071492841e-09,1.24210372235887206e-08,19,4,1,5.76460752303767552e+17
78,3,315,-9.13512415415394144e-34,2.32642931927232432e-09,2.32642995521754075e-09,-1.09672891830587953e-33,-1.79993603268994754e-08,-4.16956274441533810e-08,2.36962671172539056e-08,4.16956274441533810e-08,6.05770056559390506e-08,-1.23968263701630216e-33,8.03653666665917345e-35,-1.61009327784387546e-34,-2.98365733935341058e-35,3.60217651966382705e-09,1.12254487888054148e-09,4.99136349892705131e-10,2.13430454877504598e-10,3.60217651966382705e-09,1.12254487888054148e-09,4.99136349892705131e-10,2.13430454877504598e-10,-4.16956274441533810e-08,2.78537698313121067e-09,-3.73637634598885351e-09,1.88813782117856762e-08,19,4,1,5.76460752303767552e+17
79,0,316,-7.17634255979421787e-34,-2.92140629175069733e-10,-2.92140942873623831e-10,-8.61483725253748567e-34,-1.36310803306456178e-08,-5.36485256578249149e-08,4.00174453271792937e-08,5.36485256578249149e-08,1.11883024875631193e-07,-9.73880582782880642e-34,6.31028647847990636e-35,-1.26466804928778248e-34,-2.34422219177769494e-35,-6.52279511063871556e-10,-1.05465522511699589e-09,-5.58678284360936895e-10,-3.08140701109362265e-10,-6.52279511063871556e-10,-1.05465522511699589e-09,-5.58678284360936895e-10,-3.08140701109362265e-10,-5.36485256578249149e-08,5.23321374992904089e-08,-5.95508873763407904e-08,-2.26627693417883011e-08,19,4,1,5.76460752303767552e+17
79,1,317,-5.63755460858644627e-34,-2.91993178485688685e-09,-2.91993164993111899e-09,-6.76676133930592643e-34,-7.05214959453569840e-09,7.52160057534207303e-09,1.45737501698777714e-08,7.52160057534207303e-09,7.42303644726488519e-08,-7.65064488441190027e-34,4.95566198869307556e-35,-9.93353192481982851e-35,-1.84173218169847680e-35,-4.84589571860134051e-09,-2.86401330090101655e-09,-1.39257187551106740e-09,-6.98446514690851160e-10,-4.84589571860134051e-09,-2.86401330090101655e-09,-1.39257187551106740e-09,-6.98446514690851160e-10,7.52160057534207303e-09,1.75179016966305246e-09,3.10678355146533022e-08,-4.31625289579955563e-08,19,4,1,5.76460752303767552e+17
79,2,318,-4.42869455464677717e-34,-1.91892936033285019e-09,-1.91892866227292724e-09,-5.31495910992057754e-34,-1.39816643383498960e-09,-5.92831944459728832e-08,5.78850280121378903e-08,5.92831944459728832e-08,7.37897799051087488e-08,-6.01015992801149736e-34,3.89245614330568254e-35,-7.80245514988212480e-35,-1.44687484157111424e-35,-3.11643793543768075e-09,-1.48792454819960538e-09,-6.33324345008522298e-10,-2.88105816501940914e-10,-3.11643793543768075e-09,-1.48792454819960538e-09,-6.33324345008522298e-10,-2.88105816501940914e-10,-5.92831944459728832e-08,-2.93664344310158146e-08,-1.10139819278079703e-08,1.45065854591358623e-08,19,4,1,5.76460752303767552e+17
79,3,319,-3.47901742754700801e-34,-4.42457254764073959e-09,-4.42457166632966019e-09,-4.17449259981763244e-34,-3.44123822522818548e-09,-2.56065473602421564e-08,2.21653091350139709e-08,2.56065473602421564e-08,1.05720671871989418e-07,-4.72137222781547877e-34,3.05781918849245443e-35,-6.12855600272181678e-35,-1.13660966460684022e-35,-7.10552483304892931e-09,-3.26529403454327417e-09,-1.53321329172185430e-09,-7.40933587680598912e-10,-7.10552483304892931e-09,-3.26529403454327417e-09,-1.53321329172185430e-09,-7.40933587680598912e-10,-2.56065473602421564e-08,7.17322508141444880e-08,8.01141245117472619e-08,5.08778798366919176e-08,19,4,1,5.76460752303767552e+17
80,0,320,-2.73295204831621372e-34,-4.69002727922362903e-09,-4.69002698618045280e-09,-3.27862467022450025e-34,6.65411445504377728e-10,6.07627307148743003e-08,6.00973192693699284e-08,6.07627307148743003e-08,8.51671962140888948e-08,-3.70888485850461567e-34,2.40249276199224638e-35,-4.81374649242109333e-35,-8.92826185372076028e-36,-7.42572519137806309e-09,-2.98137839374997736e-09,-1.36915810607469165e-09,-6.39810555705513281e-10,-7.42572519137806309e-09,-2.98137839374997736e-09,-1.36915810607469165e-09,-6.39810555705513281e-10,6.07627307148743003e-08,-2.44044654992145912e-08,-1.27988122383259155e-08,1.75942447415058507e-08,19,4,1,5.76460752303767552e+17
80,1,321,-2.14684483998128274e-34,-5.97960164108459547e-10,-5.97958979615480518e-10,-2.57491924471140566e-34,2.68715490607283208e-08,-3.20083632055608783e-08,5.88799122662891991e-08,3.20083632055608783e-08,1.09901746846232943e-07,-2.91346712964534528e-34,1.88786284977196986e-35,-3.78098877909427084e-35,-7.01289259765621295e-36,-7.24013952102259553e-10,6.92308694049408940e-10,4.53641196495900453e-10,2.77611928021786037e-10,-7.24013952102259553e-10,6.92308694049408940e-10,4.53641196495900453e-10,2.77611928021786037e-10,-3.20083632055608783e-08,2.64805156682310369e-08,-5.04888853358747581e-08,5.94128615103581851e-08,19,4,1,5.76460752303767552e+17
80,2,322,-1.68640289923051480e-34,-1.99660784131727819e-09,-1.99661115999144653e-09,-2.02217722836279401e-34,1.52753941278147300e-08,-7.51395884209474600e-08,9.04149825487621866e-08,7.51395884209474600e-08,1.65398850199491052e-07,-2.28858697012338551e-34,1.48365327803739361e-35,-2.96977586895988850e-35,-5.50810031762372762e-36,-3.02657440643454449e-09,-7.46145446873970159e-10,-3.72721473644646354e-10,-1.72677949697849932e-10,-3.02657440643454449e-09,-7.46145446873970159e-10,-3.72721473644646354e-10,-1.72677949697849932e-10,-7.51395884209474600e-08,3.44308843485370925e-08,-7.00752938226341909e-11,9.02592617785435919e-08,19,4,1,5.76460752303767552e+17
80,3,323,-1.32468602422261115e-34,-5.22791379203325184e-09,-5.22791474648491983e-09,-1.58802895935293564e-34,2.48849846759072009e-08,5.90073139211678292e-08,3.41223292452606283e-08,5.90073139211678292e-08,9.96715207037449892e-08,-1.79768757053356190e-34,1.16612027064440965e-35,-2.33258311713730367e-35,-4.32594265189658907e-36,-8.24999228205858680e-09,-3.38399700880914986e-09,-1.71266716168856370e-09,-8.40367450824888162e-10,-8.24999228205858680e-09,-3.38399700880914986e-09,-1.71266716168856370e-09,-8.40367450824888162e-10,5.90073139211678292e-08,1.74050796345187581e-09,-4.39606640979650823e-09,9.52754542939484810e-08,19,4,1,5.76460752303767552e+17
81,0,324,-1.04052973683033051e-34,-1.09587178335263760e-09,-1.09587274356969986e-09,-1.24704247490620712e-34,5.10832963695760953e-08,4.26642184399490525e-08,8.41907792962704280e-09,4.26642184399490525e-08,6.87492983549780597e-08,-1.41204840536724412e-34,9.16638998535567094e-36,-1.83208184858097496e-35,-3.39730076231176617e-36,-1.49012909009348752e-09,3.68914175258106622e-10,2.11634145987568638e-10,1.54040032583900110e-10,-1.49012909009348752e-09,3.68914175258106622e-10,2.11634145987568638e-10,1.54040032583900110e-10,4.26642184399490525e-08,1.80309113404246517e-08,-1.60612061240006738e-08,-2.60850799150290138e-08,19,4,1,5.76460752303767552e+17
81,1,325,-8.17306712782353724e-35,1.31976991007058053e-09,1.31976985575836907e-09,-9.79237052926520757e-35,5.93507926716021864e-09,9.77867988444997720e-09,3.84360061728975856e-09,9.77867988444997720e-09,6.03114705711598228e-08,-1.10910513786862773e-34,7.20596820810466361e-36,-1.43895130485442732e-35,-2.66785236247273889e-36,2.36975766434926211e-09,2.04463488003740307e-09,9.77442973930144453e-10,5.09636378918525573e-10,2.36975766434926211e-09,2.04463488003740307e-09,9.77442973930144453e-10,5.09636378918525573e-10,9.77867988444997720e-09,7.00901504556098001e-08,1.32159401583591471e-08,4.66878105824279409e-08,19,4,1,5.76460752303767552e+17
81,2,326,-6.41953943273173510e-35,1.55604441764836127e-09,1.55604477169733252e-09,-7.68915191470952553e-35,1.08586941565722998e-08,-3.26800690490645267e-08,4.35387632056368265e-08,3.26800690490645267e-08,1.63338196682254836e-07,-8.71129888933049876e-35,5.66526507623557205e-36,-1.13016035423983145e-35,-2.09490603170438110e-36,2.65209069949045913e-09,1.72165760902177903e-09,7.45284665270119275e-10,3.64052609399340259e-10,2.65209069949045913e-09,1.72165760902177903e-09,7.45284665270119275e-10,3.64052609399340259e-10,-3.26800690490645267e-08,1.11211985214976143e-07,-5.21262114672786930e-08,-8.87135068404215549e-09,19,4,1,5.76460752303767552e+17
81,3,327,-5.04208575114721933e-35,-3.84155287588245326e-10,-3.84154567840896010e-10,-6.03744803091778470e-35,8.23725158099607835e-09,2.97264818717145100e-08,2.14892302907184317e-08,2.97264818717145100e-08,1.41552533552263493e-07,-6.84194523288483668e-35,4.45427271807772927e-36,-8.87618048386350399e-36,-1.64491258358754407e-36,-5.67167611570289193e-10,-2.24363042886087064e-10,-2.42188562404720710e-10,-1.38008716997131492e-10,-5.67167611570289193e-10,-2.24363042886087064e-10,-2.42188562404720710e-10,-1.38008716997131492e-10,2.97264818717145100e-08,-4.30517611413665172e-08,8.99491430874057496e-08,-5.16033904648577439e-08,19,4,1,5.76460752303767552e+17
82,0,328,-3.96007637456403082e-35,1.18187760322578800e-09,1.18187829544105933e-09,-4.74038022559616418e-35,4.90638416900562560e-08,1.00348085231037048e-07,5.12842435409807917e-08,1.00348085231037048e-07,9.49053706744342817e-08,-5.37356222840588329e-35,3.50232802333635012e-36,-6.97113804408141515e-36,-1.29150868705664882e-36,1.95180882597566588e-09,1.05031947254027256e-09,4.46446814608950285e-10,2.24485419730950469e-10,1.95180882597566588e-09,1.05031947254027256e-09,4.46446814608950285e-10,2.24485419730950469e-10,1.00348085231037048e-07,5.44271455660276939e-09,6.00528057465727842e-08,5.75641310059011037e-08,19,4,1,5.76460752303767552e+17
82,1,329,-3.11016486116366444e-35,5.89164803998569595e-09,5.89164862689779634e-09,-3.72184512205406485e-35,2.97105698718654837e-08,4.67685501233160549e-08,1.70579802514505712e-08,4.67685501233160549e-08,7.46889971342723017e-08,-4.22017659831323820e-35,2.75394379718830928e-36,-5.47485018773599613e-36,-1.01397891973003031e-36,9.51717473098866519e-09,4.65733701814662111e-09,2.25297022176322654e-09,1.12028899131605316e-09,9.51717473098866519e-09,4.65733701814662111e-09,2.25297022176322654e-09,1.12028899131605316e-09,4.67685501233160549e-08,4.79764974834876986e-08,-2.67124996507846032e-08,6.30682549800053286e-09,19,4,1,5.76460752303767552e+17
82,2,330,-2.44258349912991790e-35,6.88502630763011850e-09,6.88502591106140831e-09,-2.92206172253644857e-35,1.73311708578045125e-08,-2.38332398182895186e-08,4.11644106760940311e-08,2.38332398182895186e-08,1.84431365803112932e-07,-3.31424321017235044e-35,2.16554102115888392e-36,-4.29963283868116473e-36,-7.96046780016744272e-37,1.09664367776288530e-08,4.69705065402870483e-09,2.20193350879945920e-09,1.04986400954357436e-09,1.09664367776288530e-08,4.69705065402870483e-09,2.20193350879945920e-09,1.04986400954357436e-09,-2.38332398182895186e-08,1.06975409402505747e-07,-1.72880480324772064e-08,-7.74559564006071852e-08,19,4,1,5.76460752303767552e+17
82,3,331,-1.91823292753645169e-35,4.12754109592802470e-09,4.12754169262297347e-09,-2.29407252534288922e-35,1.35867781027584620e-08,-1.41171200911979250e-08,2.77038981939563853e-08,1.41171200911979250e-08,1.98385846775914087e-07,-2.60269572095773683e-35,1.70288684013876711e-36,-3.37660868433680426e-36,-6.24924319502921559e-37,6.36493934675190735e-09,1.82445902365446317e-09,7.53145153405904731e-10,3.04530722088394043e-10,6.36493934675190735e-09,1.82445902365446317e-09,7.53145153405904731e-10,3.04530722088394043e-10,-1.41171200911979250e-08,6.71724713034192211e-09,1.84268726684716162e-07,5.33490723679850928e-08,19,4,1,5.76460752303767552e+17
83,0,332,-1.50639560216217155e-35,2.43848962083630471e-09,2.43849037798151135e-09,-1.80099431777942013e-35,-4.53177642726395572e-08,1.22901052430622048e-07,1.68218816703261598e-07,1.22901052430622048e-07,1.38052481953969344e-07,-2.04384362639589158e-35,1.33908538057586616e-36,-2.65167357893809300e-36,-4.90565097315879262e-37,3.59934344425789579e-09,4.02889074303877011e-10,1.26855768445943565e-10,1.28622632971121502e-11,3.59934344425789579e-09,4.02889074303877011e-10,1.26855768445943565e-10,1.28622632971121502e-11,1.22901052430622048e-07,4.30689612737564205e-08,-1.51514295233472893e-08,9.65704642911262293e-08,19,4,1,5.76460752303767552e+17
83,1,333,-1.18293934181454894e-35,7.90449023425498839e-09,7.90449118684258749e-09,-1.41385807125099006e-35,2.54150439664441119e-08,5.03582842792770574e-08,2.49432403128329455e-08,5.03582842792770574e-08,7.36394623203101910e-08,-1.60493427338278861e-35,1.05300173014148152e-36,-2.08232815258633049e-36,-3.85076980853009248e-37,1.24558426002597598e-08,5.01765084164538007e-09,2.52119917524162658e-09,1.23266496396516733e-09,1.24558426002597598e-08,5.01765084164538007e-09,2.52119917524162658e-09,1.23266496396516733e-09,5.03582842792770574e-08,3.98024110216861776e-08,4.10510879275817632e-08,1.13441873341996362e-07,19,4,1,5.76460752303767552e+17
83,2,334,-9.28905888838230787e-36,8.56192368195164828e-09,8.56192387102113484e-09,-1.10991175374874202e-35,-2.32288328396008735e-08,-1.20850217135531776e-07,9.76213842959309062e-08,1.20850217135531776e-07,9.95188182724386126e-08,-1.26023730869455510e-35,8.28025395532026005e-37,-1.63518898710203274e-36,-3.02260611442254466e-37,1.33982814818608232e-08,4.95481376399145042e-09,2.43123638876779270e-09,1.14289254663531874e-09,1.33982814818608232e-08,4.95481376399145042e-09,2.43123638876779270e-09,1.14289254663531874e-09,-1.20850217135531776e-07,-1.09337346279250662e-07,-6.06651202202707387e-08,-2.13313988630931638e-08,19,4,1,5.76460752303767552e+17
83,3,335,-7.29401953480779392e-36,5.71254147186242624e-10,5.71254723844029077e-10,-8.71286898117263192e-36,-1.43742849541692228e-08,1.46870410459370527e-08,2.90613260001062755e-08,1.46870410459370527e-08,1.56232704711626901e-07,-9.89539599395722683e-36,6.51099882583436526e-37,-1.28403356914640243e-36,-2.37246660398320825e-37,3.75130397216565621e-10,-1.98877521667405776e-09,-1.05068570490249610e-09,-6.18561585969866694e-10,3.75130397216565621e-10,-1.98877521667405776e-09,-1.05068570490249610e-09,-6.18561585969866694e-10,1.46870410459370527e-08,-3.79075499683108760e-08,-1.41545663665689848e-07,-7.32155067446377349e-08,19,4,1,5.76460752303767552e+17
84,0,336,-5.72727910250120361e-36,1.05646145362418612e-09,1.05646140665622367e-09,-6.83951000202180897e-36,-2.34820410466547720e-09,-3.44290507555314781e-08,3.20808466508659980e-08,3.44290507555314781e-08,1.66596435162374159e-07,-7.76962664353633963e-36,5.11960946458908810e-37,-1.00826452081747549e-36,-1.86210745768360319e-37,1.28595515233696688e-09,-8.46683167655855316e-10,-3.09061386752337442e-10,-1.80374738256077205e-10,1.28595515233696688e-09,-8.46683167655855316e-10,-3.09061386752337442e-10,-1.80374738256077205e-10,-3.44290507555314781e-08,9.88570724962094958e-08,1.32167384406842668e-07,4.73140364054168495e-08,19,4,1,5.76460752303767552e+17
84,1,337,-4.49693214812474954e-36,-9.68667070130963063e-10,-9.68663927221272821e-10,-5.36884509177746315e-36,2.16154346415574699e-10,-6.13281324651818463e-08,6.15442868115974201e-08,6.13281324651818463e-08,2.77733116459497758e-07,-6.10033510779119623e-36,4.02538504438954137e-37,-7.91703178094045282e-37,-1.46149396941342825e-37,-1.89617100417237096e-09,-2.03574802504922957e-09,-8.55350485103648458e-10,-4.39636014141269452e-10,-1.89617100417237096e-09,-2.03574802504922957e-09,-8.55350485103648458e-10,-4.39636014141269452e-10,-6.13281324651818463e-08,2.16404983994315912e-07,9.42113160710989435e-08,4.17980881360506733e-08,19,4,1,5.76460752303767552e+17
84,2,338,-3.53078528186236446e-36,-3.85230614430220822e-09,-3.85230635990897397e-09,-4.21434287114056416e-36,3.70899174457695445e-09,1.43177932183012855e-07,1.39468940438435911e-07,1.43177932183012855e-07,2.53427717363901121e-07,-4.78954580459674125e-36,3.16486944051307421e-37,-6.21641882278482651e-37,-1.14704005800932098e-37,-6.43435356222259290e-09,-3.79394643453835014e-09,-1.69743182977299319e-09,-8.42609698300645274e-10,-6.43435356222259290e-09,-3.79394643453835014e-09,-1.69743182977299319e-09,-8.42609698300645274e-10,1.43177932183012855e-07,-6.09369516678441390e-08,-7.10843403410439649e-08,-1.10249785180888252e-07,19,4,1,5.76460752303767552e+17
84,3,339,-2.77213111368786922e-36,4.05862881135016054e-09,4.05862863787808095e-09,-3.30805721469137512e-36,1.33308341904708964e-08,1.37625187850007442e-07,1.24294353659536538e-07,1.37625187850007442e-07,1.62036838115126764e-07,-3.76030145347679393e-36,2.48816184402394608e-37,-4.88099502487569324e-37,-9.00224956075917820e-38,6.51798429507769301e-09,3.36710548015918604e-09,1.92077828166750290e-09,9.93988651708944166e-10,6.51798429507769301e-09,3.36710548015918604e-09,1.92077828166750290e-09,9.93988651708944166e-10,1.37625187850007442e-07,-2.44116502651193154e-08,4.80215078718508238e-08,1.04276704017792985e-08,19,4,1,5.76460752303767552e+17
85,0,340,-2.17642790800625035e-36,9.95815315369883133e-09,9.95815299950341506e-09,-2.59663774003972760e-36,-1.13547087423242408e-08,3.55484995160788497e-08,4.69032082584030905e-08,3.55484995160788497e-08,1.08058764028046789e-07,-2.95215632892640969e-36,1.95601819330558879e-37,-3.83236607992595823e-37,-7.06506345246899046e-38,1.59723321588692670e-08,7.58398672265470947e-09,3.85840150501308043e-09,1.89514194804123665e-09,1.59723321588692670e-08,7.58398672265470947e-09,3.85840150501308043e-09,1.89514194804123665e-09,3.55484995160788497e-08,7.32670415611386613e-08,-2.18394105524558915e-09,1.05874822972801196e-07,19,4,1,5.76460752303767552e+17
85,1,341,-1.70869087901370905e-36,9.46362227562031716e-09,9.46362400715797318e-09,-2.03819615124745337e-36,-1.67410134185709708e-08,-2.15751113198891724e-07,1.99010099780320760e-07,2.15751113198891724e-07,2.32787945779685456e-07,-2.31763543048374842e-36,1.53757347509955717e-37,-3.00896056255660772e-37,-5.54466471849395385e-38,1.49506780534845547e-08,6.01193843440567733e-09,2.89457655192556054e-09,1.33891527987431324e-09,1.49506780534845547e-08,6.01193843440567733e-09,2.89457655192556054e-09,1.33891527987431324e-09,-2.15751113198891724e-07,-8.22797495035114520e-09,-1.11549579760191091e-07,1.70368325807937382e-08,19,4,1,5.76460752303767552e+17
85,2,342,-1.34144264195860803e-36,-3.40878198691133020e-09,-3.40878059386352637e-09,-1.59984495162701522e-36,-3.07367728304992936e-08,-9.98291143808725503e-08,6.90923415503732501e-08,9.98291143808725503e-08,2.51482638832371932e-07,-1.81945261424729883e-36,1.20855158405719529e-37,-2.36242104163103954e-37,-4.35141351920696429e-38,-6.01464578265000330e-09,-5.11578570211850100e-09,-2.69391657516649810e-09,-1.46777756621958215e-09,-6.01464578265000330e-09,-5.11578570211850100e-09,-2.69391657516649810e-09,-1.46777756621958215e-09,-9.98291143808725503e-08,-3.15129151348051378e-07,-8.10935727067945005e-08,-6.36465125156794460e-08,19,4,1,5.76460752303767552e+17
85,3,343,-1.05310300627594126e-36,-7.69386992350495004e-09,-7.69387144536753594e-09,-1.25576435403988390e-36,2.12183027444210844e-09,3.56407534778878613e-08,3.35189232034457558e-08,3.56407534778878613e-08,4.19782903586395099e-07,-1.42832506571575869e-36,9.49858141133873772e-38,-1.85476916709497016e-37,-3.41493848027774177e-38,-1.27261369701472882e-08,-7.33280155805297284e-09,-3.53556801444691930e-09,-1.76878463496108843e-09,-1.27261369701472882e-08,-7.33280155805297284e-09,-3.53556801444691930e-09,-1.76878463496108843e-09,3.56407534778878613e-08,2.26002519417482176e-07,3.57575298212515874e-08,-1.93780384168912924e-07,19,4,1,5.76460752303767552e+17
86,0,344,-8.26723966334347858e-37,-4.26392785324053828e-09,-4.26392787399626422e-09,-9.85684111004509765e-37,-4.77903224240485260e-08,-2.00683890492281517e-08,2.77219333748203743e-08,2.00683890492281517e-08,2.37022337538714193e-07,-1.12125633050946584e-36,7.46474177187261718e-38,-1.45617877245360215e-37,-2.67999792247248306e-38,-6.89818246491925722e-09,-3.13650215271995880e-09,-1.27436426882526821e-09,-5.63420513065145162e-10,-6.89818246491925722e-09,-3.13650215271995880e-09,-1.27436426882526821e-09,-5.63420513065145162e-10,-2.00683890492281517e-08,7.56640734313346492e-08,-1.61358264107379544e-07,5.99937373482343822e-08,19,4,1,5.76460752303767552e+17
86,1,345,-6.48995915180081954e-37,-4.29796995803320524e-09,-4.29796895770325829e-09,-7.73691264557752776e-37,-4.26683655987002604e-08,-6.23265916808369153e-08,1.96582260821366548e-08,6.23265916808369153e-08,2.44359057161426923e-07,-8.80187493429677975e-37,5.86586234993050926e-38,-1.14322661782198832e-37,-2.10322927430246929e-38,-6.82308267089771397e-09,-2.66710975870225130e-09,-1.09418456720068838e-09,-4.89236860005307635e-10,-6.82308267089771397e-09,-2.66710975870225130e-09,-1.09418456720068838e-09,-4.89236860005307635e-10,-6.23265916808369153e-08,-2.38839336769680324e-07,5.51972039174661288e-09,-1.25532694137277113e-07,19,4,1,5.76460752303767552e+17
86,2,346,-5.09466955083412604e-37,-6.39079758145687213e-09,-6.39079833073615818e-09,-6.07293893380827504e-37,-4.13416414189435829e-08,2.32941475941089944e-07,2.74283117360033547e-07,2.32941475941089944e-07,2.54686855220535126e-07,-6.90937606554043891e-37,4.60902283617693274e-38,-8.97518351732417766e-38,-1.65059625830658815e-38,-1.01121156382094878e-08,-4.03119524363816304e-09,-1.84270371793334061e-09,-8.74197758595426940e-10,-1.01121156382094878e-08,-4.03119524363816304e-09,-1.84270371793334061e-09,-8.74197758595426940e-10,2.32941475941089944e-07,1.75236766262512339e-07,1.75489178835742105e-08,-2.17453792794451811e-08,19,4,1,5.76460752303767552e+17
86,3,347,-3.99929631935961839e-37,6.61856370857469928e-09,6.61856469480447588e-09,-4.76685925495145587e-37,-2.99497463984080400e-08,1.73794906387671170e-08,4.73292370371751570e-08,1.73794906387671170e-08,3.22365702455472771e-07,-5.42371369920436269e-37,3.62113697680777292e-38,-7.04609229386505098e-38,-1.29538421767892312e-38,1.10320991962853132e-08,6.97148983080412063e-09,3.63389113551888289e-09,1.87766117096355204e-09,1.10320991962853132e-08,6.97148983080412063e-09,3.63389113551888289e-09,1.87766117096355204e-09,1.73794906387671170e-08,3.21421321332062276e-07,8.80062421722944475e-08,-9.44381123410494229e-10,19,4,1,5.76460752303767552e+17
87,0,348,-3.13939206092343872e-37,6.06831254641120546e-09,6.06831257860836542e-09,-3.74169863861302484e-37,-6.88777430082700961e-08,-5.34556150321633022e-08,1.54221279761067939e-08,5.34556150321633022e-08,1.98279551243567380e-07,-4.25745350800879483e-37,2.84472075421898219e-38,-5.53156376314287934e-38,-1.01662600293296950e-38,9.89118985889112369e-09,5.10222121881435472e-09,2.41562578211306274e-09,1.15382165148096490e-09,9.89118985889112369e-09,5.10222121881435472e-09,2.41562578211306274e-09,1.15382165148096490e-09,-5.34556150321633022e-08,-1.20675937378114950e-07,7.76036138654524301e-08,-1.03229486635378293e-07,19,4,1,5.76460752303767552e+17
87,1,349,-2.46435261624726355e-37,2.07738993437816307e-09,2.07739121573616690e-09,-2.93703527200136517e-37,-8.62755670022400104e-09,-1.17397179095604413e-07,1.08769622395380414e-07,1.17397179095604413e-07,3.64031227762497698e-07,-3.34194465082162236e-37,2.23456358563952251e-38,-4.34252939118659816e-38,-7.97866032668138331e-39,3.25338519333369250e-09,9.81663881489456996e-10,2.82177918088307012e-10,6.21916340739347153e-11,3.25338519333369250e-09,9.81663881489456996e-10,2.82177918088307012e-10,6.21916340739347153e-11,-1.17397179095604413e-07,1.14337243977031615e-07,4.47097399001168338e-08,-2.49693983785466096e-07,19,4,1,5.76460752303767552e+17
87,2,350,-1.93444498200292579e-37,-4.22472997327684645e-09,-4.22472987320939811e-09,-2.30544179822007659e-37,-9.81201444886179047e-09,2.53491576562898049e-07,2.63303591011759820e-07,2.53491576562898049e-07,4.68343947268707221e-07,-2.62328646166656117e-37,1.75510969137394506e-38,-3.40905112199495146e-38,-6.26189944412058716e-39,-6.97080387792893814e-09,-4.17409430899273222e-09,-2.20915024625321929e-09,-1.14636598073581120e-09,-6.97080387792893814e-09,-4.17409430899273222e-09,-2.20915024625321929e-09,-1.14636598073581120e-09,2.53491576562898049e-07,-2.14852370705809171e-07,-4.30868448429208510e-08,5.12318451824996396e-08,19,4,1,5.76460752303767552e+17
87,3,351,-1.51847297713952507e-37,9.23746180185705545e-09,9.23746034066873823e-09,-1.80969137024791472e-37,5.59873098631455533e-09,-3.30174896465199465e-07,3.35773627451514006e-07,3.30174896465199465e-07,6.46287200999687561e-07,-2.05916071872653839e-37,1.37839803435983566e-38,-2.67621394015644585e-38,-4.91462813921153222e-39,1.49264197882035895e-08,7.51727011152211853e-09,3.80980385190388378e-09,1.93629800418980650e-09,1.49264197882035895e-08,7.51727011152211853e-09,3.80980385190388378e-09,1.93629800418980650e-09,-3.30174896465199465e-07,-1.78098610317344361e-07,3.16112304534488096e-07,2.86777179666427486e-07,19,4,1,5.76460752303767552e+17
88,0,352,-1.19194388637485545e-37,-9.17410909597930003e-09,-9.17411025998982505e-09,-1.42056420588465822e-37,-9.57224104730708724e-08,-1.20202946185167276e-07,2.44805357120964033e-08,1.20202946185167276e-07,4.80576553635783005e-07,-1.61634384282806192e-37,1.08244163821940470e-38,-2.10089997901703030e-38,-3.85731150894366906e-39,-1.50655878607876057e-08,-8.61298494106888470e-09,-4.44529544537497609e-09,-2.29299023777902356e-09,-1.50655878607876057e-08,-8.61298494106888470e-09,-4.44529544537497609e-09,-2.29299023777902356e-09,-1.20202946185167276e-07,-2.92685953671038340e-07,-5.13802219290239291e-07,-3.32256656544563389e-08,19,4,1,5.76460752303767552e+17
88,1,353,-9.35628626210862210e-38,-1.31216230185844312e-08,-1.31216219561756637e-08,-1.11512564461582729e-37,1.84384813326193403e-08,-3.79342597040985864e-07,3.97781078373605215e-07,3.79342597040985864e-07,4.27149593633967013e-07,-1.26875317020122207e-37,8.49952554308341252e-39,-1.64925505124098516e-38,-3.02753488736687695e-39,-2.11524977498659690e-08,-1.01783859410166515e-08,-4.93027221408202620e-09,-2.39860493640225698e-09,-2.11524977498659690e-08,-1.01783859410166515e-08,-4.93027221408202620e-09,-2.39860493640225698e-09,-3.79342597040985864e-07,4.78069965929811225e-08,-3.13475781954120008e-07,-9.23674977075881619e-08,19,4,1,5.76460752303767552e+17
88,2,354,-7.34431013844997035e-38,-2.89460322329685277e-08,-2.89460329136106536e-08,-8.75374401262821723e-38,2.13507437507655794e-10,-1.48767082590249011e-07,1.48980590027756658e-07,1.48767082590249011e-07,8.06140066280433622e-07,-9.95912713679679275e-38,6.67338761109493083e-39,-1.29469903730174440e-38,-2.37631936391632046e-39,-4.63914770184636951e-08,-2.13331977668823783e-08,-1.03564155227300186e-08,-5.03670866710070646e-09,-4.63914770184636951e-08,-2.13331977668823783e-08,-1.03564155227300186e-08,-5.03670866710070646e-09,-1.48767082590249011e-07,-4.63513165459897961e-07,3.42626900820535662e-07,-1.54619405190965752e-08,19,4,1,5.76460752303767552e+17
88,3,355,-5.76499818814565653e-38,-2.97412903900659559e-08,-2.97412924848481956e-08,-6.87181464082290841e-38,6.96280377022518506e-08,4.94244616154752099e-07,4.24616578452500274e-07,4.94244616154752099e-07,8.00182581786337320e-07,-7.81748395861518875e-38,5.23915011651061463e-39,-1.01636343064360724e-38,-1.86522992114376411e-39,-4.70098858818643732e-08,-1.87590688655305963e-08,-8.79482679857733179e-09,-4.09826938713899953e-09,-4.70098858818643732e-08,-1.87590688655305963e-08,-8.79482679857733179e-09,-4.09826938713899953e-09,4.94244616154752099e-07,9.34276140219351595e-08,-3.05937965631585222e-07,3.59362348183058250e-08,19,4,1,5.76460752303767552e+17
89,0,356,-4.52531498240001624e-38,1.61319962281921799e-09,1.61319798338077781e-09,-5.39457170215315058e-38,-6.33104961615787230e-08,1.44626346250273088e-07,2.07936842411851798e-07,1.44626346250273088e-07,6.16445841370062863e-07,-6.13642042053668328e-38,4.11282014381948404e-39,-7.97864369887255875e-39,-1.46410578915259183e-39,4.19172594819537967e-09,8.83642250380785765e-09,4.97754899324137040e-09,2.82929472096422148e-09,4.19172594819537967e-09,8.83642250380785765e-09,4.97754899324137040e-09,2.82929472096422148e-09,1.44626346250273088e-07,4.29377436149979797e-07,-1.00064101693096393e-07,5.16381739676966497e-07,19,4,1,5.76460752303767552e+17
89,1,357,-3.55222689861639343e-38,8.74771164647264532e-09,8.74771163462454036e-09,-4.23497409822110302e-38,-3.35109813266359408e-08,6.45549797197856638e-07,6.79060778524492552e-07,6.45549797197856638e-07,9.98596917089365147e-07,-4.81688587780810807e-38,3.22838060527197698e-39,-6.26339152894202554e-39,-1.14927921695764148e-39,1.52950641830271501e-08,1.18828877947849822e-08,5.76661513671100865e-09,2.93792793086473801e-09,1.52950641830271501e-08,1.18828877947849822e-08,5.76661513671100865e-09,2.93792793086473801e-09,6.45549797197856638e-07,-3.53047119891508615e-07,7.21364988065358899e-08,-2.20852012955670788e-07,19,4,1,5.76460752303767552e+17
89,2,358,-2.78840315535139709e-38,3.89770495038881788e-08,3.89770495357510436e-08,-3.32470448226285829e-38,-7.80385702158716307e-08,-4.34504805370837899e-07,3.56466235154966282e-07,4.34504805370837899e-07,1.00951361723713215e-06,-3.78112871503735011e-38,2.53394861946403617e-39,-4.91689675264703732e-39,-9.02177609789281644e-40,6.36070610111908716e-08,3.34835992874193607e-08,1.61578782134697949e-08,7.98649771777878416e-09,6.36070610111908716e-08,3.34835992874193607e-08,1.61578782134697949e-08,7.98649771777878416e-09,-4.34504805370837899e-07,-4.34197151451070084e-07,8.60945927666191134e-08,5.75008811866294252e-07,19,4,1,5.76460752303767552e+17
89,3,359,-2.18884044505585148e-38,8.85461208196265273e-09,8.85461106027387253e-09,-2.61014130788129727e-38,-1.55679397603796198e-07,2.09269367315040591e-07,3.64948764918836789e-07,2.09269367315040591e-07,4.54314091937152925e-07,-2.96811744445220805e-38,1.98875382069025481e-39,-3.85988370836175987e-39,-7.08226559324657978e-40,1.37153874413839471e-08,3.17777494286029374e-09,3.87769299326680751e-10,-1.97615723800778227e-10,1.37153874413839471e-08,3.17777494286029374e-09,3.87769299326680751e-10,-1.97615723800778227e-10,2.09269367315040591e-07,-2.45044724622112308e-07,-7.30967935447045739e-08,-1.75050941337909284e-07,19,4,1,5.76460752303767552e+17
90,0,360,-1.71821283795847487e-38,1.70839496799058422e-08,1.70839504822198405e-08,-2.04919733460107509e-38,-2.10681364184642802e-08,6.96374344394354945e-09,2.80318798624078297e-08,6.96374344394354945e-09,5.43420407955297495e-07,-2.32994583407057136e-38,1.56076177464125329e-39,-3.03011764155439362e-39,-5.55989023945578529e-40,2.68708503384285148e-08,9.86915843963702730e-09,4.28881252797890380e-09,1.96644347436615420e-09,2.68708503384285148e-08,9.86915843963702730e-09,4.28881252797890380e-09,1.96644347436615420e-09,6.96374344394354945e-09,-1.73603949235421635e-07,3.69816458719875913e-07,1.36378769150698638e-07,19,4,1,5.76460752303767552e+17
90,1,361,-1.34879119255119081e-38,1.34390698327218401e-08,1.34390719540224894e-08,-1.60883824418466999e-38,-1.34201957545238284e-08,-2.10715810826697795e-07,1.97295615072173959e-07,2.10715810826697795e-07,1.22398095027789122e-07,-1.82901069310176734e-38,1.22480493145764428e-39,-2.37874232686686809e-39,-4.36489838101911254e-40,2.06936443943549777e-08,5.90336371146822983e-09,2.50189447235861803e-09,1.08151027373243774e-09,2.06936443943549777e-08,5.90336371146822983e-09,2.50189447235861803e-09,1.08151027373243774e-09,-2.10715810826697795e-07,-3.07953632080313964e-07,-3.33113905854486917e-07,-2.84904975384789662e-07,19,4,1,5.76460752303767552e+17
90,2,362,-1.05880974196129918e-38,-2.19698899486714694e-10,-2.19698645847238722e-10,-1.26313508408177958e-38,-2.67436011575387716e-09,1.09447921892157707e-07,1.12122282007911586e-07,1.09447921892157707e-07,2.57058479753465653e-07,-1.43579631911638501e-38,9.61112862656201975e-40,-1.86740458065779342e-39,-3.42685660711569464e-40,-1.48557180528278239e-09,-5.29891366064574808e-09,-2.84520067844372026e-09,-1.55493898367292285e-09,-1.48557180528278239e-09,-5.29891366064574808e-09,-2.84520067844372026e-09,-1.55493898367292285e-09,1.09447921892157707e-07,-8.75197291970344899e-08,6.51659317362033354e-08,1.69538750556431176e-07,19,4,1,5.76460752303767552e+17
90,3,363,-8.31183787541164667e-39,5.01183081070573327e-09,5.01183049753018614e-09,-9.91735708263520362e-39,9.35339970858764797e-09,2.07039683322048115e-07,1.97686283613460470e-07,2.07039683322048115e-07,6.99705296185992123e-07,-1.12713525358908995e-38,7.54156597692230448e-40,-1.46599665436601455e-39,-2.69049054201154427e-40,7.26230895871735372e-09,6.78222136004715347e-10,5.59143614450231641e-10,2.77970628744593503e-10,7.26230895871735372e-09,6.78222136004715347e-10,5.59143614450231641e-10,2.77970628744593503e-10,2.07039683322048115e-07,1.87487960564837705e-07,8.87193256750829855e-07,2.29685663595771269e-07,19,4,1,5.76460752303767552e+17
91,0,364,-6.52503058663850122e-39,1.39709806597529486e-08,1.39709791863727716e-08,-7.78665079585601263e-39,6.75847007066336559e-09,-4.74751396432729195e-07,4.81509866503392599e-07,4.74751396432729195e-07,9.88311958439649800e-07,-8.84842986463688577e-39,5.91740030657892665e-40,-1.15088378397738000e-39,-2.11242122632041183e-40,2.18462948869207216e-08,8.41321155429627790e-09,4.47423235339714691e-09,2.21484548945883862e-09,2.18462948869207216e-08,8.41321155429627790e-09,4.47423235339714691e-09,2.21484548945883862e-09,-4.74751396432729195e-07,-8.72568708522092377e-07,1.15743249917557529e-07,-1.09068251849561094e-08,19,4,1,5.76460752303767552e+17
91,1,365,-5.12241499010910983e-39,-1.28030475654409656e-08,-1.28030457437389106e-08,-6.11383683655490104e-39,-3.21438899666100914e-08,-1.61983157748459583e-07,1.29839267781849492e-07,1.61983157748459583e-07,4.72713777976036745e-07,-6.94646236375440651e-39,4.64285655206328022e-40,-9.03512669341013675e-40,-1.65860425565822605e-40,-2.15777224716917145e-08,-1.40929328035299065e-08,-6.94679005724726288e-09,-3.59713055104307986e-09,-2.15777224716917145e-08,-1.40929328035299065e-08,-6.94679005724726288e-09,-3.59713055104307986e-09,-1.61983157748459583e-07,-1.84882412217563231e-08,-2.38526779041176252e-07,-4.91202019197793068e-07,19,4,1,5.76460752303767552e+17
91,2,366,-4.02136963765111762e-39,-1.81346327332464141e-08,-1.81346340494132145e-08,-4.80048522261370453e-39,2.61328650593783097e-08,-2.06655412298450476e-08,4.67984062892233540e-08,2.06655412298450476e-08,3.61803016161168353e-07,-5.45341699641105839e-39,3.64273130105366501e-40,-7.09319039209070828e-40,-1.30232035113495726e-40,-2.96220474237771916e-08,-1.54004418961889696e-08,-7.16281220587345124e-09,-3.49776359537216439e-09,-2.96220474237771916e-08,-1.54004418961889696e-08,-7.16281220587345124e-09,-3.49776359537216439e-09,-2.06655412298450476e-08,1.42577094850287900e-07,3.22136139382952775e-07,3.41137474931323305e-07,19,4,1,5.76460752303767552e+17
91,3,367,-3.15704304855947091e-39,-1.51503022626959762e-08,-1.51503017195743311e-08,-3.76933100280109806e-39,5.39558762522000072e-08,2.69638708316705245e-07,2.15682832064505251e-07,2.69638708316705245e-07,8.28980941697379511e-07,-4.28135720481662902e-39,2.85798027035109787e-40,-5.56870035721787445e-40,-1.02259861415692448e-40,-2.42131527952022984e-08,-1.02475884997658513e-08,-4.41312489615949024e-09,-2.02047393143810239e-09,-2.42131527952022984e-08,-1.02475884997658513e-08,-4.41312489615949024e-09,-2.02047393143810239e-09,2.69638708316705245e-07,-2.25647145872834979e-07,2.00096635424756710e-07,6.03333795824544532e-07,19,4,1,5.76460752303767552e+17
92,0,368,-2.47853168684504558e-39,1.65938190987313091e-09,1.65938155456032177e-09,-2.95972196856253932e-39,-1.77070145861725349e-07,-7.07451118679840003e-07,5.30380972818114654e-07,7.07451118679840003e-07,1.03985212841661398e-06,-3.36125982552925183e-39,2.24225076369355049e-40,-4.37190956355719213e-40,-8.02979285774589715e-41,3.31781957280949369e-09,4.76305829881797521e-09,2.96551657413394940e-09,1.65690594981773755e-09,3.31781957280949369e-09,4.76305829881797521e-09,2.96551657413394940e-09,1.65690594981773755e-09,-7.07451118679840003e-07,-7.41401972592161754e-07,-3.00598472767623656e-07,2.98450155824452275e-07,19,4,1,5.76460752303767552e+17
92,1,369,-1.94587992904831668e-39,-3.35894044760645385e-08,-3.35894041996495239e-08,-2.32404571740784101e-39,-6.35901942984005964e-09,-5.52561303527032510e-07,5.46202284097192459e-07,5.52561303527032510e-07,8.04170376411162572e-07,-2.63894682575651597e-39,1.75915707083779314e-40,-3.43236731795443888e-40,-6.30542895698800203e-41,-5.38262147380589264e-08,-2.50471250881898174e-08,-1.24180791320955833e-08,-6.20247123312813143e-09,-5.38262147380589264e-08,-2.50471250881898174e-08,-1.24180791320955833e-08,-6.20247123312813143e-09,-5.52561303527032510e-07,-2.93885334726324831e-07,-7.25972004598708508e-07,7.81983718124540636e-08,19,4,1,5.76460752303767552e+17
92,2,370,-1.52772527491663415e-39,-5.33237426798272525e-08,-5.33237426810560062e-08,-1.82492534581402141e-39,6.74094774514572068e-08,4.83288612197255633e-07,4.15879134745798452e-07,4.83288612197255633e-07,9.67320942690263863e-07,-2.07189211537061615e-39,1.38013989500755459e-40,-2.69477030823177162e-40,-4.95148431707455056e-41,-8.49635489006202159e-08,-3.71882712120731665e-08,-1.80586736905687249e-08,-8.75050397652177281e-09,-8.49635489006202159e-08,-3.71882712120731665e-08,-1.80586736905687249e-08,-8.75050397652177281e-09,4.83288612197255633e-07,-1.50403508421429136e-07,-4.84032330493008230e-07,-7.66460003871480125e-08,19,4,1,5.76460752303767552e+17
92,3,371,-1.19945004558051296e-39,-1.71991760904289534e-08,-1.71991753122728079e-08,-1.43301839089833263e-39,1.39579215001030384e-07,4.11350278923130430e-07,2.71771063922100020e-07,4.11350278923130430e-07,8.41180724605278996e-07,-1.62671523157190487e-39,1.08278482947093026e-40,-2.11570567765217788e-40,-3.88835515724772886e-41,-2.54857279296319505e-08,-2.79182291272264422e-09,-4.80599794550657492e-10,2.99354026306989876e-10,-2.54857279296319505e-08,-2.79182291272264422e-09,-4.80599794550657492e-10,2.99354026306989876e-10,4.11350278923130430e-07,-4.29830445682148565e-07,-3.58934199558852841e-08,-3.37323667342408959e-07,19,4,1,5.76460752303767552e+17
93,0,372,-9.41730643476442142e-40,7.50763961824385327e-09,7.50764068934058145e-09,-1.12528922641384790e-39,9.35160098280708256e-08,7.07582381108357267e-07,6.14066371280286442e-07,7.07582381108357267e-07,5.06268563621851060e-07,-1.27721415936787065e-39,8.49501602807721668e-41,-1.66109436728909258e-40,-3.05355267880636169e-41,1.43349523714976229e-08,1.58010219850823774e-08,8.05567432366545688e-09,4.30154611832587824e-09,1.43349523714976229e-08,1.58010219850823774e-08,8.05567432366545688e-09,4.30154611832587824e-09,7.07582381108357267e-07,2.01313817486506261e-07,3.24624006493587940e-07,3.60236100559438252e-07,19,4,1,5.76460752303767552e+17
93,1,373,-7.39398867892209173e-40,4.13064736456116173e-08,4.13064733850746192e-08,-8.83653048054228380e-40,2.93206003468933556e-07,-5.25850014612217691e-08,3.45791004930155325e-07,5.25850014612217691e-08,1.73534760747393753e-06,-1.00282132003551292e-39,6.66486816990301357e-41,-1.30418418050834744e-40,-2.39802146993480978e-41,6.81918379549534651e-08,3.88145830350353506e-08,1.87292021293527274e-08,9.32905033000261821e-09,6.81918379549534651e-08,3.88145830350353506e-08,1.87292021293527274e-08,9.32905033000261821e-09,-5.25850014612217691e-08,7.44963575185687165e-07,-9.90384032288250361e-07,5.97911517826507416e-07,19,4,1,5.76460752303767552e+17
93,2,374,-5.80548166298325368e-40,2.97336710671393232e-08,2.97336722400052749e-08,-6.93911502718323579e-40,1.54252104535852343e-07,4.08169256242833529e-07,2.53917151706981213e-07,4.08169256242833529e-07,7.87245683291454477e-07,-7.87391699733985066e-40,5.22909425518969287e-41,-1.02397438155530708e-40,-1.88325024646391349e-41,4.79964898534715777e-08,2.20046766353886597e-08,9.47427448607297260e-09,4.32312311290871885e-09,4.79964898534715777e-08,2.20046766353886597e-08,9.47427448607297260e-09,4.32312311290871885e-09,4.08169256242833529e-07,1.72652199390511713e-07,-3.79076427048620948e-07,-2.95591198834034082e-07,19,4,1,5.76460752303767552e+17
93,3,375,-4.55832135762245372e-40,4.32365799888974334e-08,4.32365802528130011e-08,-5.44917219207559163e-40,1.78579901781290683e-07,-5.54034865317136293e-08,2.33983388313004313e-07,5.54034865317136293e-08,1.07767651158522385e-06,-6.18251668621783407e-40,4.10271195239243797e-41,-8.03979045361033361e-41,-1.47900433120080120e-41,6.89713873247573060e-08,2.94585823382684292e-08,1.33734043964518021e-08,6.30487573333320250e-09,6.89713873247573060e-08,2.94585823382684292e-08,1.33734043964518021e-08,6.30487573333320250e-09,-5.54034865317136293e-08,1.64786341081563526e-07,6.87760380350039609e-07,-3.89916131235184343e-07,19,4,1,5.76460752303767552e+17
94,0,376,-3.57913919814696459e-40,3.05994124899203301e-08,3.05994117907947078e-08,-4.27917998680526061e-40,-7.22353756218465599e-08,7.30231146694406130e-08,1.45258490291287160e-07,7.30231146694406130e-08,3.66700733892148814e-07,-4.85452409382374886e-40,3.21904616668891825e-41,-6.31256321430926173e-41,-1.16154601769571372e-41,4.75838065383496390e-08,1.51695314263032275e-08,6.32034148830176794e-09,2.70159092812256696e-09,4.75838065383496390e-08,1.51695314263032275e-08,6.32034148830176794e-09,2.70159092812256696e-09,7.30231146694406130e-08,-2.07164049379089285e-07,-2.93677619222708214e-07,-2.13929954239673719e-07,19,4,1,5.76460752303767552e+17
94,1,377,-2.81034040936114897e-40,2.69534506747700645e-08,2.69534483402449926e-08,-3.36042018649340179e-40,-5.14096551667648733e-08,-3.38065604645931759e-07,2.86655949479166879e-07,3.38065604645931759e-07,1.44494364042112577e-06,-3.81183937716400842e-40,2.52578765267967875e-41,-4.95646433778513717e-41,-9.12237792514762100e-42,4.13157523952712447e-08,1.12362361190444452e-08,4.90737230548990766e-09,2.10754364035644208e-09,4.13157523952712447e-08,1.12362361190444452e-08,4.90737230548990766e-09,2.10754364035644208e-09,-3.38065604645931759e-07,6.79673068563895200e-07,4.13624480440421418e-07,-7.65270571857230565e-07,19,4,1,5.76460752303767552e+17
94,2,378,-2.20671190949552469e-40,3.70932967214162854e-09,3.70933027578027465e-09,-2.63893719589915368e-40,-8.47220414921545170e-08,-5.68225329549209383e-07,4.83503288057054840e-07,5.68225329549209383e-07,9.26833497782462806e-07,-2.99315166525612096e-40,1.98189935753971680e-41,-3.89173532245839097e-41,-7.16446008174348143e-42,3.60099224244430924e-09,-7.65332890632121471e-09,-4.06281352625884837e-09,-2.30550190421727875e-09,3.60099224244430924e-09,-7.65332890632121471e-09,-4.06281352625884837e-09,-2.30550190421727875e-09,-5.68225329549209383e-07,1.25399795238274122e-07,-3.52167101020378424e-07,-8.01433702544188737e-07,19,4,1,5.76460752303767552e+17
94,3,379,-1.73275982173891417e-40,-2.57437979049675593e-08,-2.57437981648421247e-08,-2.07236569056828895e-40,-2.91112293526900323e-08,9.85595309257846955e-07,1.01470653861053690e-06,9.85595309257846955e-07,1.58152725994142409e-06,-2.35032897979602159e-40,1.55518839804790313e-41,-3.05576161381433933e-41,-5.62680344657285554e-42,-4.34775782618825415e-08,-2.83570952619645473e-08,-1.36925929162226892e-08,-6.89755999415034943e-09,-4.34775782618825415e-08,-2.83570952619645473e-08,-1.36925929162226892e-08,-6.89755999415034943e-09,9.85595309257846955e-07,-3.81023723404983193e-07,-5.95931950683577131e-07,-3.70293990669804416e-07,19,4,1,5.76460752303767552e+17
95,0,380,-1.36061964012802909e-40,2.84344057695593121e-08,2.84344082249946116e-08,-1.62744019661363695e-40,-2.86492909266767505e-07,8.54296521881644831e-07,1.14078943114841228e-06,8.54296521881644831e-07,6.96043091573975380e-07,-1.84558461351421541e-40,1.22040062751440904e-41,-2.39938689183332843e-41,-4.41918320543624372e-42,4.52752007711151686e-08,2.14933109302987498e-08,1.20119043878699369e-08,6.26614608345794772e-09,4.52752007711151686e-08,2.14933109302987498e-08,1.20119043878699369e-08,6.26614608345794772e-09,8.54296521881644831e-07,2.68652312452358987e-07,7.10057439394318898e-07,9.64695404026334367e-07,19,4,1,5.76460752303767552e+17
95,1,381,-1.06841586173514919e-40,6.42407467375048153e-08,6.42407466130878382e-08,-1.27803996632776052e-40,-2.04450699492364452e-07,1.09309759167750863e-06,1.29754829116987311e-06,1.09309759167750863e-06,1.14671856365287570e-06,-1.44925293243921074e-40,9.57725441311451549e-42,-1.88401985338714861e-41,-3.47075038821665993e-42,1.02661331180158407e-07,4.72442665325853806e-08,2.39868860250732060e-08,1.18169728155859592e-08,1.02661331180158407e-07,4.72442665325853806e-08,2.39868860250732060e-08,1.18169728155859592e-08,1.09309759167750863e-06,2.50641671394424703e-07,5.71674055820057464e-08,-5.36209719753670694e-08,19,4,1,5.76460752303767552e+17
95,2,382,-8.38974399003924473e-41,1.03729912647365207e-07,1.03729910900585567e-07,-1.00365405136486826e-40,-3.84820387181486287e-07,6.28847838364560560e-07,1.01366822554604695e-06,6.28847838364560560e-07,3.73500408822227800e-07,-1.13804350513196081e-40,7.51622588577059282e-42,-1.47936307195912535e-41,-2.72586923547727824e-42,1.65143507106521564e-07,7.21561515117548798e-08,3.54348991485714420e-08,1.70652135690627465e-08,1.65143507106521564e-07,7.21561515117548798e-08,3.54348991485714420e-08,1.70652135690627465e-08,6.28847838364560560e-07,9.24666037663954033e-07,5.51165628841726234e-07,8.17462400917965061e-07,19,4,1,5.76460752303767552e+17
95,3,383,-6.58811886777579914e-41,1.11099501318290046e-07,1.11099500671240082e-07,-7.88176232169950219e-41,-5.28691087797834392e-07,4.37897739760434867e-07,9.66588827558269259e-07,4.37897739760434867e-07,1.89958952999199609e-06,-8.93670667095584721e-41,5.89901707934886029e-42,-1.16163016460809985e-41,-2.14084928635395182e-42,1.74983644306800766e-07,6.80890151561639406e-08,3.25136088573884445e-08,1.51232552792448534e-08,1.74983644306800766e-07,6.80890151561639406e-08,3.25136088573884445e-08,1.51232552792448534e-08,4.37897739760434867e-07,-1.07245923449511388e-06,-1.46169179023156122e-06,-1.03915227128021599e-06,19,4,1,5.76460752303767552e+17
96,0,384,-5.17342324291271764e-41,1.06923598479147105e-07,1.06923598151645707e-07,-6.18958892509468525e-41,-6.99878012234598618e-07,-4.95551714847543110e-07,2.04326297387055508e-07,4.95551714847543110e-07,7.52558356416347851e-07,-7.01777765218937857e-41,4.63000192199048934e-42,-9.12146263240177130e-42,-1.68137976887281225e-42,1.66467164294224455e-07,5.70180742127121467e-08,2.69489944445052189e-08,1.21750571938447107e-08,1.66467164294224455e-07,5.70180742127121467e-08,2.69489944445052189e-08,1.21750571938447107e-08,-4.95551714847543110e-07,-7.00913518816674490e-07,-2.06238928248506657e-07,-9.58797284664854508e-07,19,4,1,5.76460752303767552e+17
96,1,385,-4.06254305750614494e-41,5.71142992300680753e-08,5.71142982615228652e-08,-4.86070177771177477e-41,-5.38366636264868681e-07,-2.04105702210898136e-06,1.50269038584411257e-06,2.04105702210898136e-06,1.17420045165989474e-06,-5.51092700820800269e-41,3.63416680506624250e-42,-7.16249368243129573e-42,-1.32051527948364631e-42,8.47736670410551294e-08,1.22438033227016299e-08,5.12537214982612159e-09,1.29754619061934375e-09,8.47736670410551294e-08,1.22438033227016299e-08,5.12537214982612159e-09,1.29754619061934375e-09,-2.04105702210898136e-06,-1.74146295707227855e-06,-1.35434138376868513e-06,-8.66856570449086512e-07,19,4,1,5.76460752303767552e+17
96,2,386,-3.19022149683767601e-41,-5.82765285609944950e-08,-5.82765286329026424e-08,-3.81710744796505389e-41,-5.30798488750442799e-07,3.67229026966052724e-07,8.98027515716495522e-07,3.67229026966052724e-07,2.23303788030941714e-06,-4.32765025368617412e-41,2.85266659951845925e-42,-5.62427887482659058e-42,-1.03709422939875350e-42,-1.01268017233342700e-07,-7.72476556479853369e-08,-3.80682845326645354e-08,-1.98117545950253790e-08,-1.01268017233342700e-07,-7.72476556479853369e-08,-3.80682845326645354e-08,-1.98117545950253790e-08,3.67229026966052724e-07,-1.33507670493888003e-06,-1.78736632858730794e-06,4.45671551722109095e-07,19,4,1,5.76460752303767552e+17
96,3,387,-2.50522130122712945e-41,-2.84927281979109208e-08,-2.84927295087950050e-08,-2.99755805388534681e-41,-2.81255776472864820e-07,-6.00326997186050034e-07,3.19071220713185214e-07,6.00326997186050034e-07,1.84785332118721027e-06,-3.39845544569510245e-41,2.23933870284002220e-42,-4.41643576743617224e-42,-8.14497031602984791e-43,-4.97144627025613660e-08,-3.50599409722806635e-08,-1.41584373747628127e-08,-6.67647885947425638e-09,-4.97144627025613660e-08,-3.50599409722806635e-08,-1.41584373747628127e-08,-6.67647885947425638e-09,-6.00326997186050034e-07,8.91201563581500180e-08,1.07563405485917473e-06,-7.72219266328035532e-07,19,4,1,5.76460752303767552e+17
97,0,388,-1.96731207358916292e-41,-5.25133253674488973e-08,-5.25133276159886604e-08,-2.35395539341252361e-41,-6.01263439761505496e-07,1.13748432281060937e-07,7.15011872042566379e-07,1.13748432281060937e-07,7.84569525177826694e-07,-2.66877785558858165e-41,1.75796867317845747e-42,-3.46800018628124641e-42,-6.39671010695180731e-43,-8.66253681985106362e-08,-4.62176228559505524e-08,-1.97161974201564288e-08,-9.45087458911268463e-09,-8.66253681985106362e-08,-4.62176228559505524e-08,-1.97161974201564288e-08,-9.45087458911268463e-09,1.13748432281060937e-07,-4.56841222724777657e-07,-2.35609039109219854e-07,-6.70821092896765810e-07,19,4,1,5.76460752303767552e+17
97,1,389,-1.54490517907765248e-41,-3.54185865590487346e-08,-3.54185875261939052e-08,-1.84852740650233919e-41,-2.93991390647399154e-07,-1.59134640201753220e-06,1.29735501137013310e-06,1.59134640201753220e-06,3.64207475601774253e-06,-2.09577273811135263e-41,1.38014545701375801e-42,-2.72325349163877495e-42,-5.02364719956019834e-43,-5.69678003489188247e-08,-2.37297496860877975e-08,-8.57291257009337959e-09,-3.75253701627005393e-09,-5.69678003489188247e-08,-2.37297496860877975e-08,-8.57291257009337959e-09,-3.75253701627005393e-09,-1.59134640201753220e-06,1.24326638018188766e-06,2.05072835400021033e-06,-1.77905783777740926e-07,19,4,1,5.76460752303767552e+17
97,2,390,-1.21319699177942071e-41,-1.06140741230459875e-07,-1.06140742259684778e-07,-1.45161103700028509e-41,-4.56792906684528997e-07,-1.13672042073169270e-06,6.79927514047163757e-07,1.13672042073169270e-06,1.71317966842999490e-06,-1.64579740030425086e-41,1.08357910772576937e-42,-2.13844670039485919e-42,-3.94526673475562225e-43,-1.70222908387511153e-07,-7.74560706040006573e-08,-3.63805706971785337e-08,-1.78327481125091537e-08,-1.70222908387511153e-07,-7.74560706040006573e-08,-3.63805706971785337e-08,-1.78327481125091537e-08,-1.13672042073169270e-06,2.73552483377617576e-07,-9.97608903732364792e-08,-1.43962718505237733e-06,19,4,1,5.76460752303767552e+17
97,3,391,-9.52711192497575047e-42,-1.38327073500328934e-07,-1.38327071774415315e-07,-1.13991122452903342e-41,-1.46653122982207973e-07,-1.43572298283226240e-06,1.28906985985005443e-06,1.43572298283226240e-06,1.59273855993978159e-06,-1.29243437831727704e-41,8.50781276581842949e-43,-1.67922865962767841e-42,-3.09833173304008824e-43,-2.19694613345863493e-07,-9.18106336624433116e-08,-4.30837568283499735e-08,-2.06187809916568782e-08,-2.19694613345863493e-07,-9.18106336624433116e-08,-4.30837568283499735e-08,-2.06187809916568782e-08,-1.43572298283226240e-06,2.30571992545332946e-09,1.55363569480521274e-07,1.57015577107519301e-07,19,4,1,5.76460752303767552e+17
98,0,392,-7.48154327662754173e-42,-1.77571772307406485e-07,-1.77571771582848493e-07,-8.95133751339089074e-42,-4.48751520401222672e-07,-9.06515760844818081e-07,4.57764240443595409e-07,9.06515760844818081e-07,3.36256375170349655e-06,-1.01493940013810735e-41,6.68030247845017690e-43,-1.31862692360344138e-42,-2.43317503180398119e-43,-2.80382810928598146e-07,-1.11460444946159773e-07,-5.27849025933073458e-08,-2.50236100986331165e-08,-2.80382810928598146e-07,-1.11460444946159773e-07,-5.27849025933073458e-08,-2.50236100986331165e-08,-9.06515760844818081e-07,-1.82576933905833051e-06,1.53679441264516626e-06,6.73751725252988960e-07,19,4,1,5.76460752303767552e+17
98,1,393,-5.87517288688932420e-42,-1.81266405429888375e-07,-1.81266404898669518e-07,-7.02911645429626032e-42,1.63654728111733927e-07,-5.84599083540474931e-07,7.48253811652208858e-07,5.84599083540474931e-07,3.57595204606861650e-06,-7.97022826223804226e-42,5.24559152651823647e-43,-1.03546252797477203e-42,-1.91078719270436563e-43,-2.83313720331868894e-07,-1.01201686606349906e-07,-4.76497175318321872e-08,-2.19953043878561652e-08,-2.83313720331868894e-07,-1.01201686606349906e-07,-4.76497175318321872e-08,-2.19953043878561652e-08,-5.84599083540474931e-07,1.63980535852163265e-08,1.13599043543604021e-06,-2.43996161063257628e-06,19,4,1,5.76460752303767552e+17
98,2,394,-4.61369851689527277e-42,-1.67573020795243719e-07,-1.67573019708925791e-07,-5.51962093625885908e-42,1.84087910387930229e-07,-7.52572791452618919e-07,9.36660701840549148e-07,7.52572791452618919e-07,3.50804054273381600e-06,-6.25892893294294466e-42,4.11919227064805691e-43,-8.13105398499878668e-43,-1.50052945880572647e-43,-2.58849940250691589e-07,-8.08944072692534208e-08,-3.82865042956842644e-08,-1.71737758544063590e-08,-2.58849940250691589e-07,-8.08944072692534208e-08,-3.82865042956842644e-08,-1.71737758544063590e-08,-7.52572791452618919e-07,-1.38287985235998678e-06,2.12516069037382944e-06,-6.12892260822885067e-07,19,4,1,5.76460752303767552e+17
98,3,395,-3.62306783296750206e-42,-1.64796778841382131e-07,-1.64796779746232991e-07,-4.33424362576004535e-42,3.87725000230381857e-07,3.53657866144949300e-07,3.40671340854325566e-08,3.53657866144949300e-07,1.94006820790302165e-06,-4.91504496845444399e-42,3.23480359690868005e-43,-6.38497182171722906e-43,-1.17833756018324367e-43,-2.53049332878247771e-07,-7.44658018464035680e-08,-3.64120009943268106e-08,-1.63379227812113491e-08,-2.53049332878247771e-07,-7.44658018464035680e-08,-3.64120009943268106e-08,-1.63379227812113491e-08,3.53657866144949300e-07,-6.31017887037201641e-07,1.30905032086581980e-06,1.22783702102987163e-07,19,4,1,5.76460752303767552e+17
99,0,396,-2.84512939537555212e-42,-1.07639872093451744e-07,-1.07639871966286979e-07,-3.40339859127971314e-42,1.89034617403612561e-07,1.29313429848021608e-06,1.10409968107660349e-06,1.29313429848021608e-06,1.29260902589603437e-06,-3.85969343857273373e-42,2.54039317051807331e-43,-5.01384027650220001e-43,-9.25310992830768982e-44,-1.59860154528454730e-07,-2.60226840255036783e-08,-1.33405473587880634e-08,-4.84705652182328455e-09,-1.59860154528454730e-07,-2.60226840255036783e-08,-1.33405473587880634e-08,-4.84705652182328455e-09,1.29313429848021608e-06,2.14147096820504792e-06,9.98227343243271471e-07,8.48861942309013444e-07,19,4,1,5.76460752303767552e+17
99,1,397,-2.23421787257645378e-42,-1.66323693921095654e-08,-1.66323688587516955e-08,-2.67243810074694792e-42,3.49862519255368433e-07,-7.46762638730343450e-07,1.09662515798571183e-06,7.46762638730343450e-07,2.66075721102858218e-06,-3.03092801771060071e-42,1.99512422213664008e-43,-3.93714196614956854e-43,-7.26605026674751304e-44,-1.37303821041104083e-08,4.12225216867615957e-08,1.83901011420847050e-08,1.05202666229082987e-08,-1.37303821041104083e-08,4.12225216867615957e-08,1.83901011420847050e-08,1.05202666229082987e-08,-7.46762638730343450e-07,1.17759668696584161e-06,-7.82802131831035720e-07,1.87795507919754656e-06,19,4,1,5.76460752303767552e+17
99,2,398,-1.75447274218854558e-42,-4.72123631072307839e-08,-4.72123633175075204e-08,-2.09844596015277412e-42,2.05806140748461647e-07,-6.10863440112561140e-08,2.66892484759717761e-07,6.10863440112561140e-08,1.48296684784115025e-06,-2.38010222703429487e-42,1.56694472164046284e-43,-3.09165085938132490e-43,-5.70560466561563582e-44,-6.63290844784460423e-08,-4.92656284852428215e-11,-4.65627760283939964e-09,-1.91757478027916169e-09,-6.63290844784460423e-08,-4.92656284852428215e-11,-4.65627760283939964e-09,-1.91757478027916169e-09,-6.10863440112561140e-08,-2.15181931067565451e-07,2.32712007951876355e-07,-1.25025483988927394e-06,19,4,1,5.76460752303767552e+17
99,3,399,-1.37773288672767786e-42,-3.77030310023537360e-08,-3.77030310802514915e-08,-1.64771920635858400e-42,3.43799888013370268e-07,-3.85419028634339309e-07,7.29218916647709524e-07,3.85419028634339309e-07,1.51445072047633790e-06,-1.86901372250379057e-42,1.23069608860867276e-43,-2.42771853704067343e-43,-4.48020140839544515e-44,-5.26477895956604601e-08,5.60123179931728675e-10,-4.20252710786009876e-09,-1.58336848458929310e-09,-5.26477895956604601e-08,5.60123179931728675e-10,-4.20252710786009876e-09,-1.58336848458929310e-09,-3.85419028634339309e-07,-1.59776048318899030e-06,-1.89986974911067721e-06,-1.25269924905890248e-06,19,4,1,5.76460752303767552e+17
