block,within_block_sample,u_semantic,bootstrap_scale,scaled_input_abs_max,num_iterations,iterative_precision_bits,u_pre_0,u_pre_1,u_pre_2,u_pre_3,u_post_0,u_post_1,u_post_2,u_post_3,e_u_pre,e_u_boot,e_u_total,max_slot_spread,before_reduction_level,before_reduction_towers,before_reduction_noiseScaleDegree,before_reduction_scalingFactor,before_bootstrap_level,before_bootstrap_towers,before_bootstrap_noiseScaleDegree,before_bootstrap_scalingFactor,after_bootstrap_level,after_bootstrap_towers,after_bootstrap_noiseScaleDegree,after_bootstrap_scalingFactor,bootstrap_ms,fresh_probe_enabled,e_B_prod,e_B_fresh,fresh_bootstrap_ms
0,0,5.97519082627769454e-02,1.00000000000000000e+00,5.97519082627774728e-02,2,19,5.97519082627772508e-02,5.97519082627774728e-02,5.97519082627742948e-02,5.97519082627755438e-02,5.97519082629717688e-02,5.97519082628990145e-02,5.97519082629516321e-02,5.97519082630767057e-02,2.65065747129256124e-15,3.01161873217381526e-13,2.99760216648792266e-13,1.77691195091256304e-13,1,20,1,5.76460752303439872e+17,19,2,1,5.76460752303439872e+17,16,5,2,3.32306998945331719e+35,5.56451392000000055e+02,0,3.01161873217381526e-13,nan,0.00000000000000000e+00
0,1,-5.00386380946311826e-01,1.00000000000000000e+00,5.00386380946315601e-01,2,19,-5.00386380946312381e-01,-5.00386380946315601e-01,-5.00386380946313269e-01,-5.00386380946312714e-01,-5.00386380948408926e-01,-5.00386380948249720e-01,-5.00386380948267928e-01,-5.00386380948419141e-01,3.77475828372553224e-15,2.10642614462130950e-12,2.10731432304100963e-12,1.69420033557798888e-13,1,20,1,5.76460752303439872e+17,19,2,1,5.76460752303439872e+17,16,5,2,3.32306998945331719e+35,5.44801447000000053e+02,0,2.10642614462130950e-12,nan,0.00000000000000000e+00
0,2,-3.81110471074997015e-01,1.00000000000000000e+00,3.81110471074999346e-01,2,19,-3.81110471074995405e-01,-3.81110471074999346e-01,-3.81110471074996848e-01,-3.81110471074990242e-01,-3.81110471076603285e-01,-3.81110471076571589e-01,-3.81110471076581525e-01,-3.81110471076574364e-01,6.77236045021345490e-15,1.60788049541338296e-12,1.60627067202767648e-12,3.16968673530482192e-14,1,20,1,5.76460752303439872e+17,19,2,1,5.76460752303439872e+17,16,5,2,3.32306998945331719e+35,5.46942398000000026e+02,0,1.60788049541338296e-12,nan,0.00000000000000000e+00
0,3,-3.84685388081332180e-01,1.00000000000000000e+00,3.84685388081335400e-01,2,19,-3.84685388081332624e-01,-3.84685388081332125e-01,-3.84685388081335400e-01,-3.84685388081332347e-01,-3.84685388083047475e-01,-3.84685388082888213e-01,-3.84685388082869506e-01,-3.84685388082960156e-01,3.21964677141295397e-15,1.71485048383601679e-12,1.71529457304586685e-12,1.77968750847412593e-13,1,20,1,5.76460752303439872e+17,19,2,1,5.76460752303439872e+17,16,5,2,3.32306998945331719e+35,5.96521792000000005e+02,0,1.71485048383601679e-12,nan,0.00000000000000000e+00
1,0,-3.33722736289289112e-01,1.00000000000000000e+00,3.33722736289337130e-01,2,19,-3.33722736289275512e-01,-3.33722736289337130e-01,-3.33722736289289279e-01,-3.33722736289193467e-01,-3.33722736290859301e-01,-3.33722736290979705e-01,-3.33722736290898603e-01,-3.33722736290853250e-01,9.56457135714572360e-14,1.65978342181460903e-12,1.69059211074795712e-12,1.26454402504805330e-13,19,2,1,5.76460752303767552e+17,19,2,1,5.76460752303767552e+17,16,5,2,3.32306998945331719e+35,4.91234152999999992e+02,0,1.65978342181460903e-12,nan,0.00000000000000000e+00
1,1,-3.02406983930478546e-01,1.00000000000000000e+00,3.02406983930534723e-01,2,19,-3.02406983930443851e-01,-3.02406983930534723e-01,-3.02406983930458506e-01,-3.02406983930496420e-01,-3.02406983931939155e-01,-3.02406983931946205e-01,-3.02406983932017648e-01,-3.02406983931852724e-01,5.61772850460329209e-14,1.55914170463233859e-12,1.53910217903785451e-12,1.64923630308067004e-13,19,2,1,5.76460752303767552e+17,19,2,1,5.76460752303767552e+17,16,5,2,3.32306998945331719e+35,4.84848953999999992e+02,0,1.55914170463233859e-12,nan,0.00000000000000000e+00
1,2,-2.59386855035957986e-01,1.00000000000000000e+00,2.59386855035944330e-01,2,19,-2.59386855035922126e-01,-2.59386855035944330e-01,-2.59386855035930119e-01,-2.59386855035921460e-01,-2.59386855037180786e-01,-2.59386855037179120e-01,-2.59386855037189779e-01,-2.59386855037194997e-01,3.65263375101676502e-14,1.27353683154751707e-12,1.23701049403734942e-12,1.58761892521397385e-14,19,2,1,5.76460752303767552e+17,19,2,1,5.76460752303767552e+17,16,5,2,3.32306998945331719e+35,4.91936824000000001e+02,0,1.27353683154751707e-12,nan,0.00000000000000000e+00
1,3,-2.26573858838830577e-01,1.00000000000000000e+00,2.26573858838968162e-01,2,19,-2.26573858838933717e-01,-2.26573858838869019e-01,-2.26573858838889364e-01,-2.26573858838968162e-01,-2.26573858839930337e-01,-2.26573858839944214e-01,-2.26573858840094816e-01,-2.26573858839962811e-01,1.37584388326672524e-13,1.20545240456237934e-12,1.26423871371628138e-12,1.64479541098216941e-13,19,2,1,5.76460752303767552e+17,19,2,1,5.76460752303767552e+17,16,5,2,3.32306998945331719e+35,4.84098814000000004e+02,0,1.20545240456237934e-12,nan,0.00000000000000000e+00
2,0,-1.91554719719153999e-01,1.00000000000000000e+00,1.91554719719240513e-01,2,19,-1.91554719719238015e-01,-1.91554719719143590e-01,-1.91554719719167293e-01,-1.91554719719240513e-01,-1.91554719720061911e-01,-1.91554719720123751e-01,-1.91554719719983640e-01,-1.91554719719926131e-01,8.65141291939153234e-14,9.80160397290319452e-13,9.69752056434458609e-13,1.97619698383277864e-13,19,2,1,5.76460752303767552e+17,19,2,1,5.76460752303767552e+17,16,5,2,3.32306998945331719e+35,5.17107564000000025e+02,0,9.80160397290319452e-13,nan,0.00000000000000000e+00
2,1,-1.63395048397774995e-01,1.00000000000000000e+00,1.63395048397882020e-01,2,19,-1.63395048397866866e-01,-1.63395048397827508e-01,-1.63395048397846548e-01,-1.63395048397882020e-01,-1.63395048398654152e-01,-1.63395048398674053e-01,-1.63395048398426612e-01,-1.63395048398687043e-01,1.07025499573865090e-13,8.46545056276681862e-13,9.12048214729566098e-13,2.60430566001446095e-13,19,2,1,5.76460752303767552e+17,19,2,1,5.76460752303767552e+17,16,5,2,3.32306998945331719e+35,5.20644900000000007e+02,0,8.46545056276681862e-13,nan,0.00000000000000000e+00
2,2,-1.36398215899722342e-01,1.00000000000000000e+00,1.36398215899914466e-01,2,19,-1.36398215899784625e-01,-1.36398215899833891e-01,-1.36398215899914466e-01,-1.36398215899819569e-01,-1.36398215900394859e-01,-1.36398215900600944e-01,-1.36398215900541797e-01,-1.36398215900424641e-01,1.92124094411383339e-13,7.67053087713520654e-13,8.78602746112733257e-13,2.06085148946044683e-13,19,2,1,5.76460752303767552e+17,19,2,1,5.76460752303767552e+17,16,5,2,3.32306998945331719e+35,5.27633974999999964e+02,0,7.67053087713520654e-13,nan,0.00000000000000000e+00
2,3,-1.14313691578955434e-01,1.00000000000000000e+00,1.14313691579149598e-01,2,19,-1.14313691579149598e-01,-1.14313691579060586e-01,-1.14313691579082458e-01,-1.14313691579125562e-01,-1.14313691579621068e-01,-1.14313691579571025e-01,-1.14313691579567694e-01,-1.14313691579606358e-01,1.94164129219132064e-13,5.10438913359223534e-13,6.65634214414012604e-13,5.33739719088544007e-14,19,2,1,5.76460752303767552e+17,19,2,1,5.76460752303767552e+17,16,5,2,3.32306998945331719e+35,5.26663079000000039e+02,0,5.10438913359223534e-13,nan,0.00000000000000000e+00
3,0,-9.43700290344343662e-02,1.00000000000000000e+00,9.43700290344323817e-02,2,19,-9.43700290343303660e-02,-9.43700290344323817e-02,-9.43700290343181536e-02,-9.43700290343983256e-02,-9.43700290347270349e-02,-9.43700290349222398e-02,-9.43700290348245124e-02,-9.43700290348451903e-02,1.16212595102638261e-13,5.06358843743726084e-13,4.87873630383717227e-13,1.95204963304718149e-13,19,2,1,5.76460752303767552e+17,19,2,1,5.76460752303767552e+17,16,5,2,3.32306998945331719e+35,5.18645783000000051e+02,0,5.06358843743726084e-13,nan,0.00000000000000000e+00
3,1,-7.79982185723325228e-02,1.00000000000000000e+00,7.79982185724645699e-02,2,19,-7.79982185723071125e-02,-7.79982185724645699e-02,-7.79982185723944038e-02,-7.79982185724131943e-02,-7.79982185727876171e-02,-7.79982185727555455e-02,-7.79982185727874505e-02,-7.79982185726593724e-02,1.32047150991354556e-13,4.80504525057767751e-13,4.55094295581659480e-13,1.28244637132013395e-13,19,2,1,5.76460752303767552e+17,19,2,1,5.76460752303767552e+17,16,5,2,3.32306998945331719e+35,5.25091430999999943e+02,0,4.80504525057767751e-13,nan,0.00000000000000000e+00
3,2,-6.37584658488491024e-02,1.00000000000000000e+00,6.37584658489967065e-02,2,19,-6.37584658489149247e-02,-6.37584658489143835e-02,-6.37584658489458167e-02,-6.37584658489967065e-02,-6.37584658493042661e-02,-6.37584658493452472e-02,-6.37584658493289408e-02,-6.37584658492650891e-02,1.47604151123914562e-13,4.30863678069215439e-13,4.96144791917174643e-13,8.01581023779363022e-14,19,2,1,5.76460752303767552e+17,19,2,1,5.76460752303767552e+17,16,5,2,3.32306998945331719e+35,5.29953600000000051e+02,0,4.30863678069215439e-13,nan,0.00000000000000000e+00
3,3,-5.20974199162849913e-02,1.00000000000000000e+00,5.20974199163733789e-02,2,19,-5.20974199162924020e-02,-5.20974199163304133e-02,-5.20974199163411131e-02,-5.20974199163733789e-02,-5.20974199164466606e-02,-5.20974199166230265e-02,-5.20974199166450852e-02,-5.20974199166138255e-02,8.83876305479702751e-14,3.03972125248463954e-13,3.60093899143265617e-13,1.98424610076131103e-13,19,2,1,5.76460752303767552e+17,19,2,1,5.76460752303767552e+17,16,5,2,3.32306998945331719e+35,5.30182091000000014e+02,0,3.03972125248463954e-13,nan,0.00000000000000000e+00
4,0,-4.22116991278065762e-02,1.00000000000000000e+00,4.22116991277961887e-02,2,19,-4.22116991277812909e-02,-4.22116991277961887e-02,-4.22116991277750320e-02,-4.22116991277881395e-02,-4.22116991279112078e-02,-4.22116991279619172e-02,-4.22116991281247730e-02,-4.22116991280257134e-02,3.15442116871622602e-14,3.49741069438636032e-13,3.18196857751473772e-13,2.13565276574456675e-13,19,2,1,5.76460752303767552e+17,19,2,1,5.76460752303767552e+17,16,5,2,3.32306998945331719e+35,5.25307947000000013e+02,0,3.49741069438636032e-13,nan,0.00000000000000000e+00
4,1,-3.41568792087164341e-02,1.00000000000000000e+00,3.41568792087847961e-02,2,19,-3.41568792087474996e-02,-3.41568792087847961e-02,-3.41568792087318038e-02,-3.41568792087452444e-02,-3.41568792088195045e-02,-3.41568792089894172e-02,-3.41568792088996209e-02,-3.41568792088713449e-02,6.83619827412940140e-14,2.04621042332320258e-13,2.72983025073614272e-13,1.69912695024976301e-13,19,2,1,5.76460752303767552e+17,19,2,1,5.76460752303767552e+17,16,5,2,3.32306998945331719e+35,5.23444502000000057e+02,0,2.04621042332320258e-13,nan,0.00000000000000000e+00
4,2,-2.74549032673803914e-02,1.00000000000000000e+00,2.74549032674106415e-02,2,19,-2.74549032674028977e-02,-2.74549032674106415e-02,-2.74549032674055553e-02,-2.74549032674104125e-02,-2.74549032674133234e-02,-2.74549032675810885e-02,-2.74549032675762000e-02,-2.74549032675472822e-02,3.02501079740835621e-14,1.70644748331838514e-13,2.00697097829660720e-13,1.67765107361717014e-13,19,2,1,5.76460752303767552e+17,19,2,1,5.76460752303767552e+17,16,5,2,3.32306998945331719e+35,5.29394132000000013e+02,0,1.70644748331838514e-13,nan,0.00000000000000000e+00
4,3,-2.20274569905116839e-02,1.00000000000000000e+00,2.20274569905594131e-02,2,19,-2.20274569905594131e-02,-2.20274569905353386e-02,-2.20274569905329343e-02,-2.20274569905554267e-02,-2.20274569906765971e-02,-2.20274569905982744e-02,-2.20274569907207424e-02,-2.20274569907038358e-02,4.77291817180258704e-14,1.87808102403153043e-13,2.09058464983868930e-13,1.22468007957010627e-13,19,2,1,5.76460752303767552e+17,19,2,1,5.76460752303767552e+17,16,5,2,3.32306998945331719e+35,5.21220906000000014e+02,0,1.87808102403153043e-13,nan,0.00000000000000000e+00
5,0,-1.75762265382170928e-02,1.00000000000000000e+00,1.75762265382500213e-02,2,19,-1.75762265382500213e-02,-1.75762265382215406e-02,-1.75762265382170477e-02,-1.75762265382483872e-02,-1.75762265383630455e-02,-1.75762265383054353e-02,-1.75762265383337425e-02,-1.75762265382874774e-02,3.29285210209917523e-14,1.16694848228959813e-13,1.45952694374784642e-13,7.55680240605016706e-14,19,2,1,5.76460752303767552e+17,19,2,1,5.76460752303767552e+17,16,5,2,3.32306998945331719e+35,5.19315882999999985e+02,0,1.16694848228959813e-13,nan,0.00000000000000000e+00
5,1,-1.39947240009888774e-02,1.00000000000000000e+00,1.39947240011124834e-02,2,19,-1.39947240010380430e-02,-1.39947240009551093e-02,-1.39947240010837356e-02,-1.39947240011124834e-02,-1.39947240009792116e-02,-1.39947240011343548e-02,-1.39947240010943521e-02,-1.39947240009907093e-02,1.23605986557251413e-13,1.79245507325731523e-13,1.45477380142366997e-13,1.55143259350509766e-13,19,2,1,5.76460752303767552e+17,19,2,1,5.76460752303767552e+17,16,5,2,3.32306998945331719e+35,5.23842645999999945e+02,0,1.79245507325731523e-13,nan,0.00000000000000000e+00
5,2,-1.10914025667825291e-02,1.00000000000000000e+00,1.10914025668481242e-02,2,19,-1.10914025668330564e-02,-1.10914025667871868e-02,-1.10914025667722925e-02,-1.10914025668481242e-02,-1.10914025669986427e-02,-1.10914025669626663e-02,-1.10914025668630012e-02,-1.10914025668269935e-02,6.55950987971110067e-14,1.75479422659385875e-13,2.16113585360666605e-13,1.71649153224429085e-13,19,2,1,5.76460752303767552e+17,19,2,1,5.76460752303767552e+17,16,5,2,3.32306998945331719e+35,5.34208665999999994e+02,0,1.75479422659385875e-13,nan,0.00000000000000000e+00
5,3,-8.77043356681560249e-03,1.00000000000000000e+00,8.77043356689567732e-03,2,19,-8.77043356687350409e-03,-8.77043356679166851e-03,-8.77043356689567732e-03,-8.77043356677877604e-03,-8.77043356692407475e-03,-8.77043356675823692e-03,-8.77043356685233352e-03,-8.77043356689116878e-03,8.00748356510894155e-14,1.12392734008537332e-13,1.08472258952829748e-13,1.65837829579906781e-13,19,2,1,5.76460752303767552e+17,19,2,1,5.76460752303767552e+17,16,5,2,3.32306998945331719e+35,5.29066102000000001e+02,0,1.12392734008537332e-13,nan,0.00000000000000000e+00
6,0,-6.90722910574222745e-03,1.00000000000000000e+00,6.90722910583600053e-03,2,19,-6.90722910573400659e-03,-6.90722910583600053e-03,-6.90722910558852748e-03,-6.90722910583020308e-03,-6.90722910577760800e-03,-6.90722910599318642e-03,-6.90722910569725214e-03,-6.90722910564906759e-03,1.53699969418497062e-13,1.81135488552808255e-13,2.50958975822612729e-13,3.44118830652995200e-13,19,2,1,5.76460752303767552e+17,19,2,1,5.76460752303767552e+17,16,5,2,3.32306998945331719e+35,5.26120955999999978e+02,0,1.81135488552808255e-13,nan,0.00000000000000000e+00
6,1,-5.42713818615835324e-03,1.00000000000000000e+00,5.42713818630639975e-03,2,19,-5.42713818615772788e-03,-5.42713818630639975e-03,-5.42713818622568567e-03,-5.42713818623383974e-03,-5.42713818630242029e-03,-5.42713818635422868e-03,-5.42713818622393967e-03,-5.42713818622149111e-03,1.48046505610288648e-13,1.44692417769487491e-13,1.95875433928183185e-13,1.32737570934793325e-13,19,2,1,5.76460752303767552e+17,19,2,1,5.76460752303767552e+17,16,5,2,3.32306998945331719e+35,5.39456883999999945e+02,0,1.44692417769487491e-13,nan,0.00000000000000000e+00
6,2,-4.24895806582603706e-03,1.00000000000000000e+00,4.24895806597103739e-03,2,19,-4.24895806591188939e-03,-4.24895806597103739e-03,-4.24895806578172962e-03,-4.24895806592127685e-03,-4.24895806579831357e-03,-4.24895806591492602e-03,-4.24895806600728010e-03,-4.24895806598024877e-03,1.45000331186473375e-13,2.25550481069980435e-13,1.81243041408318817e-13,2.08966524639642159e-13,19,2,1,5.76460752303767552e+17,19,2,1,5.76460752303767552e+17,16,5,2,3.32306998945331719e+35,5.54047681000000011e+02,0,2.25550481069980435e-13,nan,0.00000000000000000e+00
6,3,-3.31873787050276708e-03,1.00000000000000000e+00,3.31873787060795117e-03,2,19,-3.31873787060795117e-03,-3.31873787045766861e-03,-3.31873787059465625e-03,-3.31873787059330143e-03,-3.31873787061530987e-03,-3.31873787067289271e-03,-3.31873787044215498e-03,-3.31873787044462999e-03,1.05184090604115710e-13,2.15224105898359497e-13,1.70125632331652454e-13,2.30737737944020083e-13,19,2,1,5.76460752303767552e+17,19,2,1,5.76460752303767552e+17,16,5,2,3.32306998945331719e+35,5.22634440000000041e+02,0,2.15224105898359497e-13,nan,0.00000000000000000e+00
7,0,-2.58379571592258581e-03,1.00000000000000000e+00,2.58379571600814194e-03,2,19,-2.58379571570840254e-03,-2.58379571591579654e-03,-2.58379571583259573e-03,-2.58379571600814194e-03,-2.58379571580927324e-03,-2.58379571577758331e-03,-2.58379571587255248e-03,-2.58379571586480694e-03,2.14183271812773413e-13,1.43334996649535640e-13,1.45002499590818346e-13,9.49691714158262812e-14,19,2,1,5.76460752303767552e+17,19,2,1,5.76460752303767552e+17,16,5,2,3.32306998945331719e+35,5.28701730999999995e+02,0,1.43334996649535640e-13,nan,0.00000000000000000e+00
7,1,-2.00693048995620113e-03,1.00000000000000000e+00,2.00693048999432038e-03,2,19,-2.00693048997117656e-03,-2.00693048992425056e-03,-2.00693048997957349e-03,-2.00693048999432038e-03,-2.00693048999877688e-03,-2.00693048999869448e-03,-2.00693048993029000e-03,-2.00693048996589780e-03,3.81192473419833533e-14,7.44439232480686996e-14,4.25757519517677707e-14,6.84868828315643441e-14,19,2,1,5.76460752303767552e+17,19,2,1,5.76460752303767552e+17,16,5,2,3.32306998945331719e+35,5.25552461999999991e+02,0,7.44439232480686996e-14,nan,0.00000000000000000e+00
7,2,-1.55424938371748287e-03,1.00000000000000000e+00,1.55424938383511534e-03,2,19,-1.55424938383511534e-03,-1.55424938360395563e-03,-1.55424938370855381e-03,-1.55424938363779271e-03,-1.55424938376720503e-03,-1.55424938377162532e-03,-1.55424938374298135e-03,-1.55424938374439233e-03,1.17632466267725277e-13,1.67669697570538290e-13,5.41424544087121262e-14,2.86439708757635358e-14,19,2,1,5.76460752303767552e+17,19,2,1,5.76460752303767552e+17,16,5,2,3.32306998945331719e+35,5.26468839000000003e+02,0,1.67669697570538290e-13,nan,0.00000000000000000e+00
7,3,-1.20093493416509930e-03,1.00000000000000000e+00,1.20093493421566519e-03,2,19,-1.20093493419476806e-03,-1.20093493421566519e-03,-1.20093493418440265e-03,-1.20093493416324878e-03,-1.20093493415282613e-03,-1.20093493419662746e-03,-1.20093493404397483e-03,-1.20093493407499386e-03,5.05658882821169442e-14,1.40427816944233008e-13,1.21124464624866590e-13,1.52652630119876065e-13,19,2,1,5.76460752303767552e+17,19,2,1,5.76460752303767552e+17,16,5,2,3.32306998945331719e+35,5.25816213999999945e+02,0,1.40427816944233008e-13,nan,0.00000000000000000e+00
8,0,-9.25406957071928148e-04,1.00000000000000000e+00,9.25406957085563725e-04,2,19,-9.25406957081251636e-04,-9.25406957085563725e-04,-9.25406957074086578e-04,-9.25406957071896489e-04,-9.25406957065123478e-04,-9.25406957005166881e-04,-9.25406956995222145e-04,-9.25406956984073728e-04,1.36355770424811951e-14,8.78227612161053273e-14,8.78544199195419040e-14,8.10497502445883811e-14,19,2,1,5.76460752303767552e+17,19,2,1,5.76460752303767552e+17,16,5,2,3.32306998945331719e+35,5.36816913999999997e+02,0,8.78227612161053273e-14,nan,0.00000000000000000e+00
8,1,-7.11521909551092002e-04,1.00000000000000000e+00,7.11521909564812147e-04,2,19,-7.11521909539397689e-04,-7.11521909556775824e-04,-7.11521909560235187e-04,-7.11521909564812147e-04,-7.11521909464523988e-04,-7.11521909568333744e-04,-7.11521909658348979e-04,-7.11521909601847734e-04,1.37201448119350644e-14,9.81137913969032383e-14,1.07256976737690746e-13,1.93824990779578599e-13,19,2,1,5.76460752303767552e+17,19,2,1,5.76460752303767552e+17,16,5,2,3.32306998945331719e+35,5.26394675000000007e+02,0,9.81137913969032383e-14,nan,0.00000000000000000e+00
8,2,-5.45693216057986262e-04,1.00000000000000000e+00,5.45693216055244314e-04,2,19,-5.45693216041145241e-04,-5.45693216038832746e-04,-5.45693216052472985e-04,-5.45693216055244314e-04,-5.45693216096045661e-04,-5.45693216139201136e-04,-5.45693215988808092e-04,-5.45693216019419130e-04,1.91535155791289213e-14,1.00368389814586845e-13,8.12148742354579234e-14,1.50393044372199025e-13,19,2,1,5.76460752303767552e+17,19,2,1,5.76460752303767552e+17,16,5,2,3.32306998945331719e+35,5.32168134000000009e+02,0,1.00368389814586845e-13,nan,0.00000000000000000e+00
8,3,-4.17632437664128275e-04,1.00000000000000000e+00,4.17632437671658385e-04,2,19,-4.17632437664557023e-04,-4.17632437671574793e-04,-4.17632437665982098e-04,-4.17632437671658385e-04,-4.17632437669713380e-04,-4.17632437602224180e-04,-4.17632437610475067e-04,-4.17632437662872173e-04,7.53010934856357395e-15,6.93506124922749212e-14,6.19040951312099796e-14,6.74891999924431829e-14,19,2,1,5.76460752303767552e+17,19,2,1,5.76460752303767552e+17,16,5,2,3.32306998945331719e+35,5.38745342000000051e+02,0,6.93506124922749212e-14,nan,0.00000000000000000e+00
9,0,-3.18884142718051751e-04,1.00000000000000000e+00,3.18884142755363213e-04,2,19,-3.18884142681753529e-04,-3.18884142673731680e-04,-3.18884142694249068e-04,-3.18884142755363213e-04,-3.18884142708326837e-04,-3.18884142650544824e-04,-3.18884142759741005e-04,-3.18884142728900549e-04,4.43200706169710745e-14,6.54919369603990109e-14,6.75069266979633209e-14,1.09196180743398319e-13,19,2,1,5.76460752303767552e+17,19,2,1,5.76460752303767552e+17,16,5,2,3.32306998945331719e+35,5.34266859999999951e+02,0,6.54919369603990109e-14,nan,0.00000000000000000e+00
9,1,-2.43004444503572736e-04,1.00000000000000000e+00,2.43004444533598821e-04,2,19,-2.43004444519425371e-04,-2.43004444533598821e-04,-2.43004444521932047e-04,-2.43004444517719921e-04,-2.43004444488428167e-04,-2.43004444466603475e-04,-2.43004444610796862e-04,-2.43004444550272278e-04,3.00260847001937448e-14,8.88648150291354577e-14,1.07224125411864435e-13,1.44193386614546726e-13,19,2,1,5.76460752303767552e+17,19,2,1,5.76460752303767552e+17,16,5,2,3.32306998945331719e+35,5.37999963999999977e+02,0,8.88648150291354577e-14,nan,0.00000000000000000e+00
9,2,-1.84791773129123506e-04,1.00000000000000000e+00,1.84791773185345433e-04,2,19,-1.84791773179251295e-04,-1.84791773185345433e-04,-1.84791773118747502e-04,-1.84791773169607046e-04,-1.84791773137636607e-04,-1.84791773240330231e-04,-1.84791773225160020e-04,-1.84791773169774257e-04,5.62219270704850116e-14,1.06412518770596098e-13,1.11206725252055438e-13,1.02693624003807882e-13,19,2,1,5.76460752303767552e+17,19,2,1,5.76460752303767552e+17,16,5,2,3.32306998945331719e+35,5.31920894999999973e+02,0,1.06412518770596098e-13,nan,0.00000000000000000e+00
9,3,-1.40271449505438079e-04,1.00000000000000000e+00,1.40271449544741140e-04,2,19,-1.40271449543226618e-04,-1.40271449539306305e-04,-1.40271449525444130e-04,-1.40271449544741140e-04,-1.40271449512283271e-04,-1.40271449520280075e-04,-1.40271449597432661e-04,-1.40271449616331334e-04,3.93030605890659634e-14,7.19885305880407778e-14,1.10893255298935567e-13,1.04048063567785398e-13,19,2,1,5.76460752303767552e+17,19,2,1,5.76460752303767552e+17,16,5,2,3.32306998945331719e+35,5.32432352000000037e+02,0,7.19885305880407778e-14,nan,0.00000000000000000e+00
10,0,-1.06279892538062450e-04,1.00000000000000000e+00,1.06279892528208787e-04,2,19,-1.06279892498640697e-04,-1.06279892528208787e-04,-1.06279892485733080e-04,-1.06279892509913065e-04,-1.06279892583669726e-04,-1.06279892427839394e-04,-1.06279892526376038e-04,-1.06279892371405506e-04,5.23293702207189293e-14,1.38507559371489619e-13,1.66656944321219580e-13,2.12264220414946914e-13,19,2,1,5.76460752303767552e+17,19,2,1,5.76460752303767552e+17,16,5,2,3.32306998945331719e+35,5.28684087999999974e+02,0,1.38507559371489619e-13,nan,0.00000000000000000e+00
10,1,-8.03991153662906178e-05,1.00000000000000000e+00,8.03991154369882431e-05,2,19,-8.03991152911525612e-05,-8.03991153465078584e-05,-8.03991152976994347e-05,-8.03991154369882431e-05,-8.03991154133281327e-05,-8.03991152599826703e-05,-8.03991152840731276e-05,-8.03991152590008710e-05,7.51380565839482317e-14,1.77987372019725032e-13,1.07289746748354120e-13,1.54327261690442863e-13,19,2,1,5.76460752303767552e+17,19,2,1,5.76460752303767552e+17,16,5,2,3.32306998945331719e+35,5.97335289999999986e+02,0,1.77987372019725032e-13,nan,0.00000000000000000e+00
10,2,-6.07263865781547965e-05,1.00000000000000000e+00,6.07263865448465066e-05,2,19,-6.07263865136201559e-05,-6.07263865410543130e-05,-6.07263865448465066e-05,-6.07263865176108127e-05,-6.07263865322792820e-05,-6.07263865327230324e-05,-6.07263864988445606e-05,-6.07263865129725416e-05,6.45346406522029348e-14,4.60019460133027913e-14,7.93102359502619036e-14,3.38784718594692391e-14,19,2,1,5.76460752303767552e+17,19,2,1,5.76460752303767552e+17,16,5,2,3.32306998945331719e+35,5.37852246000000036e+02,0,4.60019460133027913e-14,nan,0.00000000000000000e+00
10,3,-4.58093382453350829e-05,1.00000000000000000e+00,4.58093382521944234e-05,2,19,-4.58093382480846941e-05,-4.58093382521944234e-05,-4.58093382013191377e-05,-4.58093382332294235e-05,-4.58093381898683094e-05,-4.58093381936568913e-05,-4.58093382023272154e-05,-4.58093381592865575e-05,4.40159451313253125e-14,7.39428659903181018e-14,8.60485253472050016e-14,4.30406578433295550e-14,19,2,1,5.76460752303767552e+17,19,2,1,5.76460752303767552e+17,16,5,2,3.32306998945331719e+35,5.25104921999999988e+02,0,7.39428659903181018e-14,nan,0.00000000000000000e+00
11,0,-3.45159435224124257e-05,1.00000000000000000e+00,3.45159435134907496e-05,2,19,-3.45159435101755982e-05,-3.45159434908463741e-05,-3.45159434711843813e-05,-3.45159435134907496e-05,-3.45159435179702055e-05,-3.45159435769156145e-05,-3.45159435238127406e-05,-3.45159435687006417e-05,5.12280444301717319e-14,8.60692403849630527e-14,5.45031888002887877e-14,5.89454090464507086e-14,19,2,1,5.76460752303767552e+17,19,2,1,5.76460752303767552e+17,16,5,2,3.32306998945331719e+35,5.35134766000000013e+02,0,8.60692403849630527e-14,nan,0.00000000000000000e+00
11,1,-2.59841429203218046e-05,1.00000000000000000e+00,2.59841429312444198e-05,2,19,-2.59841428813726953e-05,-2.59841429312444198e-05,-2.59841428515671035e-05,-2.59841428361006647e-05,-2.59841428957620944e-05,-2.59841428502462064e-05,-2.59841428483086795e-05,-2.59841430478151709e-05,8.42211398549303630e-14,2.11714506196574240e-13,1.27493366341643877e-13,1.99506491378341130e-13,19,2,1,5.76460752303767552e+17,19,2,1,5.76460752303767552e+17,16,5,2,3.32306998945331719e+35,5.33426014000000009e+02,0,2.11714506196574240e-13,nan,0.00000000000000000e+00
11,2,-1.95475018737723322e-05,1.00000000000000000e+00,1.95475019054068173e-05,2,19,-1.95475018753918863e-05,-1.95475018872215620e-05,-1.95475019054068173e-05,-1.95475018593170441e-05,-1.95475018569776780e-05,-1.95475018235182029e-05,-1.95475017300541345e-05,-1.95475018758014200e-05,3.16344850705488345e-14,1.75352682813554109e-13,1.43718197743005274e-13,1.45747285496943685e-13,19,2,1,5.76460752303767552e+17,19,2,1,5.76460752303767552e+17,16,5,2,3.32306998945331719e+35,5.48033415999999988e+02,0,1.75352682813554109e-13,nan,0.00000000000000000e+00
11,3,-1.47000315848345689e-05,1.00000000000000000e+00,1.47000316557295021e-05,2,19,-1.47000316557295021e-05,-1.47000315544536300e-05,-1.47000316458839231e-05,-1.47000314386541125e-05,-1.47000314807153021e-05,-1.47000315137172931e-05,-1.47000315665398042e-05,-1.47000317864897152e-05,1.46180456452103640e-13,3.47835602755217597e-13,2.01655146303113958e-13,3.05774413154511447e-13,19,2,1,5.76460752303767552e+17,19,2,1,5.76460752303767552e+17,16,5,2,3.32306998945331719e+35,5.40615273000000002e+02,0,3.47835602755217597e-13,nan,0.00000000000000000e+00
12,0,-1.10533674705559550e-05,1.00000000000000000e+00,1.10533675287609556e-05,2,19,-1.10533675121268904e-05,-1.10533675287609556e-05,-1.10533675031208600e-05,-1.10533674283950256e-05,-1.10533675519223821e-05,-1.10533675805008214e-05,-1.10533676639894963e-05,-1.10533673584558878e-05,5.82050006065967795e-14,1.60868636255940070e-13,1.93433541279268602e-13,3.05533608463870628e-13,19,2,1,5.76460752303767552e+17,19,2,1,5.76460752303767552e+17,16,5,2,3.32306998945331719e+35,5.37336062999999967e+02,0,1.60868636255940070e-13,nan,0.00000000000000000e+00
12,1,-8.31363226808574352e-06,1.00000000000000000e+00,8.31363241620769096e-06,2,19,-8.31363223788716733e-06,-8.31363212472595421e-06,-8.31363241620769096e-06,-8.31363231505162488e-06,-8.31363232767378630e-06,-8.31363223157944681e-06,-8.31363245346439280e-06,-8.31363234345383053e-06,1.48121947446768799e-13,1.06853492593266160e-13,1.85378649280101837e-13,2.21884945990737451e-13,19,2,1,5.76460752303767552e+17,19,2,1,5.76460752303767552e+17,16,5,2,3.32306998945331719e+35,5.31013193000000001e+02,0,1.06853492593266160e-13,nan,0.00000000000000000e+00
12,2,-6.25669930800793774e-06,1.00000000000000000e+00,6.25669934072781846e-06,2,19,-6.25669932105057224e-06,-6.25669930808597065e-06,-6.25669923000767298e-06,-6.25669934072781846e-06,-6.25669948730625673e-06,-6.25669919970848961e-06,-6.25669919314377928e-06,-6.25669944912162352e-06,7.80002647689822907e-14,1.66255684485314484e-13,1.79298318982959882e-13,2.94162477444117818e-13,19,2,1,5.76460752303767552e+17,19,2,1,5.76460752303767552e+17,16,5,2,3.32306998945331719e+35,5.33559288000000038e+02,0,1.66255684485314484e-13,nan,0.00000000000000000e+00
12,3,-4.71356436316829070e-06,1.00000000000000000e+00,4.71356442515683247e-06,2,19,-4.71356428997856320e-06,-4.71356429496526978e-06,-4.71356442515683247e-06,-4.71356423023811209e-06,-4.71356406192007348e-06,-4.71356446483040899e-06,-4.71356463110753527e-06,-4.71356444192293148e-06,1.32930178603702428e-13,2.28058489722625900e-13,3.01248217214925788e-13,5.69187461784336976e-13,19,2,1,5.76460752303767552e+17,19,2,1,5.76460752303767552e+17,16,5,2,3.32306998945331719e+35,5.38319156000000021e+02,0,2.28058489722625900e-13,nan,0.00000000000000000e+00
13,0,-3.55606536940226927e-06,1.00000000000000000e+00,3.55606545498342174e-06,2,19,-3.55606537677258543e-06,-3.55606545498342174e-06,-3.55606529728591167e-06,-3.55606534855534382e-06,-3.55606522734924301e-06,-3.55606531835080792e-06,-3.55606549805224597e-06,-3.55606539803540786e-06,8.55811524721843391e-14,2.00766334302769286e-13,1.42053026259909886e-13,2.70703002962018827e-13,19,2,1,5.76460752303767552e+17,19,2,1,5.76460752303767552e+17,16,5,2,3.32306998945331719e+35,5.33801559999999995e+02,0,2.00766334302769286e-13,nan,0.00000000000000000e+00
13,1,-2.68789451895786546e-06,1.00000000000000000e+00,2.68789457300145291e-06,2,19,-2.68789443243583471e-06,-2.68789437119110010e-06,-2.68789457300145291e-06,-2.68789447591979869e-06,-2.68789450849600398e-06,-2.68789473621763251e-06,-2.68789475644256557e-06,-2.68789461692478684e-06,1.47766765356161390e-13,3.65026532407646464e-13,2.37484700111310117e-13,2.47946561590976170e-13,19,2,1,5.76460752303767552e+17,19,2,1,5.76460752303767552e+17,16,5,2,3.32306998945331719e+35,5.34651993999999945e+02,0,3.65026532407646464e-13,nan,0.00000000000000000e+00
13,2,-2.03638161070769147e-06,1.00000000000000000e+00,2.03638179344038643e-06,2,19,-2.03638175286564309e-06,-2.03638173765403673e-06,-2.03638179344038643e-06,-2.03638159135266802e-06,-2.03638185758825786e-06,-2.03638148741140218e-06,-2.03638161739380787e-06,-2.03638168685482264e-06,1.82732694959248905e-13,2.50242634553405610e-13,2.46880566391691897e-13,3.70176855680570509e-13,19,2,1,5.76460752303767552e+17,19,2,1,5.76460752303767552e+17,16,5,2,3.32306998945331719e+35,5.32586960999999974e+02,0,2.50242634553405610e-13,nan,0.00000000000000000e+00
13,3,-1.54709350722907522e-06,1.00000000000000000e+00,1.54709356847959253e-06,2,19,-1.54709351072716925e-06,-1.54709338824185493e-06,-1.54709356847959253e-06,-1.54709309747981031e-06,-1.54709345389783719e-06,-1.54709350121285600e-06,-1.54709344584730741e-06,-1.54709352335899701e-06,4.09749264911808578e-13,4.25879186694946604e-13,6.13817678173626423e-14,7.75116896005006691e-14,19,2,1,5.76460752303767552e+17,19,2,1,5.76460752303767552e+17,16,5,2,3.32306998945331719e+35,5.32266470000000027e+02,0,4.25879186694946604e-13,nan,0.00000000000000000e+00
14,0,-1.17913075552101816e-06,1.00000000000000000e+00,1.17913070121823629e-06,2,19,-1.17913045359038503e-06,-1.17913023519442387e-06,-1.17913045718036096e-06,-1.17913070121823629e-06,-1.17913033669296909e-06,-1.17913093629206761e-06,-1.17913031034696387e-06,-1.17913123833116118e-06,5.20326594285593709e-13,7.01097643736472249e-13,4.82810143022721562e-13,9.27984197308001938e-13,19,2,1,5.76460752303767552e+17,19,2,1,5.76460752303767552e+17,16,5,2,3.32306998945331719e+35,5.42831494000000021e+02,0,7.01097643736472249e-13,nan,0.00000000000000000e+00
14,1,-9.01941338846212409e-07,1.00000000000000000e+00,9.01941570985257626e-07,2,19,-9.01941486691430698e-07,-9.01941570985257626e-07,-9.01941366653472598e-07,-9.01941467274799792e-07,-9.01941416090149812e-07,-9.01941278115325354e-07,-9.01941498443387413e-07,-9.01941279967060503e-07,2.32139045217397719e-13,2.92869932271662067e-13,1.59597175004090900e-13,2.20328062058355249e-13,19,2,1,5.76460752303767552e+17,19,2,1,5.76460752303767552e+17,16,5,2,3.32306998945331719e+35,5.33180556000000024e+02,0,2.92869932271662067e-13,nan,0.00000000000000000e+00
14,2,-6.92646117240962287e-07,1.00000000000000000e+00,6.92646090924684113e-07,2,19,-6.92645877178003892e-07,-6.92646090924684113e-07,-6.92645973703000979e-07,-6.92646044036185560e-07,-6.92646291846467914e-07,-6.92646024195964489e-07,-6.92645816012343191e-07,-6.92645745326369810e-07,2.40062958394348183e-13,4.14668464021887735e-13,3.71914592476257173e-13,5.46520098103796725e-13,19,2,1,5.76460752303767552e+17,19,2,1,5.76460752303767552e+17,16,5,2,3.32306998945331719e+35,5.39017687000000024e+02,0,4.14668464021887735e-13,nan,0.00000000000000000e+00
14,3,-5.34187997141544904e-07,1.00000000000000000e+00,5.34188022884135921e-07,2,19,-5.34187742010381033e-07,-5.34188002123671998e-07,-5.34187739348828389e-07,-5.34188022884135921e-07,-5.34188072535367110e-07,-5.34188252842849511e-07,-5.34187690629519366e-07,-5.34188037819955018e-07,2.57792716515348967e-13,3.30524986076792277e-13,3.06512025538606490e-13,5.62213330145153666e-13,19,2,1,5.76460752303767552e+17,19,2,1,5.76460752303767552e+17,16,5,2,3.32306998945331719e+35,5.23581687999999986e+02,0,3.30524986076792277e-13,nan,0.00000000000000000e+00
15,0,-4.13821642456883017e-07,1.00000000000000000e+00,4.13821645029843374e-07,2,19,-4.13821554144215732e-07,-4.13821645029843374e-07,-4.13821344951000406e-07,-4.13821273164849123e-07,-4.13821943180133087e-07,-4.13821149242173782e-07,-4.13821839170970566e-07,-4.13821858018837377e-07,3.69292033893621675e-13,5.84853988253295528e-13,4.93214709235071644e-13,7.93937959305030417e-13,19,2,1,5.76460752303767552e+17,19,2,1,5.76460752303767552e+17,16,5,2,3.32306998945331719e+35,5.38123841999999968e+02,0,5.84853988253295528e-13,nan,0.00000000000000000e+00
15,1,-3.22054015826044008e-07,1.00000000000000000e+00,3.22054306676860009e-07,2,19,-3.22054306676860009e-07,-3.22053686092268760e-07,-3.22053896408486615e-07,-3.22054109096936388e-07,-3.22054375876658815e-07,-3.22054315074234375e-07,-3.22053927451333360e-07,-3.22053845352588343e-07,3.29733775247739995e-13,6.28981965615054279e-13,3.60050614806748856e-13,5.30524070471460771e-13,19,2,1,5.76460752303767552e+17,19,2,1,5.76460752303767552e+17,16,5,2,3.32306998945331719e+35,5.33026028999999994e+02,0,6.28981965615054279e-13,nan,0.00000000000000000e+00
15,2,-2.51796551859670415e-07,1.00000000000000000e+00,2.51796680009203958e-07,2,19,-2.51796509624841336e-07,-2.51796385638494475e-07,-2.51796576432343813e-07,-2.51796680009203958e-07,-2.51796534502492494e-07,-2.51796533694791469e-07,-2.51796602374651858e-07,-2.51796859404805840e-07,1.66221175939526870e-13,1.79395601881622341e-13,3.07545135424867444e-13,3.25710014370872761e-13,19,2,1,5.76460752303767552e+17,19,2,1,5.76460752303767552e+17,16,5,2,3.32306998945331719e+35,5.39097862999999961e+02,0,1.79395601881622341e-13,nan,0.00000000000000000e+00
15,3,-1.97766650824522439e-07,1.00000000000000000e+00,1.97766948465824919e-07,2,19,-1.97766772546084305e-07,-1.97766414227932852e-07,-1.97766948465824919e-07,-1.97766681250869250e-07,-1.97766354358841232e-07,-1.97766627627296001e-07,-1.97766822585219791e-07,-1.97766370920911893e-07,2.97641302480165635e-13,4.18187243072661946e-13,2.96465681206353277e-13,4.68226378558479945e-13,19,2,1,5.76460752303767552e+17,19,2,1,5.76460752303767552e+17,16,5,2,3.32306998945331719e+35,5.34505054999999970e+02,0,4.18187243072661946e-13,nan,0.00000000000000000e+00
16,0,-1.56015924066488938e-07,1.00000000000000000e+00,1.56016021677999723e-07,2,19,-1.56015913325399606e-07,-1.56016021677999723e-07,-1.56015996346840005e-07,-1.56015952776678335e-07,-1.56015703356576327e-07,-1.56015595523862242e-07,-1.56015702894566176e-07,-1.56015804286002014e-07,9.76115107853487888e-14,4.26154137480682952e-13,3.28542626695334163e-13,2.08762139771694874e-13,19,2,1,5.76460752303767552e+17,19,2,1,5.76460752303767552e+17,16,5,2,3.32306998945331719e+35,5.34847379000000046e+02,0,4.26154137480682952e-13,nan,0.00000000000000000e+00
16,1,-1.23593619910113935e-07,1.00000000000000000e+00,1.23593595159006323e-07,2,19,-1.23593595159006323e-07,-1.23593442893848461e-07,-1.23593419903985297e-07,-1.23593504944719631e-07,-1.23593818458488574e-07,-1.23593634814348497e-07,-1.23593914128196313e-07,-1.23593824885751841e-07,2.00006128638295216e-13,4.94224211016073420e-13,2.94218082377778204e-13,2.79313847815442810e-13,19,2,1,5.76460752303767552e+17,19,2,1,5.76460752303767552e+17,16,5,2,3.32306998945331719e+35,5.27572459999999978e+02,0,4.94224211016073420e-13,nan,0.00000000000000000e+00
16,2,-9.82879279686669707e-08,1.00000000000000000e+00,9.82879690539313088e-08,2,19,-9.82875517875713921e-08,-9.82878861410785616e-08,-9.82879690539313088e-08,-9.82875998161971108e-08,-9.82878406867600216e-08,-9.82877711737867452e-08,-9.82880492936344983e-08,-9.82882471737022599e-08,3.76181095578692512e-13,6.47357505149052649e-13,3.19205035289106744e-13,4.75999915514614851e-13,19,2,1,5.76460752303767552e+17,19,2,1,5.76460752303767552e+17,16,5,2,3.32306998945331719e+35,5.21653407000000016e+02,0,6.47357505149052649e-13,nan,0.00000000000000000e+00
16,3,-7.84380422369304653e-08,1.00000000000000000e+00,7.84381509377947168e-08,2,19,-7.84381509377947168e-08,-7.84379340634180213e-08,-7.84377407149634515e-08,-7.84379369616779138e-08,-7.84381880983469286e-08,-7.84379280729487348e-08,-7.84381302338981948e-08,-7.84382048297184055e-08,3.01521967013822047e-13,3.89518934743332087e-13,1.62592787940171976e-13,2.76756769670660177e-13,19,2,1,5.76460752303767552e+17,19,2,1,5.76460752303767552e+17,16,5,2,3.32306998945331719e+35,5.43537424999999985e+02,0,3.89518934743332087e-13,nan,0.00000000000000000e+00
17,0,-6.27913142577462467e-08,1.00000000000000000e+00,6.27913822326615464e-08,2,19,-6.27911098665028147e-08,-6.27913822326615464e-08,-6.27913735236327233e-08,-6.27912561262911418e-08,-6.27913133120205012e-08,-6.27913186632185904e-08,-6.27916621236311577e-08,-6.27915003067236766e-08,2.04391243431930689e-13,2.88599998434327443e-13,3.47865884911000878e-13,3.48811610656493232e-13,19,2,1,5.76460752303767552e+17,19,2,1,5.76460752303767552e+17,16,5,2,3.32306998945331719e+35,5.41146946999999955e+02,0,2.88599998434327443e-13,nan,0.00000000000000000e+00
17,1,-5.04011111847438496e-08,1.00000000000000000e+00,5.04012346568611574e-08,2,19,-5.04012221701680526e-08,-5.04007799067582477e-08,-5.04012346568611574e-08,-5.04010613555253428e-08,-5.04012657833556548e-08,-5.04014950050906000e-08,-5.04016039172974200e-08,-5.04009894547937366e-08,3.31277985601850137e-13,7.15098332352251385e-13,4.92732553570478585e-13,6.14462503683473252e-13,19,2,1,5.76460752303767552e+17,19,2,1,5.76460752303767552e+17,16,5,2,3.32306998945331719e+35,5.39092963000000054e+02,0,7.15098332352251385e-13,nan,0.00000000000000000e+00
17,2,-4.05469874792925790e-08,1.00000000000000000e+00,4.05473562300678665e-08,2,19,-4.05466516730575650e-08,-4.05473562300678665e-08,-4.05472205137250024e-08,-4.05470084771784477e-08,-4.05471725516916045e-08,-4.05473241444690360e-08,-4.05470544064163307e-08,-4.05467842695947413e-08,3.68750775287524085e-13,5.20878634039540515e-13,3.36665176457014490e-13,5.39874874294646156e-13,19,2,1,5.76460752303767552e+17,19,2,1,5.76460752303767552e+17,16,5,2,3.32306998945331719e+35,5.32805794999999989e+02,0,5.20878634039540515e-13,nan,0.00000000000000000e+00
17,3,-3.26793150344677315e-08,1.00000000000000000e+00,3.26795749269086922e-08,2,19,-3.26795749269086922e-08,-3.26793160114776132e-08,-3.26791454669573401e-08,-3.26794871681122279e-08,-3.26791545142420937e-08,-3.26794423973637222e-08,-3.26793752033548839e-08,-3.26795580894156535e-08,2.59892440960649649e-13,4.20412666598530236e-13,2.43054947922004252e-13,4.03575173559884839e-13,19,2,1,5.76460752303767552e+17,19,2,1,5.76460752303767552e+17,16,5,2,3.32306998945331719e+35,5.35614172000000053e+02,0,4.20412666598530236e-13,nan,0.00000000000000000e+00
18,0,-2.63761859676833278e-08,1.00000000000000000e+00,2.63759649636601983e-08,2,19,-2.63756654160317595e-08,-2.63755489889482012e-08,-2.63759649636601983e-08,-2.63757385337670297e-08,-2.63758464252706305e-08,-2.63757156627143486e-08,-2.63759023650188390e-08,-2.63758557930906044e-08,6.36978735126587850e-13,1.81009238871046430e-13,4.70304968979189984e-13,1.86702304490402580e-13,19,2,1,5.76460752303767552e+17,19,2,1,5.76460752303767552e+17,16,5,2,3.32306998945331719e+35,5.31740681999999993e+02,0,1.81009238871046430e-13,nan,0.00000000000000000e+00
18,1,-2.13103776215450157e-08,1.00000000000000000e+00,2.13105003126209622e-08,2,19,-2.13096160326392734e-08,-2.13100673420098334e-08,-2.13105003126209622e-08,-2.13104789891360389e-08,-2.13099261258850703e-08,-2.13109727341950486e-08,-2.13109556073691706e-08,-2.13096244990653600e-08,7.61588905742367340e-13,9.05392185215228287e-13,7.53122479655725635e-13,1.34823512968857798e-12,19,2,1,5.76460752303767552e+17,19,2,1,5.76460752303767552e+17,16,5,2,3.32306998945331719e+35,5.53444507000000044e+02,0,9.05392185215228287e-13,nan,0.00000000000000000e+00
18,2,-1.72294399332255005e-08,1.00000000000000000e+00,1.72297840914921911e-08,2,19,-1.72292954102584622e-08,-1.72296365455600537e-08,-1.72297840914921911e-08,-1.72293884028693205e-08,-1.72295843155880277e-08,-1.72295244441810797e-08,-1.72294003362141610e-08,-1.72299168976562874e-08,3.44158266690530735e-13,5.28494786966884761e-13,4.76964430786835355e-13,5.16561442126422372e-13,19,2,1,5.76460752303767552e+17,19,2,1,5.76460752303767552e+17,16,5,2,3.32306998945331719e+35,5.36496248000000037e+02,0,5.28494786966884761e-13,nan,0.00000000000000000e+00
18,3,-1.39349969029681550e-08,1.00000000000000000e+00,1.39357390825910917e-08,2,19,-1.39345017029871232e-08,-1.39355749500514234e-08,-1.39350173670118545e-08,-1.39357390825910917e-08,-1.39348720067556594e-08,-1.39355586103404142e-08,-1.39347874259838263e-08,-1.39349169149166311e-08,7.42179622936678095e-13,8.22167674460654199e-13,5.61707372259172720e-13,7.71184356587893831e-13,19,2,1,5.76460752303767552e+17,19,2,1,5.76460752303767552e+17,16,5,2,3.32306998945331719e+35,5.41083805999999981e+02,0,8.22167674460654199e-13,nan,0.00000000000000000e+00
19,0,-1.12711519634984842e-08,1.00000000000000000e+00,1.12717795328008686e-08,2,19,-1.12711419991977715e-08,-1.12707764630461333e-08,-1.12717795328008686e-08,-1.12712452072321750e-08,-1.12708783985978906e-08,-1.12709080491740355e-08,-1.12716017538343457e-08,-1.12715561554640457e-08,6.27569302384365403e-13,3.10948231870695240e-13,4.49790335861414618e-13,7.23355236455087049e-13,19,2,1,5.76460752303767552e+17,19,2,1,5.76460752303767552e+17,16,5,2,3.32306998945331719e+35,5.34600952000000007e+02,0,3.10948231870695240e-13,nan,0.00000000000000000e+00
19,1,-9.11468171944513884e-09,1.00000000000000000e+00,9.11515524455656584e-09,2,19,-9.11515524455656584e-09,-9.11435180253190330e-09,-9.11468586430722277e-09,-9.11502502196625986e-09,-9.11426605806901554e-09,-9.11456812312536979e-09,-9.11453455166506387e-09,-9.11505249937216934e-09,4.73525111427004482e-13,8.89186487550300258e-13,4.15661376123295776e-13,7.86441303153796098e-13,19,2,1,5.76460752303767552e+17,19,2,1,5.76460752303767552e+17,16,5,2,3.32306998945331719e+35,5.31301743999999985e+02,0,8.89186487550300258e-13,nan,0.00000000000000000e+00
19,2,-7.36776965590136910e-09,1.00000000000000000e+00,7.36839413564191236e-09,2,19,-7.36766920643358644e-09,-7.36748595661510906e-09,-7.36839413564191236e-09,-7.36747018683994281e-09,-7.36760895230722555e-09,-7.36787774068380567e-09,-7.36774108348380090e-09,-7.36735791747819465e-09,6.24479740543266975e-13,6.53052158111460676e-13,4.11738423174444215e-13,5.19823205611014825e-13,19,2,1,5.76460752303767552e+17,19,2,1,5.76460752303767552e+17,16,5,2,3.32306998945331719e+35,5.99237210000000005e+02,0,6.53052158111460676e-13,nan,0.00000000000000000e+00
19,3,-5.95190421280844282e-09,1.00000000000000000e+00,5.95264759002032045e-09,2,19,-5.95134162354791829e-09,-5.95222924711570020e-09,-5.95179767085221340e-09,-5.95264759002032045e-09,-5.95201573758036884e-09,-5.95213577268565451e-09,-5.95206789256940373e-09,-5.95222946020966992e-09,7.43377211877628596e-13,6.74114032450546785e-13,3.25247401227099988e-13,2.13722629301078594e-13,19,2,1,5.76460752303767552e+17,19,2,1,5.76460752303767552e+17,16,5,2,3.32306998945331719e+35,5.31685165999999981e+02,0,6.74114032450546785e-13,nan,0.00000000000000000e+00
20,0,-4.80466749153376233e-09,1.00000000000000000e+00,4.80473662664715054e-09,2,19,-4.80377133309158566e-09,-4.80473662664715054e-09,-4.80399235055253886e-09,-4.80404837278077747e-09,-4.80422888522486322e-09,-4.80419531348333822e-09,-4.80465801998744226e-09,-4.80441546767324115e-09,8.96158442176669962e-13,6.65669434903400094e-13,4.72178050424105960e-13,4.62706504104043032e-13,19,2,1,5.76460752303767552e+17,19,2,1,5.76460752303767552e+17,16,5,2,3.32306998945331719e+35,5.23653029999999944e+02,0,6.65669434903400094e-13,nan,0.00000000000000000e+00
20,1,-3.87447591091307652e-09,1.00000000000000000e+00,3.87495779359244365e-09,2,19,-3.87367273161850448e-09,-3.87495779359244365e-09,-3.87349604981511138e-09,-3.87384856557735049e-09,-3.87360821585098629e-09,-3.87396580948645087e-09,-3.87502280213114791e-09,-3.87462433848094268e-09,9.79861097965142212e-13,1.52675231603653382e-12,8.67695062090231775e-13,1.41458628016162338e-12,19,2,1,5.76460752303767552e+17,19,2,1,5.76460752303767552e+17,16,5,2,3.32306998945331719e+35,5.35982843000000003e+02,0,1.52675231603653382e-12,nan,0.00000000000000000e+00
20,2,-3.12130330778285034e-09,1.00000000000000000e+00,3.12224107909738922e-09,2,19,-3.12209382103149255e-09,-3.12224107909738922e-09,-3.12132983928421924e-09,-3.12129930877495047e-09,-3.12072338901206796e-09,-3.12178782725833993e-09,-3.12059127161574342e-09,-3.12139610483178860e-09,9.37771314538876923e-13,1.37043201942458679e-12,7.12036167106926350e-13,1.19655564259651402e-12,19,2,1,5.76460752303767552e+17,19,2,1,5.76460752303767552e+17,16,5,2,3.32306998945331719e+35,5.32320512000000008e+02,0,1.37043201942458679e-12,nan,0.00000000000000000e+00
20,3,-2.51155534358248272e-09,1.00000000000000000e+00,2.51209560916230812e-09,2,19,-2.51136704689238757e-09,-2.51209560916230812e-09,-2.51104560092050744e-09,-2.51201414100413081e-09,-2.51081443033492049e-09,-2.51134231637211956e-09,-2.51265288389708156e-09,-2.51120739516890215e-09,5.40265579825404500e-13,1.60728297657411268e-12,1.09754031459883950e-12,1.83845356216106491e-12,19,2,1,5.76460752303767552e+17,19,2,1,5.76460752303767552e+17,16,5,2,3.32306998945331719e+35,5.44035860999999954e+02,0,1.60728297657411268e-12,nan,0.00000000000000000e+00
21,0,-2.01820263218644996e-09,1.00000000000000000e+00,2.01953072684725290e-09,2,19,-2.01818147088757874e-09,-2.01953072684725290e-09,-2.01915877181745186e-09,-2.01838465941382455e-09,-2.01916861885379053e-09,-2.01869587158458490e-09,-2.01874157046288796e-09,-2.01813671867235701e-09,1.32809466080293408e-12,9.87147966211787938e-13,9.65986667340567744e-13,1.03190018143351775e-12,19,2,1,5.76460752303767552e+17,19,2,1,5.76460752303767552e+17,16,5,2,3.32306998945331719e+35,5.36948878000000036e+02,0,9.87147966211787938e-13,nan,0.00000000000000000e+00
21,1,-1.61987504505221655e-09,1.00000000000000000e+00,1.62055068754204142e-09,2,19,-1.61939605867178331e-09,-1.61955040298489756e-09,-1.62055068754204142e-09,-1.61954518029951599e-09,-1.61969482024830823e-09,-1.61994822188621096e-09,-1.61931263386089673e-09,-1.61902994072332424e-09,6.75642489824870234e-13,1.23805368114468741e-12,8.45104328892304205e-13,9.18281162886717706e-13,19,2,1,5.76460752303767552e+17,19,2,1,5.76460752303767552e+17,16,5,2,3.32306998945331719e+35,5.37173123000000032e+02,0,1.23805368114468741e-12,nan,0.00000000000000000e+00
21,2,-1.29838240947590250e-09,1.00000000000000000e+00,1.29928716811366856e-09,2,19,-1.29787090696740130e-09,-1.29799103150993386e-09,-1.29928716811366856e-09,-1.29755784503917386e-09,-1.29819447461213503e-09,-1.29815341717772845e-09,-1.29883153021902620e-09,-1.30040577826343551e-09,9.04758637766060438e-13,2.84793322426165104e-12,2.02336878753300786e-12,2.25236108570705707e-12,19,2,1,5.76460752303767552e+17,19,2,1,5.76460752303767552e+17,16,5,2,3.32306998945331719e+35,5.41313677999999982e+02,0,2.84793322426165104e-12,nan,0.00000000000000000e+00
21,3,-1.03930295290057523e-09,1.00000000000000000e+00,1.04032267146757855e-09,2,19,-1.03985667553402898e-09,-1.03873277969776782e-09,-1.04032267146757855e-09,-1.03958008563016491e-09,-1.03913126252783204e-09,-1.03928487816154867e-09,-1.03980780676632735e-09,-1.03941782060368026e-09,1.01971856700332514e-12,7.25413006196941851e-13,5.04853865752123609e-13,6.76544238495311823e-13,19,2,1,5.76460752303767552e+17,19,2,1,5.76460752303767552e+17,16,5,2,3.32306998945331719e+35,5.35851186999999982e+02,0,7.25413006196941851e-13,nan,0.00000000000000000e+00
22,0,-8.31207963684122529e-10,1.00000000000000000e+00,8.31099557575507629e-10,2,19,-8.30826149491643982e-10,-8.31099557575507629e-10,-8.30488878639006204e-10,-8.30128247976584666e-10,-8.31101815072284598e-10,-8.30825321321892368e-10,-8.31234211261129354e-10,-8.30856116271713497e-10,1.07971570753786277e-12,7.45332622123150160e-13,3.82642362230160824e-13,4.08889939236986644e-13,19,2,1,5.76460752303767552e+17,19,2,1,5.76460752303767552e+17,16,5,2,3.32306998945331719e+35,5.32213953999999944e+02,0,7.45332622123150160e-13,nan,0.00000000000000000e+00
22,1,-6.62685584630848517e-10,1.00000000000000000e+00,6.63078294025260606e-10,2,19,-6.63078294025260606e-10,-6.62884653455470519e-10,-6.61793642358555310e-10,-6.63002139301158326e-10,-6.63794820089106590e-10,-6.62743593989819653e-10,-6.63290300688893782e-10,-6.63223110510418528e-10,8.91942272293206981e-13,1.49665833033847226e-12,1.10923545825807326e-12,1.05122609928693712e-12,19,2,1,5.76460752303767552e+17,19,2,1,5.76460752303767552e+17,16,5,2,3.32306998945331719e+35,5.38999387999999954e+02,0,1.49665833033847226e-12,nan,0.00000000000000000e+00
22,2,-5.28324015415896992e-10,1.00000000000000000e+00,5.28645712538188559e-10,2,19,-5.28260278434137071e-10,-5.28329600224664996e-10,-5.27647007180080443e-10,-5.28645712538188559e-10,-5.28276635521199331e-10,-5.29018483766472570e-10,-5.28101184327264732e-10,-5.28742294900732705e-10,6.77008235816548465e-13,6.88883541807573949e-13,6.94468350575577781e-13,9.17299439207837783e-13,19,2,1,5.76460752303767552e+17,19,2,1,5.76460752303767552e+17,16,5,2,3.32306998945331719e+35,5.94214348999999970e+02,0,6.88883541807573949e-13,nan,0.00000000000000000e+00
22,3,-4.20560270539790519e-10,1.00000000000000000e+00,4.21006546022465022e-10,2,19,-4.20812940840265973e-10,-4.20211079537709479e-10,-4.21006546022465022e-10,-4.20582847209103509e-10,-4.20390805135500509e-10,-4.20885054522254627e-10,-4.21720177173174356e-10,-4.20909591916286447e-10,4.46275482674502767e-13,7.13631150709333949e-13,1.15990663338383672e-12,1.32937203767384685e-12,19,2,1,5.76460752303767552e+17,19,2,1,5.76460752303767552e+17,16,5,2,3.32306998945331719e+35,6.03262248999999997e+02,0,7.13631150709333949e-13,nan,0.00000000000000000e+00
23,0,-3.34238147515547888e-10,1.00000000000000000e+00,3.34355886782792330e-10,2,19,-3.33479042240159662e-10,-3.34355886782792330e-10,-3.33543379590120509e-10,-3.34311188412769841e-10,-3.34962897570848829e-10,-3.34437464159864047e-10,-3.35259140725670903e-10,-3.33904269952168903e-10,7.59105275388226075e-13,1.71576113555039447e-12,1.02099321012301524e-12,1.35487077350200045e-12,19,2,1,5.76460752303767552e+17,19,2,1,5.76460752303767552e+17,16,5,2,3.32306998945331719e+35,5.61782025999999973e+02,0,1.71576113555039447e-12,nan,0.00000000000000000e+00
23,1,-2.65237864627646568e-10,1.00000000000000000e+00,2.66682749513158250e-10,2,19,-2.65450464213267229e-10,-2.66074088043147266e-10,-2.63619085138934934e-10,-2.66682749513158250e-10,-2.64621410907703943e-10,-2.64630433299003489e-10,-2.64711297459401044e-10,-2.63362391875633078e-10,1.61877948871163401e-12,3.32035763752517211e-12,1.87547275201348994e-12,1.34890558376796548e-12,19,2,1,5.76460752303767552e+17,19,2,1,5.76460752303767552e+17,16,5,2,3.32306998945331719e+35,5.29499581000000035e+02,0,3.32035763752517211e-12,nan,0.00000000000000000e+00
23,2,-2.10314752617446847e-10,1.00000000000000000e+00,2.11594946271517450e-10,2,19,-2.10396942115279507e-10,-2.10834481830939689e-10,-2.11594946271517450e-10,-2.08520288782598633e-10,-2.09628680295796341e-10,-2.11844116013209751e-10,-2.10341874998682842e-10,-2.10541197308819213e-10,1.79446383484821385e-12,2.02090852622057939e-12,1.52936339576290403e-12,2.21543571741341048e-12,19,2,1,5.76460752303767552e+17,19,2,1,5.76460752303767552e+17,16,5,2,3.32306998945331719e+35,5.39579981999999973e+02,0,2.02090852622057939e-12,nan,0.00000000000000000e+00
23,3,-1.66378937068062100e-10,1.00000000000000000e+00,1.66928700787276035e-10,2,19,-1.65449467716076469e-10,-1.65975384014407162e-10,-1.66839995113064726e-10,-1.66928700787276035e-10,-1.67685196155239348e-10,-1.65173557804693903e-10,-1.67683323533108077e-10,-1.66302259970499737e-10,9.29469351985630203e-13,2.23572843916287871e-12,1.30625908717724851e-12,2.51163835054544508e-12,19,2,1,5.76460752303767552e+17,19,2,1,5.76460752303767552e+17,16,5,2,3.32306998945331719e+35,5.37508855000000040e+02,0,2.23572843916287871e-12,nan,0.00000000000000000e+00
24,0,-1.31305444949176017e-10,1.00000000000000000e+00,1.32402874725626609e-10,2,19,-1.32402874725626609e-10,-1.31821583516493312e-10,-1.31671180756780129e-10,-1.30656191191084198e-10,-1.32100293298379191e-10,-1.30078032001362269e-10,-1.31400637467900690e-10,-1.31882471402718490e-10,1.09742977645059204e-12,1.74355151513104326e-12,1.22741294781374832e-12,2.02226129701692160e-12,19,2,1,5.76460752303767552e+17,19,2,1,5.76460752303767552e+17,16,5,2,3.32306998945331719e+35,5.43216849000000025e+02,0,1.74355151513104326e-12,nan,0.00000000000000000e+00
24,1,-1.03575247470458258e-10,1.00000000000000000e+00,1.04275934507982645e-10,2,19,-1.02990065702560014e-10,-1.03228089159264984e-10,-1.03209041497138140e-10,-1.04275934507982645e-10,-1.04895569527187604e-10,-1.02868466430339650e-10,-1.04512093329260531e-10,-1.04254659564440646e-10,7.00687037524386705e-13,1.90550382462758909e-12,1.32032205672934546e-12,2.02710309684795385e-12,19,2,1,5.76460752303767552e+17,19,2,1,5.76460752303767552e+17,16,5,2,3.32306998945331719e+35,5.32621597999999949e+02,0,1.90550382462758909e-12,nan,0.00000000000000000e+00
24,2,-8.14809377810090619e-11,1.00000000000000000e+00,8.24086063220046486e-11,2,19,-8.16756113365248118e-11,-8.16936079388559656e-11,-8.24086063220046486e-11,-8.23951820506190771e-11,-8.33198010046486753e-11,-8.13186816108922092e-11,-8.19724809947612259e-11,-8.15155242910884194e-11,9.27668540995586699e-13,1.64418966812386355e-12,1.83886322363961338e-12,2.00111939375646610e-12,19,2,1,5.76460752303767552e+17,19,2,1,5.76460752303767552e+17,16,5,2,3.32306998945331719e+35,5.43457791000000043e+02,0,1.64418966812386355e-12,nan,0.00000000000000000e+00
24,3,-6.41235428088032669e-11,1.00000000000000000e+00,6.48404295746677569e-11,2,19,-6.25630974524482135e-11,-6.06644012248151677e-11,-6.44148352902075482e-11,-6.48404295746677569e-11,-6.44976769353753193e-11,-6.43824098264352868e-11,-6.49330498493737243e-11,-6.47357900975392770e-11,3.45914158398809914e-12,3.71800860162011908e-12,8.09507040570457434e-13,5.50640022938437488e-13,19,2,1,5.76460752303767552e+17,19,2,1,5.76460752303767552e+17,16,5,2,3.32306998945331719e+35,5.46524150999999961e+02,0,3.71800860162011908e-12,nan,0.00000000000000000e+00
25,0,-5.09150847425882790e-11,1.00000000000000000e+00,5.18094368456889637e-11,2,19,-4.96864026779566443e-11,-4.96198740504887044e-11,-5.18094368456889637e-11,-5.09643191521827469e-11,-4.94273746495970911e-11,-5.06121355826035633e-11,-4.94875465326621416e-11,-4.97084330618721750e-11,1.29521069209957464e-12,2.32189031302682206e-12,1.48771009299118799e-12,1.18476093300647221e-12,19,2,1,5.76460752303767552e+17,19,2,1,5.76460752303767552e+17,16,5,2,3.32306998945331719e+35,5.40767728000000034e+02,0,2.32189031302682206e-12,nan,0.00000000000000000e+00
25,1,-3.97184214551220554e-11,1.00000000000000000e+00,4.16603260861044181e-11,2,19,-4.16603260861044181e-11,-4.05286405650180133e-11,-3.93457623874485633e-11,-3.97535959042223853e-11,-3.90042716569230396e-11,-3.95435930221088120e-11,-4.02295531858136265e-11,-3.99572074549278692e-11,1.94190463098236273e-12,2.65605442918137851e-12,7.14149798199015788e-13,1.22528152889058694e-12,19,2,1,5.76460752303767552e+17,19,2,1,5.76460752303767552e+17,16,5,2,3.32306998945331719e+35,5.39511513000000036e+02,0,2.65605442918137851e-12,nan,0.00000000000000000e+00
25,2,-3.15979454391424023e-11,1.00000000000000000e+00,3.32631762653964613e-11,2,19,-3.32631762653964613e-11,-3.11631734151906117e-11,-3.22793329763207660e-11,-3.24735593984898704e-11,-2.97478499943446052e-11,-3.18132531452680262e-11,-3.09860937099387607e-11,-3.36202268507046184e-11,1.66523082625405896e-12,3.51532627105185603e-12,2.02228141156221604e-12,3.87237685636001311e-12,19,2,1,5.76460752303767552e+17,19,2,1,5.76460752303767552e+17,16,5,2,3.32306998945331719e+35,5.31467256000000020e+02,0,3.51532627105185603e-12,nan,0.00000000000000000e+00
25,3,-2.44208758245375790e-11,1.00000000000000000e+00,2.62210136183126943e-11,2,19,-2.43688562635185088e-11,-2.38415229539562599e-11,-2.49098961349647008e-11,-2.62210136183126943e-11,-2.59303106609607130e-11,-2.65383821548741499e-11,-2.45093596806022527e-11,-2.60356942523120204e-11,1.80013779377511529e-12,2.69685920091789000e-12,2.11750633033657090e-12,2.02902247427189727e-12,19,2,1,5.76460752303767552e+17,19,2,1,5.76460752303767552e+17,16,5,2,3.32306998945331719e+35,5.84653259000000048e+02,0,2.69685920091789000e-12,nan,0.00000000000000000e+00
26,0,-1.88471300537297775e-11,1.00000000000000000e+00,2.07351256947329289e-11,2,19,-1.93814706563855784e-11,-2.07351256947329289e-11,-1.98376597889126383e-11,-2.05235758932174616e-11,-1.72084685113016613e-11,-1.97977909855546250e-11,-2.07065791989980015e-11,-1.62653226881743711e-11,1.88799564100315143e-12,4.25825320504309056e-12,2.58180736555540644e-12,4.44125651082363045e-12,19,2,1,5.76460752303767552e+17,19,2,1,5.76460752303767552e+17,16,5,2,3.32306998945331719e+35,5.39795647000000031e+02,0,4.25825320504309056e-12,nan,0.00000000000000000e+00
26,1,-1.50709692623102682e-11,1.00000000000000000e+00,1.55823572233555478e-11,2,19,-1.26695771189782049e-11,-1.43533955220890210e-11,-1.55823572233555478e-11,-1.54751813322937885e-11,-1.67508292391571962e-11,-1.43493527161313875e-11,-1.41521626720582207e-11,-1.36742604884346065e-11,2.40139214333206331e-12,4.08125212017899128e-12,1.67985997684692796e-12,3.07656875072258969e-12,19,2,1,5.76460752303767552e+17,19,2,1,5.76460752303767552e+17,16,5,2,3.32306998945331719e+35,5.25591927000000055e+02,0,4.08125212017899128e-12,nan,0.00000000000000000e+00
26,2,-1.19324285517498043e-11,1.00000000000000000e+00,1.23425128963208308e-11,2,19,-1.16641834593372903e-11,-1.19609265569224662e-11,-1.03653231414711591e-11,-1.23425128963208308e-11,-1.25763855965929167e-11,-1.51087708551282643e-11,-1.10166573978424760e-11,-1.16348861107283590e-11,1.56710541027864519e-12,3.14784429820579810e-12,3.17634230337845996e-12,4.09211345728578825e-12,19,2,1,5.76460752303767552e+17,19,2,1,5.76460752303767552e+17,16,5,2,3.32306998945331719e+35,5.32071715000000040e+02,0,3.14784429820579810e-12,nan,0.00000000000000000e+00
26,3,-9.44003966032664599e-12,1.00000000000000000e+00,1.14725583076585070e-11,2,19,-9.55840078103158836e-12,-1.14725583076585070e-11,-9.94684576396263440e-12,-7.30684147997302442e-12,-1.01212245297481215e-11,-1.13878754569482319e-11,-1.15071710734977757e-11,-6.58774977982973387e-12,2.13319818035362157e-12,1.56032530953514133e-12,2.85228988049691212e-12,4.91942129366804186e-12,19,2,1,5.76460752303767552e+17,19,2,1,5.76460752303767552e+17,16,5,2,3.32306998945331719e+35,5.50269285999999965e+02,0,1.56032530953514133e-12,nan,0.00000000000000000e+00
27,0,-7.64103992640689920e-12,1.00000000000000000e+00,8.34242556331214544e-12,2,19,-5.96960390575364757e-12,-7.48526000345588987e-12,-6.39237166824707834e-12,-8.34242556331214544e-12,-7.71079265251752623e-12,-6.21517501216568830e-12,-5.35292784909707649e-12,-7.42455761282951905e-12,1.67143602065325163e-12,1.74118874676387866e-12,2.28811207730982271e-12,2.35786480342044975e-12,19,2,1,5.76460752303767552e+17,19,2,1,5.76460752303767552e+17,16,5,2,3.32306998945331719e+35,5.28735050000000001e+02,0,1.74118874676387866e-12,nan,0.00000000000000000e+00
27,1,-6.18190208439969206e-12,1.00000000000000000e+00,8.12800078239967881e-12,2,19,-6.31604249226773823e-12,-5.38126277107997292e-12,-8.12800078239967881e-12,-6.75742479691721988e-12,-3.76793972259304098e-12,-5.90366897693137973e-12,-4.33715067175932319e-12,-6.45055088366753361e-12,1.94609869799998675e-12,3.79085011064035562e-12,2.41396236180665109e-12,2.68261116107449263e-12,19,2,1,5.76460752303767552e+17,19,2,1,5.76460752303767552e+17,16,5,2,3.32306998945331719e+35,5.40263050000000021e+02,0,3.79085011064035562e-12,nan,0.00000000000000000e+00
27,2,-5.19850897826697734e-12,1.00000000000000000e+00,5.78287146758992464e-12,2,19,-5.78287146758992464e-12,-4.93014146657186833e-12,-5.13134311678056476e-12,-3.62781419088503517e-12,-6.49627445277967087e-12,-7.35603753393840910e-12,-3.82170865028242110e-12,-5.00920441594349132e-12,1.57069478738194216e-12,2.42589606736654077e-12,2.15752855567143176e-12,3.53432888365598800e-12,19,2,1,5.76460752303767552e+17,19,2,1,5.76460752303767552e+17,16,5,2,3.32306998945331719e+35,5.35528934000000049e+02,0,2.42589606736654077e-12,nan,0.00000000000000000e+00
27,3,-3.88045604744655842e-12,1.00000000000000000e+00,5.72977543728088846e-12,2,19,-3.80263963890933061e-12,-1.40037020122308280e-12,-4.20155679398398679e-12,-5.72977543728088846e-12,-3.08644521515851740e-12,-3.39519749449740038e-12,-5.41071924757792526e-13,-6.28816029870143661e-13,2.48008584622347563e-12,5.10095940741074520e-12,3.33938412268876590e-12,2.85412556973960785e-12,19,2,1,5.76460752303767552e+17,19,2,1,5.76460752303767552e+17,16,5,2,3.32306998945331719e+35,5.47367967000000021e+02,0,5.10095940741074520e-12,nan,0.00000000000000000e+00
28,0,-3.29911932716548836e-12,1.00000000000000000e+00,5.16699342347940084e-12,2,19,-1.66571590643473265e-12,-1.04961570729506300e-12,-5.16699342347940084e-12,4.48000702181307395e-13,-7.35063501308334875e-13,-5.71017313258771188e-12,-2.46975000309009802e-12,3.98442594895415078e-13,3.74712002934679606e-12,4.66055742529264848e-12,3.69756192206090344e-12,6.10861572748312696e-12,19,2,1,5.76460752303767552e+17,19,2,1,5.76460752303767552e+17,16,5,2,3.32306998945331719e+35,5.38161412000000041e+02,0,4.66055742529264848e-12,nan,0.00000000000000000e+00
28,1,-2.95979973733721811e-12,1.00000000000000000e+00,3.99516795455245137e-12,2,19,-3.99516795455245137e-12,-2.58550415845077058e-12,2.60524360939449335e-13,-1.62118476042467360e-12,-3.50630809374422765e-12,1.06772475560739591e-12,-8.46015046805637404e-12,-1.09461045385910530e-12,3.22032409827666744e-12,8.72067482899582297e-12,5.50035073071915594e-12,9.52787522366376935e-12,19,2,1,5.76460752303767552e+17,19,2,1,5.76460752303767552e+17,16,5,2,3.32306998945331719e+35,5.42344717999999943e+02,0,8.72067482899582297e-12,nan,0.00000000000000000e+00
28,2,-2.10964969554766222e-12,1.00000000000000000e+00,5.22963413541023094e-12,2,19,-1.47434237005006005e-12,-5.22963413541023094e-12,6.69074896407197653e-13,-1.37408135065867862e-12,-2.37906521554923931e-12,-3.07520652099868523e-13,3.93065289475956533e-13,7.54748489635099094e-13,3.11998443986256873e-12,4.92211348331036242e-12,2.86439818518276131e-12,3.13381370518433840e-12,19,2,1,5.76460752303767552e+17,19,2,1,5.76460752303767552e+17,16,5,2,3.32306998945331719e+35,5.36335993000000030e+02,0,4.92211348331036242e-12,nan,0.00000000000000000e+00
28,3,-1.82486566084644980e-12,1.00000000000000000e+00,3.53929517645208135e-12,2,19,-2.82294624241833641e-12,-1.76561832863796310e-12,-2.37284472356481752e-13,-3.53929517645208135e-12,-3.66286510984394661e-12,-4.35341874185720813e-12,-1.67595726493117419e-12,-2.82442923718777676e-12,1.71442951560563155e-12,2.58780041321924503e-12,2.52855308101075833e-12,2.67746147692603414e-12,19,2,1,5.76460752303767552e+17,19,2,1,5.76460752303767552e+17,16,5,2,3.32306998945331719e+35,5.41746030000000019e+02,0,2.58780041321924503e-12,nan,0.00000000000000000e+00
29,0,-6.98604622512206361e-13,1.00000000000000000e+00,4.27234755258587309e-12,2,19,7.40550018206989977e-13,-3.54345417745859545e-12,-4.27234755258587309e-12,-3.07676408461410724e-13,6.29270366776742892e-13,-4.56412658463216513e-12,-2.48877505735074111e-12,-6.90475181775207695e-12,3.57374293007366673e-12,6.59707540929066663e-12,6.20614719523987059e-12,7.53402218452882004e-12,19,2,1,5.76460752303767552e+17,19,2,1,5.76460752303767552e+17,16,5,2,3.32306998945331719e+35,5.40324210999999991e+02,0,6.59707540929066663e-12,nan,0.00000000000000000e+00
29,1,-8.13459789788622889e-13,1.00000000000000000e+00,6.57196996213721092e-12,2,19,6.57196996213721092e-12,-2.19608200453216984e-12,1.99525152763896715e-12,1.40102523594910766e-13,-8.00645347237722077e-12,-9.03726270803312186e-13,1.57605350414057649e-12,-3.86440802381664156e-12,7.38542975192583461e-12,1.45784234345144317e-11,7.19299368258859788e-12,9.58250697651779686e-12,19,2,1,5.76460752303767552e+17,19,2,1,5.76460752303767552e+17,16,5,2,3.32306998945331719e+35,6.06873574999999960e+02,0,1.45784234345144317e-11,nan,0.00000000000000000e+00
29,2,1.36684074930280179e-13,1.00000000000000000e+00,1.01521371335848685e-12,2,19,-1.67041011701932815e-13,-4.72244122262583970e-14,1.01521371335848685e-12,-2.56969815497393667e-13,-2.54010944482558001e-12,-2.60230910813020913e-12,2.95025612694257488e-12,-9.23424667152399386e-13,8.78529638428206695e-13,2.55508469590395058e-12,2.81357205201229462e-12,5.55256523507278401e-12,19,2,1,5.76460752303767552e+17,19,2,1,5.76460752303767552e+17,16,5,2,3.32306998945331719e+35,5.41397964999999999e+02,0,2.55508469590395058e-12,nan,0.00000000000000000e+00
29,3,6.44220684242236347e-13,1.00000000000000000e+00,1.77661426825430947e-12,2,19,1.27102570546413665e-12,1.77661426825430947e-12,-1.56715951232047240e-12,-1.21046299673131239e-12,-3.21478657429199067e-13,1.21594237637142095e-12,4.33052957148083348e-12,3.30724209599251910e-12,2.21138019656270865e-12,5.89768908380130588e-12,3.68630888723859683e-12,4.65200822891003254e-12,19,2,1,5.76460752303767552e+17,19,2,1,5.76460752303767552e+17,16,5,2,3.32306998945331719e+35,5.39123585000000048e+02,0,5.89768908380130588e-12,nan,0.00000000000000000e+00
30,0,1.26098044195242323e-12,1.00000000000000000e+00,2.70868968038490142e-12,2,19,-2.70868968038490142e-12,-1.20784490307844699e-12,9.67280670528022179e-13,1.18488226320631469e-12,1.70224732634122935e-13,-3.30287309980480821e-12,2.77467319815167639e-12,-3.46834592829361462e-12,3.96967012233732465e-12,4.65322819149992971e-12,4.72932637024603785e-12,6.24301912644529101e-12,19,2,1,5.76460752303767552e+17,19,2,1,5.76460752303767552e+17,16,5,2,3.32306998945331719e+35,5.25715842999999950e+02,0,4.65322819149992971e-12,nan,0.00000000000000000e+00
30,1,9.01340762156180147e-13,1.00000000000000000e+00,3.62283456756296334e-12,2,19,-4.11915319550884155e-13,1.53952633409513993e-13,-9.76270252129112392e-13,3.62283456756296334e-12,4.57724434154423916e-13,6.15655226823636118e-12,1.11296549891399554e-12,-6.53545592861780747e-14,2.72149380540678299e-12,6.00259963482684678e-12,5.25521150608018124e-12,6.22190682752253926e-12,19,2,1,5.76460752303767552e+17,19,2,1,5.76460752303767552e+17,16,5,2,3.32306998945331719e+35,5.33806459000000018e+02,0,6.00259963482684678e-12,nan,0.00000000000000000e+00
30,2,1.31752055260274391e-14,1.00000000000000000e+00,4.16998254594098982e-12,2,19,-2.69426550101452310e-12,4.16998254594098982e-12,-8.59306854470834167e-13,1.22410803214484200e-12,-6.86414478707577248e-13,-6.85693628060827398e-12,-3.03481651492854189e-12,-2.11209270065315854e-12,4.15680734041496268e-12,1.10269188265492646e-11,6.87011148613430113e-12,6.17052180190069674e-12,19,2,1,5.76460752303767552e+17,19,2,1,5.76460752303767552e+17,16,5,2,3.32306998945331719e+35,5.42048325999999975e+02,0,1.10269188265492646e-11,nan,0.00000000000000000e+00
30,3,2.15663367141556299e-13,1.00000000000000000e+00,5.87282871155350645e-12,2,19,2.01973353743013185e-13,5.87282871155350645e-12,-7.42553487973346124e-13,-7.59614017458356190e-13,2.70164204399269345e-13,-2.61531660356532359e-12,4.54826868680168348e-12,-8.41343439709701019e-13,5.65716534441194983e-12,8.48814531511882924e-12,4.33260531966012685e-12,7.16358529036700707e-12,19,2,1,5.76460752303767552e+17,19,2,1,5.76460752303767552e+17,16,5,2,3.32306998945331719e+35,5.43250204000000053e+02,0,8.48814531511882924e-12,nan,0.00000000000000000e+00
31,0,-2.10629898121683209e-13,1.00000000000000000e+00,3.52242970097150323e-12,2,19,-6.35911052074108396e-13,-3.52242970097150323e-12,-3.29943565729465686e-12,-5.43816059827590424e-13,5.09583641043441023e-13,-6.78226982412730652e-12,-5.63734131665716807e-12,8.31675481205846370e-13,3.31179980284982015e-12,3.25984012315580329e-12,6.57163992600562344e-12,7.61394530533315289e-12,19,2,1,5.76460752303767552e+17,19,2,1,5.76460752303767552e+17,16,5,2,3.32306998945331719e+35,5.38513282000000004e+02,0,3.25984012315580329e-12,nan,0.00000000000000000e+00
31,1,-5.55481636396425254e-13,1.00000000000000000e+00,5.74563336301610128e-12,2,19,1.88488036445769028e-13,5.74563336301610128e-12,3.80075032323264473e-12,1.01119265736242421e-12,2.38734269562435001e-12,-2.23825086225388729e-12,1.48739458363482129e-12,-3.60279293809426456e-12,6.30111499941252653e-12,7.98388422526998897e-12,3.04731130169783931e-12,5.99013563371861458e-12,19,2,1,5.76460752303767552e+17,19,2,1,5.76460752303767552e+17,16,5,2,3.32306998945331719e+35,5.29099417000000017e+02,0,7.98388422526998897e-12,nan,0.00000000000000000e+00
31,2,-1.19293628774377053e-12,1.00000000000000000e+00,3.72658183226267880e-12,2,19,-1.00682770594693782e-12,-3.72658183226267880e-12,2.33871463001022740e-12,-3.41836569066180099e-12,-3.00237518647628768e-12,-5.71917974846397784e-12,1.31752170599819156e-12,-2.15864970376043710e-12,3.53165091775399793e-12,1.99554748052934986e-12,4.52624346072020730e-12,7.03670145446216899e-12,19,2,1,5.76460752303767552e+17,19,2,1,5.76460752303767552e+17,16,5,2,3.32306998945331719e+35,5.32940505000000030e+02,0,1.99554748052934986e-12,nan,0.00000000000000000e+00
31,3,-6.59180778324921506e-13,1.00000000000000000e+00,2.59459074531319120e-12,2,19,2.11522428055582562e-12,2.01784890149665862e-12,-2.59459074531319120e-12,-1.61670297300413846e-12,-4.27410393409371182e-12,-3.78940851916879357e-12,-3.28435955036985727e-13,-1.26983299704033966e-12,2.77440505888074723e-12,6.38932821464953745e-12,3.61492315576879022e-12,3.94566797905672569e-12,19,2,1,5.76460752303767552e+17,19,2,1,5.76460752303767552e+17,16,5,2,3.32306998945331719e+35,5.34592069000000038e+02,0,6.38932821464953745e-12,nan,0.00000000000000000e+00
32,0,4.91342813379154871e-13,1.00000000000000000e+00,2.33017255668863394e-12,2,19,-3.84010304250290538e-13,-2.16477645824423650e-12,-2.33017255668863394e-12,-1.88521589484988624e-12,-1.64580368086087616e-12,-1.43190072092996362e-12,2.44934913801401537e-12,-4.33059976236935980e-13,2.82151537006778902e-12,4.77952169470264931e-12,2.13714649424003124e-12,4.09515281887489153e-12,19,2,1,5.76460752303767552e+17,19,2,1,5.76460752303767552e+17,16,5,2,3.32306998945331719e+35,5.28410810999999967e+02,0,4.77952169470264931e-12,nan,0.00000000000000000e+00
32,1,2.21871783078139645e-13,1.00000000000000000e+00,3.81819823311709650e-12,2,19,2.15363835336046078e-12,-2.71768161860020813e-12,-1.82234914751556073e-12,-3.81819823311709650e-12,1.89480044496425027e-14,-1.94497248574114882e-12,3.19167753709472288e-12,-2.18048188967479626e-12,4.04007001619523650e-12,5.01402668461028401e-12,2.96980575401658328e-12,5.37215942676951873e-12,19,2,1,5.76460752303767552e+17,19,2,1,5.76460752303767552e+17,16,5,2,3.32306998945331719e+35,5.32216412999999989e+02,0,5.01402668461028401e-12,nan,0.00000000000000000e+00
32,2,-1.06940080233203795e-12,1.00000000000000000e+00,4.63128885770061397e-12,2,19,8.27978544613183608e-13,-3.56021918153827455e-12,-4.63128885770061397e-12,1.07143254786387783e-12,-4.45398404441927159e-12,3.37564107507186269e-12,-1.78193141571563340e-12,8.11178027988596135e-12,3.56188805536857622e-12,7.04034773202208353e-12,9.18118108221799911e-12,1.25657643243052329e-11,19,2,1,5.76460752303767552e+17,19,2,1,5.76460752303767552e+17,16,5,2,3.32306998945331719e+35,5.32605884999999944e+02,0,7.04034773202208353e-12,nan,0.00000000000000000e+00
32,3,-1.07841711719789324e-12,1.00000000000000000e+00,4.64517084692334268e-12,2,19,3.54388881385274876e-12,-1.69588954789166858e-12,-4.64517084692334268e-12,7.69388354036197277e-13,-1.16439140279157484e-11,-8.07984743398073492e-12,-6.21163172913871302e-12,6.99549014669761812e-13,4.62230593105064200e-12,1.51878028417684975e-11,1.05654969107178555e-11,1.23434630425855102e-11,19,2,1,5.76460752303767552e+17,19,2,1,5.76460752303767552e+17,16,5,2,3.32306998945331719e+35,5.94404988000000003e+02,0,1.51878028417684975e-11,nan,0.00000000000000000e+00
33,0,-6.59611031222073913e-13,1.00000000000000000e+00,1.49094363175325517e-12,2,19,-3.69607874526249634e-13,9.49722539934381806e-13,1.38399071173933922e-12,1.49094363175325517e-12,-8.92035562492736731e-12,1.74671663623123230e-12,2.45434081992153623e-12,3.59585865582002059e-12,2.15055466297532898e-12,8.55074775040111717e-12,8.26074459370529370e-12,1.25162142807473887e-11,19,2,1,5.76460752303767552e+17,19,2,1,5.76460752303767552e+17,16,5,2,3.32306998945331719e+35,5.30884184000000005e+02,0,8.55074775040111717e-12,nan,0.00000000000000000e+00
33,1,-1.13489690538715891e-12,1.00000000000000000e+00,5.51623675569127370e-12,2,19,5.51623675569127370e-12,1.46775774947820465e-13,5.10170832728846819e-12,3.98002757870563441e-13,-2.48487731703850079e-12,-1.42917676857832986e-12,-9.07613974773103267e-12,-1.77333261293709101e-12,6.65113366107843261e-12,1.41778480750195009e-11,7.94124284234387376e-12,7.64696297915270321e-12,19,2,1,5.76460752303767552e+17,19,2,1,5.76460752303767552e+17,16,5,2,3.32306998945331719e+35,5.36223705999999993e+02,0,1.41778480750195009e-11,nan,0.00000000000000000e+00
33,2,-2.55952649822946140e-13,1.00000000000000000e+00,8.11423230625783334e-12,2,19,2.06129705615640442e-12,5.60045156083248277e-12,2.55744820727759556e-12,-8.11423230625783334e-12,-4.87592120495668633e-12,3.66686418449736990e-12,6.78368086592116542e-13,1.07413970889544701e-11,7.85827965643488650e-12,1.88556293952123018e-11,1.09973497387774169e-11,1.56173182939111556e-11,19,2,1,5.76460752303767552e+17,19,2,1,5.76460752303767552e+17,16,5,2,3.32306998945331719e+35,5.41020262000000002e+02,0,1.88556293952123018e-11,nan,0.00000000000000000e+00
33,3,-6.43493355864042960e-14,1.00000000000000000e+00,5.86880882422821751e-12,2,19,4.65716965536794359e-12,1.66813763004202575e-12,-3.75750651571783014e-12,-5.86880882422821751e-12,2.17445226065827750e-12,3.49986496063037798e-12,1.86488749803780108e-12,6.65077673581437938e-12,5.80445948864181358e-12,1.25195855600425969e-11,6.71512607140078331e-12,4.78588923777657830e-12,19,2,1,5.76460752303767552e+17,19,2,1,5.76460752303767552e+17,16,5,2,3.32306998945331719e+35,5.51937804000000028e+02,0,1.25195855600425969e-11,nan,0.00000000000000000e+00
34,0,1.05495775667964591e-12,1.00000000000000000e+00,6.84173781535822429e-12,2,19,5.22197198542190475e-12,-9.39756548758727900e-13,6.84173781535822429e-12,-4.85336941584032739e-12,-8.49599945381998977e-13,1.64133233716778275e-12,3.01285223634764139e-12,3.37091108525234514e-12,5.90832717251997370e-12,8.22428050109267253e-12,2.31595332857269923e-12,4.22051103063434432e-12,19,2,1,5.76460752303767552e+17,19,2,1,5.76460752303767552e+17,16,5,2,3.32306998945331719e+35,5.34726381999999944e+02,0,8.22428050109267253e-12,nan,0.00000000000000000e+00
34,1,1.39399296008214571e-12,1.00000000000000000e+00,4.43597336579557930e-12,2,19,-4.43597336579557930e-12,-1.04078105758038990e-12,-5.40196824056166570e-13,-4.37852928896003893e-13,9.38911164016840620e-12,9.39501398223890901e-12,-4.95592218680640764e-12,-2.41546060759876043e-12,5.82996632587772501e-12,1.38250850059639855e-11,8.00102102215676249e-12,1.43509361690453167e-11,19,2,1,5.76460752303767552e+17,19,2,1,5.76460752303767552e+17,16,5,2,3.32306998945331719e+35,5.44957608000000050e+02,0,1.38250850059639855e-11,nan,0.00000000000000000e+00
34,2,1.03714418600480072e-12,1.00000000000000000e+00,9.59496421355158259e-12,2,19,3.12761077595475856e-12,-2.17874726734907595e-12,9.59496421355158259e-12,7.11660433198984971e-12,-5.82123206928611362e-12,-8.32846898416632539e-12,4.53355312546071576e-12,-3.86418988967313580e-12,8.55782002754678247e-12,1.09807942216629847e-11,9.36561317017112550e-12,1.28620221096270403e-11,19,2,1,5.76460752303767552e+17,19,2,1,5.76460752303767552e+17,16,5,2,3.32306998945331719e+35,5.39706218000000035e+02,0,1.09807942216629847e-11,nan,0.00000000000000000e+00
34,3,4.58112661618082665e-13,1.00000000000000000e+00,1.80078270722059046e-11,2,19,1.22619182487202156e-13,1.80078270722059046e-11,2.10673952573663876e-12,-3.39092434154746414e-13,6.30283578666015179e-12,-3.36401192254149100e-12,1.20952599571275709e-11,1.21721027761201784e-11,1.75497144105878214e-11,2.13718389947473948e-11,1.17139901145020953e-11,1.55361146986616686e-11,19,2,1,5.76460752303767552e+17,19,2,1,5.76460752303767552e+17,16,5,2,3.32306998945331719e+35,5.31133342999999968e+02,0,2.13718389947473948e-11,nan,0.00000000000000000e+00
35,0,-8.65046515433047693e-13,1.00000000000000000e+00,8.41046294641043416e-12,2,19,3.23153658757357407e-12,-3.82852046631292114e-13,-3.12179946102794403e-12,8.41046294641043416e-12,-1.00125705041649694e-11,-1.00823243589914305e-11,-6.77243728270873868e-12,5.69053680906838416e-12,9.27550946184348155e-12,1.32441070917385435e-11,9.21727784355838313e-12,1.57728611680598147e-11,19,2,1,5.76460752303767552e+17,19,2,1,5.76460752303767552e+17,16,5,2,3.32306998945331719e+35,5.51646646000000032e+02,0,1.32441070917385435e-11,nan,0.00000000000000000e+00
35,1,-5.39575702916421595e-13,1.00000000000000000e+00,5.74146275749258465e-12,2,19,-4.54040168066212205e-12,-4.17276471564862461e-12,5.74146275749258465e-12,-3.91741608081464414e-12,1.61679267385586154e-12,-3.24219875750518998e-12,2.84882546004685967e-12,-2.38912458879130411e-12,6.28103846040900654e-12,6.15719435451798339e-12,3.38840116296328117e-12,6.09102421755204965e-12,19,2,1,5.76460752303767552e+17,19,2,1,5.76460752303767552e+17,16,5,2,3.32306998945331719e+35,5.44501023000000032e+02,0,6.15719435451798339e-12,nan,0.00000000000000000e+00
35,2,-1.98152538824827261e-12,1.00000000000000000e+00,1.32414853160332035e-12,2,19,3.05076315043276896e-13,-1.32414853160332035e-12,-3.53104921618920244e-13,1.01790001172229345e-12,-2.98516134063303476e-12,-3.94072880295255054e-12,8.63055307988765633e-13,-2.13412165982818597e-12,2.99942539997056607e-12,3.29023765567631186e-12,2.84458069623703825e-12,4.80378411094131577e-12,19,2,1,5.76460752303767552e+17,19,2,1,5.76460752303767552e+17,16,5,2,3.32306998945331719e+35,5.43780456999999956e+02,0,3.29023765567631186e-12,nan,0.00000000000000000e+00
35,3,-3.49126901465761395e-12,1.00000000000000000e+00,1.01173240990724505e-11,2,19,-1.01173240990724505e-11,-4.58393026917755160e-12,4.73651071082076478e-12,-4.59332423535652510e-12,-1.38391022992936584e-11,-9.74996449526304113e-12,7.02649104664784015e-13,-2.09451617768377988e-12,8.22777972547837914e-12,5.16603422608548954e-12,1.03478332846360441e-11,1.45417514039584424e-11,19,2,1,5.76460752303767552e+17,19,2,1,5.76460752303767552e+17,16,5,2,3.32306998945331719e+35,5.43522359000000051e+02,0,5.16603422608548954e-12,nan,0.00000000000000000e+00
36,0,1.95085637768244813e-12,1.00000000000000000e+00,1.20071868069051329e-11,2,19,9.20802454346011618e-12,4.95741519216058855e-12,9.39527591342113750e-12,-1.20071868069051329e-11,-6.17108873248492773e-12,9.58011254986171010e-13,7.92713076701819259e-12,-1.21862914171371169e-12,1.39580431845875807e-11,1.53791132759450431e-11,8.12194511016737627e-12,1.40982194995031211e-11,19,2,1,5.76460752303767552e+17,19,2,1,5.76460752303767552e+17,16,5,2,3.32306998945331719e+35,6.06510744000000045e+02,0,1.53791132759450431e-11,nan,0.00000000000000000e+00
36,1,-6.42297848703143136e-13,1.00000000000000000e+00,1.30618860396608881e-11,2,19,3.67105462838890973e-12,-1.30618860396608881e-11,5.86122207783061683e-12,-7.65663500590055267e-12,-9.93890721053715101e-13,2.80353564088392267e-12,7.66019290415688384e-12,2.13042575576161772e-12,1.24195881909577452e-11,1.58654216805448116e-11,8.30249075286002677e-12,8.65408362521059975e-12,19,2,1,5.76460752303767552e+17,19,2,1,5.76460752303767552e+17,16,5,2,3.32306998945331719e+35,5.50118020000000001e+02,0,1.58654216805448116e-11,nan,0.00000000000000000e+00
36,2,-9.79917758989712304e-13,1.00000000000000000e+00,1.04262201422870389e-11,2,19,3.15252601598650188e-12,-3.18635057538511596e-12,-1.04262201422870389e-11,-5.90671008804491011e-12,7.51227164992172440e-12,-1.04842592415277451e-11,7.40497301013816451e-12,-1.16239570724319257e-11,9.44630238329732675e-12,1.78311931524252034e-11,1.06440393134422136e-11,1.91362287223536501e-11,19,2,1,5.76460752303767552e+17,19,2,1,5.76460752303767552e+17,16,5,2,3.32306998945331719e+35,5.35814073000000008e+02,0,1.78311931524252034e-11,nan,0.00000000000000000e+00
36,3,5.37745080388522183e-13,1.00000000000000000e+00,8.22882402146393775e-12,2,19,-8.22882402146393775e-12,-4.79746483900663315e-12,-4.67155284483860285e-13,6.15775906471743259e-13,-2.00950790024002389e-11,-3.18072867371360850e-12,1.70374370703888442e-12,1.11106562059855840e-11,8.76656910185246064e-12,1.18662549809363011e-11,2.06328240827887618e-11,3.12057352083858229e-11,19,2,1,5.76460752303767552e+17,19,2,1,5.76460752303767552e+17,16,5,2,3.32306998945331719e+35,5.34747451999999953e+02,0,1.18662549809363011e-11,nan,0.00000000000000000e+00
37,0,-2.41368176044426198e-12,1.00000000000000000e+00,7.83682986598338253e-12,2,19,-6.75207766281402764e-12,-4.48914569071078843e-12,3.49855327587053665e-12,-7.83682986598338253e-12,1.05402781514477088e-11,8.68343107715754240e-12,7.57432122517237212e-12,1.07440217892823645e-11,5.91223503631479904e-12,1.85808516552657487e-11,1.31577035497266269e-11,3.16970056410999239e-12,19,2,1,5.76460752303767552e+17,19,2,1,5.76460752303767552e+17,16,5,2,3.32306998945331719e+35,5.34953362999999968e+02,0,1.85808516552657487e-11,nan,0.00000000000000000e+00
37,1,3.33843431089497457e-13,1.00000000000000000e+00,1.01281412747837056e-11,2,19,-4.44735269326312118e-12,-1.04881519826820775e-12,-1.01281412747837056e-11,-9.56774094495416467e-12,1.49298948988981610e-11,-3.56910685544952416e-12,-7.45643139598873056e-12,1.49000352871884806e-12,1.04619847058732026e-11,1.93772475921612838e-11,1.45960514678086624e-11,2.23863262948868916e-11,19,2,1,5.76460752303767552e+17,19,2,1,5.76460752303767552e+17,16,5,2,3.32306998945331719e+35,5.54961425999999960e+02,0,1.93772475921612838e-11,nan,0.00000000000000000e+00
37,2,-1.05317304478580783e-12,1.00000000000000000e+00,1.09554843454517161e-11,2,19,1.09554843454517161e-11,-5.98821723688096005e-12,4.68658646658570405e-12,2.60988499854422214e-12,-1.97928960710509032e-11,-9.33033999330735679e-12,6.61392443461543813e-12,1.87089049577048049e-11,1.20086573902375235e-11,3.07483804165026209e-11,1.97620780024906140e-11,3.85018010287557081e-11,19,2,1,5.76460752303767552e+17,19,2,1,5.76460752303767552e+17,16,5,2,3.32306998945331719e+35,5.60991959999999949e+02,0,3.07483804165026209e-11,nan,0.00000000000000000e+00
37,3,-2.72290127238998402e-13,1.00000000000000000e+00,1.77172429944672307e-11,2,19,-2.25320370625332049e-12,-1.63466491746193846e-12,1.77172429944672307e-11,5.47726802336960259e-12,-1.51429435558514661e-11,-1.03322143503465678e-12,-4.71351066448360431e-12,1.07500554859288643e-11,1.79895331217062300e-11,2.24307536589508350e-11,1.48706534286124668e-11,2.58929990417803304e-11,19,2,1,5.76460752303767552e+17,19,2,1,5.76460752303767552e+17,16,5,2,3.32306998945331719e+35,5.37061756999999943e+02,0,2.24307536589508350e-11,nan,0.00000000000000000e+00
38,0,4.49639074413588845e-12,1.00000000000000000e+00,7.78256472594023396e-12,2,19,5.01071280573659626e-13,3.17867530364380194e-13,7.78256472594023396e-12,-1.42545950946255481e-12,-1.22868012269287925e-11,-3.05773191793358937e-11,7.10694455671011559e-12,-4.14625088601032783e-12,5.92185025359844327e-12,3.08951867097002710e-11,3.50737099234717805e-11,3.76842637360460061e-11,19,2,1,5.76460752303767552e+17,19,2,1,5.76460752303767552e+17,16,5,2,3.32306998945331719e+35,5.44809689000000049e+02,0,3.08951867097002710e-11,nan,0.00000000000000000e+00
38,1,3.36403996242529066e-12,1.00000000000000000e+00,1.46477154874398977e-11,2,19,1.22774444466709308e-11,1.46477154874398977e-11,1.45099257882068934e-11,2.82955555702758852e-12,-1.11206988176352473e-11,1.12475472198497684e-11,-1.07760951358039006e-11,3.77271414255802482e-12,1.12836755250146066e-11,2.52860209240107956e-11,1.44847387800605383e-11,2.23682460374850157e-11,19,2,1,5.76460752303767552e+17,19,2,1,5.76460752303767552e+17,16,5,2,3.32306998945331719e+35,5.39428707000000031e+02,0,2.52860209240107956e-11,nan,0.00000000000000000e+00
38,2,4.22245294309095791e-12,1.00000000000000000e+00,1.15129542865137767e-11,2,19,1.15129542865137767e-11,4.16631093286594719e-12,-1.08187947003030778e-11,-1.20626158816557369e-12,2.10875722772086305e-11,1.65774870733893859e-11,-6.18955098841859516e-12,9.21780169633446456e-12,1.50412476433940341e-11,1.24111761405234387e-11,1.68651193341176710e-11,2.72771232656272256e-11,19,2,1,5.76460752303767552e+17,19,2,1,5.76460752303767552e+17,16,5,2,3.32306998945331719e+35,5.43333752000000004e+02,0,1.24111761405234387e-11,nan,0.00000000000000000e+00
38,3,3.93763879265734740e-12,1.00000000000000000e+00,6.98140659238480634e-12,2,19,4.68947806862623858e-12,6.98140659238480634e-12,5.03175645765463844e-12,5.63759825562467704e-12,5.81582323091512736e-13,1.57064313085447027e-11,1.97660207882302509e-12,9.97547134210474409e-12,3.04376779972745894e-12,8.72502471615989637e-12,1.17687925158873553e-11,1.51248489854531916e-11,19,2,1,5.76460752303767552e+17,19,2,1,5.76460752303767552e+17,16,5,2,3.32306998945331719e+35,5.42728105000000028e+02,0,8.72502471615989637e-12,nan,0.00000000000000000e+00
39,0,3.94113892861958049e-12,1.00000000000000000e+00,2.68031962578631294e-11,2,19,-1.79731679144674764e-11,-2.68031962578631294e-11,8.71228851096458696e-12,1.42998344001537778e-11,1.37567065885196458e-12,7.59072752113113137e-12,-1.82099339829497283e-11,-4.89955846725825196e-12,3.07443351864827091e-11,3.43939237789942592e-11,2.21510729115693080e-11,2.58006615040808581e-11,19,2,1,5.76460752303767552e+17,19,2,1,5.76460752303767552e+17,16,5,2,3.32306998945331719e+35,5.32331103999999982e+02,0,3.43939237789942592e-11,nan,0.00000000000000000e+00
39,1,5.47488916461698564e-12,1.00000000000000000e+00,2.23950836087258641e-11,2,19,-8.94655420551805733e-12,2.23950836087258641e-11,5.50812390306683108e-12,9.57077868794400998e-12,3.35331375371665348e-13,8.80931848586908034e-12,-1.01856093635404000e-11,1.11932478016036121e-11,1.69201944441088768e-11,1.56937332666072319e-11,1.56604985281573841e-11,2.13788571651440122e-11,19,2,1,5.76460752303767552e+17,19,2,1,5.76460752303767552e+17,16,5,2,3.32306998945331719e+35,5.49958560000000034e+02,0,1.56937332666072319e-11,nan,0.00000000000000000e+00
39,2,4.91863457875370627e-12,1.00000000000000000e+00,1.54863268537302910e-11,2,19,-9.75169871153129416e-13,1.17584824921085140e-11,1.56334967675648714e-12,1.54863268537302910e-11,-8.33684248188312423e-12,5.12573266403186512e-12,1.49563083722851076e-11,6.08372130583529655e-12,1.05676922749765856e-11,1.33929586955286206e-11,1.32554770606368313e-11,2.32931508541682334e-11,19,2,1,5.76460752303767552e+17,19,2,1,5.76460752303767552e+17,16,5,2,3.32306998945331719e+35,5.66734992000000034e+02,0,1.33929586955286206e-11,nan,0.00000000000000000e+00
39,3,1.19609865782229170e-11,1.00000000000000000e+00,1.65245336456828246e-11,2,19,5.24892257669944144e-12,1.65245336456828246e-11,-7.86953684500988292e-12,1.25627419941683244e-11,1.28510739349459049e-12,3.22655639689967540e-11,1.91202509875417589e-11,5.05210726421510326e-13,1.98305234232327983e-11,2.69897878325516402e-11,2.03045773907738371e-11,3.17603532425752437e-11,19,2,1,5.76460752303767552e+17,19,2,1,5.76460752303767552e+17,16,5,2,3.32306998945331719e+35,6.35684715999999980e+02,0,2.69897878325516402e-11,nan,0.00000000000000000e+00
40,0,6.86320232159072644e-12,1.00000000000000000e+00,1.47885081255022106e-11,2,19,1.47885081255022106e-11,5.21115815239696295e-12,1.11614225673171963e-11,1.29866412597252998e-11,2.78944845655336367e-11,6.94936148225142374e-12,-9.21496306716959278e-12,4.09154358997723359e-11,7.92530580391148497e-12,2.79287946400470345e-11,3.40522335781816103e-11,5.01303989669419303e-11,19,2,1,5.76460752303767552e+17,19,2,1,5.76460752303767552e+17,16,5,2,3.32306998945331719e+35,5.37107425000000035e+02,0,2.79287946400470345e-11,nan,0.00000000000000000e+00
40,1,1.42877156867562111e-11,1.00000000000000000e+00,1.61591630778786933e-11,2,19,4.48569652402967127e-12,1.14341219723428940e-11,-3.20579984468282874e-12,1.61591630778786933e-11,7.04317387297172081e-12,5.42414551564180231e-12,1.91647256837820312e-11,2.26365211590993248e-11,1.74935155314390407e-11,2.23705255284648607e-11,8.86357017111440880e-12,1.72123756434575225e-11,19,2,1,5.76460752303767552e+17,19,2,1,5.76460752303767552e+17,16,5,2,3.32306998945331719e+35,5.45401730000000043e+02,0,2.23705255284648607e-11,nan,0.00000000000000000e+00
40,2,1.31364094462921995e-11,1.00000000000000000e+00,3.48163156398721233e-11,2,19,1.09156464933732172e-11,3.48163156398721233e-11,1.02969348583243408e-11,1.44754835329048280e-11,2.61466188462352390e-11,4.17119488332225052e-12,3.70603200781436521e-11,-7.10858666101412492e-12,2.16799061935799222e-11,3.06451207565498760e-11,2.39239106318514509e-11,4.41689067391577802e-11,19,2,1,5.76460752303767552e+17,19,2,1,5.76460752303767552e+17,16,5,2,3.32306998945331719e+35,5.33960793999999964e+02,0,3.06451207565498760e-11,nan,0.00000000000000000e+00
40,3,9.13156830141822768e-12,1.00000000000000000e+00,4.56655505409862267e-11,2,19,6.50633246517375068e-12,4.56655505409862267e-11,-6.81645397979543377e-12,1.46415589566546558e-11,-4.95497112230482674e-12,9.14458540708661553e-13,2.89936405703208594e-12,2.49377272204900488e-11,3.65339822395679974e-11,4.47510920002775684e-11,1.58061589190718227e-11,2.98926983427948771e-11,19,2,1,5.76460752303767552e+17,19,2,1,5.76460752303767552e+17,16,5,2,3.32306998945331719e+35,5.40299353999999994e+02,0,4.47510920002775684e-11,nan,0.00000000000000000e+00
41,0,-9.29446693648238158e-13,1.00000000000000000e+00,8.31391879397732249e-12,2,19,-8.31391879397732249e-12,5.71702627359709744e-12,4.31978650806779595e-12,-1.15931449989084004e-12,-4.13768785795207041e-12,-1.30264578942768373e-12,8.12613683869594659e-12,-1.09909732352395406e-13,7.38447210032908494e-12,7.01967206302478117e-12,9.05558353234418415e-12,1.22638246966480178e-11,19,2,1,5.76460752303767552e+17,19,2,1,5.76460752303767552e+17,16,5,2,3.32306998945331719e+35,5.46339253999999983e+02,0,7.01967206302478117e-12,nan,0.00000000000000000e+00
41,1,-8.34590160611793416e-13,1.00000000000000000e+00,4.62467457596155665e-11,2,19,2.63688513089116572e-11,-4.29265902632262772e-12,-9.86378621050462524e-12,-4.62467457596155665e-11,1.00054603678185345e-11,-2.10374512055885014e-11,-4.24793562768051156e-12,1.45371859905264877e-12,4.54121555990037758e-11,4.77004643586682120e-11,2.02028610449767074e-11,3.10429115734070391e-11,19,2,1,5.76460752303767552e+17,19,2,1,5.76460752303767552e+17,16,5,2,3.32306998945331719e+35,5.34925491999999963e+02,0,4.77004643586682120e-11,nan,0.00000000000000000e+00
41,2,-4.22119018926582646e-12,1.00000000000000000e+00,3.74114728220680158e-11,2,19,-8.75846891444012801e-12,1.39287855591575864e-11,2.13939224357915873e-11,3.74114728220680158e-11,-1.14261485383343018e-11,-2.51624157695680823e-11,-1.74020920437440268e-11,2.59980366137933060e-11,4.16326630113338431e-11,3.90912013287256655e-11,3.02192268030591333e-11,5.11604523833613883e-11,19,2,1,5.76460752303767552e+17,19,2,1,5.76460752303767552e+17,16,5,2,3.32306998945331719e+35,5.28567404000000010e+02,0,3.90912013287256655e-11,nan,0.00000000000000000e+00
41,3,-2.25960280441028488e-12,1.00000000000000000e+00,1.64106594440107365e-11,2,19,-1.57824282314498290e-11,-7.34306998588274005e-12,-1.64106594440107365e-11,-1.06908570623630958e-11,-1.39959457496447234e-11,-5.26744864235886796e-12,-2.72933355188159290e-11,-2.36026653614752216e-11,1.41510566396004513e-11,1.29118082991121257e-11,2.50337327144056437e-11,2.20258868764570611e-11,19,2,1,5.76460752303767552e+17,19,2,1,5.76460752303767552e+17,16,5,2,3.32306998945331719e+35,5.39649081000000024e+02,0,1.29118082991121257e-11,nan,0.00000000000000000e+00
42,0,-6.59993711300949297e-12,1.00000000000000000e+00,4.07138815190076951e-11,2,19,1.88291448649483592e-11,-2.83310651334410558e-11,-3.09614015473341183e-11,4.07138815190076951e-11,-3.62927055837461589e-12,7.36199418871359251e-12,1.78728215607352734e-11,2.15717022524287977e-11,4.73138186320171856e-11,4.88342231080693917e-11,2.81716393654382915e-11,2.52009728108034120e-11,19,2,1,5.76460752303767552e+17,19,2,1,5.76460752303767552e+17,16,5,2,3.32306998945331719e+35,5.31288199999999961e+02,0,4.88342231080693917e-11,nan,0.00000000000000000e+00
42,1,8.65987089312847216e-12,1.00000000000000000e+00,2.89241808690154510e-11,2,19,-1.33596043380438109e-11,2.89241808690154510e-11,3.01596814472583852e-12,1.77356856803619914e-12,-1.90821068116633387e-11,2.46838400279990095e-11,2.17858777283802873e-11,9.17381114143224610e-12,2.20194752311722814e-11,1.87699095836544487e-11,2.77419777047918124e-11,4.37659468396623482e-11,19,2,1,5.76460752303767552e+17,19,2,1,5.76460752303767552e+17,16,5,2,3.32306998945331719e+35,5.43635125000000016e+02,0,1.87699095836544487e-11,nan,0.00000000000000000e+00
42,2,4.18634565037788113e-12,1.00000000000000000e+00,2.06570012419127412e-11,2,19,-1.52458528756630856e-11,-1.84209911399946670e-11,-2.06570012419127412e-11,2.79335695431581483e-12,-4.03514261074976822e-12,-6.87833283470279895e-12,3.64022261703870608e-11,2.62572118032786931e-11,2.48433468922906232e-11,5.70592274122998020e-11,3.22158805200091789e-11,4.32805590050898597e-11,19,2,1,5.76460752303767552e+17,19,2,1,5.76460752303767552e+17,16,5,2,3.32306998945331719e+35,5.42483302999999978e+02,0,5.70592274122998020e-11,nan,0.00000000000000000e+00
42,3,9.04806833353823187e-12,1.00000000000000000e+00,3.38384707975232651e-11,2,19,1.38728164813759916e-11,-1.75110726449261742e-11,-1.37458567239436171e-11,-3.38384707975232651e-11,-2.08054576481148137e-11,2.15150645883043653e-11,-7.17556863681120039e-14,-1.63380778677741070e-11,4.28865391310615002e-11,3.90261372332305396e-11,2.98535259816530424e-11,4.23205222364191790e-11,19,2,1,5.76460752303767552e+17,19,2,1,5.76460752303767552e+17,16,5,2,3.32306998945331719e+35,5.38211968999999954e+02,0,3.90261372332305396e-11,nan,0.00000000000000000e+00
43,0,-3.42134913397709034e-12,1.00000000000000000e+00,3.74787396409123843e-11,2,19,-1.59948007621159488e-11,3.47600419782928450e-11,3.74787396409123843e-11,2.30696248913686813e-11,-2.37076641450360976e-11,1.61841718821479952e-11,1.80060885941355141e-11,1.82418653868706152e-11,4.09000887748894738e-11,1.94726510467768702e-11,2.16632145208477047e-11,4.19495295319067128e-11,19,2,1,5.76460752303767552e+17,19,2,1,5.76460752303767552e+17,16,5,2,3.32306998945331719e+35,5.40025702000000024e+02,0,1.94726510467768702e-11,nan,0.00000000000000000e+00
43,1,-1.40390902942518273e-11,1.00000000000000000e+00,2.92484877390678940e-11,2,19,2.65657434243564723e-11,-1.23341700294016641e-11,-1.85897102981605843e-11,-2.92484877390678940e-11,2.69624209064390177e-11,3.45088136677024510e-11,-3.97365284949088383e-11,1.87731211302846256e-11,4.06048337186082963e-11,4.80216088693525196e-11,4.85479039619542751e-11,7.42453421626112893e-11,19,2,1,5.76460752303767552e+17,19,2,1,5.76460752303767552e+17,16,5,2,3.32306998945331719e+35,5.31083823000000052e+02,0,4.80216088693525196e-11,nan,0.00000000000000000e+00
43,2,-1.48826141699141629e-11,1.00000000000000000e+00,3.43321755193367991e-11,2,19,2.88239203890010425e-11,8.98427731338517153e-12,2.69837843196456660e-11,-3.43321755193367991e-11,5.41399390761788143e-11,-3.71656503133813644e-11,5.42134492567687852e-12,3.38957362140715908e-11,4.37065345589152054e-11,6.82279117334083899e-11,6.90225532460929837e-11,9.13055893895601787e-11,19,2,1,5.76460752303767552e+17,19,2,1,5.76460752303767552e+17,16,5,2,3.32306998945331719e+35,5.37601041000000009e+02,0,6.82279117334083899e-11,nan,0.00000000000000000e+00
43,3,-2.08877367433953107e-11,1.00000000000000000e+00,5.16604082103289160e-11,2,19,-7.26221793409753851e-12,1.87045449044227673e-11,-5.16604082103289160e-11,-8.41982047317983655e-12,-1.26694411301235644e-11,-4.71372831861029734e-12,-1.92938572333920752e-11,8.20154945060037723e-12,3.95922816478180780e-11,3.23665509769368408e-11,2.90892861939956880e-11,2.74954066839924525e-11,19,2,1,5.76460752303767552e+17,19,2,1,5.76460752303767552e+17,16,5,2,3.32306998945331719e+35,5.39177959999999985e+02,0,3.23665509769368408e-11,nan,0.00000000000000000e+00
44,0,-9.01270391647005940e-12,1.00000000000000000e+00,4.34144949542446195e-11,2,19,1.24350486268219752e-11,4.34144949542446195e-11,2.15547698419032053e-11,-1.17568705377777809e-11,-4.13655757158450811e-11,-2.42612944695218482e-11,-7.87000114309383357e-12,1.33520312509340880e-11,5.24271988707146805e-11,6.76757894237664742e-11,3.23528717993750201e-11,5.47176069667791675e-11,19,2,1,5.76460752303767552e+17,19,2,1,5.76460752303767552e+17,16,5,2,3.32306998945331719e+35,5.34468311999999969e+02,0,6.76757894237664742e-11,nan,0.00000000000000000e+00
44,1,-1.56669281956202046e-11,1.00000000000000000e+00,4.67919734949172589e-11,2,19,-1.07671474360679536e-11,4.67919734949172589e-11,-1.37335878823316748e-11,-2.23462959925012393e-11,-2.46917763281702775e-11,-3.63427422210137289e-11,7.88907251931857769e-12,-2.42125465963883448e-11,6.24589016905374602e-11,8.31347157159309878e-11,2.35560007149387807e-11,4.42318147403323083e-11,19,2,1,5.76460752303767552e+17,19,2,1,5.76460752303767552e+17,16,5,2,3.32306998945331719e+35,5.43235232999999994e+02,0,8.31347157159309878e-11,nan,0.00000000000000000e+00
44,2,-4.24097453921419979e-12,1.00000000000000000e+00,6.03888509392371088e-11,2,19,-4.65312085410644279e-11,6.03888509392371088e-11,7.65852308816863187e-12,2.35649951220784573e-12,-6.42697070706764605e-12,-3.77489524849660296e-13,1.65463341822160763e-11,-9.59579759582533112e-12,6.46298254784513054e-11,6.07663404640867691e-11,2.07873087214302761e-11,2.61421317780414074e-11,19,2,1,5.76460752303767552e+17,19,2,1,5.76460752303767552e+17,16,5,2,3.32306998945331719e+35,5.36002177999999958e+02,0,6.07663404640867691e-11,nan,0.00000000000000000e+00
44,3,-9.38853218581864942e-12,1.00000000000000000e+00,6.75247715812330731e-11,2,19,-6.75247715812330731e-11,2.57938188518348593e-11,4.63893884468858411e-11,-5.08678014494826860e-11,4.90568162429282185e-12,2.95250871807752641e-11,3.10935672527826764e-11,-4.51254537061305516e-11,5.81362393954144204e-11,7.24304532055258949e-11,4.04820994386013290e-11,7.62190209589132344e-11,19,2,1,5.76460752303767552e+17,19,2,1,5.76460752303767552e+17,16,5,2,3.32306998945331719e+35,5.42600433999999950e+02,0,7.24304532055258949e-11,nan,0.00000000000000000e+00
45,0,-1.30844017891560076e-11,1.00000000000000000e+00,7.63062850473077391e-11,2,19,-2.35918834644233894e-11,7.63062850473077391e-11,1.45305326756136212e-11,6.02682064914168615e-11,5.19340719821953834e-11,4.54361387676063091e-11,-5.02939043009941516e-11,6.37707540561471836e-11,8.93906868364637467e-11,7.55259554466187696e-11,7.68551558453031912e-11,1.14064658357141335e-10,19,2,1,5.76460752303767552e+17,19,2,1,5.76460752303767552e+17,16,5,2,3.32306998945331719e+35,5.35024486000000024e+02,0,7.55259554466187696e-11,nan,0.00000000000000000e+00
45,1,-5.01244412615512496e-12,1.00000000000000000e+00,6.77280841919554560e-11,2,19,-2.48553372514353848e-11,-5.86617122143429569e-11,6.77280841919554560e-11,1.86947147007283583e-12,6.07227146630351254e-11,-4.94818017111208323e-11,3.51459139702502905e-11,2.48101575310521340e-11,7.27405283181105866e-11,8.55780519144705102e-11,6.57351587891902560e-11,1.10204516374155958e-10,19,2,1,5.76460752303767552e+17,19,2,1,5.76460752303767552e+17,16,5,2,3.32306998945331719e+35,5.36046580999999946e+02,0,8.55780519144705102e-11,nan,0.00000000000000000e+00
45,2,-3.97752589479959422e-12,1.00000000000000000e+00,5.99663197867786577e-11,2,19,-2.31884909626829043e-12,-2.76867336983394010e-11,2.46330540103241949e-11,-5.99663197867786577e-11,3.50899402312800703e-11,-3.28217088782576195e-11,-6.79490811437619496e-11,1.62757666509940529e-11,5.59887938919790659e-11,9.25821351540861478e-11,6.39715552489623514e-11,1.03039021375042020e-10,19,2,1,5.76460752303767552e+17,19,2,1,5.76460752303767552e+17,16,5,2,3.32306998945331719e+35,5.41549873000000048e+02,0,9.25821351540861478e-11,nan,0.00000000000000000e+00
45,3,-1.87553663242440884e-12,1.00000000000000000e+00,3.47312085737163221e-11,2,19,-3.31258614950266267e-11,3.33171081870216127e-11,2.99704941107744138e-11,-3.47312085737163221e-11,-2.52021185662627917e-11,-3.33333083038761131e-11,1.63054897783738513e-11,4.94576192161744233e-11,3.51926448194460195e-11,8.41888277898907390e-11,5.13331558485988301e-11,8.27909275200505364e-11,19,2,1,5.76460752303767552e+17,19,2,1,5.76460752303767552e+17,16,5,2,3.32306998945331719e+35,5.43073220999999990e+02,0,8.41888277898907390e-11,nan,0.00000000000000000e+00
46,0,-4.84905376877079077e-12,1.00000000000000000e+00,1.30704366853707647e-10,2,19,8.99414951777521879e-11,1.30704366853707647e-10,-3.88585779398292491e-11,6.31758962990125868e-11,-1.55317569232149304e-11,-2.63914362609454339e-11,1.44675162661746562e-11,1.20846225565740419e-11,1.35553420622478430e-10,1.57095803114653068e-10,2.15423824921746448e-11,4.08589525271200869e-11,19,2,1,5.76460752303767552e+17,19,2,1,5.76460752303767552e+17,16,5,2,3.32306998945331719e+35,5.30882540999999947e+02,0,1.57095803114653068e-10,nan,0.00000000000000000e+00
46,1,1.15225198285405697e-11,1.00000000000000000e+00,7.77071492961893354e-11,2,19,-5.46074046406270666e-11,-7.77071492961893354e-11,4.31485771743527807e-11,-1.65191472660436740e-11,4.23697648233557077e-11,7.01756135497283808e-11,9.24088077261734945e-11,-4.66224009898644908e-11,8.92296691247299002e-11,1.47882762845917716e-10,8.08862878976329296e-11,1.39031208716037998e-10,19,2,1,5.76460752303767552e+17,19,2,1,5.76460752303767552e+17,16,5,2,3.32306998945331719e+35,5.38115160999999944e+02,0,1.47882762845917716e-10,nan,0.00000000000000000e+00
46,2,1.98127837050618308e-12,1.00000000000000000e+00,7.18657176388899638e-11,2,19,-3.32479280600614301e-11,7.18657176388899638e-11,-3.47324059025646431e-11,-6.95263158037769880e-12,-1.62228790129083516e-11,4.45454569365201340e-12,3.37270472286502707e-11,1.29528535914998926e-11,6.98844392683837828e-11,6.84594531312149138e-11,3.17457688581440896e-11,4.99499262415586223e-11,19,2,1,5.76460752303767552e+17,19,2,1,5.76460752303767552e+17,16,5,2,3.32306998945331719e+35,5.42116802000000007e+02,0,6.84594531312149138e-11,nan,0.00000000000000000e+00
46,3,5.22304629738552516e-12,1.00000000000000000e+00,3.95200255000349110e-11,2,19,-3.95200255000349110e-11,1.71636422583025760e-11,-5.73904722482894757e-13,-2.00947857283383372e-12,9.00074610247087985e-11,-2.51125077394966669e-11,8.09442075337704461e-12,9.92500019952239182e-11,4.47430717974204386e-11,1.29527486524743710e-10,9.40269556978383906e-11,1.24362509734720579e-10,19,2,1,5.76460752303767552e+17,19,2,1,5.76460752303767552e+17,16,5,2,3.32306998945331719e+35,5.38613305999999966e+02,0,1.29527486524743710e-10,nan,0.00000000000000000e+00
47,0,-9.87325612492447338e-12,1.00000000000000000e+00,5.61242498916792707e-11,2,19,-5.61242498916792707e-11,3.23015873434565308e-11,5.16694312616874164e-11,4.30855342561622198e-11,2.01909352385646340e-11,-4.66167678427769263e-12,3.86152427556948543e-11,9.94312568255094628e-11,6.15426873866118963e-11,7.63151851302439112e-11,1.09304512950433930e-10,1.04092933609787162e-10,19,2,1,5.76460752303767552e+17,19,2,1,5.76460752303767552e+17,16,5,2,3.32306998945331719e+35,5.24475521999999955e+02,0,7.63151851302439112e-11,nan,0.00000000000000000e+00
47,1,1.20032267106240514e-11,1.00000000000000000e+00,9.16863410665334161e-11,2,19,-4.41565850845747187e-11,1.57777766892647163e-11,9.16863410665334161e-11,-5.51489152405694792e-11,-8.97208011188306941e-12,8.60578698167772094e-12,-1.46550949290319004e-11,-2.04908971304848087e-12,7.96831143559093648e-11,1.06341435995565323e-10,2.66583216396559517e-11,2.32608819107096213e-11,19,2,1,5.76460752303767552e+17,19,2,1,5.76460752303767552e+17,16,5,2,3.32306998945331719e+35,5.28558189999999968e+02,0,1.06341435995565323e-10,nan,0.00000000000000000e+00
47,2,7.72357053541930177e-12,1.00000000000000000e+00,8.10852251253617076e-11,2,19,-4.93167124154973834e-11,-6.07070068821782310e-12,8.10852251253617076e-11,-9.55324681238507207e-12,5.26472490955762887e-11,-9.45323839608549912e-12,-1.88657636167075643e-11,4.44412224002522967e-12,7.33616545899423993e-11,1.01963961511073679e-10,4.49236785601569869e-11,7.15130127122838562e-11,19,2,1,5.76460752303767552e+17,19,2,1,5.76460752303767552e+17,16,5,2,3.32306998945331719e+35,5.48347937000000002e+02,0,1.01963961511073679e-10,nan,0.00000000000000000e+00
47,3,1.45301511603336351e-11,1.00000000000000000e+00,7.60787317815822117e-11,2,19,7.60787317815822117e-11,-4.70268325207978814e-11,-2.86415180892160640e-11,-6.63443211815115056e-11,6.30572428129195769e-11,-2.91218045538315410e-11,-6.57104060293352627e-11,1.98469386527514449e-11,8.08744723418451423e-11,8.61912598342629570e-11,8.02405571896688994e-11,1.28767648842254840e-10,19,2,1,5.76460752303767552e+17,19,2,1,5.76460752303767552e+17,16,5,2,3.32306998945331719e+35,5.30018878999999970e+02,0,8.61912598342629570e-11,nan,0.00000000000000000e+00
48,0,-3.74149637865764736e-12,1.00000000000000000e+00,1.15402518506082531e-10,2,19,5.33464480157987813e-11,-1.04423093199235920e-11,7.64624880389323429e-11,1.15402518506082531e-10,-1.40173099660565426e-10,3.91267373016891143e-11,8.35955059979714991e-11,-7.46026216269482074e-11,1.19144014884740175e-10,1.93519547676364207e-10,1.36431603281907769e-10,2.23768605658536925e-10,19,2,1,5.76460752303767552e+17,19,2,1,5.76460752303767552e+17,16,5,2,3.32306998945331719e+35,5.33658102999999983e+02,0,1.93519547676364207e-10,nan,0.00000000000000000e+00
48,1,1.30776101799634498e-11,1.00000000000000000e+00,8.75804840588823005e-11,2,19,7.84041459293893016e-12,8.75804840588823005e-11,3.90346750548770010e-11,4.69685035582354854e-11,2.01072990082895198e-11,3.54302332873271888e-11,7.88554836196923302e-11,1.02744019241185212e-10,7.45028738789188459e-11,5.57755156829497265e-11,8.96664090612217572e-11,8.26367202328956920e-11,19,2,1,5.76460752303767552e+17,19,2,1,5.76460752303767552e+17,16,5,2,3.32306998945331719e+35,5.38199278000000049e+02,0,5.57755156829497265e-11,nan,0.00000000000000000e+00
48,2,9.42903080445027806e-12,1.00000000000000000e+00,9.80927296317333039e-11,2,19,9.31172094559094434e-12,2.81068571218979447e-11,-1.97031245602566805e-11,-9.80927296317333039e-11,1.43993175988348356e-11,5.37756660459519507e-11,5.93358365719373349e-11,-8.13063529809859059e-11,1.07521760436183584e-10,7.90389611321940154e-11,9.07353837854361856e-11,1.40642189552923228e-10,19,2,1,5.76460752303767552e+17,19,2,1,5.76460752303767552e+17,16,5,2,3.32306998945331719e+35,5.33653083000000038e+02,0,7.90389611321940154e-11,nan,0.00000000000000000e+00
48,3,7.90525505667664582e-12,1.00000000000000000e+00,9.10204831559578739e-11,2,19,2.44627268993974693e-11,-4.72005829114476753e-11,9.10204831559578739e-11,5.04679723429496509e-11,-1.50756071575069189e-10,1.19142241847865262e-12,1.36652482313581055e-10,-2.31802155514105055e-11,8.31152280992812329e-11,1.75218798474466645e-10,1.58661326631745830e-10,2.87408553888650243e-10,19,2,1,5.76460752303767552e+17,19,2,1,5.76460752303767552e+17,16,5,2,3.32306998945331719e+35,5.46707233999999971e+02,0,1.75218798474466645e-10,nan,0.00000000000000000e+00
49,0,2.31680141424766937e-11,1.00000000000000000e+00,1.40036991844652855e-10,2,19,1.40036991844652855e-10,4.80774368765737416e-11,-1.08615030022320482e-10,1.11716939173549963e-10,1.24854680200539420e-10,5.50655271516172107e-11,1.07281579365580657e-11,5.42842391620018269e-11,1.31783044164797186e-10,1.19343187958878555e-10,1.01686666058062729e-10,1.14126522263981348e-10,19,2,1,5.76460752303767552e+17,19,2,1,5.76460752303767552e+17,16,5,2,3.32306998945331719e+35,5.24772847999999954e+02,0,1.19343187958878555e-10,nan,0.00000000000000000e+00
49,1,3.42539904392630852e-11,1.00000000000000000e+00,6.51795524055159520e-11,2,19,7.49873628986407521e-12,2.37569641489168338e-11,-2.18026816194287361e-11,6.51795524055159520e-11,6.22400182004369846e-11,-2.90829901903866285e-11,-7.31112916572464585e-11,1.68241544552697469e-10,5.60566720586918213e-11,1.03061992147181517e-10,1.33987554113434370e-10,2.41352836209943927e-10,19,2,1,5.76460752303767552e+17,19,2,1,5.76460752303767552e+17,16,5,2,3.32306998945331719e+35,5.28869009000000005e+02,0,1.03061992147181517e-10,nan,0.00000000000000000e+00
49,2,3.25798851157216472e-11,1.00000000000000000e+00,1.04570579314768924e-10,2,19,-1.20244044460261069e-11,1.04570579314768924e-10,5.43836748830825238e-11,-4.22734723879955811e-11,9.24227872899840632e-11,1.25217450269905179e-10,8.23998227869984226e-11,1.61818129712781704e-10,7.48533575037172283e-11,2.04091602100777272e-10,1.29238244597060057e-10,7.94183069257832816e-11,19,2,1,5.76460752303767552e+17,19,2,1,5.76460752303767552e+17,16,5,2,3.32306998945331719e+35,5.29368997000000036e+02,0,2.04091602100777272e-10,nan,0.00000000000000000e+00
49,3,4.68830365812979106e-11,1.00000000000000000e+00,1.62657482542116096e-10,2,19,9.03678019889519866e-11,4.01345373485530915e-11,1.62657482542116096e-10,6.68443624724445781e-12,5.02072323152895309e-11,1.37490882285680512e-10,-7.24736787064858621e-11,-3.11569939084945168e-11,1.15774445960818185e-10,2.35131161248601932e-10,1.19356715287783773e-10,2.09964560992166374e-10,19,2,1,5.76460752303767552e+17,19,2,1,5.76460752303767552e+17,16,5,2,3.32306998945331719e+35,5.30229426999999987e+02,0,2.35131161248601932e-10,nan,0.00000000000000000e+00
50,0,-1.59366646075835166e-11,1.00000000000000000e+00,1.50202661498238116e-10,2,19,1.50202661498238116e-10,1.26136801732659380e-10,1.73553720691774468e-12,-3.74371607141051626e-11,4.72526518869209959e-11,1.93169028117731839e-10,3.81891463602212828e-11,1.05735181881385466e-10,1.66139326105821622e-10,1.43172342595490635e-10,2.09105692725315346e-10,1.54979881757510543e-10,19,2,1,5.76460752303767552e+17,19,2,1,5.76460752303767552e+17,16,5,2,3.32306998945331719e+35,5.93870265000000018e+02,0,1.43172342595490635e-10,nan,0.00000000000000000e+00
50,1,2.87785232024198428e-11,1.00000000000000000e+00,1.03627835005379006e-10,2,19,1.03627835005379006e-10,8.18416169627623401e-11,3.78851884920898552e-11,-1.42036426027287551e-11,-6.96682516153480025e-11,-1.72281274594470599e-11,7.46266766206853243e-11,1.25280954579707561e-11,7.48493118029591632e-11,1.73296086620727021e-10,9.84467748177678453e-11,1.44294928236033327e-10,19,2,1,5.76460752303767552e+17,19,2,1,5.76460752303767552e+17,16,5,2,3.32306998945331719e+35,5.39683460999999966e+02,0,1.73296086620727021e-10,nan,0.00000000000000000e+00
50,2,2.41095180357639496e-11,1.00000000000000000e+00,2.34732620527624818e-10,2,19,1.51868668266119534e-12,1.10521959648988961e-10,1.00047958999066188e-10,2.34732620527624818e-10,-2.25071067008101930e-11,8.21906929589462333e-11,-2.76992673784234355e-11,2.97857306612553793e-10,2.10623102491860862e-10,1.27747226377489624e-10,2.73747788576789837e-10,3.25556573990977228e-10,19,2,1,5.76460752303767552e+17,19,2,1,5.76460752303767552e+17,16,5,2,3.32306998945331719e+35,5.80035277999999948e+02,0,1.27747226377489624e-10,nan,0.00000000000000000e+00
50,3,4.41472577501758851e-11,1.00000000000000000e+00,1.50578633225740502e-10,2,19,-2.16024825568453284e-11,-2.18015486743610302e-11,1.50578633225740502e-10,9.85335667264687217e-11,-1.91350842699501561e-10,-1.88907995410300592e-10,5.19863918951828823e-11,-1.23144916132670227e-10,1.06431375475564616e-10,2.21678482859138936e-10,2.35498100449677433e-10,2.43337234594684443e-10,19,2,1,5.76460752303767552e+17,19,2,1,5.76460752303767552e+17,16,5,2,3.32306998945331719e+35,5.42182146999999986e+02,0,2.21678482859138936e-10,nan,0.00000000000000000e+00
51,0,2.02810636155481780e-10,1.00000000000000000e+00,2.89310010138934962e-10,2,19,2.89310010138934962e-10,-1.00127032319749018e-10,-1.45997657308080677e-11,1.96949924696970865e-10,1.71423537871050609e-10,8.29371318622307154e-11,1.27357124003862217e-10,5.25823536986832893e-11,3.02937668475230785e-10,1.83064164181979721e-10,1.50228282456798484e-10,1.18841184172367313e-10,19,2,1,5.76460752303767552e+17,19,2,1,5.76460752303767552e+17,16,5,2,3.32306998945331719e+35,5.29045650000000023e+02,0,1.83064164181979721e-10,nan,0.00000000000000000e+00
51,1,7.67034638888310619e-11,1.00000000000000000e+00,1.29315178885777280e-10,2,19,5.93809835985988903e-11,-4.47232882682586016e-12,1.29315178885777280e-10,1.20589493369384694e-10,-5.14476739404087605e-11,-5.55423968497393883e-12,1.46218339204100087e-10,1.44895066368429754e-10,8.11757927156569156e-11,1.10828657539007651e-10,1.28151137829239822e-10,1.97666013144508860e-10,19,2,1,5.76460752303767552e+17,19,2,1,5.76460752303767552e+17,16,5,2,3.32306998945331719e+35,5.26925644000000034e+02,0,1.10828657539007651e-10,nan,0.00000000000000000e+00
51,2,1.43225528680910714e-10,1.00000000000000000e+00,2.24536039665604246e-10,2,19,1.46238089373167107e-10,-5.43908910980747045e-12,2.24536039665604246e-10,-2.96526210895452771e-11,1.25430748231535446e-10,-7.31855978335856330e-12,1.67498940940605090e-10,-5.28458356393564882e-11,1.72878149770455991e-10,5.70370987249991557e-11,1.96071364320267208e-10,2.20344776579961585e-10,19,2,1,5.76460752303767552e+17,19,2,1,5.76460752303767552e+17,16,5,2,3.32306998945331719e+35,5.40333547999999951e+02,0,5.70370987249991557e-11,nan,0.00000000000000000e+00
51,3,1.42153994074316116e-10,1.00000000000000000e+00,1.35687994132254849e-10,2,19,-2.64443211322490882e-11,1.35687994132254849e-10,7.72119345109840533e-11,5.35031305527693057e-11,-3.24942532487864617e-11,-5.41785231620140450e-11,1.41061379888367062e-10,8.15794521793716711e-11,1.68598315206565205e-10,1.89866517294268894e-10,1.96332517236330161e-10,1.95239903050381107e-10,19,2,1,5.76460752303767552e+17,19,2,1,5.76460752303767552e+17,16,5,2,3.32306998945331719e+35,5.42469106000000011e+02,0,1.89866517294268894e-10,nan,0.00000000000000000e+00
52,0,1.33171029376406841e-10,1.00000000000000000e+00,2.41344651078150519e-10,2,19,2.14146858003006195e-10,2.41344651078150519e-10,1.98237980850649409e-10,-4.97545818111946727e-11,-1.03758383550253962e-10,1.42630053256092482e-10,2.69878092499151038e-10,2.76704986627449331e-10,1.82925611187601501e-10,3.26459568438643990e-10,2.36929412926660790e-10,3.80463370177703280e-10,19,2,1,5.76460752303767552e+17,19,2,1,5.76460752303767552e+17,16,5,2,3.32306998945331719e+35,5.37072495000000004e+02,0,3.26459568438643990e-10,nan,0.00000000000000000e+00
52,1,1.24166247782431803e-10,1.00000000000000000e+00,1.84251386627448725e-10,2,19,-1.01259541034355907e-10,8.25494035100672631e-11,1.84251386627448725e-10,1.42122060815039368e-11,7.68873061432718192e-11,3.38765269308134071e-11,6.25481864929933826e-11,4.96033075043197843e-11,2.25425788816787698e-10,1.78146847177627727e-10,9.02897208516183962e-11,4.30107792124584121e-11,19,2,1,5.76460752303767552e+17,19,2,1,5.76460752303767552e+17,16,5,2,3.32306998945331719e+35,5.32268435999999951e+02,0,1.78146847177627727e-10,nan,0.00000000000000000e+00
52,2,9.99173120393234571e-11,1.00000000000000000e+00,2.48441579166467084e-10,2,19,5.75510328406414573e-11,2.48441579166467084e-10,1.07539273666264100e-11,7.18158417272722264e-11,1.60667014913402192e-10,5.41975655688552035e-11,1.55702692792943806e-10,1.56694261784691422e-10,1.48524267127143640e-10,1.94244013597611887e-10,6.07497028740787348e-11,1.06469449344546995e-10,19,2,1,5.76460752303767552e+17,19,2,1,5.76460752303767552e+17,16,5,2,3.32306998945331719e+35,5.26377635000000055e+02,0,1.94244013597611887e-10,nan,0.00000000000000000e+00
52,3,1.07350890933118286e-10,1.00000000000000000e+00,2.45012987333860449e-10,2,19,9.53527505205442780e-11,2.45012987333860449e-10,1.15597012635661147e-11,-5.22625793738841940e-11,2.17879953202471681e-10,-9.26963053939237059e-12,6.76507772603757221e-11,2.69983812453775191e-10,1.59613470307002480e-10,3.22246391827659385e-10,1.62632921520656905e-10,2.79253442993167587e-10,19,2,1,5.76460752303767552e+17,19,2,1,5.76460752303767552e+17,16,5,2,3.32306998945331719e+35,5.38034331999999949e+02,0,3.22246391827659385e-10,nan,0.00000000000000000e+00
53,0,6.16456231268538743e-11,1.00000000000000000e+00,3.03541557513551316e-10,2,19,3.03541557513551316e-10,-3.92408292867010123e-11,6.97673336117048842e-11,-2.52961228867403390e-10,1.92225682653090675e-10,1.44719950931302155e-10,2.27875529864356297e-11,-1.08519090430912071e-10,3.14606851994257278e-10,1.83960780218003155e-10,1.70164713557765958e-10,3.00744773084002746e-10,19,2,1,5.76460752303767552e+17,19,2,1,5.76460752303767552e+17,16,5,2,3.32306998945331719e+35,5.29613484999999969e+02,0,1.83960780218003155e-10,nan,0.00000000000000000e+00
53,1,1.01657528414702304e-10,1.00000000000000000e+00,2.32634146637290813e-10,2,19,3.56050047753513157e-11,4.36033783983283926e-11,2.32634146637290813e-10,1.20948918060413073e-13,1.39881193126555270e-10,3.00115116057084139e-10,1.14602087056973015e-10,1.85215761410040858e-10,1.30976618222588508e-10,2.56511737658755721e-10,1.98457587642381835e-10,1.85513029000111125e-10,19,2,1,5.76460752303767552e+17,19,2,1,5.76460752303767552e+17,16,5,2,3.32306998945331719e+35,5.30716167000000041e+02,0,2.56511737658755721e-10,nan,0.00000000000000000e+00
53,2,8.64627714455917994e-11,1.00000000000000000e+00,1.79314938782024273e-10,2,19,-4.71032612866784272e-11,-5.02816325855754423e-11,1.78038532094371684e-10,1.79314938782024273e-10,1.68699523794946482e-10,8.15431424896712591e-12,2.50548504609404474e-10,4.31763540823940021e-11,1.36744404031167255e-10,2.15802785081624909e-10,1.64085733163812662e-10,2.42394190360437365e-10,19,2,1,5.76460752303767552e+17,19,2,1,5.76460752303767552e+17,16,5,2,3.32306998945331719e+35,5.33078242000000046e+02,0,2.15802785081624909e-10,nan,0.00000000000000000e+00
53,3,6.85701356608632802e-11,1.00000000000000000e+00,2.10990980282305741e-10,2,19,-1.19408793474836102e-10,1.94703235983012855e-12,1.86594624639496827e-10,-2.10990980282305741e-10,2.48437628104482241e-11,7.56019176759859077e-11,3.95433351644089328e-10,1.90031877582670657e-10,2.79561115943169034e-10,4.01022857864976372e-10,3.26863215983226061e-10,3.70589588833641104e-10,19,2,1,5.76460752303767552e+17,19,2,1,5.76460752303767552e+17,16,5,2,3.32306998945331719e+35,5.34057556999999974e+02,0,4.01022857864976372e-10,nan,0.00000000000000000e+00
54,0,5.30519748169527982e-11,1.00000000000000000e+00,3.26407480912063257e-10,2,19,3.03825857180999376e-10,-1.09641596921981740e-10,7.63072799046406540e-12,3.26407480912063257e-10,1.53373470805882142e-10,2.56868259039729405e-10,-9.50884072735167007e-11,2.06063784007461477e-10,2.73355506095110471e-10,3.66509855961711131e-10,2.03816284222776619e-10,3.51956666313246131e-10,19,2,1,5.76460752303767552e+17,19,2,1,5.76460752303767552e+17,16,5,2,3.32306998945331719e+35,5.24852488999999991e+02,0,3.66509855961711131e-10,nan,0.00000000000000000e+00
54,1,-5.56079110368688536e-11,1.00000000000000000e+00,3.90482154679659950e-10,2,19,-1.00372602903587623e-10,7.92068422345828412e-11,3.66951598168101623e-11,3.90482154679659950e-10,2.48766784170231562e-10,-3.95512204708578699e-11,2.43226020443186053e-10,-4.78129932408783063e-11,4.46090065716528804e-10,4.38295147920538282e-10,3.04374695207100416e-10,2.96579777411109843e-10,19,2,1,5.76460752303767552e+17,19,2,1,5.76460752303767552e+17,16,5,2,3.32306998945331719e+35,5.30656638000000044e+02,0,4.38295147920538282e-10,nan,0.00000000000000000e+00
54,2,-1.15615555355336852e-11,1.00000000000000000e+00,4.33013127779659178e-10,2,19,1.69068542732620675e-10,2.75590406914473206e-10,4.33013127779659178e-10,1.74293657545948572e-10,-1.27632128776715141e-10,-6.31160546354635477e-11,1.02279593607098133e-10,4.67863615876217146e-11,4.44574683315192873e-10,3.38706461549936766e-10,1.16070573241181459e-10,2.29911722383813287e-10,19,2,1,5.76460752303767552e+17,19,2,1,5.76460752303767552e+17,16,5,2,3.32306998945331719e+35,5.37356393000000025e+02,0,3.38706461549936766e-10,nan,0.00000000000000000e+00
54,3,-1.12856417427368736e-10,1.00000000000000000e+00,1.69917786955813732e-10,2,19,-1.69917786955813732e-10,1.29714203937158424e-10,1.59728858809088958e-10,-3.37277556991641045e-11,1.16703231779260158e-10,9.36471155123537098e-11,3.25322788218351901e-10,-1.59532976115282846e-11,2.72585276236457720e-10,2.86621018735073891e-10,4.38179205645720663e-10,3.41276085829880186e-10,19,2,1,5.76460752303767552e+17,19,2,1,5.76460752303767552e+17,16,5,2,3.32306998945331719e+35,5.33555217999999968e+02,0,2.86621018735073891e-10,nan,0.00000000000000000e+00
55,0,6.33809903000177180e-11,1.00000000000000000e+00,2.57060077325864857e-10,2,19,3.84348107030680952e-11,2.57060077325864857e-10,-1.30082332191434002e-10,-9.40849606910575287e-11,-3.67634237469581578e-10,-1.31074075923104302e-10,-1.02715576260688284e-10,-6.53128081195761670e-11,1.93679087025847139e-10,4.06069048172649699e-10,4.31015227769599270e-10,3.02321429350005411e-10,19,2,1,5.76460752303767552e+17,19,2,1,5.76460752303767552e+17,16,5,2,3.32306998945331719e+35,5.36192227000000003e+02,0,4.06069048172649699e-10,nan,0.00000000000000000e+00
55,1,1.01494343172903582e-10,1.00000000000000000e+00,2.30584452127484770e-10,2,19,-3.87523094497931877e-11,1.42517596629881000e-10,-7.17144344207501402e-11,-2.30584452127484770e-10,-5.14348642713507195e-11,-1.49047359489413558e-10,-1.60941418416291096e-10,-7.78239902929424118e-10,3.32078795300388327e-10,5.47655450801939347e-10,8.79734246102327674e-10,7.26805038658073398e-10,19,2,1,5.76460752303767552e+17,19,2,1,5.76460752303767552e+17,16,5,2,3.32306998945331719e+35,5.34036086999999952e+02,0,5.47655450801939347e-10,nan,0.00000000000000000e+00
55,2,8.65396319020946830e-11,1.00000000000000000e+00,4.45333102164410931e-10,2,19,6.28419868726933910e-11,1.73000891490773600e-11,-1.35196615801360687e-10,4.45333102164410931e-10,4.69165275901877387e-10,-3.94385901441363852e-11,3.83447291853705320e-11,-3.53894107167208155e-11,3.58793470262316248e-10,4.80722512881131786e-10,3.82625643999782704e-10,5.08603866046013759e-10,19,2,1,5.76460752303767552e+17,19,2,1,5.76460752303767552e+17,16,5,2,3.32306998945331719e+35,5.47243937999999957e+02,0,4.80722512881131786e-10,nan,0.00000000000000000e+00
55,3,6.30856350994829630e-11,1.00000000000000000e+00,3.63055621814517935e-10,2,19,9.74789135482098619e-11,-2.57014203703034660e-10,-3.63055621814517935e-10,-2.70180538280117972e-10,1.50162959144516037e-10,2.65002360094995988e-10,4.60150745511928761e-10,-1.63588462733596479e-10,4.26141256914000911e-10,8.23206367326446644e-10,3.97065110412445785e-10,6.23739208245525266e-10,19,2,1,5.76460752303767552e+17,19,2,1,5.76460752303767552e+17,16,5,2,3.32306998945331719e+35,5.39368034999999963e+02,0,8.23206367326446644e-10,nan,0.00000000000000000e+00
56,0,-1.03121969024453315e-10,1.00000000000000000e+00,3.10457100861888219e-10,2,19,2.16320402053807784e-10,-1.16709798999669745e-11,-3.10457100861888219e-10,1.21588418916485767e-10,-2.26071853859893387e-10,-4.18065349128842693e-10,-1.60887477706588727e-10,-2.16649809898322187e-10,3.19442371078261098e-10,4.42392255913701197e-10,3.14943380104389379e-10,2.57177871422253992e-10,19,2,1,5.76460752303767552e+17,19,2,1,5.76460752303767552e+17,16,5,2,3.32306998945331719e+35,5.35560399999999959e+02,0,4.42392255913701197e-10,nan,0.00000000000000000e+00
56,1,-1.48873958680043892e-10,1.00000000000000000e+00,7.79921188390474092e-10,2,19,-9.79934503747583159e-11,-4.94042803205103960e-10,-7.79921188390474092e-10,-6.12042224068169846e-10,-1.76488221333448399e-12,-3.08064826210120886e-10,-1.43333442631224803e-10,-9.25057961336429336e-11,6.31047229710430200e-10,6.36587745759249290e-10,1.59190867530076993e-10,3.06299943996786389e-10,19,2,1,5.76460752303767552e+17,19,2,1,5.76460752303767552e+17,16,5,2,3.32306998945331719e+35,5.32435590000000047e+02,0,6.36587745759249290e-10,nan,0.00000000000000000e+00
56,2,-2.17258260962562767e-10,1.00000000000000000e+00,4.24687810404008374e-10,2,19,-4.66350980036632024e-11,-2.76451498821163634e-10,-3.37984409186746115e-10,-4.24687810404008374e-10,2.17122962224478633e-10,2.07749356074358907e-10,-2.17182595500326706e-10,-1.20884256219581919e-10,2.07429549441445606e-10,4.84200854895522567e-10,4.34381223187041400e-10,4.34305557724805339e-10,19,2,1,5.76460752303767552e+17,19,2,1,5.76460752303767552e+17,16,5,2,3.32306998945331719e+35,5.30288858000000005e+02,0,4.84200854895522567e-10,nan,0.00000000000000000e+00
56,3,-2.10542360489025866e-10,1.00000000000000000e+00,1.08502019338997067e-09,2,19,-2.17188773668651381e-10,2.20757922262139790e-10,-6.35329965752133893e-10,-1.08502019338997067e-09,-2.55491585475377071e-10,-2.86084627049580609e-10,-4.76380471069441019e-10,-1.36829380972271102e-10,8.74477832900944860e-10,9.48190812417699521e-10,2.65838110580415153e-10,3.39551090097169917e-10,19,2,1,5.76460752303767552e+17,19,2,1,5.76460752303767552e+17,16,5,2,3.32306998945331719e+35,5.28344486999999958e+02,0,9.48190812417699521e-10,nan,0.00000000000000000e+00
57,0,-3.56427732685564228e-10,1.00000000000000000e+00,5.12860776968910885e-10,2,19,-3.84024055434592477e-10,-2.51642160838813540e-10,-5.12860776968910885e-10,5.76879107526654481e-11,-1.96465018918936915e-10,-4.84740966413809018e-10,-2.85747334017253638e-10,-8.05835187513047220e-10,4.14115643438229702e-10,8.63523098265712642e-10,4.49407454827482992e-10,6.09370168594110253e-10,19,2,1,5.76460752303767552e+17,19,2,1,5.76460752303767552e+17,16,5,2,3.32306998945331719e+35,5.38167460000000005e+02,0,8.63523098265712642e-10,nan,0.00000000000000000e+00
57,1,-2.58770169996751309e-10,1.00000000000000000e+00,4.50282053824050546e-10,2,19,-4.21453679944781333e-10,-4.50282053824050546e-10,2.70284350635760123e-10,-2.59695313923340948e-10,-2.65693586103613191e-10,-1.87284073274230397e-10,-1.65814548816812972e-10,-2.39043731394357734e-10,5.29054520632511433e-10,4.36098899452573095e-10,9.29556211799383373e-11,9.98790372868002187e-11,19,2,1,5.76460752303767552e+17,19,2,1,5.76460752303767552e+17,16,5,2,3.32306998945331719e+35,5.36596992999999998e+02,0,4.36098899452573095e-10,nan,0.00000000000000000e+00
57,2,-2.53800842187862540e-10,1.00000000000000000e+00,4.40257906547241917e-10,2,19,-4.40257906547241917e-10,1.04744217606537619e-12,1.50821831653887237e-10,-1.56926525356029365e-10,-5.14369573212255614e-11,-1.65577593763831901e-10,-3.69938288084753402e-10,-4.75950810287843225e-10,4.04622673841749776e-10,5.20760119738640587e-10,2.22149968099980685e-10,4.24513852966617663e-10,19,2,1,5.76460752303767552e+17,19,2,1,5.76460752303767552e+17,16,5,2,3.32306998945331719e+35,5.39839498000000049e+02,0,5.20760119738640587e-10,nan,0.00000000000000000e+00
57,3,-2.65372988111132520e-10,1.00000000000000000e+00,7.79230329589325535e-10,2,19,-4.93371923247217741e-10,-5.96963116931401377e-11,2.09488713414193055e-11,-7.79230329589325535e-10,3.02547165874905047e-10,-4.23529650242502138e-10,-2.28914366643184742e-10,-5.51693600151841817e-10,5.13857341478193015e-10,7.95919089122122788e-10,5.67920153986037566e-10,8.54240766026746864e-10,19,2,1,5.76460752303767552e+17,19,2,1,5.76460752303767552e+17,16,5,2,3.32306998945331719e+35,5.39860736999999972e+02,0,7.95919089122122788e-10,nan,0.00000000000000000e+00
58,0,-2.99613468249476043e-10,1.00000000000000000e+00,7.20663542302580198e-10,2,19,-1.45639521652606680e-10,-5.38634200218441985e-10,-7.20663542302580198e-10,9.47342485970257903e-11,1.88339086331562703e-10,3.21731214355321145e-10,4.80828336944612398e-10,-2.78309336916139620e-10,4.21050074053104155e-10,1.20149187924719270e-09,7.80441805194088441e-10,7.59137673860752070e-10,19,2,1,5.76460752303767552e+17,19,2,1,5.76460752303767552e+17,16,5,2,3.32306998945331719e+35,5.32315807999999947e+02,0,1.20149187924719270e-09,nan,0.00000000000000000e+00
58,1,-2.08499887226103407e-10,1.00000000000000000e+00,7.58677638332040487e-10,2,19,-3.08061001408013632e-10,2.41082174017297210e-10,-4.57911989299783647e-12,-7.58677638332040487e-10,-5.64732025608785903e-10,1.54763062180836094e-10,5.22707716003032803e-10,-5.19463566858473151e-10,5.50177751105937132e-10,5.27286835896030588e-10,7.31207603229136158e-10,1.08743974161181871e-09,19,2,1,5.76460752303767552e+17,19,2,1,5.76460752303767552e+17,16,5,2,3.32306998945331719e+35,5.35141219999999976e+02,0,5.27286835896030588e-10,nan,0.00000000000000000e+00
58,2,-1.53181584591858163e-10,1.00000000000000000e+00,1.03542641491760668e-09,2,19,-4.83698581578781709e-10,-3.78705274551326815e-10,1.03542641491760668e-09,4.10121448756676116e-10,-1.05912309231339884e-10,-3.94463936850038609e-10,-1.01484419589570793e-09,-2.41566034472353318e-10,1.18860799950946481e-09,2.05027061081331481e-09,8.61662611303849794e-10,9.08931886664368047e-10,19,2,1,5.76460752303767552e+17,19,2,1,5.76460752303767552e+17,16,5,2,3.32306998945331719e+35,5.35522133000000053e+02,0,2.05027061081331481e-09,nan,0.00000000000000000e+00
58,3,-1.19112526895545527e-10,1.00000000000000000e+00,4.91831087681645431e-10,2,19,4.91831087681645431e-10,-6.23684873442475609e-11,-9.58661658279787938e-11,-1.27365797453396169e-10,4.07048572001411618e-10,-4.54189755391969619e-10,-6.77494609019720318e-11,1.03620907320357267e-10,6.10943614577191010e-10,3.91821268047722045e-10,5.26161098896957145e-10,8.61238327393381237e-10,19,2,1,5.76460752303767552e+17,19,2,1,5.76460752303767552e+17,16,5,2,3.32306998945331719e+35,5.39905536999999981e+02,0,3.91821268047722045e-10,nan,0.00000000000000000e+00
59,0,2.35231529389582238e-11,1.00000000000000000e+00,9.21002671412230289e-10,2,19,-9.21002671412230289e-10,-1.44308415702609603e-10,5.72978913933630545e-11,5.75919230510205721e-10,-1.79824993897844312e-10,-4.80032092694465831e-10,-2.06627598549662872e-11,-1.28515780527355512e-10,9.44525824351188435e-10,7.41177677514385976e-10,5.03555245633424080e-10,4.59369332839499543e-10,19,2,1,5.76460752303767552e+17,19,2,1,5.76460752303767552e+17,16,5,2,3.32306998945331719e+35,5.53037320000000022e+02,0,7.41177677514385976e-10,nan,0.00000000000000000e+00
59,1,3.73579138813934818e-12,1.00000000000000000e+00,6.76897797879049488e-10,2,19,5.76128808504711322e-10,6.76897797879049488e-10,2.24479364471825532e-10,1.95746727767635396e-10,7.02870969113232452e-10,6.60647617058107372e-10,-8.38643535964656212e-10,-5.21209410407365421e-10,6.73162006490910148e-10,1.06312290043648174e-09,8.42379327352795552e-10,1.54151450507788866e-09,19,2,1,5.76460752303767552e+17,19,2,1,5.76460752303767552e+17,16,5,2,3.32306998945331719e+35,6.12805897999999956e+02,0,1.06312290043648174e-09,nan,0.00000000000000000e+00
59,2,1.01173431585814100e-10,1.00000000000000000e+00,9.42462968798052251e-10,2,19,3.67176878184811057e-10,-2.48076771513301774e-10,9.42462968798052251e-10,9.31727488328525270e-10,-5.00896369834577689e-10,-7.61146172241527527e-10,-3.81846892336336517e-10,5.48038357990237767e-11,8.41289537212238190e-10,1.32430986113438882e-09,8.62319603827341588e-10,8.15950008040551304e-10,19,2,1,5.76460752303767552e+17,19,2,1,5.76460752303767552e+17,16,5,2,3.32306998945331719e+35,5.70163465999999971e+02,0,1.32430986113438882e-09,nan,0.00000000000000000e+00
59,3,2.58763665557992967e-10,1.00000000000000000e+00,4.99005695032749496e-10,2,19,-1.45442787607556874e-10,4.99005695032749496e-10,-1.24753627378988219e-10,-2.94222895440691551e-10,-1.56525204385097862e-10,4.70969506272940227e-10,5.25122155002122676e-10,5.16087959776632939e-10,5.52986560998684466e-10,8.10310855217324491e-10,4.15288869943090854e-10,6.81647359387220512e-10,19,2,1,5.76460752303767552e+17,19,2,1,5.76460752303767552e+17,16,5,2,3.32306998945331719e+35,5.65951520999999957e+02,0,8.10310855217324491e-10,nan,0.00000000000000000e+00
60,0,2.04682489014848118e-10,1.00000000000000000e+00,8.36985362886704653e-10,2,19,3.43970620381558020e-11,1.24969395515897945e-10,7.36203295439212740e-10,8.36985362886704653e-10,1.01322990119887876e-09,1.24344247514666306e-10,-6.96453028882934421e-11,1.60032214703438206e-10,6.32302873871856509e-10,9.78832839160722962e-10,8.08547412184030620e-10,1.08287520408717221e-09,19,2,1,5.76460752303767552e+17,19,2,1,5.76460752303767552e+17,16,5,2,3.32306998945331719e+35,5.64742794000000004e+02,0,9.78832839160722962e-10,nan,0.00000000000000000e+00
60,1,1.68774870869298746e-10,1.00000000000000000e+00,1.00970828003223917e-09,2,19,-2.44409568252685940e-10,-1.00970828003223917e-09,-3.51383538165397031e-11,-5.67096743006117853e-10,-4.43911324973533611e-10,2.61558534471827459e-10,2.70460475802102938e-10,8.32387140986718664e-10,1.17848315090153797e-09,1.39948388399283652e-09,6.63612270117419866e-10,1.27629846596025238e-09,19,2,1,5.76460752303767552e+17,19,2,1,5.76460752303767552e+17,16,5,2,3.32306998945331719e+35,5.47710992000000033e+02,0,1.39948388399283652e-09,nan,0.00000000000000000e+00
60,2,2.10812274199051348e-10,1.00000000000000000e+00,2.08902731423757595e-09,2,19,3.03339945527122781e-10,2.08902731423757595e-09,-1.85563919520564790e-10,5.54496070238574364e-10,1.06680152278209711e-10,-9.34943250882631370e-10,7.67492995345829642e-10,-1.42702098921633939e-09,1.87821504003852468e-09,3.02397056512020732e-09,1.63783326341539066e-09,2.19451398456216914e-09,19,2,1,5.76460752303767552e+17,19,2,1,5.76460752303767552e+17,16,5,2,3.32306998945331719e+35,5.58351123000000030e+02,0,3.02397056512020732e-09,nan,0.00000000000000000e+00
60,3,1.78506698817392565e-10,1.00000000000000000e+00,1.32557470630367488e-09,2,19,1.57454825693157911e-10,1.32557470630367488e-09,-1.04785250119887094e-09,-6.65088835355688187e-10,-3.81375350845929847e-11,7.24074639663385005e-10,-1.18828828967686073e-09,3.18334197701765698e-10,1.22635920001626345e-09,9.83423033057453886e-10,1.36679498849425324e-09,1.91236292934024594e-09,19,2,1,5.76460752303767552e+17,19,2,1,5.76460752303767552e+17,16,5,2,3.32306998945331719e+35,6.10963462000000050e+02,0,9.83423033057453886e-10,nan,0.00000000000000000e+00
61,0,1.08078300927491052e-10,1.00000000000000000e+00,1.39736608279967242e-09,2,19,1.39736608279967242e-09,-2.70306030469573648e-12,-1.26349569145353073e-09,-7.90130816517773080e-10,-3.33452872757686248e-10,-3.91445600124408761e-10,-3.60994376765684598e-10,-4.95429547073476223e-10,1.37157399238102186e-09,1.73081895555735866e-09,6.03507848000967249e-10,1.61976674315789975e-10,19,2,1,5.76460752303767552e+17,19,2,1,5.76460752303767552e+17,16,5,2,3.32306998945331719e+35,5.40834924000000001e+02,0,1.73081895555735866e-09,nan,0.00000000000000000e+00
61,1,-6.13535011354067505e-11,1.00000000000000000e+00,9.67814453561601451e-10,2,19,9.67814453561601451e-10,2.74018553353174416e-10,8.07750743545346476e-10,-6.92531284949823454e-10,9.12903195042299314e-10,-3.58311186924389974e-11,-6.40330791795625687e-11,-5.13076246077054787e-10,1.02916795469700825e-09,8.71783822724909045e-10,9.74256696177706013e-10,1.42597944111935410e-09,19,2,1,5.76460752303767552e+17,19,2,1,5.76460752303767552e+17,16,5,2,3.32306998945331719e+35,5.57737539999999967e+02,0,8.71783822724909045e-10,nan,0.00000000000000000e+00
61,2,1.76316165771407256e-10,1.00000000000000000e+00,1.70389797831841479e-09,2,19,8.97270315526658453e-10,1.70389797831841479e-09,-1.04091140506146100e-09,1.96421645882739870e-10,7.14263514387238267e-10,-4.36273876018939875e-10,4.31225402781828667e-10,5.24376236576762049e-10,1.52758181254700761e-09,2.14017185433735446e-09,6.12590041790347157e-10,1.15053739040617814e-09,19,2,1,5.76460752303767552e+17,19,2,1,5.76460752303767552e+17,16,5,2,3.32306998945331719e+35,5.61173783999999955e+02,0,2.14017185433735446e-09,nan,0.00000000000000000e+00
61,3,1.17873129193362560e-10,1.00000000000000000e+00,1.74664675387501811e-09,2,19,1.74664675387501811e-09,4.18667916553564439e-10,-1.51630568063561168e-11,9.37020548051644626e-10,-3.43017189560987294e-10,-1.06357819969947681e-09,4.37345532903558360e-10,7.57651477889630172e-10,1.62877362468165548e-09,2.08966394343600546e-09,1.18145132889283945e-09,1.82122967758910698e-09,19,2,1,5.76460752303767552e+17,19,2,1,5.76460752303767552e+17,16,5,2,3.32306998945331719e+35,5.68133478999999966e+02,0,2.08966394343600546e-09,nan,0.00000000000000000e+00
62,0,4.37539211477936233e-10,1.00000000000000000e+00,1.37557981952299177e-09,2,19,-1.29443239482606466e-09,9.24545818435684176e-10,8.98661370676676733e-11,1.37557981952299177e-09,4.00001082527911791e-10,-4.03256506202196751e-10,-4.61988432869144673e-10,3.58367808284450818e-10,1.73197160630400079e-09,1.69443347735397651e-09,8.99527644347080957e-10,8.61989515397056464e-10,19,2,1,5.76460752303767552e+17,19,2,1,5.76460752303767552e+17,16,5,2,3.32306998945331719e+35,5.48152620999999954e+02,0,1.69443347735397651e-09,nan,0.00000000000000000e+00
62,1,1.45537379497780201e-11,1.00000000000000000e+00,7.39407592337289036e-10,2,19,7.39407592337289036e-10,-6.92944224216576198e-10,-5.72764526135094449e-10,2.86152358782583809e-10,-6.87839509755283128e-10,1.02525435329731345e-10,8.47464041184833236e-10,-7.09972175396702329e-10,7.24853854387511058e-10,1.42724710209257206e-09,8.32910303235055258e-10,1.55743621658153557e-09,19,2,1,5.76460752303767552e+17,19,2,1,5.76460752303767552e+17,16,5,2,3.32306998945331719e+35,5.64640044999999986e+02,0,1.42724710209257206e-09,nan,0.00000000000000000e+00
62,2,1.28345136822385742e-10,1.00000000000000000e+00,8.38981853036356796e-10,2,19,-8.38981853036356796e-10,-6.72868224821131216e-10,5.60477635265550229e-10,9.38801667139672410e-11,4.63549527970666421e-10,-1.63163440874792036e-09,-2.64002529731484681e-10,5.31422590844040280e-10,9.67326989858742615e-10,1.30253138100702332e-09,1.75997954557030618e-09,2.16305699959196054e-09,19,2,1,5.76460752303767552e+17,19,2,1,5.76460752303767552e+17,16,5,2,3.32306998945331719e+35,5.60021594000000050e+02,0,1.30253138100702332e-09,nan,0.00000000000000000e+00
62,3,4.07786868823266868e-11,1.00000000000000000e+00,1.44354482495248783e-09,2,19,-4.70059443072325104e-10,-9.49237844476306306e-11,-7.08325288149935164e-10,-1.44354482495248783e-09,6.45325325988770699e-10,-8.21866687355149151e-10,5.29185161943669668e-10,1.66878675314487284e-10,1.48432351183481442e-09,1.61042350026697522e-09,8.62645374237475844e-10,1.46719201334391985e-09,19,2,1,5.76460752303767552e+17,19,2,1,5.76460752303767552e+17,16,5,2,3.32306998945331719e+35,5.48415012000000047e+02,0,1.61042350026697522e-09,nan,0.00000000000000000e+00
63,0,4.49392250684516131e-10,1.00000000000000000e+00,1.96585176466211667e-09,2,19,1.96585176466211667e-09,2.38336502534460973e-10,3.34213880927835509e-10,-1.08563909543833886e-10,-5.11585710615067108e-11,1.47317104635592769e-09,1.08761787663865674e-09,2.64731334706662137e-10,1.51645951397760059e-09,2.01701033572362359e-09,1.02377879567141161e-09,1.52432961741743440e-09,19,2,1,5.76460752303767552e+17,19,2,1,5.76460752303767552e+17,16,5,2,3.32306998945331719e+35,5.47075399999999945e+02,0,2.01701033572362359e-09,nan,0.00000000000000000e+00
63,1,2.95501937322971159e-10,1.00000000000000000e+00,2.10574479395848217e-09,2,19,4.79397142445746628e-10,-4.65132789807021912e-10,2.10574479395848217e-09,8.26246300640788050e-11,-3.39408636879071858e-10,-3.78335831284530007e-11,2.70188722713566413e-09,1.52914633391780410e-09,1.81024285663551096e-09,1.44652170385372530e-09,2.40638528981269313e-09,3.04129586401473599e-09,19,2,1,5.76460752303767552e+17,19,2,1,5.76460752303767552e+17,16,5,2,3.32306998945331719e+35,5.79575550000000021e+02,0,1.44652170385372530e-09,nan,0.00000000000000000e+00
63,2,3.14993847301166244e-10,1.00000000000000000e+00,4.52915575129725659e-10,2,19,-4.52915575129725659e-10,4.23066187300521665e-11,-3.82958954939764694e-10,3.03145037967731296e-10,2.07771739029813062e-10,-3.10583039629493576e-10,-1.55068733485839000e-10,3.29682320717975130e-10,7.67909422430891904e-10,6.60687314159538747e-10,6.25576886930659820e-10,6.40265360347468706e-10,19,2,1,5.76460752303767552e+17,19,2,1,5.76460752303767552e+17,16,5,2,3.32306998945331719e+35,5.51808281999999963e+02,0,6.60687314159538747e-10,nan,0.00000000000000000e+00
63,3,3.99252663663816251e-10,1.00000000000000000e+00,1.15507534098099095e-09,2,19,-1.15507534098099095e-09,3.18635578536040299e-10,-1.08806184587701795e-09,-6.10183524046709233e-10,-6.25599632209837043e-11,-2.24726858898050027e-11,1.99781817797143451e-10,2.09353501363232098e-10,1.55432800464480725e-09,1.28784366367416148e-09,4.61812626884799981e-10,2.71913464584215776e-10,19,2,1,5.76460752303767552e+17,19,2,1,5.76460752303767552e+17,16,5,2,3.32306998945331719e+35,5.60454819000000043e+02,0,1.28784366367416148e-09,nan,0.00000000000000000e+00
64,0,-4.07692280011265477e-11,1.00000000000000000e+00,1.59915906088250497e-09,2,19,-9.64184187033007084e-10,-1.24274445190630551e-09,-1.59915906088250497e-09,2.78890062563319719e-10,1.79149130708694143e-09,-8.00366973595281021e-10,7.27291431400295015e-10,-1.59216105119403308e-09,1.55838983288137851e-09,2.75567549411994852e-09,1.83226053508806790e-09,3.38365235828097451e-09,19,2,1,5.76460752303767552e+17,19,2,1,5.76460752303767552e+17,16,5,2,3.32306998945331719e+35,5.53108331000000021e+02,0,2.75567549411994852e-09,nan,0.00000000000000000e+00
64,1,4.61497484327189719e-10,1.00000000000000000e+00,1.88447075707641437e-09,2,19,1.50091946838452964e-09,2.59401043721362258e-10,1.88447075707641437e-09,1.53703402111476870e-09,-1.01215331844736252e-09,7.08247476688754083e-10,-7.73440861692847327e-10,-8.54822303061471610e-10,1.42297327274922471e-09,2.65791161876926170e-09,1.47365080277455219e-09,1.72040079513611660e-09,19,2,1,5.76460752303767552e+17,19,2,1,5.76460752303767552e+17,16,5,2,3.32306998945331719e+35,5.58837345000000028e+02,0,2.65791161876926170e-09,nan,0.00000000000000000e+00
64,2,-1.13044885212396850e-11,1.00000000000000000e+00,1.01356690005879940e-09,2,19,-9.89551395842638700e-11,-1.01356690005879940e-09,-8.95655015665662079e-12,-8.18472327499101108e-10,8.14219897051697489e-10,1.28644135236315241e-09,-1.40758336493327569e-09,2.85991295680361370e-10,1.00226241153755980e-09,2.30000825242195181e-09,1.39627887641203609e-09,2.69402471729642810e-09,19,2,1,5.76460752303767552e+17,19,2,1,5.76460752303767552e+17,16,5,2,3.32306998945331719e+35,5.44160435000000007e+02,0,2.30000825242195181e-09,nan,0.00000000000000000e+00
64,3,2.37496216133382041e-10,1.00000000000000000e+00,2.22420553507608343e-09,2,19,2.22420553507608343e-09,-3.77961567544796389e-10,1.20270180073379952e-09,6.73741148287996018e-10,1.98934837284132688e-09,4.44835987706883195e-11,6.50561328359474824e-11,-3.64457802108082015e-11,1.98670931894270139e-09,1.13764566789785204e-09,1.75185215670794484e-09,2.02579415305213513e-09,19,2,1,5.76460752303767552e+17,19,2,1,5.76460752303767552e+17,16,5,2,3.32306998945331719e+35,5.51445175999999947e+02,0,1.13764566789785204e-09,nan,0.00000000000000000e+00
65,0,-6.79085821270160925e-10,1.00000000000000000e+00,1.17547772571826249e-09,2,19,5.41899141348076567e-10,1.03504537162111075e-09,-1.12065694978418713e-09,1.17547772571826249e-09,-1.56436206857224582e-09,-2.37725789544544002e-09,-1.74402556295944822e-09,-4.26302678622501929e-10,1.85456354698842331e-09,3.41230326706655097e-09,1.69817207417527899e-09,1.95095521682293809e-09,19,2,1,5.76460752303767552e+17,19,2,1,5.76460752303767552e+17,16,5,2,3.32306998945331719e+35,5.59035202000000027e+02,0,3.41230326706655097e-09,nan,0.00000000000000000e+00
65,1,-2.68102532625339468e-10,1.00000000000000000e+00,8.94785170091421407e-10,2,19,-7.45455197796230942e-10,-2.97309290792422970e-10,-8.94785170091421407e-10,-4.71387746126731403e-10,-1.25349885916041101e-10,-5.37543144765034421e-10,-1.82295203841346137e-09,-4.77547715705132518e-10,6.26682637466081939e-10,9.28166868322039959e-10,1.55484950578812200e-09,1.69760215249742027e-09,19,2,1,5.76460752303767552e+17,19,2,1,5.76460752303767552e+17,16,5,2,3.32306998945331719e+35,5.58585599999999999e+02,0,9.28166868322039959e-10,nan,0.00000000000000000e+00
65,2,-4.11005754314832155e-10,1.00000000000000000e+00,2.85571474563781932e-09,2,19,-3.55105409429671636e-10,-2.34964532537711640e-09,-2.85571474563781932e-09,5.31929749400483341e-10,1.21941780666822101e-10,-6.70551940877634994e-10,6.40106415515168116e-10,6.47352960364950427e-10,2.44470899132298706e-09,3.49582116115298744e-09,1.05835871467978248e-09,1.31790490124258542e-09,19,2,1,5.76460752303767552e+17,19,2,1,5.76460752303767552e+17,16,5,2,3.32306998945331719e+35,5.59568948999999975e+02,0,3.49582116115298744e-09,nan,0.00000000000000000e+00
65,3,-6.05060398679887882e-10,1.00000000000000000e+00,3.43847352416595121e-09,2,19,-8.23444527462765869e-10,-2.13794883366196089e-10,-3.43847352416595121e-09,-1.28472822653695594e-10,-2.41466399218165144e-09,-1.93863236543214484e-09,-2.07490004750876397e-09,-6.36342135275394787e-10,2.83341312548606312e-09,1.72483748206594867e-09,1.80960359350176356e-09,1.77832185690625655e-09,19,2,1,5.76460752303767552e+17,19,2,1,5.76460752303767552e+17,16,5,2,3.32306998945331719e+35,5.61716896000000020e+02,0,1.72483748206594867e-09,nan,0.00000000000000000e+00
66,0,-6.51807023801157759e-10,1.00000000000000000e+00,1.95453084401948555e-09,2,19,-2.10421531789976427e-10,-5.80551790923625155e-10,-1.95453084401948555e-09,-1.83062607836041551e-10,-2.13719840488870642e-10,-1.62972173554563005e-09,-1.25113324114845649e-09,-8.05151991992850593e-10,1.30272382021832779e-09,1.04916994462200500e-09,9.77914711744472295e-10,1.41600189505675941e-09,19,2,1,5.76460752303767552e+17,19,2,1,5.76460752303767552e+17,16,5,2,3.32306998945331719e+35,5.46595939000000044e+02,0,1.04916994462200500e-09,nan,0.00000000000000000e+00
66,1,-1.10550300233613288e-09,1.00000000000000000e+00,2.81751872904437099e-09,2,19,-2.81751872904437099e-09,1.69567250926577796e-09,1.28086362165288104e-09,-1.06974475097989711e-09,-3.80781100760470173e-09,4.84447517067421423e-10,-9.09502133700465871e-10,-3.38278850898483209e-09,2.80117551160191063e-09,2.31304375800493498e-09,2.70230800526856864e-09,4.29225852467212356e-09,19,2,1,5.76460752303767552e+17,19,2,1,5.76460752303767552e+17,16,5,2,3.32306998945331719e+35,5.55792516999999975e+02,0,2.31304375800493498e-09,nan,0.00000000000000000e+00
66,2,-6.96947002633839470e-10,1.00000000000000000e+00,1.66933563189676146e-09,2,19,2.70192321687575080e-10,-6.82421051900102865e-10,-1.59048972420617841e-09,-1.66933563189676146e-09,-1.70231940766079416e-10,-2.25732232485201298e-09,4.45482797704641742e-10,-2.09894377618659489e-09,9.72388629262921987e-10,2.03597252191082031e-09,1.56037532221817351e-09,2.70280512255665467e-09,19,2,1,5.76460752303767552e+17,19,2,1,5.76460752303767552e+17,16,5,2,3.32306998945331719e+35,5.53818258000000014e+02,0,2.03597252191082031e-09,nan,0.00000000000000000e+00
66,3,-1.02066435556200567e-09,1.00000000000000000e+00,2.63504007992185788e-09,2,19,5.67869985516086421e-10,1.13294419692609956e-09,6.60874997338553157e-11,2.63504007992185788e-09,-1.27938648955525801e-09,-2.69113258618325398e-09,1.08892020160351326e-09,-7.92260961663211900e-10,3.65570443548386355e-09,3.82407678310935375e-09,2.10958455716551892e-09,3.78005278778676765e-09,19,2,1,5.76460752303767552e+17,19,2,1,5.76460752303767552e+17,16,5,2,3.32306998945331719e+35,5.63332087999999999e+02,0,3.82407678310935375e-09,nan,0.00000000000000000e+00
67,0,-1.72324093855680991e-09,1.00000000000000000e+00,3.16620405534098996e-09,2,19,6.63349087630891518e-10,-1.33346691706699547e-09,-3.16620405534098996e-09,-2.86216419652718690e-09,-2.81760950609326344e-09,9.65305187432147166e-10,-5.28492728272753475e-11,3.06337309372870919e-09,2.38659002618770122e-09,5.92553729025589609e-09,4.78661403228551889e-09,5.88098259982197263e-09,19,2,1,5.76460752303767552e+17,19,2,1,5.76460752303767552e+17,16,5,2,3.32306998945331719e+35,5.44160361999999964e+02,0,5.92553729025589609e-09,nan,0.00000000000000000e+00
67,1,-9.96651348058610703e-10,1.00000000000000000e+00,3.22331273616769405e-09,2,19,1.49107516043422343e-09,3.22331273616769405e-09,1.97670838370290308e-09,-6.20586010356264244e-10,-1.80093752925765167e-09,-5.41025466290244947e-09,-3.81236121386914814e-10,-1.41594981202621410e-09,4.21996408422630517e-09,8.63356739907014393e-09,4.41360331484383877e-09,5.02901854151553486e-09,19,2,1,5.76460752303767552e+17,19,2,1,5.76460752303767552e+17,16,5,2,3.32306998945331719e+35,5.47073343000000023e+02,0,8.63356739907014393e-09,nan,0.00000000000000000e+00
67,2,-1.02068296934731338e-09,1.00000000000000000e+00,2.80087291110507939e-09,2,19,2.80087291110507939e-09,-1.60879329101750242e-09,2.37099471733191677e-09,1.13481585208547384e-09,-6.15239129338274007e-10,-7.96908518725956584e-10,-3.80897105206266032e-09,-2.59007960474309736e-10,3.82155588045239297e-09,6.17996576939457750e-09,2.78828808271534715e-09,3.54996309158835048e-09,19,2,1,5.76460752303767552e+17,19,2,1,5.76460752303767552e+17,16,5,2,3.32306998945331719e+35,5.57784867999999960e+02,0,6.17996576939457750e-09,nan,0.00000000000000000e+00
67,3,-8.77322186064874932e-10,1.00000000000000000e+00,3.00502533739626108e-09,2,19,8.79667604730605581e-11,1.43159788996859920e-09,-3.00502533739626108e-09,3.28201906449216888e-10,7.32511112336777547e-10,-1.61390356843367102e-09,4.06542199773207345e-09,-3.78546093977011133e-10,2.30892007603347403e-09,7.07044733512833411e-09,4.94274418379694827e-09,5.67932556616574405e-09,19,2,1,5.76460752303767552e+17,19,2,1,5.76460752303767552e+17,16,5,2,3.32306998945331719e+35,5.59256685999999945e+02,0,7.07044733512833411e-09,nan,0.00000000000000000e+00
68,0,-2.62784573749343246e-10,1.00000000000000000e+00,1.97206329651399758e-09,2,19,9.04685666550048920e-12,1.10107094077259709e-09,1.68952191537348520e-09,-1.97206329651399758e-09,1.04314452604687252e-09,1.02724356539820322e-09,1.01054580899208036e-09,-1.83850252979725256e-09,1.95230648912282845e-09,1.03409766938137203e-09,1.57571795604790932e-09,2.88164705584412508e-09,19,2,1,5.76460752303767552e+17,19,2,1,5.76460752303767552e+17,16,5,2,3.32306998945331719e+35,5.55804503999999952e+02,0,1.03409766938137203e-09,nan,0.00000000000000000e+00
68,1,8.08729819478646343e-10,1.00000000000000000e+00,1.48743797884128011e-09,2,19,1.48743797884128011e-09,-5.90936512304398413e-10,5.56987272087385204e-10,-1.00401129830038634e-10,-1.05835397310189987e-09,-1.00288984820285126e-09,2.18215021629607847e-09,1.96685383370130277e-09,1.39966633178304486e-09,2.54579195194317998e-09,1.86708379258054611e-09,3.24050418939797834e-09,19,2,1,5.76460752303767552e+17,19,2,1,5.76460752303767552e+17,16,5,2,3.32306998945331719e+35,5.47732609000000025e+02,0,2.54579195194317998e-09,nan,0.00000000000000000e+00
68,2,5.94897163261070175e-10,1.00000000000000000e+00,3.66397625488355609e-09,2,19,-2.00267208327829165e-10,3.66397625488355609e-09,4.16101649350887384e-10,-1.23818936583889701e-09,3.11827286034614505e-10,-4.19320427768480749e-10,-1.36736134954254920e-09,2.81889848058348587e-09,3.06907909162248602e-09,4.08329668265203684e-09,2.22400131732241580e-09,4.18625983012603487e-09,19,2,1,5.76460752303767552e+17,19,2,1,5.76460752303767552e+17,16,5,2,3.32306998945331719e+35,5.48167053000000010e+02,0,4.08329668265203684e-09,nan,0.00000000000000000e+00
68,3,1.07188999924583783e-09,1.00000000000000000e+00,3.07205933819573317e-09,2,19,3.07205933819573317e-09,-6.95225705055060122e-10,2.61844326263606781e-09,1.40330315214338386e-09,1.92924298541698858e-09,3.17831565898202723e-10,2.25458693654488083e-09,2.76565387397193925e-09,2.00016933894989513e-09,1.36235072182855539e-09,1.69376387472610142e-09,2.44782230807373632e-09,19,2,1,5.76460752303767552e+17,19,2,1,5.76460752303767552e+17,16,5,2,3.32306998945331719e+35,5.60476595999999972e+02,0,1.36235072182855539e-09,nan,0.00000000000000000e+00
69,0,2.47344589987260975e-10,1.00000000000000000e+00,2.27084502972652319e-09,2,19,2.27084502972652319e-09,5.23185356034087660e-10,-3.98180469277858699e-10,4.66946012227954872e-10,2.02451138290387712e-09,3.00480288338639121e-09,1.36588424405049554e-09,-3.27514223774418745e-10,2.02350043973926211e-09,2.48161752735230355e-09,2.75745829339913013e-09,3.33231710716080975e-09,19,2,1,5.76460752303767552e+17,19,2,1,5.76460752303767552e+17,16,5,2,3.32306998945331719e+35,5.48532456000000025e+02,0,2.48161752735230355e-09,nan,0.00000000000000000e+00
69,1,-2.59027615575945707e-10,1.00000000000000000e+00,4.46883166884371313e-09,2,19,-3.50706035288747389e-10,1.25841524065772664e-09,-4.46883166884371313e-09,1.20377229959433137e-09,-3.25046314799979511e-09,1.05021953376221708e-09,4.53599727884344220e-09,1.98331129475466808e-09,4.20980405326776763e-09,9.00482894768715450e-09,4.79502489441938770e-09,7.78646042684323731e-09,19,2,1,5.76460752303767552e+17,19,2,1,5.76460752303767552e+17,16,5,2,3.32306998945331719e+35,5.55624021999999968e+02,0,9.00482894768715450e-09,nan,0.00000000000000000e+00
69,2,-4.53803665147849761e-10,1.00000000000000000e+00,2.63089392401939663e-09,2,19,7.82493316624410500e-10,-2.93330110037939294e-10,2.63089392401939663e-09,1.80210808961409260e-09,1.80818696846607470e-09,1.50971124224700604e-09,2.60115848878382327e-10,2.75407392302151983e-09,3.08469758916724639e-09,2.37077807514101420e-09,3.20787758816936959e-09,2.49395807414313740e-09,19,2,1,5.76460752303767552e+17,19,2,1,5.76460752303767552e+17,16,5,2,3.32306998945331719e+35,5.57356706000000031e+02,0,2.37077807514101420e-09,nan,0.00000000000000000e+00
69,3,7.35230192736837870e-10,1.00000000000000000e+00,2.28023195395496547e-09,2,19,3.27048787458602246e-10,-2.11607267536920725e-09,-1.85404102086245628e-10,-2.28023195395496547e-09,3.18323000059493433e-09,-3.67505041335724611e-09,3.19939329904860319e-10,4.17919756864704140e-09,3.01546214669180334e-09,6.45942952260200687e-09,4.41028060609408398e-09,7.85424798200428710e-09,19,2,1,5.76460752303767552e+17,19,2,1,5.76460752303767552e+17,16,5,2,3.32306998945331719e+35,5.60945776000000023e+02,0,6.45942952260200687e-09,nan,0.00000000000000000e+00
70,0,5.63510725421500712e-10,1.00000000000000000e+00,7.42819524901577810e-09,2,19,2.06830133891881141e-09,7.42819524901577810e-09,1.80977256447982292e-09,-8.18659341929584585e-10,4.63134975256813282e-09,-3.51686879493422610e-10,3.55250350278139994e-10,-3.35913045029142348e-10,6.86468452359427739e-09,7.77988212850920133e-09,4.06783902714663211e-09,4.98303663206155522e-09,19,2,1,5.76460752303767552e+17,19,2,1,5.76460752303767552e+17,16,5,2,3.32306998945331719e+35,5.61572558999999956e+02,0,7.77988212850920133e-09,nan,0.00000000000000000e+00
70,1,3.24743987682482440e-10,1.00000000000000000e+00,4.77038284221107741e-09,2,19,1.82295217899797449e-09,-4.77038284221107741e-09,1.59329907967747143e-09,-1.38569531858664707e-09,3.71372067471518691e-09,-2.00693515998450199e-09,2.21167987998251365e-09,1.59318179640436833e-09,5.09512682989355975e-09,2.97887711499101519e-09,3.38897668703270457e-09,5.72065583469968890e-09,19,2,1,5.76460752303767552e+17,19,2,1,5.76460752303767552e+17,16,5,2,3.32306998945331719e+35,5.46870390000000043e+02,0,2.97887711499101519e-09,nan,0.00000000000000000e+00
70,2,5.68469494975807786e-10,1.00000000000000000e+00,4.35044886272149276e-09,2,19,1.47005709521860168e-09,-4.35044886272149276e-09,2.86977466888206460e-09,-1.07382989471335198e-09,3.28768779597064025e-09,9.79474639333516551e-09,4.61065881586642214e-09,-6.70180285217973779e-09,4.91891835769730076e-09,1.41451952560566583e-08,9.22627689835935835e-09,1.64965492455149025e-08,19,2,1,5.76460752303767552e+17,19,2,1,5.76460752303767552e+17,16,5,2,3.32306998945331719e+35,5.54456756000000041e+02,0,1.41451952560566583e-08,nan,0.00000000000000000e+00
70,3,4.45207377693124657e-10,1.00000000000000000e+00,8.75802107737831243e-09,2,19,-1.30432173932664417e-09,-1.23203592841858130e-09,4.05419764624361608e-09,8.75802107737831243e-09,7.14765808010892090e-09,1.65625648557476953e-09,8.73984282505035374e-10,1.13553568289321286e-09,8.31281369968518819e-09,8.45197981943556507e-09,6.70245070241579666e-09,6.27367379760388512e-09,19,2,1,5.76460752303767552e+17,19,2,1,5.76460752303767552e+17,16,5,2,3.32306998945331719e+35,5.51946203999999966e+02,0,8.45197981943556507e-09,nan,0.00000000000000000e+00
71,0,1.43060562443710766e-10,1.00000000000000000e+00,6.72738725561335499e-09,2,19,-3.49946151594328043e-09,-1.79974789797213144e-10,-3.05226855547797983e-09,6.72738725561335499e-09,6.97315287036190415e-09,4.86351907295576114e-09,-2.89835633891743910e-09,1.11508876348273683e-09,6.58432669316964412e-09,1.04726143863051846e-08,6.83009230791819328e-09,9.87150920927934325e-09,19,2,1,5.76460752303767552e+17,19,2,1,5.76460752303767552e+17,16,5,2,3.32306998945331719e+35,5.43234974999999963e+02,0,1.04726143863051846e-08,nan,0.00000000000000000e+00
71,1,-1.48033931872088900e-10,1.00000000000000000e+00,3.52717344915964136e-09,2,19,3.52717344915964136e-09,5.20023253187611040e-10,1.61727941524019071e-09,-1.91818734362502278e-09,-4.13035123739893145e-09,3.65996052808517938e-09,5.68085256547937891e-09,-5.67376495668371405e-09,3.67520738103173005e-09,7.65752468655857363e-09,5.82888649735146760e-09,1.13546175221630938e-08,19,2,1,5.76460752303767552e+17,19,2,1,5.76460752303767552e+17,16,5,2,3.32306998945331719e+35,5.37043470999999954e+02,0,7.65752468655857363e-09,nan,0.00000000000000000e+00
71,2,1.20714164452730518e-09,1.00000000000000000e+00,3.61587377697243679e-09,2,19,8.32509985101829333e-10,5.81278545717404764e-10,3.61587377697243679e-09,2.76210432181691960e-09,-3.72261292217163615e-09,-3.59631006619073905e-09,-5.15148631347161361e-09,1.07172129760861640e-09,2.40873213244513141e-09,8.76736009044405123e-09,6.35862795799891899e-09,6.22320761108023043e-09,19,2,1,5.76460752303767552e+17,19,2,1,5.76460752303767552e+17,16,5,2,3.32306998945331719e+35,5.65271211999999991e+02,0,8.76736009044405123e-09,nan,0.00000000000000000e+00
71,3,5.88656211905187185e-10,1.00000000000000000e+00,1.44848231736581573e-08,2,19,-3.71304641622169445e-09,-1.44848231736581573e-08,6.33978799042167809e-09,6.60578178959175641e-09,-6.84846974747123892e-10,2.12307846063517404e-09,-6.33511141586120736e-09,-3.29142122962185613e-09,1.50734793855633451e-08,1.66079016342933306e-08,6.92376762776639434e-09,8.45818987649638223e-09,19,2,1,5.76460752303767552e+17,19,2,1,5.76460752303767552e+17,16,5,2,3.32306998945331719e+35,6.37812332999999967e+02,0,1.66079016342933306e-08,nan,0.00000000000000000e+00
72,0,3.62858206786803277e-10,1.00000000000000000e+00,4.55523376918827592e-09,2,19,4.01829301654390498e-09,-4.55523376918827592e-09,-2.09861114840266751e-09,-3.69269250258128241e-09,5.33508964856107209e-09,4.40785425592915571e-09,-2.79156461653130178e-09,5.98957394555090821e-09,4.91809197597507940e-09,9.68226644813218979e-09,5.62671573876410472e-09,8.78113856208220999e-09,19,2,1,5.76460752303767552e+17,19,2,1,5.76460752303767552e+17,16,5,2,3.32306998945331719e+35,5.49684187999999949e+02,0,9.68226644813218979e-09,nan,0.00000000000000000e+00
72,1,-4.83909615960564394e-10,1.00000000000000000e+00,4.79580056837821002e-09,2,19,-8.56731605047312779e-10,1.26605736970533608e-10,2.07836991454738689e-09,4.79580056837821002e-09,-5.61104762593207171e-09,5.14743450712372831e-09,5.92685553207023753e-09,-4.09381786154378105e-09,5.27971018433877462e-09,8.88961842992199107e-09,6.41076514803080213e-09,1.15379031580023092e-08,19,2,1,5.76460752303767552e+17,19,2,1,5.76460752303767552e+17,16,5,2,3.32306998945331719e+35,5.38674265999999989e+02,0,8.88961842992199107e-09,nan,0.00000000000000000e+00
72,2,-6.33900070662159274e-10,1.00000000000000000e+00,5.26108290698689425e-09,2,19,-2.28442150107424242e-09,-4.36486776067866074e-09,2.19623101098505313e-09,5.26108290698689425e-09,-5.82302415384725725e-09,-1.99079851166180044e-09,-8.99323082233564487e-10,-1.70994291082458629e-09,5.89498297764905332e-09,6.97102581781148075e-09,5.18912408318509818e-09,4.92370107161369318e-09,19,2,1,5.76460752303767552e+17,19,2,1,5.76460752303767552e+17,16,5,2,3.32306998945331719e+35,5.53562087000000020e+02,0,6.97102581781148075e-09,nan,0.00000000000000000e+00
72,3,-1.87063550289959176e-09,1.00000000000000000e+00,9.04528339776207967e-09,2,19,-9.04528339776207967e-09,3.40044498650420568e-09,6.47958044965358856e-09,1.02435356718138792e-09,-7.65764298739497201e-09,-7.71441330910890283e-09,1.05837193438134332e-09,-2.81446851338899524e-09,8.35021595255317949e-09,1.11148582956131089e-08,5.84377780620931107e-09,8.77278524349024615e-09,19,2,1,5.76460752303767552e+17,19,2,1,5.76460752303767552e+17,16,5,2,3.32306998945331719e+35,5.42940741000000003e+02,0,1.11148582956131089e-08,nan,0.00000000000000000e+00
73,0,-1.93100813815307766e-09,1.00000000000000000e+00,1.19347683446066555e-08,2,19,-2.36449187992832198e-09,-3.35428620685604229e-09,-1.19347683446066555e-08,-5.52791338786982360e-09,-3.81166280165014892e-10,-1.85881228583621845e-09,-6.01242990764504234e-09,2.63916569035990104e-09,1.00037602064535782e-08,8.16707907822972464e-09,4.57017382851297829e-09,8.65159559800494338e-09,19,2,1,5.76460752303767552e+17,19,2,1,5.76460752303767552e+17,16,5,2,3.32306998945331719e+35,5.41247161000000006e+02,0,8.16707907822972464e-09,nan,0.00000000000000000e+00
73,1,-1.53631138552386269e-09,1.00000000000000000e+00,5.31938025020972416e-09,2,19,1.01391052899475217e-09,-5.31938025020972416e-09,1.14418008500318955e-09,-1.45469697229574249e-09,-9.88887069019089588e-10,-2.40759097395212828e-10,3.77936306091206842e-09,-6.24455575453277489e-09,3.78306886468586168e-09,5.07862115281451134e-09,5.31567444643593091e-09,1.00239188154448433e-08,19,2,1,5.76460752303767552e+17,19,2,1,5.76460752303767552e+17,16,5,2,3.32306998945331719e+35,5.48315163999999982e+02,0,5.07862115281451134e-09,nan,0.00000000000000000e+00
73,2,-2.80932485349068499e-10,1.00000000000000000e+00,4.51782334101417679e-09,2,19,4.51782334101417679e-09,2.24796414740182305e-10,-2.39176107911541458e-09,1.85468315266202750e-09,-2.14595485624746016e-09,-2.67521488877308640e-10,-5.67188474879494170e-10,-3.09846246656951875e-09,4.79875582636324493e-09,6.66377819726163654e-09,2.81752998122045020e-09,2.83094097769221031e-09,19,2,1,5.76460752303767552e+17,19,2,1,5.76460752303767552e+17,16,5,2,3.32306998945331719e+35,5.38618660999999975e+02,0,6.66377819726163654e-09,nan,0.00000000000000000e+00
73,3,1.17754474015619773e-10,1.00000000000000000e+00,6.27936563606056848e-09,2,19,4.82103627290373096e-09,6.27936563606056848e-09,-6.82001969539114205e-11,3.52137891738465037e-09,-1.64979109539829487e-09,7.32701842672915956e-10,4.38376982222725377e-09,2.43920340302602589e-09,6.16161116204494845e-09,6.47082736830202542e-09,4.26601534821163374e-09,6.03356091762554823e-09,19,2,1,5.76460752303767552e+17,19,2,1,5.76460752303767552e+17,16,5,2,3.32306998945331719e+35,5.52086876999999959e+02,0,6.47082736830202542e-09,nan,0.00000000000000000e+00
74,0,3.79905764757585249e-11,1.00000000000000000e+00,1.43017690905595966e-08,2,19,7.82032646091353369e-09,1.43017690905595966e-08,-4.25762979163380455e-09,2.70724332959419015e-09,4.81694232303219650e-09,1.30756334809181780e-09,-1.09716812844262685e-08,4.92527676347288701e-09,1.42637785140838386e-08,1.29942057424677784e-08,1.10096718609020265e-08,1.58969580478991572e-08,19,2,1,5.76460752303767552e+17,19,2,1,5.76460752303767552e+17,16,5,2,3.32306998945331719e+35,5.46448005999999964e+02,0,1.29942057424677784e-08,nan,0.00000000000000000e+00
74,1,3.47938954663585456e-09,1.00000000000000000e+00,1.44595188767946761e-08,2,19,-1.44595188767946761e-08,-5.31701337842956637e-09,1.72337743760069033e-09,3.50503347752667376e-09,5.71000319590956263e-09,1.21079379434505618e-08,2.44788376726471851e-09,2.65316729313310991e-09,1.79389084234305294e-08,2.01695220727042403e-08,8.62854839681470681e-09,9.66005417618584327e-09,19,2,1,5.76460752303767552e+17,19,2,1,5.76460752303767552e+17,16,5,2,3.32306998945331719e+35,5.45712998999999968e+02,0,2.01695220727042403e-08,nan,0.00000000000000000e+00
74,2,4.27916671052243553e-09,1.00000000000000000e+00,8.95998337866647284e-09,2,19,1.00400471370996061e-09,8.95998337866647284e-09,-4.23059812620867845e-09,-4.37580114203835360e-09,2.94680479664464160e-09,3.70666905767284349e-10,1.43704373916734141e-08,2.89134712597148254e-09,8.65496785256078996e-09,1.86010355178820917e-08,1.00912706811509786e-08,1.39997704859061304e-08,19,2,1,5.76460752303767552e+17,19,2,1,5.76460752303767552e+17,16,5,2,3.32306998945331719e+35,5.82677935000000048e+02,0,1.86010355178820917e-08,nan,0.00000000000000000e+00
74,3,4.53235283188866588e-09,1.00000000000000000e+00,2.16363716634658712e-08,2,19,1.86092344489803486e-08,2.16363716634658712e-08,-6.50856763196551719e-09,2.00138754367542284e-09,9.94690936390570322e-09,1.15709576336809296e-08,1.01161054531258369e-08,1.00955641423142967e-08,1.71040188315772045e-08,1.66246730850913549e-08,7.03860480179226376e-09,1.62404826977522643e-09,19,2,1,5.76460752303767552e+17,19,2,1,5.76460752303767552e+17,16,5,2,3.32306998945331719e+35,5.54708844999999997e+02,0,1.66246730850913549e-08,nan,0.00000000000000000e+00
75,0,-1.20637900657518364e-09,1.00000000000000000e+00,1.08911963741252919e-08,2,19,1.08911963741252919e-08,-9.71588422125049684e-11,2.22516170148117310e-10,-1.68025653508041862e-09,1.14392101584632131e-08,2.94768154144316917e-08,-1.66121160406376537e-08,1.59129351392768838e-09,1.20975753807004756e-08,2.95739742566441958e-08,3.06831944210068737e-08,4.60889314550693487e-08,19,2,1,5.76460752303767552e+17,19,2,1,5.76460752303767552e+17,16,5,2,3.32306998945331719e+35,5.41381055999999944e+02,0,2.95739742566441958e-08,nan,0.00000000000000000e+00
75,1,1.82656112810366613e-09,1.00000000000000000e+00,8.30271488811469350e-09,2,19,3.13896840417132612e-09,9.52847317516495394e-11,6.63414230011557276e-11,8.30271488811469350e-09,7.22836875232408092e-09,-2.60863779263957726e-09,1.58607931378666161e-09,1.60168072314900464e-08,6.47615376001102757e-09,7.71409234337535295e-09,1.41902461033863805e-08,1.86254450241296220e-08,19,2,1,5.76460752303767552e+17,19,2,1,5.76460752303767552e+17,16,5,2,3.32306998945331719e+35,5.45625563000000056e+02,0,7.71409234337535295e-09,nan,0.00000000000000000e+00
75,2,3.12322167645792497e-10,1.00000000000000000e+00,1.36396658068382866e-08,2,19,-2.00084104611203917e-09,-7.73846838148604018e-09,-1.03990745099446846e-08,-1.36396658068382866e-08,-1.01536784210366550e-08,-7.81864251100736579e-09,4.47944997324061069e-09,-3.39794599343671496e-09,1.39519879744840797e-08,1.48785244831852952e-08,1.04660005886824481e-08,1.46331283942772657e-08,19,2,1,5.76460752303767552e+17,19,2,1,5.76460752303767552e+17,16,5,2,3.32306998945331719e+35,5.40264189999999985e+02,0,1.48785244831852952e-08,nan,0.00000000000000000e+00
75,3,-8.42072559429790591e-11,1.00000000000000000e+00,1.57411253013574402e-08,2,19,1.57411253013574402e-08,4.40331323043055897e-09,-2.70892463025830693e-10,-1.47928951402926924e-08,3.03488708153582280e-09,7.36480469787561561e-09,-1.49710557626078853e-09,-1.33538174204797592e-08,1.58253325573004185e-08,1.27062382198216178e-08,1.32696101645367808e-08,2.07186221183553748e-08,19,2,1,5.76460752303767552e+17,19,2,1,5.76460752303767552e+17,16,5,2,3.32306998945331719e+35,5.51696249999999964e+02,0,1.27062382198216178e-08,nan,0.00000000000000000e+00
76,0,4.97643379844098243e-09,1.00000000000000000e+00,1.75572549880879820e-08,2,19,1.75572549880879820e-08,-6.72368221014885840e-09,1.44989863438110325e-08,1.91656807423916500e-09,-1.16341606701712303e-08,1.12284174031637826e-08,4.86126044515129468e-09,-5.36963179185037295e-09,1.25808211896469987e-08,2.91914156582592106e-08,1.66105944686122119e-08,2.28625780733350129e-08,19,2,1,5.76460752303767552e+17,19,2,1,5.76460752303767552e+17,16,5,2,3.32306998945331719e+35,5.48171899000000053e+02,0,2.91914156582592106e-08,nan,0.00000000000000000e+00
76,1,-5.42631065533333080e-10,1.00000000000000000e+00,1.10978563083058264e-08,2,19,-7.38345357454514008e-09,1.31359210466298095e-09,-1.26083439614735815e-09,1.10978563083058264e-08,-1.03885636070244040e-08,-6.48497440845189322e-10,-1.67991305732909425e-08,1.95639198125280010e-08,1.16404873738391593e-08,1.55382961771435852e-08,2.01065508780613339e-08,3.63630503858189436e-08,19,2,1,5.76460752303767552e+17,19,2,1,5.76460752303767552e+17,16,5,2,3.32306998945331719e+35,5.55810998000000041e+02,0,1.55382961771435852e-08,nan,0.00000000000000000e+00
76,2,5.19290102543976503e-10,1.00000000000000000e+00,1.91740023651012608e-08,2,19,2.02529096604531786e-10,1.91655331017443546e-08,-1.42100561202458270e-08,-1.91740023651012608e-08,5.33610833142499965e-09,3.28288534973884852e-09,-3.13825750435464261e-09,1.61480042274477964e-08,1.96932924676452360e-08,3.53220065925490572e-08,1.56287141249038212e-08,1.92862617318024381e-08,19,2,1,5.76460752303767552e+17,19,2,1,5.76460752303767552e+17,16,5,2,3.32306998945331719e+35,5.39158554999999978e+02,0,3.53220065925490572e-08,nan,0.00000000000000000e+00
76,3,-2.61483808913826393e-09,1.00000000000000000e+00,1.28477619441961448e-08,2,19,-2.81210717364363850e-09,-1.06100428087588360e-08,3.78265664284972548e-09,-1.28477619441961448e-08,1.31659963690808414e-08,-2.67867861143396920e-08,2.34587747081394418e-08,-3.17319712690139879e-10,1.02329238550578813e-08,1.96761180652897180e-08,2.60736127972777070e-08,5.02455608224791338e-08,19,2,1,5.76460752303767552e+17,19,2,1,5.76460752303767552e+17,16,5,2,3.32306998945331719e+35,5.48018282999999997e+02,0,1.96761180652897180e-08,nan,0.00000000000000000e+00
77,0,-1.01247923220272105e-08,1.00000000000000000e+00,2.03871350742620015e-08,2,19,-2.03871350742620015e-08,6.05699670721644015e-09,4.90619294237995316e-09,-6.84158253389921253e-09,-1.46845984092111258e-08,3.12544693493477910e-08,-1.58455137306216842e-08,7.95921435928404524e-09,1.61817890292436515e-08,2.51974726421313516e-08,4.13792616713749998e-08,4.70999830799694752e-08,19,2,1,5.76460752303767552e+17,19,2,1,5.76460752303767552e+17,16,5,2,3.32306998945331719e+35,5.36812129000000027e+02,0,2.51974726421313516e-08,nan,0.00000000000000000e+00
77,1,-9.77020749826980197e-09,1.00000000000000000e+00,1.40354972001057212e-08,2,19,-1.34007711346790957e-08,-1.40354972001057212e-08,-9.37019098367847601e-09,9.53955939081718172e-09,1.22897381086866211e-08,-1.63925931345380440e-08,-3.17027741290070389e-08,-1.17112050390776307e-08,1.93097668890869853e-08,2.56905092433657152e-08,2.20599456069564231e-08,4.39925122376936632e-08,19,2,1,5.76460752303767552e+17,19,2,1,5.76460752303767552e+17,16,5,2,3.32306998945331719e+35,5.47522602000000006e+02,0,2.56905092433657152e-08,nan,0.00000000000000000e+00
77,2,-6.61388574648695286e-09,1.00000000000000000e+00,1.90219788274052809e-08,2,19,1.00065332969079294e-08,-1.90219788274052809e-08,-6.41377986237633641e-09,8.03896854558222931e-09,3.45569880722663819e-09,-7.25046402641784118e-09,-1.91741989290798776e-08,-1.30891115107569145e-08,1.66204190433948814e-08,2.11280800563391438e-08,1.25603131825929256e-08,2.26298977363065158e-08,19,2,1,5.76460752303767552e+17,19,2,1,5.76460752303767552e+17,16,5,2,3.32306998945331719e+35,5.53443370999999956e+02,0,2.11280800563391438e-08,nan,0.00000000000000000e+00
77,3,-7.24698281242410535e-09,1.00000000000000000e+00,2.44571537227799482e-08,2,19,-1.03139857769604964e-08,-2.44571537227799482e-08,-1.71397493505820327e-08,1.06535470275881495e-11,-2.13078150515484716e-08,-1.02352189668115441e-08,-6.19660172480271910e-09,2.34193480656589364e-09,1.72101709103558412e-08,1.42219347559684040e-08,1.40608322391243662e-08,2.36497498581143644e-08,19,2,1,5.76460752303767552e+17,19,2,1,5.76460752303767552e+17,16,5,2,3.32306998945331719e+35,5.56365809000000013e+02,0,1.42219347559684040e-08,nan,0.00000000000000000e+00
78,0,3.45654795059776102e-09,1.00000000000000000e+00,1.77991286332076727e-08,2,19,9.63697438849106124e-09,-4.59149892256003741e-09,1.77991286332076727e-08,1.13912103385915574e-08,4.03339329409605637e-09,2.11730454984915816e-09,3.43806923401997550e-08,-1.38139811726671578e-10,1.43425806826099125e-08,1.65815637069920824e-08,3.09241443896019948e-08,3.45188321519264291e-08,19,2,1,5.76460752303767552e+17,19,2,1,5.76460752303767552e+17,16,5,2,3.32306998945331719e+35,5.42425578999999971e+02,0,1.65815637069920824e-08,nan,0.00000000000000000e+00
78,1,-9.72040464550742688e-10,1.00000000000000000e+00,2.08427584541125634e-08,2,19,1.97533395650327170e-08,-2.08427584541125634e-08,-7.43922190236919589e-09,1.18588271817782583e-08,-8.55472562475096088e-09,1.06120897585709666e-08,3.60466373976269168e-08,-1.96059270106949592e-08,2.07253800295834601e-08,4.34858592999961151e-08,3.70186778621776599e-08,5.56525644083218759e-08,19,2,1,5.76460752303767552e+17,19,2,1,5.76460752303767552e+17,16,5,2,3.32306998945331719e+35,5.59564107000000035e+02,0,4.34858592999961151e-08,nan,0.00000000000000000e+00
78,2,-2.05327835627001670e-09,1.00000000000000000e+00,1.34747872487069173e-08,2,19,-1.31775058596062299e-08,1.34747872487069173e-08,3.70141681879690356e-09,3.47955696428130614e-09,-5.92570405283220228e-10,9.21453830818318880e-09,1.55788385997766628e-08,1.59902582808180150e-09,1.55280656049769335e-08,1.25849354543230096e-08,1.76321169560466791e-08,1.61714090050598847e-08,19,2,1,5.76460752303767552e+17,19,2,1,5.76460752303767552e+17,16,5,2,3.32306998945331719e+35,5.65540663999999992e+02,0,1.25849354543230096e-08,nan,0.00000000000000000e+00
78,3,-7.23053917591091226e-10,1.00000000000000000e+00,2.48369847018193137e-08,2,19,3.81585706156004426e-09,-2.48369847018193137e-08,1.46473461400406320e-08,-1.79526245193704753e-08,-4.97305921992707471e-08,5.64395816297985663e-11,1.08126603456706714e-08,4.56476092794526523e-09,2.41139307842282212e-08,5.35464492608307889e-08,4.90075382816796580e-08,6.05432525449414152e-08,19,2,1,5.76460752303767552e+17,19,2,1,5.76460752303767552e+17,16,5,2,3.32306998945331719e+35,5.49168429999999944e+02,0,5.35464492608307889e-08,nan,0.00000000000000000e+00
79,0,-6.42510841008197288e-09,1.00000000000000000e+00,2.90986465310132341e-08,2,19,-1.10541384398918723e-09,-2.90986465310132341e-08,1.63347712759778828e-08,1.81239670445783482e-08,1.19275184867753405e-08,5.49669161482595647e-09,1.46764726036184622e-09,3.27829752976606722e-09,2.45490754546603211e-08,3.45953381458391897e-08,1.83526268968573134e-08,1.04598712264134943e-08,19,2,1,5.76460752303767552e+17,19,2,1,5.76460752303767552e+17,16,5,2,3.32306998945331719e+35,5.43925292000000013e+02,0,3.45953381458391897e-08,nan,0.00000000000000000e+00
79,1,-6.98119948680840038e-09,1.00000000000000000e+00,2.15832909272631985e-08,2,19,-2.15832909272631985e-08,1.14865338638129948e-08,-5.08567018571988885e-09,-1.82333872993407946e-09,-2.08925552038175289e-08,-2.35785746677212261e-08,-1.28473544397698873e-08,7.88314173902806777e-09,1.84677333506213952e-08,3.50651085315342225e-08,1.65973751809128274e-08,3.14617164067492939e-08,19,2,1,5.76460752303767552e+17,19,2,1,5.76460752303767552e+17,16,5,2,3.32306998945331719e+35,5.48596046000000001e+02,0,3.50651085315342225e-08,nan,0.00000000000000000e+00
79,2,-1.16768165369834705e-08,1.00000000000000000e+00,6.30200667056960560e-08,2,19,-3.01806105522073263e-08,-1.99907454670470187e-10,-6.30200667056960560e-08,-5.85146795536324060e-09,-1.54598601075471471e-08,-7.56950615565389846e-09,-2.23089269090740155e-08,-7.10340483600003264e-09,5.13432501687125838e-08,4.07111397966220405e-08,1.06321103720905449e-08,1.52055220730739828e-08,19,2,1,5.76460752303767552e+17,19,2,1,5.76460752303767552e+17,16,5,2,3.32306998945331719e+35,6.03893370000000004e+02,0,4.07111397966220405e-08,nan,0.00000000000000000e+00
79,3,-8.00739296537036295e-09,1.00000000000000000e+00,2.22505431240234890e-08,2,19,6.88609987024318083e-09,7.16434978189917342e-09,-3.02274885189707853e-09,-2.22505431240234890e-08,-3.14654725698826047e-08,-3.38097668551407280e-08,-4.61711879097296382e-08,3.89917012802552138e-09,1.51717427472695347e-08,4.31484390578325588e-08,3.81637949443592736e-08,5.00703580377551562e-08,19,2,1,5.76460752303767552e+17,19,2,1,5.76460752303767552e+17,16,5,2,3.32306998945331719e+35,5.48676844999999958e+02,0,4.31484390578325588e-08,nan,0.00000000000000000e+00
80,0,-6.87879549304331931e-09,1.00000000000000000e+00,3.43217083621545357e-08,2,19,-3.43217083621545357e-08,3.97341301391372669e-09,-5.06088015197200732e-09,-6.71768932977768270e-09,5.04648807973846507e-09,6.08315460083562969e-09,3.67407890972190115e-09,-3.41735315027798455e-09,2.74429128691112164e-08,3.93681964418930008e-08,1.29619500938789490e-08,9.50050775111361466e-09,19,2,1,5.76460752303767552e+17,19,2,1,5.76460752303767552e+17,16,5,2,3.32306998945331719e+35,5.40705835999999977e+02,0,3.93681964418930008e-08,nan,0.00000000000000000e+00
80,1,-1.23095993871704324e-08,1.00000000000000000e+00,2.71053427258554378e-08,2,19,-2.71053427258554378e-08,-1.63658731606679209e-08,-2.22159484621073462e-08,-1.81744772099468612e-08,1.94491661098916832e-08,-8.89301034195614147e-09,-1.83845586080893603e-08,-3.65045159679176349e-09,1.47957433386850054e-08,4.65545088357471176e-08,3.17587654970621156e-08,3.78337247179810435e-08,19,2,1,5.76460752303767552e+17,19,2,1,5.76460752303767552e+17,16,5,2,3.32306998945331719e+35,5.36742066000000023e+02,0,4.65545088357471176e-08,nan,0.00000000000000000e+00
80,2,-1.04941412826390042e-08,1.00000000000000000e+00,1.95185533390728713e-08,2,19,-7.23937320302005645e-09,1.00806528055821221e-08,1.62375441215458462e-08,1.95185533390728713e-08,-3.90156488876212941e-08,-4.60584149439978057e-08,-1.68197110831522764e-08,4.88109839152944960e-09,3.00126946217118738e-08,5.61390677495799295e-08,3.55642736613588032e-08,5.09395133355272586e-08,19,2,1,5.76460752303767552e+17,19,2,1,5.76460752303767552e+17,16,5,2,3.32306998945331719e+35,5.44725071999999955e+02,0,5.61390677495799295e-08,nan,0.00000000000000000e+00
80,3,-1.49884673824888230e-08,1.00000000000000000e+00,5.84215668987190889e-08,2,19,-2.61747144646566746e-08,2.34101135424605811e-08,8.12550199249326432e-09,-5.84215668987190889e-08,-4.28885613578177032e-08,-2.49361661608829621e-08,-5.71942125542164207e-09,3.73050147594434242e-09,4.34330995162302691e-08,6.21520683746634329e-08,2.79000939753288802e-08,4.66190628337620473e-08,19,2,1,5.76460752303767552e+17,19,2,1,5.76460752303767552e+17,16,5,2,3.32306998945331719e+35,5.51391254000000004e+02,0,6.21520683746634329e-08,nan,0.00000000000000000e+00
81,0,-6.31896140932559235e-09,1.00000000000000000e+00,5.24775708447237141e-08,2,19,-1.74893554685390898e-08,-2.88748098047865512e-08,-9.36508585693159309e-09,-5.24775708447237141e-08,2.02162522843407231e-08,-4.13094578320601109e-08,-2.96706787957690158e-08,-1.14479527959205859e-09,4.61586094353981234e-08,5.13327755651316522e-08,3.49904964227345202e-08,6.15257101164008274e-08,19,2,1,5.76460752303767552e+17,19,2,1,5.76460752303767552e+17,16,5,2,3.32306998945331719e+35,5.35850458000000003e+02,0,5.13327755651316522e-08,nan,0.00000000000000000e+00
81,1,-1.05761581019621227e-08,1.00000000000000000e+00,4.37781502879332513e-08,2,19,1.62031912492333088e-09,-4.37781502879332513e-08,-5.27374728014004395e-09,-1.70638394197389496e-08,-7.55693243317946612e-09,-1.88609055922007082e-08,-2.18113875792156912e-08,1.93734814782360878e-08,3.32019921859711319e-08,3.64373208979750374e-08,2.99496395801982071e-08,4.11848690574517790e-08,19,2,1,5.76460752303767552e+17,19,2,1,5.76460752303767552e+17,16,5,2,3.32306998945331719e+35,5.49869658999999956e+02,0,3.64373208979750374e-08,nan,0.00000000000000000e+00
81,2,-7.30026614301425756e-09,1.00000000000000000e+00,4.56941357255658472e-08,2,19,2.44705526201800447e-08,3.33497268981095530e-08,4.56941357255658472e-08,3.75045385388404517e-09,-2.17314472528047368e-08,-3.68901512535660890e-08,-1.64942394596098863e-08,-1.27667506914451238e-08,5.29944018685801056e-08,7.02398781516756419e-08,2.95898851105518306e-08,2.41234005621209668e-08,19,2,1,5.76460752303767552e+17,19,2,1,5.76460752303767552e+17,16,5,2,3.32306998945331719e+35,5.44297881999999959e+02,0,7.02398781516756419e-08,nan,0.00000000000000000e+00
81,3,-2.07247160777899060e-09,1.00000000000000000e+00,1.99180973849908985e-08,2,19,4.90766625207790118e-09,3.98233268876005629e-09,-1.99180973849908985e-08,4.50860097588703356e-09,4.13460733265182626e-08,2.10048701430755049e-08,-5.01716810454299124e-08,2.21282080429684907e-08,1.78456257772119083e-08,3.64384070744403581e-08,4.80992094376509222e-08,9.15177543719481751e-08,19,2,1,5.76460752303767552e+17,19,2,1,5.76460752303767552e+17,16,5,2,3.32306998945331719e+35,5.41614949000000024e+02,0,3.64384070744403581e-08,nan,0.00000000000000000e+00
82,0,-6.21864202479851180e-09,1.00000000000000000e+00,2.21711230168839970e-08,2,19,-1.35714025048207925e-08,2.21711230168839970e-08,-1.61775781130351262e-08,1.72507028974466784e-08,4.59546506298711079e-08,-3.31416057271298250e-08,5.10879882701693345e-08,-1.57552783403306818e-08,2.83897650416825105e-08,6.72655663832044574e-08,5.73066302949678479e-08,8.42295939972991595e-08,19,2,1,5.76460752303767552e+17,19,2,1,5.76460752303767552e+17,16,5,2,3.32306998945331719e+35,5.31479003000000034e+02,0,6.72655663832044574e-08,nan,0.00000000000000000e+00
82,1,2.20782767140674923e-09,1.00000000000000000e+00,3.08617630147043357e-08,2,19,3.08617630147043357e-08,9.35315360461002688e-09,4.18613301531151310e-09,-2.60133513166640701e-08,1.24418925390808730e-08,1.24742240615356218e-08,1.76407670062758366e-08,-1.04588590176411892e-09,2.86539353432975852e-08,2.49674654148999521e-08,1.54329393348690862e-08,1.86866529080399547e-08,19,2,1,5.76460752303767552e+17,19,2,1,5.76460752303767552e+17,16,5,2,3.32306998945331719e+35,5.41730242999999973e+02,0,2.49674654148999521e-08,nan,0.00000000000000000e+00
82,2,-2.62197924759832601e-09,1.00000000000000000e+00,3.45281691095212682e-08,2,19,9.98583658210623550e-09,-1.23919956581485071e-08,2.86812693257817956e-08,-3.45281691095212682e-08,1.28092469885089443e-08,-3.61069253933666713e-09,9.70312886421182962e-09,-1.22003316482069693e-09,3.19061898619229447e-08,3.33081359447005738e-08,1.54312262361072712e-08,1.64199395278456123e-08,19,2,1,5.76460752303767552e+17,19,2,1,5.76460752303767552e+17,16,5,2,3.32306998945331719e+35,5.43814976999999999e+02,0,3.33081359447005738e-08,nan,0.00000000000000000e+00
82,3,-2.89619664612611297e-10,1.00000000000000000e+00,3.73461563589685454e-08,2,19,3.73461563589685454e-08,1.21649953786615247e-08,2.94760066328026322e-08,1.36469458502170719e-08,-2.48574370547153927e-08,-4.32909084011902576e-08,5.68566112154390078e-09,4.12606275860894642e-08,3.76357760235811541e-08,6.22035934136839414e-08,4.30012887365776488e-08,8.45515359872797218e-08,19,2,1,5.76460752303767552e+17,19,2,1,5.76460752303767552e+17,16,5,2,3.32306998945331719e+35,5.44100699999999961e+02,0,6.22035934136839414e-08,nan,0.00000000000000000e+00
83,0,-1.14424688097008629e-08,1.00000000000000000e+00,6.31374060687075228e-08,2,19,-5.52072912099210979e-08,2.82379129425398788e-08,6.31374060687075228e-08,-1.79745228147330270e-08,4.86308040789349053e-08,1.28588429924226475e-08,-2.50939803965072993e-08,1.54760433073406800e-08,7.45798748784083873e-08,1.03838095288856003e-07,6.00732728886357699e-08,7.37247844754422046e-08,19,2,1,5.76460752303767552e+17,19,2,1,5.76460752303767552e+17,16,5,2,3.32306998945331719e+35,5.41668300000000045e+02,0,1.03838095288856003e-07,nan,0.00000000000000000e+00
83,1,1.97213535906374258e-09,1.00000000000000000e+00,9.84659724800449585e-08,2,19,3.74672155922276751e-08,2.01987463815768014e-08,9.84659724800449585e-08,-7.26695353661152831e-10,4.72612798170685431e-08,3.08125315177887513e-09,6.04697817034448860e-08,-2.67355416649848754e-08,9.64938371209812209e-08,3.79961907766000724e-08,5.84976463443811418e-08,8.72053233684297647e-08,19,2,1,5.76460752303767552e+17,19,2,1,5.76460752303767552e+17,16,5,2,3.32306998945331719e+35,5.45404569000000038e+02,0,3.79961907766000724e-08,nan,0.00000000000000000e+00
83,2,-3.24546542712580760e-09,1.00000000000000000e+00,6.13619780765086249e-08,2,19,8.70803694633653236e-10,-6.13619780765086249e-08,-7.14283177337082020e-09,4.37665749785335424e-08,5.69932309290297600e-08,-1.02736600682736594e-07,4.23110491701311532e-08,-2.93487719366793642e-08,5.81165126493828186e-08,7.31153469152129066e-08,9.94911352556107875e-08,1.59729831611766354e-07,19,2,1,5.76460752303767552e+17,19,2,1,5.76460752303767552e+17,16,5,2,3.32306998945331719e+35,5.41814585999999963e+02,0,7.31153469152129066e-08,nan,0.00000000000000000e+00
83,3,-3.88133887629625097e-09,1.00000000000000000e+00,4.92131585328487562e-08,2,19,-2.29515324373740409e-08,1.76459254792620980e-10,4.92131585328487562e-08,3.36959608354999716e-08,-2.72886610204886796e-08,-2.10100808594141435e-08,-4.63225361735427522e-08,2.59070421082169609e-08,5.30944974091450063e-08,9.55356947063915084e-08,4.24411972972465020e-08,7.22295782817597098e-08,19,2,1,5.76460752303767552e+17,19,2,1,5.76460752303767552e+17,16,5,2,3.32306998945331719e+35,5.48356608000000051e+02,0,9.55356947063915084e-08,nan,0.00000000000000000e+00
84,0,-1.15456258955220821e-09,1.00000000000000000e+00,6.69966125060375167e-08,2,19,-4.40032008247666592e-08,-6.69966125060375167e-08,2.03170034311378579e-08,4.82772716349776465e-09,-5.29782496883271794e-08,-1.02344802650919509e-08,-1.55442032511609310e-08,-1.30074391433842215e-09,6.58420499164853151e-08,5.67621322409455675e-08,5.18236870987749712e-08,5.16775057739887556e-08,19,2,1,5.76460752303767552e+17,19,2,1,5.76460752303767552e+17,16,5,2,3.32306998945331719e+35,5.45164514000000054e+02,0,5.67621322409455675e-08,nan,0.00000000000000000e+00
84,1,-2.03360421581799695e-08,1.00000000000000000e+00,7.62617864664722568e-08,2,19,-1.46392732268901237e-08,3.59330804026432663e-08,3.51102795991123735e-08,7.62617864664722568e-08,4.73835133492910124e-08,7.96194175811121320e-09,-5.08308807814852449e-08,-4.18118574909900345e-08,9.65978286246522296e-08,1.18073643957462291e-07,6.77195555074709787e-08,9.82143941307762573e-08,19,2,1,5.76460752303767552e+17,19,2,1,5.76460752303767552e+17,16,5,2,3.32306998945331719e+35,5.78516183999999953e+02,0,1.18073643957462291e-07,nan,0.00000000000000000e+00
84,2,-1.65581108166204547e-08,1.00000000000000000e+00,8.29520455825067466e-08,2,19,8.29520455825067466e-08,-4.99315060063826660e-08,-5.03978724795287354e-09,-1.59184017144323145e-08,9.78447387631746237e-09,-6.33242812606375224e-08,8.66688391301039149e-09,2.64778055539696536e-08,9.95101563991271980e-08,7.31675717061892776e-08,4.67661704440170710e-08,8.98020868146071695e-08,19,2,1,5.76460752303767552e+17,19,2,1,5.76460752303767552e+17,16,5,2,3.32306998945331719e+35,5.60397602000000006e+02,0,7.31675717061892776e-08,nan,0.00000000000000000e+00
84,3,-2.35651460532823261e-08,1.00000000000000000e+00,4.84181749031404888e-08,2,19,-4.84181749031404888e-08,-2.12716658320141557e-08,1.32295224018232549e-08,-1.29050974397415915e-08,5.89306476056290636e-11,-1.12287682407719287e-07,1.45301174544051771e-08,-1.93020226639125074e-08,3.67946684551055810e-08,9.10160165757051375e-08,8.87225363544369571e-08,1.26817799862124457e-07,19,2,1,5.76460752303767552e+17,19,2,1,5.76460752303767552e+17,16,5,2,3.32306998945331719e+35,5.46886557000000039e+02,0,9.10160165757051375e-08,nan,0.00000000000000000e+00
85,0,-2.27598290811211081e-08,1.00000000000000000e+00,1.06163944399014807e-07,2,19,2.33651548516891740e-08,-1.37117052623502467e-08,-1.06163944399014807e-07,-4.15679489009786777e-08,1.66126532556348312e-08,-3.44113807509480956e-08,4.97273203961799728e-09,3.04344183349841473e-08,8.34041153178937056e-08,1.11136676438632809e-07,5.31942474161052553e-08,6.48457990859322428e-08,19,2,1,5.76460752303767552e+17,19,2,1,5.76460752303767552e+17,16,5,2,3.32306998945331719e+35,5.35911221999999952e+02,0,1.11136676438632809e-07,nan,0.00000000000000000e+00
85,1,-2.31631319019082141e-08,1.00000000000000000e+00,7.28644451297065881e-08,2,19,-1.09970956729472780e-08,-7.28644451297065881e-08,4.41616686978567161e-08,-7.16251085872727999e-08,2.74074344945992680e-09,-4.42861924091040942e-08,1.12436419203196864e-08,-1.56293446912719041e-09,6.73248005997649368e-08,7.00621741181456161e-08,3.44067738222279005e-08,5.55298343294237806e-08,19,2,1,5.76460752303767552e+17,19,2,1,5.76460752303767552e+17,16,5,2,3.32306998945331719e+35,5.40268498000000022e+02,0,7.00621741181456161e-08,nan,0.00000000000000000e+00
85,2,-1.59352901072689869e-08,1.00000000000000000e+00,5.32269294923931741e-08,2,19,2.13583496240697339e-09,4.09475579251587316e-08,-2.32635781382184428e-10,-5.32269294923931741e-08,-1.95088986069173246e-08,-8.68289853003134549e-08,5.77540326872827708e-08,-4.45651788080515773e-08,5.68828480324277151e-08,1.27776543225472180e-07,7.36893227945517610e-08,1.44583017987596239e-07,19,2,1,5.76460752303767552e+17,19,2,1,5.76460752303767552e+17,16,5,2,3.32306998945331719e+35,5.46821591000000012e+02,0,1.27776543225472180e-07,nan,0.00000000000000000e+00
85,3,-1.54885031299309078e-08,1.00000000000000000e+00,5.56082973446777797e-08,2,19,-9.16416205191717445e-09,-2.45911939350435684e-08,-5.56082973446777797e-08,-4.57193873045738588e-08,-1.76141582491633132e-09,1.01320591784429685e-08,-1.39705209342078997e-09,7.73587477498049338e-09,4.01197942147468719e-08,5.42112452512569881e-08,2.56205623083738763e-08,1.18934750033592998e-08,19,2,1,5.76460752303767552e+17,19,2,1,5.76460752303767552e+17,16,5,2,3.32306998945331719e+35,5.32822670000000016e+02,0,5.42112452512569881e-08,nan,0.00000000000000000e+00
86,0,-8.93997136568203510e-09,1.00000000000000000e+00,1.27821883924958910e-07,2,19,-7.53825331474335034e-09,-1.27821883924958910e-07,-1.04085848467686596e-07,-6.30024096523293601e-08,3.28145162910770069e-08,-6.68980408754396802e-09,1.62278794548725837e-09,3.80124027581575113e-08,1.18881912559276880e-07,1.21132079837414939e-07,4.69523741238395480e-08,4.47022068457014826e-08,19,2,1,5.76460752303767552e+17,19,2,1,5.76460752303767552e+17,16,5,2,3.32306998945331719e+35,5.47741367999999966e+02,0,1.21132079837414939e-07,nan,0.00000000000000000e+00
86,1,7.27534958685868209e-09,1.00000000000000000e+00,7.30593844999042433e-08,2,19,7.30593844999042433e-08,3.32167715193968664e-08,-3.65439569301715393e-08,-4.81484009622761378e-08,-1.75549528571914583e-09,2.57939648517228406e-08,-1.15232048747291302e-08,5.48435474459361478e-08,6.57840349130455662e-08,1.02991948408212279e-07,4.75681978590774640e-08,6.63667523206652747e-08,19,2,1,5.76460752303767552e+17,19,2,1,5.76460752303767552e+17,16,5,2,3.32306998945331719e+35,5.43263634000000025e+02,0,1.02991948408212279e-07,nan,0.00000000000000000e+00
86,2,2.43756822811698974e-08,1.00000000000000000e+00,8.57282768951113914e-08,2,19,-8.57282768951113914e-08,3.21351690052956406e-09,-4.39803769198929097e-08,1.93691304226991874e-08,-9.30521141673934254e-08,7.02356393410181597e-08,1.44395711727649823e-07,-2.92798541784001450e-08,1.10103959176281295e-07,1.88376088647542732e-07,1.20020029446479919e-07,2.37447825895043248e-07,19,2,1,5.76460752303767552e+17,19,2,1,5.76460752303767552e+17,16,5,2,3.32306998945331719e+35,5.47895389000000023e+02,0,1.88376088647542732e-07,nan,0.00000000000000000e+00
86,3,7.42089761492885183e-09,1.00000000000000000e+00,1.67566634297688939e-07,2,19,-1.10692219846942722e-07,-1.67566634297688939e-07,-1.76071294914975230e-08,-1.28634775189994616e-07,-3.95968829399744605e-08,3.36740303823134466e-08,-3.04199616879757451e-08,-1.22544451421354512e-07,1.74987531912617780e-07,2.01240664680002385e-07,1.29965349036283353e-07,1.56218481803667958e-07,19,2,1,5.76460752303767552e+17,19,2,1,5.76460752303767552e+17,16,5,2,3.32306998945331719e+35,5.44159211000000028e+02,0,2.01240664680002385e-07,nan,0.00000000000000000e+00
87,0,1.61491563725149271e-09,1.00000000000000000e+00,1.03500597035212816e-07,2,19,5.93369805282528957e-08,-2.80445353777604533e-08,1.03500597035212816e-07,4.48420235469016417e-08,2.00401899881596247e-08,1.02454056238256567e-07,8.24785186241787695e-08,-9.08532812176717311e-08,1.01885681397961328e-07,1.35695304764573379e-07,1.00839140601005080e-07,1.93307337455928299e-07,19,2,1,5.76460752303767552e+17,19,2,1,5.76460752303767552e+17,16,5,2,3.32306998945331719e+35,5.47245849000000021e+02,0,1.35695304764573379e-07,nan,0.00000000000000000e+00
87,1,-1.74150625373288834e-08,1.00000000000000000e+00,2.32748341685452684e-07,2,19,-2.32748341685452684e-07,2.82115910320424227e-08,-1.55656792675633172e-07,-1.27687661526913481e-07,-5.30173163315557335e-09,-1.02531335495534951e-07,3.36427789982116070e-08,-6.95535077834063207e-08,2.15333279148123794e-07,2.27446610052297111e-07,8.51162729582060613e-08,1.36174114493746545e-07,19,2,1,5.76460752303767552e+17,19,2,1,5.76460752303767552e+17,16,5,2,3.32306998945331719e+35,5.39480044000000021e+02,0,2.27446610052297111e-07,nan,0.00000000000000000e+00
87,2,5.44468725044911409e-09,1.00000000000000000e+00,1.32388052411498993e-07,2,19,4.80586739451734390e-08,-1.32388052411498993e-07,1.24593892421970204e-07,-3.64969983299419301e-08,8.51726185600777278e-08,3.68003331311372725e-09,-1.25457619272093722e-07,-1.56719175210767435e-07,1.37832739661948116e-07,2.50051511694063900e-07,1.62163862461216558e-07,2.41891793770845136e-07,19,2,1,5.76460752303767552e+17,19,2,1,5.76460752303767552e+17,16,5,2,3.32306998945331719e+35,5.45079854999999952e+02,0,2.50051511694063900e-07,nan,0.00000000000000000e+00
87,3,2.01491535071154167e-09,1.00000000000000000e+00,1.17685432918956649e-07,2,19,-6.57195669667473921e-08,-2.79081733103682241e-08,1.17685432918956649e-07,-5.54459752586216458e-08,8.77510747108826645e-08,1.24169218422006851e-07,1.76216747927866973e-07,-1.87809216581453470e-08,1.15670517568245101e-07,1.53470641677630070e-07,1.74201832577155425e-07,1.94997669586012334e-07,19,2,1,5.76460752303767552e+17,19,2,1,5.76460752303767552e+17,16,5,2,3.32306998945331719e+35,5.45601923000000056e+02,0,1.53470641677630070e-07,nan,0.00000000000000000e+00
88,0,2.44196162889918057e-08,1.00000000000000000e+00,8.68540944659740149e-08,2,19,5.45167658091661662e-08,8.68540944659740149e-08,8.66265854941221247e-08,4.84807637030968004e-08,4.90858122576116374e-08,3.27791720751059818e-08,-4.36155864667883349e-08,8.68751231980490200e-08,6.24344781769822158e-08,1.30242171960910460e-07,6.80352027557801340e-08,1.30490709664837355e-07,19,2,1,5.76460752303767552e+17,19,2,1,5.76460752303767552e+17,16,5,2,3.32306998945331719e+35,5.42942731999999978e+02,0,1.30242171960910460e-07,nan,0.00000000000000000e+00
88,1,7.57305902005200783e-09,1.00000000000000000e+00,5.30741022116481974e-08,2,19,-4.34986309712708356e-08,5.30741022116481974e-08,-1.70005991604849725e-08,-1.63936873821997985e-08,-9.08923309026111235e-09,-4.10690956017162006e-08,1.64292995005525490e-08,-1.28078275808269453e-08,5.10716899913228450e-08,9.41431978133643914e-08,4.86421546217682101e-08,5.74983951022687529e-08,19,2,1,5.76460752303767552e+17,19,2,1,5.76460752303767552e+17,16,5,2,3.32306998945331719e+35,5.50373706999999968e+02,0,9.41431978133643914e-08,nan,0.00000000000000000e+00
88,2,1.27273459174005149e-08,1.00000000000000000e+00,1.53385035397911476e-07,2,19,5.00531068393346807e-08,-3.79485314554915014e-09,-1.53385035397911476e-07,-6.34474767307974268e-08,6.77056074448761578e-08,1.08908125365868961e-08,-2.14147639505971485e-08,-1.01828707918087855e-07,1.66112381315311990e-07,1.31970271447314328e-07,1.14556053835488369e-07,1.69534315362964013e-07,19,2,1,5.76460752303767552e+17,19,2,1,5.76460752303767552e+17,16,5,2,3.32306998945331719e+35,5.41724468999999999e+02,0,1.31970271447314328e-07,nan,0.00000000000000000e+00
88,3,2.60852552501503131e-08,1.00000000000000000e+00,2.53033829332997930e-07,2,19,-3.94565029114530593e-08,4.31964044836883656e-08,1.38510032313892991e-07,-2.53033829332997930e-07,4.29019005502769035e-08,-9.39651771477797222e-08,-2.29764209689506983e-07,-2.06164164763078461e-08,2.79119084583148236e-07,3.68274242003399974e-07,2.55849464939657290e-07,2.72666110239783900e-07,19,2,1,5.76460752303767552e+17,19,2,1,5.76460752303767552e+17,16,5,2,3.32306998945331719e+35,5.43435190000000034e+02,0,3.68274242003399974e-07,nan,0.00000000000000000e+00
89,0,3.13790477349448170e-08,1.00000000000000000e+00,9.84674248372923400e-08,2,19,-1.96854229780126887e-08,-4.11348689605842800e-08,-3.59141120419401440e-08,9.84674248372923400e-08,1.34608709318371244e-07,-2.09011609549941597e-08,-8.46903330790503850e-08,1.30289029330445296e-07,7.25139166955290970e-08,1.54294132296383943e-07,1.16069380813995202e-07,2.19299042397421642e-07,19,2,1,5.76460752303767552e+17,19,2,1,5.76460752303767552e+17,16,5,2,3.32306998945331719e+35,5.41648468999999977e+02,0,1.54294132296383943e-07,nan,0.00000000000000000e+00
89,1,-3.19299000544729105e-08,1.00000000000000000e+00,6.00703261176268426e-08,2,19,3.97358927860567638e-08,-4.17099629859300936e-08,-6.00703261176268426e-08,5.12898978018063856e-08,-1.94992427967673167e-07,-1.42496832875535826e-07,-9.22082046938270803e-09,-5.14746329421353361e-08,8.32197978562792961e-08,2.34728320753729918e-07,1.63062527913200263e-07,1.85771607498290459e-07,19,2,1,5.76460752303767552e+17,19,2,1,5.76460752303767552e+17,16,5,2,3.32306998945331719e+35,5.48102942999999982e+02,0,2.34728320753729918e-07,nan,0.00000000000000000e+00
89,2,1.85099895317217378e-08,1.00000000000000000e+00,5.96939771812614518e-08,2,19,-1.88952544085559822e-08,-2.87586339300453509e-08,3.15924419768241838e-08,5.96939771812614518e-08,-7.76809519355645928e-09,5.30084254673809156e-08,1.67472627780737376e-07,6.00520457145693343e-08,4.72686234617670855e-08,1.35880185803913206e-07,1.48962638249015635e-07,1.75240722974293822e-07,19,2,1,5.76460752303767552e+17,19,2,1,5.76460752303767552e+17,16,5,2,3.32306998945331719e+35,5.43561819000000014e+02,0,1.35880185803913206e-07,nan,0.00000000000000000e+00
89,3,1.34569577668850756e-08,1.00000000000000000e+00,1.24777004807048222e-07,2,19,-1.21335014903661009e-07,1.59782267641669779e-08,1.24777004807048222e-07,-8.39810606853295884e-08,-1.13884931232211255e-07,1.85032834551444356e-07,7.74915516581316323e-09,-3.24404189934858215e-07,1.34791972670546073e-07,2.40423129249528600e-07,3.37861147701743306e-07,5.09437024486302571e-07,19,2,1,5.76460752303767552e+17,19,2,1,5.76460752303767552e+17,16,5,2,3.32306998945331719e+35,5.50231276999999977e+02,0,2.40423129249528600e-07,nan,0.00000000000000000e+00
90,0,5.98604244915055427e-08,1.00000000000000000e+00,1.90867523312127991e-07,2,19,5.97783259183676884e-08,-1.44901176594696576e-07,1.13950578286137050e-08,-1.90867523312127991e-07,-4.72014702193052718e-08,6.24654449191899963e-08,-1.83473908268835052e-07,-7.42086723759978733e-09,2.50727947803633560e-07,2.07366621513886586e-07,2.43334332760340594e-07,2.45939353188025035e-07,19,2,1,5.76460752303767552e+17,19,2,1,5.76460752303767552e+17,16,5,2,3.32306998945331719e+35,5.33774640999999974e+02,0,2.07366621513886586e-07,nan,0.00000000000000000e+00
90,1,9.44692296382210655e-09,1.00000000000000000e+00,6.00477439562507951e-08,2,19,3.59446142950945375e-08,-6.00477439562507951e-08,-1.01709097765198727e-08,-1.73564499244037036e-08,-6.73022748400011485e-08,1.71450977798337209e-08,-1.53398697821985358e-08,-1.11333603130300109e-07,6.94946669200728967e-08,1.03246889135095686e-07,1.20780526094122224e-07,1.28478700910133824e-07,19,2,1,5.76460752303767552e+17,19,2,1,5.76460752303767552e+17,16,5,2,3.32306998945331719e+35,5.43906508000000031e+02,0,1.03246889135095686e-07,nan,0.00000000000000000e+00
90,2,2.07799107864323779e-08,1.00000000000000000e+00,1.34609459083723074e-07,2,19,4.24575574276262872e-08,-1.34609459083723074e-07,1.22204714110119838e-07,8.53202819204274647e-08,4.38795119186997360e-08,3.60456683666571676e-08,8.39915559335472537e-08,4.89016386763504289e-08,1.55389369870155442e-07,1.70655127450380255e-07,6.32116451471148725e-08,4.79458875668900862e-08,19,2,1,5.76460752303767552e+17,19,2,1,5.76460752303767552e+17,16,5,2,3.32306998945331719e+35,5.46094811000000050e+02,0,1.70655127450380255e-07,nan,0.00000000000000000e+00
90,3,3.90955568941471488e-08,1.00000000000000000e+00,1.20151614706039025e-07,2,19,6.28622514305659132e-08,-8.54468529433237353e-08,1.06853160842237505e-07,1.20151614706039025e-07,-2.55821210106215092e-07,-1.16617054985829512e-08,1.81936168285343505e-09,-3.52979483487671059e-08,1.24542409837470877e-07,3.18683461536781031e-07,2.94916767000362234e-07,2.57640571789068553e-07,19,2,1,5.76460752303767552e+17,19,2,1,5.76460752303767552e+17,16,5,2,3.32306998945331719e+35,5.41366841000000022e+02,0,3.18683461536781031e-07,nan,0.00000000000000000e+00
91,0,2.98818102942071085e-08,1.00000000000000000e+00,2.62137502446286501e-07,2,19,4.39874401556090217e-08,4.68065060336582487e-08,2.62137502446286501e-07,-3.59459251596906408e-08,7.77822347993956850e-08,1.91459948877945843e-08,2.36907756837686105e-07,2.58302971456839882e-08,2.32255692152079399e-07,6.17762223053746290e-08,2.07025946543479003e-07,2.17761761949891514e-07,19,2,1,5.76460752303767552e+17,19,2,1,5.76460752303767552e+17,16,5,2,3.32306998945331719e+35,5.47459250999999995e+02,0,6.17762223053746290e-08,nan,0.00000000000000000e+00
91,1,6.71351661951324279e-08,1.00000000000000000e+00,3.18599433183904579e-07,2,19,3.18599433183904579e-07,8.18127662936463821e-09,-1.67687235279314346e-07,2.29230879017491026e-07,1.34857419888927024e-07,-2.23789833480589630e-08,9.46454256369286660e-08,-7.58522788214902444e-08,2.51464266988772178e-07,3.05083157838981257e-07,1.42987445016622685e-07,2.10709698710417255e-07,19,2,1,5.76460752303767552e+17,19,2,1,5.76460752303767552e+17,16,5,2,3.32306998945331719e+35,5.31950088000000051e+02,0,3.05083157838981257e-07,nan,0.00000000000000000e+00
91,2,7.44403293581126650e-08,1.00000000000000000e+00,3.88663071514953426e-07,2,19,2.18114958681586685e-07,3.88663071514953426e-07,2.50638225372652668e-07,-2.21292321841023163e-07,2.71240490589856926e-07,1.17261201613757792e-07,1.17214577362893527e-07,3.17905056413008585e-07,3.14222742156840761e-07,5.39197378254031721e-07,2.43464727054895920e-07,2.00690479050115045e-07,19,2,1,5.76460752303767552e+17,19,2,1,5.76460752303767552e+17,16,5,2,3.32306998945331719e+35,5.48750892000000022e+02,0,5.39197378254031721e-07,nan,0.00000000000000000e+00
91,3,8.92868433577484122e-08,1.00000000000000000e+00,2.29864995769067041e-07,2,19,2.29864995769067041e-07,1.78562805729473181e-07,-2.20196183535700956e-07,-2.67050706645394232e-08,1.82587486094970745e-07,2.21052341173552133e-07,3.74005302442719614e-07,-1.51677985366416754e-07,3.09483026893449354e-07,5.94201485978420622e-07,2.84718459084971215e-07,5.25683287809136420e-07,19,2,1,5.76460752303767552e+17,19,2,1,5.76460752303767552e+17,16,5,2,3.32306998945331719e+35,5.41035618999999997e+02,0,5.94201485978420622e-07,nan,0.00000000000000000e+00
92,0,7.09702782871389534e-09,1.00000000000000000e+00,1.64069633238028889e-07,2,19,-1.10496544110921612e-07,1.64069633238028889e-07,-1.47660851531948659e-07,1.51650660734556445e-07,2.89766075231276347e-07,2.75642137824874798e-07,-2.09137055763540793e-07,-5.19132984264103009e-08,1.56972605409314995e-07,4.00262619342197959e-07,2.82669047402562427e-07,4.98903130994817141e-07,19,2,1,5.76460752303767552e+17,19,2,1,5.76460752303767552e+17,16,5,2,3.32306998945331719e+35,5.38762426000000005e+02,0,4.00262619342197959e-07,nan,0.00000000000000000e+00
92,1,9.06846456512264357e-08,1.00000000000000000e+00,2.98616624400373514e-07,2,19,-1.23885739999179316e-07,1.86608419785292541e-07,2.98616624400373514e-07,1.80893845528212418e-08,-1.20693939642204921e-07,1.12065333437756350e-07,1.81062584423561854e-07,8.25164707382741618e-08,2.14570385650405752e-07,1.17554039976811660e-07,2.11378585293431357e-07,3.01756524065766775e-07,19,2,1,5.76460752303767552e+17,19,2,1,5.76460752303767552e+17,16,5,2,3.32306998945331719e+35,5.38675716999999963e+02,0,1.17554039976811660e-07,nan,0.00000000000000000e+00
92,2,1.25230236003896589e-07,1.00000000000000000e+00,6.37874277427784710e-07,2,19,2.00019795192348382e-07,1.13262250930421414e-07,6.37874277427784710e-07,2.96384291520499323e-07,1.71067911801117728e-07,-9.66766559438992565e-08,4.07482273890222793e-08,2.63350144760102199e-07,5.12644041423888067e-07,5.97126050038762470e-07,2.21906891947795833e-07,3.60026800704001443e-07,19,2,1,5.76460752303767552e+17,19,2,1,5.76460752303767552e+17,16,5,2,3.32306998945331719e+35,5.57536534999999958e+02,0,5.97126050038762470e-07,nan,0.00000000000000000e+00
92,3,1.24509696118798280e-07,1.00000000000000000e+00,4.41960052091849922e-07,2,19,1.57310037882208372e-08,3.34957226545055033e-07,4.41960052091849922e-07,1.48852846018843188e-07,1.13962853030198044e-07,-7.62818748424384691e-08,5.62125440838443458e-08,1.42718045739677370e-09,3.17450355973051642e-07,4.11239101387493476e-07,2.00791570961236749e-07,1.90244727872636513e-07,19,2,1,5.76460752303767552e+17,19,2,1,5.76460752303767552e+17,16,5,2,3.32306998945331719e+35,5.55354212999999959e+02,0,4.11239101387493476e-07,nan,0.00000000000000000e+00
93,0,1.22472586328876822e-08,1.00000000000000000e+00,3.61477475537567638e-07,2,19,1.92285696146024206e-07,-9.23941579470978070e-08,3.61477475537567638e-07,1.19124853848150395e-07,3.85079450368901716e-07,-2.84872220131135459e-09,6.00774465797637105e-07,2.37985229001218411e-07,3.49230216904679945e-07,2.39296990260069468e-07,5.88527207164749466e-07,6.03623187998948486e-07,19,2,1,5.76460752303767552e+17,19,2,1,5.76460752303767552e+17,16,5,2,3.32306998945331719e+35,5.44587775999999963e+02,0,2.39296990260069468e-07,nan,0.00000000000000000e+00
93,1,1.16660262934056369e-07,1.00000000000000000e+00,2.87702370942958935e-07,2,19,4.63338857576163141e-08,-1.76088314027731656e-07,2.87702370942958935e-07,2.84802102084667015e-08,9.03191733917963820e-08,2.92573569387149440e-07,1.53401843103064295e-07,-1.01051558973661046e-07,2.92748576961788012e-07,4.68661883414881096e-07,2.17711821907717402e-07,3.93625128360810486e-07,19,2,1,5.76460752303767552e+17,19,2,1,5.76460752303767552e+17,16,5,2,3.32306998945331719e+35,5.37547076999999945e+02,0,4.68661883414881096e-07,nan,0.00000000000000000e+00
93,2,1.04569048342369186e-07,1.00000000000000000e+00,4.77895717570112081e-07,2,19,5.87951472445791706e-09,4.77895717570112081e-07,8.67574315897357201e-08,3.55203028661756220e-07,-4.28616812963452079e-08,2.99870584679761832e-07,1.77494112925242037e-07,-7.73155463068201322e-08,3.73326669227742869e-07,4.32518574968576378e-07,1.95301536337392647e-07,3.77186130986581991e-07,19,2,1,5.76460752303767552e+17,19,2,1,5.76460752303767552e+17,16,5,2,3.32306998945331719e+35,5.41269711000000029e+02,0,4.32518574968576378e-07,nan,0.00000000000000000e+00
93,3,9.03817270272302140e-08,1.00000000000000000e+00,7.02697670965395086e-07,2,19,7.02697670965395086e-07,-2.40289722775793281e-07,-3.26116016740690937e-08,2.13772902409354221e-07,1.05344906257418419e-08,2.40061980188532676e-07,2.43265155544395098e-07,3.93223155916919869e-07,6.12315943938164872e-07,6.92163180339653191e-07,3.02841428889689655e-07,3.82688665291178027e-07,19,2,1,5.76460752303767552e+17,19,2,1,5.76460752303767552e+17,16,5,2,3.32306998945331719e+35,5.36912537000000043e+02,0,6.92163180339653191e-07,nan,0.00000000000000000e+00
94,0,1.23619284140507560e-07,1.00000000000000000e+00,2.13272437770834236e-07,2,19,3.51033548730747043e-08,-4.60512661546704581e-08,1.56139236646479476e-07,2.13272437770834236e-07,-2.61188630253663106e-07,1.66604199163396422e-07,2.88314943335447814e-07,2.22992804223020831e-07,1.69670550295178005e-07,2.96291985126737797e-07,3.84807914394170666e-07,5.49503573589110920e-07,19,2,1,5.76460752303767552e+17,19,2,1,5.76460752303767552e+17,16,5,2,3.32306998945331719e+35,5.39433061999999950e+02,0,2.96291985126737797e-07,nan,0.00000000000000000e+00
94,1,2.81724691840289381e-07,1.00000000000000000e+00,5.99982572547372135e-07,2,19,5.99982572547372135e-07,1.19502826826351406e-07,3.36733834544013802e-07,-2.15125657093484211e-07,-3.89203890377845986e-07,1.25643227197311890e-07,5.01410543350727226e-07,1.58576543539717775e-08,4.96850348933773618e-07,9.89186462925218121e-07,6.70928582218135367e-07,8.90614433728573212e-07,19,2,1,5.76460752303767552e+17,19,2,1,5.76460752303767552e+17,16,5,2,3.32306998945331719e+35,5.31269344000000046e+02,0,9.89186462925218121e-07,nan,0.00000000000000000e+00
94,2,1.56113420673324335e-07,1.00000000000000000e+00,5.10844462048380590e-07,2,19,5.10844462048380590e-07,3.01089027952460884e-07,1.51014394991036229e-07,-3.51650424148105410e-08,2.62732788598088137e-09,-2.12248751202898517e-07,-3.97638850694844331e-07,2.34514947035729754e-07,3.54731041375056255e-07,5.48653245685880533e-07,5.53752271368168665e-07,6.32153797730574032e-07,19,2,1,5.76460752303767552e+17,19,2,1,5.76460752303767552e+17,16,5,2,3.32306998945331719e+35,5.41252488999999969e+02,0,5.48653245685880533e-07,nan,0.00000000000000000e+00
94,3,1.98487221493362867e-07,1.00000000000000000e+00,3.96479542521095298e-07,2,19,-1.62571599399181570e-07,3.96479542521095298e-07,1.20863907013767590e-07,-1.44258663562674951e-07,6.02748454532818159e-08,2.34534916149745249e-07,3.95372489928948341e-07,1.79920538753946017e-08,3.61058820892544437e-07,2.74508582915180750e-07,1.96885268435585474e-07,3.77380436053553713e-07,19,2,1,5.76460752303767552e+17,19,2,1,5.76460752303767552e+17,16,5,2,3.32306998945331719e+35,5.39181130000000053e+02,0,2.74508582915180750e-07,nan,0.00000000000000000e+00
95,0,6.52028612082966815e-08,1.00000000000000000e+00,3.28980986108634942e-07,2,19,1.98797552011936091e-07,3.28980986108634942e-07,-2.81040419611067057e-07,-2.42304276695985419e-07,-6.70788581099939063e-07,1.90650213204734780e-07,8.62249423997314916e-08,-4.34237721750776911e-07,3.46243280819363712e-07,8.69586133111875154e-07,7.35991442308235717e-07,8.61438794304673869e-07,19,2,1,5.76460752303767552e+17,19,2,1,5.76460752303767552e+17,16,5,2,3.32306998945331719e+35,5.83426240000000007e+02,0,8.69586133111875154e-07,nan,0.00000000000000000e+00
95,1,3.22962367772921083e-08,1.00000000000000000e+00,4.83074439068585005e-07,2,19,3.07438229912253730e-07,-2.38068129551323478e-07,9.73616302532724893e-09,-4.83074439068585005e-07,5.05394293927833653e-07,-5.01515576521814276e-07,-2.38722297785319639e-07,4.39382892121339445e-07,5.15370675845877067e-07,9.22457331189924450e-07,5.33811813299106338e-07,1.00690987044964793e-06,19,2,1,5.76460752303767552e+17,19,2,1,5.76460752303767552e+17,16,5,2,3.32306998945331719e+35,5.46796254999999974e+02,0,9.22457331189924450e-07,nan,0.00000000000000000e+00
95,2,1.34533497535673103e-09,1.00000000000000000e+00,3.77114837114872693e-07,2,19,2.03957084526564879e-07,2.19654676499849448e-07,3.77114837114872693e-07,-9.17337591973609584e-08,-3.06911405263574949e-07,2.68231817687169654e-08,5.28266703849476329e-07,1.34771731596185928e-07,3.75769502139515938e-07,5.10868489790139855e-07,5.26921368874119574e-07,8.35178109113051331e-07,19,2,1,5.76460752303767552e+17,19,2,1,5.76460752303767552e+17,16,5,2,3.32306998945331719e+35,5.47501691000000051e+02,0,5.10868489790139855e-07,nan,0.00000000000000000e+00
95,3,2.84618382786683521e-08,1.00000000000000000e+00,4.42266067022746040e-07,2,19,1.28225500782370888e-08,2.49365900299247865e-07,4.42266067022746040e-07,2.24231044790364821e-07,-1.39521593034451639e-07,3.00732460374010518e-07,1.40208430378949073e-08,6.81692314706087129e-07,4.13804228744077678e-07,4.57461269915722309e-07,6.53230476427418820e-07,8.21213907740538794e-07,19,2,1,5.76460752303767552e+17,19,2,1,5.76460752303767552e+17,16,5,2,3.32306998945331719e+35,5.49954634000000055e+02,0,4.57461269915722309e-07,nan,0.00000000000000000e+00
96,0,7.69357843964609232e-08,1.00000000000000000e+00,6.61385302406903378e-07,2,19,6.61385302406903378e-07,3.11147802859639813e-07,3.72544615836414739e-07,7.90918194395352262e-08,1.39085849788254089e-07,-2.18970760027020389e-07,4.36001803920144559e-07,-2.78792154066917511e-07,5.84449518010442455e-07,5.30118562886660229e-07,3.59066019523683635e-07,7.14793957987062016e-07,19,2,1,5.76460752303767552e+17,19,2,1,5.76460752303767552e+17,16,5,2,3.32306998945331719e+35,5.31218969000000016e+02,0,5.30118562886660229e-07,nan,0.00000000000000000e+00
96,1,1.54332301667260490e-07,1.00000000000000000e+00,7.11688570556509795e-07,2,19,7.11688570556509795e-07,2.45810049766957915e-07,-7.70214809905249403e-08,1.07155335146423826e-07,2.81747027797746913e-07,3.67824878279894713e-07,5.14248774322449762e-07,5.85982848822472716e-07,5.57356268889249305e-07,5.91270255312974702e-07,4.31650547155212226e-07,3.04235821024725803e-07,19,2,1,5.76460752303767552e+17,19,2,1,5.76460752303767552e+17,16,5,2,3.32306998945331719e+35,5.42720361000000025e+02,0,5.91270255312974702e-07,nan,0.00000000000000000e+00
96,2,1.20052725834540884e-07,1.00000000000000000e+00,4.85184143000932055e-07,2,19,3.84474342506662474e-07,4.85184143000932055e-07,-8.23686267684214948e-08,1.84803459627570696e-07,-2.44878403497890715e-07,-3.00391696497088237e-07,8.02962842697596719e-07,-5.46098214497820883e-07,3.65131417166391198e-07,8.85331469466018187e-07,6.82910116863055862e-07,1.34906105719541771e-06,19,2,1,5.76460752303767552e+17,19,2,1,5.76460752303767552e+17,16,5,2,3.32306998945331719e+35,5.42417254999999955e+02,0,8.85331469466018187e-07,nan,0.00000000000000000e+00
96,3,2.14631269266795666e-07,1.00000000000000000e+00,7.12710795923445542e-07,2,19,-8.97826512012619984e-08,1.90957995324043429e-07,7.12710795923445542e-07,3.27987805961715378e-07,8.42457403698398508e-07,4.37314381652127225e-07,5.69500015622969399e-09,5.56661407300639076e-07,4.98079526656649903e-07,9.32240054899660559e-07,6.27826134431602868e-07,8.36762403542168814e-07,19,2,1,5.76460752303767552e+17,19,2,1,5.76460752303767552e+17,16,5,2,3.32306998945331719e+35,5.43119767000000024e+02,0,9.32240054899660559e-07,nan,0.00000000000000000e+00
97,0,3.83971942648793112e-07,1.00000000000000000e+00,4.20199496316116126e-07,2,19,-1.70592621959566753e-07,3.07639314122544035e-07,4.20199496316116126e-07,-3.42862897733488989e-07,2.67615603603680482e-07,5.04052473380894240e-07,3.39540797805700506e-07,1.25576541312389393e-06,7.26834840382282101e-07,1.59862831085738287e-06,8.71793470475100874e-07,9.88149809520213397e-07,19,2,1,5.76460752303767552e+17,19,2,1,5.76460752303767552e+17,16,5,2,3.32306998945331719e+35,5.42812023999999951e+02,0,1.59862831085738287e-06,nan,0.00000000000000000e+00
97,1,1.66262882142244658e-07,1.00000000000000000e+00,9.46480783890430492e-07,2,19,6.46452913909633394e-07,4.05254223381532675e-07,9.46480783890430492e-07,4.36355079532076836e-07,5.00186451837015695e-07,1.00811978372883332e-06,1.86253904506683956e-07,1.86747225349805595e-07,7.80217901748185887e-07,7.60226879383746510e-07,8.41856901586588716e-07,8.21865879222149339e-07,19,2,1,5.76460752303767552e+17,19,2,1,5.76460752303767552e+17,16,5,2,3.32306998945331719e+35,5.45684657000000016e+02,0,7.60226879383746510e-07,nan,0.00000000000000000e+00
97,2,1.82627069701233110e-07,1.00000000000000000e+00,5.25178504313569501e-07,2,19,3.51619469677674004e-07,4.65035174462614566e-07,5.25178504313569501e-07,-2.25514948884203494e-07,2.46445732569445126e-07,1.34977162091301887e-06,3.35020397160548427e-07,1.47250882593774300e-07,4.08142018585436578e-07,8.84736446450404309e-07,1.16714455121178571e-06,1.20252073831924457e-06,19,2,1,5.76460752303767552e+17,19,2,1,5.76460752303767552e+17,16,5,2,3.32306998945331719e+35,5.50224739999999997e+02,0,8.84736446450404309e-07,nan,0.00000000000000000e+00
97,3,-2.24549095517619096e-08,1.00000000000000000e+00,8.89489476076031859e-07,2,19,4.14065855110758134e-07,-3.82166925165874782e-07,-8.89489476076031859e-07,2.78744901946290184e-07,7.51059694379063766e-08,3.55112270686520558e-07,-3.33833085340994063e-07,-4.93777522405347752e-07,8.67034566524269926e-07,7.72522424351637936e-07,4.71322612853585819e-07,8.48889793091868310e-07,19,2,1,5.76460752303767552e+17,19,2,1,5.76460752303767552e+17,16,5,2,3.32306998945331719e+35,5.39183277999999973e+02,0,7.72522424351637936e-07,nan,0.00000000000000000e+00
98,0,-4.62271939762495303e-08,1.00000000000000000e+00,1.49210127656851120e-06,2,19,6.75827141187456798e-08,-1.49210127656851120e-06,8.82435517746076145e-07,3.43444976384489068e-07,-9.54558282215052991e-07,-4.71733719173758003e-07,-1.82965365022613263e-07,-2.27863549177223737e-07,1.44587408259226174e-06,1.06540088276868941e-06,9.08331088238803427e-07,7.71592917192439727e-07,19,2,1,5.76460752303767552e+17,19,2,1,5.76460752303767552e+17,16,5,2,3.32306998945331719e+35,5.35765497999999980e+02,0,1.06540088276868941e-06,nan,0.00000000000000000e+00
98,1,-1.43299433151292076e-07,1.00000000000000000e+00,8.81822674362167521e-07,2,19,7.03683271650367268e-07,-8.81822674362167521e-07,-4.31666489993621656e-07,-2.78440742546011244e-07,-9.39130028501449025e-08,1.25486586952778285e-07,8.54083745177764490e-07,8.63497719831566795e-08,8.46982704801659344e-07,1.28575023517138615e-06,9.97383178329056566e-07,9.47996748027909445e-07,19,2,1,5.76460752303767552e+17,19,2,1,5.76460752303767552e+17,16,5,2,3.32306998945331719e+35,5.28665766999999960e+02,0,1.28575023517138615e-06,nan,0.00000000000000000e+00
98,2,6.99894129611230752e-08,1.00000000000000000e+00,1.15221167295909450e-06,2,19,3.54387020326514342e-07,1.15221167295909450e-06,3.17757823623729385e-07,-2.25708238628025844e-07,1.10624145405548729e-07,-3.00914855373059192e-07,-1.22853580887062832e-07,4.22132442819428249e-08,1.08222225999797141e-06,1.45312652833215359e-06,3.70904268334182281e-07,4.11539000778607948e-07,19,2,1,5.76460752303767552e+17,19,2,1,5.76460752303767552e+17,16,5,2,3.32306998945331719e+35,5.34811577000000057e+02,0,1.45312652833215359e-06,nan,0.00000000000000000e+00
98,3,1.14701310146504753e-07,1.00000000000000000e+00,1.05559335510254142e-06,2,19,1.05559335510254142e-06,-8.67885325451039704e-08,4.17909346045158792e-08,5.58416425487470315e-07,5.83478602819369479e-07,7.81025775722549835e-07,4.31437660557855832e-07,-6.19767873938557832e-09,9.40892044956036671e-07,8.67814308267653832e-07,6.66324465576045082e-07,7.87223454461935360e-07,19,2,1,5.76460752303767552e+17,19,2,1,5.76460752303767552e+17,16,5,2,3.32306998945331719e+35,5.45564804999999978e+02,0,8.67814308267653832e-07,nan,0.00000000000000000e+00
99,0,2.64228273538566166e-07,1.00000000000000000e+00,2.56203343960860551e-07,2,19,2.90688278858164699e-08,-2.85648356099515637e-08,-2.56203343960860551e-07,5.72448960196115266e-08,6.93252551635849138e-07,-1.88122841915572367e-07,5.05796120683624830e-07,-4.47170299757593176e-07,5.20431617499426665e-07,7.61999464644485382e-07,7.11398573296159342e-07,1.14042285139344226e-06,19,2,1,5.76460752303767552e+17,19,2,1,5.76460752303767552e+17,16,5,2,3.32306998945331719e+35,5.44267426999999998e+02,0,7.61999464644485382e-07,nan,0.00000000000000000e+00
99,1,1.77576885647108881e-07,1.00000000000000000e+00,5.85957590438120255e-07,2,19,-2.93980461979145544e-07,5.85957590438120255e-07,7.07887668734261077e-08,-5.08853960562029203e-07,8.65566833972204711e-07,-2.89342481550553862e-07,4.55324066803336485e-07,-3.69422333808513040e-07,6.86430846209138137e-07,1.15954729595135036e-06,6.87989948325095882e-07,1.23498916778071770e-06,19,2,1,5.76460752303767552e+17,19,2,1,5.76460752303767552e+17,16,5,2,3.32306998945331719e+35,5.44704536999999959e+02,0,1.15954729595135036e-06,nan,0.00000000000000000e+00
99,2,4.83509101652000436e-08,1.00000000000000000e+00,1.48885785742259089e-07,2,19,7.77927892832921175e-08,-1.16562670809806290e-07,1.48885785742259089e-07,1.08394096787844457e-07,-1.33493672740248025e-07,-5.50672713421172404e-07,-9.65831097922624466e-07,-6.49388124282077844e-07,1.64913580975006340e-07,1.11471688366488363e-06,1.01418200808782453e-06,8.32337425182376441e-07,19,2,1,5.76460752303767552e+17,19,2,1,5.76460752303767552e+17,16,5,2,3.32306998945331719e+35,5.42726245999999946e+02,0,1.11471688366488363e-06,nan,0.00000000000000000e+00
99,3,-4.83132347640444731e-09,1.00000000000000000e+00,1.07409213531341508e-06,2,19,8.57521341410740953e-07,3.47730352210448787e-07,-1.07409213531341508e-06,-4.55990155760476902e-07,7.47271842035181254e-09,-3.85844723384542475e-07,-1.24379412342311267e-06,9.47936405057327917e-07,1.06926081183701055e-06,1.40392656081780482e-06,1.23896279994670815e-06,2.19173052848044080e-06,19,2,1,5.76460752303767552e+17,19,2,1,5.76460752303767552e+17,16,5,2,3.32306998945331719e+35,5.48764808000000016e+02,0,1.40392656081780482e-06,nan,0.00000000000000000e+00
