block,within_block_sample,global_sample,y_nominal,y_physical,y_semantic,u_nominal,u_semantic,u_ckks,e_u_semantic_abs,e_u_nominal_abs,u_slot_spread,plant_nominal_0,plant_nominal_1,plant_nominal_2,plant_nominal_3,plant_ckks_0,plant_ckks_1,plant_ckks_2,plant_ckks_3,plant_error_0,plant_error_1,plant_error_2,plant_error_3,u_slots_0,u_slots_1,u_slots_2,u_slots_3,u_level,u_towers,u_noiseScaleDegree,u_scalingFactor
0,0,0,1.76499999999999990e-01,1.76499999999999990e-01,1.76500000000000073e-01,5.97519082627755022e-02,5.97519082627769454e-02,5.97519082627783679e-02,1.42247325030098182e-15,2.86576318231368532e-15,8.53483950180589090e-16,2.00000000000000011e-01,-1.00000000000000006e-01,5.00000000000000028e-02,8.00000000000000017e-02,2.00000000000000011e-01,-1.00000000000000006e-01,5.00000000000000028e-02,8.00000000000000017e-02,0.00000000000000000e+00,0.00000000000000000e+00,0.00000000000000000e+00,0.00000000000000000e+00,5.97519082627783679e-02,5.97519082627779030e-02,5.97519082627776602e-02,5.97519082627775144e-02,1,20,1,5.76460752303439872e+17
0,1,1,1.25002719459007372e-01,1.25002719459007511e-01,1.25002719459007899e-01,-5.00386380946312714e-01,-5.00386380946311826e-01,-5.00386380946309384e-01,2.44249065417534439e-15,3.33066907387546962e-15,7.88258347483861144e-15,1.40780152661022034e-01,-7.26099236694889849e-02,4.01950381652555200e-02,4.54975190826277520e-02,1.40780152661022256e-01,-7.26099236694888739e-02,4.01950381652555755e-02,4.54975190826277798e-02,2.22044604925031308e-16,1.11022302462515654e-16,5.55111512312578270e-17,2.77555756156289135e-17,-5.00386380946309384e-01,-5.00386380946317266e-01,-5.00386380946312270e-01,-5.00386380946312825e-01,1,20,1,5.76460752303439872e+17
0,2,2,6.13925936990720317e-02,6.13925936990723023e-02,6.13925936990746338e-02,-3.81110471074996238e-01,-3.81110471074997015e-01,-3.81110471074994461e-01,2.55351295663786004e-15,1.77635683940025046e-15,1.44328993201270350e-14,5.55220055466717211e-02,-7.40175086762407952e-02,2.00924689444431127e-02,2.01788461135033043e-02,5.55220055466721582e-02,-7.40175086762405871e-02,2.00924689444432134e-02,2.01788461135033494e-02,4.37150315946155388e-16,2.08166817117216851e-16,1.00613961606654811e-16,4.51028103753969845e-17,-3.81110471074994461e-01,-3.81110471075004786e-01,-3.81110471074992241e-01,-3.81110471074990353e-01,1,20,1,5.76460752303439872e+17
0,3,3,2.09678503451852967e-02,2.09678503451855916e-02,2.09678503451848110e-02,-3.84685388081325019e-01,-3.84685388081332180e-01,-3.84685388081322632e-01,9.54791801177634625e-15,2.38697950294408656e-15,6.38378239159465011e-15,3.56560561350467708e-03,-6.71468768835105922e-02,8.80476397677960355e-03,7.28985196674865939e-03,3.56560561350514546e-03,-6.71468768835103980e-02,8.80476397677969549e-03,7.28985196674870189e-03,4.68375338513737915e-16,1.94289029309402395e-16,9.19403442267707760e-17,4.25007251614317738e-17,-3.84685388081322632e-01,-3.84685388081327462e-01,-3.84685388081322743e-01,-3.84685388081329016e-01,1,20,1,5.76460752303439872e+17
1,0,4,-8.20302214361918851e-03,-8.20302214361883809e-03,-8.20302214361841482e-03,-3.33722736287384192e-01,-3.33722736289289112e-01,-3.33722736289295940e-01,6.82787160144471272e-15,1.91174853725328830e-12,2.46469511466784752e-14,-3.35793451554634859e-02,-6.06972862461086643e-02,8.15613577654710278e-04,1.17117340597583906e-04,-3.35793451554629377e-02,-6.06972862461084561e-02,8.15613577654808290e-04,1.17117340597629443e-04,5.48172618408671042e-16,2.08166817117216851e-16,9.80118763926896008e-17,4.55364912443911862e-17,-3.33722736289295940e-01,-3.33722736289297939e-01,-3.33722736289315591e-01,-3.33722736289290944e-01,19,2,1,5.76460752303767552e+17
1,1,5,-2.65126636478669672e-02,-2.65126636479613327e-02,-2.65126636479599623e-02,-3.02406983928585726e-01,-3.02406983930478546e-01,-3.02406983930480655e-01,2.10942374678779743e-15,1.89492865843021718e-12,2.44249065417534439e-14,-5.57307303146131403e-02,-5.28951600264168029e-02,-3.73502699072753757e-03,-3.29376771265688442e-03,-5.57307303147656641e-02,-5.28951600264931515e-02,-3.73502699076571840e-03,-3.29376771267597852e-03,-1.52523826901784787e-13,-7.63486496246912338e-14,-3.81808300253805299e-14,-1.90941013000767157e-14,-3.02406983930480655e-01,-3.02406983930498197e-01,-3.02406983930499307e-01,-3.02406983930474882e-01,19,2,1,5.76460752303767552e+17
1,2,6,-3.78126007950952900e-02,-3.78126007952623300e-02,-3.78126007952611573e-02,-2.59386855034188069e-01,-2.59386855035957986e-01,-2.59386855036031039e-01,7.30526750203353004e-14,1.84297022087775986e-12,1.11688436277290748e-13,-6.85502973429216594e-02,-4.55025532788198503e-02,-6.41273839739895952e-03,-4.82240430290502373e-03,-6.85502973431891816e-02,-4.55025532789422316e-02,-6.41273839745843104e-03,-4.82240430293390254e-03,-2.67522115571239283e-13,-1.22381271783211787e-13,-5.94715249269128776e-14,-2.88788090663238961e-14,-2.59386855036031039e-01,-2.59386855035968478e-01,-2.59386855035919350e-01,-2.59386855035975916e-01,19,2,1,5.76460752303767552e+17
1,3,7,-4.34521637528100038e-02,-4.34521637530303415e-02,-4.34521637530299459e-02,-2.26573858837269604e-01,-2.26573858838830577e-01,-2.26573858838904602e-01,7.40241201668823123e-14,1.63499769278985241e-12,9.83102488305576117e-14,-7.37473667519442239e-02,-3.82744598676628828e-02,-7.58465299106357398e-03,-5.19848089410482501e-03,-7.37473667522940690e-02,-3.82744598678100081e-02,-7.58465299113385283e-03,-5.19848089413822104e-03,-3.49845152847194640e-13,-1.47125367444544963e-13,-7.02788521822483858e-14,-3.33960289977675018e-14,-2.26573858838904602e-01,-2.26573858838883119e-01,-2.26573858838806291e-01,-2.26573858838877734e-01,19,2,1,5.76460752303767552e+17
2,0,8,-4.54829562621556840e-02,-4.54829562624062406e-02,-4.54829562624070802e-02,-1.91554719716443084e-01,-1.91554719719153999e-01,-1.91554719719154637e-01,6.38378239159465011e-16,2.71155320419325108e-12,9.27036225562005711e-14,-7.42859695577944429e-02,-3.18572979053681551e-02,-7.96290768120353452e-03,-5.05331791722158762e-03,-7.42859695581888912e-02,-3.18572979055203181e-02,-7.96290768127559147e-03,-5.05331791725519876e-03,-3.94448362861510304e-13,-1.52163004418781611e-13,-7.20569437451246131e-14,-3.36111347087886259e-14,-1.91554719719154637e-01,-1.91554719719167071e-01,-1.91554719719074368e-01,-1.91554719719138872e-01,19,2,1,5.76460752303767552e+17
2,1,9,-4.48213946955112325e-02,-4.48213946958376727e-02,-4.48213946958385470e-02,-1.63395048395287151e-01,-1.63395048397774995e-01,-1.63395048397850601e-01,7.56061879769731604e-14,2.56344945270825519e-12,7.54951656745106447e-14,-7.13588594913568963e-02,-2.60886273472905605e-02,-7.74647113632140685e-03,-4.60758435871684580e-03,-7.13588594918699998e-02,-2.60886273474870908e-02,-7.74647113641590591e-03,-4.60758435876129375e-03,-5.13103448618323910e-13,-1.96530292040364429e-13,-9.44990613538365665e-14,-4.44479522632157398e-14,-1.63395048397850601e-01,-1.63395048397842330e-01,-1.63395048397902559e-01,-1.63395048397917825e-01,19,2,1,5.76460752303767552e+17
2,2,10,-4.25750524121994364e-02,-4.25750524125766139e-02,-4.25750524125774188e-02,-1.36398215897485825e-01,-1.36398215899722342e-01,-1.36398215899875025e-01,1.52683421461574653e-13,2.38919994899333687e-12,1.66339164664464079e-13,-6.65370728931831829e-02,-2.11729138255805083e-02,-7.25754719646923546e-03,-4.07395527791900008e-03,-6.65370728937734190e-02,-2.11729138257966999e-02,-7.25754719657345504e-03,-4.07395527796757927e-03,-5.90236193254156660e-13,-2.16191647917085561e-13,-1.04219584351472605e-13,-4.85791962212545059e-14,-1.36398215899875025e-01,-1.36398215899810160e-01,-1.36398215899749181e-01,-1.36398215899915520e-01,19,2,1,5.76460752303767552e+17
2,3,11,-3.92812619053589315e-02,-3.92812619057658560e-02,-3.92812619057686246e-02,-1.14313691577021564e-01,-1.14313691578955434e-01,-1.14313691579215337e-01,2.59903210064749146e-13,2.19377294108369369e-12,1.49852352748780504e-13,-6.05123828609371930e-02,-1.69621092244231740e-02,-6.58442479063337145e-03,-3.50914980427380081e-03,-6.05123828615705961e-02,-1.69621092246424951e-02,-6.58442479073955388e-03,-3.50914980432274256e-03,-6.33403052230363528e-13,-2.19321089067747721e-13,-1.06182423964540362e-13,-4.89417534277336586e-14,-1.14313691579215337e-01,-1.14313691579076851e-01,-1.14313691579065485e-01,-1.14313691579111823e-01,19,2,1,5.76460752303767552e+17
3,0,12,-3.55095128381452962e-02,-3.55095128385646205e-02,-3.55095128385629066e-02,-9.43700290319142016e-02,-9.43700290344343662e-02,-9.43700290342502635e-02,1.84102733058466583e-13,2.33606189947721532e-12,3.41254802194157492e-13,-5.40709797239903589e-02,-1.34762282800797630e-02,-5.86559032296988386e-03,-2.98091105853001866e-03,-5.40709797246394508e-02,-1.34762282802913542e-02,-5.86559032307326731e-03,-2.98091105857715760e-03,-6.49091891347097771e-13,-2.11591161258795069e-13,-1.03383447636051784e-13,-4.71389420553247618e-14,-9.43700290342502635e-02,-9.43700290344057779e-02,-9.43700290344141879e-02,-9.43700290345915183e-02,19,2,1,5.76460752303767552e+17
3,1,13,-3.15393509842547409e-02,-3.15393509846898720e-02,-3.15393509846893169e-02,-7.79982185701884184e-02,-7.79982185723325228e-02,-7.79982185724018562e-02,6.93334278878410259e-14,2.21343776640736678e-12,1.17628129459035335e-13,-4.75588059862325774e-02,-1.05870228249094825e-02,-5.13406300260292256e-03,-2.49666099457745636e-03,-4.75588059869037350e-02,-1.05870228251205550e-02,-5.13406300270763481e-03,-2.49666099462505587e-03,-6.71157573961522758e-13,-2.11072478939478003e-13,-1.04712245818650018e-13,-4.75995111381966041e-14,-7.79982185724018562e-02,-7.79982185724046179e-02,-7.79982185724003296e-02,-7.79982185722869897e-02,19,2,1,5.76460752303767552e+17
3,2,14,-2.76384763181255107e-02,-2.76384763185661513e-02,-2.76384763185655129e-02,-6.37584658469134841e-02,-6.37584658488491024e-02,-6.37584658488836581e-02,3.45556916414579973e-14,1.97017402392418717e-12,1.08940634291343486e-13,-4.13291596216952828e-02,-8.24920774459053131e-03,-4.44443556975007356e-03,-2.07402367247872107e-03,-4.13291596223724841e-02,-8.24920774479532409e-03,-4.44443556985320114e-03,-2.07402367252532182e-03,-6.77201350551825954e-13,-2.04792779956441962e-13,-1.03127575923345205e-13,-4.66007440969029574e-14,-6.37584658488836581e-02,-6.37584658489290107e-02,-6.37584658489925987e-02,-6.37584658489274841e-02,19,2,1,5.76460752303767552e+17
3,3,15,-2.39283512598083212e-02,-2.39283512602406316e-02,-2.39283512602414851e-02,-5.20974199146541084e-02,-5.20974199162849913e-02,-5.20974199162796553e-02,5.33600941210465862e-15,1.62554691929273076e-12,6.65648092201820418e-14,-3.55176088149409264e-02,-6.36000805329834176e-03,-3.80445224402363013e-03,-1.70718532141429097e-03,-3.55176088156025083e-02,-6.36000805348873460e-03,-3.80445224412111118e-03,-1.70718532145792707e-03,-6.61581900374130782e-13,-1.90392840382358486e-13,-9.74810510090406979e-14,-4.36361016764585941e-14,-5.20974199162796553e-02,-5.20974199163462201e-02,-5.20974199163082852e-02,-5.20974199163351734e-02,19,2,1,5.76460752303767552e+17
4,0,16,-2.05138191331959950e-02,-2.05138191336043697e-02,-2.05138191336030132e-02,-4.22116991259831389e-02,-4.22116991278065762e-02,-4.22116991278072215e-02,6.45317133063372239e-16,1.82408255167132438e-12,1.59455781911788108e-14,-3.02492725841936594e-02,-4.86108896672340831e-03,-3.23166773352651397e-03,-1.39700811824612094e-03,-3.02492725848152767e-02,-4.86108896689066775e-03,-3.23166773361402947e-03,-1.39700811828476082e-03,-6.21617340934577101e-13,-1.67259435468469775e-13,-8.75154983204229353e-14,-3.86398812252108925e-14,-4.22116991278072215e-02,-4.22116991277961054e-02,-4.22116991277912759e-02,-4.22116991278004769e-02,19,2,1,5.76460752303767552e+17
4,1,17,-1.74281110983961415e-02,-1.74281110987955339e-02,-1.74281110987958357e-02,-3.41568792071719543e-02,-3.41568792087164341e-02,-3.41568792087616896e-02,4.52554660412829435e-14,1.58973528785466556e-12,2.65343302885412413e-14,-2.55452993080359583e-02,-3.67544489721315093e-03,-2.72327482454947116e-03,-1.13543166783678599e-03,-2.55452993086428305e-02,-3.67544489737402051e-03,-2.72327482463545403e-03,-1.13543166787481243e-03,-6.06872191388774240e-13,-1.60869581544709206e-13,-8.59828701293974262e-14,-3.80264396360185941e-14,-3.41568792087616896e-02,-3.41568792087513645e-02,-3.41568792087730139e-02,-3.41568792087778988e-02,19,2,1,5.76460752303767552e+17
4,2,18,-1.46936330056440800e-02,-1.46936330060248831e-02,-1.46936330060241545e-02,-2.74549032660200698e-02,-2.74549032673803914e-02,-2.74549032673982903e-02,1.78988768251286956e-14,1.37822045442881347e-12,1.39818712163730652e-14,-2.14192014301366959e-02,-2.75170922246299136e-03,-2.28132176286742440e-03,-9.18420914680571172e-04,-2.14192014307136927e-02,-2.75170922261078719e-03,-2.28132176294799493e-03,-9.18420914715944569e-04,-5.76996783685501669e-13,-1.47795838068009999e-13,-8.05705328843497881e-14,-3.53733969199465648e-14,-2.74549032673982903e-02,-2.74549032674079284e-02,-2.74549032674019124e-02,-2.74549032674122721e-02,19,2,1,5.76460752303767552e+17
4,3,19,-1.22998736218832370e-02,-1.22998736222391970e-02,-1.22998736222393046e-02,-2.20274569893798115e-02,-2.20274569905116839e-02,-2.20274569905387525e-02,2.70686251191420979e-14,1.15894099872448919e-12,9.49934575444899565e-15,-1.78383540287770648e-02,-2.03527763618084742e-03,-1.89937023513371333e-03,-7.38793510288909177e-04,-1.78383540293145862e-02,-2.03527763631246219e-03,-1.89937023520708845e-03,-7.38793510320790900e-04,-5.37521416266173446e-13,-1.31614771164967337e-13,-7.33751167464324894e-14,-3.18817238234569977e-14,-2.20274569905387525e-02,-2.20274569905482519e-02,-2.20274569905407232e-02,-2.20274569905449212e-02,19,2,1,5.76460752303767552e+17
5,0,20,-1.02319034466092276e-02,-1.02319034469352064e-02,-1.02319034469358309e-02,-1.75762265370608337e-02,-1.75762265382170928e-02,-1.75762265382300997e-02,1.30069566228740996e-14,1.16926607285350315e-12,9.18674858407797501e-14,-1.47686336707643397e-02,-1.48713158484733835e-03,-1.57368725563771005e-03,-5.91793698807353960e-04,-1.47686336712545985e-02,-1.48713158496072053e-03,-1.57368725570271100e-03,-5.91793698835233568e-04,-4.90258875163185337e-13,-1.13382176911147603e-13,-6.50009560065889502e-14,-2.78796083441612552e-14,-1.75762265382300997e-02,-1.75762265382851564e-02,-1.75762265382322647e-02,-1.75762265383219672e-02,19,2,1,5.76460752303767552e+17
5,1,21,-8.46155425941536206e-03,-8.46155425971884673e-03,-8.46155425971937755e-03,-1.39947240000183395e-02,-1.39947240009888774e-02,-1.39947240008663678e-02,1.22509641320434071e-13,8.48028244848642032e-13,1.74226952309730621e-13,-1.21584848927029782e-02,-1.07028809097866901e-03,-1.29731505078307095e-03,-4.71791993009742356e-04,-1.21584848931585773e-02,-1.07028809108192669e-03,-1.29731505084361562e-03,-4.71791993035655167e-04,-4.55599100113168731e-13,-1.03257680184043465e-13,-6.05446682372390299e-14,-2.59128113931639259e-14,-1.39947240008663678e-02,-1.39947240009153130e-02,-1.39947240009987515e-02,-1.39947240010405947e-02,19,2,1,5.76460752303767552e+17
5,2,22,-6.96062672329431607e-03,-6.96062672356479589e-03,-6.96062672356625653e-03,-1.10914025659401682e-02,-1.10914025667825291e-02,-1.10914025667744418e-02,8.08728084500387467e-15,8.34273622407621929e-13,4.70300881572072171e-14,-9.95931009002590586e-03,-7.57499520278063923e-04,-1.06500788749721111e-03,-3.74667144422341839e-04,-9.95931009043003919e-03,-7.57499520363052905e-04,-1.06500788754887465e-03,-3.74667144444035206e-04,-4.04133324027888818e-13,-8.49889819978799643e-14,-5.16635345615412689e-14,-2.16933675883934640e-14,-1.10914025667744418e-02,-1.10914025667899069e-02,-1.10914025668180320e-02,-1.10914025667710019e-02,19,2,1,5.76460752303767552e+17
5,3,23,-5.69725660024400157e-03,-5.69725660048857850e-03,-5.69725660048970087e-03,-8.77043356610942085e-03,-8.77043356681560249e-03,-8.77043356683763868e-03,2.20361923153333805e-14,7.28217833256827873e-13,1.26128274491321690e-13,-8.11861543171610994e-03,-5.24690745175227695e-04,-8.70566317977068747e-04,-2.96270732799443584e-04,-8.11861543208062739e-03,-5.24690745249284233e-04,-8.70566318023470757e-04,-2.96270732818818602e-04,-3.64517444007006475e-13,-7.40565378118396289e-14,-4.64020098386863644e-14,-1.93750180829677099e-14,-8.77043356683763868e-03,-8.77043356689535120e-03,-8.77043356696376696e-03,-8.77043356690704670e-03,19,2,1,5.76460752303767552e+17
6,0,24,-4.64185064765518587e-03,-4.64185064787487472e-03,-4.64185064787504126e-03,-6.90722910507310904e-03,-6.90722910574222745e-03,-6.90722910571559944e-03,2.66280053562439889e-14,6.42490401159268032e-13,8.41228128822812948e-14,-6.58901305573837172e-03,-3.53910256856350294e-04,-7.08985695300934100e-04,-2.33424371145459425e-04,-6.58901305606500540e-03,-3.53910256920395689e-04,-7.08985695342274078e-04,-2.33424371162587054e-04,-3.26633685376886973e-13,-6.40453944218688509e-14,-4.13399783155687928e-14,-1.71276296097311320e-14,-6.90722910571559944e-03,-6.90722910579972225e-03,-6.90722910574305664e-03,-6.90722910576970980e-03,19,2,1,5.76460752303767552e+17
6,1,25,-3.76542124840455704e-03,-3.76542124860116843e-03,-3.76542124860331211e-03,-5.42713818567807857e-03,-5.42713818615835324e-03,-5.42713818621111312e-03,5.27598797983586110e-14,5.33034553995559435e-13,9.79875902640259255e-14,-5.32498054908598500e-03,-2.30036627796379990e-04,-5.75230521471060269e-04,-1.83188855456069516e-04,-5.32498054937768396e-03,-2.30036627851779279e-04,-5.75230521507835539e-04,-1.83188855471188254e-04,-2.91698956655928043e-13,-5.53992886721116351e-14,-3.67752703289703220e-14,-1.51187385093870530e-14,-5.42713818621111312e-03,-5.42713818629309876e-03,-5.42713818621735639e-03,-5.42713818619511117e-03,19,2,1,5.76460752303767552e+17
6,2,26,-3.04208292657509290e-03,-3.04208292674885755e-03,-3.04208292674724729e-03,-4.24895806538152111e-03,-4.24895806582603706e-03,-4.24895806591440994e-03,8.83728853984244722e-14,5.32888837223577383e-13,1.08601495851790020e-13,-4.28655998041986563e-03,-1.41775238162625869e-04,-4.65143664686567182e-04,-1.43264002377169305e-04,-4.28655998067696380e-03,-1.41775238209240382e-04,-4.65143664718568493e-04,-1.43264002390165257e-04,-2.57098162204094649e-13,-4.66145134644935233e-14,-3.20013113230821489e-14,-1.29959519708233717e-14,-4.24895806591440994e-03,-4.24895806586123113e-03,-4.24895806584844188e-03,-4.24895806580580845e-03,19,2,1,5.76460752303767552e+17
6,3,27,-2.44813125197901934e-03,-2.44813125213551742e-03,-2.44813125213580885e-03,-3.31873787016284151e-03,-3.31873787050276708e-03,-3.31873787048016797e-03,2.25991100832878544e-14,3.17326460247402409e-13,4.38468705787897761e-14,-3.43758185018583524e-03,-7.99461054260471748e-05,-3.74860424005655536e-04,-1.11628392091976382e-04,-3.43758185041730590e-03,-7.99461054681257523e-05,-3.74860424034939295e-04,-1.11628392103882900e-04,-2.31470658612620284e-13,-4.20785774930473866e-14,-2.92837585777472320e-14,-1.19065185228556247e-14,-3.31873787048016797e-03,-3.31873787051236617e-03,-3.31873787049366065e-03,-3.31873787052401484e-03,19,2,1,5.76460752303767552e+17
7,0,28,-1.96294627629070876e-03,-1.96294627642359639e-03,-1.96294627642599334e-03,-2.58379571548167115e-03,-2.58379571592258581e-03,-2.58379571587510773e-03,4.74780804948782276e-14,3.93436585394146832e-13,1.40533418235833096e-13,-2.74695365018091248e-03,-3.77253994272733022e-05,-3.01171795674320193e-04,-8.66860333948050587e-05,-2.74695365037632344e-03,-3.77253994587632767e-05,-3.01171795697734840e-04,-8.66860334040055847e-05,-1.95410961717490395e-13,-3.14899744734836728e-14,-2.34146469574314509e-14,-9.20052608318483456e-15,-2.58379571587510773e-03,-2.58379571582934876e-03,-2.58379571573457431e-03,-2.58379571577936010e-03,19,2,1,5.76460752303767552e+17
7,1,29,-1.56837608289150726e-03,-1.56837608301026036e-03,-1.56837608300992339e-03,-2.00693048974508702e-03,-2.00693048995620113e-03,-2.00693048996957281e-03,1.33716822336982233e-14,2.24485794536599670e-13,2.19841506110540763e-14,-2.18752831732297280e-03,-9.72772546122627213e-06,-2.41227713320361274e-04,-6.70807026535740392e-05,-2.18752831749766292e-03,-9.72772549001124350e-06,-2.41227713341947523e-04,-6.70807026621422721e-05,-1.74690123477816428e-13,-2.87849713682952757e-14,-2.15862484137518962e-14,-8.56823292871844444e-15,-2.00693048996957281e-03,-2.00693048996884423e-03,-2.00693048996080379e-03,-2.00693048998278794e-03,19,2,1,5.76460752303767552e+17
7,2,30,-1.24893647380021323e-03,-1.24893647390006239e-03,-1.24893647390018491e-03,-1.55424938350056307e-03,-1.55424938371748287e-03,-1.55424938370991210e-03,7.57076693003178036e-15,2.09349031166095045e-13,6.49385059614537852e-14,-1.73635304568904537e-03,8.01068016348963031e-06,-1.92664718167755378e-04,-5.17392810369129801e-05,-1.73635304583508393e-03,8.01068014237574168e-06,-1.92664718184905586e-04,-5.17392810434798165e-05,-1.46038563186845494e-13,-2.11138886322542740e-14,-1.71502081199731427e-14,-6.56683637589167146e-15,-1.55424938370991210e-03,-1.55424938367144960e-03,-1.55424938364497360e-03,-1.55424938369719593e-03,19,2,1,5.76460752303767552e+17
7,3,31,-9.91350308898969121e-04,-9.91350308983778667e-04,-9.91350308983805122e-04,-1.20093493401215935e-03,-1.20093493416509930e-03,-1.20093493419459307e-03,2.94937685385576742e-14,1.82433712234142398e-13,7.84639280632104530e-14,-1.37387328916307853e-03,1.85350563655373710e-05,-1.53444504192404817e-04,-3.97713352913824973e-05,-1.37387328928666327e-03,1.85350563490788839e-05,-1.53444504206708723e-04,-3.97713352967702435e-05,-1.23584736194670697e-13,-1.64584871339273908e-14,-1.43039063666555721e-14,-5.38774618452295129e-15,-1.20093493419459307e-03,-1.20093493415915982e-03,-1.20093493423762375e-03,-1.20093493420802221e-03,19,2,1,5.76460752303767552e+17
8,0,32,-7.84466198159050740e-04,-7.84466198231228680e-04,-7.84466198232235362e-04,-9.25406956972719529e-04,-9.25406957071928148e-04,-9.25406957070982398e-04,9.45749555059105518e-16,9.82628691956199951e-14,5.48942401951135750e-15,-1.08378075840914615e-03,2.40534351746886715e-05,-1.21884260298724795e-04,-3.04733886833512968e-05,-1.08378075851403880e-03,2.40534351615205550e-05,-1.21884260310852925e-04,-3.04733886878714102e-05,-1.04892657060151606e-13,-1.31681164995504918e-14,-1.21281294469116618e-14,-4.52011339599142636e-15,-9.25406957070982398e-04,-9.25406957073347802e-04,-9.25406957075201680e-04,-9.25406957076471822e-04,19,2,1,5.76460752303767552e+17
8,1,33,-6.18903242909230890e-04,-6.18903242967784747e-04,-6.18903242966321182e-04,-7.11521909505366968e-04,-7.11521909551092002e-04,-7.11521909552918232e-04,1.82623013933458367e-15,4.75512641415209991e-14,1.07480213965005511e-14,-8.52430427798427592e-04,2.62160399424133373e-05,-9.65621873658188657e-05,-2.32721071971092013e-05,-8.52430427882864823e-04,2.62160399340454514e-05,-9.65621873750028577e-05,-2.32721072003496546e-05,-8.44372315123020911e-14,-8.36788591977027929e-15,-9.18399200005443062e-15,-3.24045328872930860e-15,-7.11521909552918232e-04,-7.11521909560975481e-04,-7.11521909550227459e-04,-7.11521909560465472e-04,19,2,1,5.76460752303767552e+17
8,2,34,-4.86883014517672675e-04,-4.86883014563455063e-04,-4.86883014564027305e-04,-5.45693216006277299e-04,-5.45693216057986262e-04,-5.45693216046467264e-04,1.15189975613549933e-14,4.01899650712134182e-14,2.03775798318650558e-14,-6.68574377579904096e-04,2.61938209285986400e-05,-7.63112413144670338e-05,-1.77161756484024402e-05,-6.68574377645172525e-04,2.61938209246772570e-05,-7.63112413209394362e-05,-1.77161756504818960e-05,-6.52684286825411242e-14,-3.92138307502704064e-15,-6.47240236666818403e-15,-2.07945572111394028e-15,-5.45693216046467264e-04,-5.45693216037759278e-04,-5.45693216049966635e-04,-5.45693216058136857e-04,19,2,1,5.76460752303767552e+17
8,3,35,-3.81958189095486453e-04,-3.81958189131287459e-04,-3.81958189132059465e-04,-4.17632437643247680e-04,-4.17632437664128275e-04,-4.17632437669234380e-04,5.10610434142910741e-15,2.59866997712188130e-14,1.89857895030454138e-14,-5.22933503463745251e-04,2.48341139913231655e-05,-6.01603955546591769e-05,-1.34429767967021759e-05,-5.22933503514267446e-04,2.48341139899241042e-05,-6.01603955594229851e-05,-1.34429767981159891e-05,-5.05221949345657784e-14,-1.39906125963887296e-15,-4.76380816304827759e-15,-1.41381318544825385e-15,-4.17632437669234380e-04,-4.17632437662818180e-04,-4.17632437681803969e-04,-4.17632437665260887e-04,19,2,1,5.76460752303767552e+17
9,0,36,-2.98840992794334947e-04,-2.98840992821964213e-04,-2.98840992821034618e-04,-3.18884142619213441e-04,-3.18884142718051751e-04,-3.18884142675114797e-04,4.29369539055313165e-14,5.59013555931353601e-14,3.13888455158450874e-14,-4.07935988386050525e-04,2.27189514482775606e-05,-4.73176073962416823e-05,-1.01684390518799641e-05,-4.07935988424617385e-04,2.27189514485270050e-05,-4.73176073997297030e-05,-1.01684390528169282e-05,-3.85668602088939938e-14,2.49444426702813415e-16,-3.48802069042100649e-15,-9.36964129330183915e-16,-3.18884142675114797e-04,-3.18884142706503642e-04,-3.18884142679052294e-04,-3.18884142686861477e-04,19,2,1,5.76460752303767552e+17
9,1,37,-2.33200922226045560e-04,-2.33200922249063417e-04,-2.33200922249382009e-04,-2.43004444506859821e-04,-2.43004444503572736e-04,-2.43004444531380652e-04,2.78079154755056512e-14,2.45208313289640989e-14,7.03896576442764044e-15,-3.17407126931631240e-04,2.02512642555882229e-05,-3.71317794485792079e-05,-7.66700785439526320e-06,-3.17407126963851506e-04,2.02512642552408648e-05,-3.71317794519166396e-05,-7.66700785539307479e-06,-3.22202659518155965e-14,-3.47358047273621517e-16,-3.33743178492634796e-15,-9.97811588129143834e-16,-2.43004444531380652e-04,-2.43004444533327066e-04,-2.43004444526288100e-04,-2.43004444527312834e-04,19,2,1,5.76460752303767552e+17
9,2,38,-1.81520079688449399e-04,-1.81520079706555006e-04,-1.81520079708599865e-04,-1.84791773089051529e-04,-1.84791773129123506e-04,-1.84791773146156647e-04,1.70331413903990203e-14,5.71051181601917035e-14,1.02036760117607539e-13,-2.46353385810876185e-04,1.76931314931924076e-05,-2.90751931111995999e-05,-5.76295561716047459e-06,-2.46353385836064261e-04,1.76931314933861410e-05,-2.90751931137952172e-05,-5.76295561788428966e-06,-2.51880764509659905e-14,1.93733375696003574e-16,-2.59561727037997680e-15,-7.23815064417217269e-16,-1.84791773146156647e-04,-1.84791773176351678e-04,-1.84791773193251842e-04,-1.84791773091215082e-04,19,2,1,5.76460752303767552e+17
9,3,39,-1.40946492471441802e-04,-1.40946492487526375e-04,-1.40946492488581683e-04,-1.40271449515418323e-04,-1.40271449505438079e-04,-1.40271449521599413e-04,1.61613344235034262e-14,6.18109079544848505e-15,4.36784397712941530e-14,-1.90742329111499566e-04,1.52128161956806094e-05,-2.27183282313105005e-05,-4.31817619550760202e-06,-1.90742329134187879e-04,1.52128161946318116e-05,-2.27183282341058278e-05,-4.31817619642059765e-06,-2.26883128170290993e-14,-1.04879788935616919e-15,-2.79532731055180672e-15,-9.12995638021728978e-16,-1.40271449521599413e-04,-1.40271449540926212e-04,-1.40271449565277853e-04,-1.40271449546987769e-04,19,2,1,5.76460752303767552e+17
10,0,40,-1.09182953221415672e-04,-1.09182953233561461e-04,-1.09182953233724809e-04,-1.06279892436328210e-04,-1.06279892538062450e-04,-1.06279892496973167e-04,4.10892836682358320e-14,6.06449569381939391e-14,3.81703539218888888e-14,-1.47339167625858689e-04,1.29078737941424313e-05,-1.77152139513234807e-05,-3.22570684160927718e-06,-1.47339167642772677e-04,1.29078737941487010e-05,-1.77152139531839039e-05,-3.22570684211676553e-06,-1.69139875716428634e-14,6.26973787557633111e-18,-1.86042316534934526e-15,-5.07488355402626115e-16,-1.06279892496973167e-04,-1.06279892503596083e-04,-1.06279892486874636e-04,-1.06279892525044990e-04,19,2,1,5.76460752303767552e+17
10,1,41,-8.43834317766463328e-05,-8.43834317885459124e-05,-8.43834317884245225e-05,-8.03991153199715494e-05,-8.03991153662906178e-05,-8.03991153221935134e-05,4.40971044401994305e-14,2.22196393229179279e-15,4.48826495717466467e-14,-1.13553962181993113e-04,1.08302040267772502e-05,-1.37866307923932826e-05,-2.40225247395695848e-06,-1.13553962199022283e-04,1.08302040250897912e-05,-1.37866307947852698e-05,-2.40225247480193864e-06,-1.70291704999422921e-14,-1.68745903752001714e-15,-2.39198716172825399e-15,-8.44980162906629542e-16,-8.03991153221935134e-05,-8.03991152773108638e-05,-8.03991153169148853e-05,-8.03991152881741901e-05,19,2,1,5.76460752303767552e+17
10,2,42,-6.50723616294688050e-05,-6.50723616383857173e-05,-6.50723616378596489e-05,-6.07263864788954439e-05,-6.07263865781547965e-05,-6.07263865255380653e-05,5.26167312302726342e-14,4.66426214058152100e-14,1.83070382854880198e-14,-8.73243656744905719e-05,8.99907438696572682e-06,-1.07090141824522049e-05,-1.78369866432295269e-06,-8.73243656870643491e-05,8.99907438643731548e-06,-1.07090141839544263e-05,-1.78369866476350130e-06,-1.25737771973846724e-14,-5.28411339749228215e-16,-1.50222140228497419e-15,-4.40548612130539641e-16,-6.07263865255380653e-05,-6.07263865396352753e-05,-6.07263865269150834e-05,-6.07263865213282370e-05,19,2,1,5.76460752303767552e+17
10,3,43,-5.00732245142209757e-05,-5.00732245230917281e-05,-5.00732245228840086e-05,-4.58093381941078380e-05,-4.58093382453350829e-05,-4.58093382878677039e-05,4.25326210340935817e-14,9.37598658651631056e-14,1.06824576582512792e-13,-6.70117282529875900e-05,7.41399255675827340e-06,-8.30326443139305380e-06,-1.32053866462270089e-06,-6.70117282658143929e-05,7.41399255507180539e-06,-8.30326443325817292e-06,-1.32053866529957868e-06,-1.28268028793884770e-14,-1.68646800897172960e-15,-1.86511911600892311e-15,-6.76877792436304283e-16,-4.58093382878677039e-05,-4.58093381810431273e-05,-4.58093382319042506e-05,-4.58093382095686627e-05,19,2,1,5.76460752303767552e+17
11,0,44,-3.84521983803477160e-05,-3.84521983915788850e-05,-3.84521983906775539e-05,-3.45159434877584105e-05,-3.45159435224124257e-05,-3.45159435063179798e-05,1.60944459257246486e-14,1.85595693002506279e-14,7.63189695902194432e-14,-5.13200719931390266e-05,6.06153195759710920e-06,-6.42679734684731621e-06,-9.74907874480453343e-07,-5.13200720100100391e-05,6.06153195322934993e-06,-6.42679734984527244e-06,-9.74907875754687358e-07,-1.68710125080309692e-14,-4.36775927383468987e-15,-2.99795622625987496e-15,-1.27423401420200672e-15,-3.45159435063179798e-05,-3.45159434299990102e-05,-3.45159434641112360e-05,-3.45159434710803521e-05,19,2,1,5.76460752303767552e+17
11,1,45,-2.94699743564643558e-05,-2.94699743658486508e-05,-2.94699743684076660e-05,-2.59841429505263760e-05,-2.59841429203218046e-05,-2.59841429454522997e-05,2.51304951512116431e-14,5.07407633162752780e-15,1.45029848590619292e-13,-3.92268047574730023e-05,4.92159975050181087e-06,-4.96613989682841142e-06,-7.17802081670827503e-07,-3.92268047714543178e-05,4.92159974745302420e-06,-4.96613989894733719e-06,-7.17802082505540250e-07,-1.39813155627596664e-14,-3.04878667342460552e-15,-2.11892576239009617e-15,-8.34712747157368134e-16,-2.59841429454522997e-05,-2.59841429204157541e-05,-2.59841428970310446e-05,-2.59841428004224511e-05,19,2,1,5.76460752303767552e+17
11,2,46,-2.25435611814344391e-05,-2.25435611882313262e-05,-2.25435611904611540e-05,-1.95475018784282216e-05,-1.95475018737723322e-05,-1.95475018376365921e-05,3.61357401250025911e-14,4.07916295143070928e-14,6.84887869616297718e-14,-2.99283028813825269e-05,3.97069395638412229e-06,-3.83144368914775627e-06,-5.27182439969491405e-07,-2.99283028912870491e-05,3.97069395508584101e-06,-3.83144369027979293e-06,-5.27182440339316154e-07,-9.90452227070219571e-15,-1.29828127957455630e-15,-1.13203666411579654e-15,-3.69824749166594580e-16,-1.95475018376365921e-05,-1.95475018991631680e-05,-1.95475019061253791e-05,-1.95475018760684217e-05,19,2,1,5.76460752303767552e+17
11,3,47,-1.72144006572610556e-05,-1.72144006603018598e-05,-1.72144006607072735e-05,-1.47000316137956114e-05,-1.47000315848345689e-05,-1.47000315303921937e-05,5.44423752228077179e-14,8.34034176357828505e-14,1.90939471400803154e-13,-2.27945227083589461e-05,3.18470033792433533e-06,-2.95163200509401281e-06,-3.86297523292154501e-07,-2.27945227123307344e-05,3.18470033910047361e-06,-2.95163200494660282e-06,-3.86297523064775494e-07,-3.97178831165224955e-15,1.17613828154753894e-15,1.47409990843613142e-16,2.27379006668602078e-16,-1.47000315303921937e-05,-1.47000316236154100e-05,-1.47000316964170956e-05,-1.47000317213316651e-05,19,2,1,5.76460752303767552e+17
12,0,48,-1.31230862922910528e-05,-1.31230862903355722e-05,-1.31230862905572001e-05,-1.10533674905658192e-05,-1.10533674705559550e-05,-1.10533674900454801e-05,1.94895250789752297e-14,5.20339115761894733e-16,2.19910818816614582e-13,-1.73332828520881412e-05,2.54022318034903058e-06,-2.27071536511578164e-06,-2.82503919494585314e-07,-1.73332828481814660e-05,2.54022318469237498e-06,-2.27071536339199505e-06,-2.82503918533093599e-07,3.90667519493091697e-15,4.34334439616303192e-15,1.72378658656185957e-15,9.61491715323385893e-16,-1.10533674900454801e-05,-1.10533674035636076e-05,-1.10533676234744264e-05,-1.10533674525297386e-05,19,2,1,5.76460752303767552e+17
12,1,49,-9.98863018402132466e-06,-9.98863018233200893e-06,-9.98863018218143019e-06,-8.31363227130258322e-06,-8.31363226808574352e-06,-8.31363221625452523e-06,5.18312182859774137e-14,5.50480579902031669e-14,5.57562249679528082e-14,-1.31610151983208037e-05,2.01563828371216824e-06,-1.74464499937179163e-06,-2.06264487259044215e-07,-1.31610151951189040e-05,2.01563828659454936e-06,-1.74464499841829617e-06,-2.06264486747889239e-07,3.20189973710208187e-15,2.88238112170586744e-15,9.53495459603509281e-16,5.11154975742832769e-16,-8.31363221625452523e-06,-8.31363227201075020e-06,-8.31363223878317234e-06,-8.31363224900071733e-06,19,2,1,5.76460752303767552e+17
12,2,50,-7.59205973764452989e-06,-7.59205973352015622e-06,-7.59205973566286836e-06,-6.25669931057345993e-06,-6.25669930800793774e-06,-6.25669936180425214e-06,5.37963143948166564e-14,5.12307922050526249e-14,1.63143233968541298e-13,-9.97977046179821255e-06,1.59146080202590421e-06,-1.33889130074800145e-06,-1.50430375342117707e-07,-9.97977045485840893e-06,1.59146080608495978e-06,-1.33889129914561057e-06,-1.50430374523772125e-07,6.93980361729257950e-15,4.05905557510901835e-15,1.60239088335255731e-15,8.18345582457132492e-16,-6.25669936180425214e-06,-6.25669936312283934e-06,-6.25669920543420956e-06,-6.25669936857744353e-06,19,2,1,5.76460752303767552e+17
12,3,51,-5.76314924884248084e-06,-5.76314924812862943e-06,-5.76314924725044854e-06,-4.71356436512397373e-06,-4.71356436316829070e-06,-4.71356430427984462e-06,5.88884460807478569e-14,6.08441291124442625e-14,6.72397479424438442e-14,-7.55865381317851834e-06,1.25058041799970719e-06,-1.02642654352337220e-06,-1.09649871781722817e-07,-7.55865381195559758e-06,1.25058041845978627e-06,-1.02642654367595058e-06,-1.09649871867462033e-07,1.22292075825734120e-15,4.60079074311855671e-16,-1.52578374129522069e-16,-8.57392160199220432e-17,-4.71356430427984462e-06,-4.71356436001750008e-06,-4.71356431589754523e-06,-4.71356437151959256e-06,19,2,1,5.76460752303767552e+17
13,0,52,-4.36995963163987609e-06,-4.36995962806646600e-06,-4.36995962770088404e-06,-3.55606536917687041e-06,-3.55606536940226927e-06,-3.55606553674701790e-06,1.67344748626917228e-13,1.67570147482313386e-13,2.32452563769032939e-13,-5.71926946125847432e-06,9.78199207682365500e-07,-7.86161454596044618e-07,-7.99397729789377948e-08,-5.71926945547363401e-06,9.78199210358683623e-07,-7.86161453496450798e-07,-7.99397724156479014e-08,5.78484031239345081e-15,2.67631812267139346e-15,1.09959381992829914e-15,5.63289893351004358e-16,-3.55606553674701790e-06,-3.55606537575273997e-06,-3.55606530429445413e-06,-3.55606538963493235e-06,19,2,1,5.76460752303767552e+17
13,1,53,-3.31047097042646907e-06,-3.31047097594980066e-06,-3.31047097608013447e-06,-2.68789452245517429e-06,-2.68789451895786546e-06,-2.68789457317196911e-06,5.42141036551709466e-14,5.07167948249668231e-14,9.75999659645057291e-14,-4.32410330502566113e-06,7.61726632244094769e-07,-6.01666366189326541e-07,-5.83408783816712860e-08,-4.32410331405208298e-06,7.61726627137918853e-07,-6.01666368937869575e-07,-5.83408797636524307e-08,-9.02642184900850214e-15,-5.10617591571315040e-15,-2.74854303389699154e-15,-1.38198114465995541e-15,-2.68789457317196911e-06,-2.68789467077193508e-06,-2.68789460916838333e-06,-2.68789465289649819e-06,19,2,1,5.76460752303767552e+17
13,2,54,-2.50601425085099075e-06,-2.50601425767158380e-06,-2.50601425873584131e-06,-2.03638163978743708e-06,-2.03638161070769147e-06,-2.03638180277201203e-06,1.92064320566845024e-13,1.62984574956641674e-13,4.00261907002903835e-13,-3.26744781083536236e-06,5.90563512307701020e-07,-4.60177146695333322e-07,-4.26666637002412931e-08,-3.26744782180022377e-06,5.90563507093237977e-07,-4.60177149278617899e-07,-4.26666649265020081e-08,-1.09648614074811784e-14,-5.21446304290986351e-15,-2.58328457654707260e-15,-1.22626071504748331e-15,-2.03638180277201203e-06,-2.03638146746296989e-06,-2.03638170914626960e-06,-2.03638140251010503e-06,19,2,1,5.76460752303767552e+17
13,3,55,-1.89606619189011898e-06,-1.89606620523785030e-06,-1.89606620657351051e-06,-1.54709354486035324e-06,-1.54709350722907522e-06,-1.54709332843212796e-06,1.78796947264227616e-13,2.16428225278044871e-13,3.66728943482509651e-13,-2.46822787399983995e-06,4.55889684517787382e-07,-3.51793337424175502e-07,-3.13051669431543203e-08,-2.46822789535046328e-06,4.55889674845815519e-07,-3.51793342138237950e-07,-3.13051692067327430e-08,-2.13506233295835367e-14,-9.67197186319281011e-15,-4.71406244745162456e-15,-2.26357842276238015e-15,-1.54709332843212796e-06,-1.54709369516107144e-06,-1.54709361397932742e-06,-1.54709358014109915e-06,19,2,1,5.76460752303767552e+17
14,0,56,-1.43418241844001385e-06,-1.43418241803702352e-06,-1.43418241749180917e-06,-1.17913075554061871e-06,-1.17913075552101816e-06,-1.17913069707166845e-06,5.84493497066053847e-14,5.84689502607630860e-14,1.51307598127327228e-13,-1.86442037810729018e-06,3.50425037132222735e-07,-2.68854585828065111e-07,-2.30741321529077718e-08,-1.86442037693923852e-06,3.50425039997098332e-07,-2.68854584148519320e-07,-2.30741311600791329e-08,1.16805165800010213e-15,2.86487559766408122e-15,1.67954579102897144e-15,9.92828638884234594e-16,-1.17913069707166845e-06,-1.17913067149718234e-06,-1.17913061946382430e-06,-1.17913054576407032e-06,19,2,1,5.76460752303767552e+17
14,1,57,-1.08480068378697070e-06,-1.08480068046852071e-06,-1.08480068044943516e-06,-9.01941363635178158e-07,-9.01941338846212409e-07,-9.01941323280332195e-07,1.55658802142207833e-14,4.03548459636270986e-14,6.37151968703538634e-13,-1.40867912970992050e-06,2.68213538783967335e-07,-2.05443166417147066e-07,-1.71086666292507418e-08,-1.40867912396221729e-06,2.68213543113210909e-07,-2.05443164271403234e-07,-1.71086655191070008e-08,5.74770321161227008e-15,4.32924357399229356e-15,2.14574383135179218e-15,1.11014374101780456e-15,-9.01941323280332195e-07,-9.01941102167907251e-07,-9.01941739319875954e-07,-9.01941255880801969e-07,19,2,1,5.76460752303767552e+17
14,2,58,-8.20755361212070692e-07,-8.20755356560656707e-07,-8.20755358335389361e-07,-6.92646126659962519e-07,-6.92646117240962287e-07,-6.92646076725785268e-07,4.05151770185646024e-14,4.99341772510435546e-14,4.06514073603505850e-13,-1.06494719937923970e-06,2.04414918328157890e-07,-1.56997565334155978e-07,-1.27791452888028000e-08,-1.06494719166616615e-06,2.04414922727596778e-07,-1.56997563314360440e-07,-1.27791443057432865e-08,7.71307354736818634e-15,4.39943888839715194e-15,2.01979553780923487e-15,9.83059513427252680e-16,-6.92646076725785268e-07,-6.92645947654800792e-07,-6.92646022963696933e-07,-6.92646354168874396e-07,19,2,1,5.76460752303767552e+17
14,3,59,-6.21337754499528505e-07,-6.21337748381520912e-07,-6.21337750907896838e-07,-5.34188004055938486e-07,-5.34187997141544904e-07,-5.34188013688962768e-07,1.65474178642134487e-14,9.63302428242643251e-15,3.16776954081497404e-13,-8.05820480219596831e-07,1.55123805445661502e-07,-1.20006967037942401e-07,-9.62843857408056958e-09,-8.05820470319494696e-07,1.55123810170181074e-07,-1.20006964913810218e-07,-9.62843756515814587e-09,9.90010213514606755e-15,4.72451957211129133e-15,2.12413218274929273e-15,1.00892242370074391e-15,-5.34188013688962768e-07,-5.34187806888648129e-07,-5.34188123665602210e-07,-5.34187976757517034e-07,19,2,1,5.76460752303767552e+17
15,0,60,-4.70795411874026600e-07,-4.70795407605079120e-07,-4.70795408099278110e-07,-4.13821810236386868e-07,-4.13821642456883017e-07,-4.13821967871167957e-07,3.25414284940497980e-13,1.57634781089172076e-13,5.66518581987371015e-13,-6.10515881646931926e-07,1.17207273529515602e-07,-9.17744537911735337e-08,-7.32616540238784329e-09,-6.10515874911538746e-07,1.17207275989310729e-07,-9.17744528054067409e-08,-7.32616497726704542e-09,6.73539317953819865e-15,2.45979512700616592e-15,9.85766792854077484e-16,4.25120797869822280e-16,-4.13821967871167957e-07,-4.13821906534201142e-07,-4.13821401352585970e-07,-4.13821564046901000e-07,19,2,1,5.76460752303767552e+17
15,1,61,-3.57168656053095264e-07,-3.57168660581433668e-07,-3.57168661678449278e-07,-3.22054085650490119e-07,-3.22054015826044008e-07,-3.22054042396008337e-07,2.65699643293575193e-14,4.32544817817432465e-14,2.79995216338337440e-13,-4.63300597722340666e-07,8.81674004454913204e-08,-7.02311967665553394e-08,-5.63416042201361127e-09,-4.63300605286856493e-07,8.81673955351371137e-08,-7.02311993852113104e-08,-5.63416178136436326e-09,-7.56451582688104363e-15,-4.91035420675547095e-15,-2.61865597097525274e-15,-1.35935075199556423e-15,-3.22054042396008337e-07,-3.22054269431902076e-07,-3.22054214131348435e-07,-3.22054322391224676e-07,19,2,1,5.76460752303767552e+17
15,2,62,-2.71394857424792145e-07,-2.71394858851468690e-07,-2.71394858337585289e-07,-2.51796701850005466e-07,-2.51796551859670415e-07,-2.51796316911125914e-07,2.34948544500887833e-13,3.84938879552050773e-13,3.46705963617859004e-13,-3.52287365176485148e-07,6.60228269570382005e-08,-5.37928277471944428e-08,-4.38141799827613548e-09,-3.52287367555406350e-07,6.60228255692830572e-08,-5.37928283772248744e-08,-4.38141827559507479e-09,-2.37892120206082357e-15,-1.38775514326826136e-15,-6.30030431679253362e-16,-2.77318939309998879e-16,-2.51796316911125914e-07,-2.51796328988313635e-07,-2.51796653421295183e-07,-2.51796663617089532e-07,19,2,1,5.76460752303767552e+17
15,3,63,-2.06618173169671866e-07,-2.06618155235698998e-07,-2.06618157230102024e-07,-1.97766768640333911e-07,-1.97766650824522439e-07,-1.97766513647608232e-07,1.37176914207080117e-13,2.54992725679617594e-13,7.68576216138875130e-13,-2.68508812918506691e-07,4.92104528507783421e-08,-4.12474712184560042e-08,-3.44540462508437980e-09,-2.68508783947240008e-07,4.92104673858042724e-08,-4.12474638686530106e-08,-3.44540091763965633e-09,2.89712666829836432e-14,1.45350259303762533e-14,7.34980299356365773e-15,3.70744472347256264e-15,-1.97766513647608232e-07,-1.97767056857227801e-07,-1.97766288281011662e-07,-1.97766526994758671e-07,19,2,1,5.76460752303767552e+17
16,0,64,-1.57660700079226084e-07,-1.57660673540048358e-07,-1.57660672907566818e-07,-1.56015806479370776e-07,-1.56015924066488938e-07,-1.56016055287869229e-07,1.31221380291612013e-13,2.48808498453514324e-13,6.14994950182304082e-13,-2.05210850564489235e-07,3.65030295657338865e-08,-3.16694558735347553e-08,-2.73857823239859924e-09,-2.05210808142957101e-07,3.65030486416853947e-08,-3.16694466128311833e-08,-2.73857375264749282e-09,4.24215321336655882e-14,1.90759515082168691e-14,9.26070357200974083e-15,4.47975110642137280e-15,-1.56016055287869229e-07,-1.56015440292919047e-07,-1.56015879788968835e-07,-1.56015795239930324e-07,19,2,1,5.76460752303767552e+17
16,1,65,-1.20617221764983547e-07,-1.20617213587442369e-07,-1.20617212394513247e-07,-1.23593571497293196e-07,-1.23593619910113935e-07,-1.23593623640659640e-07,3.73054570497769952e-15,5.21433664441830948e-14,2.67776209600017592e-13,-1.57312834559523185e-07,2.69418030213365952e-08,-2.43524288654282490e-08,-2.19844976337885264e-09,-1.57312822394623852e-07,2.69418044752092874e-08,-2.43524286390125074e-08,-2.19844993102930250e-09,1.21648993324404282e-14,1.45387269217252728e-15,2.26415741610394276e-16,-1.67650449855233957e-16,-1.23593623640659640e-07,-1.23593891416869240e-07,-1.23593655173249029e-07,-1.23593779085368196e-07,19,2,1,5.76460752303767552e+17
16,2,66,-9.25461814262387136e-08,-9.25461778874280218e-08,-9.25461763016250479e-08,-9.82879013577287461e-08,-9.82879279686669707e-08,-9.82878170311272276e-08,1.10937539743135018e-13,8.43266015184430522e-14,6.45676811985722173e-13,-1.20997382360933223e-07,1.97811791906676237e-08,-1.87579719355337841e-08,-1.78046371176981895e-09,-1.20997377657365197e-07,1.97811774989063768e-08,-1.87579729045607840e-08,-1.78046433723321668e-09,4.70356802687249900e-15,-1.69176124689929729e-15,-9.69026999831498954e-16,-6.25463397738527370e-16,-9.82878170311272276e-08,-9.82878287913193927e-08,-9.82876974112484975e-08,-9.82883430880604832e-08,19,2,1,5.76460752303767552e+17
16,3,67,-7.12341123880576202e-08,-7.12341056784466015e-08,-7.12341064440003791e-08,-7.84379925695787438e-08,-7.84380422369304653e-08,-7.84380554601591503e-08,1.32232286850287030e-14,6.28905804065266758e-14,3.72053078048559176e-13,-9.33986530732367980e-08,1.44440765972594677e-08,-1.44759709804007171e-08,-1.45280880833776892e-09,-9.33986430758806162e-08,1.44440785266058611e-08,-1.44759698582681462e-08,-1.45280829876971457e-09,9.99735618174876057e-15,1.92934639343174407e-15,1.12213257090698680e-15,5.09568054346273009e-16,-7.84380554601591503e-08,-7.84383243581884369e-08,-7.84382334815316549e-08,-7.84379523051103883e-08,19,2,1,5.76460752303767552e+17
17,0,68,-5.50168134376970746e-08,-5.50168115142255280e-08,-5.50168140867476179e-08,-6.27914321082626708e-08,-6.27913142577462467e-08,-6.27913207557793142e-08,6.49803306749139692e-15,1.11352483356598338e-13,3.06098224082898093e-13,-7.23665434905160373e-08,1.04858267781910851e-08,-1.11942653635472864e-08,-1.19272990511967191e-09,-7.23665411693183042e-08,1.04858251419835611e-08,-1.11942659773321539e-08,-1.19273027213998143e-09,2.32119773312023552e-15,-1.63620752399063380e-15,-6.13784867492146690e-16,-3.67020309518609603e-16,-6.27913207557793142e-08,-6.27911228635906700e-08,-6.27914289618147529e-08,-6.27913146510821820e-08,19,2,1,5.76460752303767552e+17
17,1,69,-4.26436907574416984e-08,-4.26436839106010191e-08,-4.26436844827090548e-08,-5.04011323151871849e-08,-5.04011111847438496e-08,-5.04012647700162058e-08,1.53585272356237112e-13,1.32454829020894125e-13,3.09345327083189160e-13,-5.62883597395772684e-08,7.56537617755239545e-09,-8.67534273394819708e-09,-9.83869705145617769e-10,-5.62883492910128362e-08,7.56537936614363526e-09,-8.67534084034786291e-09,-9.83868786079017715e-10,1.04485644322052547e-14,3.18859123980724478e-15,1.89360033416255294e-15,9.19066600053410601e-16,-5.04012647700162058e-08,-5.04011461975643893e-08,-5.04011986058168825e-08,-5.04009554246891226e-08,19,2,1,5.76460752303767552e+17
17,2,70,-3.31752139597845628e-08,-3.31752153238396646e-08,-3.31752152397889625e-08,-4.05470249300422225e-08,-4.05469874792925790e-08,-4.05468417320195294e-08,1.45747273049529827e-13,1.83198022693070757e-13,4.36802903437310236e-13,-4.39544795035064153e-08,5.42230793107011420e-09,-6.73854367371100250e-09,-8.14395470117884180e-10,-4.39544823218390481e-08,5.42230439230679424e-09,-6.73854523036569501e-09,-8.14396318415556367e-10,-2.81833263275500491e-15,-3.53876331995600536e-15,-1.55665469251032235e-15,-8.48297672186296074e-16,-4.05468417320195294e-08,-4.05467590004661642e-08,-4.05469984398839279e-08,-4.05471958033696015e-08,19,2,1,5.76460752303767552e+17
17,3,71,-2.59054673750247632e-08,-2.59054594877867960e-08,-2.59054609221368147e-08,-3.26793564690651529e-08,-3.26793150344677315e-08,-3.26793871217147553e-08,7.20872470237920155e-14,3.06526496024484256e-14,2.76017008880138653e-13,-3.44572026024423902e-08,3.85869975067864901e-09,-5.24644966705036512e-09,-6.75663311757464927e-10,-3.44571902589011358e-08,3.85870471975784935e-09,-5.24644686908017116e-09,-6.75661925090247178e-10,1.23435412544640999e-14,4.96907920033913921e-15,2.79797019396794427e-15,1.38666721774904360e-15,-3.26793871217147553e-08,-3.26793118851676486e-08,-3.26791111047058752e-08,-3.26792908856903241e-08,19,2,1,5.76460752303767552e+17
18,0,72,-2.03038323698701552e-08,-2.03038278433686815e-08,-2.03038286842620660e-08,-2.63758108186081359e-08,-2.63761859676833278e-08,-2.63760492971844210e-08,1.36670498906764042e-13,2.38478576285104644e-13,5.48146437414364799e-13,-2.71148384112294431e-08,2.72481472179797276e-09,-4.09451707856754886e-09,-5.61284795498470212e-10,-2.71148315785653689e-08,2.72481642536699378e-09,-4.09451608630882749e-09,-5.61284381697085745e-10,6.83266407415560815e-15,1.70356902101446208e-15,9.92258721368352909e-16,4.13801384467466317e-16,-2.63760492971844210e-08,-2.63760664703880694e-08,-2.63755183239506550e-08,-2.63760661339056075e-08,19,2,1,5.76460752303767552e+17
18,1,73,-1.59711118930829789e-08,-1.59711202821182492e-08,-1.59711195222726830e-08,-2.13102887591035317e-08,-2.13103776215450157e-08,-2.13101785628701727e-08,1.99058674843020067e-13,1.10196233359021493e-13,6.16838995376665669e-13,-2.14147633438300135e-08,1.90791247392571515e-09,-3.20317363373088571e-09,-4.66467777218167590e-10,-2.14147773663124595e-08,1.90790381111191791e-09,-3.20317783555469581e-09,-4.66469951766889147e-10,-1.40224824459484666e-14,-8.66281379724224577e-15,-4.20182381009883659e-15,-2.17454872155680126e-15,-2.13101785628701727e-08,-2.13107954018655494e-08,-2.13101996559161895e-08,-2.13106040009863112e-08,19,2,1,5.76460752303767552e+17
18,2,74,-1.26066029143837882e-08,-1.26066040635553167e-08,-1.26066020683833956e-08,-1.72293373816818438e-08,-1.72294399332255005e-08,-1.72294175460244855e-08,2.23872010150526640e-14,8.01643426417122921e-14,1.26141570870420553e-13,-1.69708197103718364e-08,1.32351668107299252e-09,-2.51181331591315675e-09,-3.87558989365645944e-10,-1.69708216838856329e-08,1.32351564722363843e-09,-2.51181347933413576e-09,-3.87559022586856541e-10,-1.97351379653760281e-15,-1.03384935408891786e-15,-1.63420979016708964e-16,-3.32212105973569870e-17,-1.72294175460244855e-08,-1.72294053242870718e-08,-1.72294718493444600e-08,-1.72293457077735896e-08,19,2,1,5.76460752303767552e+17
18,3,75,-9.98340220430826595e-09,-9.98340708141545676e-09,-9.98340697190396164e-09,-1.39348612486012624e-08,-1.39349969029681550e-08,-1.39349960897792297e-08,8.13188925283587116e-16,1.34841177967365984e-13,5.61428712139143695e-13,-1.34914558475164303e-08,9.08650034426163521e-10,-1.97422962021099607e-09,-3.21723188171498381e-10,-1.34914637643017224e-08,9.08646213705328290e-10,-1.97423128512594233e-09,-3.21724004180597580e-10,-7.91678529212892325e-15,-3.82072083523072933e-15,-1.66491494626329484e-15,-8.16009099199292559e-16,-1.39349960897792297e-08,-1.39348339619258827e-08,-1.39353632732828905e-08,-1.39348018445707513e-08,19,2,1,5.76460752303767552e+17
19,0,76,-7.92992204349353925e-09,-7.92993250581527710e-09,-7.92993234618977248e-09,-1.12710441840507713e-08,-1.12711519634984842e-08,-1.12711218593362060e-08,3.01041622782126250e-14,7.76752854347455238e-14,5.66600376795948700e-13,-1.07559451073458382e-08,6.16606588628902446e-10,-1.55515175028846424e-09,-2.66721173019151774e-10,-1.07559619003831516e-08,6.16598892835983600e-10,-1.55515536733091201e-09,-2.66722944768760598e-10,-1.67930373134652270e-14,-7.69579291884570227e-15,-3.61704244776896455e-15,-1.77174960882445261e-15,-1.12711218593362060e-08,-1.12715737187801777e-08,-1.12710390802550512e-08,-1.12710071184033817e-08,19,2,1,5.76460752303767552e+17
19,1,77,-6.31605955740237237e-09,-6.31607149381023121e-09,-6.31607006561437916e-09,-9.11466185474248764e-09,-9.11468171944513884e-09,-9.11473895874623017e-09,5.72393010913261466e-14,7.71040037425237833e-14,6.49544731977281774e-13,-8.59663548492275276e-09,4.12938863255607024e-10,-1.22761529105597696e-09,-2.20754169682961785e-10,-8.59665440559588495e-09,4.12931145734323615e-10,-1.22761886788376684e-09,-2.20755865539315820e-10,-1.89206731321955514e-14,-7.71752128340811477e-15,-3.57682778987912184e-15,-1.69585635403463677e-15,-9.11473895874623017e-09,-9.11417180426730890e-09,-9.11447905709242964e-09,-9.11408941401425288e-09,19,2,1,5.76460752303767552e+17
19,2,78,-5.04286075032223847e-09,-5.04287374892162401e-09,-5.04287434948366447e-09,-7.36771203771513067e-09,-7.36776965590136910e-09,-7.36712045661848408e-09,6.49199282885018093e-13,5.91581096646590024e-13,3.84456302141150598e-13,-6.88571538846333253e-09,2.72386809606892375e-10,-9.70969980563928027e-10,-1.82355578231863402e-10,-6.88573579706998953e-09,2.72379208956259099e-10,-9.70973516369198828e-10,-1.82357225563752485e-10,-2.04086066569947870e-14,-7.60065063327588537e-15,-3.53580527080031775e-15,-1.64733188908342916e-15,-7.36712045661848408e-09,-7.36750491292062523e-09,-7.36736425095399091e-09,-7.36746842349159801e-09,19,2,1,5.76460752303767552e+17
19,3,79,-4.03479534327964011e-09,-4.03477601959933569e-09,-4.03477716924740627e-09,-5.95188662057658381e-09,-5.95190421280844282e-09,-5.95155857524731339e-09,3.45637561129431938e-13,3.28045329270425459e-13,7.43424610497188451e-13,-5.52534109794225857e-09,1.76542119613412515e-10,-7.69368879999806829e-10,-1.50314256334714237e-10,-5.52530907370337075e-09,1.76561422696864526e-10,-7.69359018917710989e-10,-1.50309189902085319e-10,3.20242388878262252e-14,1.93030834520114271e-14,9.86108209583957215e-15,5.06643262891841893e-15,-5.95155857524731339e-09,-5.95184604890269928e-09,-5.95174254381823273e-09,-5.95230199985781058e-09,19,2,1,5.76460752303767552e+17
20,0,80,-3.23398530883552896e-09,-3.23395390714478742e-09,-3.23395443673088369e-09,-4.80432745688662240e-09,-4.80466749153376233e-09,-4.80466431365581178e-09,3.17787795054676014e-15,3.36856769189374060e-13,1.11822257499879551e-12,-4.44027315059547965e-09,1.12078098611181695e-10,-6.10623835612684128e-10,-1.23620068479905889e-10,-4.44022230527046245e-09,1.12103336974081239e-10,-6.10611679636905929e-10,-1.23614145328151294e-10,5.08453250172076769e-14,2.52383628995438519e-14,1.21559757781991607e-14,5.92315175459451257e-15,-4.80466431365581178e-09,-4.80396010862184172e-09,-4.80427093769907227e-09,-4.80507833119684052e-09,19,2,1,5.76460752303767552e+17
20,1,81,-2.59588951915568119e-09,-2.59588181443174745e-09,-2.59588166395418874e-09,-3.87439491245164303e-09,-3.87447591091307652e-09,-3.87461544109844287e-09,1.39530185366353465e-13,2.20528646799838642e-13,1.16025118114784492e-12,-3.57237661709078000e-09,6.94162361731516008e-11,-4.85337454586039155e-10,-1.01424199218831120e-10,-3.57236493792927156e-09,6.94181110814515503e-11,-4.85337368393368720e-10,-1.01424497037778684e-10,1.16791615084379686e-14,1.87490829994952458e-15,8.61926704346641720e-17,-2.97818947564558373e-16,-3.87461544109844287e-09,-3.87554074875320749e-09,-3.87438049757205964e-09,-3.87474043716094749e-09,19,2,1,5.76460752303767552e+17
20,2,82,-2.08607531778184171e-09,-2.08608043092858753e-09,-2.08607673783152891e-09,-3.12115735032468327e-09,-3.12130330778285034e-09,-3.12157944395877379e-09,2.76136175923444853e-13,4.22093634090520601e-13,1.33835333959966405e-12,-2.87650945840764103e-09,4.17258276790540158e-11,-3.86244979500244778e-10,-8.30098610338573006e-11,-2.87651854171043458e-09,4.17177026843108211e-11,-3.86249426521004416e-10,-8.30122416410949995e-11,-9.08330279354976461e-15,-8.12499474319473624e-15,-4.44702075963705702e-15,-2.38060723769887021e-15,-3.12157944395877379e-09,-3.12172171888672373e-09,-3.12076451059597734e-09,-3.12210286393557700e-09,19,2,1,5.76460752303767552e+17
20,3,83,-1.67779912428960929e-09,-1.67782416154027257e-09,-1.67782428487653054e-09,-2.51144830582153412e-09,-2.51155534358248272e-09,-2.51184772675196716e-09,2.92383169484440280e-13,3.99420930433039451e-13,7.62488620292551009e-13,-2.31744133186515181e-09,2.41780429591367627e-11,-3.07714560455500458e-10,-6.77699435178767288e-11,-2.31748228933346966e-09,2.41558215612418470e-11,-3.07725553511625470e-10,-6.77754117957927059e-11,-4.09574683178524662e-14,-2.22213978949156934e-14,-1.09930561250122056e-14,-5.46827791597704462e-15,-2.51184772675196716e-09,-2.51159949744795770e-09,-2.51117489178170960e-09,-2.51108523813167461e-09,19,2,1,5.76460752303767552e+17
21,0,84,-1.35019027101486151e-09,-1.35022957087649396e-09,-1.35022933742545696e-09,-2.01833716986900591e-09,-2.01820263218644996e-09,-2.01755635989890832e-09,6.46272287541641293e-13,7.80809970097587446e-13,8.87088973402733850e-13,-1.86753937997190116e-09,1.33923299452792036e-11,-2.45367612493100296e-10,-5.51896134849188353e-11,-1.86760260073535617e-09,1.33626308475417271e-11,-2.45381801164486451e-10,-5.51964495037306715e-11,-6.32207634550012653e-14,-2.96990977374764945e-14,-1.41886713861549421e-14,-6.83601881183611598e-15,-2.01755635989890832e-09,-2.01714446438390540e-09,-2.01718260515055243e-09,-2.01803155335730813e-09,19,2,1,5.76460752303767552e+17
21,1,85,-1.08688390250535789e-09,-1.08687567699248179e-09,-1.08687550927658333e-09,-1.61992657489292080e-09,-1.61987504505221655e-09,-1.61952099277662288e-09,3.54052275593668284e-13,4.05582116297921005e-13,1.27634380927554816e-12,-1.50502394077366700e-09,7.02820981703867448e-12,-1.95789837015159409e-10,-4.48323191451499732e-11,-1.50500937085356586e-09,7.04155654727067008e-12,-1.95782171629047941e-10,-4.48280502762182771e-11,1.45699201011479945e-14,1.33467302319955954e-14,7.66538611146775422e-15,4.26886893169609244e-15,-1.61952099277662288e-09,-1.61981050882885619e-09,-1.62079733658589843e-09,-1.62004840518431221e-09,19,2,1,5.76460752303767552e+17
21,2,86,-8.74988918225300789e-10,-8.74962175938686230e-10,-8.74961099339808112e-10,-1.29839360854436732e-09,-1.29838240947590250e-09,-1.29789675913236186e-09,4.85650343540644598e-13,4.96849412005462228e-13,2.05591621583410315e-12,-1.21264910656311078e-09,3.48592649764326214e-12,-1.56310974797196279e-10,-3.63283157426614128e-11,-1.21260510191291566e-09,3.51095698601455941e-12,-1.56298431041243921e-10,-3.63220139391013959e-11,4.40046501951278602e-14,2.50304883712972728e-14,1.25437559523577696e-14,6.30180356001684308e-15,-1.29789675913236186e-09,-1.29921944072791333e-09,-1.29716352451207923e-09,-1.29845601714927167e-09,19,2,1,5.76460752303767552e+17
21,3,87,-7.04305831439102831e-10,-7.04260323036826926e-10,-7.04258955013424421e-10,-1.03922506168268291e-09,-1.03930295290057523e-09,-1.04074828809726847e-09,1.44533519669324295e-12,1.52322641458555912e-12,2.18539151752684555e-12,-9.76699971289177755e-10,1.68848251694649033e-12,-1.24836529392187846e-10,-2.93650299722714047e-11,-9.76626537549007039e-10,1.72392961836657138e-12,-1.24819501404614109e-10,-2.93567827447651116e-11,7.34337401707155374e-14,3.54471014200810549e-14,1.70279875737378490e-14,8.24722750629314119e-15,-1.04074828809726847e-09,-1.04054888566197898e-09,-1.03920806632736529e-09,-1.03856289657974163e-09,19,2,1,5.76460752303767552e+17
22,0,88,-5.66731611718676899e-10,-5.66771732886717702e-10,-5.66774255435488083e-10,-8.30601041688413135e-10,-8.31207963684122529e-10,-8.30630451588908278e-10,5.77512095214250873e-13,2.94099004951426363e-14,9.63621993089784287e-13,-7.86226905661466918e-10,9.23972445143919034e-13,-9.97189402561015553e-11,-2.36788721189786067e-11,-7.86293055713597178e-10,8.84497409772033301e-13,-9.97398529547790395e-11,-2.36898318307980257e-11,-6.61500521302599858e-14,-3.94750353718857328e-14,-2.09126986774841106e-14,-1.09597118194189973e-14,-8.30630451588908278e-10,-8.30363449263321299e-10,-8.31316401172685341e-10,-8.30352779179595557e-10,19,2,1,5.76460752303767552e+17
22,1,89,-4.55804602793075878e-10,-4.55837487931761267e-10,-4.55839994251670357e-10,-6.62897747719825524e-10,-6.62685584630848517e-10,-6.61225545797936270e-10,1.46003883291224715e-12,1.67220192188925441e-12,1.18330929230123307e-12,-6.32457537615717756e-10,7.32468462868592902e-13,-7.96586662963059101e-11,-1.90481880382086768e-11,-6.32510676448120830e-10,7.06501783481778415e-13,-7.96711893516719626e-11,-1.90542113891085672e-11,-5.31388324030734621e-14,-2.59666793868144868e-14,-1.25230553660524805e-14,-6.02335089989043845e-15,-6.61225545797936270e-10,-6.62252578952511597e-10,-6.61423609147722345e-10,-6.62408855090237503e-10,19,2,1,5.76460752303767552e+17
22,2,90,-3.66354799741255796e-10,-3.66297533817575400e-10,-3.66296563369056380e-10,-5.28283404206903602e-10,-5.28324015415896992e-10,-5.28223401958072798e-10,1.00613457824193457e-13,6.00022488308034617e-14,1.04383422729889933e-12,-5.08342649423873296e-10,8.25525548965154113e-13,-6.36280361985313552e-11,-1.52871665504701106e-11,-5.08249210563803384e-10,8.76661842155880058e-13,-6.36016189547900328e-11,-1.52735623831121748e-11,9.34388600699119906e-14,5.11362931907259448e-14,2.64172437413223046e-14,1.36041673579358547e-14,-5.28223401958072798e-10,-5.27922501981945782e-10,-5.27876403362587657e-10,-5.27179567730773899e-10,19,2,1,5.76460752303767552e+17
22,3,91,-2.94233596349827977e-10,-2.94185983951212683e-10,-2.94186304870256644e-10,-4.20389713669795973e-10,-4.20560270539790519e-10,-4.20836512116928979e-10,2.76241577138459533e-13,4.46798447133005718e-13,9.62484946299869845e-13,-4.08203337877823870e-10,1.02947150430194070e-12,-5.08124298767096318e-11,-1.22405495553857586e-11,-4.08127170815211747e-10,1.06355736524585397e-12,-5.07962163839731189e-11,-1.22328516331420875e-11,7.61670626121233508e-14,3.40858609439132679e-14,1.62134927365128942e-14,7.69792224367109660e-15,-4.20836512116928979e-10,-4.20266769010921552e-10,-4.19979139590397714e-10,-4.20941624536697584e-10,19,2,1,5.76460752303767552e+17
23,0,92,-2.36103782365407000e-10,-2.36089127597657977e-10,-2.36090026548952065e-10,-3.34043444810469873e-10,-3.34238147515547888e-10,-3.33421588991869619e-10,8.16558523678268640e-13,6.21855818600253397e-13,1.37497832759462779e-12,-3.27455222645272707e-10,1.24587317742209675e-12,-4.05647071348972571e-11,-9.77904298252041109e-12,-3.27433399367087121e-10,1.24834408141222357e-12,-4.05645692766688582e-11,-9.77953257687250740e-12,2.18232781855859069e-14,2.47090399012682127e-15,1.37858228398942657e-16,-4.89594352096304908e-16,-3.33421588991869619e-10,-3.33682772920885806e-10,-3.33009234606076404e-10,-3.34384212933671032e-10,19,2,1,5.76460752303767552e+17
23,1,93,-1.89275412960373912e-10,-1.89233663206688528e-10,-1.89234059465881304e-10,-2.65047148677242197e-10,-2.65237864627646568e-10,-2.65559043266113834e-10,3.21178638467265822e-13,5.11894588871637087e-13,4.34080513917848959e-13,-2.62391566035240166e-10,1.42433467239802959e-12,-3.23697743960686038e-11,-7.79533816391961958e-12,-2.62325907137139317e-10,1.44980622743974912e-12,-3.23573751234721986e-11,-7.78940770620468532e-12,6.56588981008491685e-14,2.54715550417195292e-14,1.23992725964052062e-14,5.93045771493425648e-15,-2.65559043266113834e-10,-2.65374162670011897e-10,-2.65153295685558715e-10,-2.65587376199476564e-10,19,2,1,5.76460752303767552e+17
23,2,94,-1.51576815461695109e-10,-1.51570133003519956e-10,-1.51570437469624542e-10,-2.09999535096783358e-10,-2.10314752617446847e-10,-2.10027526959947111e-10,2.87225657499735706e-13,2.79918631637535026e-14,6.36164765376487774e-13,-2.10011752665760436e-10,1.54405346813886484e-12,-2.58169433941992772e-11,-6.20067438996374350e-12,-2.10003392101834223e-10,1.53835935346311114e-12,-2.58202160762828672e-11,-6.20272564855568942e-12,8.36056392621295608e-15,-5.69411467575370344e-15,-3.27268208359002846e-15,-2.05125859194591513e-15,-2.10027526959947111e-10,-2.10175747431332528e-10,-2.09778787269755672e-10,-2.10414952035132160e-10,19,2,1,5.76460752303767552e+17
23,3,95,-1.21252654440222616e-10,-1.21249363743538224e-10,-1.21248855554993019e-10,-1.66148423784362503e-10,-1.66378937068062100e-10,-1.66406957900753408e-10,2.80208326913088939e-14,2.58534116390904990e-13,1.28855953547134162e-12,-1.67884900449639074e-10,1.60154598409915746e-12,-2.05782914645629630e-11,-4.92187819532082607e-12,-1.67881575721839347e-10,1.59593992247177024e-12,-2.05807551630606290e-11,-4.92324966347328528e-12,3.32472779972761529e-15,-5.60606162738722161e-15,-2.46369849766601583e-15,-1.37146815245920812e-15,-1.66406957900753408e-10,-1.66845159845951074e-10,-1.66074028051731798e-10,-1.67362587587203140e-10,19,2,1,5.76460752303767552e+17
24,0,96,-9.68829714288246936e-11,-9.68936174498048308e-11,-9.68919233659679863e-11,-1.31270231344038053e-10,-1.31305444949176017e-10,-1.32572411627666164e-10,1.26696667849014673e-12,1.30218028362811152e-12,1.47714661868472249e-12,-1.34040878547761185e-10,1.60266185242110335e-12,-1.63916649328462945e-11,-3.89882484719281488e-12,-1.34059615957986836e-10,1.58819430755899856e-12,-1.63982074391851923e-11,-3.90213172893022048e-12,-1.87374102256504466e-14,-1.44675448621047857e-14,-6.54250633889780646e-15,-3.30688173740560400e-15,-1.32572411627666164e-10,-1.32297182608144905e-10,-1.32446479218769971e-10,-1.31095265008981442e-10,19,2,1,5.76460752303767552e+17
24,1,97,-7.73185791180243380e-11,-7.73916000119803508e-11,-7.73922858301062191e-11,-1.03571314594906817e-10,-1.03575247470458258e-10,-1.02983750323448295e-10,5.91497147009963042e-13,5.87564271458521544e-13,1.42368854420559167e-12,-1.06882838113717398e-10,1.55754483730210977e-12,-1.30472846017019475e-11,-3.08227077682682394e-12,-1.07001660875359082e-10,1.49616401558170323e-12,-1.30769712035970123e-11,-3.09701429588063369e-12,-1.18822761641684269e-13,-6.13808217204065440e-14,-2.96866018950648299e-14,-1.47435190538097544e-14,-1.02983750323448295e-10,-1.04000664600746161e-10,-1.02576976056540569e-10,-1.03021123319691521e-10,19,2,1,5.76460752303767552e+17
24,2,98,-6.16292914940435430e-11,-6.16570224838782696e-11,-6.16577188638867502e-11,-8.16072079321742857e-11,-8.14809377810090619e-11,-8.11713799171056954e-11,3.09557863903366560e-13,4.35828015068590314e-13,2.78386437834292233e-12,-8.51167450224848894e-11,1.47758273515291481e-12,-1.03771580772867673e-11,-2.43201165845756754e-12,-8.51602027348878647e-11,1.46350628920975968e-12,-1.03820944281164130e-11,-2.43379665873734006e-12,-4.34577124029752996e-14,-1.40764459431551353e-14,-4.93635082964568597e-15,-1.78500027977251338e-15,-8.11713799171056954e-11,-8.31555949462322621e-11,-8.18438027202612849e-11,-8.03717305678893398e-11,19,2,1,5.76460752303767552e+17
24,3,99,-4.90622865434205535e-11,-4.90619125749662984e-11,-4.90615054449423896e-11,-6.42166074717165448e-11,-6.41235428088032669e-11,-6.41440266954326695e-11,2.04838866294026562e-14,7.25807762838753114e-14,1.35617782447241582e-12,-6.76944264319508305e-11,1.37367570910404938e-12,-8.24668605889027592e-12,-1.91532409890852903e-12,-6.76919758593509304e-11,1.38341355103581722e-12,-8.24055622827954739e-12,-1.91185302839522170e-12,2.45057259990009493e-15,9.73784193176783742e-15,6.12983061072852758e-15,3.47107051330732905e-15,-6.41440266954326695e-11,-6.47247857368783391e-11,-6.42262117075609234e-11,-6.55002045199050853e-11,19,2,1,5.76460752303767552e+17
25,0,100,-3.90085152201603160e-11,-3.90042296659027782e-11,-3.90020945128923902e-11,-5.04674511958428456e-11,-5.09150847425882790e-11,-4.88028813131786751e-11,2.11220342940960390e-12,1.66456988266417045e-12,1.69560844750171522e-12,-5.37674215720135945e-11,1.25535534138621665e-12,-6.54799073925589105e-12,-1.50565347031740400e-12,-5.37590716702844162e-11,1.26512556615782270e-12,-6.54295458890316643e-12,-1.50309833657516883e-12,8.34990172917826010e-15,9.77022477160605884e-15,5.03615035272462177e-15,2.55513374223516429e-15,-4.88028813131786751e-11,-5.03185851949597151e-11,-4.87628046355084129e-11,-5.04584130830101281e-11,19,2,1,5.76460752303767552e+17
25,1,101,-3.09755323603252500e-11,-3.08895173259792731e-11,-3.08894934421114429e-11,-3.96129557931361907e-11,-3.97184214551220554e-11,-4.15795805522313637e-11,1.86115909710930830e-12,1.96662475909517301e-12,1.13495445088648788e-12,-4.26495112002063153e-11,1.13043521855424016e-12,-5.19460016942682841e-12,-1.18151380256484601e-12,-4.25095520623664490e-11,1.20354644064020340e-12,-5.15844941085860806e-12,-1.16353721067828951e-12,1.39959137839866267e-13,7.31112220859632438e-14,3.61507585682203519e-14,1.79765918865564984e-14,-4.15795805522313637e-11,-4.04446261013448758e-11,-4.04906919426017751e-11,-4.11546335146758230e-11,19,2,1,5.76460752303767552e+17
25,2,102,-2.45654782396480748e-11,-2.45958889385449811e-11,-2.45970905697687088e-11,-3.10558171889345235e-11,-3.15979454391424023e-11,-3.20945830552455756e-11,4.96637616103173330e-13,1.03876586631105217e-12,2.65547271365138265e-12,-3.37862497101150977e-11,1.00497726673614182e-12,-4.11720431977776922e-12,-9.25569558336167690e-13,-3.38369602138311313e-11,9.71198996012889857e-13,-4.13614896393648648e-12,-9.35893905389963189e-13,-5.07105037160335538e-14,-3.37782707232519667e-14,-1.89446441587172642e-14,-1.03243470537954989e-14,-3.20945830552455756e-11,-3.32341169204172599e-11,-3.25412659814176901e-11,-3.05786442067658772e-11,19,2,1,5.76460752303767552e+17
25,3,103,-1.94572076174773120e-11,-1.95325912144878576e-11,-1.95327388076204987e-11,-2.43191145239875454e-11,-2.44208758245375790e-11,-2.48754419177114406e-11,4.54566093173861552e-13,5.56327393723895165e-13,2.35294753849673585e-12,-2.67301669850587405e-11,8.83432080142283984e-13,-3.26026059062716158e-12,-7.23872386130989418e-13,-2.68524820786970307e-11,8.20311067934309823e-13,-3.29194667385554718e-12,-7.39679826760539767e-13,-1.22315093638290251e-13,-6.31210122079741604e-14,-3.16860832283856010e-14,-1.58074406295503487e-14,-2.48754419177114406e-11,-2.36700124710558371e-11,-2.45673823134306893e-11,-2.60229600095525729e-11,19,2,1,5.76460752303767552e+17
26,0,104,-1.53917705436140533e-11,-1.54779109309525560e-11,-1.54764470957339956e-11,-1.90226997313257534e-11,-1.88471300537297775e-11,-1.75231584697549929e-11,1.32397158397478460e-12,1.49954126157076054e-12,3.09274482012456149e-12,-2.11205748247499123e-11,7.68861947352558904e-13,-2.57927475918083167e-12,-5.65229311477034473e-13,-2.12581975646440318e-11,7.07901152990392109e-13,-2.60831221020006781e-12,-5.79010318482561013e-13,-1.37622739894119528e-13,-6.09607943621667945e-14,-2.90374510192361459e-14,-1.37810070055265394e-14,-1.75231584697549929e-11,-2.06159032898795544e-11,-1.97115852673789723e-11,-1.78766007795594264e-11,19,2,1,5.76460752303767552e+17
26,1,105,-1.21606093563125055e-11,-1.21528732854552770e-11,-1.21526017575055711e-11,-1.48640767382883346e-11,-1.50709692623102682e-11,-1.41783406303107297e-11,8.92628631999538546e-13,6.85736107977604916e-13,1.79479596264627534e-12,-1.66671208965377914e-11,6.63190390633355764e-13,-2.03862028878658474e-12,-4.40681755194512591e-13,-1.66511228318848697e-11,6.86857590863464484e-13,-2.02488330176288550e-12,-4.32808203111433232e-13,1.59980646529217462e-14,2.36672002301087201e-14,1.37369870236992431e-14,7.87355208307935950e-15,-1.41783406303107297e-11,-1.47339448755396519e-11,-1.30105997645305497e-11,-1.48053957271768250e-11,19,2,1,5.76460752303767552e+17
26,2,106,-9.59596192463981832e-12,-9.55525678677095942e-12,-9.55601244371923295e-12,-1.16029438263435849e-11,-1.19324285517498043e-11,-1.26716920168863228e-11,7.39263465136518449e-13,1.06874819054273787e-12,2.37315484986435310e-12,-1.31363979533196075e-11,5.67445223598843123e-13,-1.60978781719850917e-12,-3.43077576732103128e-13,-1.30681270821128876e-11,6.10992680063196899e-13,-1.58810917348931386e-12,-3.32065665054852020e-13,6.82708712067199242e-14,4.35474564643537755e-14,2.16786437091953068e-14,1.10119116772511085e-14,-1.26716920168863228e-11,-1.36373012889474829e-11,-1.44799880012078445e-11,-1.21068331513434914e-11,19,2,1,5.76460752303767552e+17
26,3,107,-7.56305978869185272e-12,-7.58386626290119708e-12,-7.58447877272483903e-12,-9.04872268977535594e-12,-9.44003966032664599e-12,-8.08264798709365413e-12,1.35739167323299185e-12,9.66074702681701804e-13,1.54869341627048016e-12,-1.03410464146096961e-11,4.81977627627539796e-13,-1.26997901097050634e-12,-2.66720798252100375e-13,-1.03739074460671285e-11,4.66727145463806692e-13,-1.27910451835637154e-12,-2.71671730695997988e-13,-3.28610314574324143e-14,-1.52504821637331040e-14,-9.12550738586520522e-15,-4.95093244389761315e-15,-8.08264798709365413e-12,-8.86596976023716211e-12,-8.41061450817046117e-12,-7.31727634396668195e-12,19,2,1,5.76460752303767552e+17
27,0,108,-5.95378826508053696e-12,-5.92198904253513052e-12,-5.92435718879607893e-12,-7.05051573893870467e-12,-7.64103992640689920e-12,-6.25066550906137657e-12,1.39037441734552263e-12,7.99850229877328107e-13,1.75574175487256692e-12,-8.13089302349080698e-12,4.06649459267967231e-13,-1.00097658561492757e-12,-2.07085919554856552e-13,-8.07848702849871968e-12,4.36017640633616578e-13,-9.86950433476175670e-13,-2.00022948123924231e-13,5.24059949920873048e-14,2.93681813656493466e-14,1.40261521387519019e-14,7.06297143093232020e-15,-6.25066550906137657e-12,-8.00640726393394349e-12,-6.54988201448989636e-12,-7.02096309706146892e-12,19,2,1,5.76460752303767552e+17
27,1,109,-4.68153805568591790e-12,-4.61707115556161114e-12,-4.61872647709525337e-12,-5.48903516252644417e-12,-6.18190208439969206e-12,-7.39123808354775287e-12,1.20933599914806081e-12,1.90220292102130870e-12,2.34150138208777307e-12,-6.38575227928704006e-12,3.40987058782314249e-13,-7.88236072208490643e-13,-1.60585693162756002e-13,-6.28168248999329904e-12,3.91172700684769618e-13,-7.64364431967997235e-13,-1.48911451998204562e-13,1.04069789293741015e-13,5.01856419024553682e-14,2.38716402404934087e-14,1.16742411645514394e-14,-7.39123808354775287e-12,-5.31414055689618510e-12,-6.54186792416909696e-12,-5.04973670145997980e-12,19,2,1,5.76460752303767552e+17
27,2,110,-3.67702817717508262e-12,-3.72120516234281073e-12,-3.72143441674427579e-12,-4.27012883655806892e-12,-5.19850897826697734e-12,-3.56734077032626159e-12,1.63116820794071575e-12,7.02788066231807329e-13,7.72268534284860297e-13,-5.00958548938619887e-12,2.84303243102758449e-13,-6.20155835029223400e-13,-1.24382971493408184e-13,-5.08281662342421368e-12,2.38570171705318327e-13,-6.44823190118414375e-13,-1.37350090035396239e-13,-7.32311340380148080e-14,-4.57330713974401215e-14,-2.46673550891909745e-14,-1.29671185419880544e-14,-3.56734077032626159e-12,-3.81865048257440236e-12,-4.16130427845387497e-12,-4.33960930461112188e-12,19,2,1,5.76460752303767552e+17
27,3,111,-2.88492057168917175e-12,-2.88482882706474506e-12,-2.88300152350414666e-12,-3.31959744027736094e-12,-3.88045604744655842e-12,-3.29621888875747975e-12,5.84237158689078671e-13,2.33785515198811843e-14,3.12985361444966521e-12,-3.92576759983448792e-12,2.35790976215109595e-13,-4.87490472748060607e-13,-9.62387367808807401e-14,-3.92592961675510935e-12,2.34985525710671772e-13,-4.87547504649924675e-13,-9.59917642202400071e-14,-1.62016920621438569e-16,-8.05450504437822625e-16,-5.70319018640685716e-17,2.46972560640733022e-16,-3.29621888875747975e-12,-3.91388710736327095e-12,-5.24994582413255317e-12,-2.12009220968288796e-12,19,2,1,5.76460752303767552e+17
28,0,112,-2.26107969081178410e-12,-2.25990482863254756e-12,-2.25983061707592400e-12,-2.57905303907947244e-12,-3.29911932716548836e-12,-4.66859799628408757e-12,1.36947866911859921e-12,2.08954495720461513e-12,2.20828414185946470e-12,-3.07325718900581179e-12,1.94592917842020922e-13,-3.82879617796993182e-13,-7.43897275532426214e-14,-3.07156799310742310e-12,1.94985032491717622e-13,-3.82402839897541746e-13,-7.40109869958162578e-14,1.68919589838869151e-15,3.92114649696700264e-16,4.76777899451436591e-16,3.78740557426363597e-16,-4.66859799628408757e-12,-5.08309254665818564e-12,-4.79057292309447468e-12,-2.87480840479872094e-12,19,2,1,5.76460752303767552e+17
28,1,113,-1.77035712951414119e-12,-1.87291389143256139e-12,-1.87155055212316296e-12,-2.00261624269270592e-12,-2.95979973733721811e-12,-3.12397282519926620e-12,1.64173087862048090e-13,1.12135658250656028e-12,4.30430093506786754e-12,-2.40350198578318052e-12,1.59851144951866343e-13,-3.00469626907068201e-13,-5.74501838377656453e-14,-2.56941799214073428e-12,7.64801315045231244e-14,-3.41961671311617145e-13,-7.81402672234880476e-14,-1.65916006357553756e-13,-8.33710134473432186e-14,-4.14920444045489440e-14,-2.06900833857224023e-14,-3.12397282519926620e-12,1.04664210870511939e-12,-3.25765882636274795e-12,-1.36091306670043411e-12,19,2,1,5.76460752303767552e+17
28,2,114,-1.38480327523299471e-12,-1.51993085117759142e-12,-1.52150026936940488e-12,-1.55428698516314743e-12,-2.10964969554766222e-12,2.40372778142783498e-12,4.51337747697549760e-12,3.95801476659098241e-12,6.48496392659924558e-12,-1.87794263758315698e-12,1.30741050534295826e-13,-2.35610048526199339e-13,-4.43331802456190884e-14,-2.09378036983690765e-12,3.50007757434447772e-14,-2.81461911338543290e-13,-6.63022331022672091e-14,-2.15837732253750675e-13,-9.57402747908510487e-14,-4.58518628123439509e-14,-2.19690528566481207e-14,2.40372778142783498e-12,-4.21815878950621023e-13,-4.08123614517141061e-12,-2.37940915769433689e-12,19,2,1,5.76460752303767552e+17
28,3,115,-1.08222583393261109e-12,-9.90604996654929564e-13,-9.89569909062194504e-13,-1.20585543762156815e-12,-1.82486566084644980e-12,-2.29768837841483901e-12,4.72822717568389209e-13,1.09183294079327086e-12,3.09356257194039005e-12,-1.46600237383018120e-12,1.06492963924381162e-13,-1.84610270823159338e-13,-3.41878129383045643e-14,-1.31242358170887100e-12,2.07750942574188647e-13,-1.31146972086191287e-13,-5.97416004488033298e-15,1.53578792121310200e-13,1.01257978649807485e-13,5.34632987369680504e-14,2.82136528934242313e-14,-2.29768837841483901e-12,4.97120254752352901e-13,-2.59644231718803715e-12,-2.56562215626207041e-12,19,2,1,5.76460752303767552e+17
29,0,116,-8.45029766806701571e-13,-8.26783267999300884e-13,-8.27023202453951824e-13,-9.35245054060076135e-13,-6.98604622512206361e-13,-6.17140684190743605e-12,5.47280221939522969e-12,5.23616178784736012e-12,6.39979173164839988e-12,-1.14347070705350537e-12,8.64045004058359556e-14,-1.44544585866680617e-13,-2.63491777557375502e-14,-1.11213997369763919e-12,1.07115466574126793e-13,-1.35873635966946937e-13,-2.25074874475932450e-14,3.13307333558661775e-14,2.07109661682908371e-14,8.67094989973367921e-15,3.84169030814430516e-15,-6.17140684190743605e-12,2.28384889740963421e-13,-2.03908319950269084e-13,-1.96969656784515131e-13,19,2,1,5.76460752303767552e+17
29,1,117,-6.59285196224695043e-13,-9.03974647521452444e-13,-9.03871146994660400e-13,-7.25200708657256721e-13,-8.13459789788622889e-13,-3.73807635226800249e-12,2.92461656247937960e-12,3.01287564361074577e-12,6.55101100572275834e-12,-8.91206153370862975e-13,6.98461183142398562e-14,-1.13096183222563831e-13,-2.02986360629281211e-14,-1.28588409108896493e-12,-1.26563175879026074e-13,-2.13079784173000579e-13,-7.06922020596700392e-14,-3.94677937718101952e-13,-1.96409294193265930e-13,-9.99836009504367486e-14,-5.03935659967419182e-14,-3.73807635226800249e-12,-6.52451087189971387e-13,2.81293465345475584e-12,-6.41464610768533477e-13,19,2,1,5.76460752303767552e+17
29,2,118,-5.13979705725116671e-13,-8.52887200243645699e-13,-8.51851371716136929e-13,-5.62251834549256018e-13,1.36684074930280179e-13,-1.39844591035896479e-12,1.53512998528924504e-12,8.36194075809708769e-13,4.53152040276713391e-12,-6.94096797654462742e-13,5.62618687825821495e-14,-8.84324243068507116e-14,-1.56323305063939626e-14,-1.23500770783581701e-12,-1.84076596184389626e-13,-2.05343076300442902e-13,-7.19898471920986242e-14,-5.40910910181354265e-13,-2.40338464966971751e-13,-1.16910651993592190e-13,-5.63575166857046616e-14,-1.39844591035896479e-12,2.27876334437486002e-13,-3.08626393841478145e-12,1.44525646435235246e-12,19,2,1,5.76460752303767552e+17
29,3,119,-4.00419546575585473e-13,-7.03351736877336886e-13,-7.03121214115054828e-13,-4.35894309880978350e-13,6.44220684242236347e-13,-8.89066645964120816e-14,7.33127348838648429e-13,3.46987645284566269e-13,2.75888070064735814e-12,-5.40228891572547082e-13,4.51668918144977199e-14,-6.91052310378555435e-14,-1.20362973099955359e-14,-1.01580735016525657e-12,-1.31680121005979260e-13,-1.51518054025683220e-13,-4.95782781859935626e-14,-4.75578458592709484e-13,-1.76847012820476993e-13,-8.24128229878276764e-14,-3.75419808759980267e-14,-8.89066645964120816e-14,-7.20354305041905055e-14,2.66997403605094606e-12,1.42164149378964110e-12,19,2,1,5.76460752303767552e+17
30,0,120,-3.11750892880279484e-13,-5.26664500023913489e-13,-5.25379747516158663e-13,-3.37945997175626182e-13,1.26098044195242323e-12,6.91664077889572740e-12,5.65566033694330416e-12,7.25458677607135383e-12,7.46485445718484091e-12,-4.20222995377552336e-13,3.61428447549753443e-14,-5.39716199791696935e-14,-9.26683860747152801e-15,-7.49028234967175976e-13,-5.13994646012005540e-14,-9.29310358569123490e-14,-2.50989263730698878e-14,-3.28805239589623640e-13,-8.75423093561759046e-14,-3.89594158777426555e-14,-1.58320877655983597e-14,6.91664077889572740e-12,-5.48213678289114316e-13,4.68272178706493035e-12,1.84365510025613139e-12,19,2,1,5.76460752303767552e+17
30,1,121,-2.42577713880875498e-13,-4.63567641087346115e-14,-4.53162291646016025e-14,-2.62039892521528194e-13,9.01340762156180147e-13,3.02400056751682453e-13,5.98940705404497695e-13,5.64439949273210697e-13,3.64252986789843448e-12,-3.26704808865489772e-13,2.88321471164856249e-14,-4.21303800511703214e-14,-7.13507776471465676e-15,9.91897596719550801e-15,2.73589544823956789e-13,8.15166056120234344e-14,5.73969615682841106e-14,3.36623784832685280e-13,2.44757397707471177e-13,1.23646985663193762e-13,6.45320393329987705e-14,3.02400056751682453e-13,3.94492992465011693e-12,5.40868288107360311e-13,2.29589925203586750e-12,19,2,1,5.76460752303767552e+17
30,2,122,-1.88657270525145967e-13,-4.40778205604790116e-15,-3.88403794098196802e-15,-2.03226116693672178e-13,1.31752055260274391e-14,2.80548115952519734e-12,2.79230595399916979e-12,3.00870727621886967e-12,2.36014817247653322e-12,-2.53884082015556018e-13,2.29316819785533679e-14,-3.28716732550513191e-14,-5.49483262721467385e-15,5.32208308224319048e-14,2.02531940288719583e-13,4.85145628999441063e-14,3.38687401087609012e-14,3.07104912837987929e-13,1.79600258310166228e-13,8.13862361549954317e-14,3.93635727359755782e-14,2.80548115952519734e-12,4.67783934630957673e-12,5.16562933200173056e-12,3.20301459496104101e-12,19,2,1,5.76460752303767552e+17
30,3,123,-1.46657867369702619e-13,1.47003616757452513e-13,1.46436709556761957e-13,-1.57659846459291931e-13,2.15663367141556299e-13,1.50312814767924465e-12,1.28746478053768842e-12,1.66078799413853668e-12,8.74009441199009757e-12,-1.97220093828409816e-13,1.81864027831441252e-14,-2.56369686625081280e-14,-4.23311389306969361e-15,2.78960046177264350e-13,2.50190798010212265e-13,7.97808115823585530e-14,4.62432439713349752e-14,4.76180140005674141e-13,2.32004395227068140e-13,1.05417780244866681e-13,5.04763578644046704e-14,1.50312814767924465e-12,2.44912012670710938e-12,-6.29097428528298779e-12,-1.66629229409339554e-12,19,2,1,5.76460752303767552e+17
31,0,124,-1.13966445955864824e-13,1.96255921890458273e-13,1.97115187475963290e-13,-1.22356982634091592e-13,-2.10629898121683209e-13,2.29733020138882088e-12,2.50796009951050396e-12,2.41968718402291252e-12,5.66936658707065101e-12,-1.53156343050546909e-13,1.43831466058363330e-14,-1.99872293059201255e-14,-3.26269546269809754e-15,3.41116748902786879e-13,2.21093714940192442e-13,7.18311964128054537e-14,3.94589386326959732e-14,4.94273091953333763e-13,2.06710568334356116e-13,9.18184257187255728e-14,4.27216340953940739e-14,2.29733020138882088e-12,-3.37203638568183013e-12,-8.31267192057651724e-13,1.94991642158060275e-12,19,2,1,5.76460752303767552e+17
31,1,125,-8.85360108449867489e-14,2.70308737769885915e-13,2.70488876647530723e-13,-9.50031196300195076e-14,-5.55481636396425254e-13,-1.93518586568898037e-12,1.37970422929255512e-12,1.84018274605896089e-12,2.97656891639518895e-12,-1.18910473878654208e-13,1.13448437807771787e-14,-1.55776824597206666e-14,-2.51631631552820875e-15,4.47077972516327598e-13,2.29490968554512663e-13,8.36111441377428943e-14,4.37045505284677092e-14,5.65988446394981806e-13,2.18146124773735476e-13,9.91888265974635609e-14,4.62208668439959207e-14,-1.93518586568898037e-12,1.92138954593713228e-13,-1.65495059432409411e-13,-2.78442996180147592e-12,19,2,1,5.76460752303767552e+17
31,2,126,-6.87648336873895466e-14,1.15576624847363562e-13,1.15349505658302194e-13,-7.38043876800345496e-14,-1.19293628774377053e-12,-9.40145863836552034e-12,8.20852235062175062e-12,9.32765425068548531e-12,1.24678750003394748e-11,-9.23082032605704269e-14,8.92523173207717308e-15,-1.21378350846347023e-14,-1.94216418551493608e-15,1.85440548440998432e-13,6.13091940119575910e-14,6.14078083586387390e-15,3.48844632548917973e-15,2.77748751701568871e-13,5.23839622798804210e-14,1.82786159204985746e-14,5.43061051100411581e-15,-9.40145863836552034e-12,3.06641636197395362e-12,6.05238283311052138e-14,-9.94897526907205778e-13,19,2,1,5.76460752303767552e+17
31,3,127,-5.34009653588414423e-14,-3.76352164585928617e-13,-3.76737778945140690e-13,-5.73711384705875100e-14,-6.59180778324921506e-13,1.21625556987137941e-12,1.87543634819630102e-12,1.27362670834196684e-12,8.12613660038035566e-12,-7.16522388234472972e-14,7.00412212856153691e-15,-9.45566298463303823e-15,-1.50036405185996742e-15,-6.13694760670766216e-13,-3.43271674178387779e-13,-1.86499834093278655e-13,-9.21755109399474006e-14,-5.42042521847318957e-13,-3.50275796306949310e-13,-1.77044171108645618e-13,-9.06751468880874284e-14,1.21625556987137941e-12,-4.61709185800032198e-12,-5.96643099778042423e-12,2.15970560259993184e-12,19,2,1,5.76460752303767552e+17
32,0,128,-4.14668688682493057e-14,-2.33207735733854766e-13,-2.31158723594041272e-13,-4.46273520268202596e-14,4.91342813379154871e-13,1.03745180352279560e-11,9.88317522184880130e-12,1.04191453872547759e-11,1.32725512365810293e-11,-5.56189732602441233e-14,5.48322967069272777e-15,-7.36511690761969408e-15,-1.16025264524566508e-15,-3.72021516027512307e-13,-1.65279767658506930e-13,-8.21826943202670427e-14,-3.57042456236573338e-14,-3.16402542767268183e-13,-1.70762997329199664e-13,-7.48175774126473502e-14,-3.45439929784116705e-14,1.03745180352279560e-11,5.98531107015280106e-12,4.28776960209119558e-12,-2.89803320135307336e-12,19,2,1,5.76460752303767552e+17
32,1,129,-3.22000218397111888e-14,3.33632920753830627e-13,3.33124973858338276e-13,-3.47401579707462313e-14,2.21871783078139645e-13,4.70181136271227514e-13,2.48309353193087869e-13,5.04921294241973720e-13,3.53790783052657762e-12,-4.31771905358659678e-14,4.28254374355327060e-15,-5.73626134235060789e-15,-8.98266547282097420e-16,5.48883569865747113e-13,3.16260593543493125e-13,1.61363068651150993e-13,8.55021987201663269e-14,5.92060760401613068e-13,3.11978049799939861e-13,1.67099329993501600e-13,8.64004652674484227e-14,4.70181136271227514e-13,4.00808896679780503e-12,1.09209466225558137e-12,2.79624065111563459e-12,19,2,1,5.76460752303767552e+17
32,2,130,-2.50061727022187188e-14,2.84286163860964038e-13,2.81467013744717852e-13,-2.70650640287055160e-14,-1.06940080233203795e-12,-3.58205530519064185e-12,2.51265450285860410e-12,3.55499024116193636e-12,1.05040950956679449e-11,-3.35241863239989339e-14,3.33720727303863713e-15,-4.46750026877853731e-15,-6.96308336860560564e-16,4.58111508688515536e-13,2.16102054686206150e-13,1.01073411483406759e-13,4.94521945608742119e-14,4.91635695012514451e-13,2.12764847413167513e-13,1.05540911752185302e-13,5.01485028977347711e-14,-3.58205530519064185e-12,1.72311817869197990e-12,6.92203979047730306e-12,-5.67030423302078205e-13,19,2,1,5.76460752303767552e+17
32,3,131,-1.94226068033879731e-14,4.29077311482892985e-14,4.18085622122507644e-14,-2.11034339136109839e-14,-1.07841711719789324e-12,-5.94820286936148305e-12,4.86978575216359021e-12,5.92709943544787207e-12,6.15912314851335360e-12,-2.60356426937325797e-14,2.59485768459128737e-15,-3.47945515498137660e-15,-5.40484467602824117e-16,6.05640262153763604e-14,-1.31739857664268286e-14,-1.51470634435051826e-14,-1.01704825511015802e-14,8.65996689091089433e-14,-1.57688434510181167e-14,-1.16676082885238068e-14,-9.62999808349875534e-15,-5.94820286936148305e-12,-4.07212880785023851e-12,2.10920279151870144e-13,-5.86874176075114965e-13,19,2,1,5.76460752303767552e+17
33,0,132,-1.50893183546111507e-14,-2.63103817167723640e-13,-2.64004156966590656e-13,-1.64695055423082217e-14,-6.59611031222073913e-13,-3.93872412833356772e-12,3.27911309711149370e-12,3.92225462279125936e-12,9.39090443221790576e-12,-2.02263488378090307e-14,2.01338069436538257e-15,-2.71014940512446586e-15,-4.20131675696306497e-16,-4.33304049535161803e-13,-2.50823450213008709e-13,-1.28336801419100873e-13,-6.49264966699485872e-14,-4.13077700697352766e-13,-2.52836830907374106e-13,-1.25626652013976407e-13,-6.45063649942522829e-14,-3.93872412833356772e-12,5.45218030388433804e-12,2.69750309156083635e-12,2.21689063223049420e-12,19,2,1,5.76460752303767552e+17
33,1,133,-1.17264166180514023e-14,-4.00857154348875960e-13,-4.01588041887072070e-13,-1.28648307056825543e-14,-1.13489690538715891e-12,-2.66390875444837073e-12,1.52901184906121182e-12,2.65104392374268812e-12,6.66463315067858562e-12,-1.57194611510579278e-14,1.55902712805911497e-15,-2.11122455358276404e-15,-3.27066945173206013e-16,-6.47142721949042624e-13,-3.14143916886576602e-13,-1.51556686271490952e-13,-7.31945053093328255e-14,-6.31423260797984725e-13,-3.15702944014635738e-13,-1.49445461717908193e-13,-7.28674383641596163e-14,-2.66390875444837073e-12,2.07571344504613468e-12,4.00072439623021529e-12,-1.13605862726340316e-13,19,2,1,5.76460752303767552e+17
33,2,134,-9.11644068166770260e-15,-4.42681115149045280e-13,-4.43319801236319632e-13,-1.00584812307833885e-14,-2.55952649822946140e-13,-4.36251955344757128e-12,4.10656690362462524e-12,4.35246107221678809e-12,6.38625298582258181e-12,-1.22224763149715825e-14,1.20484480319082639e-15,-1.64497026971598989e-15,-2.55010398649802145e-16,-7.04186973510106375e-13,-2.96910478739644236e-13,-1.38337289167295357e-13,-6.45452000357520027e-14,-6.91964497195134834e-13,-2.98115323542835042e-13,-1.36692318897579363e-13,-6.42901896371021987e-14,-4.36251955344757128e-12,-3.04350230195906361e-12,1.96008899355471228e-12,2.02373343237501093e-12,19,2,1,5.76460752303767552e+17
33,3,135,-7.09053331917348978e-15,-5.56966734687470437e-13,-5.55610750051452130e-13,-7.87173095538966933e-15,-6.43493355864042960e-14,-2.65143718353218449e-12,2.58708784794578016e-12,2.64356545257679485e-12,1.21056110297778723e-11,-9.50847386098694443e-15,9.29380816504046322e-16,-1.28199550389970445e-15,-1.99141735433239452e-16,-8.79769023502253831e-13,-3.49490796355393365e-13,-1.64370351204876395e-13,-7.69112928801930166e-14,-8.70260549641266838e-13,-3.50420177171897433e-13,-1.63088355700976690e-13,-7.67121511447597813e-14,-2.65143718353218449e-12,7.90215971088053602e-14,9.45417384624568821e-12,-2.62567857553278970e-12,19,2,1,5.76460752303767552e+17
34,0,136,-5.51764445886367056e-15,-5.59089539718409979e-13,-5.60282859526646224e-13,-6.16620824190566469e-15,1.05495775667964591e-12,2.72962105499054102e-12,1.67466329831089511e-12,2.73578726323244666e-12,1.00749890213692756e-11,-7.40148919102144909e-15,7.15613679822529700e-16,-9.99404150957434043e-16,-1.55759650988184441e-16,-8.73507935312628914e-13,-3.09584998760134808e-13,-1.44804294207460973e-13,-6.61918111696875042e-14,-8.66106446121607494e-13,-3.10300612439957361e-13,-1.43804890056503538e-13,-6.60360515186993194e-14,2.72962105499054102e-12,-4.45370515810902890e-12,5.62128386326024670e-12,3.78287382307490293e-12,19,2,1,5.76460752303767552e+17
34,1,137,-4.29610976152492449e-15,-2.92393936130289254e-13,-2.92328514662084904e-13,-4.83473710454524050e-15,1.39399296008214571e-12,5.15126048623073808e-12,3.75726752614859237e-12,5.15609522333528315e-12,1.62277597672239709e-11,-5.76511978250209416e-15,5.50079183096720033e-16,-7.79367268174032912e-16,-1.22020555463480614e-16,-4.35322828926660368e-13,-6.63458178440862472e-14,-2.61124319168939764e-14,-6.75091110228950753e-15,-4.29557709144158276e-13,-6.68958970271829710e-14,-2.53330646487199437e-14,-6.62889054682602704e-15,5.15126048623073808e-12,4.17283844352976471e-12,-1.10764992809932320e-11,3.84282119376932167e-12,19,2,1,5.76460752303767552e+17
34,2,138,-3.34708870259865727e-15,3.58606417722158481e-14,3.48115735740614767e-14,-3.79425946451948781e-15,1.03714418600480072e-12,-1.82805108624648037e-14,1.05542469686726552e-12,1.44862513979453167e-14,4.64158745855242226e-12,-4.49365887711738860e-15,4.22158313358622881e-16,-6.08006643455848073e-16,-9.57382751690501740e-17,9.33607366437366881e-14,1.81134658846570247e-13,8.91517890947894669e-14,4.83804493804862878e-14,9.78543955208540759e-14,1.80712500533211633e-13,8.97597957382453111e-14,4.84761876556553397e-14,-1.82805108624648037e-14,2.59058887367321192e-12,4.62330694768995786e-12,1.76250195787595954e-12,19,2,1,5.76460752303767552e+17
34,3,139,-2.60945660639592351e-15,3.41657743953486976e-14,3.35925818080986363e-14,-2.98036713124550810e-15,4.58112661618082665e-13,1.07256181925038650e-11,1.02675055308857818e-11,1.07285985596351098e-11,2.50383890841957246e-11,-3.50520248361738892e-15,3.23499819751602654e-16,-4.74522554525812950e-16,-7.52305949395685294e-17,8.02480622222188549e-14,1.23121418094669715e-13,5.00821351366816821e-14,2.52033018592137151e-14,8.37532647058362379e-14,1.22797918274918102e-13,5.05566576912074954e-14,2.52785324541532846e-14,1.07256181925038650e-11,-1.43127708916918596e-11,1.48613510476323188e-12,3.69984245354217915e-12,19,2,1,5.76460752303767552e+17
35,0,140,-2.03583212629174534e-15,5.62342858351174402e-13,5.62168550352623286e-13,-2.34307808532999526e-15,-8.65046515433047693e-13,4.18157611552612094e-12,5.04662263095916833e-12,4.18391919361145083e-12,1.39830768181607960e-11,-2.73629517312403236e-15,2.47553963090590159e-16,-3.70512848967956805e-16,-5.92017397416304401e-17,9.25677773647880471e-13,5.11739817001619979e-13,2.41898596003993867e-13,1.20371632949282175e-13,9.28414068821004454e-13,5.11492263038529383e-13,2.42269108852961820e-13,1.20430834689023817e-13,4.18157611552612094e-12,-9.80150070263467505e-12,3.24789003663116009e-12,2.72142399192296403e-12,19,2,1,5.76460752303767552e+17
35,1,141,-1.58949039415988645e-15,6.46590616964433135e-13,6.48629017263993428e-13,-1.84357407821476375e-15,-5.39575702916421595e-13,1.23064504672747302e-11,1.28460261701911521e-11,1.23082940413529444e-11,2.05388704917630437e-11,-2.13777445442845569e-15,1.89197559206525756e-16,-2.89441773577438256e-16,-4.66524044344068983e-17,1.04195327162869323e-12,4.83476147259991963e-13,2.19157640800397932e-13,1.04374350385725051e-13,1.04409104608312173e-12,4.83286949700785397e-13,2.19447082573975368e-13,1.04421002790159453e-13,1.23064504672747302e-11,-8.23242002448831184e-12,1.03970122002739034e-11,7.26822996724991664e-13,19,2,1,5.76460752303767552e+17
35,2,142,-1.24196623812924085e-15,1.10989624856542931e-12,1.10963586046945894e-12,-1.45168059564162696e-15,-1.98152538824827261e-12,-1.50513781907170914e-11,1.30698528024688196e-11,1.50499265101214485e-11,1.69771570319261628e-11,-1.67154772870914699e-15,1.44433593438623467e-16,-2.26225903772288356e-16,-3.68108821467804873e-17,1.77340048473543676e-12,7.82073593694372885e-13,3.67886418270627896e-13,1.77026898672455878e-13,1.77507203246414583e-12,7.81929160100934292e-13,3.68112644174400195e-13,1.77063709554602651e-13,-1.50513781907170914e-11,-5.18545903141577383e-12,-7.09971804747331023e-12,1.92577884120907063e-12,19,2,1,5.76460752303767552e+17
35,3,143,-9.71194501412107059e-16,1.11674091481280057e-13,1.13256410074041416e-13,-1.14391991530762565e-15,-3.49126901465761395e-12,-6.13550909399917045e-12,2.64424007934155649e-12,6.13436517408386302e-12,3.90709428495180481e-12,-1.30809412484682606e-15,1.10151451921718917e-16,-1.76911560096535290e-16,-2.90803404883803010e-17,1.35303981247697097e-13,-1.36841923057044174e-13,-9.53695833007046714e-14,-5.88747732252653387e-14,1.36612075372543914e-13,-1.36952074508965892e-13,-9.51926717406081404e-14,-5.88456928847769525e-14,-6.13550909399917045e-12,-2.22841480904736604e-12,-3.43505557618874132e-12,-5.28727836300753743e-12,19,2,1,5.76460752303767552e+17
36,0,144,-7.60067992296930153e-16,-2.26846865416904169e-13,-2.26994661786571884e-13,-9.02006488845807629e-16,1.95085637768244813e-12,7.05867614584745252e-12,5.10781976816500479e-12,7.05957815233629797e-12,8.52450966274618176e-12,-1.02452924696058721e-15,8.39362033310130419e-17,-1.38423640667292188e-16,-2.29984498334407739e-17,-4.04369214866155264e-13,-3.50960245499183962e-13,-1.79309385265401787e-13,-9.26413719116244580e-14,-4.03344685619194655e-13,-3.51044181702514977e-13,-1.79170961624734499e-13,-9.26183734617910172e-14,7.05867614584745252e-12,9.28613793635935496e-12,2.68571774063008688e-12,1.12102274033762682e-11,19,2,1,5.76460752303767552e+17
36,1,145,-5.95319873582700747e-16,1.65564421153404248e-13,1.65233485154584391e-13,-7.11683684187517036e-16,-6.42297848703143136e-13,-1.10268131546867312e-11,1.03845153059835882e-11,1.10261014710025435e-11,1.25474853536624153e-11,-8.03106680652806316e-16,6.39174026192484034e-17,-1.08370157615549875e-16,-1.82064565718349588e-17,2.45471437324229709e-13,5.31539765218366352e-14,3.94080452767860840e-14,2.22340473076943952e-14,2.46274544004882516e-13,5.30900591192173865e-14,3.95164154344016310e-14,2.22522537642662303e-14,-1.10268131546867312e-11,-3.99559674072974750e-12,1.52067219897568492e-12,-7.91241747656535740e-12,19,2,1,5.76460752303767552e+17
36,2,146,-4.66657883961227921e-16,-4.21593472771243942e-13,-4.21649348742260372e-13,-5.61823974655441926e-16,-9.79917758989712304e-13,1.01247293153048085e-11,1.11046470742945206e-11,1.01252911392794636e-11,1.39163491624974418e-11,-6.30058112595482019e-16,4.86496109892955608e-17,-8.48901903387529336e-17,-1.44254769250729478e-17,-7.01153299379746194e-13,-4.14836911302224663e-13,-1.97117731717615995e-13,-9.85546254667081488e-14,-7.00523241267150731e-13,-4.14885560913213963e-13,-1.97032841527277236e-13,-9.85401999897830815e-14,1.01247293153048085e-11,-2.38740254409396351e-12,-3.96469923195270611e-13,-3.79161984719263328e-12,19,2,1,5.76460752303767552e+17
36,3,147,-3.66093884688406095e-16,1.70132101028283652e-13,1.70022358049079476e-13,-4.43732473049857560e-16,5.37745080388522183e-13,-1.61119084513199651e-11,1.66496535317084879e-11,1.61114647188469148e-11,2.98423048350511675e-11,-4.94695790162038835e-16,3.70182706959522317e-17,-6.65356557889611259e-17,-1.14383106529341407e-17,2.71961016766789514e-13,1.46130673992609922e-13,9.19473378199278461e-14,4.99991423338858497e-14,2.72455712556951548e-13,1.46093655721913969e-13,9.20138734757168077e-14,5.00105806445387862e-14,-1.61119084513199651e-11,-7.78315085089408783e-12,-1.61759866896880637e-12,1.37303963837312057e-11,19,2,1,5.76460752303767552e+17
37,0,148,-2.87424801524862872e-16,-6.65748344020993253e-13,-6.65594477226384945e-13,-3.50607461111487173e-16,-2.41368176044426198e-12,2.87943865356902153e-12,5.29312041401328311e-12,2.87978926103013294e-12,2.84899120350659448e-11,-3.88718105104980357e-16,2.81657753120174943e-17,-5.21794024106378438e-17,-9.07547523553154308e-18,-1.08145029011409992e-12,-5.53188690306967674e-13,-2.68576089421054136e-13,-1.34878002094143691e-13,-1.08106157200899502e-12,-5.53216856082279682e-13,-2.68523910018643488e-13,-1.34868926618908170e-13,2.87943865356902153e-12,2.40459077227883266e-12,-1.34435150891167468e-11,1.50463969459491980e-11,19,2,1,5.76460752303767552e+17
37,1,149,-2.25830842779693750e-16,-3.75123336572576779e-13,-3.75635555789358659e-13,-2.77122175974441377e-16,3.33843431089497457e-13,4.16325779371615296e-13,8.24823482821178383e-14,4.16602901547589717e-13,1.11136405664925668e-11,-3.05672370539543450e-16,2.14335698783231655e-17,-4.09437834910824857e-17,-7.20446817540403183e-18,-5.92544211821187666e-13,-2.23032814125535407e-13,-9.35447548621016048e-14,-4.13775719962814971e-14,-5.92238539450648165e-13,-2.23054247695413722e-13,-9.35038110786105266e-14,-4.13703675281060899e-14,4.16325779371615296e-13,2.07059767262845133e-12,1.15299663458641821e-11,3.57525515021808799e-12,19,2,1,5.76460752303767552e+17
37,2,150,-1.77564518005277854e-16,-2.67343476756499236e-13,-2.67917878720403454e-13,-2.19100297759866260e-16,-1.05317304478580783e-12,-5.12019356304434528e-12,4.06702051825853786e-12,5.11997446274658564e-12,2.03135221571403342e-11,-2.40539195276160735e-16,1.63169319957943202e-17,-3.21451554878630945e-17,-5.72149979674627761e-18,-4.11168395291568742e-13,-1.10994757131166198e-13,-4.28187984618633457e-14,-1.70293913182640644e-14,-4.10927856096292557e-13,-1.11011074063161992e-13,-4.27866533063754853e-14,-1.70236698184673174e-14,-5.12019356304434528e-12,-1.18675218717604168e-11,8.44600028537991743e-12,-4.64463507827155897e-12,19,2,1,5.76460752303767552e+17
37,3,151,-1.39709930076148441e-16,-4.56395897548499510e-13,-4.56708849537595054e-13,-1.73263889649275221e-16,-2.72290127238998402e-13,-1.42798341824739195e-11,1.40075440552349218e-11,1.42796609185842695e-11,2.15782478213185846e-11,-1.89410889859961454e-16,1.24297522812817404e-17,-2.52507546273415292e-17,-4.54511819507561007e-18,-7.14536310223970433e-13,-2.62294885514100181e-13,-1.25363205587908730e-13,-5.97944186411807068e-14,-7.14346899334110427e-13,-2.62307315266381445e-13,-1.25337954833281399e-13,-5.97898735229856310e-14,-1.42798341824739195e-11,2.77490853882584602e-12,7.29841363884466517e-12,-6.84976909901561719e-12,19,2,1,5.76460752303767552e+17
38,0,152,-1.09996436967174885e-16,-1.05620719150932584e-12,-1.05530127466252655e-12,-1.37037401568143589e-16,4.49639074413588845e-12,4.80185513435494856e-12,3.05464390219060108e-13,4.80199217175651684e-12,1.61078705774344758e-11,-1.49242571688611708e-16,9.47717518065815660e-18,-1.98451916629423015e-17,-3.61128481081636051e-18,-1.67783646880030032e-12,-7.21348866272620929e-13,-3.55819796625476835e-13,-1.73718208468986755e-13,-1.67768722622861171e-12,-7.21358343447801621e-13,-3.55799951433813871e-13,-1.73714597184175947e-13,4.80185513435494856e-12,-2.70383994652179306e-12,-1.13060154430795272e-11,-2.22099628876375205e-12,19,2,1,5.76460752303767552e+17
38,1,153,-8.66543697342799226e-17,-5.75909772083037627e-13,-5.76067333421288283e-13,-1.08395092512357289e-16,3.36403996242529066e-12,9.77621985334544114e-13,2.38641797709074654e-12,9.77730380427056399e-13,2.47860274114494108e-11,-1.17659469726799270e-16,7.23440014477585382e-18,-1.56044181101542446e-17,-2.86956345606665584e-18,-8.81601756089630060e-13,-2.35900388048697926e-13,-1.04403126993241154e-13,-4.20634156696985146e-14,-8.81484096619903273e-13,-2.35907622448842708e-13,-1.04387522575130998e-13,-4.20605461062424510e-14,9.77621985334544114e-13,-4.57316416677234006e-12,8.98253892321025136e-12,2.02128632446770708e-11,19,2,1,5.76460752303767552e+17
38,2,154,-6.83032782621998320e-17,-3.88169126067317143e-13,-3.88478066457657474e-13,-8.57421104463397964e-17,4.22245294309095791e-12,6.55645873349259528e-12,2.33400579040163737e-12,6.55654447560304133e-12,3.42496032699349946e-11,-9.28076735927019965e-17,5.53029679768399800e-18,-1.22754952571371454e-17,-2.28016518633760610e-18,-5.75415536601665936e-13,-8.34914842748458199e-14,-3.78446542906556501e-14,-1.14884674252824619e-14,-5.75322728928073201e-13,-8.34970145716435036e-14,-3.78323787953985135e-14,-1.14861872600961246e-14,6.55645873349259528e-12,9.97897535683743182e-12,-4.43486331261002011e-12,-2.42706279130975628e-11,19,2,1,5.76460752303767552e+17
38,3,155,-5.38653349099187862e-17,3.40471156518465508e-14,3.20832305452684387e-14,-6.78216903132643958e-17,3.93763879265734740e-12,1.09154191623766195e-12,2.84609687641968545e-12,1.09160973792797517e-12,4.04593780016058529e-11,-7.32384700786378949e-17,4.23477136877839724e-18,-9.66086939957606641e-18,-1.81165205482509498e-18,1.03538193584220513e-13,2.31984237605452613e-13,1.10430725009375118e-13,6.00366158569817954e-14,1.03611432054299146e-13,2.31980002834083839e-13,1.10440385878774698e-13,6.00384275090366207e-14,1.09154191623766195e-12,2.03130240192523893e-11,3.22194176705598895e-12,-2.01463539823534635e-11,19,2,1,5.76460752303767552e+17
39,0,156,-4.24981978394451509e-17,9.03099802693568458e-14,8.93596776277162479e-14,-5.36426423845961946e-17,3.94113892861958049e-12,5.17078967115630014e-13,3.42405996150395038e-12,5.17132609758014644e-13,1.26210546391388816e-11,-5.78186519721781646e-17,3.24904825819606542e-18,-7.60614629149483941e-18,-1.43914901294391696e-18,1.80429591688087924e-13,2.02859892042565748e-13,8.40203491191968055e-14,4.24237346091448104e-14,1.80487410340060110e-13,2.02856642994307540e-13,8.40279552654883026e-14,4.24251737581577573e-14,5.17078967115630014e-13,1.88944742942589481e-12,1.66889374055764234e-12,1.31381336062545109e-11,19,2,1,5.76460752303767552e+17
39,1,157,-3.35429294629228633e-17,1.02420128954865522e-13,1.02311445828121282e-13,-4.24226224295749019e-17,5.47488916461698564e-12,-4.12269890599904948e-11,4.67018782246074821e-11,4.12269466373680629e-11,4.80402611951065855e-11,-4.56609169500802868e-17,2.49821094130869429e-18,-5.99058292939376209e-18,-1.14294846260858851e-18,1.87504414748078951e-13,1.54647626636317358e-13,5.64409868449692331e-14,2.72559452708843840e-14,1.87550075665029041e-13,1.54645128425376061e-13,5.64469774278986245e-14,2.72570882193469928e-14,-4.12269890599904948e-11,6.81327213511608903e-12,-3.19714135724649821e-12,6.48325203958441621e-12,19,2,1,5.76460752303767552e+17
39,2,158,-2.64835659409212988e-17,-1.95713506595247725e-12,-1.95639542950461297e-12,-3.35436924203177881e-17,4.91863457875370627e-12,1.07135938626839225e-11,5.79495928393021621e-12,1.07136274063763423e-11,1.38260792789595504e-11,-3.60698131231190995e-17,1.92548941464730464e-18,-4.71968972559840713e-18,-9.07418844726917448e-19,-3.15078413604971731e-12,-1.54990793781362972e-12,-7.94369477157837424e-13,-3.98154671948141058e-13,-3.15074806623659432e-12,-1.54990986330304427e-12,-7.94364757468111783e-13,-3.98153764529296313e-13,1.07135938626839225e-11,-3.11248541627562792e-12,5.73873696495851902e-12,4.69885315987114421e-13,19,2,1,5.76460752303767552e+17
39,3,159,-2.09157070344952311e-17,-9.86370068057870765e-13,-9.85505971426638326e-13,-2.65174653231972013e-17,1.19609865782229170e-11,1.09337027694878224e-11,1.02728380873509453e-12,1.09337292869531457e-11,2.28700682420656705e-11,-2.84997216890993888e-17,1.48789437776750629e-18,-3.71947199709960644e-18,-7.20149162376837725e-19,-1.53546970396617266e-12,-5.15516605032895684e-13,-2.36148614669042620e-13,-9.99626867883474704e-14,-1.53544120424448350e-12,-5.15518092927273479e-13,-2.36144895197045539e-13,-9.99619666391850974e-14,1.09337027694878224e-11,1.65018338786431983e-11,2.37806658805247570e-11,9.10597638459086463e-13,19,2,1,5.76460752303767552e+17
40,0,160,-1.65220931634550684e-17,-2.11703829494889738e-13,-2.12289809254777510e-13,-2.09577334871310243e-17,6.86320232159072644e-12,-7.97726935785319298e-12,1.48404716794439202e-11,7.97724840011970617e-12,2.99148014924668009e-11,-2.25221652917859350e-17,1.15288732858300954e-18,-2.93194517789524251e-18,-5.71277007497549704e-19,-2.72083293699249936e-13,1.49401387675309927e-13,8.78844441568485022e-14,5.84431277977079740e-14,-2.72060771533958134e-13,1.49400234787981340e-13,8.78873761020263949e-14,5.84436990747154757e-14,-7.97726935785319298e-12,-1.16525571835430634e-12,-2.27708295808178011e-11,7.14397191164899654e-12,19,2,1,5.76460752303767552e+17
40,1,161,-1.30535980771330296e-17,-5.44477686787817482e-13,-5.43366222712932826e-13,-1.65589483982834590e-17,1.42877156867562111e-11,3.73918561772328601e-11,2.31041404904766490e-11,3.73918727361812595e-11,4.63833751625463757e-11,-1.78003467027697149e-17,8.95845597866787844e-19,-2.31164002355586870e-18,-4.52959643883031749e-19,-8.22129409077690582e-13,-1.98620599360543578e-13,-1.08110930896944785e-13,-4.85122127805667640e-14,-8.22111608730987829e-13,-1.98621495206141452e-13,-1.08108619256921226e-13,-4.85117598209228806e-14,3.73918561772328601e-11,1.04673885076951742e-11,1.32198570965229387e-12,-8.99151898531351714e-12,19,2,1,5.76460752303767552e+17
40,2,162,-1.03144219782433576e-17,1.44006033092755770e-12,1.44161422370589852e-12,-1.30792817704461317e-17,1.31364094462921995e-11,1.02616804509686651e-11,2.87472899532353445e-12,1.02616935302504349e-11,3.37780156233505883e-11,-1.40692978500275276e-17,6.98136004343211144e-19,-1.82287758867913070e-18,-3.58956876728316955e-19,2.38352567169384832e-12,1.39523205412421255e-12,6.86327559723944879e-13,3.49024806286508239e-13,2.38353974099169820e-12,1.39523135598820812e-12,6.86329382601533564e-13,3.49025165243384954e-13,1.02616804509686651e-11,2.60340544602247204e-11,1.15046300449833350e-11,-7.74396116312586626e-12,19,2,1,5.76460752303767552e+17
40,3,163,-8.15054516923202453e-18,1.63685980900625490e-12,1.63671930781490932e-12,-1.03272784122124348e-17,9.13156830141822768e-12,1.97359082066922961e-11,1.06043399052740684e-11,1.97359185339707089e-11,1.95896125499910347e-11,-1.11203861133080535e-17,5.45653449316166961e-19,-1.43764302440012797e-18,-2.84301478546511239e-19,2.64869148402700076e-12,1.28122838484195553e-12,5.92398654197576091e-13,2.84461365364143073e-13,2.64870260441311409e-12,1.28122783918850620e-12,5.92400091840600507e-13,2.84461649665621603e-13,1.97359082066922961e-11,3.49563680873630795e-11,1.53667555373720448e-11,2.92007020908758115e-11,19,2,1,5.76460752303767552e+17
41,0,164,-6.44071481817962261e-18,2.24693053843208584e-12,2.24606099149469629e-12,-8.15132875621514554e-18,-9.29446693648238158e-13,3.71875021139616120e-12,4.64819690504439956e-12,3.71875836272491766e-12,4.13776287553752068e-11,-8.78920799861350006e-18,4.27713933247891259e-19,-1.13392545527230029e-18,-2.25038350947097038e-19,3.58842879582218053e-12,1.56378097501072627e-12,7.24979262610872075e-13,3.44574714352198664e-13,3.58843758503017907e-12,1.56378054729679309e-12,7.24980396536327330e-13,3.44574939390549601e-13,3.71875021139616120e-12,-1.07156355592415062e-11,3.06619931961337006e-11,9.37004138383676999e-13,19,2,1,5.76460752303767552e+17
41,1,165,-5.08940157384416857e-18,1.91788578216856570e-12,1.91703271131426276e-12,-6.43135773502898362e-18,-8.34590160611793416e-13,-7.19519859822243559e-12,6.36060843761064248e-12,7.19519216686470069e-12,1.47646351130776540e-11,-6.94611894483910028e-18,3.36217196974297209e-19,-8.94420832270399634e-19,-1.78017767453298734e-19,3.00627122790452090e-12,1.07619838742868362e-12,4.78539643763844769e-13,2.15291458559910688e-13,3.00627817402346577e-12,1.07619805121148667e-12,4.78540538184677049e-13,2.15291636577678138e-13,-7.19519859822243559e-12,-2.90532055176213007e-12,7.56943651485521919e-12,2.57175636538784045e-12,19,2,1,5.76460752303767552e+17
41,2,166,-4.02128954871097612e-18,1.11189937309460317e-12,1.11264171361980804e-12,-5.07225790458317981e-18,-4.22119018926582646e-12,-5.86722794564389792e-12,1.64603775637807147e-12,5.86722287338599307e-12,8.67891941025295070e-11,-5.48881688332852657e-18,2.65014081847093881e-19,-7.05517646959864206e-19,-1.40731257505091119e-19,1.67499526722775455e-12,3.22405776753212106e-13,1.20507244599983219e-13,3.85608706696084959e-14,1.67500075604463794e-12,3.22405511739130274e-13,1.20507950117630179e-13,3.85610114008660016e-14,-5.86722794564389792e-12,4.34891463225082806e-11,-4.33000477800212329e-11,1.07806222619168092e-11,19,2,1,5.76460752303767552e+17
41,3,167,-3.17696116722906820e-18,5.46644854994716219e-13,5.48266456861471982e-13,-3.99869686428973712e-18,-2.25960280441028488e-12,-2.37839873605261354e-11,2.15243845561158501e-11,2.37839833618292722e-11,4.65538848531180140e-11,-4.33652766181542642e-18,2.09429044821531188e-19,-5.56503225355917757e-19,-1.11181178989988708e-19,7.62410818892728488e-13,-9.19725183189603943e-14,-5.35982547975364114e-14,-3.99221918060655437e-14,7.62415155420390279e-13,-9.19727277480052117e-14,-5.35976982943110581e-14,-3.99220806248865543e-14,-2.37839873605261354e-11,-8.82323539327594578e-12,1.20606783145526876e-11,2.27698974925918786e-11,19,2,1,5.76460752303767552e+17
42,0,168,-2.50951412726145569e-18,-7.78042910682607201e-13,-7.77885371543482918e-13,-3.15100866091354508e-18,-6.59993711300949297e-12,-4.78015793069262316e-12,1.81977918231686980e-12,4.78015477968396264e-12,1.92111698874916502e-11,-3.42544134206456370e-18,1.65900065476467998e-19,-4.38942157748824462e-19,-8.77769556964132840e-20,-1.36114100070484327e-12,-1.05523724311042710e-12,-5.07227874042540194e-13,-2.59386797208853293e-13,-1.36113757526350126e-12,-1.05523740901049252e-12,-5.07227435100382451e-13,-2.59386709431897583e-13,-4.78015793069262316e-12,9.38669509395249827e-12,1.44310119567990270e-11,-3.57140017492566038e-12,19,2,1,5.76460752303767552e+17
42,1,169,-1.98190632369944818e-18,-8.61289225722462511e-13,-8.60207044138256423e-13,-2.48194104579042991e-18,8.65987089312847216e-12,-1.49055251511108327e-11,2.35653960442393065e-11,1.49055226691697867e-11,4.69250487291713914e-11,-2.70512645392145212e-18,1.31707235725755177e-19,-3.46189161426421513e-19,-6.92524561805904185e-20,-1.44685313441173111e-12,-8.71144264950105641e-13,-3.80844290656252901e-13,-1.83029085466784912e-13,-1.44685042928527710e-12,-8.71144396657341412e-13,-3.80843944467091451e-13,-1.83029016214328741e-13,-1.49055251511108327e-11,-5.90284019222963823e-13,-3.91918970824153896e-11,7.73315164675600177e-12,19,2,1,5.76460752303767552e+17
42,2,170,-1.56486994900385958e-18,-1.41640097696437368e-12,-1.41606914741319151e-12,-1.95407908258679429e-18,4.18634565037788113e-12,4.39313652546206003e-11,3.97450196042427184e-11,4.39313672086996827e-11,4.15435402454738610e-11,-2.13570975162861950e-18,1.04768251472383635e-19,-2.73007013238249697e-19,-5.46001601998540962e-20,-2.30386781006132161e-12,-1.13910710692929393e-12,-5.08539646904428495e-13,-2.43786792362156006e-13,-2.30386567435156985e-12,-1.13910721169754533e-12,-5.08539373897415211e-13,-2.43786737761995827e-13,4.39313652546206003e-11,1.62036873521610389e-11,2.38782500914673933e-12,3.15804513590487545e-11,19,2,1,5.76460752303767552e+17
42,3,171,-1.23527113384093492e-18,1.07354620812915506e-12,1.07530616593183604e-12,-1.53780368852238265e-18,9.04806833353823187e-12,4.25249383868334235e-11,3.34768700532951949e-11,4.25249399246371132e-11,4.72589975247682560e-11,-1.68565588766175870e-18,8.34843144848851099e-20,-2.15266667928338731e-19,-4.30186733446358331e-20,1.76459582857115316e-12,1.06734278916170464e-12,5.96707668670730365e-13,3.13173502383288410e-13,1.76459751422704079e-12,1.06734270567739020e-12,5.96707883937398312e-13,3.13173545401961769e-13,4.25249383868334235e-11,9.52332425753483292e-12,4.32878176991425598e-12,-4.73405913793483410e-12,19,2,1,5.76460752303767552e+17
43,0,172,-9.74818747970939877e-19,2.94539603039615118e-12,2.94502084295406382e-12,-1.20967356616581188e-18,-3.42134913397709034e-12,-3.32036847305565608e-12,1.00980660921434266e-13,3.32036726338208993e-12,2.23746670643274406e-11,-1.33001778903946611e-18,6.66239806162141778e-20,-1.69711714132644862e-19,-3.38708673872624497e-20,4.75789149065084050e-12,2.37436330079498224e-12,1.19342248586521747e-12,5.88988785190519610e-13,4.75789282066862952e-12,2.37436323417100177e-12,1.19342265557693155e-12,5.88988819061386974e-13,-3.32036847305565608e-12,-1.75285700612219619e-11,-3.21930089748672070e-12,4.84609700310548038e-12,19,2,1,5.76460752303767552e+17
43,1,173,-7.69047140028820044e-19,2.12096403023764926e-12,2.11973300864549508e-12,-9.51142450570127387e-19,-1.40390902942518273e-11,3.47427829447430152e-11,4.87818732389948392e-11,3.47427838958854636e-11,7.29508849263508024e-11,-1.04905677495238340e-18,5.32355507764077954e-20,-1.33773236679567754e-19,-2.66504873222909915e-20,3.35000145948775122e-12,1.31546308023773277e-12,6.07989479003048402e-13,2.72607136103988273e-13,3.35000250854452601e-12,1.31546302700218205e-12,6.07989612776285086e-13,2.72607162754475587e-13,3.47427829447430152e-11,-1.04932298159019794e-12,-3.82081019816077872e-11,-1.19292440442729093e-11,19,2,1,5.76460752303767552e+17
43,2,174,-6.06514037052546743e-19,3.34864929557320308e-12,3.34927807481275561e-12,-7.47542057656541804e-19,-1.48826141699141629e-11,-7.78226880390133499e-12,7.10034536601282793e-12,7.78226805635927751e-12,4.85710727438352690e-11,-8.27153429949213526e-19,4.25809210519973251e-20,-1.05424202149905426e-19,-2.09555100522430146e-20,5.29666073282964031e-12,2.15320550811717434e-12,1.03282096947244047e-12,4.87300284017651933e-13,5.29666155998307061e-12,2.15320546553625335e-12,1.03282107489664266e-12,4.87300304973161935e-13,-7.78226880390133499e-12,-3.11708471098822187e-11,-1.77399708812479424e-11,1.74002256339530503e-11,19,2,1,5.76460752303767552e+17
43,3,175,-4.78167616530381890e-19,2.18891556627061860e-12,2.19243275020130473e-12,-5.87275662104797312e-19,-2.08877367433953107e-11,-4.03861518988074647e-11,1.94984151554121540e-11,4.03861513115318027e-11,6.58274055874127882e-11,-6.51947360491797316e-19,3.40855633775628539e-20,-8.30648588307642451e-20,-1.64668903423692039e-20,3.36327066397460822e-12,9.50025214890489775e-13,4.22940418871082048e-13,1.73826847607051586e-13,3.36327131592196866e-12,9.50025180804926330e-13,4.22940501935940896e-13,1.73826864073941926e-13,-4.03861518988074647e-11,-1.35038355226444790e-11,2.54412536886053235e-11,-1.40212620461597659e-11,19,2,1,5.76460752303767552e+17
44,0,176,-3.76846727771558195e-19,-3.37288624853648034e-13,-3.37933247469680419e-13,-4.61178702977636528e-19,-9.01270391647005940e-12,-4.03500364771296451e-11,3.13373325606595841e-11,4.03500360159509403e-11,5.74304754184621790e-11,-5.13657307452272768e-19,2.73006331072948638e-20,-6.54324927693907544e-20,-1.29316072546991836e-20,-7.33335256651640284e-13,-1.11221603789323110e-12,-5.74809644491345425e-13,-3.15730159942117229e-13,-7.33334742994332825e-13,-1.11221606519386415e-12,-5.74809579058852692e-13,-3.15730147010509989e-13,-4.03500364771296451e-11,-4.18582945701693234e-11,-7.42424301279119019e-11,-1.68119547094497262e-11,19,2,1,5.76460752303767552e+17
44,1,177,-2.96886010431022126e-19,-2.29812562977277713e-12,-2.29817218232017091e-12,-3.62011872700259677e-19,-1.56669281956202046e-11,1.31775421315310001e-12,1.69846824087733046e-11,1.31775457516497278e-12,3.48509037720306900e-11,-4.04543506955263719e-19,2.18741982003052431e-20,-5.15303252636017478e-20,-1.01491444544201685e-20,-3.84498158599101107e-12,-2.36813018068948197e-12,-1.13468057560860369e-12,-5.69379568202984105e-13,-3.84498118144750403e-12,-2.36813020256368035e-12,-1.13468052407827833e-12,-5.69379558053839678e-13,1.31775421315310001e-12,-1.10445076769301872e-12,-3.35331495588775900e-11,-2.36317570490324747e-11,19,2,1,5.76460752303767552e+17
44,2,178,-2.33803726480345013e-19,-1.74411395220400738e-12,-1.74416897930301298e-12,-2.84059305030302157e-19,-4.24097453921419979e-12,7.20823103975047134e-12,1.14492055789646711e-11,7.20823132380977619e-12,3.80050210297859416e-11,-3.18482338967786219e-19,1.75293357001442617e-20,-4.05714642681714973e-20,-7.96071275265824220e-21,-2.85241681931643824e-12,-1.43345010957968952e-12,-6.10890643796842236e-13,-2.83022190157941628e-13,-2.85241650083409944e-12,-1.43345012710902520e-12,-6.10890603225377923e-13,-2.83022182197228871e-13,7.20823103975047134e-12,-2.58817204804479965e-11,-3.07967899900354670e-11,-6.54062884874029633e-12,19,2,1,5.76460752303767552e+17
44,3,179,-1.84054866991866001e-19,-1.00151528175095223e-12,-1.00421161655258717e-12,-2.22810143296711615e-19,-9.38853218581864942e-12,-3.74183663580073738e-13,9.01434852223857568e-12,3.74183440769930428e-13,7.24529426061240494e-11,-2.50629681603218693e-19,1.40474051671850326e-20,-3.19347030125110544e-20,-6.24066251879965629e-21,-1.59175763549417277e-12,-5.80449430586158670e-13,-1.91400683483742186e-13,-7.37438405801961514e-14,-1.59175738486449107e-12,-5.80449444633563793e-13,-1.91400651549039175e-13,-7.37438343395336355e-14,-3.74183663580073738e-13,-4.28998955709515233e-12,5.09884373551881488e-11,-2.14645052509359038e-11,19,2,1,5.76460752303767552e+17
45,0,180,-1.44835810223705156e-19,-7.88344780877298068e-13,-7.88774610537944568e-13,-1.74706257234875585e-19,-1.30844017891560076e-11,-2.55091047306003136e-11,1.24247029414443060e-11,2.55091045558940555e-11,1.28671447352924488e-10,-1.97154389804679579e-19,1.12552316812276272e-20,-2.51296480663184681e-20,-4.88964460349558492e-21,-1.22243614508910281e-12,-3.41569118576106757e-13,-1.06621311837085097e-13,-4.07712436678022378e-14,-1.22243594793471305e-12,-3.41569129831338429e-13,-1.06621286707437030e-13,-4.07712387781576316e-14,-2.55091047306003136e-11,1.91723373205630884e-11,-6.28040252613891213e-11,6.58674220915353663e-11,19,2,1,5.76460752303767552e+17
45,1,181,-1.13929719974091592e-19,-1.86274533962351607e-12,-1.86312477174739231e-12,-1.36942433061208729e-19,-5.01244412615512496e-12,-1.53905567732866831e-11,1.03781126471315590e-11,1.53905566363442509e-11,9.00545574066109721e-11,-1.55027242703661113e-19,9.01524786009463400e-21,-1.97691984432388443e-20,-3.82916700038664100e-21,-2.94820793239826748e-12,-1.19790666131153511e-12,-5.64663105391344837e-13,-2.75539729278215890e-13,-2.94820777737102472e-12,-1.19790667032678294e-12,-5.64663085622146432e-13,-2.75539725449048908e-13,-1.53905567732866831e-11,-3.68500617346779841e-11,5.32044956719329816e-11,4.51249408311078110e-11,19,2,1,5.76460752303767552e+17
45,2,182,-8.95841593126040077e-20,-2.19408708568510427e-12,-2.19565541964429648e-12,-1.07308181877861007e-19,-3.97752589479959422e-12,-3.58504874347197765e-11,3.18729615399201847e-11,3.58504873274115937e-11,6.73389040299297574e-11,-1.21853789562725099e-19,7.21788145100472871e-21,-1.55478199604553749e-20,-2.99726523753917321e-21,-3.44978678609460979e-12,-1.31666819032687868e-12,-6.23762980819816871e-13,-2.96778717552491719e-13,-3.44978666424082026e-12,-1.31666819754476018e-12,-6.23762965271996892e-13,-2.96778714555226498e-13,-3.58504874347197765e-11,-1.67798807414542386e-11,2.19991064332040019e-11,-4.53397975967257556e-11,19,2,1,5.76460752303767552e+17
45,3,183,-7.04141914943672183e-20,-3.45696411142065067e-12,-3.45858833221971756e-12,-8.40625495243801652e-20,-1.87553663242440884e-12,-1.74652692884050846e-11,1.55897326559806745e-11,1.74652692043425349e-11,2.44523335612000561e-11,-9.57419525193105655e-20,5.77565239207770805e-21,-1.22243905329567001e-20,-2.34506105773766926e-21,-5.45721893599185167e-12,-2.19429030635552723e-12,-1.06591500506723140e-12,-5.11923641103048482e-13,-5.45721884024989952e-12,-2.19429031213117975e-12,-1.06591499284284086e-12,-5.11923638757987406e-13,-1.74652692884050846e-11,-8.51187365190845011e-12,-1.36261886486056976e-12,6.98706427279497152e-12,19,2,1,5.76460752303767552e+17
46,0,184,-5.53256535691086467e-20,-3.52009728424108364e-12,-3.52170938195838628e-12,-6.58350876079605190e-20,-4.84905376877079077e-12,3.49170266375491110e-11,3.97660804063199002e-11,3.49170267033841962e-11,3.33976938629458942e-11,-7.51971575844877969e-20,4.61857583962576000e-21,-9.60865226949074926e-21,-1.83402919274294879e-21,-5.50196240149498182e-12,-1.98182213336240355e-12,-9.47997258710716547e-13,-4.39590954571802044e-13,-5.50196232629782441e-12,-1.98182213798097943e-12,-9.47997249102064373e-13,-4.39590952737772837e-13,3.49170266375491110e-11,2.95458552732502965e-11,5.78033561015021523e-12,3.91780294730961094e-11,19,2,1,5.76460752303767552e+17
46,1,185,-4.34544017938882474e-20,-9.64118965943229109e-13,-9.64630057812512605e-13,-5.15475562125652890e-20,1.15225198285405697e-11,1.15764058266472873e-11,5.38859981067176704e-14,1.15764058781948437e-11,1.28791324543032327e-10,-5.90392744022979988e-20,3.69056680968204219e-21,-7.55051065246565345e-21,-1.43382823978579288e-21,-1.32659656874145017e-12,2.67260299367636361e-13,1.67875569956244059e-13,1.22647430485167438e-13,-1.32659650970217571e-12,2.67260295677069538e-13,1.67875577506754724e-13,1.22647431918995668e-13,1.15764058266472873e-11,-8.30427273948947730e-12,-8.91128157463656155e-11,3.96785087966667247e-11,19,2,1,5.76460752303767552e+17
46,2,186,-3.41182060741365461e-20,-1.26907162945673382e-13,-1.27138954985792899e-13,-4.03520492759800444e-20,1.98127837050618308e-12,6.88105694455608676e-11,6.68292910750546865e-11,6.88105694859129221e-11,1.36821923652841317e-10,-4.63368367218852213e-20,2.94661626304813805e-21,-5.93158181315658213e-21,-1.12058062162744322e-21,-7.65623941265022796e-15,7.21195599270331361e-13,3.31052929455369980e-13,1.81863300849182644e-13,-7.65619307581350542e-15,7.21195596323715100e-13,3.31052935386951795e-13,1.81863301969763270e-13,6.88105694455608676e-11,-6.80113542072804489e-11,-3.11309420259955864e-11,-2.00713238436856796e-12,19,2,1,5.76460752303767552e+17
46,3,187,-2.67786637589763837e-20,3.34758882757052030e-12,3.34808476089993778e-12,-3.15821236560720570e-20,5.22304629738552516e-12,-1.58831507154514954e-11,2.11061970128370197e-11,1.58831506838693712e-11,8.76235607885717671e-11,-3.63549570807919082e-20,2.35056401513839843e-21,-4.65851539127997927e-21,-8.75509798909020090e-22,5.55702871120938808e-12,3.26308177306421489e-12,1.56170954624519270e-12,7.83654821064473521e-13,5.55702874756434516e-12,3.26308177071365072e-12,1.56170955090370811e-12,7.83654821939983312e-13,-1.58831507154514954e-11,-2.38175368965549589e-12,5.69441973298620042e-11,-3.06793634587097694e-11,19,2,1,5.76460752303767552e+17
47,0,188,-2.10110506701142875e-20,1.84049373741370473e-12,1.84068872754591650e-12,-2.47142198919479999e-20,-9.87325612492447338e-12,-2.27587039043070703e-11,1.28854477793825969e-11,2.27587038795928490e-11,5.95579548103666098e-11,-2.85140938694448631e-20,1.87333551461402543e-21,-3.65772006626601516e-21,-6.83861458189552754e-22,2.99145515667977737e-12,1.39942071427984844e-12,5.59256374493644811e-13,2.48837002675523833e-13,2.99145518519387125e-12,1.39942071240651296e-12,5.59256378151364879e-13,2.48837003359385307e-13,-2.27587039043070703e-11,2.69671457582611564e-11,3.67992509060595395e-11,3.46941562756324777e-11,19,2,1,5.76460752303767552e+17
47,1,189,-1.64804601582666495e-20,3.02465922694743450e-13,3.03305441985445072e-13,-1.93372242075805647e-20,1.20032267106240514e-11,-2.81796399496305706e-11,4.01828666602546187e-11,2.81796399302933465e-11,1.52596094056707473e-10,-2.23574183361870192e-20,1.49154084375589958e-21,-2.87119733241792815e-21,-5.34050242681440055e-22,4.45105057607261701e-13,-7.47594458263559757e-14,-1.51970104337499372e-13,-1.00039268726076212e-13,4.45105079964680020e-13,-7.47594473178968148e-14,-1.51970101466302051e-13,-1.00039268192025974e-13,-2.81796399496305706e-11,1.04680977868377938e-10,2.57176651702914422e-11,-4.79151161883295342e-11,19,2,1,5.76460752303767552e+17
47,2,190,-1.29229234999543823e-20,-1.17130142804372060e-12,-1.17048540674781386e-12,-1.51284672567322523e-20,7.72357053541930177e-12,-8.07378965557505947e-12,1.57973601909943629e-11,8.07378964044659169e-12,5.15723681237627563e-11,-1.75249958711606255e-20,1.18635788231506429e-21,-2.25325097613503509e-21,-4.16985462858503060e-22,-1.93987631015932595e-12,-1.20939548028775801e-12,-6.59825849285110624e-13,-3.35260072227304945e-13,-1.93987629263433014e-12,-1.20939548147411596e-12,-6.59825847031859629e-13,-3.35260071810319483e-13,-8.07378965557505947e-12,-3.57033115730857035e-11,-1.22395402135641649e-11,1.58690565506770528e-11,19,2,1,5.76460752303767552e+17
47,3,191,-1.01304761116091815e-20,-1.31918491462033396e-12,-1.31897913493495271e-12,-1.18348091814513088e-20,1.45301511603336351e-11,-5.46846403851747413e-11,6.92147915455083780e-11,5.46846403733399323e-11,1.27931590621155763e-10,-1.37333657771890241e-20,9.42639404694882776e-22,-1.76788853877389426e-21,-3.25538711741203207e-22,-2.13936575418374016e-12,-1.08793624826781813e-12,-5.38955004068124638e-13,-2.55393962969034127e-13,-2.13936574045037428e-12,-1.08793624921045748e-12,-5.38955002300236105e-13,-2.55393962643495440e-13,-5.46846403851747413e-11,-1.10266300236795735e-10,-5.97587434413185511e-11,1.76652903843600284e-11,19,2,1,5.76460752303767552e+17
48,0,192,-7.93934884315811380e-21,-3.73187169876949463e-12,-3.73200147909131275e-12,-9.25774159790188866e-21,-3.74149637865764736e-12,1.16794859606009537e-11,1.54209823392586011e-11,1.16794859698586945e-11,1.99780225379838676e-10,-1.07593969417166109e-20,7.48197404467485641e-22,-1.38676958944369625e-21,-2.54123888461194115e-22,-6.00214947368769767e-12,-2.85255127676400661e-12,-1.39709715844347109e-12,-6.78806252251743418e-13,-6.00214946292830095e-12,-2.85255127751220399e-12,-1.39709715705670158e-12,-6.78806251997619539e-13,1.16794859606009537e-11,-1.50408154214394159e-10,4.93720711654445299e-11,-1.86830220353218336e-11,19,2,1,5.76460752303767552e+17
48,1,193,-6.22063381355014629e-21,-2.31132385572638164e-12,-2.31060972478359193e-12,-7.24166011668434205e-21,1.30776101799634498e-11,1.40250977142073500e-11,9.47487534243900279e-13,1.40250977214490110e-11,2.49432891914118206e-10,-8.42752933351071082e-21,5.93228242841023568e-22,-1.08758606801488873e-21,-1.98366183603200595e-22,-3.61539284634818625e-12,-1.25627378559770979e-12,-5.52448780564959892e-13,-2.34999851946697448e-13,-3.61539283792065691e-12,-1.25627378619093803e-12,-5.52448779477373795e-13,-2.34999851748331268e-13,1.40250977142073500e-11,6.38089977255708769e-11,1.30196429367802603e-10,-1.19236462546315604e-10,19,2,1,5.76460752303767552e+17
48,2,194,-4.87290916557973581e-21,-1.07319504032312287e-12,-1.07279500469426005e-12,-5.66463786659244701e-21,9.42903080445027806e-12,-4.74946251462472738e-11,5.69236559506975535e-11,4.74946251405826376e-11,1.67181731147234358e-10,-6.59969567003517716e-21,4.69850103059164670e-22,-8.52784003396718860e-22,-1.54841405616253091e-22,-1.58157693508192293e-12,-1.45639550154637050e-13,-2.35153308395546518e-14,2.05245264299377791e-14,-1.58157692848222727e-12,-1.45639550624487149e-13,-2.35153299867706498e-14,2.05245265847791841e-14,-4.74946251462472738e-11,1.19687106000987084e-10,6.29801041463565107e-11,9.80521378880590758e-11,19,2,1,5.76460752303767552e+17
48,3,195,-3.81641408790143636e-21,-3.15144146328502973e-12,-3.15244262568816474e-12,-4.43117069956426985e-21,7.90525505667664582e-12,1.16509832721209086e-11,3.74572821544426277e-12,1.16509832765520796e-11,7.70350805818206737e-11,-5.16736390350799003e-21,3.71730298714489854e-22,-6.68554913840993855e-22,-1.20870873821449693e-22,-4.94995656897113741e-12,-1.92115197305132129e-12,-9.57620199717787046e-13,-4.62336566207922178e-13,-4.94995656380377324e-12,-1.92115197342305173e-12,-9.57620199049232048e-13,-4.62336566087051320e-13,1.16509832721209086e-11,6.52591841267550860e-11,1.28209485183342844e-11,-1.17758964550655877e-11,19,2,1,5.76460752303767552e+17
49,0,196,-2.98845027943936581e-21,-1.83952388908244825e-12,-1.84004605134857638e-12,-3.46647585024957294e-21,2.31680141424766937e-11,-1.06117510591983588e-11,3.37797652016750525e-11,1.06117510557318823e-11,9.64179726252030180e-11,-4.04525724259373531e-21,2.93784675488222156e-22,-5.24040216212353691e-22,-9.43601663968537040e-23,-2.78558222573365185e-12,-6.50303394324572665e-13,-3.06975607770953117e-13,-1.22916769687852141e-13,-2.78558222168839454e-12,-6.50303394618357391e-13,-3.06975607246912893e-13,-1.22916769593491982e-13,-1.06117510591983588e-11,1.45972258632836801e-11,2.95495554085747991e-11,8.58062215660046624e-11,19,2,1,5.76460752303767552e+17
49,1,197,-2.33975330405933483e-21,-1.91396858579088508e-12,-1.91204825643818815e-12,-2.71201380349364017e-21,3.42539904392630852e-11,-7.78867446876043625e-11,1.12140735126867448e-10,7.78867446848923475e-11,1.74203716452417676e-10,-3.16640050864839743e-21,2.31934994478953771e-22,-4.10703846396022316e-22,-7.36724485263002681e-23,-2.90658355881006357e-12,-7.45815775688218441e-13,-3.82693600713367816e-13,-1.68199968777809240e-13,-2.90658355564366303e-12,-7.45815775920153443e-13,-3.82693600302663959e-13,-1.68199968704136801e-13,-7.78867446876043625e-11,9.63169717648133135e-11,2.02283303244644836e-11,4.96210527674838461e-12,19,2,1,5.76460752303767552e+17
49,2,198,-1.83163063394781272e-21,-5.30256173639419015e-12,-5.30222866530695880e-12,-2.12197275685129390e-21,3.25798851157216472e-11,3.81109948497959147e-12,2.87687856307420557e-11,3.81109948710156420e-12,2.19438413286145531e-10,-2.47821467094802120e-21,1.82913038754601475e-22,-3.21837683040879817e-22,-5.75290427883098818e-23,-8.38334499940665276e-12,-3.50025695307446204e-12,-1.77358229360573687e-12,-8.64942620745771890e-13,-8.38334499692843742e-12,-3.50025695325737518e-12,-1.77358229328389919e-12,-8.64942620688242851e-13,3.81109948497959147e-12,-1.36674688616112642e-11,2.05770944424534274e-10,7.06646547346232408e-11,19,2,1,5.76460752303767552e+17
49,3,199,-1.43370548647374490e-21,-3.88856688443616994e-12,-3.88867707480874222e-12,-1.66051014552474403e-21,4.68830365812979106e-11,1.08430032648456712e-10,6.15469960671588015e-11,1.08430032650117225e-10,2.19371892031082004e-10,-1.93943934053031081e-21,1.44102428644025553e-22,-2.52171792311970938e-22,-4.49314418945062788e-23,-6.01114099702037986e-12,-1.91497843633746216e-12,-9.26635885250275152e-13,-4.10348256374579607e-13,-6.01114099508094021e-12,-1.91497843648156446e-12,-9.26635884998103407e-13,-4.10348256329648159e-13,1.08430032648456712e-10,4.75324519875131883e-11,-1.10941859382625292e-10,2.49543552224517711e-11,19,2,1,5.76460752303767552e+17
50,0,200,-1.12213910276567844e-21,2.40646434691875940e-12,2.40662671089756206e-12,-1.29958923846725616e-21,-1.59366646075835166e-11,-8.33687039827450450e-11,6.74320393751615251e-11,8.33687039814454538e-11,2.44729275622158488e-10,-1.51770894253228124e-21,1.13410905144744877e-22,-1.97567383384403215e-22,-3.51001839847019475e-23,4.19318281911486776e-12,3.27997486596479684e-12,1.65016812874873321e-12,8.74097414344819260e-13,4.19318282063257697e-12,3.27997486585138585e-12,1.65016812894630054e-12,8.74097414379919405e-13,-8.33687039827450450e-11,-1.37221552797592061e-11,4.24107495213695214e-11,1.61360571639413456e-10,19,2,1,5.76460752303767552e+17
50,1,201,-8.78230706283770023e-22,-2.19642648751596216e-12,-2.19833776661367988e-12,-1.01728321215057749e-21,2.87785232024198428e-11,-8.30981630614817842e-11,1.11876686263901627e-10,8.30981630604645072e-11,2.03969638149278292e-10,-1.18764470528904322e-21,8.91672500832861663e-23,-1.54775007872699998e-22,-2.74269775942675895e-23,-3.38800669957971504e-12,-1.21501430368455906e-12,-7.31763963752037185e-13,-3.76215583369917255e-13,-3.38800669839207028e-12,-1.21501430377372634e-12,-7.31763963597262221e-13,-3.76215583342490291e-13,-8.30981630614817842e-11,7.52176399304204178e-11,1.01744447521443922e-10,1.20871475087796508e-10,19,2,1,5.76460752303767552e+17
50,2,202,-6.87315452077690925e-22,-5.78717462745415694e-12,-5.78518272974674015e-12,-7.96446265101203676e-22,2.41095180357639496e-11,-9.41689075963589310e-11,1.18278425632122887e-10,9.41689075955624853e-11,6.93936836800980435e-11,-9.29353464773494305e-22,7.00381363627016697e-23,-1.21244208007130388e-22,-2.14372288899999754e-23,-9.18441901291070203e-12,-4.02464175181090789e-12,-2.08586712577701242e-12,-1.02723375005680869e-12,-9.18441901198134846e-12,-4.02464175188094601e-12,-2.08586712565576826e-12,-1.02723375003537146e-12,-9.41689075963589310e-11,-4.70056409225942592e-11,-2.72208870189407678e-11,-2.47752239162608875e-11,19,2,1,5.76460752303767552e+17
50,3,203,-5.37897371808574074e-22,-9.11921920296984975e-12,-9.11941269653407139e-12,-6.23672761988412943e-22,4.41472577501758851e-11,7.62647238628369788e-11,3.21174661126610937e-11,7.62647238634606471e-11,1.58644445075313329e-10,-7.27247144935996042e-22,5.49611028808358949e-23,-9.49737211654529849e-23,-1.67607291669981095e-23,-1.44682656371492920e-11,-6.16944377198685989e-12,-3.06699178733933053e-12,-1.47490863722322796e-12,-1.44682656364220451e-11,-6.16944377204182136e-12,-3.06699178724435662e-12,-1.47490863720646725e-12,7.62647238628369788e-11,2.01068954696240055e-11,1.78751340544937335e-10,1.54478550727379561e-10,19,2,1,5.76460752303767552e+17
51,0,204,-4.20967540707321260e-22,-3.24588115472886126e-12,-3.24606344982039313e-12,-4.88482288998332071e-22,2.02810636155481780e-10,-1.74355915350733556e-10,3.77166551506215336e-10,1.74355915350245080e-10,4.37803319526313038e-10,-5.69114877082523341e-22,4.30905734563045077e-23,-7.43936429359324508e-23,-1.31087389017794435e-23,-4.80952885147947972e-12,-6.05239035820481462e-13,-2.03208111875332447e-13,-7.90017340922414122e-16,-4.80952885091036492e-12,-6.05239035863571998e-13,-2.03208111800938800e-13,-7.90017327813675210e-16,-1.74355915350733556e-10,2.63447404175579508e-10,9.62300766015419542e-11,2.24551994535102302e-10,19,2,1,5.76460752303767552e+17
51,1,205,-3.29468158787811050e-22,-1.10576850335434128e-11,-1.10581052241038493e-11,-3.82681812541199080e-22,7.67034638888310619e-11,-6.08794022526602546e-11,1.37582866141491304e-10,6.08794022522775673e-11,8.97930017006099085e-11,-4.45394048742778993e-22,3.37544236683239911e-23,-5.82727642835859146e-23,-1.02560821649374242e-23,-1.74597531239895496e-11,-7.15751520252581583e-12,-3.58893727581160423e-12,-1.73792112020881073e-12,-1.74597531235441548e-11,-7.15751520255957029e-12,-3.58893727575333161e-12,-1.73792112019855458e-12,-6.08794022526602546e-11,-1.10293564642440761e-10,-6.63991430109411966e-11,-2.05005629418308520e-11,19,2,1,5.76460752303767552e+17
51,2,206,-2.57871520203348129e-22,-1.15105788982313947e-11,-1.15122617816836649e-11,-2.99866613892210557e-22,1.43225528680910714e-10,5.02423437793637646e-11,9.29831849015469425e-11,5.02423437796636305e-11,3.68917911781683398e-10,-3.48597906204630903e-22,2.64190721729361499e-23,-4.56457311616270779e-23,-8.02716285256811978e-24,-1.80139756456873617e-11,-6.64463500817318442e-12,-3.24332460396580778e-12,-1.50912015397336452e-12,-1.80139756453387632e-11,-6.64463500819960330e-12,-3.24332460392016219e-12,-1.50912015396533727e-12,5.02423437793637646e-11,3.00521722694471592e-11,-3.74879794355355446e-12,3.65169113838129837e-10,19,2,1,5.76460752303767552e+17
51,3,207,-2.01849394481091814e-22,-6.32306342076164516e-12,-6.32320363887136331e-12,-2.35029919371186420e-22,1.42153994074316116e-10,-4.13392802343732779e-12,1.46287922097753435e-10,4.13392802320229783e-12,4.07218464619395850e-10,-2.72866295804876180e-22,2.06614559624420840e-23,-3.57558066275988524e-23,-6.28504865856280206e-24,-9.48224576319965211e-12,-1.80255874833679468e-12,-8.15684986243266540e-13,-2.75566513391939517e-13,-9.48224576292678591e-12,-1.80255874835745622e-12,-8.15684986207510770e-13,-2.75566513385654479e-13,-4.13392802343732779e-12,-2.52467285206462844e-10,-1.85670188040052488e-11,1.54751179412933005e-10,19,2,1,5.76460752303767552e+17
52,0,208,-1.58013520990634180e-22,-4.95836040323876765e-12,-4.95982262336324066e-12,-1.84257630945539895e-22,1.33171029376406841e-10,2.35536608892078207e-10,1.02365579515671365e-10,2.35536608892262461e-10,2.03073982994916053e-10,-2.13613210052210400e-22,1.61465596722010454e-23,-2.80099091679608378e-23,-4.92295321685032315e-24,-7.30213589124567967e-12,-9.65925880821126997e-13,-5.30079227675696997e-13,-1.76697308414400194e-13,-7.30213589103206674e-12,-9.65925880837273579e-13,-5.30079227647687058e-13,-1.76697308409477248e-13,2.35536608892078207e-10,4.01413702159956107e-11,4.37317062945332990e-11,3.24626258971621475e-11,19,2,1,5.76460752303767552e+17
52,1,209,-1.23712008728199089e-22,7.95641954535369609e-12,7.95526628525618430e-12,-1.44489658817911274e-22,1.24166247782431803e-10,1.33624168885488175e-11,1.10803830893882979e-10,1.33624168886933075e-11,1.30194317713400287e-10,-1.67250396939458604e-22,1.26094212918079861e-23,-2.19433063507770754e-23,-3.85759190018976106e-24,1.35081167992036777e-11,9.09793679762650467e-12,4.41188522649475754e-12,2.26878402687070112e-12,1.35081167993709281e-11,9.09793679761389501e-12,4.41188522651670044e-12,2.26878402687455874e-12,1.33624168885488175e-11,-4.14114351268702839e-11,-1.16831900824851463e-10,-2.23166510942079514e-11,19,2,1,5.76460752303767552e+17
52,2,210,-9.68696637259253003e-23,6.96694938386431337e-12,6.96641469073226224e-12,-1.13333360493033427e-22,9.99173120393234571e-11,1.81379349725377068e-10,8.14620376860536113e-11,1.81379349725490392e-10,2.85550936644441147e-10,-1.30970704798498457e-22,9.84074159163928453e-24,-1.71918995605218210e-23,-3.02400069976586207e-24,1.15226723903206725e-11,6.31040097155747786e-12,2.75213890763620082e-12,1.31716234767565192e-12,1.15226723904516433e-11,6.31040097154763732e-12,2.75213890765339269e-12,1.31716234767867590e-12,1.81379349725377068e-10,1.75899963148136021e-10,-9.53812755988987099e-11,1.90169661045542425e-10,19,2,1,5.76460752303767552e+17
52,3,211,-7.58628157057476880e-23,1.44311050365442258e-11,1.44299973472723871e-11,-8.89177328492336501e-23,1.07350890933118286e-10,-6.23224848169974605e-11,1.69673375750115746e-10,6.23224848169085386e-11,4.48840971817482640e-10,-1.02578316967030417e-22,7.67539112888699054e-24,-1.34704746360380625e-23,-2.37149702397887972e-24,2.33115041767856484e-11,1.11352413646163066e-11,5.14735519576346974e-12,2.49518349167656282e-12,2.33115041768882253e-11,1.11352413646086309e-11,5.14735519577694050e-12,2.49518349167893450e-12,-6.23224848169974605e-11,4.19816141713074064e-11,2.19062641505005587e-10,3.86518487000485179e-10,19,2,1,5.76460752303767552e+17
53,0,212,-5.94212263760068457e-23,8.10404681503655678e-12,8.10169878627644499e-12,-6.97794686014427659e-23,6.16456231268538743e-11,5.40624191623796635e-11,7.58320396447421083e-12,5.40624191624494439e-11,2.36103442188840888e-10,-8.03557755538896292e-23,5.98324402386304582e-24,-1.05556394276826944e-23,-1.86053136331894467e-24,1.26893035310951753e-11,4.22233083816571593e-12,1.62426004503257829e-12,6.69560921129527761e-13,1.26893035311755314e-11,4.22233083815973260e-12,1.62426004504313393e-12,6.69560921131388311e-13,5.40624191623796635e-11,1.71672373800179945e-10,2.28847759954542253e-10,-7.25568223429863505e-12,19,2,1,5.76460752303767552e+17
53,1,213,-4.65512468631978309e-23,8.87213018883478495e-12,8.87287485350010441e-12,-5.47739211104859347e-23,1.01657528414702304e-10,1.55011691449637897e-10,5.33541630349355929e-11,1.55011691449692672e-10,1.58655472568270000e-10,-6.29598563650068973e-23,4.66187760420268032e-24,-8.27244214631259453e-24,-1.46023369390893481e-24,1.37990785424321567e-11,4.49667216259506933e-12,1.95287442369763974e-12,8.80241724527945311e-13,1.37990785424951161e-11,4.49667216259040755e-12,1.95287442370591235e-12,8.80241724529405499e-13,1.55011691449637897e-10,1.35174940998832214e-10,1.86292340971180418e-10,2.76368684029104183e-11,19,2,1,5.76460752303767552e+17
53,2,214,-3.64756405740200173e-23,1.44422258507700159e-11,1.44404649495533088e-11,-4.30055359204283005e-23,8.64627714455917994e-11,3.75004742006014852e-11,4.89622972449903142e-11,3.75004742006444921e-11,5.61976366059204254e-10,-4.93400600633076264e-23,3.63076621590997457e-24,-6.48387934178708036e-24,-1.14650148918266361e-24,2.26960056395297896e-11,8.68542326685041449e-12,4.17516117140788946e-12,2.00207088201165813e-12,2.26960056395791296e-11,8.68542326684678427e-12,4.17516117141437361e-12,2.00207088201280479e-12,3.75004742006014852e-11,4.04743067432008396e-10,-1.57233298627195831e-10,-8.70409700966933763e-11,19,2,1,5.76460752303767552e+17
53,3,215,-2.85864710706706596e-23,1.29289850105309864e-11,1.29291140553215194e-11,-3.37734935715055500e-23,6.85701356608632802e-11,2.50674101155236037e-10,1.82103965494372769e-10,2.50674101155269796e-10,3.10933740650602205e-10,-3.86748248219429515e-23,2.82666983265980797e-24,-5.08267163341208723e-24,-9.00509842676615438e-25,2.00359958578575985e-11,6.52181617779032616e-12,3.09129602371148736e-12,1.41095101843054000e-12,2.00359958578962725e-11,6.52181617778749970e-12,3.09129602371657000e-12,1.41095101843144049e-12,2.50674101155236037e-10,4.96312250029140510e-11,9.98585539798823830e-11,-6.02596394953661690e-11,19,2,1,5.76460752303767552e+17
54,0,216,-2.24082283214559512e-23,2.22623257844194337e-11,2.22618311534727027e-11,-2.65292368578951381e-23,5.30519748169527982e-11,-2.78981034330304390e-11,8.09500782499832307e-11,2.78981034330039111e-11,3.90924647575297014e-10,-3.03216197709065773e-23,2.19997668644086996e-24,-3.98481856958582835e-24,-7.07550495465129859e-25,3.50015904042995773e-11,1.36454770156366725e-11,6.73976046161575707e-12,3.23235372153072917e-12,3.50015904043298987e-11,1.36454770156344721e-11,6.73976046161974191e-12,3.23235372153143680e-12,-2.78981034330304390e-11,4.50086098340877514e-11,8.71890130251240379e-11,3.63026544142266594e-10,19,2,1,5.76460752303767552e+17
54,1,217,-1.75689752521697522e-23,1.56934806681587994e-11,1.56932522467147727e-11,-2.08432823784381514e-23,-5.56079110368688536e-11,5.01867092056708604e-10,5.57475003093577406e-10,5.01867092056729490e-10,8.63194644009159538e-10,-2.37779070487690767e-23,1.71180654683416583e-24,-3.12454884253200742e-24,-5.56127098861151871e-25,2.40609349777041922e-11,6.81730634079368786e-12,3.23648802299223004e-12,1.39359131030904561e-12,2.40609349777279704e-11,6.81730634079197615e-12,3.23648802299535459e-12,1.39359131030960178e-12,5.01867092056708604e-10,2.40422765043572354e-10,-3.61327551952450986e-10,8.22454800089427290e-12,19,2,1,5.76460752303767552e+17
54,2,218,-1.37777748796041467e-23,3.67502746284812301e-11,3.67506389242415097e-11,-1.63792846505057737e-23,-1.15615555355336852e-11,-1.31304796747134918e-10,1.19743241211601223e-10,1.31304796747118529e-10,4.50581351791567147e-10,-1.86506111416420557e-23,1.33171957859624025e-24,-2.45036454675503164e-24,-4.37250075847889347e-25,5.80186250557472023e-11,2.37015945265023748e-11,1.18409517272730589e-11,5.72985923985656562e-12,5.80186250557658527e-11,2.37015945265010436e-11,1.18409517272755098e-11,5.72985923985700263e-12,-1.31304796747134918e-10,3.76252894543794011e-11,9.30227858837313620e-11,3.19276555044432230e-10,19,2,1,5.76460752303767552e+17
54,3,219,-1.08070341098849113e-23,2.17378137285211152e-11,2.17366115640288583e-11,-1.28737655240123526e-23,-1.12856417427368736e-10,1.66379855260706364e-11,1.29494402953439372e-10,1.66379855260835094e-11,5.02014498658130957e-10,-1.46322452277350410e-23,1.03590661170201369e-24,-1.92194299893447907e-24,-3.43886954094182592e-25,3.31651538624873763e-11,8.67441825898524325e-12,4.05372331689933274e-12,1.65504183982726683e-12,3.31651538625020071e-11,8.67441825898420766e-12,4.05372331690125448e-12,1.65504183982761075e-12,1.66379855260706364e-11,7.91398368511728892e-11,-4.22874661806958042e-10,-8.73520210647914913e-11,19,2,1,5.76460752303767552e+17
55,0,220,-8.47869536021092648e-24,1.72829709233334887e-11,1.72819528908390849e-11,-1.01202690595191067e-23,6.33809903000177180e-11,3.75849336383924176e-11,2.57960566616253005e-11,3.75849336384025376e-11,1.05542598257384891e-10,-1.14822452769540567e-23,8.05761556447558567e-25,-1.50771058199241368e-24,-2.70533798646715065e-25,2.59039030837953768e-11,5.14908954304238269e-12,2.58184352863095277e-12,1.00469242285354105e-12,2.59039030838068604e-11,5.14908954304157732e-12,2.58184352863246051e-12,1.00469242285381166e-12,3.75849336383924176e-11,5.23143468067485661e-11,1.52826333383111796e-11,-5.32282514506363252e-11,19,2,1,5.76460752303767552e+17
55,1,221,-6.65343873393969629e-24,1.48561117160900705e-11,1.48555493486842712e-11,-7.95697352810102133e-24,1.01494343172903582e-10,1.60972986882349856e-10,5.94786437094462734e-11,1.60972986882357817e-10,7.34492657112678379e-10,-9.01237719965264433e-24,6.26756724931733606e-25,-1.18294309421591679e-24,-2.12880976350513374e-25,2.20695320748474562e-11,3.86449369233260556e-12,2.19671269994002070e-12,8.81115635780049463e-13,2.20695320748564680e-11,3.86449369233197871e-12,2.19671269994120372e-12,8.81115635780262317e-13,1.60972986882349856e-10,-4.25840394046777407e-11,-4.79737770028662876e-10,2.54754887084015503e-10,19,2,1,5.76460752303767552e+17
55,2,222,-5.22223912259771162e-24,1.91035461665064997e-11,1.91042791825778014e-11,-6.25700429278601255e-24,8.65396319020946830e-11,8.46142189066385718e-12,7.80782100114308258e-11,8.46142189067011435e-12,4.34509920537296549e-10,-7.07532892800344802e-24,4.87557906159215421e-25,-9.28278506790683927e-25,-1.67552408737830471e-25,2.90770615398647658e-11,8.09510134433419497e-12,4.47089764570550820e-12,2.05487555657772698e-12,2.90770615398718420e-11,8.09510134433370706e-12,4.47089764570643635e-12,2.05487555657789460e-12,8.46142189066385718e-12,-3.09850916402639321e-11,-1.96622736671520283e-10,-4.26048498646632666e-10,19,2,1,5.76460752303767552e+17
55,3,223,-4.09976502123421215e-24,1.48827571353194649e-11,1.48835836870533556e-11,-4.92085699853397492e-24,6.30856350994829630e-11,4.38943624929733802e-10,3.75857989830250827e-10,4.38943624929738714e-10,1.02218253189983946e-09,-5.55579253909262582e-24,3.79328940469557478e-25,-7.28552696749204542e-25,-1.31902084792081265e-25,2.22600061675024741e-11,4.65752657152289973e-12,2.72012470220621087e-12,1.14231511235055489e-12,2.22600061675080285e-11,4.65752657152252007e-12,2.72012470220693950e-12,1.14231511235068676e-12,4.38943624929733802e-10,-3.46217680399028282e-10,-1.63760913843021705e-10,-5.83238906970105605e-10,19,2,1,5.76460752303767552e+17
56,0,224,-3.21921744812134477e-24,3.29158834722736681e-11,3.29164985744670502e-11,-3.87046987302932022e-24,-1.03121969024453315e-10,2.99704287862115509e-10,4.02826256886568824e-10,2.99704287862119386e-10,5.81005930932774052e-10,-4.36349287279184364e-24,2.95185864727619094e-25,-5.71888073813572670e-25,-1.03855198262270756e-25,5.15152965607023157e-11,1.97750702395821750e-11,1.03361645067191389e-11,4.97037527339447330e-12,5.15152965607066777e-11,1.97750702395818809e-11,1.03361645067197108e-11,4.97037527339457750e-12,2.99704287862115509e-10,3.00634912971127738e-10,1.75166251269004527e-10,-2.80371017961646313e-10,19,2,1,5.76460752303767552e+17
56,1,225,-2.52829478366256374e-24,4.00421397762705138e-11,4.00417243752007036e-11,-3.04458496061626208e-24,-1.48873958680043892e-10,4.39166293960495289e-11,1.92790588076093421e-10,4.39166293960525726e-11,5.41910501696931969e-10,-3.42773758907426344e-24,2.29768952304386004e-25,-4.48980197727219809e-25,-8.17840715080030602e-26,6.26493621718414779e-11,2.34796243197685331e-11,1.18600237054946126e-11,5.56977560198837539e-12,6.26493621718449029e-11,2.34796243197683037e-11,1.18600237054950617e-11,5.56977560198845698e-12,4.39166293960495289e-11,-4.97993872300882414e-10,-2.98996926526555310e-11,-6.58367188292589372e-11,19,2,1,5.76460752303767552e+17
56,2,226,-1.98603779832006201e-24,3.28253024214312614e-11,3.28268487263192696e-11,-2.39511698369709421e-24,-2.17258260962562767e-10,1.25732192738762256e-10,3.42990453701325024e-10,1.25732192738764660e-10,9.16313214687743314e-10,-2.69315634479841951e-24,1.78907556732412022e-25,-3.52539383470777160e-25,-6.44112051489878104e-26,5.04992410609913044e-11,1.53019430270221862e-11,7.57085109263632795e-12,3.31383543194891464e-12,5.04992410609939992e-11,1.53019430270220085e-11,7.57085109263668015e-12,3.31383543194897886e-12,1.25732192738762256e-10,-3.13736006065585783e-10,1.70905226926933429e-10,-7.45407987760809833e-10,19,2,1,5.76460752303767552e+17
56,3,227,-1.56036272141273151e-24,3.11704934871808892e-11,3.11703502219617382e-11,-1.88431010237203410e-24,-2.10542360489025866e-10,-4.61689343372277106e-10,2.51146982883251240e-10,4.61689343372275245e-10,9.77909317328020152e-10,-2.11636932241203644e-24,1.39357913461830787e-25,-2.76853619952569615e-25,-5.07334873192605537e-26,4.76421844251764930e-11,1.33638979804341906e-11,6.76218558272632671e-12,2.95222094513890295e-12,4.76421844251786062e-11,1.33638979804340516e-11,6.76218558272660379e-12,2.95222094513895384e-12,-4.61689343372277106e-10,5.16219973955743097e-10,-4.35626433946390239e-10,-3.07796088105457854e-10,19,2,1,5.76460752303767552e+17
57,0,228,-1.22613212892217690e-24,7.74961262599970496e-13,7.73900849340217691e-13,-1.48251091606553541e-24,-3.56427732685564228e-10,-2.98828839765757126e-10,5.75988929198071023e-11,2.98828839765755627e-10,4.74460425286645756e-10,-1.66338208724948248e-24,1.08598225982611203e-25,-2.17446437322470119e-25,-3.99629150703143695e-26,-1.56366284522036165e-12,-1.13565011944910803e-11,-5.42817667811564292e-12,-3.10747085302399781e-12,-1.56366284521869820e-12,-1.13565011944911886e-11,-5.42817667811542563e-12,-3.10747085302395782e-12,-2.98828839765757126e-10,-1.66001311626445316e-10,-5.35224713377863097e-10,-6.07642880912173928e-11,19,2,1,5.76460752303767552e+17
57,1,229,-9.63646224382750565e-25,-1.47655574866335842e-11,-1.47650462818783609e-11,-1.16642358263186409e-24,-2.58770169996751309e-10,-1.71939849092803758e-11,2.41576185087470908e-10,1.71939849092792093e-11,8.02776216267509414e-10,-1.30754811802626134e-24,8.46686751486801243e-26,-1.70809084254062369e-25,-3.14802067817635855e-26,-2.59406645253785172e-11,-1.99230818613101385e-11,-9.04315983061839763e-12,-4.62777619206802064e-12,-2.59406645253772085e-11,-1.99230818613102225e-11,-9.04315983061822638e-12,-4.62777619206798913e-12,-1.71939849092803758e-11,3.39528259933464247e-10,-4.63247956334045167e-10,3.71359579993128909e-11,19,2,1,5.76460752303767552e+17
57,2,230,-7.57462733811653044e-25,-1.27194012150629549e-11,-1.27158206594376172e-11,-9.17742234325845515e-25,-2.53800842187862540e-10,-5.60284712716038179e-10,3.06483870528175639e-10,5.60284712716037248e-10,7.65878747477207348e-10,-1.02797503757756286e-24,6.60466166418972615e-26,-1.34190861235191317e-25,-2.47984832321196476e-26,-2.16466437999197721e-11,-1.34810114256302871e-11,-5.38510432832000957e-12,-2.58475524557370370e-12,-2.16466437999187446e-11,-1.34810114256303534e-11,-5.38510432831987547e-12,-2.58475524557367906e-12,-5.60284712716038179e-10,-3.47155707188261709e-10,2.05594034761169196e-10,-8.81328766207753100e-11,19,2,1,5.76460752303767552e+17
57,3,231,-5.95473687027432727e-25,-3.78031674786067354e-11,-3.78011848800927841e-11,-7.22078752186418847e-25,-2.65372988111132520e-10,4.21473875673166498e-10,6.86846863784299017e-10,4.21473875673167222e-10,8.48200030274036413e-10,-8.08277676470561102e-25,5.15493101482229752e-26,-1.05434967479617401e-25,-1.95348167808321099e-26,-6.14868414672757153e-11,-3.08192503477733382e-11,-1.41344562431326425e-11,-6.94045203974352985e-12,-6.14868414672749011e-11,-3.08192503477733899e-11,-1.41344562431325375e-11,-6.94045203974351046e-12,4.21473875673166498e-10,5.16876342805199216e-13,-4.26726154600869916e-10,-3.25996661913918685e-10,19,2,1,5.76460752303767552e+17
58,0,232,-4.68183031172750427e-25,-8.53129913234364941e-12,-8.53051281823411474e-12,-5.68121830600405247e-25,-2.99613468249476043e-10,-6.37455581585747055e-10,3.37842113336271012e-10,6.37455581585746538e-10,7.60970977021727448e-10,-6.35602282421859702e-25,4.02581665880858913e-26,-8.28499681260617060e-26,-1.53879322303582895e-26,-1.30181558304070615e-11,-1.87186051078338531e-12,5.51862054644848154e-13,6.13310260974397524e-13,-1.30181558304064266e-11,-1.87186051078342570e-12,5.51862054644931054e-13,6.13310260974412872e-13,-6.37455581585747055e-10,4.98977253022633267e-11,3.52200227767307462e-11,-7.11073251719464173e-10,19,2,1,5.76460752303767552e+17
58,1,233,-3.68141271564232645e-25,-3.79887022418998160e-11,-3.79875497232390967e-11,-4.46977222325252805e-25,-2.08499887226103407e-10,-2.52910551164899409e-10,4.44106639387960022e-11,2.52910551164898943e-10,5.58709652442104678e-10,-4.99862736464724503e-25,3.14597960894114778e-26,-6.51091401252077079e-26,-1.21207199558300099e-26,-6.05192675656155159e-11,-2.60870688959635412e-11,-1.23014172243550806e-11,-6.03539172613166626e-12,-6.05192675656150118e-11,-2.60870688959635735e-11,-1.23014172243550159e-11,-6.03539172613165414e-12,-2.52910551164899409e-10,8.77487387270529222e-11,1.55075991536083414e-11,-4.70960913715051781e-10,19,2,1,5.76460752303767552e+17
58,2,234,-2.89502906917825793e-25,-4.18081759284542692e-11,-4.18064527444684023e-11,-3.51649959585877594e-25,-1.53181584591858163e-10,-6.17730934556677022e-10,4.64549349964818885e-10,6.17730934556676712e-10,5.67180203126253812e-10,-3.93142564353468943e-25,2.46001608635134562e-26,-5.11716391655017989e-26,-9.54651559387770365e-27,-6.58936822521122017e-11,-2.55677505510317179e-11,-1.19433765328661802e-11,-5.66059019607470763e-12,-6.58936822521118140e-11,-2.55677505510317437e-11,-1.19433765328661285e-11,-5.66059019607469794e-12,-6.17730934556677022e-10,-4.51776934423936388e-10,-5.05507314304232100e-11,-1.91637458791773188e-10,19,2,1,5.76460752303767552e+17
58,3,235,-2.27679905007026593e-25,-6.26639179245686308e-11,-6.26632632093726574e-11,-2.76637868894827487e-25,-1.19112526895545527e-10,5.21302974624014840e-10,6.40415501519560315e-10,5.21302974624015151e-10,1.13957835614716108e-09,-3.09226630232286741e-25,1.92489408714973882e-26,-4.02207476885630909e-26,-7.51832946534278986e-27,-9.89073460301374761e-11,-3.95172262363350113e-11,-1.90198316292730388e-11,-9.10215036330411462e-12,-9.89073460301371660e-11,-3.95172262363350307e-11,-1.90198316292730000e-11,-9.10215036330410655e-12,5.21302974624014840e-10,-6.18275381523146345e-10,-1.69823253120683556e-10,3.23622545914308198e-10,19,2,1,5.76460752303767552e+17
59,0,236,-1.79070308153509824e-25,-2.23263254402170565e-11,-2.23261816817016548e-11,-2.17612358623910589e-25,2.35231529389582238e-11,-2.27839802378380240e-10,2.51362955317338463e-10,2.27839802378380033e-10,1.77266496056321273e-09,-2.43234288009112834e-25,1.50718516871256764e-26,-3.16154950529327010e-26,-5.92038734819019986e-27,-3.26704292706845973e-11,-2.21541745199672596e-12,-2.40654586380791524e-13,5.04377484401953021e-13,-3.26704292706843517e-11,-2.21541745199674090e-12,-2.40654586380759919e-13,5.04377484401958979e-13,-2.27839802378380240e-10,1.16813189855975382e-09,-6.04533062003458910e-10,1.23299484609703575e-10,19,2,1,5.76460752303767552e+17
59,1,237,-1.40845623220803718e-25,-2.78864971394762681e-11,-2.78855242978073362e-11,-1.71167666859322752e-25,3.73579138813934818e-12,-1.29041833703682421e-09,1.29415412842496365e-09,1.29041833703682400e-09,2.00276140027121707e-09,-1.91331927921504018e-25,1.18091494995687155e-26,-2.48527475401910227e-26,-4.66148339660144038e-27,-4.19271266613230668e-11,-9.00099377414160034e-12,-4.59216631882372884e-12,-1.97863944523924582e-12,-4.19271266613228729e-11,-9.00099377414161165e-12,-4.59216631882370380e-12,-1.97863944523924097e-12,-1.29041833703682421e-09,-1.05411024645083907e-10,6.32912036430896115e-10,7.12343063234392855e-10,19,2,1,5.76460752303767552e+17
59,2,238,-1.10784217551742078e-25,-8.48744704141404157e-11,-8.48753665896730791e-11,-1.34623830874349859e-25,1.01173431585814100e-10,4.28620129089565287e-10,3.27446697503751174e-10,4.28620129089565442e-10,1.78750591906800297e-09,-1.50507669492263218e-25,9.25894652899755699e-27,-1.95374969619177078e-26,-3.66975461241633183e-27,-1.34141077661029867e-10,-5.59165828939525287e-11,-2.83944020797034918e-11,-1.39140292590422924e-11,-1.34141077661029712e-10,-5.59165828939525351e-11,-2.83944020797034724e-11,-1.39140292590422891e-11,4.28620129089565287e-10,1.23402833225481921e-09,-5.53477586813183657e-10,-2.38982029959522415e-10,19,2,1,5.76460752303767552e+17
59,3,239,-8.71407290654538771e-26,-4.40372141017664974e-11,-4.40375642319402611e-11,-1.05871826932813534e-25,2.58763665557992967e-10,-1.61977844097684979e-10,4.20741509655677945e-10,1.61977844097684875e-10,6.15068358775088885e-10,-1.18394712782057700e-25,7.26426406164244545e-27,-1.53595703256566966e-26,-2.88857107508743984e-27,-6.67652922202924810e-11,-1.58750814460358309e-11,-7.49116485481887327e-12,-2.93210361695777130e-12,-6.67652922202923647e-11,-1.58750814460358374e-11,-7.49116485481885711e-12,-2.93210361695776847e-12,-1.61977844097684979e-10,-3.16183077479844966e-10,5.76435917053169971e-11,2.98885281295243920e-10,19,2,1,5.76460752303767552e+17
60,0,240,-6.85436762466575904e-26,-4.12772628345047683e-11,-4.12774329393738293e-11,-8.32518238567101881e-26,2.04682489014848118e-10,-1.85177663850930185e-10,3.89860152865778277e-10,1.85177663850930107e-10,4.71876713583808036e-10,-9.31327982327752274e-26,5.70298790416780577e-27,-1.20753692567834931e-26,-2.27330238310914928e-27,-6.22992444421082470e-11,-1.43853744274862733e-11,-7.39568101494785606e-12,-3.09566359316779088e-12,-6.22992444421081565e-11,-1.43853744274862798e-11,-7.39568101494784475e-12,-3.09566359316778845e-12,-1.85177663850930185e-10,-2.28012118375405262e-10,2.43864595208402748e-10,8.09327807989617604e-11,19,2,1,5.76460752303767552e+17
60,1,241,-5.39151554017631096e-26,-4.02963705024657294e-11,-4.02973629176129035e-11,-6.54574470978523517e-26,1.68774870869298746e-10,2.33892368329765972e-10,6.51174974604672260e-11,2.33892368329766023e-10,9.50457776493496679e-10,-7.32595216038015543e-26,4.48007657679745235e-27,-9.49355005166213884e-27,-1.78877254306690330e-27,-6.08204990605912515e-11,-1.45179398035193321e-11,-7.86824370884521366e-12,-3.42539109209818437e-12,-6.08204990605911740e-11,-1.45179398035193370e-11,-7.86824370884520397e-12,-3.42539109209818275e-12,2.33892368329765972e-10,2.58080842405531406e-10,-2.09346038426047911e-11,9.29523172650891940e-10,19,2,1,5.76460752303767552e+17
60,2,242,-4.24078425056969830e-26,-1.88209101746378844e-11,-1.88213169253653257e-11,-5.14604800267665168e-26,2.10812274199051348e-10,4.76376899542732911e-10,2.65564625343681537e-10,4.76376899542732911e-10,1.35560316062285022e-09,-5.76250451964215113e-26,3.52151726539852291e-27,-7.46379166421281611e-27,-1.40725604440746336e-27,-2.62408050415259667e-11,2.05242599729634248e-12,2.08984304647151009e-13,5.88244161146069426e-13,-2.62408050415259085e-11,2.05242599729633885e-12,2.08984304647158481e-13,5.88244161146070839e-13,4.76376899542732911e-10,-6.51540238394798160e-10,6.47014800804519692e-10,7.04062922228052056e-10,19,2,1,5.76460752303767552e+17
60,3,243,-3.33555565850576284e-26,9.81844781492889145e-12,9.81935418629235725e-12,-4.04516280041969237e-26,1.78506698817392565e-10,-1.00134533923730162e-10,2.78641232741122726e-10,1.00134533923730123e-10,1.00227879764033082e-09,-4.53251495623329300e-26,2.76963729936864177e-27,-5.86798392518359036e-27,-1.10689955609760936e-27,1.93809664133036402e-11,2.17753049702259557e-11,9.60442342790134038e-12,5.09868107975263493e-12,1.93809664133036854e-11,2.17753049702259525e-11,9.60442342790134685e-12,5.09868107975263573e-12,-1.00134533923730162e-10,6.58309840378146636e-10,-9.72985835619090429e-11,9.02144263716600663e-10,19,2,1,5.76460752303767552e+17
61,0,244,-2.62344544151510465e-26,3.36141337846499521e-12,3.36147178237454380e-12,-3.17939105612067064e-26,1.08078300927491052e-10,-1.29243975879631934e-09,1.40051805972381047e-09,1.29243975879631934e-09,1.44904958516675195e-09,-3.56486669412659684e-26,2.17946668600843069e-27,-4.61331306347739050e-27,-8.70478504823074924e-28,7.68555750129828339e-12,1.04090431078133409e-11,3.33597370200282084e-12,1.66775698418218607e-12,7.68555750129831893e-12,1.04090431078133393e-11,3.33597370200282528e-12,1.66775698418218688e-12,-1.29243975879631934e-09,-2.93508385133409028e-10,1.56609826370432499e-10,-5.82610678385634143e-10,19,2,1,5.76460752303767552e+17
61,1,245,-2.06325619650466806e-26,-6.09391876658089721e-11,-6.09401063968201708e-11,-2.49859839657664435e-26,-6.13535011354067505e-11,9.65058330856427036e-11,1.57859334221049441e-10,9.65058330856427294e-11,1.37426168753971096e-09,-2.80361957077273587e-26,1.71591548729211930e-27,-3.62683490326160703e-27,-6.84417246505128755e-28,-9.70288558541457228e-11,-4.48035604914844471e-11,-2.41134653557880638e-11,-1.20571777481976098e-11,-9.70288558541456970e-11,-4.48035604914844471e-11,-2.41134653557880606e-11,-1.20571777481976098e-11,9.65058330856427036e-11,8.48246743333690067e-10,3.26553739616058781e-10,1.47076752062535371e-09,19,2,1,5.76460752303767552e+17
61,2,246,-1.62258452474186210e-26,-4.22467051394758092e-11,-4.22475157809816024e-11,-1.96332745899598027e-26,1.76316165771407256e-10,1.07727025123573672e-09,9.00954085464329436e-10,1.07727025123573672e-09,1.46259858782757206e-09,-2.20476663878416452e-26,1.35158286391865509e-27,-2.85121480115446604e-27,-5.38016795532790870e-28,-6.57245944074522604e-11,-2.32015529394237183e-11,-1.18309483266262468e-11,-5.30470080242454378e-12,-6.57245944074522346e-11,-2.32015529394237183e-11,-1.18309483266262436e-11,-5.30470080242454298e-12,1.07727025123573672e-09,1.23863467364198195e-09,1.34567635592634741e-09,-1.16922231901224648e-10,19,2,1,5.76460752303767552e+17
61,3,247,-1.27594122705187205e-26,2.10636216511753182e-11,2.10608631368548353e-11,-1.54252572119878331e-26,1.17873129193362560e-10,9.23198770158508255e-10,8.05325640965145721e-10,9.23198770158508255e-10,2.33685664912284889e-09,-1.73368551373292737e-26,1.06505579518910751e-27,-2.24138282284835056e-27,-4.22846043273982709e-28,3.70037878903394164e-11,2.98901268713963774e-11,1.48730441396621849e-11,8.05090449674991945e-12,3.70037878903394358e-11,2.98901268713963774e-11,1.48730441396621881e-11,8.05090449674991945e-12,9.23198770158508255e-10,-1.71184929383554363e-10,2.16567171973929442e-09,8.12177837706447339e-10,19,2,1,5.76460752303767552e+17
62,0,248,-1.00327422723740582e-26,6.26556262344544332e-11,6.26543853924961306e-11,-1.21175685993409832e-26,4.37539211477936233e-10,3.15482415038053136e-10,1.22056796439883097e-10,3.15482415038053136e-10,7.04691635736377810e-10,-1.36313518122209746e-26,8.39587439744642361e-28,-1.76190702837699726e-27,-3.32261792533337755e-28,1.02889839043436750e-10,5.62954303327526275e-11,2.68922029197423574e-11,1.34553209855101688e-11,1.02889839043436763e-10,5.62954303327526275e-11,2.68922029197423606e-11,1.34553209855101688e-11,3.15482415038053136e-10,4.85247015866520489e-10,-2.13643189148461960e-10,-2.19444619869857372e-10,19,2,1,5.76460752303767552e+17
62,1,249,-7.88807679254717342e-27,6.45519025097197945e-11,6.45516816857870314e-11,-9.51792648083040727e-27,1.45537379497780201e-11,-1.58182674545907199e-11,3.03720054043687368e-11,1.58182674545907102e-11,1.10754854094723086e-09,-1.07168117975668076e-26,6.62069883961146472e-28,-1.38493031679701074e-27,-2.61030314811435804e-28,1.03822911740938920e-10,4.73692294508066172e-11,2.14037629469667264e-11,1.01521442343841585e-11,1.03822911740938933e-10,4.73692294508066172e-11,2.14037629469667264e-11,1.01521442343841585e-11,-1.58182674545907199e-11,-2.07640495482229341e-10,8.99908045465001468e-10,2.96670417275663829e-10,19,2,1,5.76460752303767552e+17
62,2,250,-6.20129381604528577e-27,4.91651632710938887e-11,4.91645100825293483e-11,-7.47504381057549558e-27,1.28345136822385742e-10,-1.31170806780952782e-09,1.44005320463191364e-09,1.31170806780952782e-09,2.52255288285632140e-09,-8.42457302199764090e-27,5.22235232730883108e-28,-1.08854963712977258e-27,-2.05028937895026520e-28,7.72765734131733001e-11,2.76714255181359305e-11,1.15668057117144975e-11,5.08794809298790196e-12,7.72765734131733130e-11,2.76714255181359305e-11,1.15668057117144991e-11,5.08794809298790196e-12,-1.31170806780952782e-09,1.21084481504679358e-09,3.91386925798330912e-10,-7.27823045783792812e-11,19,2,1,5.76460752303767552e+17
62,3,251,-4.87473246588657042e-27,-2.72661995085037140e-11,-2.72676679452914031e-11,-5.86990096768571880e-27,4.07786868823266868e-11,-3.14048214680270887e-10,3.54826901562597580e-10,3.14048214680270887e-10,2.06754900609650894e-09,-6.62191726206586980e-27,4.12033878706076380e-28,-8.55542507435955564e-28,-1.61010732970977151e-28,-4.70837985258265814e-11,-3.68215736880044811e-11,-1.99152014310036113e-11,-1.05130749555137313e-11,-4.70837985258265749e-11,-3.68215736880044811e-11,-1.99152014310036113e-11,-1.05130749555137313e-11,-3.14048214680270887e-10,-9.35373551362204074e-10,1.13217545473430507e-09,-4.92978712657004351e-11,19,2,1,5.76460752303767552e+17
63,0,252,-3.83155032277448484e-27,-3.73528198680503248e-11,-3.73525721244401698e-11,-4.60887433776169010e-27,4.49392250684516131e-10,6.24591353714789577e-10,1.75199103030273446e-10,6.24591353714789577e-10,2.49342773127082876e-09,-5.20440979580579788e-27,3.25150311469839328e-28,-6.72366265760798676e-28,-1.26418959576945263e-28,-6.19699180080571639e-11,-3.64413208546227737e-11,-1.76811799810831613e-11,-8.64060957807056474e-12,-6.19699180080571639e-11,-3.64413208546227737e-11,-1.76811799810831613e-11,-8.64060957807056474e-12,6.24591353714789577e-10,-1.86883637755603939e-09,-3.18830607442483952e-10,3.35271685728315862e-10,19,2,1,5.76460752303767552e+17
63,1,253,-3.01128528798453824e-27,1.61477534212285480e-12,1.61615323443971465e-12,-3.61832651672869323e-27,2.95501937322971159e-10,-6.38455342730114791e-10,9.33957280053086001e-10,6.38455342730114791e-10,2.27271333230345631e-09,-4.08987297508352235e-27,2.56625752133665109e-28,-5.28371531964569816e-28,-9.92407519594211840e-29,2.43366166301218808e-12,2.24118106898596817e-12,2.55511784130561413e-12,1.76479538129946390e-12,2.43366166301219212e-12,2.24118106898596777e-12,2.55511784130561453e-12,1.76479538129946390e-12,-6.38455342730114791e-10,-4.34208902876308154e-10,9.43005717118057658e-10,1.63425798957334173e-09,19,2,1,5.76460752303767552e+17
63,2,254,-2.36636435410655788e-27,-3.03556133981958869e-11,-3.03560220820385874e-11,-2.84034738308623573e-27,3.14993847301166244e-10,-7.47561928046509448e-10,1.06255577534767559e-09,7.47561928046509448e-10,1.50949902260511144e-09,-3.21364460322773819e-27,2.02563807618046529e-28,-4.15183947835924859e-28,-7.78917553448141205e-29,-4.91448965355215301e-11,-2.39825865949664036e-11,-1.11863412666872800e-11,-5.43762564138662688e-12,-4.91448965355215301e-11,-2.39825865949664036e-11,-1.11863412666872800e-11,-5.43762564138662688e-12,-7.47561928046509448e-10,1.89820964695203362e-10,7.61937094558601993e-10,1.24013564250047842e-10,19,2,1,5.76460752303767552e+17
63,3,255,-1.85935691102359539e-27,-6.05639725503153007e-11,-6.05632075176868685e-11,-2.22940138082094363e-27,3.99252663663816251e-10,1.55289904924390211e-09,1.15364638558008581e-09,1.55289904924390211e-09,2.47684965431317663e-09,-2.52484680036142682e-27,1.59900687148053683e-28,-3.26218135391960686e-28,-6.11251734957767876e-29,-9.71078866768935750e-11,-4.44245716556626985e-11,-2.11993479645469810e-11,-1.02938519144687198e-11,-9.71078866768935750e-11,-4.44245716556626985e-11,-2.11993479645469810e-11,-1.02938519144687198e-11,1.55289904924390211e-09,-3.26850190331120639e-10,-9.23950605069274521e-10,2.62399630960764749e-12,19,2,1,5.76460752303767552e+17
64,0,256,-1.46081357938516071e-27,3.00457523534711999e-11,3.00441505341663483e-11,-1.74968837187657960e-27,-4.07692280011265477e-11,1.29616739195773286e-09,1.33693661995885932e-09,1.29616739195773286e-09,1.58009068396380276e-09,-1.98344975175405830e-27,1.26225663922392471e-28,-2.56295557720145503e-28,-4.79600703740011530e-29,5.07602797996957924e-11,3.54906866998773162e-11,1.91766755173619900e-11,1.01945368209835745e-11,5.07602797996957924e-11,3.54906866998773162e-11,1.91766755173619900e-11,1.01945368209835745e-11,1.29616739195773286e-09,8.24306360955194399e-10,1.46331827139886025e-09,2.40439704491899716e-09,19,2,1,5.76460752303767552e+17
64,1,257,-1.14756560359379104e-27,8.79582042855094498e-11,8.79582198965748090e-11,-1.37306636156249810e-27,4.61497484327189719e-10,-3.40274256827384079e-10,8.01771741154573849e-10,3.40274256827384079e-10,1.84623396606758486e-10,-1.55796083789925691e-27,9.96406707166578875e-29,-2.01344043299617574e-28,-3.76248578040820961e-29,1.43080047748389791e-10,7.45929491752828165e-11,3.69029860329731784e-11,1.82992050102269419e-11,1.43080047748389791e-10,7.45929491752828165e-11,3.69029860329731784e-11,1.82992050102269419e-11,-3.40274256827384079e-10,-2.44264017652366049e-10,-3.11444547265671782e-10,-4.28887414259124536e-10,19,2,1,5.76460752303767552e+17
64,2,258,-9.01386564780578389e-28,5.15971144624496060e-11,5.15984524440504824e-11,-1.07741663503334656e-27,-1.13044885212396850e-11,1.77917373427185024e-09,1.79047822279308984e-09,1.77917373427185024e-09,2.35553084929840804e-09,-1.22360585855513215e-27,7.86504009218132239e-29,-1.58161503795883281e-28,-2.95127598430040632e-29,8.17631297666725452e-11,3.21724119406558594e-11,1.40056084873957256e-11,6.10370675666858893e-12,8.17631297666725452e-11,3.21724119406558594e-11,1.40056084873957256e-11,6.10370675666858893e-12,1.77917373427185024e-09,-4.05363281009147439e-10,-5.76357115026557909e-10,2.46527958943096480e-10,19,2,1,5.76460752303767552e+17
64,3,259,-7.07939168263148688e-28,1.27733281283968398e-10,1.27733460631458398e-10,-8.45357224496579439e-28,2.37496216133382041e-10,2.34560326003309290e-09,2.10810704389971086e-09,2.34560326003309290e-09,3.93822217193023467e-09,-9.60897516888617721e-28,6.20762099255027516e-29,-1.24230119083137292e-28,-2.31467219453993238e-29,2.03777145129004729e-10,8.97963695114301149e-11,4.32852408078295544e-11,2.09117190069644140e-11,2.03777145129004729e-10,8.97963695114301149e-11,4.32852408078295544e-11,2.09117190069644140e-11,2.34560326003309290e-09,-1.59261891189714135e-09,6.05086640933448868e-11,3.93316895560406247e-10,19,2,1,5.76460752303767552e+17
65,0,260,-5.55946354737479118e-28,2.14657291154950605e-10,2.14658556576974612e-10,-6.63230614565863015e-28,-6.79085821270160925e-10,-1.47387496746774621e-10,5.31698324523386304e-10,1.47387496746774621e-10,2.49639326654468025e-09,-7.54508693325490917e-28,4.89886024689213398e-29,-9.75702028157667753e-29,-1.81517674008032829e-29,3.41551514856445236e-10,1.47293918861115739e-10,7.12026456714071928e-11,3.42862724001354044e-11,3.41551514856445236e-10,1.47293918861115739e-10,7.12026456714071928e-11,3.42862724001354044e-11,-1.47387496746774621e-10,3.36454516593998457e-10,-2.15993874995068174e-09,2.48875952552578221e-10,19,2,1,5.76460752303767552e+17
65,1,261,-4.36538947845432279e-28,1.58138857407522357e-10,1.58137064227695003e-10,-5.20307334908027359e-28,-2.68102532625339468e-10,9.10792006351560753e-10,1.17889453897690022e-09,9.10792006351560753e-10,1.72268420339291681e-09,-5.92385620162108741e-28,3.86542475935605296e-29,-7.66252705058896933e-29,-1.42332251536515289e-29,2.45909604465787870e-10,8.14589479531498949e-11,3.70204472468991033e-11,1.62760836544685722e-11,2.45909604465787870e-10,8.14589479531498949e-11,3.70204472468991033e-11,1.62760836544685722e-11,9.10792006351560753e-10,2.89835219585108187e-10,1.01135485037425655e-10,-8.11892197041355950e-10,19,2,1,5.76460752303767552e+17
65,2,262,-3.42742241514712590e-28,1.65747582534379545e-10,1.65748965300943545e-10,-4.08159487894737980e-28,-4.11005754314832155e-10,6.23312260399552977e-10,1.03431801471438503e-09,6.23312260399552977e-10,4.31969150865221332e-09,-4.65049893501875603e-28,3.04943597450521275e-29,-6.01716455732371591e-29,-1.11595858230214690e-29,2.56434991559744079e-10,8.17495114737289065e-11,3.87239636847060963e-11,1.74374351657004059e-11,2.56434991559744079e-10,8.17495114737289065e-11,3.87239636847060963e-11,1.74374351657004059e-11,6.23312260399552977e-10,-2.95778191016253822e-09,4.46592019921777571e-10,-3.69637924825266014e-09,19,2,1,5.76460752303767552e+17
65,3,263,-2.69071943582807452e-28,1.57091538258966307e-10,1.57090761737175727e-10,-3.20168024820006575e-28,-6.05060398679887882e-10,-1.24407514186802608e-09,6.39014743188138201e-10,1.24407514186802608e-09,2.23280993384422570e-09,-3.65049133573325287e-28,2.40519810515454793e-29,-4.72473636942549652e-29,-8.74900528910271677e-30,2.41038135672878281e-10,7.00238464612129469e-11,3.40769939918447069e-11,1.51851160895605828e-11,2.41038135672878281e-10,7.00238464612129469e-11,3.40769939918447069e-11,1.51851160895605828e-11,-1.24407514186802608e-09,-1.31795863323627401e-09,1.53681910371455959e-10,-2.07912802347276964e-09,19,2,1,5.76460752303767552e+17
66,0,264,-2.11216194461061023e-28,5.76727627548738644e-11,5.76727408193072018e-11,-2.51135276573274527e-28,-6.51807023801157759e-10,-1.86386320558665543e-09,1.21205618178549768e-09,1.86386320558665543e-09,3.73716208182116272e-09,-2.86524659674271096e-28,1.89662409792616254e-29,-3.70962554933551673e-29,-6.85868240505199246e-30,7.96233540519273126e-11,-1.21540772252294670e-11,-5.79546461638729234e-12,-4.65569390649046516e-12,7.96233540519273126e-11,-1.21540772252294670e-11,-5.79546461638729234e-12,-4.65569390649046516e-12,-1.86386320558665543e-09,-3.65648368185778523e-10,1.18999114458495218e-09,-2.54717093723621054e-09,19,2,1,5.76460752303767552e+17
66,1,265,-1.65785337282675587e-28,-5.02905629124319820e-11,-5.02913246357853815e-11,-1.96980303707334870e-28,-1.10550300233613288e-09,7.23683015759045969e-10,1.82918601809517885e-09,7.23683015759045969e-10,2.37975977279629199e-09,-2.24871277812996251e-28,1.49520904570791739e-29,-2.91239676967687647e-29,-5.37650089586224538e-30,-9.27525677075631405e-11,-8.71481963162018575e-11,-4.06170737802085746e-11,-2.11650705831394071e-11,-9.27525677075631405e-11,-8.71481963162018575e-11,-4.06170737802085746e-11,-2.11650705831394071e-11,7.23683015759045969e-10,-1.65607675703724623e-09,2.44616111830932615e-10,2.89708808226700541e-10,19,2,1,5.76460752303767552e+17
66,2,266,-1.30115016690276901e-28,-5.50633960340990416e-12,-5.50730088241709497e-12,-1.54499403277829539e-28,-6.96947002633839470e-10,-1.99036772400553257e-10,4.97910230233286213e-10,1.99036772400553257e-10,2.08167335216079608e-09,-1.76469577085377726e-28,1.17843351913641309e-29,-2.28633747092196123e-29,-4.21445452577038757e-30,-1.58590631940179262e-11,-2.81128489060897783e-11,-8.28125110505729130e-12,-3.82039856722413726e-12,-1.58590631940179262e-11,-2.81128489060897783e-11,-8.28125110505729130e-12,-3.82039856722413726e-12,-1.99036772400553257e-10,-7.60555944102362250e-10,1.32111740805843394e-09,-1.20146430413562558e-10,19,2,1,5.76460752303767552e+17
66,3,267,-1.02111253005259771e-28,-1.54429447620474324e-11,-1.54422015701437445e-11,-1.21177868687695242e-28,-1.02066435556200567e-09,-1.77150345818636891e-09,7.50839102624363242e-10,1.77150345818636891e-09,3.23830418506926832e-09,-1.38475300948389200e-28,9.28504817073014156e-30,-1.79473765192158364e-29,-3.30347641644853203e-30,-2.95904952042243529e-11,-2.67821300587657238e-11,-8.18161710526420081e-12,-3.95776135984381306e-12,-2.95904952042243529e-11,-2.67821300587657238e-11,-8.18161710526420081e-12,-3.95776135984381306e-12,-1.77150345818636891e-09,4.71771314348623372e-10,1.25981555014643302e-09,-1.97848863492283530e-09,19,2,1,5.76460752303767552e+17
67,0,268,-8.01285544132919286e-29,-1.00529408344342269e-10,-1.00529054007444985e-10,-9.50420591143355874e-29,-1.72324093855680991e-09,-8.68139791795926940e-10,8.55101146760882967e-10,8.68139791795926940e-10,2.73682400545542705e-09,-1.08653642324197429e-28,7.31364046485519715e-30,-1.40875065633193552e-29,-2.58937371284062587e-30,-1.65168003606652297e-10,-8.80833590335200741e-11,-3.96292746346327447e-11,-1.97650876574151730e-11,-1.65168003606652297e-10,-8.80833590335200741e-11,-3.96292746346327447e-11,-1.97650876574151730e-11,-8.68139791795926940e-10,-5.03792973188832516e-10,1.58387996824835384e-09,1.86868421365950012e-09,19,2,1,5.76460752303767552e+17
67,1,269,-6.28740314350028154e-29,-1.21465255681756938e-10,-1.21463841015653334e-10,-7.45431663614614100e-29,-9.96651348058610703e-10,-9.84107906688568142e-10,1.25434413700425609e-11,9.84107906688568142e-10,3.06290998986487289e-09,-8.52488959653805764e-29,5.75902487393882189e-30,-1.10571095557809501e-29,-2.02963214769133824e-30,-1.95418814663145407e-10,-8.87416321123760734e-11,-3.93978661309207934e-11,-1.89562705202210834e-11,-1.95418814663145407e-10,-8.87416321123760734e-11,-3.93978661309207934e-11,-1.89562705202210834e-11,-9.84107906688568142e-10,1.42422517035086142e-09,-1.63868481951401127e-09,7.85082512385449668e-10,19,2,1,5.76460752303767552e+17
67,2,270,-4.93319749402920407e-29,-1.42704003934117100e-10,-1.42705126953909473e-10,-5.84659026528042410e-29,-1.02068296934731338e-09,-2.07532154400064007e-09,1.05463857465332669e-09,2.07532154400064007e-09,3.84639799591022514e-09,-6.68819364140758296e-29,4.53342848474211606e-30,-8.67811385415553629e-30,-1.59090502260216153e-30,-2.26529509661540215e-10,-9.23015573386564357e-11,-4.15069833764582629e-11,-1.96537799846862848e-11,-2.26529509661540215e-10,-9.23015573386564357e-11,-4.15069833764582629e-11,-1.96537799846862848e-11,-2.07532154400064007e-09,1.20203653664286289e-09,-2.64436145926736204e-09,-9.17473288183050130e-10,19,2,1,5.76460752303767552e+17
67,3,271,-3.87045375005208986e-29,-2.12547368485318509e-10,-2.12548293192401818e-10,-4.58567781528756050e-29,-8.77322186064874932e-10,-2.47393450280656317e-09,1.59661231674168834e-09,2.47393450280656317e-09,3.17999885022181244e-09,-5.24695921515795627e-29,3.56750525296692819e-30,-6.81063103315230986e-30,-1.24704052401262995e-30,-3.36511095063452639e-10,-1.36941864269822475e-10,-6.45313872791049833e-11,-3.09071983298306932e-11,-3.36511095063452639e-10,-1.36941864269822475e-10,-6.45313872791049833e-11,-3.09071983298306932e-11,-2.47393450280656317e-09,-1.97713776881496105e-09,-2.36038372108567135e-09,7.06064347415249474e-10,19,2,1,5.76460752303767552e+17
68,0,272,-3.03650857483768246e-29,-2.85899478642709809e-10,-2.85897758161133983e-10,-3.59677747390052896e-29,-2.62784573749343246e-10,-2.14666496637450596e-10,4.81180771118926495e-11,2.14666496637450596e-10,4.05897525234540746e-09,-4.11612481811299802e-29,2.80647419149232775e-30,-5.34477903993125282e-30,-9.77532354461511979e-31,-4.51158097811796762e-10,-1.79124176299315490e-10,-8.55558355148749980e-11,-4.07295784409942828e-11,-4.51158097811796762e-10,-1.79124176299315490e-10,-8.55558355148749980e-11,-4.07295784409942828e-11,-2.14666496637450596e-10,1.88567488475190983e-09,3.84430875570795687e-09,1.95889918749464429e-09,19,2,1,5.76460752303767552e+17
68,1,273,-2.38215219656060633e-29,-2.30185898977413161e-10,-2.30187112605253272e-10,-2.82121180642578867e-29,8.08729819478646343e-10,-2.00829364044226492e-09,2.81702345992091116e-09,2.00829364044226492e-09,3.57247244485792077e-09,-3.22890027342146212e-29,2.20706712731519635e-30,-4.19425408492025145e-30,-7.66303141779792225e-31,-3.56337084259434941e-10,-1.12966544989335213e-10,-5.22094598220486009e-11,-2.32031453967049368e-11,-3.56337084259434941e-10,-1.12966544989335213e-10,-5.22094598220486009e-11,-2.32031453967049368e-11,-2.00829364044226492e-09,1.56417880441565586e-09,1.49105072283100563e-09,3.49228605290371551e-11,19,2,1,5.76460752303767552e+17
68,2,274,-1.86874483138518014e-29,-2.74743592306536467e-10,-2.74744097753282991e-10,-2.21295546997931724e-29,5.94897163261070175e-10,1.62149110334230401e-09,1.02659394008123373e-09,1.62149110334230401e-09,4.06306127539375516e-09,-2.53284860435899398e-29,1.73511581561953428e-30,-3.29127773611731156e-30,-6.00749380327250803e-31,-4.26263515501321163e-10,-1.42464709586789715e-10,-6.91772333687772661e-11,-3.19744769398500495e-11,-4.26263515501321163e-10,-1.42464709586789715e-10,-6.91772333687772661e-11,-3.19744769398500495e-11,1.62149110334230401e-09,-6.71320756879199945e-13,9.26483647479694426e-10,4.06238995463687637e-09,19,2,1,5.76460752303767552e+17
68,3,275,-1.46594999962232268e-29,-1.29264657751589508e-10,-1.29263752086052887e-10,-1.73590956719888890e-29,1.07188999924583783e-09,5.19298340032987491e-09,4.12109340108403687e-09,5.19298340032987491e-09,8.53886690577353058e-09,-1.98680650621186467e-29,1.36364420464201486e-30,-2.58262539202974033e-30,-4.70991855504217831e-31,-1.88587619660510046e-10,-1.48538166123854321e-11,-6.36019808531674200e-12,-2.54968590626671696e-13,-1.88587619660510046e-10,-1.48538166123854321e-11,-6.36019808531674200e-12,-2.54968590626671696e-13,5.19298340032987491e-09,-1.08023476861926273e-09,-3.34588350544365566e-09,8.22026058210154168e-10,19,2,1,5.76460752303767552e+17
69,0,276,-1.14995301901209514e-29,1.60933769248076976e-10,1.60934387046433279e-10,-1.36176239576896368e-29,2.47344589987260975e-10,8.01864610523766236e-10,5.54520020536505261e-10,8.01864610523766236e-10,5.90343572859870666e-09,-1.55846429621131770e-29,1.07135996186116243e-30,-2.02650501745910811e-30,-3.69287471151443005e-31,2.78467280541831893e-10,2.06666509814679396e-10,1.00497749428665196e-10,5.19727581632947830e-11,2.78467280541831893e-10,2.06666509814679396e-10,1.00497749428665196e-10,5.19727581632947830e-11,8.01864610523766236e-10,1.42203155296334081e-09,4.19585887908339620e-09,-1.70757684951531025e-09,19,2,1,5.76460752303767552e+17
69,1,277,-9.02061029779308063e-30,1.68305750947274210e-10,1.68307392479597566e-10,-1.06831066354178328e-29,-2.59027615575945707e-10,-7.03802200420974907e-09,6.77899438863380357e-09,7.03802200420974907e-09,7.03275183779897379e-09,-1.22246440523877643e-29,8.41461662816117432e-31,-1.59010436201045832e-30,-2.89567822320960082e-31,2.81178931617194599e-10,1.64714312033560941e-10,7.26778743718253128e-11,3.51479133570886747e-11,2.81178931617194599e-10,1.64714312033560941e-10,7.26778743718253128e-11,3.51479133570886747e-11,-7.03802200420974907e-09,-3.53559619391225851e-09,-5.27016641077569869e-12,-4.63674232763951987e-11,19,2,1,5.76460752303767552e+17
69,2,278,-7.07603004025791248e-30,-2.16076132245150518e-10,-2.16079600833537567e-10,-8.38142223431528391e-30,-4.53803665147849761e-10,1.35720915194339410e-09,1.81101281709124386e-09,1.35720915194339410e-09,3.11915893033768718e-09,-9.58907531552732722e-30,6.60695606197007365e-31,-1.24766369478353340e-30,-2.27077272440021394e-31,-3.47415784609714956e-10,-1.79213422104118715e-10,-1.00531334787151296e-10,-5.21747665261408148e-11,-3.47415784609714956e-10,-1.79213422104118715e-10,-1.00531334787151296e-10,-5.21747665261408148e-11,1.35720915194339410e-09,4.43296520320315059e-09,2.95614936478101048e-09,1.31380627286546341e-09,19,2,1,5.76460752303767552e+17
69,3,279,-5.55065586690711331e-30,-1.00347815166646695e-10,-1.00347476994654893e-10,-6.57602598899909482e-30,7.35230192736837870e-10,4.73600742447042457e-09,4.00077723173358711e-09,4.73600742447042457e-09,8.31610922821017412e-09,-7.52179235742913807e-30,5.18610066930708057e-31,-9.78961623321977927e-31,-1.78089129514859268e-31,-1.55899706531852704e-10,-5.62378518098083120e-11,-3.06254459713082031e-11,-1.36733330221131934e-11,-1.55899706531852704e-10,-5.62378518098083120e-11,-3.06254459713082031e-11,-1.36733330221131934e-11,4.73600742447042457e-09,3.37584093532400740e-09,-3.58010180373974955e-09,-2.76642341639519278e-09,19,2,1,5.76460752303767552e+17
70,0,280,-4.35414306451071331e-30,1.57816788032648907e-10,1.57817888080343251e-10,-5.15984249279788305e-30,5.63510725421500712e-10,-8.20466837292322437e-10,1.38397756271382315e-09,8.20466837292322437e-10,6.79645408744444313e-09,-5.90028377111445024e-30,4.06965726425055956e-31,-7.68125585392579516e-31,-1.39683106308949994e-31,2.62133777109915404e-10,1.57156016316461470e-10,7.72982194084840881e-11,4.03483044710178421e-11,2.62133777109915404e-10,1.57156016316461470e-10,7.72982194084840881e-11,4.03483044710178421e-11,-8.20466837292322437e-10,3.14076614442268066e-09,5.97598725015212028e-09,1.34366326217792802e-09,19,2,1,5.76460752303767552e+17
70,1,281,-3.41560469900792463e-30,8.33062923712671187e-11,8.33079834407094097e-11,-4.04890632519016648e-30,3.24743987682482440e-10,4.90012680550302574e-10,1.65268692867820134e-10,4.90012680550302574e-10,5.90889634783492776e-09,-4.62843445651223023e-30,3.19269647689290632e-31,-6.02697497171806599e-31,-1.09570859025392429e-31,1.35671453841070203e-10,6.55786219125141867e-11,2.72467338583061143e-11,1.28784016380126018e-11,1.35671453841070203e-10,6.55786219125141867e-11,2.72467338583061143e-11,1.28784016380126018e-11,4.90012680550302574e-10,-3.42559971666106336e-09,-3.34772808895718410e-09,2.48329663117386439e-09,19,2,1,5.76460752303767552e+17
70,2,282,-2.67942531249626517e-30,8.90149357665988968e-11,8.90135973964654060e-11,-3.17737423323438611e-30,5.68469494975807786e-10,-1.98258890962172553e-09,2.55105840459753311e-09,1.98258890962172553e-09,5.05454799019990104e-09,-3.63084374288887621e-30,2.50406980416414096e-31,-4.72899903609164684e-31,-8.59592365714750724e-32,1.42130750962595880e-10,5.90452014619666148e-11,2.47140038085559060e-11,1.15521977398011509e-11,1.42130750962595880e-10,5.90452014619666148e-11,2.47140038085559060e-11,1.15521977398011509e-11,-1.98258890962172553e-09,-1.24658382894409439e-09,-4.91148754908484295e-09,-6.30113181914399543e-09,19,2,1,5.76460752303767552e+17
70,3,283,-2.10197401015813601e-30,-2.95007658206733609e-11,-2.94999381306147442e-11,-2.49361337032573040e-30,4.45207377693124657e-10,4.75040845251093969e-09,4.30520107481781545e-09,4.75040845251093969e-09,6.88787866163376135e-09,-2.84836487510542856e-30,1.96349970281680103e-31,-3.71059665947600162e-31,-6.74431024355244678e-32,-5.15493559597116728e-11,-4.47765167103481539e-11,-2.61132940026184556e-11,-1.38670345213892641e-11,-5.15493559597116728e-11,-4.47765167103481539e-11,-2.61132940026184556e-11,-1.38670345213892641e-11,4.75040845251093969e-09,-9.50829506641130762e-10,-5.20881347222241870e-10,5.93704915499263101e-09,19,2,1,5.76460752303767552e+17
71,0,284,-1.64902405394076698e-30,2.11389344300111171e-10,2.11390022448539598e-10,-1.95713365966002638e-30,1.43060562443710766e-10,-6.58868618922208348e-09,6.73174675166579435e-09,6.58868618922208348e-09,1.47678373765232954e-08,-2.23460378207943242e-30,1.53928108776928700e-31,-2.91155414227070105e-31,-5.29213431374334979e-32,3.39335018573054903e-10,1.60578976895229304e-10,7.99156357109398171e-11,4.02446033227821756e-11,3.39335018573054903e-10,1.60578976895229304e-10,7.99156357109398171e-11,4.02446033227821756e-11,-6.58868618922208348e-09,2.03907110398815786e-09,8.17915118730121278e-09,6.95700039718061856e-10,19,2,1,5.76460752303767552e+17
71,1,285,-1.29372736086331670e-30,-1.62560432347769370e-10,-1.62558909639005491e-10,-1.53618226873665279e-30,-1.48033931872088900e-10,1.02451013624172806e-09,1.17254406811381696e-09,1.02451013624172806e-09,4.95690999345579326e-09,-1.75317116716783907e-30,1.20646631832257899e-31,-2.28462221521932815e-31,-4.15310531894995868e-32,-2.69927363613548839e-10,-1.66525556066123771e-10,-8.66369585533290542e-11,-4.49424610363353698e-11,-2.69927363613548839e-10,-1.66525556066123771e-10,-8.66369585533290542e-11,-4.49424610363353698e-11,1.02451013624172806e-09,2.23547260145828958e-09,-1.94492801227606009e-11,4.93746071333303255e-09,19,2,1,5.76460752303767552e+17
71,2,286,-1.01502476935236847e-30,-7.69892919916535042e-11,-7.69868764938986774e-11,-1.20585737696602793e-30,1.20714164452730518e-09,6.34631420929687240e-10,5.72510223597617935e-10,6.34631420929687240e-10,1.10026618056973610e-08,-1.37552609131319567e-30,9.45432439635452702e-32,-1.79272640651096702e-31,-3.25959668916183003e-32,-1.25708935387706827e-10,-6.39588220078173575e-11,-2.88108123874012693e-11,-1.32224172820573606e-11,-1.25708935387706827e-10,-6.39588220078173575e-11,-2.88108123874012693e-11,-1.32224172820573606e-11,6.34631420929687240e-10,3.25874825798071134e-09,9.15778624136503462e-10,-7.74391354771665010e-09,19,2,1,5.76460752303767552e+17
71,3,287,-7.96398465400062202e-31,-2.85259965292242585e-11,-2.85266852845149883e-11,-9.46629188917534098e-31,5.88656211905187185e-10,-1.38654187090830005e-09,1.97519808281348703e-09,1.38654187090830005e-09,7.42069558690436489e-09,-1.07928391638569951e-30,7.40750569431636671e-32,-1.40677712846123263e-31,-2.55860553472659926e-32,-4.48566255653993173e-11,-1.35499441019870505e-11,-3.27284324538521295e-12,-4.58363442674358895e-13,-4.48566255653993173e-11,-1.35499441019870505e-11,-3.27284324538521295e-12,-4.58363442674358895e-13,-1.38654187090830005e-09,-2.45847594310201258e-09,4.96221964380235231e-09,-1.57268859929427353e-09,19,2,1,5.76460752303767552e+17
72,0,288,-6.24893030550714907e-31,-9.04433791961807381e-11,-9.04423734201845964e-11,-7.43180297818970059e-31,3.62858206786803277e-10,6.31362629973374659e-09,5.95076809294694311e-09,6.31362629973374659e-09,1.15286220437837870e-08,-8.46888750355653242e-31,5.80294042131675264e-32,-1.10395070788036968e-31,-2.00858726052059195e-32,-1.44304115607910476e-10,-6.26291761421363418e-11,-2.92409206383590684e-11,-1.40330842084725725e-11,-1.44304115607910476e-10,-6.26291761421363418e-11,-2.92409206383590684e-11,-1.40330842084725725e-11,6.31362629973374659e-09,-1.44027209436729716e-09,-5.21499574405004040e-09,3.44184565469925268e-09,19,2,1,5.76460752303767552e+17
72,1,289,-4.90347350071688761e-31,2.42757789259947382e-10,2.42756938717338601e-10,-5.83496458017942470e-31,-4.83909615960564394e-10,6.34767657898171069e-09,6.83158619494227529e-09,6.34767657898171069e-09,3.40044362767870883e-09,-6.64571971744534515e-31,4.54535162226955609e-32,-8.66340196437493160e-32,-1.57697569655680252e-32,3.96180806649633308e-10,2.15417962754791133e-10,1.09946668034154140e-10,5.58743017755741499e-11,3.96180806649633308e-10,2.15417962754791133e-10,1.09946668034154140e-10,5.58743017755741499e-11,6.34767657898171069e-09,6.60923273780955268e-09,4.49102129575173982e-09,3.20878911013084385e-09,19,2,1,5.76460752303767552e+17
72,2,290,-3.84792018656653674e-31,5.03437553882976476e-10,5.03435487394243076e-10,-4.58153697615812641e-31,-6.33900070662159274e-10,-4.43301920342472193e-10,1.90598150319687081e-10,4.43301920342472193e-10,4.03422575926975065e-09,-5.21535254999684497e-31,3.55990901193170577e-32,-6.79896498366696544e-32,-1.23824030308964004e-32,8.10297744126656059e-10,3.87179037582093958e-10,1.89297462339396862e-10,9.25854607786254886e-11,8.10297744126656059e-10,3.87179037582093958e-10,1.89297462339396862e-10,9.25854607786254886e-11,-4.43301920342472193e-10,2.57234247735852581e-09,1.45568589657459721e-09,3.59092383892727825e-09,19,2,1,5.76460752303767552e+17
72,3,291,-3.01976623976770718e-31,3.67974480461997870e-10,3.67974490271324977e-10,-3.59759370608798166e-31,-1.87063550289959176e-09,-4.21118702014999036e-09,2.34055151725039860e-09,4.21118702014999036e-09,4.82684841846950424e-09,-4.09309752199492424e-31,2.78786171362871407e-32,-5.33597406073689469e-32,-9.72364123897794905e-33,5.78924545150362083e-10,2.16392629276156058e-10,9.76404997792241142e-11,4.35876241779961492e-11,5.78924545150362083e-10,2.16392629276156058e-10,9.76404997792241142e-11,4.35876241779961492e-11,-4.21118702014999036e-09,-6.81270170242770580e-10,-5.50811858871227451e-09,-1.76809605345078215e-09,19,2,1,5.76460752303767552e+17
73,0,292,-2.36998942974214189e-31,7.36541010752062608e-11,7.36540550293513348e-11,-2.82513900770112628e-31,-1.93100813815307766e-09,-7.18382975712750051e-09,5.25282161897442326e-09,7.18382975712750051e-09,8.85661121735193444e-09,-3.21253481861435412e-31,2.18309880018558189e-32,-4.18795533361450964e-32,-7.63651340647412318e-33,9.72421212383539496e-11,-4.43882901689781322e-11,-3.01629545020272955e-11,-1.97602631716388605e-11,9.72421212383539496e-11,-4.43882901689781322e-11,-3.01629545020272955e-11,-1.97602631716388605e-11,-7.18382975712750051e-09,5.88527534594152222e-11,-1.52154624799985952e-09,1.67278146022443331e-09,19,2,1,5.76460752303767552e+17
73,1,293,-1.86014098599326052e-31,-3.03076138163093891e-10,-3.03075345592013471e-10,-2.21867148467765096e-31,-1.53631138552386269e-09,-6.59144437246284090e-09,5.05513298693897842e-09,6.59144437246284090e-09,9.19832453393087916e-09,-2.52157139961694049e-31,1.70944167033605202e-32,-3.28706662742101551e-32,-5.99793018337176409e-33,-5.08243116492103456e-10,-3.24209110932044497e-10,-1.61590108485629768e-10,-8.23943615757647293e-11,-5.08243116492103456e-10,-3.24209110932044497e-10,-1.61590108485629768e-10,-8.23943615757647293e-11,-6.59144437246284090e-09,2.60688016146803826e-09,-6.34431736098512299e-09,-2.89997571644847162e-09,19,2,1,5.76460752303767552e+17
73,2,294,-1.46006447065442771e-31,-5.65248010289902727e-10,-5.65247921175897238e-10,-1.74248961692805919e-31,-2.80932485349068499e-10,1.20695080618859065e-08,1.23504405472349755e-08,1.20695080618859065e-08,3.17050000489098248e-08,-1.97934959313572092e-31,1.33851344412066423e-32,-2.58008292366686020e-32,-4.71135100280696928e-33,-9.19187322545905341e-10,-4.68403221016836509e-10,-2.23166108351853725e-10,-1.08855470184003053e-10,-9.19187322545905341e-10,-4.68403221016836509e-10,-2.23166108351853725e-10,-1.08855470184003053e-10,1.20695080618859065e-08,-1.56477715758993340e-08,1.60572284730104907e-08,6.25907517046828975e-09,19,2,1,5.76460752303767552e+17
73,3,295,-1.14610673970406278e-31,1.57843351539779756e-10,1.57842485433086101e-10,-1.36857887491915942e-31,1.17754474015619773e-10,-3.29198182842583903e-09,3.40973630244145864e-09,3.29198182842583903e-09,7.35895350510046761e-09,-1.55382276885899846e-31,1.04806311637867694e-32,-2.02524662883792663e-32,-3.70104832145604385e-33,2.66273515036473801e-10,1.96835531810171454e-10,1.16320529391042119e-10,6.42538911626929088e-11,2.66273515036473801e-10,1.96835531810171454e-10,1.16320529391042119e-10,6.42538911626929088e-11,-3.29198182842583903e-09,-4.75985702973084075e-09,2.59909647536962686e-09,1.59497085419027735e-09,19,2,1,5.76460752303767552e+17
74,0,296,-8.99714891168656691e-32,-3.77993062821078878e-11,-3.77989368834562633e-11,-1.07495481713186339e-31,3.79905764757585249e-11,-7.39853384836653013e-09,7.43652442484228896e-09,7.39853384836653013e-09,1.50399465999174545e-08,-1.21985419864098211e-31,8.20647955869060307e-33,-1.58979645112577354e-32,-2.90761291271228655e-33,-5.58947729029922994e-11,-4.16555549447814946e-12,1.61836493965711902e-12,8.57822708372228616e-13,-5.58947729029922994e-11,-4.16555549447814946e-12,1.61836493965711902e-12,8.57822708372228616e-13,-7.39853384836653013e-09,5.98320489999112982e-09,-1.35524830029159081e-09,7.64141275155092273e-09,19,2,1,5.76460752303767552e+17
74,1,297,-7.06335954080775191e-32,-3.94442093592461984e-10,-3.94442178651375252e-10,-8.44363690721849962e-32,3.47938954663585456e-09,-2.11147785687391015e-09,5.59086740350976471e-09,2.11147785687391015e-09,9.59942952916492435e-09,-9.57726224745103640e-32,6.42597995391160310e-33,-1.24802874592267600e-32,-2.28443137116725720e-33,-6.32460188799035105e-10,-2.95882091129377318e-10,-1.46757777349545455e-10,-7.35363522609991222e-11,-6.32460188799035105e-10,-2.95882091129377318e-10,-1.46757777349545455e-10,-7.35363522609991222e-11,-2.11147785687391015e-09,5.27386329727675355e-09,-4.32556623188817080e-09,8.51643051428327410e-10,19,2,1,5.76460752303767552e+17
74,2,298,-5.54554011073056020e-32,-4.09589037319201564e-10,-4.09590005008159362e-10,-6.63263333461093501e-32,4.27916671052243553e-09,-9.17753681564898410e-09,1.34567035261714196e-08,9.17753681564898410e-09,1.99875829471788098e-08,-7.51971193111093353e-32,5.03202548194440448e-33,-9.79776637287911879e-33,-1.79492526222205627e-33,-6.47960131775568273e-10,-2.62841393443953951e-10,-1.25060913062071229e-10,-5.93631295596322285e-11,-6.47960131775568273e-10,-2.62841393443953951e-10,-1.25060913062071229e-10,-5.93631295596322285e-11,-9.17753681564898410e-09,1.08100461315298257e-08,6.19152086582798397e-09,5.59044875689849676e-10,19,2,1,5.76460752303767552e+17
74,3,299,-4.35413525822500652e-32,-7.69152427301606194e-10,-7.69153695984218676e-10,-5.21023855685595517e-32,4.53235283188866588e-09,2.67026819919085603e-09,1.86208463269780986e-09,2.67026819919085603e-09,6.56232923565573216e-09,-5.90454705331319129e-32,3.94071397706054040e-33,-7.69216910049611857e-33,-1.41038699436351252e-33,-1.22176155160584419e-09,-5.20939268362794002e-10,-2.53543003151687340e-10,-1.22454155909214417e-10,-1.22176155160584419e-09,-5.20939268362794002e-10,-2.53543003151687340e-10,-1.22454155909214417e-10,2.67026819919085603e-09,2.65116812684836018e-09,3.65903095027996695e-09,9.21349736250409234e-09,19,2,1,5.76460752303767552e+17
75,0,300,-3.41888693547358123e-32,-4.60214469772726196e-10,-4.60215212182423921e-10,-4.09300657034280159e-32,-1.20637900657518364e-09,9.45805587121916115e-09,1.06644348777943448e-08,9.45805587121916115e-09,1.73424688640703873e-08,-4.63656725111748935e-32,3.08633346228561443e-33,-6.03934046247938183e-33,-1.10828323940154905e-33,-7.07722002689962741e-10,-2.01552477127874723e-10,-8.90764350311779701e-11,-3.67144383408851739e-11,-7.07722002689962741e-10,-2.01552477127874723e-10,-8.90764350311779701e-11,-3.67144383408851739e-11,9.45805587121916115e-09,1.08543597432678289e-08,1.02780075247523262e-08,-6.48810912080255922e-09,19,2,1,5.76460752303767552e+17
75,1,301,-2.68467300034336196e-32,1.18667224212000254e-10,1.18664763491611400e-10,-3.21542582869624019e-32,1.82656112810366613e-09,3.61065194246237575e-09,1.78409081435870962e-09,3.61065194246237575e-09,3.18699791569972798e-09,-3.64107827873373157e-32,2.41742732402707958e-33,-4.74185990126727906e-33,-8.70924722012797149e-34,2.30960429590529724e-10,2.71308064434439069e-10,1.40160104873123612e-10,7.59584775254135526e-11,2.30960429590529724e-10,2.71308064434439069e-10,1.40160104873123612e-10,7.59584775254135526e-11,3.61065194246237575e-09,5.79501587267778436e-09,4.59247499537183669e-09,2.60801795697805638e-09,19,2,1,5.76460752303767552e+17
75,2,302,-2.10824374085480275e-32,2.78956097755735060e-10,2.78955901651319912e-10,-2.52606060025423890e-32,3.12322167645792497e-10,-5.21801525486148426e-09,5.53033742250727650e-09,5.21801525486148426e-09,3.09530285933477855e-08,-2.85947100839176953e-32,1.89370779415074755e-33,-3.72328163358668427e-33,-6.84423124599028000e-34,4.76848309856926583e-10,3.25777146326774527e-10,1.52057905169477276e-10,7.59576332431699156e-11,4.76848309856926583e-10,3.25777146326774527e-10,1.52057905169477276e-10,7.59576332431699156e-11,-5.21801525486148426e-09,1.68442037501723511e-08,1.12770387956397786e-08,-1.41088248431754344e-08,19,2,1,5.76460752303767552e+17
75,3,303,-1.65566251797846713e-32,-3.66879772749131212e-11,-3.66887462549202155e-11,-1.98452349706240759e-32,-8.42072559429790591e-11,1.64829736433027207e-08,1.65671808992456991e-08,1.64829736433027207e-08,2.51131614603377466e-08,-2.24575431170920717e-32,1.48363566610149690e-33,-2.92361620087057341e-33,-5.37873023285259582e-34,-4.80482655857896432e-11,-1.91109187493037542e-12,-1.93176080830662588e-11,-1.26864624226606099e-11,-4.80482655857896432e-11,-1.91109187493037542e-12,-1.93176080830662588e-11,-1.26864624226606099e-11,1.64829736433027207e-08,-5.80964636024774805e-09,-1.72198831196975928e-09,-8.63018781703502420e-09,19,2,1,5.76460752303767552e+17
76,0,304,-1.30029854356726377e-32,7.89378744296634171e-10,7.89376958124168425e-10,-1.55909992334707189e-32,4.97643379844098243e-09,3.74607206579231874e-09,1.23036173264866368e-09,3.74607206579231874e-09,1.19350926343186057e-08,-1.76383589886680993e-32,1.16252303792642381e-33,-2.29578582176055973e-33,-4.22710217185574186e-34,1.28389025289245464e-09,6.59262760051461643e-10,3.17124676408417504e-10,1.58051116470376033e-10,1.28389025289245464e-09,6.59262760051461643e-10,3.17124676408417504e-10,1.58051116470376033e-10,3.74607206579231874e-09,-7.90196779641158285e-09,-7.20726878249919099e-10,-8.18902056852628693e-09,19,2,1,5.76460752303767552e+17
76,1,305,-1.02125261825470013e-32,7.99477255165909981e-10,7.99477429620606934e-10,-1.22488389174004076e-32,-5.42631065533333080e-10,1.38773053473731867e-08,1.44199364129065196e-08,1.38773053473731867e-08,1.57776151866679534e-08,-1.38538965674845763e-32,9.11046496578910815e-34,-1.80284362653729705e-33,-3.32208343649523425e-34,1.27682776815006993e-09,5.52974527406568978e-10,2.53070786110525560e-10,1.19616627918488758e-10,1.27682776815006993e-09,5.52974527406568978e-10,2.53070786110525560e-10,1.19616627918488758e-10,1.38773053473731867e-08,3.58938218674980254e-09,-1.90030983929476663e-09,-1.52576065700377517e-09,19,2,1,5.76460752303767552e+17
76,2,306,-8.02122382507988366e-33,1.30377713571217539e-09,1.30377745965128265e-09,-9.62314993131612456e-33,5.19290102543976503e-10,2.27135487821091314e-08,2.21942586795651563e-08,2.27135487821091314e-08,4.19379369783302679e-08,-1.08818289222546147e-32,7.14082271759634090e-34,-1.41579210384676481e-33,-2.61083919694608769e-34,2.07373838305043090e-09,8.82457751290522500e-10,4.18311844635651264e-10,2.00558574083139582e-10,2.07373838305043090e-09,8.82457751290522500e-10,4.18311844635651264e-10,2.00558574083139582e-10,2.27135487821091314e-08,7.55428410937831794e-09,-1.92243881962211365e-08,8.90467429604215888e-09,19,2,1,5.76460752303767552e+17
76,3,307,-6.30033809156894276e-33,2.12883285347374876e-09,2.12883504734733304e-09,-7.56030088972239199e-33,-2.61483808913826393e-09,1.83703563193815675e-08,2.09851944085198327e-08,1.83703563193815675e-08,3.00637566818362228e-08,-8.54764223678784168e-33,5.59793867425831235e-34,-1.11187158986643249e-33,-2.05186409620631402e-34,3.38077215846828258e-09,1.43002501368753826e-09,6.88353937968822417e-10,3.30910105450242731e-10,3.38077215846828258e-09,1.43002501368753826e-09,6.88353937968822417e-10,3.30910105450242731e-10,1.83703563193815675e-08,-1.16934003624546553e-08,8.85916267432089657e-09,9.42617694644293526e-09,19,2,1,5.76460752303767552e+17
77,0,308,-4.94881485400921225e-33,2.54863575111930016e-09,2.54863270043445154e-09,-5.93961940247158519e-33,-1.01247923220272105e-08,-3.45843067513624871e-08,2.44595144293352782e-08,3.45843067513624871e-08,3.77474770950572901e-08,-6.71434297227097004e-33,4.38917610708075883e-34,-8.73217478689700768e-34,-1.61254978781197138e-34,4.01818646074269208e-09,1.57949389043750415e-09,7.53531072653311881e-10,3.54980806215891773e-10,4.01818646074269208e-09,1.57949389043750415e-09,7.53531072653311881e-10,3.54980806215891773e-10,-3.45843067513624871e-08,3.60096458299008511e-10,3.16317034369480302e-09,-3.50717645772804942e-09,19,2,1,5.76460752303767552e+17
77,1,309,-3.88732636273054435e-33,2.44532782413514824e-10,2.44532487127339727e-10,-4.66631605882546842e-33,-9.77020749826980197e-09,-1.35900689845026026e-09,8.41120059981954171e-09,1.35900689845026026e-09,1.99120915324134173e-08,-5.27438308337617910e-33,3.44203299074794672e-34,-6.85806678204429078e-34,-1.26727557357119159e-34,2.52709222860739100e-10,-4.65013883234932507e-10,-2.69927585288901993e-10,-1.62560132088007032e-10,2.52709222860739100e-10,-4.65013883234932507e-10,-2.69927585288901993e-10,-1.62560132088007032e-10,-1.35900689845026026e-09,-1.26363359824873814e-08,-1.71717492139775252e-08,2.74034231843589211e-09,19,2,1,5.76460752303767552e+17
77,2,310,-3.05359567009080591e-33,9.24722330266625076e-11,9.24745203364058540e-11,-3.66592905475076001e-33,-6.61388574648695286e-09,-9.53581910743067302e-09,2.92193336094372016e-09,9.53581910743067302e-09,2.89221911489716686e-08,-4.14332484081090271e-33,2.69976354494384822e-34,-5.38630971494103047e-34,-9.95909435092509265e-35,3.60289779249167337e-11,-3.99400832798135614e-10,-1.84062692123127500e-10,-9.97771180368796219e-11,3.60289779249167337e-11,-3.99400832798135614e-10,-1.84062692123127500e-10,-9.97771180368796219e-11,-9.53581910743067302e-09,-1.24336661828541541e-08,-1.26525043438395799e-09,1.64885249661175145e-08,19,2,1,5.76460752303767552e+17
77,3,311,-2.39872826978570624e-33,-4.23208639539587932e-10,-4.23209887331454138e-10,-2.87996229174809031e-33,-7.24698281242410535e-09,-1.05188315812893903e-08,3.27184876886528494e-09,1.05188315812893903e-08,7.64017634506432914e-09,-3.25487010140435989e-33,2.11795142617050226e-34,-4.23048384776597024e-34,-7.82631086380500426e-35,-7.68876731112364723e-10,-6.65870541023592605e-10,-2.93848073854871095e-10,-1.47707038772003073e-10,-7.68876731112364723e-10,-6.65870541023592605e-10,-2.93848073854871095e-10,-1.47707038772003073e-10,-1.05188315812893903e-08,-1.17786178540638082e-08,-4.13844150899947907e-09,-1.11148755493811479e-08,19,2,1,5.76460752303767552e+17
78,0,312,-1.88433376283162655e-33,-8.65773214535605554e-10,-8.65772281085331814e-10,-2.26246025954790518e-33,3.45654795059776102e-09,2.05665906479599948e-08,1.71100426973622346e-08,2.05665906479599948e-08,5.40807095286420334e-08,-2.55695984494162221e-33,1.66182807293292694e-34,-3.32274205533036461e-34,-6.15007743842520209e-35,-1.44836741618594104e-09,-8.52732279023292672e-10,-3.73312967713464360e-10,-1.82042956085009558e-10,-1.44836741618594104e-09,-8.52732279023292672e-10,-3.73312967713464360e-10,-1.82042956085009558e-10,2.05665906479599948e-08,-3.35141188806820419e-08,-9.67474112892670203e-09,-1.44971407383290524e-09,19,2,1,5.76460752303767552e+17
78,1,313,-1.48026723462346642e-33,3.37089330169593361e-10,3.37090949149467214e-10,-1.77731829401262326e-33,-9.72040464550742688e-10,-9.34559971650024108e-09,8.37355925194949798e-09,9.34559971650024108e-09,2.45832235034976399e-08,-2.00871328453833672e-33,1.30417438492621785e-34,-2.60981563632385022e-34,-4.83268255723541228e-35,5.34284129861058610e-10,2.92825268929050019e-10,2.04884916333533222e-10,1.11280380981698328e-10,5.34284129861058610e-10,2.92825268929050019e-10,2.04884916333533222e-10,1.11280380981698328e-10,-9.34559971650024108e-09,7.55243484852254463e-10,1.52376237869973988e-08,3.40788534432057137e-09,19,2,1,5.76460752303767552e+17
78,2,314,-1.16285677838805873e-33,-2.02053035159663918e-10,-2.02053998351719352e-10,-1.39617015974440761e-33,-2.05327835627001670e-09,-3.20726994102000920e-09,1.15399158474999251e-09,3.20726994102000920e-09,1.34473885718444919e-08,-1.57802563330920252e-33,1.02367896823451635e-34,-2.04987974150653744e-34,-3.79732948631200761e-35,-3.39537382305733139e-10,-1.89123917301296578e-10,-6.60323379112913119e-11,-3.50599236856233788e-11,-3.39537382305733139e-10,-1.89123917301296578e-10,-6.60323379112913119e-11,-3.50599236856233788e-11,-3.20726994102000920e-09,-7.03294062617532822e-09,-2.21031550443169715e-09,-1.56577040762761890e-08,19,2,1,5.76460752303767552e+17
78,3,315,-9.13512415415394144e-34,-3.17767211029985043e-10,-3.17765566409712036e-10,-1.09672891830587953e-33,-7.23053917591091226e-10,4.53676477937732010e-09,5.25981869696841174e-09,4.53676477937732010e-09,1.38510302580651714e-08,-1.23968263701630216e-33,8.03653666665917345e-35,-1.61009327784387546e-34,-2.98365733935341058e-35,-5.16178423925832340e-10,-2.43880132565072862e-10,-9.92734878176301015e-11,-5.04264850105229078e-11,-5.16178423925832340e-10,-2.43880132565072862e-10,-9.92734878176301015e-11,-5.04264850105229078e-11,4.53676477937732010e-09,-3.83795657407922224e-09,1.00130736839859492e-08,8.52344255528062598e-10,19,2,1,5.76460752303767552e+17
79,0,316,-7.17634255979421787e-34,-2.22056719916391098e-11,-2.22060496154537703e-11,-8.61483725253748567e-34,-6.42510841008197288e-09,2.22753950100280325e-08,2.87005034201100053e-08,2.22753950100280325e-08,2.05689225491758549e-08,-9.73880582782880642e-34,6.31028647847990636e-35,-1.26466804928778248e-34,-2.34422219177769494e-35,-2.82176934816195139e-11,3.54846129580770748e-11,3.64196141926925109e-11,1.90984911221988251e-11,-2.82176934816195139e-11,3.54846129580770748e-11,3.64196141926925109e-11,1.90984911221988251e-11,2.22753950100280325e-08,1.45937359864334787e-08,1.70647246085217760e-09,5.85320692021052969e-09,19,2,1,5.76460752303767552e+17
79,1,317,-5.63755460858644627e-34,1.08728265616986286e-09,1.08728544497089746e-09,-6.76676133930592643e-34,-6.98119948680840038e-09,-2.02934213094672331e-08,1.33122218226588327e-08,2.02934213094672331e-08,4.50686048169413318e-08,-7.65064488441190027e-34,4.95566198869307556e-35,-9.93353192481982851e-35,-1.84173218169847680e-35,1.76455363053212271e-09,9.18741398738256232e-10,4.67623601037816876e-10,2.32738486525374855e-10,1.76455363053212271e-09,9.18741398738256232e-10,4.67623601037816876e-10,2.32738486525374855e-10,-2.02934213094672331e-08,-6.07412005387758585e-09,1.33975010408330579e-08,2.47751835074740987e-08,19,2,1,5.76460752303767552e+17
79,2,318,-4.42869455464677717e-34,-1.59113212259808228e-10,-1.59113521692601006e-10,-5.31495910992057754e-34,-1.16768165369834705e-08,-3.97630657387666064e-09,7.70050996310680988e-09,3.97630657387666064e-09,3.83920530580142636e-08,-6.01015992801149736e-34,3.89245614330568254e-35,-7.80245514988212480e-35,-1.44687484157111424e-35,-2.79495778875189810e-10,-2.47162966701012223e-10,-1.41054525169159716e-10,-8.19745989410894387e-11,-2.79495778875189810e-10,-2.47162966701012223e-10,-1.41054525169159716e-10,-8.19745989410894387e-11,-3.97630657387666064e-09,-4.12283487717891531e-08,-3.01738827931914682e-08,-2.83629571377488953e-09,19,2,1,5.76460752303767552e+17
79,3,319,-3.47901742754700801e-34,-3.25309933228599239e-10,-3.25308814743034566e-10,-4.17449259981763244e-34,-8.00739296537036295e-09,3.09547126728389631e-08,3.89621056382093277e-08,3.09547126728389631e-08,4.00535421020496581e-08,-4.72137222781547877e-34,3.05781918849245443e-35,-6.12855600272181678e-35,-1.13660966460684022e-35,-5.39114524036350517e-10,-3.21611562878144863e-10,-1.61192148361426242e-10,-8.30766973695236925e-11,-5.39114524036350517e-10,-3.21611562878144863e-10,-1.61192148361426242e-10,-8.30766973695236925e-11,3.09547126728389631e-08,-6.46295303157459367e-09,-3.40461438517166178e-09,3.35905890704750644e-08,19,2,1,5.76460752303767552e+17
80,0,320,-2.73295204831621372e-34,1.27703551438249431e-09,1.27703625382610077e-09,-3.27862467022450025e-34,-6.87879549304331931e-09,6.63781849385994716e-10,7.54257734242931403e-09,6.63781849385994716e-10,3.62167543724690408e-08,-3.70888485850461567e-34,2.40249276199224638e-35,-4.81374649242109333e-35,-8.92826185372076028e-36,2.06248563149069336e-09,1.03677684145655194e-09,5.27865749119344692e-10,2.66198406704908681e-10,2.06248563149069336e-09,1.03677684145655194e-09,5.27865749119344692e-10,2.66198406704908681e-10,6.63781849385994716e-10,1.44352947089709486e-08,-2.17814596634980921e-08,1.23942378565730639e-08,19,2,1,5.76460752303767552e+17
80,1,321,-2.14684483998128274e-34,1.02381578088712257e-09,1.02381643725532761e-09,-2.57491924471140566e-34,-1.23095993871704324e-08,1.61868906134551873e-08,2.84964900006256198e-08,1.61868906134551873e-08,3.43649248443086173e-08,-2.91346712964534528e-34,1.88786284977196986e-35,-3.78098877909427084e-35,-7.01289259765621295e-36,1.62103434994070281e-09,6.60107189538521212e-10,3.12391248118696944e-10,1.45196921909126630e-10,1.62103434994070281e-09,6.60107189538521212e-10,3.12391248118696944e-10,1.45196921909126630e-10,1.61868906134551873e-08,7.79529525023932516e-09,-1.00657298747342915e-08,2.42991949695743225e-08,19,2,1,5.76460752303767552e+17
80,2,322,-1.68640289923051480e-34,1.58850008249654544e-09,1.58849929476703234e-09,-2.02217722836279401e-34,-1.04941412826390042e-08,-1.75799953635911005e-08,7.08585408095209633e-09,1.75799953635911005e-08,1.84294861307490730e-08,-2.28858697012338551e-34,1.48365327803739361e-35,-2.96977586895988850e-35,-5.50810031762372762e-36,2.51490455619680275e-09,1.03404027081448860e-09,4.98275944616611288e-10,2.36711383398284395e-10,2.51490455619680275e-09,1.03404027081448860e-09,4.98275944616611288e-10,2.36711383398284395e-10,-1.75799953635911005e-08,-4.58914585926630711e-09,8.49490767157970832e-10,-1.36739462591332345e-08,19,2,1,5.76460752303767552e+17
80,3,323,-1.32468602422261115e-34,3.51411675537358494e-10,3.51411666327699901e-10,-1.58802895935293564e-34,-1.49884673824888230e-08,-1.18065003821848199e-08,3.18196700030400314e-09,1.18065003821848199e-08,8.95772188371961340e-08,-1.79768757053356190e-34,1.16612027064440965e-35,-2.33258311713730367e-35,-4.32594265189658907e-36,4.87054873039568704e-10,-9.59011015226352860e-11,-7.21948632721883891e-11,-5.34556296034044164e-11,4.87054873039568704e-10,-9.59011015226352860e-11,-7.21948632721883891e-11,-5.34556296034044164e-11,-1.18065003821848199e-08,4.31000624015457844e-08,-4.64771564356503496e-08,1.25747075536590603e-08,19,2,1,5.76460752303767552e+17
81,0,324,-1.04052973683033051e-34,-3.28823832331341719e-10,-3.28823552958812129e-10,-1.24704247490620712e-34,-6.31896140932559235e-09,2.38199943175567884e-09,8.70096084108127036e-09,2.38199943175567884e-09,3.33380802271785009e-08,-1.41204840536724412e-34,9.16638998535567094e-36,-1.83208184858097496e-35,-3.39730076231176617e-36,-6.01512610108106890e-10,-5.66157199771094489e-10,-2.79727560291717974e-10,-1.46903423093657108e-10,-6.01512610108106890e-10,-5.66157199771094489e-10,-2.79727560291717974e-10,-1.46903423093657108e-10,2.38199943175567884e-09,-1.34190101152325914e-09,-1.68182785065722576e-08,-3.09560807954228212e-08,19,2,1,5.76460752303767552e+17
81,1,325,-8.17306712782353724e-35,-1.51594560581634593e-10,-1.51596242534506703e-10,-9.79237052926520757e-35,-1.05761581019621227e-08,-5.49496700614645088e-08,4.43735119595023894e-08,5.49496700614645088e-08,4.11929428302860918e-08,-1.10910513786862773e-34,7.20596820810466361e-36,-1.43895130485442732e-35,-2.66785236247273889e-36,-2.87821700719070142e-10,-2.76414941686214878e-10,-1.10489981909590607e-10,-5.29921642680127851e-11,-2.87821700719070142e-10,-2.76414941686214878e-10,-1.10489981909590607e-10,-5.29921642680127851e-11,-5.49496700614645088e-08,-1.55249108415494639e-08,-1.37567272311784170e-08,-2.55644071525547967e-08,19,2,1,5.76460752303767552e+17
81,2,326,-6.41953943273173510e-35,-2.84588548107341295e-09,-2.84588451763808582e-09,-7.68915191470952553e-35,-7.30026614301425756e-09,1.82558108531841241e-09,9.12584722833266914e-09,1.82558108531841241e-09,5.46827942288935160e-08,-8.71129888933049876e-35,5.66526507623557205e-36,-1.13016035423983145e-35,-2.09490603170438110e-36,-4.62531842476978842e-09,-2.37818727668382870e-09,-1.15909020055918840e-09,-5.76917456432804873e-10,-4.62531842476978842e-09,-2.37818727668382870e-09,-1.15909020055918840e-09,-5.76917456432804873e-10,1.82558108531841241e-09,-3.80515608279695121e-09,-2.32529168880474236e-08,-5.28572131435751019e-08,19,2,1,5.76460752303767552e+17
81,3,327,-5.04208575114721933e-35,-2.12295611697084967e-09,-2.12295749846531352e-09,-6.03744803091778470e-35,-2.07247160777899060e-09,-6.45070401509195091e-08,6.24345685431405123e-08,6.45070401509195091e-08,7.78349239285803631e-08,-6.84194523288483668e-35,4.45427271807772927e-36,-8.87618048386350399e-36,-1.64491258358754407e-36,-3.37443776114348097e-09,-1.38242359552732915e-09,-6.15842684394615650e-10,-2.81583607861067042e-10,-3.37443776114348097e-09,-1.38242359552732915e-09,-6.15842684394615650e-10,-2.81583607861067042e-10,-6.45070401509195091e-08,-9.62957039051977522e-09,-6.04178058566729096e-09,1.33278837776608573e-08,19,2,1,5.76460752303767552e+17
82,0,328,-3.96007637456403082e-35,-4.82749452668096091e-09,-4.82749609068857438e-09,-4.74038022559616418e-35,-6.21864202479851180e-09,1.18212793300865128e-08,1.80399213548850263e-08,1.18212793300865128e-08,3.12846079860067768e-08,-5.37356222840588329e-35,3.50232802333635012e-36,-6.97113804408141515e-36,-1.29150868705664882e-36,-7.70075228773905355e-09,-3.38855832400186723e-09,-1.63074550391501212e-09,-7.89913613536775491e-10,-7.70075228773905355e-09,-3.38855832400186723e-09,-1.63074550391501212e-09,-7.89913613536775491e-10,1.18212793300865128e-08,-1.94633286559202640e-08,9.81413286347575609e-09,-5.47708080153599925e-09,19,2,1,5.76460752303767552e+17
82,1,329,-3.11016486116366444e-35,-3.13924210884130494e-09,-3.13924090318673801e-09,-3.72184512205406485e-35,2.20782767140674923e-09,1.08696527611542444e-08,8.66182508974749558e-09,1.08696527611542444e-08,3.85828725681789222e-08,-4.22017659831323820e-35,2.75394379718830928e-36,-5.47485018773599613e-36,-1.01397891973003031e-36,-4.86992396668534685e-09,-1.54417560296575701e-09,-6.78589973542341314e-10,-2.91014737433014264e-10,-4.86992396668534685e-09,-1.54417560296575701e-09,-6.78589973542341314e-10,-2.91014737433014264e-10,1.08696527611542444e-08,-8.43518197427062732e-09,2.79021824282557511e-08,3.01476905939082949e-08,19,2,1,5.76460752303767552e+17
82,2,330,-2.44258349912991790e-35,-1.85450101565224993e-09,-1.85450059138777921e-09,-2.92206172253644857e-35,-2.62197924759832601e-09,2.95816595226088235e-08,3.22036387702071504e-08,2.95816595226088235e-08,5.53874530029608504e-08,-3.31424321017235044e-35,2.16554102115888392e-36,-4.29963283868116473e-36,-7.96046780016744272e-37,-2.76030708335837084e-09,-4.12472499648818190e-10,-1.56116441126187107e-10,-3.97343208933355589e-11,-2.76030708335837084e-09,-4.12472499648818190e-10,-1.56116441126187107e-10,-3.97343208933355589e-11,2.95816595226088235e-08,3.36338577787050288e-08,-2.17535952242558248e-08,-3.59713932398712483e-09,19,2,1,5.76460752303767552e+17
82,3,331,-1.91823292753645169e-35,7.46970273136364966e-11,7.46962469723269533e-11,-2.29407252534288922e-35,-2.89619664612611297e-10,1.88358192189269009e-08,1.91254388835395129e-08,1.88358192189269009e-08,1.97964211108921002e-08,-2.60269572095773683e-35,1.70288684013876711e-36,-3.37660868433680426e-36,-6.24924319502921559e-37,3.46113861818773698e-10,1.03143344884350399e-09,5.09353180895226459e-10,2.77454182341739233e-10,3.46113861818773698e-10,1.03143344884350399e-09,5.09353180895226459e-10,2.77454182341739233e-10,1.88358192189269009e-08,1.78137669766390349e-08,4.03052590279442133e-09,2.38269470136865223e-08,19,2,1,5.76460752303767552e+17
83,0,332,-1.50639560216217155e-35,1.03646144309901599e-09,1.03646258652047935e-09,-1.80099431777942013e-35,-1.14424688097008629e-08,1.88508467238351534e-08,3.02933155335360180e-08,1.88508467238351534e-08,7.56669072662668769e-08,-2.04384362639589158e-35,1.33908538057586616e-36,-2.65167357893809300e-36,-4.90565097315879262e-37,1.83858219393114950e-09,1.46806301173343366e-09,6.65130727696925174e-10,3.34001022520620930e-10,1.83858219393114950e-09,1.46806301173343366e-09,6.65130727696925174e-10,3.34001022520620930e-10,1.88508467238351534e-08,-3.40438800728388895e-08,4.16230271934279875e-08,-2.27348887964458290e-08,19,2,1,5.76460752303767552e+17
83,1,333,-1.18293934181454894e-35,1.76965059257808408e-09,1.76965088808885298e-09,-1.41385807125099006e-35,1.97213535906374258e-09,6.77955529082918654e-09,4.80741993176544396e-09,6.77955529082918654e-09,4.42580807759234898e-08,-1.60493427338278861e-35,1.05300173014148152e-36,-2.08232815258633049e-36,-3.85076980853009248e-37,2.94929195847591466e-09,1.70029545089739936e-09,7.47375516305490394e-10,3.62275138469403891e-10,2.94929195847591466e-09,1.70029545089739936e-09,7.47375516305490394e-10,3.62275138469403891e-10,6.77955529082918654e-09,3.36123415676193133e-08,7.67749863222935712e-09,5.10376360667526746e-08,19,2,1,5.76460752303767552e+17
83,2,334,-9.28905888838230787e-36,1.72525909889266967e-09,1.72525778276176492e-09,-1.10991175374874202e-35,-3.24546542712580760e-09,-4.45366988312480284e-09,1.20820445599899525e-09,4.45366988312480284e-09,8.96635747774865573e-08,-1.26023730869455510e-35,8.28025395532026005e-37,-1.63518898710203274e-36,-3.02260611442254466e-37,2.80187826944078516e-09,1.32476105129793262e-09,5.49065864813562002e-10,2.55493867731381418e-10,2.80187826944078516e-09,1.32476105129793262e-09,5.49065864813562002e-10,2.55493867731381418e-10,-4.45366988312480284e-09,8.23340392087993758e-10,-2.91035436277021138e-08,6.05600311497844501e-08,19,2,1,5.76460752303767552e+17
83,3,335,-7.29401953480779392e-36,1.11907120562616894e-09,1.11907106536570010e-09,-8.71286898117263192e-36,-3.88133887629625097e-09,3.00267638290179018e-08,3.39081027053141520e-08,3.00267638290179018e-08,5.27116695887376676e-08,-9.89539599395722683e-36,6.51099882583436526e-37,-1.28403356914640243e-36,-2.37246660398320825e-37,1.76703964745121585e-09,6.15540757974376542e-10,2.11131689856564173e-10,8.71777685085463178e-11,1.76703964745121585e-09,6.15540757974376542e-10,2.11131689856564173e-10,8.71777685085463178e-11,3.00267638290179018e-08,-7.24100873089833875e-10,-1.71004798355582628e-08,3.56111897531794048e-08,19,2,1,5.76460752303767552e+17
84,0,336,-5.72727910250120361e-36,2.34446945931260293e-09,2.34447024403944109e-09,-6.83951000202180897e-36,-1.15456258955220821e-09,-1.93237175431218939e-08,1.81691549535696857e-08,1.93237175431218939e-08,1.80792094621591256e-07,-7.76962664353633963e-36,5.11960946458908810e-37,-1.00826452081747549e-36,-1.86210745768360319e-37,3.72365291312425786e-09,1.54395418760212529e-09,7.11174182397880113e-10,3.44496793329438951e-10,3.72365291312425786e-09,1.54395418760212529e-09,7.11174182397880113e-10,3.44496793329438951e-10,-1.93237175431218939e-08,-1.07842653789471149e-07,7.29494408321200934e-08,3.39640139599685182e-08,19,2,1,5.76460752303767552e+17
84,1,337,-4.49693214812474954e-36,8.48447166641852690e-10,8.48447007955096326e-10,-5.36884509177746315e-36,-2.03360421581799695e-08,3.20394812091938820e-08,5.23755233673738548e-08,3.20394812091938820e-08,7.78663706083995025e-08,-6.10033510779119623e-36,4.02538504438954137e-37,-7.91703178094045282e-37,-1.46149396941342825e-37,1.25864902900788414e-09,1.33427951132229304e-10,9.92031438663472937e-12,-1.47642607720807802e-11,1.25864902900788414e-09,1.33427951132229304e-10,9.92031438663472937e-12,-1.47642607720807802e-11,3.20394812091938820e-08,1.40725959284643353e-09,-1.62747442803568706e-08,6.15916263280426320e-08,19,2,1,5.76460752303767552e+17
84,2,338,-3.53078528186236446e-36,2.22025519773419810e-09,2.22025673155883929e-09,-4.21434287114056416e-36,-1.65581108166204547e-08,-6.61766186926282525e-09,9.94044894735762945e-09,6.61766186926282525e-09,6.81967188298965124e-08,-4.78954580459674125e-36,3.16486944051307421e-37,-6.21641882278482651e-37,-1.14704005800932098e-37,3.48006003371176538e-09,1.30997302255047513e-09,6.40864888019697938e-10,3.11533931412532947e-10,3.48006003371176538e-09,1.30997302255047513e-09,6.40864888019697938e-10,3.11533931412532947e-10,-6.61766186926282525e-09,-1.79572152530268721e-08,-7.48143806991593377e-08,-6.88886378492652587e-08,19,2,1,5.76460752303767552e+17
84,3,339,-2.77213111368786922e-36,1.37307713460762412e-09,1.37307601172689358e-09,-3.30805721469137512e-36,-2.35651460532823261e-08,4.94240645197312541e-09,2.85075525052554532e-08,4.94240645197312541e-09,4.30212887054853155e-08,-3.76030145347679393e-36,2.48816184402394608e-37,-4.88099502487569324e-37,-9.00224956075917820e-38,2.08102811653548315e-09,4.90524072159403702e-10,2.28160768855563862e-10,9.52871148860499090e-11,2.08102811653548315e-09,4.90524072159403702e-10,2.28160768855563862e-10,9.52871148860499090e-11,4.94240645197312541e-09,-3.80788822535121917e-08,-6.65958527761506151e-09,-2.56961116838429903e-08,19,2,1,5.76460752303767552e+17
85,0,340,-2.17642790800625035e-36,1.28156953141490953e-09,1.28156874666159745e-09,-2.59663774003972760e-36,-2.27598290811211081e-08,-6.70096933737361494e-08,4.42498642926150413e-08,6.70096933737361494e-08,4.97052707070801426e-08,-2.95215632892640969e-36,1.95601819330558879e-37,-3.83236607992595823e-37,-7.06506345246899046e-38,1.93297468583615002e-09,4.40890867451879235e-10,2.25451198587838449e-10,9.78457680879732850e-11,1.93297468583615002e-09,4.40890867451879235e-10,2.25451198587838449e-10,9.78457680879732850e-11,-6.70096933737361494e-08,-2.25153081052878620e-08,-1.99050118748498786e-08,-1.73044226666560068e-08,19,2,1,5.76460752303767552e+17
85,1,341,-1.70869087901370905e-36,-2.35068691363261284e-09,-2.35068705188917771e-09,-2.03819615124745337e-36,-2.31631319019082141e-08,-1.36201847841135313e-08,9.54294711779468273e-09,1.36201847841135313e-08,3.70470690672044804e-08,-2.31763543048374842e-36,1.53757347509955717e-37,-3.00896056255660772e-37,-5.54466471849395385e-38,-3.93376242670071376e-09,-2.46370360745870536e-09,-1.21315747064393971e-09,-6.20109924203972166e-10,-3.93376242670071376e-09,-2.46370360745870536e-09,-1.21315747064393971e-09,-6.20109924203972166e-10,-1.36201847841135313e-08,-3.89346655317844367e-08,-3.54550054308932708e-08,-5.06672538513180117e-08,19,2,1,5.76460752303767552e+17
85,2,342,-1.34144264195860803e-36,-2.52578356604720031e-09,-2.52578416722497293e-09,-1.59984495162701522e-36,-1.59352901072689869e-08,7.26708105916682913e-08,8.86061006989372815e-08,7.26708105916682913e-08,1.54356245629452786e-07,-1.81945261424729883e-36,1.20855158405719529e-37,-2.36242104163103954e-37,-4.35141351920696429e-38,-4.11902001855029297e-09,-2.09622717134006146e-09,-9.57018679393363712e-10,-4.59470879760120991e-10,-4.11902001855029297e-09,-2.09622717134006146e-09,-9.57018679393363712e-10,-4.59470879760120991e-10,7.26708105916682913e-08,8.75155794843756014e-09,1.29179785986884556e-09,-8.16854350377844949e-08,19,2,1,5.76460752303767552e+17
85,3,343,-1.05310300627594126e-36,1.63129592918232515e-09,1.63129803810183959e-09,-1.25576435403988390e-36,-1.54885031299309078e-08,-5.05444742917632430e-08,3.50559711618323352e-08,5.05444742917632430e-08,9.14722402400812026e-08,-1.42832506571575869e-36,9.49858141133873772e-38,-1.85476916709497016e-37,-3.41493848027774177e-38,2.68027226027004761e-09,1.62992782731940255e-09,9.20940173475076700e-10,4.88925556037613640e-10,2.68027226027004761e-09,1.62992782731940255e-09,9.20940173475076700e-10,4.88925556037613640e-10,-5.05444742917632430e-08,-5.92776135789261370e-08,3.21946266611550590e-08,-5.02764263961358588e-09,19,2,1,5.76460752303767552e+17
86,0,344,-8.26723966334347858e-37,-1.22488448822491317e-09,-1.22488457799519435e-09,-9.85684111004509765e-37,-8.93997136568203510e-09,-1.20784794740652491e-07,1.11844823374970461e-07,1.20784794740652491e-07,1.69166072883521503e-07,-1.12125633050946584e-36,7.46474177187261718e-38,-1.45617877245360215e-37,-2.67999792247248306e-38,-1.98336768976107322e-09,-9.92185251698333732e-10,-4.80657413571612768e-10,-2.49496125620068879e-10,-1.98336768976107322e-09,-9.92185251698333732e-10,-4.80657413571612768e-10,-2.49496125620068879e-10,-1.20784794740652491e-07,4.83812781428690117e-08,-5.75081062162617276e-08,2.74569484899158220e-08,19,2,1,5.76460752303767552e+17
86,1,345,-6.48995915180081954e-37,-6.93007142194345418e-09,-6.93007150700311652e-09,-7.73691264557752776e-37,7.27534958685868209e-09,1.02978868864916681e-07,9.57035192780580038e-08,1.02978868864916681e-07,1.10519751232896430e-07,-8.80187493429677975e-37,5.86586234993050926e-38,-1.14322661782198832e-37,-2.10322927430246929e-38,-1.11701831360160400e-08,-5.43574882110720988e-09,-2.68649088744051989e-09,-1.33813597785901667e-09,-1.11701831360160400e-08,-5.43574882110720988e-09,-2.68649088744051989e-09,-1.33813597785901667e-09,1.02978868864916681e-07,8.24486885645543208e-08,4.05426280094431948e-08,-7.54088236797975583e-09,19,2,1,5.76460752303767552e+17
86,2,346,-5.09466955083412604e-37,-2.74014238487097708e-10,-2.74015801193600279e-10,-6.07293893380827504e-37,2.43756822811698974e-08,3.47792707019348104e-10,2.40278895741505493e-08,3.47792707019348104e-10,1.20041281250970909e-07,-6.90937606554043891e-37,4.60902283617693274e-38,-8.97518351732417766e-38,-1.65059625830658815e-38,-2.39082254426791319e-10,8.20165259798135309e-10,5.44476181036549029e-10,3.34264548114152843e-10,-2.39082254426791319e-10,8.20165259798135309e-10,5.44476181036549029e-10,3.34264548114152843e-10,3.47792707019348104e-10,6.07312109033791510e-08,1.96934578435393630e-08,-5.93100703475917644e-08,19,2,1,5.76460752303767552e+17
86,3,347,-3.99929631935961839e-37,-1.50836992734293672e-10,-1.50838237667721855e-10,-4.76685925495145587e-37,7.42089761492885183e-09,7.47134881677443258e-08,6.72925905528154715e-08,7.47134881677443258e-08,3.17060285804163455e-08,-5.42371369920436269e-37,3.62113697680777292e-38,-7.04609229386505098e-38,-1.29538421767892312e-38,-7.87025858418910727e-11,6.16246768527038554e-10,3.28437703396829589e-10,1.81017079545305648e-10,-7.87025858418910727e-11,6.16246768527038554e-10,3.28437703396829589e-10,1.81017079545305648e-10,7.47134881677443258e-08,7.22992773923084348e-08,4.54102889391750641e-08,4.30074595873279803e-08,19,2,1,5.76460752303767552e+17
87,0,348,-3.13939206092343872e-37,3.61545077420602386e-09,3.61545183627665232e-09,-3.74169863861302484e-37,1.61491563725149271e-09,-1.41390454457083413e-07,1.43005370094334901e-07,1.41390454457083413e-07,1.57198887477584324e-07,-4.25745350800879483e-37,2.84472075421898219e-38,-5.53156376314287934e-38,-1.01662600293296950e-38,5.96971293309554775e-09,3.43122872080406385e-09,1.68230212269710470e-09,8.42271656711815700e-10,5.96971293309554775e-09,3.43122872080406385e-09,1.68230212269710470e-09,8.42271656711815700e-10,-1.41390454457083413e-07,-9.24144775996789377e-08,-8.00079708797709373e-08,1.58084330205009244e-08,19,2,1,5.76460752303767552e+17
87,1,349,-2.46435261624726355e-37,-4.16777918432195658e-09,-4.16777935745250819e-09,-2.93703527200136517e-37,-1.74150625373288834e-08,-4.74170550578747914e-09,1.26733570315414043e-08,4.74170550578747914e-09,1.66966957792204787e-07,-3.34194465082162236e-37,2.23456358563952251e-38,-4.34252939118659816e-38,-7.97866032668138331e-39,-6.73854474707355456e-09,-3.51993016742952466e-09,-1.87991733906603533e-09,-9.75856047358894362e-10,-6.73854474707355456e-09,-3.51993016742952466e-09,-1.87991733906603533e-09,-9.75856047358894362e-10,-4.74170550578747914e-09,3.98788756148035445e-08,-1.27088082177401243e-07,-6.46855066088449555e-09,19,2,1,5.76460752303767552e+17
87,2,350,-1.93444498200292579e-37,-3.47221358647557988e-09,-3.47221399519503684e-09,-2.30544179822007659e-37,5.44468725044911409e-09,-6.42066861483228670e-09,1.18653558652814000e-08,6.42066861483228670e-09,3.94943084894607696e-08,-2.62328646166656117e-37,1.75510969137394506e-38,-3.40905112199495146e-38,-6.26189944412058716e-39,-5.51268307175031982e-09,-2.35908853707386024e-09,-1.16837845600745521e-09,-5.57016042354052465e-10,-5.51268307175031982e-09,-2.35908853707386024e-09,-1.16837845600745521e-09,-5.57016042354052465e-10,-6.42066861483228670e-09,-2.86991493508103110e-08,-4.22597542402358123e-08,-2.76544575077504268e-09,19,2,1,5.76460752303767552e+17
87,3,351,-1.51847297713952507e-37,-2.99174531597486797e-09,-2.99174419018241494e-09,-1.80969137024791472e-37,2.01491535071154167e-09,-4.10416297645613084e-08,4.30565451152728497e-08,4.10416297645613084e-08,1.83943454766829119e-07,-2.05916071872653839e-37,1.37839803435983566e-38,-2.67621394015644585e-38,-4.91462813921153222e-39,-4.67151238381272193e-09,-1.65547550357644790e-09,-7.86295275656016168e-10,-3.52224637033449640e-10,-4.67151238381272193e-09,-1.65547550357644790e-09,-7.86295275656016168e-10,-3.52224637033449640e-10,-4.10416297645613084e-08,-6.13946113966998803e-08,1.22548843370129238e-07,-2.01867463546392277e-08,19,2,1,5.76460752303767552e+17
88,0,352,-1.19194388637485545e-37,-4.31874754699528819e-09,-4.31874622077767253e-09,-1.42056420588465822e-37,2.44196162889918057e-08,4.07989326228207239e-08,1.63793163338289182e-08,4.07989326228207239e-08,1.81707571479499720e-07,-1.61634384282806192e-37,1.08244163821940470e-38,-2.10089997901703030e-38,-3.85731150894366906e-39,-6.77925733779618008e-09,-2.58099063036316198e-09,-1.25972787790657070e-09,-5.91117728855333346e-10,-6.77925733779618008e-09,-2.58099063036316198e-09,-1.25972787790657070e-09,-5.91117728855333346e-10,4.07989326228207239e-08,-1.16599785750504979e-07,4.57512397445989738e-08,6.51077857289947411e-08,19,2,1,5.76460752303767552e+17
88,1,353,-9.35628626210862210e-38,-1.29016535426159385e-09,-1.29016497460179562e-09,-1.11512564461582729e-37,7.57305902005200783e-09,-1.01051753634957683e-07,1.08624812655009693e-07,1.01051753634957683e-07,2.76035473837634870e-07,-1.26875317020122207e-37,8.49952554308341252e-39,-1.64925505124098516e-38,-3.02753488736687695e-39,-1.82362992381664474e-09,1.40262870481293234e-10,1.08631106926100424e-10,1.02932879829311005e-10,-1.82362992381664474e-09,1.40262870481293234e-10,1.08631106926100424e-10,1.02932879829311005e-10,-1.01051753634957683e-07,1.51115958000408741e-07,1.21753966322351757e-07,1.74983720202677187e-07,19,2,1,5.76460752303767552e+17
88,2,354,-7.34431013844997035e-38,-5.94873087524583959e-09,-5.94872984624700210e-09,-8.75374401262821723e-38,1.27273459174005149e-08,9.11180208770046411e-08,7.83906749596041278e-08,9.11180208770046411e-08,2.49400879936590173e-07,-9.95912713679679275e-38,6.67338761109493083e-39,-1.29469903730174440e-38,-2.37631936391632046e-39,-9.38593280630609467e-09,-3.84899203086462926e-09,-1.95414765723275767e-09,-9.54075399256359521e-10,-9.38593280630609467e-09,-3.84899203086462926e-09,-1.95414765723275767e-09,-9.54075399256359521e-10,9.11180208770046411e-08,-5.38448180169050355e-08,1.49475924140719354e-07,-9.99249557958708324e-08,19,2,1,5.76460752303767552e+17
88,3,355,-5.76499818814565653e-38,-5.99292651927758658e-11,-5.99310372628343949e-11,-6.87181464082290841e-38,2.60852552501503131e-08,1.75486670994812068e-07,1.49401415744661762e-07,1.75486670994812068e-07,1.63657244929853611e-07,-7.81748395861518875e-38,5.23915011651061463e-39,-1.01636343064360724e-38,-1.86522992114376411e-39,2.23650687150812487e-10,1.37945403497357666e-09,7.17044781327550262e-10,4.16440906918340677e-10,2.23650687150812487e-10,1.37945403497357666e-09,7.17044781327550262e-10,4.16440906918340677e-10,1.75486670994812068e-07,1.18294260649584634e-08,7.96513337859022948e-08,9.66909637639096603e-08,19,2,1,5.76460752303767552e+17
89,0,356,-4.52531498240001624e-38,8.70662532883383812e-09,8.70662603853800199e-09,-5.39457170215315058e-38,3.13790477349448170e-08,-1.83909676401962926e-07,2.15288724136907730e-07,1.83909676401962926e-07,2.96508042379342584e-07,-6.13642042053668328e-38,4.11282014381948404e-39,-7.97864369887255875e-39,-1.46410578915259183e-39,1.43103184971314363e-08,7.98933573609662742e-09,3.91994506826629649e-09,1.97489109252093186e-09,1.43103184971314363e-08,7.98933573609662742e-09,3.91994506826629649e-09,1.97489109252093186e-09,-1.83909676401962926e-07,-3.70477323835600064e-09,1.12598365977379659e-07,-2.69544866945712126e-08,19,2,1,5.76460752303767552e+17
89,1,357,-3.55222689861639343e-38,-2.29901044386098731e-09,-2.29901114967596591e-09,-4.23497409822110302e-38,-3.19299000544729105e-08,-9.20873302066134136e-08,6.01574301521405098e-08,9.20873302066134136e-08,2.80184787151223557e-07,-4.81688587780810807e-38,3.22838060527197698e-39,-6.26339152894202554e-39,-1.14927921695764148e-39,-3.77019793533466949e-09,-2.40395797629340423e-09,-1.46865646053197321e-09,-8.11258282405477760e-10,-3.77019793533466949e-09,-2.40395797629340423e-09,-1.46865646053197321e-09,-8.11258282405477760e-10,-9.20873302066134136e-08,7.06659321670901103e-08,-1.11896770153504656e-07,-2.09518854984133447e-07,19,2,1,5.76460752303767552e+17
89,2,358,-2.78840315535139709e-38,-6.35911826821100872e-09,-6.35911843501296028e-09,-3.32470448226285829e-38,1.85099895317217378e-08,-1.68947197661938696e-08,3.54047092979156042e-08,1.68947197661938696e-08,1.25252412760504245e-07,-3.78112871503735011e-38,2.53394861946403617e-39,-4.91689675264703732e-39,-9.02177609789281644e-40,-1.02738455680735087e-08,-5.21779412300923611e-09,-2.69671820473062939e-09,-1.34734341204535204e-09,-1.02738455680735087e-08,-5.21779412300923611e-09,-2.69671820473062939e-09,-1.34734341204535204e-09,-1.68947197661938696e-08,3.35136810441326788e-09,-1.87578099433733268e-08,1.06494602817130925e-07,19,2,1,5.76460752303767552e+17
89,3,359,-2.18884044505585148e-38,-5.77207154677700322e-09,-5.77207114988375203e-09,-2.61014130788129727e-38,1.34569577668850756e-08,1.25189369736821770e-07,1.11732411969936693e-07,1.25189369736821770e-07,2.16675071570138769e-07,-2.96811744445220805e-38,1.98875382069025481e-39,-3.85988370836175987e-39,-7.08226559324657978e-40,-9.16616992014917381e-09,-3.87199960817419855e-09,-1.86851508793876551e-09,-8.69504830506323927e-10,-9.16616992014917381e-09,-3.87199960817419855e-09,-1.86851508793876551e-09,-8.69504830506323927e-10,1.25189369736821770e-07,5.57650896108005821e-08,-9.14857018333169991e-08,1.05646396361997277e-07,19,2,1,5.76460752303767552e+17
90,0,360,-1.71821283795847487e-38,1.75250866065573772e-09,1.75250780204813570e-09,-2.04919733460107509e-38,5.98604244915055427e-08,1.41019072331613925e-08,4.57585172583441501e-08,1.41019072331613925e-08,2.30606472368773964e-07,-2.32994583407057136e-38,1.56076177464125329e-39,-3.03011764155439362e-39,-5.55989023945578529e-40,3.10574726778440168e-09,2.72081264664554879e-09,1.45671278301605293e-09,8.03636348312712853e-10,3.10574726778440168e-09,2.72081264664554879e-09,1.45671278301605293e-09,8.03636348312712853e-10,1.41019072331613925e-08,4.97968236811726058e-08,2.44708379601935356e-07,1.98512962816954033e-08,19,2,1,5.76460752303767552e+17
90,1,361,-1.34879119255119081e-38,2.11643660886880836e-09,2.11643526219706467e-09,-1.60883824418466999e-38,9.44692296382210655e-09,-1.51091735226255238e-07,1.60538658190077352e-07,1.51091735226255238e-07,3.21454784147769450e-07,-1.82901069310176734e-38,1.22480493145764428e-39,-2.37874232686686809e-39,-4.36489838101911254e-40,3.58195562318932455e-09,2.34634429263717201e-09,1.11654938168299446e-09,5.63426770862505745e-10,3.58195562318932455e-09,2.34634429263717201e-09,1.11654938168299446e-09,5.63426770862505745e-10,-1.51091735226255238e-07,1.70363048921514239e-07,2.36735428307279439e-08,-2.01130809872584065e-08,19,2,1,5.76460752303767552e+17
90,2,362,-1.05880974196129918e-38,-5.80454102460357805e-09,-5.80454057315743706e-09,-1.26313508408177958e-38,2.07799107864323779e-08,-1.07356611338147905e-07,1.28136522124580273e-07,1.07356611338147905e-07,1.86952588315613563e-07,-1.43579631911638501e-38,9.61112862656201975e-40,-1.86740458065779342e-39,-3.42685660711569464e-40,-9.32062322599313187e-09,-4.56026010831541939e-09,-2.39525652104400995e-09,-1.21762630661278883e-09,-9.32062322599313187e-09,-4.56026010831541939e-09,-2.39525652104400995e-09,-1.21762630661278883e-09,-1.07356611338147905e-07,-2.45449419441762941e-08,-2.11497530259789870e-07,-1.88664354510062821e-07,19,2,1,5.76460752303767552e+17
90,3,363,-8.31183787541164667e-39,-9.80870342851715595e-09,-9.80870274437649770e-09,-9.91735708263520362e-39,3.90955568941471488e-08,1.30680240593925474e-07,9.15846836997783314e-08,1.30680240593925474e-07,4.23552940758088851e-08,-1.12713525358908995e-38,7.54156597692230448e-40,-1.46599665436601455e-39,-2.69049054201154427e-40,-1.56641984384321191e-08,-7.07292555714338549e-09,-3.51066218080826686e-09,-1.70793167558557608e-09,-1.56641984384321191e-08,-7.07292555714338549e-09,-3.51066218080826686e-09,-1.70793167558557608e-09,1.30680240593925474e-07,9.79661358224768056e-08,9.85226211436915855e-08,8.83249465181165884e-08,19,2,1,5.76460752303767552e+17
91,0,364,-6.52503058663850122e-39,-1.10404068018437770e-09,-1.10404186943233459e-09,-7.78665079585601263e-39,2.98818102942071085e-08,-2.29020004490143433e-07,2.58901814784350535e-07,2.29020004490143433e-07,4.24629912597344585e-07,-8.84842986463688577e-39,5.91740030657892665e-40,-1.15088378397738000e-39,-2.11242122632041183e-40,-1.38963767272855816e-09,9.90190435972626927e-10,6.34514698283840900e-10,4.21521899523868836e-10,-1.38963767272855816e-09,9.90190435972626927e-10,6.34514698283840900e-10,4.21521899523868836e-10,-2.29020004490143433e-07,7.49014955066095578e-08,1.75150123706822842e-07,1.95609908107201151e-07,19,2,1,5.76460752303767552e+17
91,1,365,-5.12241499010910983e-39,-1.21091350087917796e-08,-1.21091351891199639e-08,-6.11383683655490104e-39,6.71351661951324279e-08,9.52215852611864812e-09,5.76130076690137798e-08,9.52215852611864812e-09,4.56763972284647517e-07,-6.94646236375440651e-39,4.64285655206328022e-40,-9.03512669341013675e-40,-1.65860425565822605e-40,-1.92429242486982250e-08,-8.37991791761089186e-09,-4.20553249932959868e-09,-2.06475278412610543e-09,-1.92429242486982250e-08,-8.37991791761089186e-09,-4.20553249932959868e-09,-2.06475278412610543e-09,9.52215852611864812e-09,1.21883208700759695e-07,-3.34880763583887822e-07,-7.89770798301862975e-08,19,2,1,5.76460752303767552e+17
91,2,366,-4.02136963765111762e-39,-8.85912009011576940e-09,-8.85912078019546037e-09,-4.80048522261370453e-39,7.44403293581126650e-08,-3.64564674128727162e-08,1.10896796770985381e-07,3.64564674128727162e-08,1.94914575343261282e-07,-5.45341699641105839e-39,3.64273130105366501e-40,-7.09319039209070828e-40,-1.30232035113495726e-40,-1.37635262103821006e-08,-4.60764358045552572e-09,-2.18502790156384782e-09,-9.76169054552066581e-10,-1.37635262103821006e-08,-4.60764358045552572e-09,-2.18502790156384782e-09,-9.76169054552066581e-10,-3.64564674128727162e-08,-4.53735976593661278e-08,1.49540977683895141e-07,2.19983735093566381e-09,19,2,1,5.76460752303767552e+17
91,3,367,-3.15704304855947091e-39,-8.56332399990567431e-09,-8.56332438311499823e-09,-3.76933100280109806e-39,8.92868433577484122e-08,-3.39934344871316041e-08,1.23280277844880029e-07,3.39934344871316041e-08,4.77951611107655276e-07,-4.28135720481662902e-39,2.85798027035109787e-40,-5.56870035721787445e-40,-1.02259861415692448e-40,-1.31948677509413713e-08,-4.03438169479939224e-09,-1.94834935673642242e-09,-8.65191888722010224e-10,-1.31948677509413713e-08,-4.03438169479939224e-09,-1.94834935673642242e-09,-8.65191888722010224e-10,-3.39934344871316041e-08,-7.28988051820651566e-08,4.05052805925590119e-07,1.67276947859461875e-07,19,2,1,5.76460752303767552e+17
92,0,368,-2.47853168684504558e-39,-8.19432662682699292e-09,-8.19432719754950112e-09,-2.95972196856253932e-39,7.09702782871389534e-09,-3.85760599463494030e-07,3.92857627292207950e-07,3.85760599463494030e-07,5.78655329987248258e-07,-3.36125982552925183e-39,2.24225076369355049e-40,-4.37190956355719213e-40,-8.02979285774589715e-41,-1.25425300752322662e-08,-3.56027450580596783e-09,-1.76972961756333872e-09,-7.83295159627989294e-10,-1.25425300752322662e-08,-3.56027450580596783e-09,-1.76972961756333872e-09,-7.83295159627989294e-10,-3.85760599463494030e-07,-3.05418199338985626e-07,1.22832857699124937e-07,1.92894730523754228e-07,19,2,1,5.76460752303767552e+17
92,1,369,-1.94587992904831668e-39,-2.53101081056737172e-08,-2.53101089616386765e-08,-2.32404571740784101e-39,9.06846456512264357e-08,9.57050428275989037e-08,5.02039717637246808e-09,9.57050428275989037e-08,3.93084064688102562e-07,-2.63894682575651597e-39,1.75915707083779314e-40,-3.43236731795443888e-40,-6.30542895698800203e-41,-4.01762915717112326e-08,-1.73304679157800077e-08,-8.70919812990831056e-09,-4.25882529869227379e-09,-4.01762915717112326e-08,-1.73304679157800077e-08,-8.70919812990831056e-09,-4.25882529869227379e-09,9.57050428275989037e-08,4.54336761753479145e-08,1.42562035723214674e-07,4.38517740863450450e-07,19,2,1,5.76460752303767552e+17
92,2,370,-1.52772527491663415e-39,-1.47556996072693543e-08,-1.47557001027294415e-08,-1.82492534581402141e-39,1.25230236003896589e-07,-3.32417107033736471e-07,4.57647343037633060e-07,3.32417107033736471e-07,8.59967759752596676e-07,-2.07189211537061615e-39,1.38013989500755459e-40,-2.69477030823177162e-40,-4.95148431707455056e-41,-2.26569639386865713e-08,-6.47025377883538714e-09,-3.00532453229458810e-09,-1.25179230106828038e-09,-2.26569639386865713e-08,-6.47025377883538714e-09,-3.00532453229458810e-09,-1.25179230106828038e-09,-3.32417107033736471e-07,-1.61813916713181765e-07,8.27874397259978581e-08,5.27550652718860205e-07,19,2,1,5.76460752303767552e+17
92,3,371,-1.19945004558051296e-39,-2.76561359647508430e-08,-2.76561363451699593e-08,-1.43301839089833263e-39,1.24509696118798280e-07,3.85703392132842813e-07,2.61193696014044533e-07,3.85703392132842813e-07,4.40666246953043014e-07,-1.62671523157190487e-39,1.08278482947093026e-40,-2.11570567765217788e-40,-3.88835515724772886e-41,-4.34240029008600774e-08,-1.67439281259608711e-08,-8.31542281459737319e-09,-3.96005086898812954e-09,-4.34240029008600774e-08,-1.67439281259608711e-08,-8.31542281459737319e-09,-3.96005086898812954e-09,3.85703392132842813e-07,2.22153245227913041e-07,-5.49628548202002011e-08,3.77489744679916336e-08,19,2,1,5.76460752303767552e+17
93,0,372,-9.41730643476442142e-40,-2.10757991463797118e-09,-2.10757890335466234e-09,-1.12528922641384790e-39,1.22472586328876822e-08,-4.82535138391331839e-08,6.05007724720208628e-08,4.82535138391331839e-08,3.72510057389312211e-07,-1.27721415936787065e-39,8.49501602807721668e-41,-1.66109436728909258e-40,-3.05355267880636169e-41,-1.74852496806869962e-09,5.71453933582748091e-09,3.03026027919551334e-09,1.80966710175323446e-09,-1.74852496806869962e-09,5.71453933582748091e-09,3.03026027919551334e-09,1.80966710175323446e-09,-4.82535138391331839e-08,1.69331834433128051e-07,3.24256543550179054e-07,1.43717806892291825e-07,19,2,1,5.76460752303767552e+17
93,1,373,-7.39398867892209173e-40,-3.67953904077142384e-09,-3.67953906823742834e-09,-8.83653048054228380e-40,1.16660262934056369e-07,1.02712095498689087e-07,1.39481674353672823e-08,1.02712095498689087e-07,3.27903043798582231e-07,-1.00282132003551292e-39,6.66486816990301357e-41,-1.30418418050834744e-40,-2.39802146993480978e-41,-4.66205593727392004e-09,2.22498805995252545e-09,7.75592877973117174e-10,4.76163972249678709e-10,-4.66205593727392004e-09,2.22498805995252545e-09,7.75592877973117174e-10,4.76163972249678709e-10,1.02712095498689087e-07,2.38554521866494605e-07,4.30615139297271318e-07,3.98198059095940357e-07,19,2,1,5.76460752303767552e+17
93,2,374,-5.80548166298325368e-40,2.48601110854088397e-09,2.48601157034180297e-09,-6.93911502718323579e-40,1.04569048342369186e-07,-3.49551039941981595e-08,1.39524152336567345e-07,3.49551039941981595e-08,5.51528222999830728e-07,-7.87391699733985066e-40,5.22909425518969287e-41,-1.02397438155530708e-40,-1.88325024646391349e-41,5.03828640985410717e-09,5.90111407025736385e-09,2.46991817053149746e-09,1.28002827255251116e-09,5.03828640985410717e-09,5.90111407025736385e-09,2.46991817053149746e-09,1.28002827255251116e-09,-3.49551039941981595e-08,5.16573119005632515e-07,2.59878354059487474e-07,3.95391757714811279e-07,19,2,1,5.76460752303767552e+17
93,3,375,-4.55832135762245372e-40,3.99533366539779610e-10,3.99532689313493811e-10,-5.44917219207559163e-40,9.03817270272302140e-08,-1.01648343574405942e-07,1.92030070601636169e-07,1.01648343574405942e-07,4.11246811515039872e-07,-6.18251668621783407e-40,4.10271195239243797e-41,-8.03979045361033361e-41,-1.47900433120080120e-41,1.30324702117969313e-09,2.51083417774626589e-09,6.60204036662896115e-10,3.18767813022529995e-10,1.30324702117969313e-09,2.51083417774626589e-09,6.60204036662896115e-10,3.18767813022529995e-10,-1.01648343574405942e-07,-1.26242833584703671e-08,2.34648719851468130e-07,3.09598467940633917e-07,19,2,1,5.76460752303767552e+17
94,0,376,-3.57913919814696459e-40,-4.59762538784330017e-09,-4.59762687106864031e-09,-4.27917998680526061e-40,1.23619284140507560e-07,5.51892458538651462e-07,4.28273174398143902e-07,5.51892458538651462e-07,6.40527154216944069e-07,-4.85452409382374886e-40,3.21904616668891825e-41,-6.31256321430926173e-41,-1.16154601769571372e-41,-6.99266289648339488e-09,-2.38411661096798725e-09,-1.70813534521584730e-09,-8.51404225290878868e-10,-6.99266289648339488e-09,-2.38411661096798725e-09,-1.70813534521584730e-09,-8.51404225290878868e-10,5.51892458538651462e-07,-8.86346956782926597e-08,1.56982134540996005e-07,2.31095769436498686e-07,19,2,1,5.76460752303767552e+17
94,1,377,-2.81034040936114897e-40,2.38313116968135996e-08,2.38313121811759703e-08,-3.36042018649340179e-40,2.81724691840289381e-07,1.63970038834512832e-09,2.80084991451944226e-07,1.63970038834512832e-09,3.07398820635201939e-07,-3.81183937716400842e-40,2.52578765267967875e-41,-4.95646433778513717e-41,-9.12237792514762100e-42,3.89259500687466345e-08,2.07016440701990480e-08,1.00315997099133790e-08,5.07635419507428074e-09,3.89259500687466345e-08,2.07016440701990480e-08,1.00315997099133790e-08,5.07635419507428074e-09,1.63970038834512832e-09,3.03665158351661375e-07,3.09038521023547094e-07,4.62006824756924748e-08,19,2,1,5.76460752303767552e+17
94,2,378,-2.20671190949552469e-40,1.86549253972354168e-08,1.86549253948575703e-08,-2.63893719589915368e-40,1.56113420673324335e-07,-2.12504499716530520e-07,3.68617920389854855e-07,2.12504499716530520e-07,5.66503921401946706e-07,-2.99315166525612096e-40,1.98189935753971680e-41,-3.89173532245839097e-41,-7.16446008174348143e-42,2.98139916061811125e-08,1.27983044624266302e-08,5.67813777485894928e-09,2.65973444572913213e-09,2.98139916061811125e-08,1.27983044624266302e-08,5.67813777485894928e-09,2.65973444572913213e-09,-2.12504499716530520e-07,3.53999421685416186e-07,3.32915127097784234e-07,1.60793432709595136e-07,19,2,1,5.76460752303767552e+17
94,3,379,-1.73275982173891417e-40,3.87561524017890944e-09,3.87561497179109132e-09,-2.07236569056828895e-40,1.98487221493362867e-07,3.49575766571054874e-07,1.51088545077692007e-07,3.49575766571054874e-07,8.03438807677213601e-07,-2.35032897979602159e-40,1.55518839804790313e-41,-3.05576161381433933e-41,-5.62680344657285554e-42,5.48957833612208840e-09,-9.47344268028629616e-10,-1.10859003012867055e-09,-7.52743151888177266e-10,5.48957833612208840e-09,-9.47344268028629616e-10,-1.10859003012867055e-09,-7.52743151888177266e-10,3.49575766571054874e-07,7.08422406977609885e-07,-9.50164006996037431e-08,-8.70390730185744692e-08,19,2,1,5.76460752303767552e+17
95,0,380,-1.36061964012802909e-40,2.01407667056889461e-08,2.01407661870297383e-08,-1.62744019661363695e-40,6.52028612082966815e-08,3.02864098160448570e-07,2.37661236952151889e-07,3.02864098160448570e-07,2.33944771080457474e-07,-1.84558461351421541e-40,1.22040062751440904e-41,-2.39938689183332843e-41,-4.41918320543624372e-42,3.18427701862500005e-08,1.29978422419689019e-08,6.30444612586805831e-09,3.09242433851926590e-09,3.18427701862500005e-08,1.29978422419689019e-08,6.30444612586805831e-09,3.09242433851926590e-09,3.02864098160448570e-07,6.89193270799910833e-08,9.08598246435067369e-08,1.60919796609602666e-07,19,2,1,5.76460752303767552e+17
95,1,381,-1.06841586173514919e-40,3.04739862080889175e-08,3.04739856279441604e-08,-1.27803996632776052e-40,3.22962367772921083e-08,-1.96047807074975463e-07,2.28344043852267578e-07,1.96047807074975463e-07,2.86328325848027108e-07,-1.44925293243921074e-40,9.57725441311451549e-42,-1.88401985338714861e-41,-3.47075038821665993e-42,4.81957497662934024e-08,1.97392249091963785e-08,9.60074608849437548e-09,4.63311371416961783e-09,4.81957497662934024e-08,1.97392249091963785e-08,9.60074608849437548e-09,4.63311371416961783e-09,-1.96047807074975463e-07,9.02805187730516187e-08,-6.34612920539362146e-08,6.41665459524541239e-08,19,2,1,5.76460752303767552e+17
95,2,382,-8.38974399003924473e-41,1.37235970413126985e-08,1.37235967224123741e-08,-1.00365405136486826e-40,1.34533497535673103e-09,1.95866038985034275e-07,1.94520704009677547e-07,1.95866038985034275e-07,5.10740321019018410e-07,-1.13804350513196081e-40,7.51622588577059282e-42,-1.47936307195912535e-41,-2.72586923547727824e-42,2.05962532584689201e-08,3.74701793224951171e-09,1.47359312270762965e-09,4.38705500813792116e-10,2.05962532584689201e-08,3.74701793224951171e-09,1.47359312270762965e-09,4.38705500813792116e-10,1.95866038985034275e-07,1.62984919698449178e-07,-1.34616134413368545e-07,3.76124186605649892e-07,19,2,1,5.76460752303767552e+17
95,3,383,-6.58811886777579914e-41,2.00124342105552881e-08,2.00124332665022804e-08,-7.88176232169950219e-41,2.84618382786683521e-08,-3.92871626485302411e-07,4.21333464763970773e-07,3.92871626485302411e-07,8.62115132091734849e-07,-8.93670667095584721e-41,5.89901707934886029e-42,-1.16163016460809985e-41,-2.14084928635395182e-42,3.07983468994803274e-08,9.44121667777005165e-09,4.70300307353012543e-09,2.16890178664111332e-09,3.07983468994803274e-08,9.44121667777005165e-09,4.70300307353012543e-09,2.16890178664111332e-09,-3.92871626485302411e-07,3.79875838246287933e-07,4.69243505606432439e-07,2.47828025752795343e-07,19,2,1,5.76460752303767552e+17
96,0,384,-5.17342324291271764e-41,-4.23380068843583245e-09,-4.23380192116782710e-09,-6.18958892509468525e-41,7.69357843964609232e-08,1.91786593589757067e-07,1.14850809193296144e-07,1.91786593589757067e-07,4.73381815054505816e-07,-7.01777765218937857e-41,4.63000192199048934e-42,-9.12146263240177130e-42,-1.68137976887281225e-42,-8.49962301697675606e-09,-1.05525748790906712e-08,-5.21077420189611746e-09,-2.81184332080708259e-09,-8.49962301697675606e-09,-1.05525748790906712e-08,-5.21077420189611746e-09,-2.81184332080708259e-09,1.91786593589757067e-07,4.50584250963270736e-08,-2.81595221464748776e-07,-1.07824947137500030e-07,19,2,1,5.76460752303767552e+17
96,1,385,-4.06254305750614494e-41,5.86843357226084979e-09,5.86843461919995264e-09,-4.86070177771177477e-41,1.54332301667260490e-07,-5.39700659372401586e-07,6.94032961039662075e-07,5.39700659372401586e-07,1.07195149842220283e-06,-5.51092700820800269e-41,3.63416680506624250e-42,-7.16249368243129573e-42,-1.32051527948364631e-42,8.37899292463004837e-09,6.08047524543696797e-10,8.86562695742821423e-10,4.43320035886346284e-10,8.37899292463004837e-09,6.08047524543696797e-10,8.86562695742821423e-10,4.43320035886346284e-10,-5.39700659372401586e-07,5.32250839049801134e-07,1.11223296703456738e-07,6.53946045471891110e-08,19,2,1,5.76460752303767552e+17
96,2,386,-3.19022149683767601e-41,-2.23763952687735182e-08,-2.23763944578029127e-08,-3.81710744796505389e-41,1.20052725834540884e-07,-6.30136607960748050e-08,1.83066386630615689e-07,6.30136607960748050e-08,1.19135458218155255e-06,-4.32765025368617412e-41,2.85266659951845925e-42,-5.62427887482659058e-42,-1.03709422939875350e-42,-3.70945340420949957e-08,-2.15403099426932837e-08,-1.02465002152749126e-08,-5.16647785378221952e-09,-3.70945340420949957e-08,-2.15403099426932837e-08,-1.02465002152749126e-08,-5.16647785378221952e-09,-6.30136607960748050e-08,2.74995878343014665e-07,-4.63822943199938754e-07,7.27531638981613793e-07,19,2,1,5.76460752303767552e+17
96,3,387,-2.50522130122712945e-41,-2.06660995571561503e-08,-2.06660985679039393e-08,-2.99755805388534681e-41,2.14631269266795666e-07,-2.74352867742359516e-07,4.88984137009155209e-07,2.74352867742359516e-07,1.24343696919258373e-06,-3.39845544569510245e-41,2.23933870284002220e-42,-4.41643576743617224e-42,-8.14497031602984791e-43,-3.34723821694098448e-08,-1.59280205036861719e-08,-7.00981484437332154e-09,-3.31929875669618786e-09,-3.34723821694098448e-08,-1.59280205036861719e-08,-7.00981484437332154e-09,-3.31929875669618786e-09,-2.74352867742359516e-07,-4.99896975359927813e-07,3.69063114060654723e-07,7.43539993832655914e-07,19,2,1,5.76460752303767552e+17
97,0,388,-1.96731207358916292e-41,-2.96149951235186019e-08,-2.96149938346750230e-08,-2.35395539341252361e-41,3.83971942648793112e-07,4.77308358216905553e-07,9.33364155681124418e-08,4.77308358216905553e-07,6.75266416141028504e-07,-2.66877785558858165e-41,1.75796867317845747e-42,-3.46800018628124641e-42,-6.39671010695180731e-43,-4.73225862216587417e-08,-2.05521384343928882e-08,-9.36198667604601292e-09,-4.45842751097618453e-09,-4.73225862216587417e-08,-2.05521384343928882e-08,-9.36198667604601292e-09,-4.45842751097618453e-09,4.77308358216905553e-07,-1.97958057924122898e-07,1.46822846654595652e-07,4.69197794928886384e-07,19,2,1,5.76460752303767552e+17
97,1,389,-1.54490517907765248e-41,7.71979975509087324e-10,7.71981072099207756e-10,-1.84852740650233919e-41,1.66262882142244658e-07,1.23300168422450403e-06,1.06673880208225942e-06,1.23300168422450403e-06,1.81642684947868285e-06,-2.09577273811135263e-41,1.38014545701375801e-42,-2.72325349163877495e-42,-5.02364719956019834e-43,2.46823550300672869e-09,6.92129030380923402e-09,4.34089958701648961e-09,2.46805522608424930e-09,2.46823550300672869e-09,6.92129030380923402e-09,4.34089958701648961e-09,2.46805522608424930e-09,1.23300168422450403e-06,6.26675966277663146e-07,-5.83425165254178826e-07,-2.27243251981303130e-07,19,2,1,5.76460752303767552e+17
97,2,390,-1.21319699177942071e-41,6.19000350041176518e-08,6.19000342042033475e-08,-1.45161103700028509e-41,1.82627069701233110e-07,3.15208644690495997e-07,1.32581574989262887e-07,3.15208644690495997e-07,1.99051868552609535e-07,-1.64579740030425086e-41,1.08357910772576937e-42,-2.13844670039485919e-42,-3.94526673475562225e-43,1.00970967524429912e-07,5.41635869756410978e-08,2.71979425775921484e-08,1.36312618857634116e-08,1.00970967524429912e-07,5.41635869756410978e-08,2.71979425775921484e-08,1.36312618857634116e-08,3.15208644690495997e-07,2.58278218367055800e-07,2.43041093346142746e-07,1.16156776137886462e-07,19,2,1,5.76460752303767552e+17
97,3,391,-9.52711192497575047e-42,6.38328858674868272e-08,6.38328859443585347e-08,-1.13991122452903342e-41,-2.24549095517619096e-08,2.80351390206526226e-08,5.04900485724145289e-08,2.80351390206526226e-08,8.23188613075991878e-07,-1.29243437831727704e-41,8.50781276581842949e-43,-1.67922865962767841e-42,-3.09833173304008824e-43,1.02248875150880498e-07,4.60229131094898246e-08,2.16819169071795739e-08,1.02422800633199744e-08,1.02248875150880498e-07,4.60229131094898246e-08,2.16819169071795739e-08,1.02422800633199744e-08,2.80351390206526226e-08,-7.52460402242667877e-07,-2.60946490318305972e-07,-7.95153474055339229e-07,19,2,1,5.76460752303767552e+17
98,0,392,-7.48154327662754173e-42,5.07090436895237145e-08,5.07090429094669992e-08,-8.95133751339089074e-42,-4.62271939762495303e-08,-9.50030758736499371e-07,9.03803564760249807e-07,9.50030758736499371e-07,1.60437977481559802e-06,-1.01493940013810735e-41,6.68030247845017690e-43,-1.31862692360344138e-42,-2.43317503180398119e-43,7.95438342790453504e-08,2.86054577321659329e-08,1.26746887416507931e-08,5.57041631971672417e-09,7.95438342790453504e-08,2.86054577321659329e-08,1.26746887416507931e-08,5.57041631971672417e-09,-9.50030758736499371e-07,-1.74216703991213452e-07,5.45166411642272164e-07,6.54349016079098647e-07,19,2,1,5.76460752303767552e+17
98,1,393,-5.87517288688932420e-42,-8.20185319578376524e-09,-8.20185256260721331e-09,-7.02911645429626032e-42,-1.43299433151292076e-07,-8.72715568788155964e-07,7.29416135636863888e-07,8.72715568788155964e-07,1.84938505841061789e-06,-7.97022826223804226e-42,5.24559152651823647e-43,-1.03546252797477203e-42,-1.91078719270436563e-43,-1.64424633994340312e-08,-2.17662294810403618e-08,-1.20080056482072978e-08,-6.64970678417881834e-09,-1.64424633994340312e-08,-2.17662294810403618e-08,-1.20080056482072978e-08,-6.64970678417881834e-09,-8.72715568788155964e-07,9.76669489622461930e-07,-3.16997578012211881e-08,-2.75852321942586285e-07,19,2,1,5.76460752303767552e+17
98,2,394,-4.61369851689527277e-42,-5.02413321928069331e-08,-5.02413307818746655e-08,-5.51962093625885908e-42,6.99894129611230752e-08,1.03490333986086428e-07,3.35009210249633527e-08,1.03490333986086428e-07,1.99585653592476919e-06,-6.25892893294294466e-42,4.11919227064805691e-43,-8.13105398499878668e-43,-1.50052945880572647e-43,-8.33971175091282143e-08,-4.96080159675544245e-08,-2.43611110376189711e-08,-1.22237454532590551e-08,-8.33971175091282143e-08,-4.96080159675544245e-08,-2.43611110376189711e-08,-1.22237454532590551e-08,1.03490333986086428e-07,1.27886481496560570e-06,5.68598534312470691e-07,-7.16991720959163495e-07,19,2,1,5.76460752303767552e+17
98,3,395,-3.62306783296750206e-42,-3.43086694484687177e-08,-3.43086696384238434e-08,-4.33424362576004535e-42,1.14701310146504753e-07,9.94532137459810957e-07,8.79830827313306204e-07,9.94532137459810957e-07,2.18360306864639440e-06,-4.91504496845444399e-42,3.23480359690868005e-43,-6.38497182171722906e-43,-1.17833756018324367e-43,-5.57353391650897535e-08,-2.68856482852942825e-08,-1.16609487975628095e-08,-5.32403569190081822e-09,-5.57353391650897535e-08,-2.68856482852942825e-08,-1.16609487975628095e-08,-5.32403569190081822e-09,9.94532137459810957e-07,1.25533430555807518e-06,-7.51312072719181656e-08,-9.28268763088319225e-07,19,2,1,5.76460752303767552e+17
99,0,396,-2.84512939537555212e-42,2.25819260339591684e-08,2.25819254443245916e-08,-3.40339859127971314e-42,2.64228273538566166e-07,8.63687292266762489e-07,5.99459018728196270e-07,8.63687292266762489e-07,8.71159803359066902e-07,-3.85969343857273373e-42,2.54039317051807331e-43,-5.01384027650220001e-43,-9.25310992830768982e-44,3.72822749350967167e-08,2.35861546947930419e-08,1.34700786415240079e-08,7.20720913722251969e-09,3.72822749350967167e-08,2.35861546947930419e-08,1.34700786415240079e-08,7.20720913722251969e-09,8.63687292266762489e-07,4.11557333922370414e-07,-7.47251109230441266e-09,6.76861575043029257e-07,19,2,1,5.76460752303767552e+17
99,1,397,-2.23421787257645378e-42,6.04720015573922452e-08,6.04720026831976850e-08,-2.67243810074694792e-42,1.77576885647108881e-07,6.49841751954261442e-07,4.72264866307152561e-07,6.49841751954261442e-07,8.22963945792322423e-07,-3.03092801771060071e-42,1.99512422213664008e-43,-3.93714196614956854e-43,-7.26605026674751304e-44,9.78251137101940769e-08,4.95301678548663719e-08,2.50421088721495403e-08,1.24129518630109641e-08,9.78251137101940769e-08,4.95301678548663719e-08,2.50421088721495403e-08,1.24129518630109641e-08,6.49841751954261442e-07,3.35351384440867083e-07,-1.73122193838061008e-07,3.89292234499773650e-07,19,2,1,5.76460752303767552e+17
99,2,398,-1.75447274218854558e-42,7.91190118821865306e-08,7.91190115841814403e-08,-2.09844596015277412e-42,4.83509101652000436e-08,-2.54862911051832929e-07,3.03213821217032993e-07,2.54862911051832929e-07,1.51464139236343990e-06,-2.38010222703429487e-42,1.56694472164046284e-43,-3.09165085938132490e-43,-5.70560466561563582e-44,1.26383835456069947e-07,5.62854550662988572e-08,2.71623834187738385e-08,1.29466663339244880e-08,1.26383835456069947e-07,5.62854550662988572e-08,2.71623834187738385e-08,1.29466663339244880e-08,-2.54862911051832929e-07,1.13287739939622555e-06,-3.81763992967214244e-07,1.07097765767353661e-07,19,2,1,5.76460752303767552e+17
99,3,399,-1.37773288672767786e-42,4.84577579607629641e-08,4.84577601316035743e-08,-1.64771920635858400e-42,-4.83132347640444731e-09,6.54351027691645229e-08,7.02664262455689719e-08,6.54351027691645229e-08,9.08770367743550150e-07,-1.86901372250379057e-42,1.23069608860867276e-43,-2.42771853704067343e-43,-4.48020140839544515e-44,7.51101650495276363e-08,2.33901442353328438e-08,1.01393346126473928e-08,4.14556586059465761e-09,7.51101650495276363e-08,2.33901442353328438e-08,1.01393346126473928e-08,4.14556586059465761e-09,6.54351027691645229e-08,3.71763855557509830e-07,4.19076129210339885e-07,-4.89694238533210318e-07,19,2,1,5.76460752303767552e+17
