block,within_block_sample,u_semantic,bootstrap_scale,scaled_input_abs_max,num_iterations,iterative_precision_bits,u_pre_0,u_pre_1,u_pre_2,u_pre_3,u_post_0,u_post_1,u_post_2,u_post_3,e_u_pre,e_u_boot,e_u_total,max_slot_spread,before_reduction_level,before_reduction_towers,before_reduction_noiseScaleDegree,before_reduction_scalingFactor,before_bootstrap_level,before_bootstrap_towers,before_bootstrap_noiseScaleDegree,before_bootstrap_scalingFactor,after_bootstrap_level,after_bootstrap_towers,after_bootstrap_noiseScaleDegree,after_bootstrap_scalingFactor,bootstrap_ms,fresh_probe_enabled,e_B_prod,e_B_fresh,fresh_bootstrap_ms
0,0,5.97519082627767165e-02,1.00000000000000000e+00,5.97519082627805190e-02,2,18,5.97519082627764805e-02,5.97519082627730458e-02,5.97519082627805190e-02,5.97519082627756826e-02,5.97519082630573600e-02,5.97519082628237205e-02,5.97519082628995002e-02,5.97519082629951667e-02,3.80251385934116115e-15,2.80879486336260697e-13,2.80643563943527852e-13,2.33639496638460287e-13,1,20,1,5.76460752303439872e+17,19,2,1,5.76460752303439872e+17,16,5,2,3.32306998945331719e+35,5.13336956999999984e+02,0,2.80879486336260697e-13,nan,0.00000000000000000e+00
0,1,-5.00386380946312936e-01,1.00000000000000000e+00,5.00386380946321818e-01,2,18,-5.00386380946318043e-01,-5.00386380946321818e-01,-5.00386380946304277e-01,-5.00386380946318265e-01,-5.00386380948183218e-01,-5.00386380948263598e-01,-5.00386380948201204e-01,-5.00386380948001364e-01,8.88178419700125232e-15,1.94178007006939879e-12,1.95066185426640004e-12,2.62234678416461975e-13,1,20,1,5.76460752303439872e+17,19,2,1,5.76460752303439872e+17,16,5,2,3.32306998945331719e+35,4.98987707999999998e+02,0,1.94178007006939879e-12,nan,0.00000000000000000e+00
0,2,-3.81110471074999624e-01,1.00000000000000000e+00,3.81110471074999180e-01,2,18,-3.81110471074996737e-01,-3.81110471074993518e-01,-3.81110471074991741e-01,-3.81110471074999180e-01,-3.81110471076357205e-01,-3.81110471076336776e-01,-3.81110471076441359e-01,-3.81110471076584578e-01,7.88258347483861144e-15,1.58539847916472354e-12,1.58495438995487348e-12,2.47801779096334940e-13,1,20,1,5.76460752303439872e+17,19,2,1,5.76460752303439872e+17,16,5,2,3.32306998945331719e+35,5.05663300999999990e+02,0,1.58539847916472354e-12,nan,0.00000000000000000e+00
0,3,-3.84685388081317747e-01,1.00000000000000000e+00,3.84685388081322965e-01,2,18,-3.84685388081321522e-01,-3.84685388081318524e-01,-3.84685388081318858e-01,-3.84685388081322965e-01,-3.84685388082892210e-01,-3.84685388082869339e-01,-3.84685388082754320e-01,-3.84685388082564028e-01,5.21804821573823574e-15,1.57068802408844022e-12,1.57446278237216575e-12,3.28181926079196273e-13,1,20,1,5.76460752303439872e+17,19,2,1,5.76460752303439872e+17,16,5,2,3.32306998945331719e+35,5.17032081999999946e+02,0,1.57068802408844022e-12,nan,0.00000000000000000e+00
1,0,-3.33722736288992183e-01,1.00000000000000000e+00,3.33722736289049804e-01,2,18,-3.33722736289049804e-01,-3.33722736289046251e-01,-3.33722736288949884e-01,-3.33722736288992960e-01,-3.33722736290588851e-01,-3.33722736290429201e-01,-3.33722736290284983e-01,-3.33722736290369582e-01,5.76205749780456244e-14,1.53904666788662325e-12,1.59666724286466888e-12,3.03868041839905345e-13,19,2,1,5.76460752303767552e+17,19,2,1,5.76460752303767552e+17,16,5,2,3.32306998945331719e+35,4.59540572999999995e+02,0,1.53904666788662325e-12,nan,0.00000000000000000e+00
1,1,-3.02406983930252227e-01,1.00000000000000000e+00,3.02406983930323614e-01,2,18,-3.02406983930323614e-01,-3.02406983930295525e-01,-3.02406983930263107e-01,-3.02406983930085582e-01,-3.02406983931717832e-01,-3.02406983931238160e-01,-3.02406983931508000e-01,-3.02406983931782058e-01,1.66644475996235997e-13,1.69647629277847045e-12,1.52983181678223445e-12,5.43898259763864189e-13,19,2,1,5.76460752303767552e+17,19,2,1,5.76460752303767552e+17,16,5,2,3.32306998945331719e+35,4.67762496999999996e+02,0,1.69647629277847045e-12,nan,0.00000000000000000e+00
1,2,-2.59386855035703356e-01,1.00000000000000000e+00,2.59386855035836861e-01,2,18,-2.59386855035717068e-01,-2.59386855035836861e-01,-2.59386855035590280e-01,-2.59386855035640351e-01,-2.59386855036759789e-01,-2.59386855036736363e-01,-2.59386855036744468e-01,-2.59386855036982167e-01,1.33504318711175074e-13,1.34181554756196419e-12,1.27881039091448656e-12,2.45803377652009658e-13,19,2,1,5.76460752303767552e+17,19,2,1,5.76460752303767552e+17,16,5,2,3.32306998945331719e+35,4.98551135999999985e+02,0,1.34181554756196419e-12,nan,0.00000000000000000e+00
1,3,-2.26573858838633679e-01,1.00000000000000000e+00,2.26573858838777287e-01,2,18,-2.26573858838607367e-01,-2.26573858838769515e-01,-2.26573858838715170e-01,-2.26573858838777287e-01,-2.26573858839730496e-01,-2.26573858839629966e-01,-2.26573858839818482e-01,-2.26573858839385106e-01,1.43607348235263999e-13,1.12312936728642399e-12,1.18480225630435143e-12,4.33375557662429856e-13,19,2,1,5.76460752303767552e+17,19,2,1,5.76460752303767552e+17,16,5,2,3.32306998945331719e+35,4.90894362000000001e+02,0,1.12312936728642399e-12,nan,0.00000000000000000e+00
2,0,-1.91554719718781269e-01,1.00000000000000000e+00,1.91554719718851740e-01,2,18,-1.91554719718802946e-01,-1.91554719718848077e-01,-1.91554719718851740e-01,-1.91554719718849575e-01,-1.91554719719574135e-01,-1.91554719719653765e-01,-1.91554719719717020e-01,-1.91554719719682132e-01,7.04714064880818114e-14,8.65280069817231379e-13,9.35751476305313190e-13,1.42885703269257647e-13,19,2,1,5.76460752303767552e+17,19,2,1,5.76460752303767552e+17,16,5,2,3.32306998945331719e+35,4.96898820000000001e+02,0,8.65280069817231379e-13,nan,0.00000000000000000e+00
2,1,-1.63395048397484866e-01,1.00000000000000000e+00,1.63395048397746157e-01,2,18,-1.63395048397746157e-01,-1.63395048397330767e-01,-1.63395048397317721e-01,-1.63395048397663611e-01,-1.63395048398414899e-01,-1.63395048398065817e-01,-1.63395048398535192e-01,-1.63395048398028625e-01,2.61290988845530592e-13,1.21747056880394666e-12,1.05032649244662935e-12,5.06567010560843300e-13,19,2,1,5.76460752303767552e+17,19,2,1,5.76460752303767552e+17,16,5,2,3.32306998945331719e+35,4.97009455000000003e+02,0,1.21747056880394666e-12,nan,0.00000000000000000e+00
2,2,-1.36398215899415448e-01,1.00000000000000000e+00,1.36398215899686093e-01,2,18,-1.36398215899553005e-01,-1.36398215899513398e-01,-1.36398215899403014e-01,-1.36398215899686093e-01,-1.36398215900217640e-01,-1.36398215900376846e-01,-1.36398215899761005e-01,-1.36398215900247061e-01,2.70644617827997536e-13,8.63448201826599870e-13,9.61397628174154306e-13,6.15840711759574333e-13,19,2,1,5.76460752303767552e+17,19,2,1,5.76460752303767552e+17,16,5,2,3.32306998945331719e+35,5.04755877999999996e+02,0,8.63448201826599870e-13,nan,0.00000000000000000e+00
2,3,-1.14313691578717708e-01,1.00000000000000000e+00,1.14313691579202417e-01,2,18,-1.14313691578935089e-01,-1.14313691579202417e-01,-1.14313691578916410e-01,-1.14313691578648693e-01,-1.14313691579565807e-01,-1.14313691579736046e-01,-1.14313691579549931e-01,-1.14313691579401175e-01,4.84709494763535531e-13,7.52481410515315474e-13,1.01833819154961702e-12,3.34871019802562842e-13,19,2,1,5.76460752303767552e+17,19,2,1,5.76460752303767552e+17,16,5,2,3.32306998945331719e+35,4.87317606000000012e+02,0,7.52481410515315474e-13,nan,0.00000000000000000e+00
3,0,-9.43700290341143166e-02,1.00000000000000000e+00,9.43700290342978365e-02,2,18,-9.43700290342978365e-02,-9.43700290342728565e-02,-9.43700290340857562e-02,-9.43700290336574876e-02,-9.43700290345337034e-02,-9.43700290347247173e-02,-9.43700290347098125e-02,-9.43700290340910852e-02,4.56829019057636287e-13,6.24056362141800491e-13,6.10400618938911066e-13,6.33632035729192467e-13,19,2,1,5.76460752303767552e+17,19,2,1,5.76460752303767552e+17,16,5,2,3.32306998945331719e+35,4.93843679000000009e+02,0,6.24056362141800491e-13,nan,0.00000000000000000e+00
3,1,-7.79982185721254107e-02,1.00000000000000000e+00,7.79982185726380978e-02,2,18,-7.79982185723998717e-02,-7.79982185726380978e-02,-7.79982185721750515e-02,-7.79982185720304727e-02,-7.79982185727159799e-02,-7.79982185731127597e-02,-7.79982185725759253e-02,-7.79982185721626586e-02,5.12687114984089476e-13,4.74661976390677864e-13,9.87349091374767340e-13,9.50101108898593338e-13,19,2,1,5.76460752303767552e+17,19,2,1,5.76460752303767552e+17,16,5,2,3.32306998945331719e+35,5.00863457999999980e+02,0,4.74661976390677864e-13,nan,0.00000000000000000e+00
3,2,-6.37584658485784717e-02,1.00000000000000000e+00,6.37584658488555694e-02,2,18,-6.37584658488555694e-02,-6.37584658486112232e-02,-6.37584658483526662e-02,-6.37584658486764488e-02,-6.37584658492033884e-02,-6.37584658488731526e-02,-6.37584658490622236e-02,-6.37584658486627098e-02,2.77097789158631258e-13,7.09557412825745359e-13,6.24916784985884988e-13,5.40678612992451235e-13,19,2,1,5.76460752303767552e+17,19,2,1,5.76460752303767552e+17,16,5,2,3.32306998945331719e+35,4.97107638000000009e+02,0,7.09557412825745359e-13,nan,0.00000000000000000e+00
3,3,-5.20974199160217921e-02,1.00000000000000000e+00,5.20974199165952154e-02,2,18,-5.20974199165952154e-02,-5.20974199159823861e-02,-5.20974199163620824e-02,-5.20974199160814874e-02,-5.20974199168904722e-02,-5.20974199165499530e-02,-5.20974199164856294e-02,-5.20974199162543283e-02,5.73423253324989446e-13,5.67566826870091745e-13,8.68680127830145921e-13,6.36143915322406883e-13,19,2,1,5.76460752303767552e+17,19,2,1,5.76460752303767552e+17,16,5,2,3.32306998945331719e+35,5.07338536999999974e+02,0,5.67566826870091745e-13,nan,0.00000000000000000e+00
4,0,-4.22116991275043457e-02,1.00000000000000000e+00,4.22116991279391368e-02,2,18,-4.22116991272811631e-02,-4.22116991273943018e-02,-4.22116991279391368e-02,-4.22116991274588474e-02,-4.22116991277777798e-02,-4.22116991277791259e-02,-4.22116991279475745e-02,-4.22116991277111941e-02,4.34791092018826930e-13,4.96616636702640335e-13,4.43228787005978120e-13,2.36380359730503642e-13,19,2,1,5.76460752303767552e+17,19,2,1,5.76460752303767552e+17,16,5,2,3.32306998945331719e+35,4.78266570999999999e+02,0,4.96616636702640335e-13,nan,0.00000000000000000e+00
4,1,-3.41568792087092454e-02,1.00000000000000000e+00,3.41568792089912213e-02,2,18,-3.41568792082487319e-02,-3.41568792089912213e-02,-3.41568792082965131e-02,-3.41568792088104353e-02,-3.41568792083447731e-02,-3.41568792087807785e-02,-3.41568792086578699e-02,-3.41568792085143250e-02,4.60513571720611026e-13,3.61356777833776732e-13,3.64472341196631078e-13,4.36005398452010695e-13,19,2,1,5.76460752303767552e+17,19,2,1,5.76460752303767552e+17,16,5,2,3.32306998945331719e+35,4.95342977000000019e+02,0,3.61356777833776732e-13,nan,0.00000000000000000e+00
4,2,-2.74549032673308407e-02,1.00000000000000000e+00,2.74549032676489821e-02,2,18,-2.74549032672004693e-02,-2.74549032673451626e-02,-2.74549032672225628e-02,-2.74549032676489821e-02,-2.74549032675279400e-02,-2.74549032671993487e-02,-2.74549032674933149e-02,-2.74549032677143257e-02,3.18141346600242514e-13,3.27470689454045782e-13,3.83484910493336884e-13,5.14976949972378861e-13,19,2,1,5.76460752303767552e+17,19,2,1,5.76460752303767552e+17,16,5,2,3.32306998945331719e+35,4.95214788999999996e+02,0,3.27470689454045782e-13,nan,0.00000000000000000e+00
4,3,-2.20274569905242606e-02,1.00000000000000000e+00,2.20274569906137169e-02,2,18,-2.20274569905576992e-02,-2.20274569905513883e-02,-2.20274569906137169e-02,-2.20274569905681110e-02,-2.20274569909234760e-02,-2.20274569911006052e-02,-2.20274569909244475e-02,-2.20274569901921374e-02,8.94562202091719882e-14,5.49216921941209080e-13,5.76344527658534389e-13,9.08467745475149968e-13,19,2,1,5.76460752303767552e+17,19,2,1,5.76460752303767552e+17,16,5,2,3.32306998945331719e+35,5.05880118999999979e+02,0,5.49216921941209080e-13,nan,0.00000000000000000e+00
5,0,-1.75762265381193168e-02,1.00000000000000000e+00,1.75762265382646554e-02,2,18,-1.75762265382219188e-02,-1.75762265379408519e-02,-1.75762265381059213e-02,-1.75762265382646554e-02,-1.75762265382443938e-02,-1.75762265381029965e-02,-1.75762265381674762e-02,-1.75762265380582823e-02,1.78464881761541960e-13,2.06373113043056833e-13,1.25077032064879745e-13,1.86111542843647726e-13,19,2,1,5.76460752303767552e+17,19,2,1,5.76460752303767552e+17,16,5,2,3.32306998945331719e+35,5.00646096000000000e+02,0,2.06373113043056833e-13,nan,0.00000000000000000e+00
5,1,-1.39947240007534529e-02,1.00000000000000000e+00,1.39947240008462294e-02,2,18,-1.39947240007979503e-02,-1.39947240006914712e-02,-1.39947240008413496e-02,-1.39947240008462294e-02,-1.39947240008933427e-02,-1.39947240009454452e-02,-1.39947240011984147e-02,-1.39947240007371396e-02,9.27764809421915970e-14,3.57065071954210111e-13,4.44961775758478950e-13,4.61275115326564844e-13,19,2,1,5.76460752303767552e+17,19,2,1,5.76460752303767552e+17,16,5,2,3.32306998945331719e+35,4.86673991999999998e+02,0,3.57065071954210111e-13,nan,0.00000000000000000e+00
5,2,-1.10914025665747873e-02,1.00000000000000000e+00,1.10914025667419418e-02,2,18,-1.10914025663074456e-02,-1.10914025667419418e-02,-1.10914025664586476e-02,-1.10914025667418897e-02,-1.10914025666179455e-02,-1.10914025666305014e-02,-1.10914025670621284e-02,-1.10914025666290477e-02,2.67341704329737695e-13,6.03480806993239582e-13,4.87341070276592347e-13,4.44182884917765364e-13,19,2,1,5.76460752303767552e+17,19,2,1,5.76460752303767552e+17,16,5,2,3.32306998945331719e+35,5.00267878999999994e+02,0,6.03480806993239582e-13,nan,0.00000000000000000e+00
5,3,-8.77043356657613606e-03,1.00000000000000000e+00,8.77043356706799782e-03,2,18,-8.77043356690681425e-03,-8.77043356670191912e-03,-8.77043356706799782e-03,-8.77043356667717502e-03,-8.77043356679645114e-03,-8.77043356680534160e-03,-8.77043356636505317e-03,-8.77043356640591458e-03,4.91861759654987907e-13,7.02944646935321771e-13,2.29205543433863568e-13,4.40288430714197432e-13,19,2,1,5.76460752303767552e+17,19,2,1,5.76460752303767552e+17,16,5,2,3.32306998945331719e+35,4.95232573000000002e+02,0,7.02944646935321771e-13,nan,0.00000000000000000e+00
6,0,-6.90722910551146846e-03,1.00000000000000000e+00,6.90722910567726379e-03,2,18,-6.90722910563903742e-03,-6.90722910566833517e-03,-6.90722910548008644e-03,-6.90722910567726379e-03,-6.90722910541829906e-03,-6.90722910539123477e-03,-6.90722910555179818e-03,-6.90722910526026315e-03,1.65795328854745350e-13,4.17000635410946785e-13,2.51205306556201435e-13,2.91535025287448235e-13,19,2,1,5.76460752303767552e+17,19,2,1,5.76460752303767552e+17,16,5,2,3.32306998945331719e+35,4.99734500000000025e+02,0,4.17000635410946785e-13,nan,0.00000000000000000e+00
6,1,-5.42713818613108079e-03,1.00000000000000000e+00,5.42713818641432210e-03,2,18,-5.42713818610021485e-03,-5.42713818641432210e-03,-5.42713818626886467e-03,-5.42713818620265982e-03,-5.42713818619986084e-03,-5.42713818609557534e-03,-5.42713818616327205e-03,-5.42713818596093477e-03,2.83241312348803120e-13,3.18746765093358420e-13,1.70146015332495182e-13,2.38926066431499606e-13,19,2,1,5.76460752303767552e+17,19,2,1,5.76460752303767552e+17,16,5,2,3.32306998945331719e+35,4.99810181999999998e+02,0,3.18746765093358420e-13,nan,0.00000000000000000e+00
6,2,-4.24895806569676199e-03,1.00000000000000000e+00,4.24895806577490348e-03,2,18,-4.24895806543757956e-03,-4.24895806568634932e-03,-4.24895806577490348e-03,-4.24895806534915030e-03,-4.24895806604358352e-03,-4.24895806542406433e-03,-4.24895806573369946e-03,-4.24895806589995623e-03,3.47611696371874501e-13,6.06003962289047848e-13,3.46821529828567066e-13,6.19519192890383152e-13,19,2,1,5.76460752303767552e+17,19,2,1,5.76460752303767552e+17,16,5,2,3.32306998945331719e+35,5.09654240000000016e+02,0,6.06003962289047848e-13,nan,0.00000000000000000e+00
6,3,-3.31873787050960579e-03,1.00000000000000000e+00,3.31873787060790997e-03,2,18,-3.31873787060790997e-03,-3.31873787052695997e-03,-3.31873787032601307e-03,-3.31873787040386833e-03,-3.31873787071670923e-03,-3.31873787087115426e-03,-3.31873787039021172e-03,-3.31873787064892577e-03,1.83592724356529402e-13,3.44194291124200191e-13,3.61548464777872169e-13,4.80942542735451894e-13,19,2,1,5.76460752303767552e+17,19,2,1,5.76460752303767552e+17,16,5,2,3.32306998945331719e+35,4.98383777000000009e+02,0,3.44194291124200191e-13,nan,0.00000000000000000e+00
7,0,-2.58379571552317701e-03,1.00000000000000000e+00,2.58379571619832011e-03,2,18,-2.58379571541154712e-03,-2.58379571563801570e-03,-2.58379571560037003e-03,-2.58379571619832011e-03,-2.58379571552897185e-03,-2.58379571574979651e-03,-2.58379571555357977e-03,-2.58379571607901060e-03,6.75143101147579472e-13,1.19309510188125856e-13,5.55833590959453616e-13,5.50038747187953092e-13,19,2,1,5.76460752303767552e+17,19,2,1,5.76460752303767552e+17,16,5,2,3.32306998945331719e+35,5.04880525999999975e+02,0,1.19309510188125856e-13,nan,0.00000000000000000e+00
7,1,-2.00693049005745694e-03,1.00000000000000000e+00,2.00693049021893844e-03,2,18,-2.00693048968310491e-03,-2.00693049021893844e-03,-2.00693048993752987e-03,-2.00693048998179307e-03,-2.00693049023929586e-03,-2.00693049039768652e-03,-2.00693049022970370e-03,-2.00693048994388546e-03,3.74352025073187988e-13,5.56190943995504838e-13,3.40229580619855199e-13,4.53801059230318771e-13,19,2,1,5.76460752303767552e+17,19,2,1,5.76460752303767552e+17,16,5,2,3.32306998945331719e+35,4.98668676000000005e+02,0,5.56190943995504838e-13,nan,0.00000000000000000e+00
7,2,-1.55424938354602757e-03,1.00000000000000000e+00,1.55424938411218862e-03,2,18,-1.55424938290460945e-03,-1.55424938302753152e-03,-1.55424938411218862e-03,-1.55424938353258672e-03,-1.55424938401452955e-03,-1.55424938335452039e-03,-1.55424938398420051e-03,-1.55424938285476087e-03,6.41418125210679868e-13,1.10992009853816409e-12,6.91266705335480403e-13,1.15976867866296462e-12,19,2,1,5.76460752303767552e+17,19,2,1,5.76460752303767552e+17,16,5,2,3.32306998945331719e+35,5.04206539000000021e+02,0,1.10992009853816409e-12,nan,0.00000000000000000e+00
7,3,-1.20093493410151323e-03,1.00000000000000000e+00,1.20093493412992171e-03,2,18,-1.20093493405134481e-03,-1.20093493412992171e-03,-1.20093493391153780e-03,-1.20093493404673174e-03,-1.20093493435474664e-03,-1.20093493415691270e-03,-1.20093493427139925e-03,-1.20093493430922403e-03,1.89975422545951567e-13,3.59861446197484725e-13,2.53233415140052820e-13,1.97833936732561000e-13,19,2,1,5.76460752303767552e+17,19,2,1,5.76460752303767552e+17,16,5,2,3.32306998945331719e+35,5.11487238999999988e+02,0,3.59861446197484725e-13,nan,0.00000000000000000e+00
8,0,-9.25406957089625688e-04,1.00000000000000000e+00,9.25406957190764404e-04,2,18,-9.25406956945338545e-04,-9.25406956900825324e-04,-9.25406956959917595e-04,-9.25406957190764404e-04,-9.25406956818965458e-04,-9.25406957009509436e-04,-9.25406956862971273e-04,-9.25406957103156965e-04,1.88800364231411777e-13,1.26373087341868917e-13,2.70660230339281327e-13,2.84191507132769416e-13,19,2,1,5.76460752303767552e+17,19,2,1,5.76460752303767552e+17,16,5,2,3.32306998945331719e+35,5.01076647999999977e+02,0,1.26373087341868917e-13,nan,0.00000000000000000e+00
8,1,-7.11521909385094903e-04,1.00000000000000000e+00,7.11521909830983130e-04,2,18,-7.11521909305906620e-04,-7.11521909445306721e-04,-7.11521909830983130e-04,-7.11521909668983484e-04,-7.11521909545828743e-04,-7.11521909465491422e-04,-7.11521909364482485e-04,-7.11521909271638892e-04,4.45888226514867814e-13,4.66500644537293230e-13,1.60733839432714021e-13,2.74189850511807887e-13,19,2,1,5.76460752303767552e+17,19,2,1,5.76460752303767552e+17,16,5,2,3.32306998945331719e+35,5.09032906000000025e+02,0,4.66500644537293230e-13,nan,0.00000000000000000e+00
8,2,-5.45693215882552159e-04,1.00000000000000000e+00,5.45693216388629327e-04,2,18,-5.45693216388629327e-04,-5.45693215577837572e-04,-5.45693215840912290e-04,-5.45693216171603277e-04,-5.45693215545746705e-04,-5.45693215845553434e-04,-5.45693216305481428e-04,-5.45693215877505523e-04,5.06077168019314350e-13,8.42882621338025828e-13,4.22929269730532020e-13,7.59734723049243499e-13,19,2,1,5.76460752303767552e+17,19,2,1,5.76460752303767552e+17,16,5,2,3.32306998945331719e+35,4.92743016000000011e+02,0,8.42882621338025828e-13,nan,0.00000000000000000e+00
8,3,-4.17632437441047173e-04,1.00000000000000000e+00,4.17632437980579839e-04,2,18,-4.17632437864646317e-04,-4.17632437980579839e-04,-4.17632437293061762e-04,-4.17632437594071847e-04,-4.17632437592784303e-04,-4.17632437238113312e-04,-4.17632438257408366e-04,-4.17632437737978002e-04,5.39532665506242681e-13,9.64346603873206254e-13,8.16361193055337164e-13,1.01929505417694410e-12,19,2,1,5.76460752303767552e+17,19,2,1,5.76460752303767552e+17,16,5,2,3.32306998945331719e+35,5.00547206000000017e+02,0,9.64346603873206254e-13,nan,0.00000000000000000e+00
9,0,-3.18884142698049413e-04,1.00000000000000000e+00,3.18884142840201112e-04,2,18,-3.18884142840201112e-04,-3.18884142308597108e-04,-3.18884142626047655e-04,-3.18884142125556460e-04,-3.18884142841818579e-04,-3.18884142200319735e-04,-3.18884142640103090e-04,-3.18884143152147761e-04,5.72492953650888259e-13,1.02659130111690255e-12,4.97729678652913954e-13,9.51828026118928250e-13,19,2,1,5.76460752303767552e+17,19,2,1,5.76460752303767552e+17,16,5,2,3.32306998945331719e+35,5.07240778999999975e+02,0,1.02659130111690255e-12,nan,0.00000000000000000e+00
9,1,-2.43004444382750954e-04,1.00000000000000000e+00,2.43004444994173569e-04,2,18,-2.43004444024332662e-04,-2.43004444190788595e-04,-2.43004444685831892e-04,-2.43004444994173569e-04,-2.43004444614629273e-04,-2.43004444340290073e-04,-2.43004444305733135e-04,-2.43004444744969401e-04,6.11422615011750215e-13,5.90296610420218415e-13,3.62218447510359587e-13,4.39236266715908874e-13,19,2,1,5.76460752303767552e+17,19,2,1,5.76460752303767552e+17,16,5,2,3.32306998945331719e+35,5.13670553000000041e+02,0,5.90296610420218415e-13,nan,0.00000000000000000e+00
9,2,-1.84791773022836158e-04,1.00000000000000000e+00,1.84791773444723672e-04,2,18,-1.84791772694255517e-04,-1.84791772885770181e-04,-1.84791773308906317e-04,-1.84791773444723672e-04,-1.84791772654835308e-04,-1.84791773182401065e-04,-1.84791773171088364e-04,-1.84791772481679412e-04,4.21887514073099323e-13,9.63044260223616666e-13,5.41156746150517343e-13,7.00721653010966117e-13,19,2,1,5.76460752303767552e+17,19,2,1,5.76460752303767552e+17,16,5,2,3.32306998945331719e+35,5.03779265000000009e+02,0,9.63044260223616666e-13,nan,0.00000000000000000e+00
9,3,-1.40271449408057073e-04,1.00000000000000000e+00,1.40271449839054758e-04,2,18,-1.40271449396272310e-04,-1.40271449839054758e-04,-1.40271448959988434e-04,-1.40271449759731383e-04,-1.40271449590623437e-04,-1.40271449584487314e-04,-1.40271449806275532e-04,-1.40271449759262547e-04,4.48068638398899100e-13,8.46287097474793248e-13,3.98218459075894149e-13,2.21788218216292798e-13,19,2,1,5.76460752303767552e+17,19,2,1,5.76460752303767552e+17,16,5,2,3.32306998945331719e+35,5.09155732000000000e+02,0,8.46287097474793248e-13,nan,0.00000000000000000e+00
10,0,-1.06279891987264328e-04,1.00000000000000000e+00,1.06279892438012355e-04,2,18,-1.06279891693904170e-04,-1.06279892438012355e-04,-1.06279891939229794e-04,-1.06279891447634355e-04,-1.06279893084716223e-04,-1.06279891345937994e-04,-1.06279892311780119e-04,-1.06279891404542130e-04,5.39629972651223255e-13,1.39081205319940837e-12,1.09745189552732519e-12,1.73877822947157701e-12,19,2,1,5.76460752303767552e+17,19,2,1,5.76460752303767552e+17,16,5,2,3.32306998945331719e+35,5.00500165999999979e+02,0,1.39081205319940837e-12,nan,0.00000000000000000e+00
10,1,-8.03991151022226890e-05,1.00000000000000000e+00,8.03991158570967033e-05,2,18,-8.03991158570967033e-05,-8.03991148297378684e-05,-8.03991156250246920e-05,-8.03991146732442895e-05,-8.03991148135776182e-05,-8.03991159985483053e-05,-8.03991153644568389e-05,-8.03991147275974586e-05,7.54874014317029329e-13,1.16881043689051611e-12,8.96325616267686087e-13,1.27095084673581327e-12,19,2,1,5.76460752303767552e+17,19,2,1,5.76460752303767552e+17,16,5,2,3.32306998945331719e+35,4.91066932000000008e+02,0,1.16881043689051611e-12,nan,0.00000000000000000e+00
10,2,-6.07263861430309087e-05,1.00000000000000000e+00,6.07263865054517361e-05,2,18,-6.07263863795116452e-05,-6.07263862198315757e-05,-6.07263855090146791e-05,-6.07263865054517361e-05,-6.07263855654183252e-05,-6.07263861524535742e-05,-6.07263859890583979e-05,-6.07263855661211593e-05,6.34016229545276283e-13,9.39330576754486557e-13,5.77612583414419123e-13,5.87035248970219081e-13,19,2,1,5.76460752303767552e+17,19,2,1,5.76460752303767552e+17,16,5,2,3.32306998945331719e+35,4.92107633000000021e+02,0,9.39330576754486557e-13,nan,0.00000000000000000e+00
10,3,-4.58093380158709505e-05,1.00000000000000000e+00,4.58093379777986220e-05,2,18,-4.58093375550344898e-05,-4.58093374663269586e-05,-4.58093379777986220e-05,-4.58093373011619307e-05,-4.58093389086770838e-05,-4.58093375463681162e-05,-4.58093377301230033e-05,-4.58093376783076466e-05,7.14709019777100968e-13,1.35364259406557663e-12,8.92806133385472267e-13,1.36230896761969575e-12,19,2,1,5.76460752303767552e+17,19,2,1,5.76460752303767552e+17,16,5,2,3.32306998945331719e+35,4.90610157000000015e+02,0,1.35364259406557663e-12,nan,0.00000000000000000e+00
11,0,-3.45159434832271637e-05,1.00000000000000000e+00,3.45159442805929653e-05,2,18,-3.45159433010632145e-05,-3.45159442805929653e-05,-3.45159435228216036e-05,-3.45159438502136274e-05,-3.45159429966534375e-05,-3.45159430813583450e-05,-3.45159442349462039e-05,-3.45159431076325616e-05,7.97365801586801676e-13,1.19923462029965580e-12,7.51719040205205136e-13,1.23829276639422087e-12,19,2,1,5.76460752303767552e+17,19,2,1,5.76460752303767552e+17,16,5,2,3.32306998945331719e+35,4.82843862000000001e+02,0,1.19923462029965580e-12,nan,0.00000000000000000e+00
11,1,-2.59841430657395536e-05,1.00000000000000000e+00,2.59841434078621038e-05,2,18,-2.59841426198401767e-05,-2.59841427096846802e-05,-2.59841426983746525e-05,-2.59841434078621038e-05,-2.59841430430190400e-05,-2.59841432606466764e-05,-2.59841424017639313e-05,-2.59841442290132444e-05,4.45899376856585469e-13,8.21151140655137710e-13,1.16327369083430755e-12,1.82724931309364257e-12,19,2,1,5.76460752303767552e+17,19,2,1,5.76460752303767552e+17,16,5,2,3.32306998945331719e+35,4.87862746000000016e+02,0,8.21151140655137710e-13,nan,0.00000000000000000e+00
11,2,-1.95475021082335897e-05,1.00000000000000000e+00,1.95475024825474102e-05,2,18,-1.95475011844297300e-05,-1.95475013009375635e-05,-1.95475024825474102e-05,-1.95475024692976364e-05,-1.95475024710302626e-05,-1.95475019599848499e-05,-1.95475020422414764e-05,-1.95475019640894699e-05,9.23803859743856787e-13,1.28660053260159363e-12,3.62796672857736840e-13,5.11045412666380136e-13,19,2,1,5.76460752303767552e+17,19,2,1,5.76460752303767552e+17,16,5,2,3.32306998945331719e+35,4.85809807999999975e+02,0,1.28660053260159363e-12,nan,0.00000000000000000e+00
11,3,-1.47000318385469456e-05,1.00000000000000000e+00,1.47000324437113170e-05,2,18,-1.47000312940428930e-05,-1.47000310622719256e-05,-1.47000324437113170e-05,-1.47000310931492717e-05,-1.47000320674190325e-05,-1.47000320928102681e-05,-1.47000306294265699e-05,-1.47000320063898784e-05,7.76275020013348499e-13,1.81428474708164676e-12,1.20912037570837863e-12,1.46338369820899795e-12,19,2,1,5.76460752303767552e+17,19,2,1,5.76460752303767552e+17,16,5,2,3.32306998945331719e+35,5.05387547999999981e+02,0,1.81428474708164676e-12,nan,0.00000000000000000e+00
12,0,-1.10533677714645620e-05,1.00000000000000000e+00,1.10533677554865950e-05,2,18,-1.10533677554865950e-05,-1.10533667800984186e-05,-1.10533675327545889e-05,-1.10533670210531662e-05,-1.10533684460233239e-05,-1.10533669078453510e-05,-1.10533668008933925e-05,-1.10533664133664899e-05,9.91366143433054965e-13,7.31861196401643530e-13,1.35809807207142898e-12,2.03265683398781791e-12,19,2,1,5.76460752303767552e+17,19,2,1,5.76460752303767552e+17,16,5,2,3.32306998945331719e+35,4.86469738000000007e+02,0,7.31861196401643530e-13,nan,0.00000000000000000e+00
12,1,-8.31363255134382712e-06,1.00000000000000000e+00,8.31363348689956936e-06,2,18,-8.31363254325583815e-06,-8.31363238263041724e-06,-8.31363276862498641e-06,-8.31363348689956936e-06,-8.31363362004029748e-06,-8.31363218848676420e-06,-8.31363326715692216e-06,-8.31363188487369961e-06,9.35555742237795772e-13,1.60202586975053112e-12,1.06869647036229604e-12,1.73516659787503139e-12,19,2,1,5.76460752303767552e+17,19,2,1,5.76460752303767552e+17,16,5,2,3.32306998945331719e+35,4.97163144999999986e+02,0,1.60202586975053112e-12,nan,0.00000000000000000e+00
12,2,-6.25669945216298257e-06,1.00000000000000000e+00,6.25670046253443368e-06,2,18,-6.25669928915847819e-06,-6.25669892465968501e-06,-6.25669861312708343e-06,-6.25670046253443368e-06,-6.25669915133084742e-06,-6.25669950050988762e-06,-6.25669863640983889e-06,-6.25669837227135821e-06,1.01037145111630396e-12,2.09026307547433010e-12,1.07989162435802614e-12,1.12823852941679268e-12,19,2,1,5.76460752303767552e+17,19,2,1,5.76460752303767552e+17,16,5,2,3.32306998945331719e+35,4.91613317999999992e+02,0,2.09026307547433010e-12,nan,0.00000000000000000e+00
12,3,-4.71356471820328472e-06,1.00000000000000000e+00,4.71356546896675741e-06,2,18,-4.71356546896675741e-06,-4.71356352974229162e-06,-4.71356416363121296e-06,-4.71356407336766108e-06,-4.71356571774438283e-06,-4.71356460783090132e-06,-4.71356584088703559e-06,-4.71356497441861243e-06,1.18846099309715975e-12,1.67725582263299287e-12,1.12268375087617002e-12,1.23305613427561987e-12,19,2,1,5.76460752303767552e+17,19,2,1,5.76460752303767552e+17,16,5,2,3.32306998945331719e+35,4.99035110999999972e+02,0,1.67725582263299287e-12,nan,0.00000000000000000e+00
13,0,-3.55606561200514394e-06,1.00000000000000000e+00,3.55606651470602907e-06,2,18,-3.55606651470602907e-06,-3.55606529529573153e-06,-3.55606609992634454e-06,-3.55606554881811619e-06,-3.55606509893565965e-06,-3.55606586164853064e-06,-3.55606603547339429e-06,-3.55606611963585128e-06,9.02700885131127884e-13,1.41577036942233279e-12,5.13069484291204907e-13,1.02070019162743011e-12,19,2,1,5.76460752303767552e+17,19,2,1,5.76460752303767552e+17,16,5,2,3.32306998945331719e+35,5.07888131999999985e+02,0,1.41577036942233279e-12,nan,0.00000000000000000e+00
13,1,-2.68789456060253550e-06,1.00000000000000000e+00,2.68789641181656933e-06,2,18,-2.68789516761120465e-06,-2.68789641181656933e-06,-2.68789377792071201e-06,-2.68789383996071358e-06,-2.68789564944518010e-06,-2.68789466025929863e-06,-2.68789422199791093e-06,-2.68789439089358790e-06,1.85121403383493280e-12,1.75155727070416866e-12,1.08884264460461949e-12,1.42744726917164904e-12,19,2,1,5.76460752303767552e+17,19,2,1,5.76460752303767552e+17,16,5,2,3.32306998945331719e+35,5.00884348999999986e+02,0,1.75155727070416866e-12,nan,0.00000000000000000e+00
13,2,-2.03638203082490117e-06,1.00000000000000000e+00,2.03638337927265573e-06,2,18,-2.03638269485563817e-06,-2.03638313080322281e-06,-2.03638337927265573e-06,-2.03638294888548832e-06,-2.03638196955299289e-06,-2.03638131102491989e-06,-2.03638267911540067e-06,-2.03638118764357240e-06,1.34844775455259316e-12,1.81977830292787482e-12,8.43181328777424478e-13,1.49147182827708133e-12,19,2,1,5.76460752303767552e+17,19,2,1,5.76460752303767552e+17,16,5,2,3.32306998945331719e+35,5.11411572999999976e+02,0,1.81977830292787482e-12,nan,0.00000000000000000e+00
13,3,-1.54709383941240782e-06,1.00000000000000000e+00,1.54709500031036372e-06,2,18,-1.54709412588137712e-06,-1.54709427681404458e-06,-1.54709409834205748e-06,-1.54709500031036372e-06,-1.54709380279719368e-06,-1.54709468814576990e-06,-1.54709477768553975e-06,-1.54709417371593587e-06,1.16089795590549650e-12,8.26594427848803309e-13,9.38273131929288342e-13,9.74888346065512544e-13,19,2,1,5.76460752303767552e+17,19,2,1,5.76460752303767552e+17,16,5,2,3.32306998945331719e+35,4.98369539999999972e+02,0,8.26594427848803309e-13,nan,0.00000000000000000e+00
14,0,-1.17913101608877046e-06,1.00000000000000000e+00,1.17913142070825477e-06,2,18,-1.17913086628613833e-06,-1.17913142070825477e-06,-1.17913028004871605e-06,-1.17913127342227674e-06,-1.17913276039927831e-06,-1.17913017461465628e-06,-1.17913200165779499e-06,-1.17913172030960022e-06,7.36040054410988065e-13,1.89411313997904019e-12,1.74431050785250528e-12,2.58578462203122269e-12,19,2,1,5.76460752303767552e+17,19,2,1,5.76460752303767552e+17,16,5,2,3.32306998945331719e+35,5.05090469999999982e+02,0,1.89411313997904019e-12,nan,0.00000000000000000e+00
14,1,-9.01941483830012477e-07,1.00000000000000000e+00,9.01942258182895457e-07,2,18,-9.01940501121342293e-07,-9.01942258182895457e-07,-9.01941896968141543e-07,-9.01940498219833685e-07,-9.01942330024735609e-07,-9.01941389425662535e-07,-9.01941259082287930e-07,-9.01940262233162692e-07,9.85610178791470769e-13,1.82890339331556837e-12,1.22159684978418923e-12,2.06779157291624936e-12,19,2,1,5.76460752303767552e+17,19,2,1,5.76460752303767552e+17,16,5,2,3.32306998945331719e+35,4.99333858000000021e+02,0,1.82890339331556837e-12,nan,0.00000000000000000e+00
14,2,-6.92646401624338264e-07,1.00000000000000000e+00,6.92648177287905866e-07,2,18,-6.92648177287905866e-07,-6.92645900714443282e-07,-6.92647502344970251e-07,-6.92647063045174264e-07,-6.92645237170560492e-07,-6.92649950100263160e-07,-6.92647286990176592e-07,-6.92646948568055438e-07,1.77566356760275741e-12,4.04938581987810894e-12,3.54847592489626791e-12,4.71292970266796486e-12,19,2,1,5.76460752303767552e+17,19,2,1,5.76460752303767552e+17,16,5,2,3.32306998945331719e+35,4.97769514000000015e+02,0,4.04938581987810894e-12,nan,0.00000000000000000e+00
14,3,-5.34188327996460478e-07,1.00000000000000000e+00,5.34188908014733718e-07,2,18,-5.34188908014733718e-07,-5.34188427719831210e-07,-5.34186837918113420e-07,-5.34186779499041223e-07,-5.34188149721396577e-07,-5.34188385577719257e-07,-5.34189647326649505e-07,-5.34189533240662119e-07,1.54849741925500915e-12,2.80940853608591476e-12,1.31933018902717403e-12,1.49760525292869779e-12,19,2,1,5.76460752303767552e+17,19,2,1,5.76460752303767552e+17,16,5,2,3.32306998945331719e+35,5.12572713000000022e+02,0,2.80940853608591476e-12,nan,0.00000000000000000e+00
15,0,-4.13822469630359000e-07,1.00000000000000000e+00,4.13824471741380729e-07,2,18,-4.13824471741380729e-07,-4.13823355970982379e-07,-4.13821443893714656e-07,-4.13822708506633711e-07,-4.13823401553269995e-07,-4.13821474993330978e-07,-4.13821267080058509e-07,-4.13822375504356208e-07,2.00211102172965019e-12,1.88097765140037617e-12,1.20255030049025490e-12,2.13447321148502205e-12,19,2,1,5.76460752303767552e+17,19,2,1,5.76460752303767552e+17,16,5,2,3.32306998945331719e+35,5.04441455000000019e+02,0,1.88097765140037617e-12,nan,0.00000000000000000e+00
15,1,-3.22055092569662053e-07,1.00000000000000000e+00,3.22056348951036576e-07,2,18,-3.22055121929100643e-07,-3.22056348951036576e-07,-3.22053617669374133e-07,-3.22053872637307979e-07,-3.22054079595285784e-07,-3.22054519047086386e-07,-3.22053068558870923e-07,-3.22057706027771831e-07,1.47490028792038170e-12,3.83339046385267613e-12,2.61345810977810906e-12,4.63746890090836609e-12,19,2,1,5.76460752303767552e+17,19,2,1,5.76460752303767552e+17,16,5,2,3.32306998945331719e+35,4.86580763999999988e+02,0,3.83339046385267613e-12,nan,0.00000000000000000e+00
15,2,-2.51797538467194820e-07,1.00000000000000000e+00,2.51799242466155128e-07,2,18,-2.51799242466155128e-07,-2.51798128248937534e-07,-2.51797358433214382e-07,-2.51797117074572029e-07,-2.51799021592727465e-07,-2.51797047757611944e-07,-2.51797572467700781e-07,-2.51798544079064044e-07,1.70399896030731769e-12,1.42700449201583427e-12,1.48312553264480141e-12,1.97383511552152842e-12,19,2,1,5.76460752303767552e+17,19,2,1,5.76460752303767552e+17,16,5,2,3.32306998945331719e+35,5.67608464000000026e+02,0,1.42700449201583427e-12,nan,0.00000000000000000e+00
15,3,-1.97767631442840537e-07,1.00000000000000000e+00,1.97768100216335808e-07,2,18,-1.97767284485745070e-07,-1.97765147901782697e-07,-1.97765617991509067e-07,-1.97768100216335808e-07,-1.97767736587318640e-07,-1.97765426144221820e-07,-1.97766967799236929e-07,-1.97768562221503352e-07,2.48354105784016117e-12,1.34980772786222443e-12,2.20529861871744765e-12,3.13607728153291712e-12,19,2,1,5.76460752303767552e+17,19,2,1,5.76460752303767552e+17,16,5,2,3.32306998945331719e+35,5.03471564000000001e+02,0,1.34980772786222443e-12,nan,0.00000000000000000e+00
16,0,-1.56015742514600047e-07,1.00000000000000000e+00,1.56017435146648008e-07,2,18,-1.56015990131159957e-07,-1.56014190315120037e-07,-1.56014770918900778e-07,-1.56017435146648008e-07,-1.56013853163063298e-07,-1.56015567081835483e-07,-1.56016420522952980e-07,-1.56015799195075471e-07,1.69263204796162846e-12,2.13696809665916901e-12,1.88935153674863273e-12,2.56735988968238399e-12,19,2,1,5.76460752303767552e+17,19,2,1,5.76460752303767552e+17,16,5,2,3.32306998945331719e+35,4.99309132999999974e+02,0,2.13696809665916901e-12,nan,0.00000000000000000e+00
16,1,-1.23593376919366994e-07,1.00000000000000000e+00,1.23593876000951259e-07,2,18,-1.23593876000951259e-07,-1.23593803288526462e-07,-1.23593201471918294e-07,-1.23593850462969892e-07,-1.23594642503838478e-07,-1.23593358835562522e-07,-1.23591955491609593e-07,-1.23593957522018244e-07,4.99081584264890200e-13,1.24598030870096269e-12,1.42142775740183694e-12,2.68701222888555405e-12,19,2,1,5.76460752303767552e+17,19,2,1,5.76460752303767552e+17,16,5,2,3.32306998945331719e+35,5.16004661000000056e+02,0,1.24598030870096269e-12,nan,0.00000000000000000e+00
16,2,-9.82875860516303045e-08,1.00000000000000000e+00,9.82903789744035647e-08,2,18,-9.82885573408168306e-08,-9.82903789744035647e-08,-9.82875880689567412e-08,-9.82883560504054160e-08,-9.82908519528696928e-08,-9.82874075800729307e-08,-9.82889014905773682e-08,-9.82896628508241279e-08,2.79292277326024102e-12,2.97139433063402408e-12,3.26590123938835474e-12,3.44437279676213780e-12,19,2,1,5.76460752303767552e+17,19,2,1,5.76460752303767552e+17,16,5,2,3.32306998945331719e+35,5.01463292000000024e+02,0,2.97139433063402408e-12,nan,0.00000000000000000e+00
16,3,-7.84376724177003272e-08,1.00000000000000000e+00,7.84401790490186640e-08,2,18,-7.84384072387772756e-08,-7.84401790490186640e-08,-7.84391537031520837e-08,-7.84380964545223345e-08,-7.84389831463819804e-08,-7.84347825819196854e-08,-7.84353656223533034e-08,-7.84388129201514366e-08,2.50663131833678809e-12,5.39646709897853036e-12,2.88983578064174227e-12,4.20056446229494461e-12,19,2,1,5.76460752303767552e+17,19,2,1,5.76460752303767552e+17,16,5,2,3.32306998945331719e+35,5.09739693999999986e+02,0,5.39646709897853036e-12,nan,0.00000000000000000e+00
17,0,-6.27913603772214960e-08,1.00000000000000000e+00,6.27920163111136953e-08,2,18,-6.27920163111136953e-08,-6.27907530083502231e-08,-6.27905444123018730e-08,-6.27914221081306959e-08,-6.27903539715031602e-08,-6.27896013698790291e-08,-6.27927791171755510e-08,-6.27926670614857460e-08,8.15964919622983215e-13,2.23470487367801447e-12,1.75900734246694318e-12,3.17774729652197444e-12,19,2,1,5.76460752303767552e+17,19,2,1,5.76460752303767552e+17,16,5,2,3.32306998945331719e+35,4.98790468999999973e+02,0,2.23470487367801447e-12,nan,0.00000000000000000e+00
17,1,-5.04011093983883421e-08,1.00000000000000000e+00,5.04044451616802317e-08,2,18,-5.03997037523280952e-08,-5.04044451616802317e-08,-5.03992456174714036e-08,-5.04017807769219056e-08,-5.04013671964097851e-08,-5.04022934749269012e-08,-5.04022973244459341e-08,-5.04006817948126812e-08,3.33576329188957669e-12,3.05170697453052896e-12,1.18792605759201342e-12,1.61552963325291372e-12,19,2,1,5.76460752303767552e+17,19,2,1,5.76460752303767552e+17,16,5,2,3.32306998945331719e+35,5.01327962000000014e+02,0,3.05170697453052896e-12,nan,0.00000000000000000e+00
17,2,-4.05471792335961159e-08,1.00000000000000000e+00,4.05481745202888590e-08,2,18,-4.05475114076235678e-08,-4.05467149447404416e-08,-4.05481745202888590e-08,-4.05463961578306584e-08,-4.05454339522733424e-08,-4.05470149625540636e-08,-4.05471843423839305e-08,-4.05488570019066567e-08,9.95286692743111777e-13,2.46084407599825894e-12,1.74528132277345231e-12,3.42304963331426196e-12,19,2,1,5.76460752303767552e+17,19,2,1,5.76460752303767552e+17,16,5,2,3.32306998945331719e+35,5.00571638000000007e+02,0,2.46084407599825894e-12,nan,0.00000000000000000e+00
17,3,-3.26796093087463646e-08,1.00000000000000000e+00,3.26781968050310843e-08,2,18,-3.26780418352610286e-08,-3.26781968050310843e-08,-3.26777674320735032e-08,-3.26773011148865945e-08,-3.26790271616515029e-08,-3.26779014786235452e-08,-3.26797764666042127e-08,-3.26822432700571149e-08,2.30819385977008132e-12,4.94215517052035700e-12,2.63396131075027568e-12,4.34179143356967903e-12,19,2,1,5.76460752303767552e+17,19,2,1,5.76460752303767552e+17,16,5,2,3.32306998945331719e+35,4.91140423999999996e+02,0,4.94215517052035700e-12,nan,0.00000000000000000e+00
18,0,-2.63766434527783192e-08,1.00000000000000000e+00,2.63764538144434137e-08,2,18,-2.63723551234761520e-08,-2.63759817048245473e-08,-2.63764538144434137e-08,-2.63759422054128140e-08,-2.63769751267069974e-08,-2.63772504761489822e-08,-2.63778662008608568e-08,-2.63785809169411896e-08,4.28832930216727194e-12,4.62000323084539170e-12,1.93746416287034234e-12,1.60579023419222257e-12,19,2,1,5.76460752303767552e+17,19,2,1,5.76460752303767552e+17,16,5,2,3.32306998945331719e+35,5.04347546000000023e+02,0,4.62000323084539170e-12,nan,0.00000000000000000e+00
18,1,-2.13108898366222794e-08,1.00000000000000000e+00,2.13151056250706299e-08,2,18,-2.13132688710880143e-08,-2.13065258766338082e-08,-2.13097025722370506e-08,-2.13151056250706299e-08,-2.13131018785342046e-08,-2.13087309393062374e-08,-2.13133263258252505e-08,-2.13102602271200069e-08,4.36395998847120567e-12,4.84539795062303741e-12,2.43648920297107382e-12,4.59538651901315822e-12,19,2,1,5.76460752303767552e+17,19,2,1,5.76460752303767552e+17,16,5,2,3.32306998945331719e+35,5.02662641000000008e+02,0,4.84539795062303741e-12,nan,0.00000000000000000e+00
18,2,-1.72297916082846762e-08,1.00000000000000000e+00,1.72303754399421199e-08,2,18,-1.72300073618505147e-08,-1.72301204897905396e-08,-1.72303754399421199e-08,-1.72295697675606478e-08,-1.72283953488011274e-08,-1.72291982964240026e-08,-1.72297189388768113e-08,-1.72323275556532826e-08,5.83831657443623537e-13,2.75778809263480788e-12,2.53594736860635513e-12,3.93220685215521148e-12,19,2,1,5.76460752303767552e+17,19,2,1,5.76460752303767552e+17,16,5,2,3.32306998945331719e+35,5.11327539999999999e+02,0,2.75778809263480788e-12,nan,0.00000000000000000e+00
18,3,-1.39353579924379780e-08,1.00000000000000000e+00,1.39373959188510158e-08,2,18,-1.39358905076079851e-08,-1.39360494057815680e-08,-1.39355548970704541e-08,-1.39373959188510158e-08,-1.39346675763976588e-08,-1.39325096430439402e-08,-1.39360811652357174e-08,-1.39353299614486699e-08,2.03792641303778042e-12,3.53976273762779034e-12,2.84834939403781678e-12,3.57152219177712695e-12,19,2,1,5.76460752303767552e+17,19,2,1,5.76460752303767552e+17,16,5,2,3.32306998945331719e+35,5.07285322000000008e+02,0,3.53976273762779034e-12,nan,0.00000000000000000e+00
19,0,-1.12727162510875382e-08,1.00000000000000000e+00,1.12725530470704506e-08,2,18,-1.12719494180170959e-08,-1.12711115911436448e-08,-1.12708732659540333e-08,-1.12725530470704506e-08,-1.12710791378706156e-08,-1.12707857939124024e-08,-1.12687201700697848e-08,-1.12726358932765676e-08,1.84298513350490992e-12,2.15309588424849784e-12,3.99608101775340776e-12,3.91572320678286570e-12,19,2,1,5.76460752303767552e+17,19,2,1,5.76460752303767552e+17,16,5,2,3.32306998945331719e+35,5.07430145999999979e+02,0,2.15309588424849784e-12,nan,0.00000000000000000e+00
19,1,-9.11514519472152479e-09,1.00000000000000000e+00,9.11618213414758619e-09,2,18,-9.11541005412407446e-09,-9.11123258025282413e-09,-9.11460713175376275e-09,-9.11618213414758619e-09,-9.11183925816566232e-09,-9.11182454413564378e-09,-9.11575703963963381e-09,-9.11268628877474503e-09,3.91261446870065813e-12,3.57079595841213863e-12,3.32065058588101117e-12,3.93249550399003724e-12,19,2,1,5.76460752303767552e+17,19,2,1,5.76460752303767552e+17,16,5,2,3.32306998945331719e+35,4.99575955000000022e+02,0,3.57079595841213863e-12,nan,0.00000000000000000e+00
19,2,-7.36904527874141944e-09,1.00000000000000000e+00,7.36867628199449314e-09,2,18,-7.36647046033198613e-09,-7.36798450689716534e-09,-7.36738527006027743e-09,-7.36867628199449314e-09,-7.36581096370392242e-09,-7.36616754303757948e-09,-7.36849355207963417e-09,-7.36655573329479443e-09,2.57481840943330989e-12,2.12054869969871071e-12,3.23431503749701587e-12,2.68258837571174656e-12,19,2,1,5.76460752303767552e+17,19,2,1,5.76460752303767552e+17,16,5,2,3.32306998945331719e+35,5.08162103000000002e+02,0,2.12054869969871071e-12,nan,0.00000000000000000e+00
19,3,-5.95360641875702698e-09,1.00000000000000000e+00,5.95563889801803842e-09,2,18,-5.95022835046482042e-09,-5.94929035825734447e-09,-5.95563889801803842e-09,-5.95175121729418127e-09,-5.95148821494230053e-09,-5.94947053377552344e-09,-5.94896122387860249e-09,-5.95355280265916362e-09,4.31606049968250641e-12,6.67767413943593396e-12,4.64519487842448645e-12,4.59157878056112699e-12,19,2,1,5.76460752303767552e+17,19,2,1,5.76460752303767552e+17,16,5,2,3.32306998945331719e+35,5.18097457999999961e+02,0,6.67767413943593396e-12,nan,0.00000000000000000e+00
20,0,-4.80696550438671768e-09,1.00000000000000000e+00,4.80840100729611637e-09,2,18,-4.80217109073504000e-09,-4.80730060154959003e-09,-4.80840100729611637e-09,-4.80590867946663344e-09,-4.80676584254120184e-09,-4.80668618891463715e-09,-4.80943578734997672e-09,-4.80402805265995581e-09,4.79441365167767460e-12,4.59475180616183985e-12,2.93745172676186881e-12,5.40773469002091723e-12,19,2,1,5.76460752303767552e+17,19,2,1,5.76460752303767552e+17,16,5,2,3.32306998945331719e+35,4.99340482000000009e+02,0,4.59475180616183985e-12,nan,0.00000000000000000e+00
20,1,-3.87625040722852277e-09,1.00000000000000000e+00,3.87802427106547647e-09,2,18,-3.87802427106547647e-09,-3.87634201327168620e-09,-3.87444252250665067e-09,-3.87328937684950903e-09,-3.87941841657544106e-09,-3.87967321196629738e-09,-3.87916374204317394e-09,-3.87836206993017536e-09,2.96103037901373859e-12,5.07269308066632899e-12,3.42280473777460480e-12,1.31114203612201441e-12,19,2,1,5.76460752303767552e+17,19,2,1,5.76460752303767552e+17,16,5,2,3.32306998945331719e+35,5.02250436999999977e+02,0,5.07269308066632899e-12,nan,0.00000000000000000e+00
20,2,-3.12324273921220339e-09,1.00000000000000000e+00,3.12826328294347531e-09,2,18,-3.12184111489111878e-09,-3.12191870989582048e-09,-3.12826328294347531e-09,-3.12221710824312437e-09,-3.12625253226181737e-09,-3.12055955514391537e-09,-3.12215274863470952e-09,-3.12405338379601945e-09,5.02054373127192459e-12,6.11053430876579479e-12,3.00979304961398412e-12,5.69297711790199608e-12,19,2,1,5.76460752303767552e+17,19,2,1,5.76460752303767552e+17,16,5,2,3.32306998945331719e+35,4.96518895999999984e+02,0,6.11053430876579479e-12,nan,0.00000000000000000e+00
20,3,-2.51324697112212688e-09,1.00000000000000000e+00,2.51673937394512215e-09,2,18,-2.51673937394512215e-09,-2.51581759964750832e-09,-2.50882375505702325e-09,-2.51192572723491909e-09,-2.50841688705000790e-09,-2.50505427073484321e-09,-2.51446290538580700e-09,-2.51886620230349621e-09,4.42321606510362929e-12,1.07633289126651071e-11,8.19270038728366949e-12,1.38119315686530009e-11,19,2,1,5.76460752303767552e+17,19,2,1,5.76460752303767552e+17,16,5,2,3.32306998945331719e+35,5.10686108999999988e+02,0,1.07633289126651071e-11,nan,0.00000000000000000e+00
21,0,-2.02059128286982731e-09,1.00000000000000000e+00,2.02182748645808295e-09,2,18,-2.02182748645808295e-09,-2.02048339588963023e-09,-2.01895622416624481e-09,-2.02135473039870440e-09,-2.02218178080606787e-09,-2.03131929023778787e-09,-2.02099967004983508e-09,-2.02377657617525114e-09,1.63505870358249435e-12,1.08358943481576376e-11,1.07280073679605594e-11,1.03196201879527898e-11,19,2,1,5.76460752303767552e+17,19,2,1,5.76460752303767552e+17,16,5,2,3.32306998945331719e+35,5.04911192000000028e+02,0,1.08358943481576376e-11,nan,0.00000000000000000e+00
21,1,-1.62125100244233458e-09,1.00000000000000000e+00,1.62556241844667387e-09,2,18,-1.62400596890814051e-09,-1.62556241844667387e-09,-1.62091937894435764e-09,-1.61953448679099131e-09,-1.61594890634623290e-09,-1.62395940749505712e-09,-1.62179609966850460e-09,-1.62075170892524896e-09,4.31141600433928522e-12,8.05706256190760890e-12,5.30209609610168070e-12,8.01050114882422103e-12,19,2,1,5.76460752303767552e+17,19,2,1,5.76460752303767552e+17,16,5,2,3.32306998945331719e+35,4.95820763999999997e+02,0,8.05706256190760890e-12,nan,0.00000000000000000e+00
21,2,-1.30010176487689318e-09,1.00000000000000000e+00,1.30385449464103201e-09,2,18,-1.30164737201346103e-09,-1.29676687285307288e-09,-1.29741117893204268e-09,-1.30385449464103201e-09,-1.29882991658718019e-09,-1.30586823832115317e-09,-1.29374381463895020e-09,-1.29600667515714997e-09,3.75272976413883076e-12,9.10136546808029191e-12,6.35795023794298523e-12,1.21244236822029735e-11,19,2,1,5.76460752303767552e+17,19,2,1,5.76460752303767552e+17,16,5,2,3.32306998945331719e+35,5.14821772000000010e+02,0,9.10136546808029191e-12,nan,0.00000000000000000e+00
21,3,-1.04057281106519435e-09,1.00000000000000000e+00,1.04567133276847601e-09,2,18,-1.04229378798057611e-09,-1.04567133276847601e-09,-1.03977673162003035e-09,-1.04098737894426530e-09,-1.04804110379410994e-09,-1.04504070201414049e-09,-1.04536824323045555e-09,-1.04153461766879816e-09,5.09852170328165505e-12,5.74731581353382612e-12,7.46829272891558568e-12,6.50648612531177465e-12,19,2,1,5.76460752303767552e+17,19,2,1,5.76460752303767552e+17,16,5,2,3.32306998945331719e+35,4.95040900000000022e+02,0,5.74731581353382612e-12,nan,0.00000000000000000e+00
22,0,-8.33567486572906384e-10,1.00000000000000000e+00,8.33644439329959878e-10,2,18,-8.33644439329959878e-10,-8.31527733371866463e-10,-8.29927860360142680e-10,-8.32309024824063122e-10,-8.33780320881699020e-10,-8.38055682138884013e-10,-8.35783008330924008e-10,-8.37800407718498877e-10,3.63962621276370436e-12,6.52794876701755034e-12,4.48819556597762932e-12,4.27536125718499378e-12,19,2,1,5.76460752303767552e+17,19,2,1,5.76460752303767552e+17,16,5,2,3.32306998945331719e+35,4.95891650000000027e+02,0,6.52794876701755034e-12,nan,0.00000000000000000e+00
22,1,-6.65004369889951898e-10,1.00000000000000000e+00,6.65478953013226174e-10,2,18,-6.64620416586417658e-10,-6.62979128430874434e-10,-6.65478953013226174e-10,-6.62950872859039068e-10,-6.61222689384985225e-10,-6.64159610796496999e-10,-6.67509233911560396e-10,-6.60289122190700596e-10,2.05349703091282958e-12,3.39772720143243358e-12,4.71524769925130220e-12,7.22011172085980049e-12,19,2,1,5.76460752303767552e+17,19,2,1,5.76460752303767552e+17,16,5,2,3.32306998945331719e+35,4.98111926999999980e+02,0,3.39772720143243358e-12,nan,0.00000000000000000e+00
22,2,-5.30631088935044204e-10,1.00000000000000000e+00,5.34851199423951875e-10,2,18,-5.28828328880720332e-10,-5.27989486340796633e-10,-5.34851199423951875e-10,-5.30540437522315208e-10,-5.30985549806509501e-10,-5.24945366469785552e-10,-5.26894965573544825e-10,-5.29276435704519341e-10,4.22011048890767133e-12,7.95623385040705012e-12,5.68572246525865132e-12,6.04018333672394840e-12,19,2,1,5.76460752303767552e+17,19,2,1,5.76460752303767552e+17,16,5,2,3.32306998945331719e+35,4.95419124000000011e+02,0,7.95623385040705012e-12,nan,0.00000000000000000e+00
22,3,-4.22014010583596188e-10,1.00000000000000000e+00,4.31981236985857952e-10,2,18,-4.14907995404990088e-10,-4.13724254186369512e-10,-4.21420073171229761e-10,-4.31981236985857952e-10,-4.28182866745850459e-10,-4.27308056030938996e-10,-4.18112410662002518e-10,-4.19089638363936161e-10,9.96722640226176430e-12,1.35838018445694839e-11,6.16885616225427065e-12,1.00704560838479403e-11,19,2,1,5.76460752303767552e+17,19,2,1,5.76460752303767552e+17,16,5,2,3.32306998945331719e+35,5.08753727000000026e+02,0,1.35838018445694839e-11,nan,0.00000000000000000e+00
23,0,-3.34084292610283640e-10,1.00000000000000000e+00,3.38091874860389900e-10,2,18,-3.29769645898544958e-10,-3.26903241671020578e-10,-3.35853757315629581e-10,-3.38091874860389900e-10,-3.39249172129359989e-10,-3.41153799120402324e-10,-3.30164125326483377e-10,-3.41264734091863498e-10,7.18105093926306209e-12,1.42505574493817467e-11,7.18044148157985836e-12,1.11006087653801213e-11,19,2,1,5.76460752303767552e+17,19,2,1,5.76460752303767552e+17,16,5,2,3.32306998945331719e+35,5.00733512000000019e+02,0,1.42505574493817467e-11,nan,0.00000000000000000e+00
23,1,-2.64984552776015604e-10,1.00000000000000000e+00,2.66691906828263018e-10,2,18,-2.66691906828263018e-10,-2.65534527883125728e-10,-2.58524014486661845e-10,-2.64456099487396311e-10,-2.61899881946735221e-10,-2.63193623477509062e-10,-2.62084029144658076e-10,-2.61515828977472494e-10,6.46053828935375909e-12,4.79202488152779637e-12,3.46872379854311074e-12,1.67779450003656804e-12,19,2,1,5.76460752303767552e+17,19,2,1,5.76460752303767552e+17,16,5,2,3.32306998945331719e+35,5.07370176000000015e+02,0,4.79202488152779637e-12,nan,0.00000000000000000e+00
23,2,-2.09765514454506613e-10,1.00000000000000000e+00,2.10007446684211484e-10,2,18,-2.00475333848068864e-10,-2.04930617551407124e-10,-2.06611619669178319e-10,-2.10007446684211484e-10,-2.17582936494008652e-10,-2.14662816353930766e-10,-2.14169938310468567e-10,-2.13926980905172984e-10,9.29018060643774824e-12,1.71076026459397874e-11,7.81742203950203920e-12,3.65595558883566766e-12,19,2,1,5.76460752303767552e+17,19,2,1,5.76460752303767552e+17,16,5,2,3.32306998945331719e+35,5.08554624999999987e+02,0,1.71076026459397874e-11,nan,0.00000000000000000e+00
23,3,-1.65176518412951631e-10,1.00000000000000000e+00,1.67086609304563962e-10,2,18,-1.58747826222895106e-10,-1.64552266258458624e-10,-1.67086609304563962e-10,-1.61519067822225193e-10,-1.65584939226077948e-10,-1.62716270369317286e-10,-1.66784884228614362e-10,-1.67544640985031192e-10,6.42869219005652507e-12,6.83711300318284221e-12,2.46024804363434418e-12,4.82837061571390556e-12,19,2,1,5.76460752303767552e+17,19,2,1,5.76460752303767552e+17,16,5,2,3.32306998945331719e+35,5.09269059000000027e+02,0,6.83711300318284221e-12,nan,0.00000000000000000e+00
24,0,-1.31104282578619787e-10,1.00000000000000000e+00,1.38625804992065547e-10,2,18,-1.29127210742968743e-10,-1.30727059920495412e-10,-1.30961628238082241e-10,-1.38625804992065547e-10,-1.23570044304446661e-10,-1.28820261514357619e-10,-1.30513520686900590e-10,-1.33332537641073742e-10,7.52152241344575968e-12,5.55716643852208282e-12,7.53423827417312658e-12,9.76249333662708115e-12,19,2,1,5.76460752303767552e+17,19,2,1,5.76460752303767552e+17,16,5,2,3.32306998945331719e+35,5.07683670000000006e+02,0,5.55716643852208282e-12,nan,0.00000000000000000e+00
24,1,-1.03249724348890179e-10,1.00000000000000000e+00,1.16831606283530277e-10,2,18,-1.16831606283530277e-10,-9.73278199076890444e-11,-1.00135891306250725e-10,-1.06555011195169583e-10,-9.74718289580491246e-11,-1.04116714317307389e-10,-1.09870885413288416e-10,-1.14924857501083353e-10,1.35818819346400983e-11,1.93597773254811523e-11,1.16751331521931744e-11,1.74530285430342284e-11,19,2,1,5.76460752303767552e+17,19,2,1,5.76460752303767552e+17,16,5,2,3.32306998945331719e+35,5.02102082999999993e+02,0,1.93597773254811523e-11,nan,0.00000000000000000e+00
24,2,-8.09264170392087923e-11,1.00000000000000000e+00,8.72234446484794417e-11,2,18,-8.72234446484794417e-11,-7.25250413565071222e-11,-8.66504572667269523e-11,-8.17542742650160027e-11,-8.21724508463997450e-11,-7.14028053494534656e-11,-7.80914000388186352e-11,-8.47654112207940627e-11,8.40137568270167009e-12,8.55905722790831705e-12,9.52361168975532673e-12,1.33626058713405972e-11,19,2,1,5.76460752303767552e+17,19,2,1,5.76460752303767552e+17,16,5,2,3.32306998945331719e+35,5.03214817999999980e+02,0,8.55905722790831705e-12,nan,0.00000000000000000e+00
24,3,-6.41029622328821105e-11,1.00000000000000000e+00,7.25589775882993336e-11,2,18,-6.44915873897138091e-11,-6.79539431351295335e-11,-6.43620170881663049e-11,-7.25589775882993336e-11,-6.48954883839869046e-11,-6.98805174868074129e-11,-7.10699932936681385e-11,-7.22270439650199329e-11,8.45601535541722309e-12,6.70797620550183360e-12,8.12408173213782232e-12,7.33155558103302825e-12,19,2,1,5.76460752303767552e+17,19,2,1,5.76460752303767552e+17,16,5,2,3.32306998945331719e+35,5.07999122999999997e+02,0,6.70797620550183360e-12,nan,0.00000000000000000e+00
25,0,-4.67527010058998676e-11,1.00000000000000000e+00,5.81454345365405213e-11,2,18,-5.28276158459601972e-11,-4.08304585198288174e-11,-4.06409757975796590e-11,-5.81454345365405213e-11,-4.47041991859874623e-11,-4.54006480763030224e-11,-5.92689266510772526e-11,-4.07594630407890549e-11,1.13927335306406537e-11,1.86279508534975936e-11,1.25162256451773849e-11,1.85094636102881976e-11,19,2,1,5.76460752303767552e+17,19,2,1,5.76460752303767552e+17,16,5,2,3.32306998945331719e+35,5.12279663000000028e+02,0,1.86279508534975936e-11,nan,0.00000000000000000e+00
25,1,-4.01822816838173480e-11,1.00000000000000000e+00,5.08522240416687276e-11,2,18,-3.60124024119477621e-11,-3.19225162307405614e-11,-4.06072732833594804e-11,-5.08522240416687276e-11,-4.01566174670799524e-11,-4.19481709216295859e-11,-5.01742126156496126e-11,-4.47218321386481686e-11,1.06699423578513797e-11,1.00256546908890245e-11,9.99193093183226462e-12,1.00175951485696602e-11,19,2,1,5.76460752303767552e+17,19,2,1,5.76460752303767552e+17,16,5,2,3.32306998945331719e+35,5.06181608999999980e+02,0,1.00256546908890245e-11,nan,0.00000000000000000e+00
25,2,-3.16272104881523959e-11,1.00000000000000000e+00,4.38812660865742757e-11,2,18,-3.59260394049505987e-11,-4.38812660865742757e-11,-3.36901280092367301e-11,-2.69141860908093483e-11,-3.17073986182458889e-11,-3.65244740567704892e-11,-2.22374988551696893e-11,-3.87534287833701967e-11,1.22540555984218798e-11,1.18392426925608484e-11,9.38971163298270661e-12,1.65159299282005074e-11,19,2,1,5.76460752303767552e+17,19,2,1,5.76460752303767552e+17,16,5,2,3.32306998945331719e+35,5.13953127999999992e+02,0,1.18392426925608484e-11,nan,0.00000000000000000e+00
25,3,-2.62606677293863854e-11,1.00000000000000000e+00,3.36940441141915634e-11,2,18,-2.55253045628858940e-11,-2.36167926706426540e-11,-2.69105673604104398e-11,-3.36940441141915634e-11,-2.17279880782339158e-11,-2.59565056430722403e-11,-2.57020928160599818e-11,-3.55168685145071799e-11,7.43337638480517795e-12,3.79731648465197819e-12,9.25620078512079443e-12,1.37888804362732640e-11,19,2,1,5.76460752303767552e+17,19,2,1,5.76460752303767552e+17,16,5,2,3.32306998945331719e+35,5.11634847999999977e+02,0,3.79731648465197819e-12,nan,0.00000000000000000e+00
26,0,-2.18254459952132853e-11,1.00000000000000000e+00,3.17557809894491978e-11,2,18,-3.17557809894491978e-11,-2.09984278572093158e-11,-2.52240904976760980e-11,-2.98085443523800634e-11,-2.34093896157832487e-11,-3.68855737375560052e-11,-3.82630476483317436e-11,-1.44137399521415681e-11,9.93033499423591248e-12,1.58871458803466893e-11,1.64376016531184583e-11,2.38493076961901755e-11,19,2,1,5.76460752303767552e+17,19,2,1,5.76460752303767552e+17,16,5,2,3.32306998945331719e+35,4.96723490000000027e+02,0,1.58871458803466893e-11,nan,0.00000000000000000e+00
26,1,-1.73664616595244888e-11,1.00000000000000000e+00,3.05076094986149503e-11,2,18,-9.15348540248676440e-12,-1.65463737466864300e-11,-2.74409543704541516e-11,-3.05076094986149503e-11,-1.83577005650445226e-11,-1.40987729126118008e-11,-2.74831232278296629e-11,-2.43787557944916167e-11,1.31411478390904615e-11,9.20421516255775822e-12,1.01166615683051741e-11,1.33843503152178620e-11,19,2,1,5.76460752303767552e+17,19,2,1,5.76460752303767552e+17,16,5,2,3.32306998945331719e+35,4.99720365000000015e+02,0,9.20421516255775822e-12,nan,0.00000000000000000e+00
26,2,-1.51373312365136162e-11,1.00000000000000000e+00,2.65813660685288607e-11,2,18,-9.43670055410727999e-12,-1.42374949794765106e-11,-1.13670857082102811e-11,-2.65813660685288607e-11,-3.16958653301188146e-11,-7.11077108463611798e-12,-1.88018110894390920e-11,-1.44530258985544012e-11,1.14440348320152445e-11,2.22591647760115346e-11,1.65585340936051984e-11,2.45850942454826950e-11,19,2,1,5.76460752303767552e+17,19,2,1,5.76460752303767552e+17,16,5,2,3.32306998945331719e+35,5.07258787999999981e+02,0,2.22591647760115346e-11,nan,0.00000000000000000e+00
26,3,-1.33438191915389233e-11,1.00000000000000000e+00,1.89058395900446211e-11,2,18,-1.21648793832950785e-11,-1.89058395900446211e-11,-1.25805290249929683e-11,-4.09924585815656625e-12,-1.55189057265100498e-11,-1.02724849421852777e-11,-1.25418585285297077e-11,-2.07316285348415863e-11,9.24457333338235708e-12,1.66323826766850200e-11,7.38780934330266293e-12,1.04591435926563086e-11,19,2,1,5.76460752303767552e+17,19,2,1,5.76460752303767552e+17,16,5,2,3.32306998945331719e+35,5.14865539000000012e+02,0,1.66323826766850200e-11,nan,0.00000000000000000e+00
27,0,-9.50711074931118059e-12,1.00000000000000000e+00,2.43382473511390419e-11,2,18,-1.04235078758479436e-11,-2.43382473511390419e-11,1.31441090781672347e-11,9.78408828612261583e-13,-1.92159286364851028e-11,-8.45195559481002019e-12,-1.66113942834344756e-11,-8.64312266962762102e-12,2.26512198274784169e-11,2.97555033616017119e-11,9.70881788717392223e-12,1.07639730416750826e-11,19,2,1,5.76460752303767552e+17,19,2,1,5.76460752303767552e+17,16,5,2,3.32306998945331719e+35,4.95385815999999977e+02,0,2.97555033616017119e-11,nan,0.00000000000000000e+00
27,1,-7.21144922330735975e-12,1.00000000000000000e+00,2.19585015508415208e-11,2,18,-2.19585015508415208e-11,-1.25392378557212987e-11,-9.81932099171404495e-12,-7.22931880596893273e-12,-1.19597526240808619e-11,-1.52594941931700566e-11,-1.07356915660402558e-11,-1.70127092952060438e-11,1.47470523275341627e-11,9.99874892676065895e-12,9.80126007189868403e-12,6.27701772916578794e-12,19,2,1,5.76460752303767552e+17,19,2,1,5.76460752303767552e+17,16,5,2,3.32306998945331719e+35,5.04263457000000017e+02,0,9.99874892676065895e-12,nan,0.00000000000000000e+00
27,2,-5.55398705953526611e-12,1.00000000000000000e+00,3.17845886467298610e-11,2,18,-2.34360429380821955e-11,-3.85502606696576489e-12,-3.17845886467298610e-11,-5.47611117490292427e-12,-1.44188384386338537e-11,2.97720623622365289e-12,-1.07328419478100252e-11,-1.05605958130626424e-11,2.62306015871945957e-11,2.10517466989198358e-11,8.86485137909858837e-12,1.73960446748575066e-11,19,2,1,5.76460752303767552e+17,19,2,1,5.76460752303767552e+17,16,5,2,3.32306998945331719e+35,4.96515956000000017e+02,0,2.10517466989198358e-11,nan,0.00000000000000000e+00
27,3,-4.68651663843590133e-12,1.00000000000000000e+00,2.42064615932657053e-11,2,18,-1.92732444957111725e-11,-4.36128484158383566e-12,-2.42064615932657053e-11,-1.48849071580841317e-11,-6.71880809649007297e-12,-2.67199412300019612e-12,-2.02791430199499675e-11,2.30014586192056249e-12,1.95199449548298040e-11,1.71850530200046925e-11,1.55926263815140662e-11,2.25792888818705284e-11,19,2,1,5.76460752303767552e+17,19,2,1,5.76460752303767552e+17,16,5,2,3.32306998945331719e+35,5.07883822000000009e+02,0,1.71850530200046925e-11,nan,0.00000000000000000e+00
28,0,-3.43705670625956530e-12,1.00000000000000000e+00,1.91619299234278625e-11,2,18,9.74790953539127180e-12,2.48749650243171880e-12,-1.22778031411227868e-11,-1.91619299234278625e-11,7.74875837367567461e-12,7.34901268994483564e-12,-6.90368496936104955e-12,-1.38947833115587393e-11,1.57248732171682956e-11,5.37411817176173722e-12,1.11858150799352399e-11,2.16435416852344139e-11,19,2,1,5.76460752303767552e+17,19,2,1,5.76460752303767552e+17,16,5,2,3.32306998945331719e+35,5.07924743999999976e+02,0,5.37411817176173722e-12,nan,0.00000000000000000e+00
28,1,4.20120228363555639e-13,1.00000000000000000e+00,1.95487124086169274e-11,2,18,-2.69304168163911776e-12,1.95487124086169274e-11,8.45645041918439464e-12,4.66545627735562143e-12,4.30305037183685946e-12,4.96410179965768541e-12,6.54401861348630810e-12,8.29431620774613766e-13,1.91285921802533710e-11,1.45846106089592404e-11,6.12389838512275246e-12,5.71458699271169433e-12,19,2,1,5.76460752303767552e+17,19,2,1,5.76460752303767552e+17,16,5,2,3.32306998945331719e+35,4.95008871999999997e+02,0,1.45846106089592404e-11,nan,0.00000000000000000e+00
28,2,-9.74217255198642026e-13,1.00000000000000000e+00,1.42248572540810374e-11,2,18,-3.95266395202927084e-12,-1.16413757544282781e-11,-1.42248572540810374e-11,-4.27208378682341137e-13,1.60160497242871642e-11,-9.22784328442443208e-12,7.15825559231937489e-13,7.29815754682352898e-12,1.32506399988823956e-11,1.99687136763164367e-11,1.69902669794858077e-11,2.52438930087115947e-11,19,2,1,5.76460752303767552e+17,19,2,1,5.76460752303767552e+17,16,5,2,3.32306998945331719e+35,5.35341121000000044e+02,0,1.99687136763164367e-11,nan,0.00000000000000000e+00
28,3,-9.93970516483269204e-13,1.00000000000000000e+00,3.00764499191739532e-11,2,18,1.32500423184186365e-11,-1.32113572328517401e-11,1.67533191675585130e-11,-3.00764499191739532e-11,5.53687398329215150e-12,-1.57687862950664636e-11,-1.41475692308616450e-11,-8.49137791431818471e-12,2.90824794026906840e-11,3.09008883984201564e-11,1.47748157785831944e-11,2.13056602783586167e-11,19,2,1,5.76460752303767552e+17,19,2,1,5.76460752303767552e+17,16,5,2,3.32306998945331719e+35,4.99223558000000025e+02,0,3.09008883984201564e-11,nan,0.00000000000000000e+00
29,0,-4.90013438521258161e-12,1.00000000000000000e+00,2.24290087846952330e-11,2,18,-7.51053848923549395e-12,-3.98592476379020139e-12,-2.24290087846952330e-11,1.58747024355548961e-13,-1.86776603183669546e-11,-6.95557112500441647e-12,1.23186174658541758e-11,-2.75644772294051650e-11,1.75288743994826497e-11,3.47476262505494104e-11,2.26643428441925850e-11,3.98830946952593392e-11,19,2,1,5.76460752303767552e+17,19,2,1,5.76460752303767552e+17,16,5,2,3.32306998945331719e+35,5.11637745999999993e+02,0,3.47476262505494104e-11,nan,0.00000000000000000e+00
29,1,-2.11938080125083508e-12,1.00000000000000000e+00,1.50249608253858477e-11,2,18,-1.50249608253858477e-11,-1.29282385101739421e-11,-1.19261558821408428e-11,-1.63105064521603160e-12,-1.59492789445996636e-11,9.67008376846314794e-13,-3.38069386357594793e-12,-1.33317834367008461e-12,1.29055800241350123e-11,1.38952468870202563e-11,1.38298981433488281e-11,1.69162873214459794e-11,19,2,1,5.76460752303767552e+17,19,2,1,5.76460752303767552e+17,16,5,2,3.32306998945331719e+35,4.98059129999999982e+02,0,1.38952468870202563e-11,nan,0.00000000000000000e+00
29,2,-4.40759463640889349e-12,1.00000000000000000e+00,1.24010958251108928e-11,2,18,-1.24010958251108928e-11,-6.08483335884979045e-12,2.00950264571285959e-12,-8.49384245512202139e-12,1.12174723430669332e-11,-1.10585866390672073e-12,-1.35691647272119276e-11,-2.14930917969194044e-11,7.99350118870200016e-12,2.36185681681778244e-11,1.70854971605105117e-11,3.27105641399863392e-11,19,2,1,5.76460752303767552e+17,19,2,1,5.76460752303767552e+17,16,5,2,3.32306998945331719e+35,4.97443392000000017e+02,0,2.36185681681778244e-11,nan,0.00000000000000000e+00
29,3,-1.00105155320660982e-12,1.00000000000000000e+00,2.96105397785106133e-11,2,18,-1.93750684341741706e-11,8.36465918480748102e-12,-2.96105397785106133e-11,4.89646470859162473e-12,4.58377036806263793e-12,-1.19450526336689717e-11,4.66996494180165387e-12,1.74415231885067523e-11,2.86094882253040047e-11,3.42805047203122672e-11,1.84425747417133609e-11,2.93865758221757257e-11,19,2,1,5.76460752303767552e+17,19,2,1,5.76460752303767552e+17,16,5,2,3.32306998945331719e+35,4.95571197999999981e+02,0,3.42805047203122672e-11,nan,0.00000000000000000e+00
30,0,-2.15183670839180301e-12,1.00000000000000000e+00,2.58476070546185047e-11,2,18,1.39670422727957631e-11,-1.15312258659782565e-11,-2.58476070546185047e-11,-2.42151404288089470e-11,9.70530484318746349e-12,1.66035653782960404e-11,2.76649916249454285e-12,-1.83432629493714264e-11,2.36957703462267017e-11,2.86141062171130459e-11,1.87554020866878434e-11,3.49468283276674667e-11,19,2,1,5.76460752303767552e+17,19,2,1,5.76460752303767552e+17,16,5,2,3.32306998945331719e+35,4.95250877000000003e+02,0,2.86141062171130459e-11,nan,0.00000000000000000e+00
30,1,-1.02498127146464316e-13,1.00000000000000000e+00,1.18393033402962196e-11,2,18,1.18393033402962196e-11,6.39088101773366959e-12,6.97290281563272959e-12,-6.10196347581583795e-12,2.50018909034329033e-11,9.79316675203982588e-12,2.01925437446056192e-11,7.30231250364162916e-12,1.19418014674426840e-11,1.34042759794574671e-11,2.51043890305793676e-11,1.76995783997912757e-11,19,2,1,5.76460752303767552e+17,19,2,1,5.76460752303767552e+17,16,5,2,3.32306998945331719e+35,5.02023860000000013e+02,0,1.34042759794574671e-11,nan,0.00000000000000000e+00
30,2,3.38509858464832652e-12,1.00000000000000000e+00,1.92326262407447893e-11,2,18,1.11635044410900858e-11,1.92326262407447893e-11,-5.05105334763460462e-12,-1.09727177663811105e-11,4.01263029622580893e-12,8.84776284580514728e-12,-8.05969541483977634e-12,3.45733943405037336e-11,1.58475276560964616e-11,4.55461121068848457e-11,3.11882957558554091e-11,4.26330897553435099e-11,19,2,1,5.76460752303767552e+17,19,2,1,5.76460752303767552e+17,16,5,2,3.32306998945331719e+35,5.11211117999999999e+02,0,4.55461121068848457e-11,nan,0.00000000000000000e+00
30,3,3.86815360199667091e-12,1.00000000000000000e+00,4.06242616370569957e-11,2,18,7.90675328324197823e-12,-4.06242616370569957e-11,-1.55941167988176386e-11,9.15129262327594656e-12,-4.53126545829296197e-12,-2.63354576818485534e-11,-8.71163850642461222e-12,-2.37079696208034654e-11,4.44924152390536698e-11,3.28592622440794119e-11,3.02036112838452244e-11,2.18041922235555915e-11,19,2,1,5.76460752303767552e+17,19,2,1,5.76460752303767552e+17,16,5,2,3.32306998945331719e+35,5.05154628000000002e+02,0,3.28592622440794119e-11,nan,0.00000000000000000e+00
31,0,1.14073275368693958e-11,1.00000000000000000e+00,1.75484434857355384e-11,2,18,-1.44879068559441296e-11,9.77040911316180958e-12,1.75484434857355384e-11,1.12239753513456194e-11,1.54518033914176720e-12,-1.03446564894992698e-11,-6.95687223119773565e-12,1.33207535772217104e-11,2.58952343928135237e-11,2.45053157169332741e-11,2.17519840263686671e-11,2.36654100667209802e-11,19,2,1,5.76460752303767552e+17,19,2,1,5.76460752303767552e+17,16,5,2,3.32306998945331719e+35,4.86140856999999983e+02,0,2.45053157169332741e-11,nan,0.00000000000000000e+00
31,1,-9.25660554470667894e-13,1.00000000000000000e+00,2.84027101727746531e-11,2,18,-9.26826906134423432e-12,7.73063778453534005e-12,-1.29160485706217751e-11,2.84027101727746531e-11,1.76256913385546029e-11,1.10373541557883490e-11,-2.73602992641287421e-11,-3.17207442038520860e-12,2.93283707272453230e-11,3.15747845931598592e-11,2.64346387096580754e-11,4.49859906026833450e-11,19,2,1,5.76460752303767552e+17,19,2,1,5.76460752303767552e+17,16,5,2,3.32306998945331719e+35,4.96619661000000008e+02,0,3.15747845931598592e-11,nan,0.00000000000000000e+00
31,2,6.61897267639771021e-12,1.00000000000000000e+00,4.23591043027944936e-11,2,18,3.18130482045440777e-11,4.04280002101054962e-12,6.47744227180990124e-12,-4.23591043027944936e-11,1.20534146320245380e-11,1.64018808846757357e-11,-2.09811227883195734e-12,-1.82301813181318856e-11,4.89780769791922038e-11,2.41289229846626080e-11,2.48491539945295958e-11,3.46320622028076213e-11,19,2,1,5.76460752303767552e+17,19,2,1,5.76460752303767552e+17,16,5,2,3.32306998945331719e+35,4.98440050999999983e+02,0,2.41289229846626080e-11,nan,0.00000000000000000e+00
31,3,-2.91211012039881215e-12,1.00000000000000000e+00,2.15990000918053055e-11,2,18,-1.93485699105897097e-11,-2.15990000918053055e-11,-6.78961723589964858e-12,2.33279387895960819e-12,3.16467819795970140e-11,9.50824932305298285e-13,2.22169950288712585e-11,-4.83964168728527903e-11,1.86868899714064925e-11,5.09953518901867237e-11,4.54843067524539806e-11,8.00431988524498042e-11,19,2,1,5.76460752303767552e+17,19,2,1,5.76460752303767552e+17,16,5,2,3.32306998945331719e+35,4.95002647000000024e+02,0,5.09953518901867237e-11,nan,0.00000000000000000e+00
32,0,-3.04253314583132896e-12,1.00000000000000000e+00,2.08278746092575744e-11,2,18,6.79601440888076126e-13,-1.67612133048189019e-12,2.08278746092575744e-11,8.26711330108964101e-12,-7.80377331157745438e-12,-1.83927454739139666e-11,-1.28838928152226112e-11,2.42400367986358115e-11,2.38704077550889042e-11,3.37117674244801889e-11,2.72825699444671413e-11,4.26327822725497781e-11,19,2,1,5.76460752303767552e+17,19,2,1,5.76460752303767552e+17,16,5,2,3.32306998945331719e+35,4.98158195999999975e+02,0,3.37117674244801889e-11,nan,0.00000000000000000e+00
32,1,-4.32119650207896196e-12,1.00000000000000000e+00,3.19391912626860151e-11,2,18,-3.19391912626860151e-11,-1.80295554530871172e-11,-2.91824876989382308e-12,1.22910349577498309e-11,-2.67788306748569411e-11,-3.35755704759389711e-11,5.79179310314828947e-12,-6.88265240031657815e-11,2.76179947606070516e-11,8.11175589609156060e-11,6.45053275010868244e-11,7.46183171063140742e-11,19,2,1,5.76460752303767552e+17,19,2,1,5.76460752303767552e+17,16,5,2,3.32306998945331719e+35,4.95726468000000011e+02,0,8.11175589609156060e-11,nan,0.00000000000000000e+00
32,2,-4.28991424278530512e-12,1.00000000000000000e+00,5.80507558086665645e-11,2,18,7.89340798114010679e-12,-2.75549111200047710e-11,5.29188490865575148e-12,5.80507558086665645e-11,-9.52091266219584269e-12,-9.59542364622888925e-12,2.95410219730423349e-12,2.69608318250198469e-11,6.23406700514518752e-11,3.10899239836467176e-11,3.12507460678051512e-11,3.65562554712487345e-11,19,2,1,5.76460752303767552e+17,19,2,1,5.76460752303767552e+17,16,5,2,3.32306998945331719e+35,5.04765535999999997e+02,0,3.10899239836467176e-11,nan,0.00000000000000000e+00
32,3,-2.99812439323709396e-12,1.00000000000000000e+00,3.69296986128484632e-11,2,18,-3.69296986128484632e-11,-2.58019638672679174e-11,1.87291466204436280e-11,-1.18232323066023949e-11,2.33860667086831448e-11,-5.83482048759365842e-11,-1.46311468656348317e-11,-1.49006200601076907e-12,3.39315742196113701e-11,6.03157653215316015e-11,5.53500804826994911e-11,8.17342715846197225e-11,19,2,1,5.76460752303767552e+17,19,2,1,5.76460752303767552e+17,16,5,2,3.32306998945331719e+35,5.03333181000000025e+02,0,6.03157653215316015e-11,nan,0.00000000000000000e+00
33,0,2.22219268721514794e-12,1.00000000000000000e+00,3.67406554397120147e-11,2,18,-3.67406554397120147e-11,1.37453320448862171e-12,-2.20324004092637378e-11,-1.97438840418097285e-11,3.15088581837773884e-11,-1.38038588368485067e-11,1.60728158046891441e-11,-3.15560839490548185e-12,3.89628481269271651e-11,6.82495136234893967e-11,2.92866654965622381e-11,4.53127170206258983e-11,19,2,1,5.76460752303767552e+17,19,2,1,5.76460752303767552e+17,16,5,2,3.32306998945331719e+35,5.01770970999999975e+02,0,6.82495136234893967e-11,nan,0.00000000000000000e+00
33,1,-7.88861005776478669e-12,1.00000000000000000e+00,2.45707080079551063e-11,2,18,-1.41047784823221542e-11,7.26082407020500452e-12,-5.07010347901975766e-12,2.45707080079551063e-11,1.47318437789022174e-11,-2.02334465983798182e-11,4.55861407754775679e-11,8.46914607088784271e-13,3.24593180657198914e-11,5.06562442544973271e-11,5.34747508332423529e-11,6.58195873738573828e-11,19,2,1,5.76460752303767552e+17,19,2,1,5.76460752303767552e+17,16,5,2,3.32306998945331719e+35,4.93714717000000007e+02,0,5.06562442544973271e-11,nan,0.00000000000000000e+00
33,2,1.50743966236135000e-12,1.00000000000000000e+00,3.76632886747098680e-11,2,18,-2.23962997791081494e-11,2.58281569978015886e-11,3.76632886747098680e-11,2.75545221272112024e-11,2.04948635682713953e-11,5.04374753438022045e-12,3.11052100544237124e-11,1.54102613022288193e-11,3.61558490123485164e-11,4.28911633473795446e-11,2.95977703920623607e-11,2.60614625200434903e-11,19,2,1,5.76460752303767552e+17,19,2,1,5.76460752303767552e+17,16,5,2,3.32306998945331719e+35,4.93749360000000024e+02,0,4.28911633473795446e-11,nan,0.00000000000000000e+00
33,3,-5.69710232080032260e-13,1.00000000000000000e+00,2.94022306648668622e-11,2,18,-5.55079058884974707e-12,2.94022306648668622e-11,1.19249711055528566e-11,-1.30952186536939782e-11,4.09495099771053205e-11,-4.68236589104230721e-11,1.67420775540461159e-11,-1.02026540322672153e-11,2.99719408969468959e-11,7.62258895752899278e-11,4.62539486783430384e-11,8.77731688875283926e-11,19,2,1,5.76460752303767552e+17,19,2,1,5.76460752303767552e+17,16,5,2,3.32306998945331719e+35,4.94067404000000010e+02,0,7.62258895752899278e-11,nan,0.00000000000000000e+00
34,0,1.24347616258857092e-11,1.00000000000000000e+00,4.33465596987286998e-11,2,18,4.33465596987286998e-11,6.37539709130745421e-12,9.63516899566612113e-12,7.28599095668460393e-12,-3.72598753201230537e-11,2.35868190071386059e-12,8.02425214193926425e-11,-1.12496464108493778e-11,3.09117980728429889e-11,8.06064350188517535e-11,6.78077597935069316e-11,1.17502396739515696e-10,19,2,1,5.76460752303767552e+17,19,2,1,5.76460752303767552e+17,16,5,2,3.32306998945331719e+35,5.01881305999999995e+02,0,8.06064350188517535e-11,nan,0.00000000000000000e+00
34,1,9.33195988542402636e-12,1.00000000000000000e+00,2.59175630927571531e-11,2,18,2.59175630927571531e-11,1.54433939743630345e-11,-2.02706663935417567e-12,-9.40352019197213543e-12,-2.20536083493309672e-11,1.82953717212327162e-11,-8.54112289794698045e-12,-3.36602239259661170e-11,1.87354800773961618e-11,4.79711714420881203e-11,4.29921838113901466e-11,5.19555956471988332e-11,19,2,1,5.76460752303767552e+17,19,2,1,5.76460752303767552e+17,16,5,2,3.32306998945331719e+35,4.90122554999999977e+02,0,4.79711714420881203e-11,nan,0.00000000000000000e+00
34,2,7.51474712057734599e-12,1.00000000000000000e+00,3.38341134605350263e-11,2,18,5.37459578207628227e-12,-2.18677161720367501e-12,-3.38341134605350263e-11,2.10970292758360811e-11,3.76237464000773538e-11,2.92788154881988978e-11,-3.11662468154943714e-11,3.67612992138618196e-11,4.13488605811123707e-11,3.22491506180010715e-11,3.86809939360717158e-11,6.87899932155717251e-11,19,2,1,5.76460752303767552e+17,19,2,1,5.76460752303767552e+17,16,5,2,3.32306998945331719e+35,4.99557186999999999e+02,0,3.22491506180010715e-11,nan,0.00000000000000000e+00
34,3,4.27233705803910247e-13,1.00000000000000000e+00,5.52741393024227621e-11,2,18,-5.47584063597522844e-12,3.84335934889634332e-11,-4.00458887794273380e-11,-5.52741393024227621e-11,-3.00857129269446717e-11,9.40751440021154607e-12,3.15834518713007439e-12,2.13828084061146683e-11,5.57013730082266697e-11,7.66569477085374239e-11,3.05129466327485793e-11,5.14685213330593399e-11,19,2,1,5.76460752303767552e+17,19,2,1,5.76460752303767552e+17,16,5,2,3.32306998945331719e+35,5.02958064999999976e+02,0,7.66569477085374239e-11,nan,0.00000000000000000e+00
35,0,4.25526657766569408e-13,1.00000000000000000e+00,8.25411861921653974e-11,2,18,2.75127686412815658e-11,-8.25411861921653974e-11,2.13916611184932212e-12,-1.97374427486041262e-11,-2.29000345710100599e-11,4.29222942158138241e-11,-5.27641935614095603e-12,1.08155650434517783e-12,8.29667128499319705e-11,1.25463480407979222e-10,4.24967675580472576e-11,6.58223287868238776e-11,19,2,1,5.76460752303767552e+17,19,2,1,5.76460752303767552e+17,16,5,2,3.32306998945331719e+35,4.88690085000000010e+02,0,1.25463480407979222e-10,nan,0.00000000000000000e+00
35,1,1.27177659811561588e-11,1.00000000000000000e+00,6.32289987107498629e-11,2,18,6.32289987107498629e-11,3.83371418738046649e-11,3.96930149956576988e-12,2.17778655778130226e-11,-6.02458638942168756e-11,-1.88454571345643747e-11,-2.82903837168410727e-12,-6.58492349133513592e-11,5.05112327295937041e-11,1.23474862604966726e-10,7.85670008945075244e-11,6.30201965416672455e-11,19,2,1,5.76460752303767552e+17,19,2,1,5.76460752303767552e+17,16,5,2,3.32306998945331719e+35,4.92239432000000022e+02,0,1.23474862604966726e-10,nan,0.00000000000000000e+00
35,2,1.00007645730629649e-11,1.00000000000000000e+00,6.84494389023052645e-11,2,18,6.84494389023052645e-11,1.82035259190112396e-11,1.77348419893752592e-11,8.93930515393922293e-12,4.58857183314708194e-11,-2.23158401904794125e-11,6.39807180839928202e-11,-3.76612337408360331e-11,5.84486743292422980e-11,4.66005388947752528e-11,5.39799535109298537e-11,1.01641951824828853e-10,19,2,1,5.76460752303767552e+17,19,2,1,5.76460752303767552e+17,16,5,2,3.32306998945331719e+35,4.99872699000000011e+02,0,4.66005388947752528e-11,nan,0.00000000000000000e+00
35,3,8.19366202497512602e-12,1.00000000000000000e+00,6.04423672175320509e-11,2,18,5.40914593221179337e-11,6.88203520764710552e-12,-2.69541502895693458e-11,6.04423672175320509e-11,-2.18189598802406126e-12,-3.98127001414666940e-11,-4.49890517199791936e-11,-4.23494670717688043e-11,5.22487051925569282e-11,1.02791834289300862e-10,5.31827137449543229e-11,4.28071557319551324e-11,19,2,1,5.76460752303767552e+17,19,2,1,5.76460752303767552e+17,16,5,2,3.32306998945331719e+35,4.95911497999999995e+02,0,1.02791834289300862e-10,nan,0.00000000000000000e+00
36,0,1.78162180091255509e-11,1.00000000000000000e+00,8.81182500990357107e-11,2,18,1.88131559312688717e-11,-8.81182500990357107e-11,-4.16114012799289117e-12,9.68084917061763813e-12,4.61099267506411822e-11,-5.12032254441401951e-11,1.71950849405048785e-11,3.51322740442474161e-11,1.05934468108161268e-10,3.69150246548955156e-11,6.90194434532657460e-11,9.73131521947813709e-11,19,2,1,5.76460752303767552e+17,19,2,1,5.76460752303767552e+17,16,5,2,3.32306998945331719e+35,4.89828562999999974e+02,0,3.69150246548955156e-11,nan,0.00000000000000000e+00
36,1,-1.60087767195690412e-11,1.00000000000000000e+00,8.56634417742474451e-11,2,18,-8.56634417742474451e-11,-3.18288654050884395e-11,-8.18467650847355489e-11,-1.70820997148515573e-11,-3.58035023865260365e-11,-3.96359665280041604e-11,-3.35290800150677330e-11,-5.63116024330554862e-11,6.96546650546784072e-11,4.98599393877214087e-11,4.03028257134864482e-11,2.27825224179877532e-11,19,2,1,5.76460752303767552e+17,19,2,1,5.76460752303767552e+17,16,5,2,3.32306998945331719e+35,4.89700370000000021e+02,0,4.98599393877214087e-11,nan,0.00000000000000000e+00
36,2,-1.36930725759577950e-11,1.00000000000000000e+00,1.03336575929315558e-10,2,18,4.85622397300511375e-12,-2.53879275518697932e-11,-1.02051423191467076e-11,-1.03336575929315558e-10,-9.28140633483734159e-12,-4.51371005920157413e-11,-1.15031056261395634e-12,-7.13744097232001003e-12,8.96435033533577666e-11,9.61991349569955516e-11,3.14440280160579495e-11,4.39867900294017825e-11,19,2,1,5.76460752303767552e+17,19,2,1,5.76460752303767552e+17,16,5,2,3.32306998945331719e+35,5.00427562000000023e+02,0,9.61991349569955516e-11,nan,0.00000000000000000e+00
36,3,-2.26437436746409349e-11,1.00000000000000000e+00,2.88344684209514702e-11,2,18,-2.30113026696762751e-11,-1.89291861319176798e-11,-7.41153565472209266e-12,2.88344684209514702e-11,5.83633535921151268e-12,-7.96424193587835448e-11,-9.93689005059656656e-12,5.41215906763856804e-11,5.14782120955924051e-11,6.07132332268658650e-11,7.67653343510266217e-11,1.33764010035169225e-10,19,2,1,5.76460752303767552e+17,19,2,1,5.76460752303767552e+17,16,5,2,3.32306998945331719e+35,4.88286240000000021e+02,0,6.07132332268658650e-11,nan,0.00000000000000000e+00
37,0,-3.98393306547650398e-11,1.00000000000000000e+00,1.30813893299553924e-10,2,18,-5.64204347523081292e-11,-1.11686686429409441e-10,-1.30813893299553924e-10,-1.07920314396033257e-11,-7.36169357541916896e-11,4.77551661883345172e-11,-9.86534124628310063e-12,-7.57035985163208428e-11,9.09745626447888841e-11,1.59441852617743965e-10,8.75944968430995634e-11,1.23458764704655353e-10,19,2,1,5.76460752303767552e+17,19,2,1,5.76460752303767552e+17,16,5,2,3.32306998945331719e+35,4.98905372999999997e+02,0,1.59441852617743965e-10,nan,0.00000000000000000e+00
37,1,-3.58360664523563774e-11,1.00000000000000000e+00,4.88257034557709166e-11,2,18,-4.88257034557709166e-11,4.28432767699740536e-12,-1.94631055037864993e-11,-6.37543839450228626e-12,-6.46263781806375603e-11,3.51405393465367213e-11,-1.97648240593311168e-11,-3.77733261320821418e-11,4.01203941293537812e-11,3.13978877375798572e-11,7.09766057988930987e-11,9.97669175271742815e-11,19,2,1,5.76460752303767552e+17,19,2,1,5.76460752303767552e+17,16,5,2,3.32306998945331719e+35,4.95509833000000015e+02,0,3.13978877375798572e-11,nan,0.00000000000000000e+00
37,2,-3.44927204373024031e-11,1.00000000000000000e+00,9.76601739338842927e-11,2,18,-4.97804124697376011e-11,-9.76601739338842927e-11,2.54198789882545870e-11,2.16269144937080375e-11,-6.28844597272075014e-11,9.12141382360189516e-11,-5.85405192055571042e-11,-4.20098129917933804e-11,6.31674534965818896e-11,1.88874312169903257e-10,1.25706858673321355e-10,1.54098597963226440e-10,19,2,1,5.76460752303767552e+17,19,2,1,5.76460752303767552e+17,16,5,2,3.32306998945331719e+35,4.97455331000000001e+02,0,1.88874312169903257e-10,nan,0.00000000000000000e+00
37,3,-3.76725613436033779e-11,1.00000000000000000e+00,1.27836868615958618e-10,2,18,-2.36474003305160424e-11,-6.57543379125062139e-11,-1.27836868615958618e-10,-9.28466542478406067e-11,-6.72537976523870497e-11,1.75405935470993911e-11,2.57647405545583709e-11,-4.60939204238019999e-11,9.01643072723552398e-11,1.53601609170516985e-10,6.34373018981617456e-11,9.30185382069454173e-11,19,2,1,5.76460752303767552e+17,19,2,1,5.76460752303767552e+17,16,5,2,3.32306998945331719e+35,4.95377702999999997e+02,0,1.53601609170516985e-10,nan,0.00000000000000000e+00
38,0,-1.91185071003786276e-11,1.00000000000000000e+00,7.64406851315335801e-11,2,18,2.13380491088298483e-11,1.04428630598341063e-11,-4.44808443835849180e-11,-7.64406851315335801e-11,-5.06104982320552491e-11,-2.13846477535131242e-11,-6.19977821985069891e-11,-1.26889894584866574e-10,5.73221780311549492e-11,7.19485473408851006e-11,1.07771387484487943e-10,1.05505246831353443e-10,19,2,1,5.76460752303767552e+17,19,2,1,5.76460752303767552e+17,16,5,2,3.32306998945331719e+35,4.96073084999999992e+02,0,7.19485473408851006e-11,nan,0.00000000000000000e+00
38,1,-1.83630188627313610e-11,1.00000000000000000e+00,1.02981097103318215e-10,2,18,6.12258819300974148e-11,-5.72397626721642960e-11,-1.02981097103318215e-10,7.59746722057665405e-12,3.88580091113050320e-11,-6.52583267625877902e-11,1.69432900388601642e-11,5.75833726506849216e-11,8.46180782405868541e-11,1.19924387142178379e-10,7.59463915134162826e-11,1.22841699413272712e-10,19,2,1,5.76460752303767552e+17,19,2,1,5.76460752303767552e+17,16,5,2,3.32306998945331719e+35,5.47509674000000018e+02,0,1.19924387142178379e-10,nan,0.00000000000000000e+00
38,2,-5.30226453274771678e-12,1.00000000000000000e+00,6.95105102215675371e-11,2,18,-1.86129794683283063e-12,-3.95121971166492001e-12,-1.96916285773471793e-11,-6.95105102215675371e-11,-9.16374401677671968e-11,6.38300197742767179e-11,-9.33000381317747955e-11,-3.63062263338690438e-11,6.42082456888198227e-11,8.97761422209343662e-11,8.79977735990270811e-11,1.57130057906051513e-10,19,2,1,5.76460752303767552e+17,19,2,1,5.76460752303767552e+17,16,5,2,3.32306998945331719e+35,5.04555573999999979e+02,0,8.97761422209343662e-11,nan,0.00000000000000000e+00
38,3,-2.11323212791791124e-11,1.00000000000000000e+00,4.98289993233755666e-11,2,18,3.10234097574585119e-11,-3.76300076038243998e-11,-4.98289993233755666e-11,-6.20340741357826127e-12,-6.13809446328337403e-11,5.52254000172557697e-11,4.75185682538339629e-11,2.02414432059274058e-10,5.21557310366376276e-11,2.08617839472852316e-10,2.23546753338453174e-10,2.63795376692107785e-10,19,2,1,5.76460752303767552e+17,19,2,1,5.76460752303767552e+17,16,5,2,3.32306998945331719e+35,5.05728682999999990e+02,0,2.08617839472852316e-10,nan,0.00000000000000000e+00
39,0,2.73281237694865515e-11,1.00000000000000000e+00,1.42363451075358915e-10,2,18,-9.64507466212141180e-11,5.79729746794070569e-11,-1.42363451075358915e-10,-6.71255171379809854e-11,-8.78837496966324581e-11,-1.15287224602442746e-10,-5.10071951931957898e-11,1.31305047569429402e-11,1.69691574844845470e-10,1.73260199281849796e-10,1.42615348371929300e-10,1.28417729359385686e-10,19,2,1,5.76460752303767552e+17,19,2,1,5.76460752303767552e+17,16,5,2,3.32306998945331719e+35,4.79185185999999987e+02,0,1.73260199281849796e-10,nan,0.00000000000000000e+00
39,1,-2.48034927166490949e-11,1.00000000000000000e+00,5.38319866018543705e-11,2,18,-2.99094081282663456e-11,-4.37654930234821426e-12,5.38319866018543705e-11,-1.10048380133013052e-11,-7.09438299106860169e-11,1.13337669542386242e-10,4.97715663952058349e-11,-1.65045354985620229e-11,7.86354793185034718e-11,1.17714218844734463e-10,1.38141162259035343e-10,1.84281499453072259e-10,19,2,1,5.76460752303767552e+17,19,2,1,5.76460752303767552e+17,16,5,2,3.32306998945331719e+35,5.04237415999999996e+02,0,1.17714218844734463e-10,nan,0.00000000000000000e+00
39,2,-2.08590945415755519e-12,1.00000000000000000e+00,8.82328556664394400e-11,2,18,2.03369460060647192e-11,2.47061863463626494e-11,-8.82328556664394400e-11,2.39126470260500769e-11,-2.81257602833051971e-11,-2.82693183565312457e-11,2.43202861852319085e-11,-2.88991963538508212e-11,8.61469462122818832e-11,1.12553141851671349e-10,2.68132868996932676e-11,5.32194825390827265e-11,19,2,1,5.76460752303767552e+17,19,2,1,5.76460752303767552e+17,16,5,2,3.32306998945331719e+35,5.03117719000000022e+02,0,1.12553141851671349e-10,nan,0.00000000000000000e+00
39,3,-2.75977549506812883e-11,1.00000000000000000e+00,1.09805317655880928e-10,2,18,2.64628022873834572e-11,-7.61909985660043749e-11,-1.09805317655880928e-10,5.01695121351338817e-14,-6.54370257823879979e-12,7.22268572896564141e-11,-1.80843199915332227e-10,3.05704151935947121e-11,8.22075627051996427e-11,1.48417855855660802e-10,1.53245444964650942e-10,2.53070057204988654e-10,19,2,1,5.76460752303767552e+17,19,2,1,5.76460752303767552e+17,16,5,2,3.32306998945331719e+35,5.01269554000000028e+02,0,1.48417855855660802e-10,nan,0.00000000000000000e+00
40,0,-7.13542799235272880e-11,1.00000000000000000e+00,7.51166219782270002e-11,2,18,-1.88607265583691172e-11,-3.36242587534786568e-11,-4.81301287200846944e-11,-7.51166219782270002e-11,8.86952894494105638e-11,1.27421627081517396e-11,1.00491628287896480e-11,1.47224510584674214e-11,5.24935533651581709e-11,1.07556016007779675e-10,1.60049569372937852e-10,7.86461266206209158e-11,19,2,1,5.76460752303767552e+17,19,2,1,5.76460752303767552e+17,16,5,2,3.32306998945331719e+35,4.97100327999999990e+02,0,1.07556016007779675e-10,nan,0.00000000000000000e+00
40,1,-3.35528611879467510e-11,1.00000000000000000e+00,2.49184993943897858e-10,2,18,1.29378091442180188e-10,-6.94259412417849729e-11,-6.20073257185076800e-11,2.49184993943897858e-10,4.26856273376266522e-11,-6.04454071083167164e-11,-2.12025759785064122e-11,-4.62086704139580164e-11,2.82737855131844583e-10,2.95393664357855855e-10,7.62384885255734031e-11,1.03131034445943369e-10,19,2,1,5.76460752303767552e+17,19,2,1,5.76460752303767552e+17,16,5,2,3.32306998945331719e+35,4.92572766000000001e+02,0,2.95393664357855855e-10,nan,0.00000000000000000e+00
40,2,-7.51550664519932362e-11,1.00000000000000000e+00,1.98933772896310046e-10,2,18,7.04245138882247082e-11,-8.62516336217469521e-11,-1.98933772896310046e-10,6.03388739570271057e-11,-3.71508713419179765e-11,-2.56167319362099311e-10,-1.73637023282412129e-11,-1.50201481662589071e-11,1.45579580340217957e-10,1.81570070568068846e-10,1.81012252910106075e-10,2.41147171195840378e-10,19,2,1,5.76460752303767552e+17,19,2,1,5.76460752303767552e+17,16,5,2,3.32306998945331719e+35,4.99226589999999987e+02,0,1.81570070568068846e-10,nan,0.00000000000000000e+00
40,3,-4.36743875734732830e-11,1.00000000000000000e+00,8.72137650160468360e-11,2,18,-8.72137650160468360e-11,-1.49234284941556623e-11,-4.76230231974420795e-11,7.95611206433011620e-11,-1.13341174805899051e-10,-1.51221087686788246e-10,-1.33246243922829098e-10,7.35801171752539833e-12,1.23235508216774438e-10,1.36297659192632590e-10,1.07546700113314969e-10,1.58579099404313644e-10,19,2,1,5.76460752303767552e+17,19,2,1,5.76460752303767552e+17,16,5,2,3.32306998945331719e+35,5.00986115999999981e+02,0,1.36297659192632590e-10,nan,0.00000000000000000e+00
41,0,-6.50916108321067610e-11,1.00000000000000000e+00,2.44454796078436234e-10,2,18,-1.41124486660723689e-10,-1.58785917766006719e-11,-2.44454796078436234e-10,1.79418070722976971e-10,-1.62756179391370051e-11,-1.59691547579688782e-10,-1.86734500361693897e-10,7.44555831090685041e-12,2.44509681555083719e-10,1.71972512412070133e-10,1.21642889529587149e-10,1.94180058672600734e-10,19,2,1,5.76460752303767552e+17,19,2,1,5.76460752303767552e+17,16,5,2,3.32306998945331719e+35,4.97076489999999978e+02,0,1.71972512412070133e-10,nan,0.00000000000000000e+00
41,1,-6.84693453814063634e-11,1.00000000000000000e+00,2.56254899472199140e-10,2,18,-2.56254899472199140e-10,5.89465716973185348e-11,-6.75329547244186573e-11,1.40728910912371420e-10,-2.32203637462933965e-10,-1.27425158016002225e-10,2.84984359614520720e-11,-2.30505304360933789e-10,2.09198256293777783e-10,3.71234215273305209e-10,1.63734292081527602e-10,2.60702073424386037e-10,19,2,1,5.76460752303767552e+17,19,2,1,5.76460752303767552e+17,16,5,2,3.32306998945331719e+35,4.91654041000000007e+02,0,3.71234215273305209e-10,nan,0.00000000000000000e+00
41,2,-5.55917373090483446e-11,1.00000000000000000e+00,1.29628481448472530e-10,2,18,4.31675847822451624e-11,-1.29628481448472530e-10,8.42381893666437154e-11,9.39581705227934448e-11,-1.64119903682178359e-10,7.65254271814625882e-11,-9.20353772008021907e-11,-2.18221532617866232e-10,1.49549907831841796e-10,3.12179703140659677e-10,1.62629795308817881e-10,2.94746959799328820e-10,19,2,1,5.76460752303767552e+17,19,2,1,5.76460752303767552e+17,16,5,2,3.32306998945331719e+35,5.22768660999999952e+02,0,3.12179703140659677e-10,nan,0.00000000000000000e+00
41,3,-3.92815815142202275e-11,1.00000000000000000e+00,1.25128934031044247e-10,2,18,-6.92260367515945953e-11,1.25128934031044247e-10,-8.16338502225809576e-11,-7.03038284113577379e-11,5.91740014431373434e-11,1.20174801532380663e-10,-2.96286157057999568e-10,-1.27618763625547232e-12,1.64410515545264481e-10,2.14652306835418611e-10,2.57004575543779335e-10,4.16460958590380232e-10,19,2,1,5.76460752303767552e+17,19,2,1,5.76460752303767552e+17,16,5,2,3.32306998945331719e+35,5.16376530000000002e+02,0,2.14652306835418611e-10,nan,0.00000000000000000e+00
42,0,-6.94374961826758689e-11,1.00000000000000000e+00,1.93031119063208655e-10,2,18,-1.93031119063208655e-10,-5.87811345605622694e-12,3.26316790013242010e-11,1.56115289967526073e-11,-5.34134924145916851e-11,-2.07382339569533909e-11,-8.40801361391538380e-11,-1.09805055914770614e-10,1.23593622880532799e-10,1.39617626648616970e-10,4.86992622257224780e-11,8.90668219578172234e-11,19,2,1,5.76460752303767552e+17,19,2,1,5.76460752303767552e+17,16,5,2,3.32306998945331719e+35,4.82969715000000008e+02,0,1.39617626648616970e-10,nan,0.00000000000000000e+00
42,1,-8.32683184928518112e-11,1.00000000000000000e+00,1.44810279667231051e-10,2,18,3.18591831776192333e-11,4.91888132122168762e-11,-1.44810279667231051e-10,-5.00623999334793198e-11,-1.13325204314705228e-10,-1.19287975991606628e-10,-6.85491973907500339e-11,-1.26827463869103321e-10,1.32457131705068700e-10,1.68476789203823504e-10,4.35591453762515093e-11,5.82782664783532866e-11,19,2,1,5.76460752303767552e+17,19,2,1,5.76460752303767552e+17,16,5,2,3.32306998945331719e+35,4.98209315000000004e+02,0,1.68476789203823504e-10,nan,0.00000000000000000e+00
42,2,-3.89693813710824448e-11,1.00000000000000000e+00,1.80261973938556839e-10,2,18,-1.90686764998829930e-11,5.87523281189927265e-11,1.80261973938556839e-10,3.04835512827018109e-11,1.80797390010616932e-10,7.24937299952862930e-11,-1.25808655137142392e-10,-3.34023513257242759e-11,2.19231355309639283e-10,3.06070629075699257e-10,2.19766771381699377e-10,3.06606045147759324e-10,19,2,1,5.76460752303767552e+17,19,2,1,5.76460752303767552e+17,16,5,2,3.32306998945331719e+35,4.94508013000000005e+02,0,3.06070629075699257e-10,nan,0.00000000000000000e+00
42,3,-6.45177033029348525e-11,1.00000000000000000e+00,2.69293423658308459e-10,2,18,-1.39271980540540048e-10,2.16316114385069922e-10,2.69293423658308459e-10,1.28188351885714533e-11,7.19944148050474795e-12,1.32734002527102169e-10,-1.21933684349567541e-12,-8.62278420762702181e-11,3.33811126961243325e-10,2.70512760501804125e-10,1.97251705830037035e-10,2.18961844603372387e-10,19,2,1,5.76460752303767552e+17,19,2,1,5.76460752303767552e+17,16,5,2,3.32306998945331719e+35,4.94808161999999982e+02,0,2.70512760501804125e-10,nan,0.00000000000000000e+00
43,0,4.21146212883376574e-11,1.00000000000000000e+00,3.60959657283316044e-10,2,18,3.60959657283316044e-10,1.07052403398610924e-10,2.86680560924226372e-10,-1.10693418413244031e-10,5.86350881821020399e-11,1.65153303245674910e-10,-1.89384894110972810e-10,3.11977836334740539e-11,3.18845035994978387e-10,4.76065455035199130e-10,2.31499515399310467e-10,3.54538197356647720e-10,19,2,1,5.76460752303767552e+17,19,2,1,5.76460752303767552e+17,16,5,2,3.32306998945331719e+35,4.94019789000000003e+02,0,4.76065455035199130e-10,nan,0.00000000000000000e+00
43,1,3.60647313711359626e-12,1.00000000000000000e+00,8.04454446065974936e-11,2,18,4.74445781090418817e-12,-3.74834076544557348e-11,8.04454446065974936e-11,1.26485545352372596e-11,-2.39190603834682413e-10,1.74830401588243933e-10,-5.73887773060340211e-11,-1.48479199984849765e-10,7.68389714694838925e-11,2.43935061645586601e-10,2.42797076971796001e-10,4.14021005422926346e-10,19,2,1,5.76460752303767552e+17,19,2,1,5.76460752303767552e+17,16,5,2,3.32306998945331719e+35,4.93521890999999982e+02,0,2.43935061645586601e-10,nan,0.00000000000000000e+00
43,2,3.03042608312236371e-11,1.00000000000000000e+00,1.65005334434605646e-10,2,18,-9.45154318769216770e-11,1.65005334434605646e-10,6.37194170296726813e-11,1.41388981726831212e-10,-1.18498180107654339e-10,-2.94764081019469656e-11,3.36123120833622297e-10,3.55534565690126845e-11,1.34701073603382015e-10,2.72403703803949642e-10,3.05818860002398641e-10,4.54621300941276662e-10,19,2,1,5.76460752303767552e+17,19,2,1,5.76460752303767552e+17,16,5,2,3.32306998945331719e+35,4.98226167999999973e+02,0,2.72403703803949642e-10,nan,0.00000000000000000e+00
43,3,5.90771070798117573e-11,1.00000000000000000e+00,4.40022004268871584e-10,2,18,-8.14046314752624007e-12,3.88621715171289756e-10,2.96787962316926254e-10,4.40022004268871584e-10,1.71591997025407403e-10,9.89138755757385718e-11,-1.41634657294626354e-10,3.86112198229182888e-11,3.80944897189059840e-10,4.38422619611552582e-10,2.00711764374438124e-10,3.13226654320033757e-10,19,2,1,5.76460752303767552e+17,19,2,1,5.76460752303767552e+17,16,5,2,3.32306998945331719e+35,4.97015285000000006e+02,0,4.38422619611552582e-10,nan,0.00000000000000000e+00
44,0,1.05559441771660743e-10,1.00000000000000000e+00,2.29912079349440953e-10,2,18,2.13916071256055293e-10,2.29912079349440953e-10,8.54473041753159232e-11,4.13148259242903473e-11,-9.41246386285850253e-11,-1.84620242142588026e-11,1.66392132840790884e-10,1.72409113107999571e-10,1.24352637577780210e-10,3.08040709884640319e-10,1.99684080400245768e-10,2.66533751736584596e-10,19,2,1,5.76460752303767552e+17,19,2,1,5.76460752303767552e+17,16,5,2,3.32306998945331719e+35,5.02468624999999975e+02,0,3.08040709884640319e-10,nan,0.00000000000000000e+00
44,1,8.65859976656980429e-11,1.00000000000000000e+00,2.92872221226210014e-10,2,18,7.35418557915810371e-12,-2.92872221226210014e-10,-1.36006193619509627e-10,2.10895710876769814e-10,2.14400325527003700e-10,2.98229039872706548e-10,-1.99837291814780424e-11,2.33148318250511845e-10,3.79458218891908057e-10,5.91101261098916562e-10,2.11643042207008505e-10,3.18212769054184590e-10,19,2,1,5.76460752303767552e+17,19,2,1,5.76460752303767552e+17,16,5,2,3.32306998945331719e+35,5.02895813999999973e+02,0,5.91101261098916562e-10,nan,0.00000000000000000e+00
44,2,1.00075107981629338e-10,1.00000000000000000e+00,4.32776943285356842e-11,2,18,-7.67969610682049699e-12,1.99534248331650562e-11,4.32776943285356842e-11,1.47017018945521967e-11,6.60254083528567564e-11,-2.44739524866020603e-10,3.45874509777201431e-10,3.09505459265327172e-10,1.07754804088449838e-10,3.02596815448665760e-10,3.44814632847649928e-10,5.90614034643222086e-10,19,2,1,5.76460752303767552e+17,19,2,1,5.76460752303767552e+17,16,5,2,3.32306998945331719e+35,4.97670198000000028e+02,0,3.02596815448665760e-10,nan,0.00000000000000000e+00
44,3,1.21208445335681125e-10,1.00000000000000000e+00,2.46003639707408547e-10,2,18,2.46003639707408547e-10,2.55419822316359493e-11,1.38099413471660618e-11,2.73308193888151825e-11,1.33336346959285595e-10,2.83279693560205873e-10,1.32239515108093466e-10,7.48372921003157060e-11,1.24795194371727422e-10,2.57737711328569901e-10,1.62071248224524747e-10,2.08442401459890180e-10,19,2,1,5.76460752303767552e+17,19,2,1,5.76460752303767552e+17,16,5,2,3.32306998945331719e+35,5.11943352000000004e+02,0,2.57737711328569901e-10,nan,0.00000000000000000e+00
45,0,1.53013265357887642e-10,1.00000000000000000e+00,3.25587287412455416e-10,2,18,3.25587287412455416e-10,-1.85647811268958535e-10,-1.34765113186177709e-10,2.95715490892589928e-10,-1.86089920569497960e-11,9.44047607249249327e-11,4.75906122937121949e-10,2.86689616941368300e-10,3.38661076626846177e-10,6.10671236123299632e-10,3.22892857579234307e-10,4.94515114994071719e-10,19,2,1,5.76460752303767552e+17,19,2,1,5.76460752303767552e+17,16,5,2,3.32306998945331719e+35,5.13069236000000046e+02,0,6.10671236123299632e-10,nan,0.00000000000000000e+00
45,1,7.46945734238792563e-11,1.00000000000000000e+00,4.74896534753404696e-10,2,18,-9.62246800148513093e-11,-4.39263862519465919e-11,1.96080794113840773e-10,-4.74896534753404696e-10,1.44072327673014883e-10,-1.24782018360786763e-10,-4.60560864327713803e-11,-6.66577601412315303e-11,5.49591108177283991e-10,4.08238774612173165e-10,1.99476591784666032e-10,2.68854346033801620e-10,19,2,1,5.76460752303767552e+17,19,2,1,5.76460752303767552e+17,16,5,2,3.32306998945331719e+35,5.33186699999999973e+02,0,4.08238774612173165e-10,nan,0.00000000000000000e+00
45,2,9.58319281381081641e-11,1.00000000000000000e+00,4.26878757579307260e-10,2,18,4.22466538022088043e-10,4.26878757579307260e-10,-1.44435441258671390e-10,1.35038582194338306e-10,-2.50142735282792382e-10,5.82137555389699452e-10,2.96304649765581909e-10,1.74711226376034530e-10,3.31046829441199122e-10,6.72609273304880477e-10,4.86305627251591314e-10,8.32280290672491835e-10,19,2,1,5.76460752303767552e+17,19,2,1,5.76460752303767552e+17,16,5,2,3.32306998945331719e+35,5.12877820000000042e+02,0,6.72609273304880477e-10,nan,0.00000000000000000e+00
45,3,8.45518320556079590e-11,1.00000000000000000e+00,2.73941901585335405e-10,2,18,6.83271989074991743e-11,2.73941901585335405e-10,-2.44513190052550097e-11,-1.10599825704283346e-10,5.12519118903044991e-10,1.42425215543631735e-10,3.12804458913899924e-10,3.12100182727451946e-10,1.95151657759891292e-10,4.44191919995545803e-10,4.27967286847437045e-10,3.70093903359413229e-10,19,2,1,5.76460752303767552e+17,19,2,1,5.76460752303767552e+17,16,5,2,3.32306998945331719e+35,4.86057033999999987e+02,0,4.44191919995545803e-10,nan,0.00000000000000000e+00
46,0,5.20348899072715596e-11,1.00000000000000000e+00,4.15100778213415613e-10,2,18,8.52220331582869764e-11,-1.39445209379154041e-10,-4.33947390495762109e-13,4.15100778213415613e-10,2.80002492363353333e-10,2.03345550170770149e-10,-5.13384826851795151e-11,8.56472628232581535e-11,3.63065888306144066e-10,3.42790759549924190e-10,2.27967602456081787e-10,3.31340975048532874e-10,19,2,1,5.76460752303767552e+17,19,2,1,5.76460752303767552e+17,16,5,2,3.32306998945331719e+35,4.93569314000000020e+02,0,3.42790759549924190e-10,nan,0.00000000000000000e+00
46,1,8.24658535223395130e-11,1.00000000000000000e+00,3.37674839734580991e-10,2,18,-3.80313766562536938e-11,3.37674839734580991e-10,5.49524455720756278e-11,-7.99298985884575364e-11,2.24981035458080672e-11,4.88378523844471988e-11,5.30539604361506428e-10,1.59842541952600659e-10,2.55208986212241478e-10,4.75587158789430762e-10,4.48073750839166915e-10,5.08041500815698413e-10,19,2,1,5.76460752303767552e+17,19,2,1,5.76460752303767552e+17,16,5,2,3.32306998945331719e+35,4.93583038999999985e+02,0,4.75587158789430762e-10,nan,0.00000000000000000e+00
46,2,1.22550819378420028e-10,1.00000000000000000e+00,3.89538888503435366e-10,2,18,1.42064348206312494e-10,1.90180234376290279e-10,-3.89538888503435366e-10,2.00509660644173466e-10,-8.31597768258189055e-11,-9.67959260519387014e-11,6.28744656696252569e-11,4.29619892884278642e-10,5.12089707881855343e-10,4.52413354173060610e-10,3.07069073505858614e-10,5.26415818936217318e-10,19,2,1,5.76460752303767552e+17,19,2,1,5.76460752303767552e+17,16,5,2,3.32306998945331719e+35,5.02975617000000000e+02,0,4.52413354173060610e-10,nan,0.00000000000000000e+00
46,3,1.22559926477471485e-10,1.00000000000000000e+00,7.31877958415938654e-10,2,18,-2.80596489852233614e-10,7.31877958415938654e-10,6.51495748891224736e-10,1.38632043315983912e-10,1.06290943690304281e-10,-4.10516231562251461e-11,-6.22864307540157826e-11,2.31666430365578527e-10,6.09318031938467195e-10,7.72929581572163800e-10,1.84846357231487267e-10,2.93952861119594310e-10,19,2,1,5.76460752303767552e+17,19,2,1,5.76460752303767552e+17,16,5,2,3.32306998945331719e+35,4.98104245999999989e+02,0,7.72929581572163800e-10,nan,0.00000000000000000e+00
47,0,7.92257542729549314e-11,1.00000000000000000e+00,6.47692388889636132e-10,2,18,1.56153205602580248e-10,6.47692388889636132e-10,6.90520235992838959e-11,-2.30470333415886855e-10,3.53666613831299876e-10,6.07237830015394777e-10,1.57216179046189066e-10,7.41356384690576173e-11,5.68466634616681201e-10,3.04605971884944473e-10,5.28012075742439846e-10,5.33102191546337212e-10,19,2,1,5.76460752303767552e+17,19,2,1,5.76460752303767552e+17,16,5,2,3.32306998945331719e+35,4.83944210999999996e+02,0,3.04605971884944473e-10,nan,0.00000000000000000e+00
47,1,1.04030505184640609e-10,1.00000000000000000e+00,3.33325113738494020e-10,2,18,1.74077397147229953e-10,9.84933209088264323e-12,3.33325113738494020e-10,-5.29979275477673478e-11,5.28632347180388917e-10,1.66289279429679828e-10,6.10446211371973208e-10,1.68276997062579294e-10,2.29294608553853424e-10,3.54554950033158990e-10,5.06415706187332560e-10,4.44156931942293406e-10,19,2,1,5.76460752303767552e+17,19,2,1,5.76460752303767552e+17,16,5,2,3.32306998945331719e+35,4.78892980000000023e+02,0,3.54554950033158990e-10,nan,0.00000000000000000e+00
47,2,6.62023025563168950e-11,1.00000000000000000e+00,2.51236665502368587e-10,2,18,7.47466286580189903e-11,-2.29780027823482007e-10,2.51236665502368587e-10,5.78595653438700914e-11,3.31073284189467874e-10,-1.01810597653718186e-10,8.07733660444527099e-10,3.77793937628200287e-10,2.95982330379798928e-10,5.56496994942158512e-10,7.41531357888210255e-10,9.09544258098245285e-10,19,2,1,5.76460752303767552e+17,19,2,1,5.76460752303767552e+17,16,5,2,3.32306998945331719e+35,4.83883447999999987e+02,0,5.56496994942158512e-10,nan,0.00000000000000000e+00
47,3,1.26832319503311554e-10,1.00000000000000000e+00,4.39592469559772276e-10,2,18,4.14924489671256344e-11,5.54442513690715712e-11,4.39592469559772276e-10,8.12623814258676153e-11,1.63012186380204078e-10,2.28550231112345046e-10,4.36556305429496649e-10,5.33635742106957829e-10,3.12760150056460722e-10,4.52373360681090214e-10,4.06803422603646275e-10,3.70623555726753777e-10,19,2,1,5.76460752303767552e+17,19,2,1,5.76460752303767552e+17,16,5,2,3.32306998945331719e+35,4.90961397999999974e+02,0,4.52373360681090214e-10,nan,0.00000000000000000e+00
48,0,1.47476449363443182e-10,1.00000000000000000e+00,4.88398958017504299e-10,2,18,1.25615062692291399e-11,4.88398958017504299e-10,-3.78352107466287526e-11,3.86704305876288481e-10,1.07437908503599551e-09,-3.82373238857078037e-10,5.63563542773139875e-10,-8.87053867222708550e-11,3.40922508654061143e-10,1.06181757876676628e-09,9.26902635672552356e-10,1.45675232389307360e-09,19,2,1,5.76460752303767552e+17,19,2,1,5.76460752303767552e+17,16,5,2,3.32306998945331719e+35,4.86985069000000010e+02,0,1.06181757876676628e-09,nan,0.00000000000000000e+00
48,1,1.44966734154919225e-10,1.00000000000000000e+00,5.31149587850954685e-10,2,18,5.31149587850954685e-10,5.19464646954847709e-10,1.41078140916440126e-10,-1.07600796761878157e-10,4.37718524394315566e-10,3.13178162871063588e-10,-4.25666932415275275e-10,8.57186270770763011e-10,3.86182853696035485e-10,9.64787067532641116e-10,7.12219536615843812e-10,1.28285320318603829e-09,19,2,1,5.76460752303767552e+17,19,2,1,5.76460752303767552e+17,16,5,2,3.32306998945331719e+35,4.79301996999999972e+02,0,9.64787067532641116e-10,nan,0.00000000000000000e+00
48,2,8.15006143380121792e-11,1.00000000000000000e+00,3.70878832520169440e-10,2,18,2.44287577918164930e-10,1.52864159958114805e-10,3.70878832520169440e-10,3.67293298982781153e-10,-2.25307256720253083e-11,1.01254572340613304e-09,7.32749106835036519e-10,2.71724623032516372e-10,2.89378218182157248e-10,8.59681563448018211e-10,9.31045109068120902e-10,1.03507644907815830e-09,19,2,1,5.76460752303767552e+17,19,2,1,5.76460752303767552e+17,16,5,2,3.32306998945331719e+35,4.92133279000000016e+02,0,8.59681563448018211e-10,nan,0.00000000000000000e+00
48,3,1.28485841201198304e-10,1.00000000000000000e+00,6.82993705540833844e-10,2,18,-3.88750463329305194e-10,-2.30876148896778253e-10,2.86000064682028696e-10,6.82993705540833844e-10,-5.12656211322063166e-10,3.37848170778480605e-10,-1.40360484854409966e-10,1.79808280237941282e-10,5.54507864339635540e-10,5.68724319675258909e-10,6.41142052523261470e-10,8.50504382100543771e-10,19,2,1,5.76460752303767552e+17,19,2,1,5.76460752303767552e+17,16,5,2,3.32306998945331719e+35,5.02952584000000002e+02,0,5.68724319675258909e-10,nan,0.00000000000000000e+00
49,0,-1.47275888599584671e-10,1.00000000000000000e+00,6.94811158603418549e-10,2,18,6.32278828365440519e-10,3.88977149098895245e-10,6.94811158603418549e-10,-5.27950335590672992e-10,-6.90925681049714427e-11,9.15695241508886981e-10,3.44288404325529063e-10,-5.39742365186206761e-10,8.42087047203003246e-10,7.01371396470411910e-10,1.06297113010847168e-09,1.45543760669509374e-09,19,2,1,5.76460752303767552e+17,19,2,1,5.76460752303767552e+17,16,5,2,3.32306998945331719e+35,4.89078065999999978e+02,0,7.01371396470411910e-10,nan,0.00000000000000000e+00
49,1,2.22194169731787152e-11,1.00000000000000000e+00,7.39012145277042594e-10,2,18,7.28520902348721199e-10,7.39012145277042594e-10,-2.24086879108839507e-11,-4.83023250723197242e-11,1.08401585452542207e-09,1.93553769110136738e-10,4.84118267280972257e-10,6.25839665092179083e-10,7.16792728303863905e-10,6.74141990164498807e-10,1.06179643755224338e-09,8.90462085415285331e-10,19,2,1,5.76460752303767552e+17,19,2,1,5.76460752303767552e+17,16,5,2,3.32306998945331719e+35,4.90044220999999993e+02,0,6.74141990164498807e-10,nan,0.00000000000000000e+00
49,2,-1.16012715552706322e-10,1.00000000000000000e+00,6.28887232796886199e-10,2,18,9.56847760032542742e-11,8.93478220835384726e-11,6.28887232796886199e-10,5.98954941304730558e-10,-8.08500312060568516e-12,-8.30387567745503906e-11,6.43863013222193625e-10,2.75556283080504768e-10,7.44899948349592560e-10,3.23398658224225791e-10,7.59875728774899987e-10,7.26901769996743977e-10,19,2,1,5.76460752303767552e+17,19,2,1,5.76460752303767552e+17,16,5,2,3.32306998945331719e+35,4.89411126000000024e+02,0,3.23398658224225791e-10,nan,0.00000000000000000e+00
49,3,3.65369840391415221e-11,1.00000000000000000e+00,8.48014702773538765e-10,2,18,5.55100377609924603e-10,-1.74488144527644500e-10,8.48014702773538765e-10,7.78983382338258123e-10,-8.97440957706010913e-10,8.67202332563824390e-10,-1.60910751408150396e-10,3.59398373640316097e-10,8.11477718734397275e-10,1.45254133531593552e-09,9.33977941745152403e-10,1.76464329026983520e-09,19,2,1,5.76460752303767552e+17,19,2,1,5.76460752303767552e+17,16,5,2,3.32306998945331719e+35,4.97904043000000001e+02,0,1.45254133531593552e-09,nan,0.00000000000000000e+00
