block,within_block_sample,u_semantic,pre_mean,post_mean,pre_disagreement_inf,post_disagreement_inf,pre_slot_range,post_slot_range,pre_common_error_abs,post_common_error_abs,pre_total_error_inf,post_total_error_inf,bootstrap_added_common_abs,bootstrap_added_disagreement_inf,bootstrap_added_total_inf,pre_slot_0,post_slot_0,pre_residual_0,post_residual_0,added_slot_0,pre_slot_1,post_slot_1,pre_residual_1,post_residual_1,added_slot_1,pre_slot_2,post_slot_2,pre_residual_2,post_residual_2,added_slot_2,pre_slot_3,post_slot_3,pre_residual_3,post_residual_3,added_slot_3
0,0,0.059751908262776716,0.05975190826277643,0.05975190826294394,4.0870085094013575e-15,1.2021633688519273e-13,7.473188734508085e-15,2.336394966384603e-13,2.8449465006019636e-16,1.672204041902603e-13,3.802513859341161e-15,2.8064356394352785e-13,1.675048988403205e-13,1.16830156660086e-13,2.808794863362607e-13,0.05975190826277648,0.05975190826305736,4.85722573273506e-17,1.1342315975326756e-13,2.808794863362607e-13,0.059751908262773046,0.05975190826282372,-3.3861802251067274e-15,-1.2021633688519273e-13,5.067474218023449e-14,0.05975190826278052,0.0597519082628995,4.0870085094013575e-15,-4.443667656062189e-14,1.1898121377029724e-13,0.05975190826277568,0.05975190826299517,-7.494005416219807e-16,5.122985369254707e-14,2.1948415307448954e-13
0,1,-0.5003863809463129,-0.5003863809463156,-0.5003863809481623,1.1324274851176597e-14,1.609823385706477e-13,1.7541523789077473e-14,2.62234678416462e-13,2.6645352591003757e-15,1.8494095144205858e-12,8.881784197001252e-15,1.9506618542664e-12,1.8467449791614854e-12,1.6364687382974807e-13,1.9417800700693988e-12,-0.500386380946318,-0.5003863809481832,-2.4424906541753444e-15,-2.0872192862952943e-14,-1.865174681370263e-12,-0.5003863809463218,-0.5003863809482636,-6.217248937900877e-15,-1.0125233984581428e-13,-1.9417800700693988e-12,-0.5003863809463043,-0.5003863809482012,1.1324274851176597e-14,-3.885780586188048e-14,-1.8969270598745425e-12,-0.5003863809463183,-0.5003863809480014,-2.6645352591003757e-15,1.609823385706477e-13,-1.6830981053317373e-12
0,2,-0.3811104710749996,-0.3811104710749953,-0.3811104710764299,3.885780586188048e-15,1.546540673302843e-13,7.438494264988549e-15,2.4780177909633494e-13,4.3298697960381105e-15,1.4303003226245892e-12,7.882583474838611e-15,1.5849543899548735e-12,1.4346857035718585e-12,1.50712775592865e-13,1.5853984791647235e-12,-0.38111047107499674,-0.3811104710763572,-1.4432899320127035e-15,7.271960811294775e-14,-1.3604672943756668e-12,-0.3811104710749935,-0.3811104710763368,1.7763568394002505e-15,9.314771176605063e-14,-1.3432588374939769e-12,-0.38111047107499174,-0.38111047107644136,3.552713678800501e-15,-1.1435297153639112e-14,-1.4496182032530669e-12,-0.3811104710749992,-0.3811104710765846,-3.885780586188048e-15,-1.546540673302843e-13,-1.5853984791647235e-12
0,3,-0.38468538808131775,-0.38468538808132047,-0.38468538808277,2.4980018054066022e-15,2.0594637106796654e-13,4.440892098500626e-15,3.2818192607919627e-13,2.7200464103316335e-15,1.452227227360936e-12,5.218048215738236e-15,1.5744627823721657e-12,1.4495071809506044e-12,2.0844437287337314e-13,1.5706880240884402e-12,-0.3846853880813215,-0.3846853880828922,-1.0547118733938987e-15,-1.2223555501122974e-13,-1.5706880240884402e-12,-0.3846853880813185,-0.38468538808286934,1.942890293094024e-15,-9.936496070395151e-14,-1.55081503194765e-12,-0.38468538808131886,-0.3846853880827543,1.609823385706477e-15,1.5654144647214707e-14,-1.4354628596890961e-12,-0.38468538808132297,-0.38468538808256403,-2.4980018054066022e-15,2.0594637106796654e-13,-1.2410628080772312e-12
1,0,-0.3337227362889922,-0.3337227362890097,-0.33372273629041815,5.984102102729594e-14,1.7069679003611782e-13,9.992007221626409e-14,3.0386804183990535e-13,1.7541523789077473e-14,1.425970452828551e-12,5.762057497804562e-14,1.5966672428646689e-12,1.4084289290394736e-12,1.3061773884714967e-13,1.5390466678866233e-12,-0.3337227362890498,-0.33372273629058885,-4.007905118896815e-14,-1.7069679003611782e-13,-1.5390466678866233e-12,-0.33372273628904625,-0.3337227362904292,-3.652633751016765e-14,-1.1046719095020308e-14,-1.3829493106243262e-12,-0.3337227362889499,-0.333722736290285,5.984102102729594e-14,1.3317125180378753e-13,-1.335098698262982e-12,-0.33372273628899296,-0.3337227362903696,1.6764367671839864e-14,4.85722573273506e-14,-1.3766210393839629e-12
1,1,-0.3024069839302522,-0.30240698393024196,-0.3024069839315615,1.563749130184533e-13,3.2335245592207684e-13,2.3803181647963356e-13,5.438982597638642e-13,1.0269562977782698e-14,1.3092860129404471e-12,1.66644475996236e-13,1.5298318167822345e-12,1.3195555759182298e-12,3.7692071686024065e-13,1.6964762927784705e-12,-0.3024069839303236,-0.30240698393171783,-8.165690346118026e-14,-1.5631940186722204e-13,-1.3942180743242716e-12,-0.3024069839302955,-0.30240698393123816,-5.35682609381638e-14,3.2335245592207684e-13,-9.426348590579892e-13,-0.3024069839302631,-0.302406983931508,-2.1149748619109232e-14,5.3512749786932545e-14,-1.244893077512188e-12,-0.3024069839300856,-0.30240698393178206,1.563749130184533e-13,-2.2054580384178735e-13,-1.6964762927784705e-12
1,2,-0.25938685503570336,-0.25938685503569614,-0.2593868550368057,1.407207683712386e-13,1.7646994976416863e-13,2.4658053376924727e-13,2.4580337765200966e-13,7.216449660063518e-15,1.102340441150318e-12,1.3350431871117507e-13,1.2788103909144866e-12,1.1095568908103814e-12,2.3225865675158275e-13,1.3418155475619642e-12,-0.25938685503571707,-0.2593868550367598,-2.09277040141842e-14,4.590772206825022e-14,-1.042721464727947e-12,-0.25938685503583686,-0.25938685503673636,-1.407207683712386e-13,6.933342788784103e-14,-8.995026945513018e-13,-0.2593868550355903,-0.25938685503674447,1.0585976539800868e-13,6.122879980807738e-14,-1.1541878564003127e-12,-0.25938685503564035,-0.25938685503698217,5.5788706987414116e-14,-1.7646994976416863e-13,-1.3418155475619642e-12
1,3,-0.22657385883863368,-0.22657385883871733,-0.226573858839641,1.0996759058912176e-13,2.559064071760986e-13,1.699196339188802e-13,4.3337555766242986e-13,8.365530490550555e-14,1.0073331058180202e-12,1.43607348235264e-13,1.1848022563043514e-12,9.236778009125146e-13,3.1585845050585704e-13,1.123129367286424e-12,-0.22657385883860737,-0.2265738588397305,1.0996759058912176e-13,-8.948397578478762e-14,-1.123129367286424e-12,-0.22657385883876952,-0.22657385883962997,-5.218048215738236e-14,1.1046719095020308e-14,-8.604505996601119e-13,-0.22657385883871517,-0.22657385883981848,2.1649348980190553e-15,-1.7746915048633127e-13,-1.103311886296865e-12,-0.2265738588387773,-0.2265738588393851,-5.995204332975845e-14,2.559064071760986e-13,-6.078193504066576e-13
2,0,-0.19155471971878127,-0.19155471971883808,-0.19155471971965676,3.5138558729386205e-14,8.262834860772728e-14,4.879430193227563e-14,1.4288570326925765e-13,5.6815663285192386e-14,8.754941216437828e-13,7.047140648808181e-14,9.357514763053132e-13,8.186784583585904e-13,4.748978987834107e-14,8.652800698172314e-13,-0.19155471971880295,-0.19155471971957413,3.5138558729386205e-14,8.262834860772728e-14,-7.711886684802494e-13,-0.19155471971884808,-0.19155471971965377,-9.992007221626409e-15,2.9976021664879227e-15,-8.056888489704761e-13,-0.19155471971885174,-0.19155471971971702,-1.3655743202889425e-14,-6.025735466153037e-14,-8.652800698172314e-13,-0.19155471971884958,-0.19155471971968213,-1.149080830487037e-14,-2.5368596112684827e-14,-8.325562461664049e-13
2,1,-0.16339504839748487,-0.16339504839751456,-0.16339504839826113,2.3159252293680765e-13,2.740585536287199e-13,4.284350652028479e-13,5.065670105608433e-13,2.969846590872294e-14,7.762679388179095e-13,2.612909888455306e-13,1.0503264924466293e-12,7.465694729091865e-13,4.709010958947601e-13,1.2174705688039467e-12,-0.16339504839774616,-0.1633950483984149,-2.3159252293680765e-13,-1.5376588891058418e-13,-6.68742838882963e-13,-0.16339504839733077,-0.16339504839806582,1.8379742172669467e-13,1.9531598560718066e-13,-7.350509090287005e-13,-0.16339504839731772,-0.1633950483985352,1.9684254226604025e-13,-2.740585536287199e-13,-1.2174705688039467e-12,-0.1633950483976636,-0.16339504839802863,-1.4904744105592727e-13,2.325084569321234e-13,-3.6501357492113584e-13
2,2,-0.13639821589941545,-0.13639821589953888,-0.13639821590015064,1.4721557306529576e-13,3.896327704921987e-13,2.830791157037993e-13,6.158407117595743e-13,1.2342904476270178e-13,7.351896869067787e-13,2.7064461782799754e-13,9.613976281741543e-13,6.117606421440769e-13,2.5376922785369516e-13,8.634482018265999e-13,-0.136398215899553,-0.13639821590021764,-1.4127587988355117e-14,-6.70019595361282e-14,-6.6463501369185e-13,-0.1363982158995134,-0.13639821590037685,2.5479618415147343e-14,-2.2620794126737565e-13,-8.634482018265999e-13,-0.136398215899403,-0.136398215899761,1.3586354263850353e-13,3.896327704921987e-13,-3.5799141429038173e-13,-0.1363982158996861,-0.13639821590024706,-1.4721557306529576e-13,-9.642286968869485e-14,-5.60967938767476e-13
2,3,-0.11431369157871771,-0.11431369157892565,-0.11431369157956325,2.769590112805531e-13,1.727923359950978e-13,5.537237335317968e-13,3.3487101980256284e-13,2.0794477251229182e-13,8.455458555545192e-13,4.847094947635355e-13,1.018338191549617e-12,6.375872052544196e-13,1.148942052608959e-13,7.524814105153155e-13,-0.11431369157893509,-0.11431369157956581,-9.43689570931383e-15,-2.55351295663786e-15,-6.307177002895514e-13,-0.11431369157920242,-0.11431369157973605,-2.767647222512437e-13,-1.727923359950978e-13,-5.336286967860815e-13,-0.11431369157891641,-0.11431369157954993,9.242606680004428e-15,1.3322676295501878e-14,-6.3352101342673e-13,-0.1143136915786487,-0.11431369157940117,2.769590112805531e-13,1.6207868380746504e-13,-7.524814105153155e-13
3,0,-0.09437002903411432,-0.09437002903407848,-0.09437002903451483,4.2099657093785936e-13,4.237443729238066e-13,6.403488850281747e-13,6.336320357291925e-13,3.583244811977693e-14,4.005129561335252e-13,4.568290190576363e-13,6.104006189389111e-13,4.3634540425330215e-13,2.0047852267168764e-13,6.240563621418005e-13,-0.09437002903429784,-0.0943700290345337,-2.193523140903153e-13,-1.887379141862766e-14,-2.358668815816145e-13,-0.09437002903427286,-0.09437002903472472,-1.9437229603624928e-13,-2.0988766280538584e-13,-4.518607710224387e-13,-0.09437002903408576,-0.09437002903470981,-7.271960811294775e-15,-1.9498291869979312e-13,-6.240563621418005e-13,-0.09437002903365749,-0.09437002903409109,4.2099657093785936e-13,4.237443729238066e-13,-4.335976022673549e-13
3,1,-0.07799821857212541,-0.07799821857231087,-0.07799821857264183,3.272243587204571e-13,4.791722574282176e-13,6.076250613773482e-13,9.501011088985933e-13,1.854627562636324e-13,5.164202399043916e-13,5.126871149840895e-13,9.873490913747673e-13,3.3095748364075916e-13,1.9877155477132646e-13,4.746619763906779e-13,-0.07799821857239987,-0.07799821857271598,-8.899825321151411e-14,-7.414902025715264e-14,-3.161082506863977e-13,-0.0779982185726381,-0.07799821857311276,-3.272243587204571e-13,-4.709288514703758e-13,-4.746619763906779e-13,-0.07799821857217505,-0.07799821857257593,1.358219092750801e-13,6.590561429931086e-14,-4.008737786165284e-13,-0.07799821857203047,-0.07799821857216266,2.804007026568911e-13,4.791722574282176e-13,-1.321859288694327e-13
3,2,-0.06375846584857847,-0.06375846584862398,-0.06375846584895037,2.7131075164277263e-13,2.8765878568037806e-13,5.029032745795803e-13,5.406786129924512e-13,4.5505266221823604e-14,3.718969576738118e-13,2.7709778915863126e-13,6.24916784985885e-13,3.263916914519882e-13,3.8316572137375715e-13,7.095574128257454e-13,-0.06375846584885557,-0.06375846584920339,-2.3159252293680765e-13,-2.530198273120732e-13,-3.4781899582725373e-13,-0.06375846584861122,-0.06375846584887315,1.2753686995381486e-14,7.721601136267964e-14,-2.6192936708469006e-13,-0.06375846584835267,-0.06375846584906222,2.7131075164277263e-13,-1.1185496973098452e-13,-7.095574128257454e-13,-0.06375846584867645,-0.06375846584866271,-5.247191570134646e-14,2.8765878568037806e-13,1.3739009929736312e-14
3,3,-0.05209741991602179,-0.05209741991625529,-0.052097419916545096,3.399225345646073e-13,3.453765051730784e-13,6.128292318052786e-13,6.361439153224069e-13,2.3350071876038214e-13,5.233036226570675e-13,5.734232533249894e-13,8.686801278301459e-13,2.898029038966854e-13,2.7776392297340635e-13,5.675668268700917e-13,-0.052097419916595215,-0.05209741991689047,-3.399225345646073e-13,-3.453765051730784e-13,-2.9525687450515647e-13,-0.052097419915982386,-0.05209741991654995,2.729066972406713e-13,-4.85722573273506e-15,-5.675668268700917e-13,-0.05209741991636208,-0.05209741991648563,-1.0678957718113224e-13,5.946632075648495e-14,-1.235470059590682e-13,-0.05209741991608149,-0.05209741991625433,1.7380541450506826e-13,2.907674101493285e-13,-1.7284090825242515e-13
4,0,-0.042211699127504346,-0.042211699127518355,-0.04221169912780392,4.2078146522683824e-13,1.4365592049259135e-13,6.57973675544099e-13,2.3638035973050364e-13,1.4009626791988694e-14,2.9957286651338677e-13,4.3479109201882693e-13,4.432287870059781e-13,2.8555630082749417e-13,2.77118605840343e-13,4.966166367026403e-13,-0.04221169912728116,-0.04221169912777778,2.371922103172608e-13,2.613881333601853e-14,-4.966166367026403e-13,-0.0422116991273943,-0.042211699127779126,1.2405354521405343e-13,2.4792667918660527e-14,-3.84824117016791e-13,-0.04221169912793914,-0.042211699127947575,-4.2078146522683824e-13,-1.4365592049259135e-13,-8.43769498715119e-15,-0.04221169912745885,-0.042211699127711194,5.950795411990839e-14,9.272443923791229e-14,-2.5234675460339417e-13
4,1,-0.034156879208709245,-0.034156879208586725,-0.03415687920857444,4.0449588123436797e-13,2.2966351043152144e-13,7.424894032936891e-13,4.360053984520107e-13,1.2252004966128993e-13,1.3480883076510963e-13,4.60513571720611e-13,3.644723411966311e-13,1.2288781103819701e-14,3.7364555893759643e-13,3.6135677783377673e-13,-0.03415687920824873,-0.03415687920834477,3.379935220593211e-13,2.2966351043152144e-13,-9.604123052397995e-14,-0.03415687920899122,-0.03415687920878078,-4.0449588123436797e-13,-2.0634188802048925e-13,2.1044277431769842e-13,-0.03415687920829651,-0.03415687920865787,2.902122986370159e-13,-8.343326030058051e-14,-3.6135677783377673e-13,-0.034156879208810435,-0.034156879208514325,-2.2370993946196904e-13,6.011163788954832e-14,2.9611035845533706e-13
4,2,-0.02745490326733084,-0.027454903267354294,-0.027454903267483732,2.946878852050361e-13,2.8438362775773385e-13,4.4851275471380347e-13,5.149769499723789e-13,2.3453461395206432e-14,1.5289158827869187e-13,3.181413466002425e-13,3.834849104933369e-13,1.2943812688348544e-13,2.7525204338019194e-13,3.274706894540458e-13,-0.02745490326720047,-0.02745490326752794,1.538248695087674e-13,-4.420769306179295e-14,-3.274706894540458e-13,-0.027454903267345163,-0.02745490326719935,9.131584377541913e-15,2.8438362775773385e-13,1.458139164967065e-13,-0.027454903267222563,-0.027454903267493315,1.3173143131872678e-13,-9.582612481295882e-15,-2.707521706835081e-13,-0.027454903267648982,-0.027454903267714326,-2.946878852050361e-13,-2.30593322214645e-13,-6.534356389309437e-14
4,3,-0.02202745699052426,-0.02202745699057273,-0.022027456990785167,4.098804629038e-14,5.930290980504793e-13,6.232861449184668e-14,9.0846774547515e-13,4.846817391879199e-14,2.6090588023386374e-13,8.945622020917199e-14,5.763445276585344e-13,2.1243770631507175e-13,5.884112641574291e-13,5.492169219412091e-13,-0.0220274569905577,-0.022027456990923476,1.5029644195863057e-14,-1.3830950273963083e-13,-3.6577685325056564e-13,-0.022027456990551388,-0.022027456991100605,2.134056820146668e-14,-3.1543864742467065e-13,-5.492169219412091e-13,-0.022027456990613717,-0.022027456990924447,-4.098804629038e-14,-1.3928094788617784e-13,-3.107306079108696e-13,-0.02202745699056811,-0.022027456990192137,4.6178338930502605e-15,5.930290980504793e-13,3.759735578423573e-13
5,0,-0.017576226538119317,-0.017576226538133337,-0.017576226538143287,1.9248491689438652e-13,1.0110662307383222e-13,3.238034840258308e-13,1.8611154284364773e-13,1.4020035132844555e-14,2.397040899104752e-14,1.7846488176154196e-13,1.2507703206487975e-13,9.950373858202965e-15,2.163234869012598e-13,2.0637311304305683e-13,-0.01757622653822192,-0.017576226538244394,-8.858191957727968e-14,-1.0110662307383222e-13,-2.2475077354755513e-14,-0.017576226537940852,-0.017576226538102997,1.9248491689438652e-13,4.029068745303732e-14,-1.6214460329955216e-13,-0.01757622653810592,-0.017576226538167476,2.741556981433746e-14,-2.4188984149020598e-14,-6.155492782156102e-14,-0.017576226538264655,-0.017576226538058282,-1.313185671314443e-13,8.50049197698155e-14,2.0637311304305683e-13
5,1,-0.013994724000753453,-0.01399472400079425,-0.013994724000943586,1.0277889650467387e-13,2.54829143897517e-13,1.5475815073884291e-13,4.612751153265648e-13,4.079722670802255e-14,1.9013263186096196e-13,9.27764809421916e-14,4.4496177575847895e-13,1.4933540515293942e-13,2.584252256632169e-13,3.570650719542101e-13,-0.01399472400079795,-0.013994724000893343,-3.7001651742585295e-15,5.0242796034716264e-14,-9.539244394396462e-14,-0.013994724000691471,-0.013994724000945445,1.0277889650467387e-13,-1.8596235662471372e-15,-2.539739252238604e-13,-0.01399472400084135,-0.013994724001198415,-4.709947709624629e-14,-2.54829143897517e-13,-3.570650719542101e-13,-0.01399472400084623,-0.01399472400073714,-5.197925423416905e-14,2.0644597142904786e-13,1.0908982051027749e-13
5,2,-0.011091402566574787,-0.011091402566562481,-0.011091402566734906,2.5503557599115823e-13,3.272226239969811e-13,4.3449618902791087e-13,4.4418288491776536e-13,1.230612833857947e-14,1.6011844627961125e-13,2.673417043297377e-13,4.873410702765923e-13,1.7242457461819072e-13,4.3105623237504886e-13,6.034808069932396e-13,-0.011091402566307446,-0.011091402566617945,2.5503557599115823e-13,1.1696026092078426e-13,-3.104998896885647e-13,-0.011091402566741942,-0.011091402566630501,-1.7946061303675265e-13,1.0440433240166413e-13,1.1144037082022606e-13,-0.011091402566458648,-0.011091402567062128,1.0383360837806777e-13,-3.272226239969811e-13,-6.034808069932396e-13,-0.01109140256674189,-0.011091402566629048,-1.7940857133247334e-13,1.058580306745327e-13,1.1284202738881532e-13
5,3,-0.008770433566576136,-0.008770433566838477,-0.00877043356659319,2.2952126310649135e-13,2.2813695377266185e-13,3.908227907967188e-13,4.4028843071419743e-13,2.6234049654849656e-13,1.705406649232799e-14,4.918617596549879e-13,2.2920554343386357e-13,2.4528643005616857e-13,4.576582168791532e-13,7.029446469353218e-13,-0.008770433566906814,-0.008770433566796451,-6.833769661263034e-14,-2.0326101912715444e-13,1.1036310754164447e-13,-0.008770433566701919,-0.008770433566805342,1.3655743202889425e-13,-2.1215147694153558e-13,-1.0342247891426126e-13,-0.008770433567067998,-0.008770433566365053,-2.2952126310649135e-13,2.2813695377266185e-13,7.029446469353218e-13,-0.008770433566677175,-0.008770433566405915,1.6130152769022743e-13,1.8727554229602816e-13,2.712604446619693e-13
6,0,-0.0069072291055114685,-0.006907229105616181,-0.006907229105405399,1.3609426086080845e-13,1.4639938566984867e-13,1.9717734389690378e-13,2.9153502528744824e-13,1.0471224581865002e-13,1.0606966693860187e-13,1.6579532885474535e-13,2.5120530655620144e-13,2.107819127572519e-13,2.824936465306571e-13,4.170006354109468e-13,-0.006907229105639037,-0.006907229105418299,-2.285671651947041e-14,-1.2900271129101526e-14,2.2073835814762077e-13,-0.006907229105668335,-0.006907229105391235,-5.2154461305242705e-14,1.416401718135063e-14,2.771003912438452e-13,-0.0069072291054800864,-0.006907229105551798,1.3609426086080845e-13,-1.4639938566984867e-13,-7.171173377340523e-14,-0.006907229105677264,-0.006907229105260263,-6.108308303609533e-14,1.4513563961759957e-13,4.170006354109468e-13
6,1,-0.005427138186131081,-0.005427138186246515,-0.005427138186104912,1.6780674072514046e-13,1.4397684433564706e-13,3.1410724715685845e-13,2.389260664314996e-13,1.1543457162366266e-13,2.6169170996848123e-14,2.832413123488031e-13,1.7014601533249518e-13,1.4160460998224877e-13,2.4125059588930853e-13,3.187467650933584e-13,-0.005427138186100215,-0.005427138186199861,1.46300506431718e-13,-9.494922209585255e-14,-9.964598590705975e-14,-0.005427138186414322,-0.005427138186095575,-1.6780674072514046e-13,9.336281747707176e-15,3.187467650933584e-13,-0.005427138186268865,-0.005427138186163272,-2.2349309902747194e-14,-5.836043454054973e-14,1.0559261798270825e-13,-0.00542713818620266,-0.005427138185960935,4.385554419616966e-14,1.4397684433564706e-13,2.417250427599882e-13
6,2,-0.004248958065696762,-0.004248958065561996,-0.004248958065775326,2.1290781637706147e-13,3.512615545653297e-13,4.2575318270898777e-13,6.195191928903832e-13,1.347663300399482e-13,7.856389150351362e-14,3.476116963718745e-13,3.4682152982856707e-13,2.1333022154346182e-13,4.756152069407271e-13,6.060039622890478e-13,-0.0042489580654375796,-0.0042489580660435835,1.2441610242053258e-13,-2.6825763832505345e-13,-6.060039622890478e-13,-0.004248958065686349,-0.004248958065424064,-1.2435365237539742e-13,3.512615545653297e-13,2.622849853972653e-13,-0.0042489580657749035,-0.0042489580657336995,-2.1290781637706147e-13,4.162642452953946e-14,4.120401936313911e-14,-0.00424895806534915,-0.004248958065899956,2.128453663319263e-13,-1.2463034076981572e-13,-5.508059286452038e-13
6,3,-0.003318737870509606,-0.0033187378704661883,-0.0033187378706567502,1.417217038168772e-13,2.6653852736036043e-13,2.818969016549211e-13,4.809425427354519e-13,4.3417526518485516e-14,1.471444494027807e-13,1.835927243565294e-13,3.6154846477787217e-13,1.9056240960213522e-13,1.5363188152206497e-13,3.441942911242002e-13,-0.00331873787060791,-0.0033187378707167092,-1.417217038168772e-13,-5.995898222366236e-14,-1.0879925432805138e-13,-0.00331873787052696,-0.0033187378708711543,-6.07717001721575e-14,-2.1440401537509146e-13,-3.441942911242002e-13,-0.003318737870326013,-0.0033187378703902117,1.4017519783804389e-13,2.6653852736036043e-13,-6.419864639894968e-14,-0.0033187378704038683,-0.0033187378706489258,6.23199408744668e-14,7.824470238393388e-15,-2.4505744655733963e-13
7,0,-0.002583795715523177,-0.0025837957157120632,-0.0025837957157278397,4.862568681041068e-13,3.511709152637099e-13,7.86772990507556e-13,5.500387471879531e-13,1.8888623304347263e-13,2.046626756957437e-13,6.751431011475795e-13,5.558335909594536e-13,1.5776442652271072e-14,1.3508595284039693e-13,1.1930951018812586e-13,-0.002583795715411547,-0.002583795715528972,3.0051612240344916e-13,1.9886783192424318e-13,-1.1742473313147705e-13,-0.0025837957156380157,-0.0025837957157497965,7.4047538933808e-14,-2.1956828716307442e-14,-1.1178081030238651e-13,-0.00258379571560037,-0.0025837957155535798,1.1169320676684968e-13,1.7425991205577418e-13,4.6790262636653424e-14,-0.00258379571619832,-0.0025837957160790106,-4.862568681041068e-13,-3.511709152637099e-13,1.1930951018812586e-13
7,1,-0.002006930490057457,-0.0020069304899553416,-0.002006930490202643,2.7223666029807525e-13,2.5875742520886647e-13,5.35833530324048e-13,4.5380105923031877e-13,1.0211536477511274e-13,1.451859465984029e-13,3.74352025073188e-13,3.402295806198552e-13,2.4730131137351563e-13,3.088896326219892e-13,5.561909439955048e-13,-0.002006930489683105,-0.002006930490239296,2.7223666029807525e-13,-3.665297232391396e-14,-5.561909439955048e-13,-0.0020069304902189384,-0.0020069304903976865,-2.6359687002597276e-13,-1.950436340214523e-13,-1.7874807536899517e-13,-0.00200693048993753,-0.0020069304902297037,1.781170697046086e-14,-2.7060818863500202e-14,-2.921738372074767e-13,-0.002006930489981793,-0.0020069304899438855,-2.645149724256335e-14,2.5875742520886647e-13,3.790761107791418e-14
7,2,-0.0015542493835460276,-0.001554249383394229,-0.0015542493835520028,7.17959545981639e-13,6.972419603484825e-13,1.207579175543927e-12,1.1597686786629646e-12,1.5179849564839198e-13,5.975255013002112e-15,6.414181252106799e-13,6.912667053354804e-13,1.577737506613941e-13,9.5214634787677e-13,1.109920098538164e-12,-0.0015542493829046094,-0.0015542493840145295,4.896196295622879e-13,-4.625267183144821e-13,-1.109920098538164e-12,-0.0015542493830275315,-0.0015542493833545204,3.6669755773544033e-13,1.974824383882412e-13,-3.269888700085932e-13,-0.0015542493841121886,-0.0015542493839842005,-7.17959545981639e-13,-4.321976804222416e-13,1.2798811489800332e-13,-0.0015542493835325867,-0.0015542493828547609,-1.3835764131608919e-13,6.972419603484825e-13,6.778258510031776e-13
7,3,-0.0012009349341015132,-0.001200934934034884,-0.0012009349342730707,1.2334621171672389e-13,1.16157951313145e-13,2.1838390470985125e-13,1.97833936732561e-13,6.662921082922768e-14,1.715574297206368e-13,1.8997542254595157e-13,2.532334151400528e-13,2.381866405498645e-13,2.1119564430627236e-13,3.598614461974847e-13,-0.0012009349340513448,-0.0012009349343547466,-1.6460791063543923e-14,-8.167598541941601e-14,-3.034018349057366e-13,-0.0012009349341299217,-0.0012009349341569127,-9.503769299312737e-14,1.16157951313145e-13,-2.6990996243592136e-14,-0.0012009349339115378,-0.0012009349342713992,1.2334621171672389e-13,1.6714060691036536e-15,-3.598614461974847e-13,-0.0012009349340467317,-0.001200934934309224,-1.1847727660052598e-14,-3.6153371962832637e-14,-2.6249228485264453e-13
8,0,-0.0009254069570896257,-0.0009254069569992115,-0.0009254069569486508,1.9155293670691798e-13,1.5450618215395728e-13,2.8993907968954957e-13,2.841915071327694e-13,9.041422124878018e-14,1.409749053604692e-13,1.8880036423141178e-13,2.7066023033928133e-13,5.0560684111689014e-14,1.5924479616902243e-13,1.2637308734186892e-13,-0.0009254069569453385,-0.0009254069568189655,5.387292174863223e-14,1.2968532497881213e-13,1.2637308734186892e-13,-0.0009254069569008253,-0.0009254069570095094,9.83861429826316e-14,-6.085865318639083e-14,-1.0868411205733342e-13,-0.0009254069569599176,-0.0009254069568629713,3.929387197565415e-14,8.567951036153598e-14,9.694632249757085e-14,-0.0009254069571907644,-0.000925406957103157,-1.9155293670691798e-13,-1.5450618215395728e-13,8.76074386646497e-14
8,1,-0.0007115219093850949,-0.000711521909562795,-0.0007115219094118605,2.6818814096579713e-13,1.4022160169102627e-13,5.250765100495158e-13,2.741898505118079e-13,1.7770008554907069e-13,2.67655906119324e-14,4.458882265148678e-13,1.6073383943271402e-13,1.5093460335735553e-13,3.9085672632471757e-13,4.665006445372932e-13,-0.0007115219093059066,-0.0007115219095458287,2.568883690837187e-13,-1.3396824882078162e-13,-2.3992212296736204e-13,-0.0007115219094453067,-0.0007115219094654914,1.174882673787847e-13,-5.3630927823733465e-14,-2.0184700265379885e-14,-0.0007115219098309831,-0.0007115219093644825,-2.6818814096579713e-13,4.7378008634357816e-14,4.665006445372932e-13,-0.0007115219096689835,-0.0007115219092716389,-1.0618849549670628e-13,1.4022160169102627e-13,3.9734459212487083e-13
8,2,-0.0005456932158825522,-0.0005456932159947456,-0.0005456932158935718,4.169080445454165e-13,4.1190965568982385e-13,8.107917549154964e-13,7.597347230492435e-13,1.121934576492345e-13,1.101961404070817e-14,5.060771680193143e-13,4.22929269730532e-13,1.0117384360852633e-13,7.417087777294995e-13,8.428826213380258e-13,-0.0005456932163886293,-0.0005456932155457467,-3.9388371037007985e-13,3.4782506735941965e-13,8.428826213380258e-13,-0.0005456932155778376,-0.0005456932158455534,4.169080445454165e-13,4.8018338437427754e-14,-2.6771586249946244e-13,-0.0005456932158409123,-0.0005456932163054814,1.5383332628571278e-13,-4.1190965568982385e-13,-4.645691383670103e-13,-0.0005456932161716033,-0.0005456932158775055,-1.7685766046104945e-13,1.6066249892976447e-14,2.940977539625522e-13
8,3,-0.0004176324374410472,-0.00041763243768308994,-0.000417632437706571,3.9002817902450415e-13,5.508373705082059e-13,6.875180763241118e-13,1.0192950541769441e-12,2.4204276820663506e-13,2.6552382254713125e-13,5.395326655062427e-13,8.163611930553372e-13,2.3481054340496188e-14,9.4086554953271e-13,9.643466038732063e-13,-0.0004176324378646463,-0.0004176324375927843,-1.8155637583616713e-13,1.1378669274170194e-13,2.718620142373729e-13,-0.00041763243798057984,-0.0004176324372381133,-2.974898972996076e-13,4.684576836687382e-13,7.424665266278496e-13,-0.00041763243729306176,-0.00041763243825740837,3.9002817902450415e-13,-5.508373705082059e-13,-9.643466038732063e-13,-0.00041763243759407185,-0.000417632437737978,8.90180941112706e-14,-3.140700590223422e-14,-1.43906154354001e-13
9,0,-0.0003188841426980494,-0.0003188841424751006,-0.0003188841427085973,3.651005279353692e-13,5.082775563283737e-13,7.146446520493732e-13,9.518280261189282e-13,2.2294882953688422e-13,1.0547877675459727e-14,5.724929536508883e-13,4.97729678652914e-13,2.3349670721234395e-13,7.930945939045586e-13,1.0265913011169026e-12,-0.0003188841428402011,-0.0003188841428418186,-3.651005279353692e-13,-1.3322128773404773e-13,-1.6174670110224998e-15,-0.0003188841423085971,-0.00031888414220031973,1.6650347550370426e-13,5.082775563283737e-13,1.0827737361232548e-13,-0.00031888414262604766,-0.0003188841426401031,-1.5094707168233912e-13,6.849420119622862e-14,-1.4055434333776207e-14,-0.00031888414212555646,-0.00031888414315214776,3.4954412411400404e-13,-4.4355046979055457e-13,-1.0265913011169026e-12
9,1,-0.00024300444438275095,-0.00024300444447378168,-0.00024300444450140547,5.203918893026405e-13,2.4356393095968654e-13,9.698409068024938e-13,4.3923626671590887e-13,9.103072570910975e-14,1.1865451655067305e-13,6.114226150117502e-13,3.622184475103596e-13,2.76237908415633e-14,5.626728195786551e-13,5.902966104202184e-13,-0.00024300444402433266,-0.00024300444461462927,4.4944901749985333e-13,-1.1322380207880178e-13,-5.902966104202184e-13,-0.0002430044441907886,-0.00024300444434029007,2.8299308426141256e-13,1.6111539728226598e-13,-1.4950147782070988e-13,-0.0002430044446858319,-0.00024300444430573313,-2.1205021245862543e-13,1.9567233575622234e-13,3.8009875737328447e-13,-0.00024300444499417357,-0.0002430044447449694,-5.203918893026405e-13,-2.4356393095968654e-13,2.4920416750139063e-13
9,2,-0.00018479177302283616,-0.00018479177308341392,-0.00018479177287250104,3.8915840493668197e-13,3.9082162527938336e-13,7.504681555012271e-13,7.007216530109661e-13,6.057776350855415e-14,1.5033512087113399e-13,4.218875140730993e-13,5.411567461505173e-13,2.1091288437968814e-13,7.521313758439285e-13,9.630442602236167e-13,-0.00018479177269425552,-0.0001847917726548353,3.8915840493668197e-13,2.1766572919079685e-13,3.942020863380302e-14,-0.00018479177288577018,-0.00018479177318240107,1.9764374056645273e-13,-3.0990002773158276e-13,-2.9663088391834735e-13,-0.00018479177330890632,-0.00018479177317108836,-2.2549239493858952e-13,-2.9858732673859745e-13,1.3781795257968021e-13,-0.00018479177344472367,-0.0001847917724816794,-3.6130975056454517e-13,3.9082162527938336e-13,9.630442602236167e-13
9,3,-0.00014027144940805707,-0.00014027144948876172,-0.0001402714496851622,5.287732870919853e-13,1.211133244475443e-13,8.790663238566337e-13,2.217882182162928e-13,8.070464869308625e-14,2.7710513462834985e-13,4.480686383988991e-13,3.9821845907589415e-13,1.964004859352636e-13,6.498866115395296e-13,8.462870974747932e-13,-0.0001402714493962723,-0.00014027144959062344,9.248941131197175e-14,9.453877025840385e-14,-1.943511269888315e-13,-0.00014027144983905476,-0.00014027144958448731,-3.502930367646484e-13,1.006748937687485e-13,2.545674445981333e-13,-0.00014027144895998843,-0.00014027144980627553,5.287732870919853e-13,-1.211133244475443e-13,-8.462870974747932e-13,-0.00014027144975973138,-0.00014027144975926255,-2.709696616393087e-13,-7.410033957960804e-14,4.688361244370443e-16
10,0,-0.00010627989198726433,-0.00010627989187969518,-0.00010627989203674412,5.583171728759662e-13,1.0479721067714956e-12,9.903779998789858e-13,1.738778229471577e-12,1.0756914564820363e-13,4.947978875582959e-14,5.396299726512233e-13,1.0974518955273252e-12,1.5704894795656038e-13,1.2491233091285747e-12,1.3908120531994084e-12,-0.00010627989169390417,-0.00010627989308471622,1.8579101202387954e-13,-1.0479721067714956e-12,-1.3908120531994084e-12,-0.00010627989243801236,-0.000106279891345938,-5.583171728759662e-13,6.908061227000814e-13,1.0920743611720143e-12,-0.0001062798919392298,-0.00010627989231178012,-5.953461194082438e-14,-2.7503600254479704e-13,-3.725503250080059e-13,-0.00010627989144763436,-0.00010627989140454213,4.320608270030196e-13,6.322019866162112e-13,4.3092225209158397e-14
10,1,-8.039911510222269e-05,-8.039911524627589e-05,-8.039911522604506e-05,6.10820815043385e-13,7.725032500618609e-13,1.1838524138860912e-12,1.2709508467358133e-12,1.4405319927364435e-13,1.238223662058252e-13,7.548740143170293e-13,8.963256162676861e-13,2.0230833067819143e-14,1.1890412699583353e-12,1.1688104368905161e-12,-8.03991158570967e-05,-8.039911481357762e-05,-6.10820815043385e-13,4.1246743704998617e-13,1.0435190851611903e-12,-8.039911482973787e-05,-8.03991159985483e-05,4.165380198964744e-13,-7.725032500618609e-13,-1.1688104368905161e-12,-8.039911562502469e-05,-8.039911536445684e-05,-3.787488036957956e-13,-1.3841178366207768e-13,2.6056785310153707e-13,-8.039911467324429e-05,-8.039911472759746e-05,5.730315988427062e-13,4.984475966739524e-13,-5.4353169100934684e-14
10,2,-6.072638614303091e-05,-6.072638615345241e-05,-6.0726385818262864e-05,6.444377299050057e-13,3.341907100443825e-13,9.964370569436574e-13,5.870352489702191e-13,1.0421500359729385e-14,3.2476804448858254e-13,6.340162295452763e-13,5.776125834144191e-13,3.3518954484831193e-13,8.152332636539826e-13,9.393305767544866e-13,-6.0726386379511645e-05,-6.0726385565418325e-05,-2.2605923616315568e-13,2.528445389258366e-13,8.140933199373042e-13,-6.0726386219831576e-05,-6.0726386152453574e-05,-6.637916670319821e-14,-3.341907100443825e-13,6.737800150712764e-14,-6.072638550901468e-05,-6.07263859890584e-05,6.444377299050057e-13,-1.7079553374897694e-13,-4.800437188056707e-13,-6.0726386505451736e-05,-6.072638556612116e-05,-3.519993270386518e-13,2.5214170486752285e-13,9.393305767544866e-13
10,3,-4.580933801587095e-05,-4.58093375750805e-05,-4.580933796586896e-05,4.0271812170840707e-13,9.42808121341416e-13,6.766366912841319e-13,1.3623089676196957e-12,4.407904502013761e-13,5.0001987955943655e-14,7.14709019777101e-13,8.928061333854723e-13,3.9078846224543246e-13,9.628541318201442e-13,1.3536425940655766e-12,-4.580933755503449e-05,-4.5809338908677084e-05,2.0046010478728254e-14,-9.42808121341416e-13,-1.3536425940655766e-12,-4.580933746632696e-05,-4.5809337546368116e-05,1.0875354165395396e-13,4.1950084627827983e-13,-8.004115762110658e-14,-4.580933797779862e-05,-4.5809337730123e-05,-4.0271812170840707e-13,2.357459591580645e-13,2.476756186210391e-13,-4.580933730116193e-05,-4.5809337678307647e-05,2.7391856957572486e-13,2.875613159050716e-13,-3.771457159160857e-13
11,0,-3.4515943483227164e-05,-3.451594373867285e-05,-3.451594335514764e-05,5.419201125713737e-13,8.797985668988761e-13,9.795297507679025e-13,1.2382927663942209e-12,2.55445689015428e-13,1.28079526693671e-13,7.973658015868017e-13,7.517190402052051e-13,3.8352521570909903e-13,1.0956498159913827e-12,1.1992346202996558e-12,-3.4515943301063214e-05,-3.451594299665344e-05,4.3760963819652887e-13,3.584941994953447e-13,3.044097770079149e-13,-3.4515944280592965e-05,-3.4515943081358345e-05,-5.419201125713737e-13,2.737892920191831e-13,1.1992346202996558e-12,-3.4515943522821604e-05,-3.4515944234946204e-05,2.1585124909250658e-13,-8.797985668988761e-13,-7.121246002822837e-13,-3.451594385021363e-05,-3.451594310763256e-05,-1.115407747176618e-13,2.475150753843483e-13,7.425810658111091e-13
11,1,-2.5984143065739554e-05,-2.5984142858940403e-05,-2.598414323361072e-05,5.489217004659049e-13,9.95402524783199e-13,7.880219270357553e-13,1.8272493130936426e-12,2.06799150286735e-13,1.6787116605110862e-13,4.4589937685658547e-13,1.1632736908343076e-12,3.746703197259754e-13,6.712810408720463e-13,8.211511406551377e-13,-2.5984142619840177e-05,-2.598414304301904e-05,2.3910022656985046e-13,1.9059167967266054e-13,-4.2317886323503355e-13,-2.598414270968468e-05,-2.5984143260646676e-05,1.492557230695253e-13,-2.7035956752432394e-14,-5.509619961598013e-13,-2.5984142698374652e-05,-2.598414240176393e-05,1.605657508265291e-13,8.318467883104436e-13,2.966107211460709e-13,-2.5984143407862104e-05,-2.5984144229013244e-05,-5.489217004659049e-13,-9.95402524783199e-13,-8.211511406551377e-13
11,2,-1.954750210823359e-05,-1.9547501859303085e-05,-1.9547502109336515e-05,6.748733550351969e-13,3.6169374786898523e-13,1.2981176802429918e-12,5.110454126663801e-13,2.489305047086599e-13,1.1029249887516135e-15,9.238038597438568e-13,3.6279667285773684e-13,2.5003342969741153e-13,1.036567102904182e-12,1.2866005326015936e-12,-1.954750118442973e-05,-1.9547502471030263e-05,6.748733550351969e-13,-3.6169374786898523e-13,-1.2866005326015936e-12,-1.9547501300937564e-05,-1.954750195998485e-05,5.583655215165954e-13,1.493516647973949e-13,-6.590472864166121e-13,-1.954750248254741e-05,-1.9547502042241476e-05,-6.23244325207795e-13,6.709503829263608e-14,4.403059338030195e-13,-1.9547502469297636e-05,-1.954750196408947e-05,-6.099945513439974e-13,1.4524704477895424e-13,5.052081664255401e-13
11,3,-1.4700031838546946e-05,-1.4700031473293852e-05,-1.4700031699011437e-05,9.704174651890309e-13,1.0695848673164966e-12,1.3814393913866166e-12,1.463383698208998e-12,3.6525309381576273e-13,1.3953550839188207e-13,7.762750200133485e-13,1.2091203757083786e-12,2.2571758542388066e-13,2.0400023325055274e-12,1.8142847470816468e-12,-1.4700031294042893e-05,-1.4700032067419033e-05,1.7925095882978005e-13,-3.6840759528320235e-13,-7.733761395368631e-13,-1.4700031062271926e-05,-1.4700032092810268e-05,4.1102192619758577e-13,-3.937988308925014e-13,-1.0305383425139678e-12,-1.4700032443711317e-05,-1.470003062942657e-05,-9.704174651890309e-13,1.0695848673164966e-12,1.8142847470816468e-12,-1.4700031093149272e-05,-1.4700032006389878e-05,3.8014458016166503e-13,-3.073784411407928e-13,-9.132406067263385e-13
12,0,-1.1053367771464562e-05,-1.1053367272348192e-05,-1.105336714203214e-05,4.922497735896638e-13,1.303991184576172e-12,9.75388176396039e-13,2.032656833987818e-12,4.991163698433911e-13,6.294324226597831e-13,9.91366143433055e-13,1.358098072071429e-12,1.30316052816392e-13,8.208527817697969e-13,7.318611964016435e-13,-1.1053367755486595e-05,-1.1053368446023324e-05,-4.831384028063752e-13,-1.303991184576172e-12,-6.905367289534049e-13,-1.1053366780098419e-05,-1.1053366907845351e-05,4.922497735896638e-13,2.341867883426038e-13,-1.2774693243066803e-13,-1.1053367532754589e-05,-1.1053366800893393e-05,-2.6040639676332914e-13,3.411387468219224e-13,7.318611964016435e-13,-1.1053367021053166e-05,-1.105336641336649e-05,2.512950259800405e-13,7.286656494116459e-13,6.076866762479973e-13
12,1,-8.313632551343827e-06,-8.313632795352703e-06,-8.313632740139421e-06,6.915468665649824e-13,8.799008766204432e-13,1.104269152111875e-12,1.7351665978750314e-12,2.4400887567281333e-13,1.8879559374185284e-13,9.355557422377958e-13,1.068696470362296e-12,5.5213281930960485e-14,1.5468125878195706e-12,1.6020258697505311e-12,-8.313632543255838e-06,-8.313633620040297e-06,2.520968646373611e-13,-8.799008766204432e-13,-1.0767844593268438e-12,-8.313632382630417e-06,-8.313632188486764e-06,4.1272228554689247e-13,5.516526566605971e-13,1.9414365304466514e-13,-8.313632768624986e-06,-8.313633267156922e-06,2.672771638072887e-14,-5.270175012947421e-13,-4.985319357445105e-13,-8.31363348689957e-06,-8.3136318848737e-06,-6.915468665649824e-13,8.552657212545882e-13,1.6020258697505311e-12
12,2,-6.2566994521629826e-06,-6.25669932236992e-06,-6.256698915130483e-06,1.1401645136038092e-12,5.853794045904224e-13,1.8494073502514055e-12,1.1282385294167927e-12,1.297930624875052e-13,5.370324995316558e-13,1.010371451116304e-12,1.0798916243580261e-12,4.0723943704415065e-13,1.6830236384301795e-12,2.09026307547433e-12,-6.256699289158478e-06,-6.256699151330847e-06,3.321144188383595e-14,-2.3620036438217916e-13,1.3782763077813554e-13,-6.256698924659685e-06,-6.256699500509888e-06,3.9771023507237683e-13,-5.853794045904224e-13,-5.758502026186486e-13,-6.2566986131270834e-06,-6.256698636409839e-06,7.092428366475964e-13,2.7872064414623124e-13,-2.3282755457214484e-14,-6.256700462534434e-06,-6.256698372271358e-06,-1.1401645136038092e-12,5.428591248263703e-13,2.09026307547433e-12
12,3,-4.713564718203285e-06,-4.713564308926982e-06,-4.713565285220233e-06,1.160039775792898e-12,6.773893317267772e-13,1.939224465788414e-12,1.2330561342756199e-12,4.092763031016437e-13,5.670169483273273e-13,1.1884609930971598e-12,1.12268375087617e-12,9.76293252276004e-13,7.275156268499281e-13,1.6772558226329929e-12,-4.713565468966757e-06,-4.713565717744383e-06,-1.160039775792898e-12,-4.32524149790003e-13,-2.487776254260759e-13,-4.713563529742292e-06,-4.713564607830901e-06,7.791846899955161e-13,6.773893317267772e-13,-1.07808860969771e-12,-4.713564163631213e-06,-4.713565840887036e-06,1.4529576865517915e-13,-5.556668025488427e-13,-1.6772558226329929e-12,-4.713564073367661e-06,-4.7135649744186124e-06,2.355593205303347e-13,3.1080162061206855e-13,-9.010509513472371e-13
13,0,-3.556065612005144e-06,-3.556065864686555e-06,-3.556065778923359e-06,6.500194741630206e-13,6.799876993131369e-13,1.219410297546565e-12,1.0207001916274301e-12,2.5268141096810724e-13,1.6691821502193196e-13,9.027008851311279e-13,5.130694842912049e-13,8.576319636969176e-14,1.330007173052641e-12,1.4157703694223328e-12,-3.556066514706029e-06,-3.5560650989356597e-06,-6.500194741630206e-13,6.799876993131369e-13,1.4157703694223328e-12,-3.5560652952957315e-06,-3.5560658616485306e-06,5.693908233835444e-13,-8.27251716733785e-14,-5.663527991107476e-13,-3.5560660999263445e-06,-3.5560660354733943e-06,-2.3523978963296073e-13,-2.5655003532546513e-13,6.445295025367089e-14,-3.556065548818116e-06,-3.5560661196358513e-06,3.1586843871837106e-13,-3.4071249231429324e-13,-5.70817735086489e-13
13,1,-2.6878945606025355e-06,-2.6878947993273e-06,-2.6878947306489944e-06,1.6124892694420294e-12,9.187961857130963e-13,2.633895857324833e-12,1.427447269171649e-12,2.387247643929034e-13,1.7004645889152317e-13,1.851214033834933e-12,1.0888426446046195e-12,6.867830550138024e-14,1.6828789652027884e-12,1.7515572707041687e-12,-2.6878951676112046e-06,-2.68789564944518e-06,-3.682839047559807e-13,-9.187961857130963e-13,-4.818339754557354e-13,-2.6878964118165693e-06,-2.6878946602592986e-06,-1.6124892694420294e-12,7.038969576075903e-14,1.7515572707041687e-12,-2.687893777920712e-06,-2.687894221997911e-06,1.0214065878828035e-12,5.086510834585527e-13,-4.4407719892287055e-13,-2.6878938399607136e-06,-2.687894390893588e-06,9.593665863152066e-13,3.3975540649378456e-13,-5.509328743200418e-13
13,2,-2.036382030824901e-06,-2.0363830384542513e-06,-2.0363817868342215e-06,3.4359861308646124e-13,8.922811792106973e-13,6.844170175534462e-13,1.4914718282770813e-12,1.0076293500856082e-12,2.439906797110404e-13,1.3484477545525932e-12,8.431813287774245e-13,1.2516200297966486e-12,5.681582731312262e-13,1.819778302927875e-12,-2.036382694855638e-06,-2.036381969552993e-06,3.4359861308646124e-13,-1.8271877143166194e-13,7.253026452785254e-13,-2.036383130803223e-06,-2.03638131102492e-06,-9.234897155525109e-14,4.758093015759751e-13,1.819778302927875e-12,-2.0363833792726557e-06,-2.0363826791154007e-06,-3.4081840446698497e-13,-8.922811792106973e-13,7.001572550529363e-13,-2.0363829488854883e-06,-2.0363811876435724e-06,8.956876293577483e-14,5.991906490663841e-13,1.7612419159272578e-12
13,3,-1.5470938394124078e-06,-1.5470943753369607e-06,-1.5470943605861098e-06,6.249734029974201e-13,5.577889161197298e-13,9.019683062403219e-13,9.748883460655125e-13,5.359245529080764e-13,5.211737019835056e-13,1.1608979559054965e-12,9.382731319292883e-13,1.475085092457083e-14,8.118435769242325e-13,8.265944278488033e-13,-1.5470941258813771e-06,-1.5470938027971937e-06,2.494555836090364e-13,5.577889161197298e-13,3.230841834352642e-13,-1.5470942768140446e-06,-1.54709468814577e-06,9.852291614548183e-14,-3.275596601007595e-13,-4.113317253216705e-13,-1.5470940983420575e-06,-1.5470947776855397e-06,2.7699490324290183e-13,-4.1709942994578274e-13,-6.793434822641137e-13,-1.5470950003103637e-06,-1.5470941737159359e-06,-6.249734029974201e-13,1.868701739268124e-13,8.265944278488033e-13
14,0,-1.1791310160887705e-06,-1.1791309601163465e-06,-1.1791316642453325e-06,6.800676304242375e-13,1.4896306761700732e-12,1.1406595387164259e-12,2.5857846220312227e-12,5.59724239867506e-14,6.481565619913558e-13,7.360400544109881e-13,1.7443105078525053e-12,7.041289859781064e-13,1.9502225844622616e-12,1.89411313997904e-12,-1.1791308662861383e-06,-1.1791327603992783e-06,9.383020813978431e-14,-1.0961539458611495e-12,-1.89411313997904e-12,-1.1791314207082548e-06,-1.1791301746146563e-06,-4.605919082921884e-13,1.4896306761700732e-12,1.2460935984841552e-12,-1.179130280048716e-06,-1.179132001657795e-06,6.800676304242375e-13,-3.3741246253970233e-13,-1.7216090789420462e-12,-1.1791312734222767e-06,-1.1791317203096002e-06,-3.1330593027183336e-13,-5.6064267769221385e-14,-4.468873234754944e-13
14,1,-9.019414838300125e-07,-9.019412886230532e-07,-9.019413101914622e-07,9.695598422123535e-13,1.0479582994991806e-12,1.759963061771845e-12,2.0677915729162494e-12,1.9520695923197924e-13,1.7363855028500858e-13,9.856101787914708e-13,1.2215968497841892e-12,2.1568408946970655e-14,1.8073349843685977e-12,1.8289033933155684e-12,-9.019405011213423e-07,-9.019423300247356e-07,7.87501710951529e-13,-1.0198332734170687e-12,-1.8289033933155684e-12,-9.019422581828955e-07,-9.019413894256625e-07,-9.695598422123535e-13,-7.923420034368573e-14,8.687572329216971e-13,-9.019418969681415e-07,-9.019412590822879e-07,-6.08345088298667e-13,5.1109174261573787e-14,6.378858536132702e-13,-9.019404982198337e-07,-9.019402622331627e-07,7.904032195594915e-13,1.0479582994991806e-12,2.3598667099271846e-13
14,2,-6.926464016243383e-07,-6.926471608481234e-07,-6.926473557072639e-07,1.2601336801340042e-12,2.5943929992394433e-12,2.2765734625845984e-12,4.712929702667965e-12,7.592237851521632e-13,9.540829256568246e-13,1.7756635676027574e-12,3.548475924896268e-12,1.9485914050466143e-13,3.8545266793734475e-12,4.049385819878109e-12,-6.926481772879059e-07,-6.926452371705605e-07,-1.0164397824505942e-12,2.1185367034285216e-12,2.9401173453744544e-12,-6.926459007144433e-07,-6.926499501002632e-07,1.2601336801340042e-12,-2.5943929992394433e-12,-4.049385819878109e-12,-6.926475023449703e-07,-6.926472869901766e-07,-3.4149684683515397e-13,6.871708732838675e-14,2.153547936588793e-13,-6.926470630451743e-07,-6.926469485680554e-07,9.780294915174399e-14,4.07139208482535e-13,1.1447711882612958e-13
14,3,-5.341883279964605e-07,-5.341877382879299e-07,-5.341889289666069e-07,1.169726803825547e-12,7.792452102878391e-13,2.1285156924949025e-12,1.4976052529286978e-12,5.897085305856537e-13,6.009701463863154e-13,1.5484974192550092e-12,1.319330189027174e-12,1.190678676971969e-12,1.948972014113386e-12,2.8094085360859148e-12,-5.341889080147337e-07,-5.341881497213966e-07,-1.169726803825547e-12,7.792452102878391e-13,7.582933371414171e-13,-5.341884277198312e-07,-5.341883855777193e-07,-6.894319013168955e-13,5.433888876071869e-13,4.2142111952113274e-14,-5.341868379181134e-07,-5.341896473266495e-07,9.00369816473087e-13,-7.183600426408586e-13,-2.8094085360859148e-12,-5.341867794990412e-07,-5.341895332406621e-07,9.587888886693555e-13,-6.042740552541674e-13,-2.753741620895492e-12
15,0,-4.13822469630359e-07,-4.1382299502817787e-07,-4.138221297827539e-07,1.5511344632127734e-12,1.2717705160719483e-12,3.0278476660733776e-12,2.134473211485022e-12,5.253978188690461e-13,3.398476050771811e-13,2.00211102172965e-12,1.2025503004902549e-12,8.652454239462272e-13,1.015732227454149e-12,1.880977651400376e-12,-4.1382447174138073e-07,-4.1382340155327e-07,-1.4767132028606041e-12,-1.2717705160719483e-12,1.070188110734883e-12,-4.138233559709824e-07,-4.13821474993331e-07,-3.609428045097894e-13,6.547894229443596e-13,1.880977651400376e-12,-4.1382144389371466e-07,-4.138212670800585e-07,1.5511344632127734e-12,8.627026954130738e-13,1.7681365614652752e-13,-4.138227085066337e-07,-4.138223755043562e-07,2.8652154415762006e-13,-2.457216022854851e-13,3.3300227750312204e-13
15,1,-3.2205509256966205e-07,-3.2205474029670483e-07,-3.2205484330725373e-07,1.6086543317438025e-12,2.8627205181002826e-12,2.73128166244357e-12,4.637468900908366e-12,3.52272957220614e-13,2.4926240832217353e-13,1.4749002879203817e-12,2.613458109778109e-12,1.0301054889844049e-13,3.730379914954236e-12,3.833390463852676e-12,-3.2205512192910064e-07,-3.220540795952858e-07,-3.8163239580991826e-13,7.63711967947142e-13,1.0423338148586197e-12,-3.220563489510366e-07,-3.220545190470864e-07,-1.6086543317438025e-12,3.2426016734505713e-13,1.829903950190419e-12,-3.2205361766937413e-07,-3.220530685588709e-07,1.1226273306997677e-12,1.7747483828080835e-12,5.491105032098753e-13,-3.22053872637308e-07,-3.2205770602777183e-07,8.676593968539531e-13,-2.8627205181002826e-12,-3.833390463852676e-12
15,2,-2.517975384671948e-07,-2.5179796155571977e-07,-2.5179804647427606e-07,1.2809104353595703e-12,9.987166641149879e-13,2.125391583099006e-12,1.9738351155215284e-12,4.230885249477474e-13,5.080070812382608e-13,1.7039989603073177e-12,1.4831255326448014e-12,8.491855629051345e-14,1.3420859357253208e-12,1.4270044920158343e-12,-2.5179924246615513e-07,-2.5179902159272747e-07,-1.2809104353595703e-12,-9.751184514065406e-13,2.2087342766251628e-13,-2.5179812824893753e-07,-2.5179704775761194e-07,-1.6669321776603192e-13,9.987166641149879e-13,1.0804913255905063e-12,-2.517973584332144e-07,-2.517975724677008e-07,6.031225053861666e-13,4.740065752774379e-13,-2.1403448639924214e-13,-2.5179711707457203e-07,-2.5179854407906404e-07,8.444811477394357e-13,-4.976047879858852e-13,-1.4270044920158343e-12
15,3,-1.9776763144284054e-07,-1.9776653764884316e-07,-1.9776717318807019e-07,1.5625674926474545e-12,1.7470438483655347e-12,2.9523145531110717e-12,3.136077281532917e-12,1.093793997376544e-12,4.582547703519129e-13,2.483541057840161e-12,2.2052986187174477e-12,6.355392270246311e-13,7.142685008375934e-13,1.3498077278622244e-12,-1.9776728448574507e-07,-1.9776773658731864e-07,-7.468369019100023e-13,-5.633992484543987e-13,-4.521015735690274e-13,-1.977651479017827e-07,-1.9776542614422182e-07,1.3897470604636172e-12,1.7470438483655347e-12,-2.782424391227135e-13,-1.9776561799150907e-07,-1.9776696779923693e-07,9.196573340938397e-13,2.0538883325624633e-13,-1.3498077278622244e-12,-1.977681002163358e-07,-1.9776856222150335e-07,-1.5625674926474545e-12,-1.3890334331673824e-12,-4.620051675445589e-13
16,0,-1.5601574251460005e-07,-1.560155966279572e-07,-1.560154099907318e-07,1.8385186908130653e-12,1.5568276685098478e-12,3.2448315279712228e-12,2.567359889682384e-12,1.4588664285143687e-13,3.325238682387849e-13,1.6926320479616285e-12,1.8893515367486327e-12,1.8663722538734804e-13,1.950330871271821e-12,2.136968096659169e-12,-1.5601599013115996e-07,-1.560138531630633e-07,-3.9350320276197315e-13,1.5568276685098478e-12,2.136968096659169e-12,-1.5601419031512004e-07,-1.5601556708183548e-07,1.4063128371581574e-12,-1.5709110367461448e-13,-1.3767667154454239e-12,-1.5601477091890078e-07,-1.5601642052295298e-07,8.25709056416881e-13,-1.0105322211725362e-12,-1.6496040522020692e-12,-1.56017435146648e-07,-1.5601579919507547e-07,-1.8385186908130653e-12,-3.892043436626972e-13,1.6359515725377162e-12
16,1,-1.23593376919367e-07,-1.2359368280609148e-07,-1.235934785882572e-07,4.813341731831752e-13,1.523096647616441e-12,6.745290329657644e-13,2.687012228885554e-12,3.05886724482301e-13,1.0166889021460409e-13,4.990815842648902e-13,1.421427757401837e-12,2.0421783426769692e-13,1.0417624744332658e-12,1.2459803087009627e-12,-1.2359387600095126e-07,-1.2359464250383848e-07,-1.931948597825892e-13,-1.163915581269113e-12,-7.665028872188269e-13,-1.2359380328852646e-07,-1.2359335883556252e-07,-1.204824349854902e-13,1.197526946873789e-13,4.44452963940566e-13,-1.235932014719183e-07,-1.235919554916096e-07,4.813341731831752e-13,1.523096647616441e-12,1.2459803087009627e-12,-1.235938504629699e-07,-1.2359395752201824e-07,-1.6765687841509587e-13,-4.789337610347069e-13,-1.0705904835191413e-13
16,2,-9.82875860516303e-08,-9.828872010864564e-08,-9.828920596858603e-08,1.658865757926552e-12,1.7983885130992127e-12,2.790905446823473e-12,3.444372796762138e-12,1.134057015333689e-12,1.6199169557254296e-12,2.792922773260241e-12,3.2659012393883547e-12,4.858599403917407e-13,3.4572542710257648e-12,2.971394330634024e-12,-9.828855734081683e-08,-9.829085195286969e-08,1.6276782880749951e-13,-1.645984283662925e-12,-2.2946120528621653e-12,-9.829037897440356e-08,-9.828740758007293e-08,-1.658865757926552e-12,1.7983885130992127e-12,2.971394330634024e-12,-9.828758806895674e-08,-9.828890149057737e-08,1.132039688896921e-12,3.0447800866172e-13,-1.3134216206269417e-12,-9.828835605040542e-08,-9.828966285082413e-08,3.640582402221316e-13,-4.568822380980076e-13,-1.30680041871188e-12
16,3,-7.843767241770033e-08,-7.843895911136759e-08,-7.84369860677016e-08,1.219937651074512e-12,2.2034857819160146e-12,2.082594496329453e-12,4.200564462294945e-12,1.286693667262276e-12,6.863499987257277e-13,2.506631318336788e-12,2.8898357806417423e-12,1.9730436659880037e-12,3.4234234329905267e-12,5.39646709897853e-12,-7.843840723877728e-08,-7.843898314638198e-08,5.518725903138338e-13,-1.99707868037893e-12,-5.759076047047601e-13,-7.844017904901866e-08,-7.843478258191969e-08,-1.219937651074512e-12,2.2034857819160146e-12,5.39646709897853e-12,-7.843915370315208e-08,-7.84353656223533e-08,-1.9459178449426285e-13,1.6204453482981051e-12,3.788080798780372e-12,-7.843809645452233e-08,-7.843881292015144e-08,8.626568452549411e-13,-1.8268524498351898e-12,-7.164656291021272e-13
17,0,-6.27913603772215e-08,-6.279118395997412e-08,-6.279135038001087e-08,8.32351139573447e-13,1.7490101318425125e-12,1.4718988118222397e-12,3.1777472965219744e-12,1.7641724737419047e-13,9.997210624430731e-15,8.159649196229832e-13,1.7590073424669432e-12,1.6642003674975974e-13,2.0682848369282547e-12,2.2347048736780145e-12,-6.27920163111137e-08,-6.279035397150316e-08,-8.32351139573447e-13,9.964085077114051e-13,1.6623396105350924e-12,-6.279075300835022e-08,-6.278960136987903e-08,4.309516238987072e-13,1.7490101318425125e-12,1.1516384711940455e-12,-6.279054441230187e-08,-6.279277911717555e-08,6.395476722487927e-13,-1.428737164679462e-12,-2.2347048736780145e-12,-6.27914221081307e-08,-6.279266706148575e-08,-2.3814815657405295e-13,-1.3166814748744556e-12,-1.2449533550501624e-12
17,1,-5.040110939838834e-08,-5.040129382710041e-08,-5.0401659947648825e-08,3.1513345798226333e-12,9.781528361441991e-13,5.199544208828092e-12,1.6155296332529137e-12,1.844287120669434e-13,5.505492604832988e-13,3.3357632918895767e-12,1.1879260575920134e-12,3.661205484163554e-13,2.6855864261141735e-12,3.051706974530529e-12,-5.0399703752328095e-08,-5.0401367196409785e-08,1.5900747723137954e-12,2.9275123904030587e-13,-1.663444081689845e-12,-5.040444516168023e-08,-5.04022934749269e-08,-3.1513345798226333e-12,-6.335272780757904e-13,2.1516867533304875e-12,-5.0399245617471404e-08,-5.0402297324445934e-08,2.048209629005459e-12,-6.373767971087146e-13,-3.051706974530529e-12,-5.0401780776921906e-08,-5.040068179481268e-08,-4.869498214966211e-13,9.781528361441991e-13,1.0989821092244648e-12
17,2,-4.0547179233596116e-08,-4.054719925762088e-08,-4.05471225647795e-08,9.75262667977294e-13,1.7344371271583905e-12,1.778362458200561e-12,3.423049633314262e-12,2.002402476581787e-14,5.666881661758081e-14,9.952866927431118e-13,1.7452813227734523e-12,7.669284138339868e-14,2.5375369173816576e-12,2.460844075998259e-12,-4.054751140762357e-08,-4.054543395227334e-08,-3.1215000268609823e-13,1.6886125061558715e-12,2.0774553502253684e-12,-4.054671494474044e-08,-4.0547014962554064e-08,4.84312880440125e-13,1.0760222543469769e-13,-3.000178136220286e-13,-4.054817452028886e-08,-4.054718434238393e-08,-9.75262667977294e-13,-6.177760443217871e-14,9.901779049285139e-13,-4.054639615783066e-08,-4.0548857001906657e-08,8.030997902232672e-13,-1.7344371271583905e-12,-2.460844075998259e-12
17,3,-3.2679609308746365e-08,-3.267782679681305e-08,-3.2679737094234094e-08,5.256819264581366e-13,2.506175823020975e-12,8.956901444897362e-13,4.341791433569679e-12,1.7825119333119447e-12,1.277854877293007e-13,2.3081938597700813e-12,2.6339613107502757e-12,1.9102974210412454e-12,3.0318577494791116e-12,4.942155170520357e-12,-3.267804183526103e-08,-3.26790271616515e-08,-2.1503844797596394e-13,7.099325825910371e-13,-9.853263904742444e-13,-3.2678196805031084e-08,-3.2677901478623545e-08,-3.7000821803159963e-13,1.835615610548704e-12,2.9532640753905825e-13,-3.26777674320735e-08,-3.267977646660421e-08,5.936473954942698e-14,-3.937237011876623e-14,-2.0090345307094386e-12,-3.2677301114886595e-08,-3.2682243270057115e-08,5.256819264581366e-13,-2.506175823020975e-12,-4.942155170520357e-12
18,0,-2.637664345277832e-08,-2.6375183212039232e-08,-2.6377668180164503e-08,2.828088563079795e-12,9.127367766863827e-13,4.09869096726176e-12,1.6057902341922226e-12,1.460240739087477e-12,1.0247273861839596e-12,4.288329302167272e-12,1.9374641628703423e-12,2.4849681252747453e-12,2.1350351055706464e-12,4.620003230845392e-12,-2.6372355123476152e-08,-2.6376975126706997e-08,2.828088563079795e-12,6.930534575058398e-13,-4.620003230845392e-12,-2.6375981704824547e-08,-2.6377250476148982e-08,-7.984927853155753e-13,4.1770401552096136e-13,-1.2687713244349e-12,-2.6376453814443414e-08,-2.6377866200860857e-08,-1.2706024041819647e-12,-1.9802069635365336e-13,-1.4123864174431253e-12,-2.6375942205412814e-08,-2.637858091694119e-08,-7.58993373582255e-13,-9.127367766863827e-13,-2.6387115283755644e-12
18,1,-2.131088983662228e-08,-2.1311150736257376e-08,-2.1311354842696428e-08,4.624859623567545e-12,2.623903390190786e-12,8.579748436821694e-12,4.595386519013158e-12,2.608996350963396e-13,4.650060741487015e-13,4.363959988471206e-12,2.436489202971074e-12,2.041064390490532e-13,5.049504389672091e-12,4.8453979506230374e-12,-2.1313268871088014e-08,-2.1313101878534205e-08,-2.1181348306385477e-12,-1.7470358377764292e-12,1.6699255380975655e-13,-2.1306525876633808e-08,-2.1308730939306237e-08,4.624859623567545e-12,2.623903390190786e-12,-2.2050626724291213e-12,-2.130970257223705e-08,-2.131332632582525e-08,1.4481640203251513e-12,-1.9714831288223723e-12,-3.6237535881998855e-12,-2.131510562507063e-08,-2.1310260227120007e-08,-3.954888813254149e-12,1.0946155764212505e-12,4.8453979506230374e-12
18,2,-1.7229791608284676e-08,-1.7230018264785955e-08,-1.7229910034938806e-08,4.4849722530770146e-13,2.417520714476627e-12,8.056723814720763e-13,3.9322068521552115e-12,2.2665650127924872e-13,1.184266541297283e-13,5.838316574436235e-13,2.535947368606355e-12,1.0822984714952041e-13,2.8660179397843283e-12,2.757788092634808e-12,-1.7230007361850515e-08,-1.7228395348801127e-08,1.090293544082107e-14,1.5146861376785847e-12,1.612013049387284e-12,-1.723012048979054e-08,-1.7229198296424003e-08,-1.0222500458414771e-13,7.117385148034006e-13,9.221933665370688e-13,-1.723037543994212e-08,-1.722971893887681e-08,-3.571751561643748e-13,1.9109606199464153e-13,6.565010653085368e-13,-1.7229569767560648e-08,-1.7232327555653283e-08,4.4849722530770146e-13,-2.417520714476627e-12,-2.757788092634808e-12
18,3,-1.3935357992437978e-08,-1.3936222682327756e-08,-1.3934647086531497e-08,1.1732365232600716e-12,2.13744348755634e-12,1.841021780561752e-12,3.571522191777127e-12,8.646898897777088e-13,7.109059064814766e-13,2.0379264130377804e-12,2.8483493940378168e-12,1.5755957962591854e-12,2.101863961522467e-12,3.5397627376277903e-12,-1.3935890507607985e-08,-1.3934667576397659e-08,3.3217471977065594e-13,-2.0489866162256504e-14,1.222931210326273e-12,-1.3936049405781568e-08,-1.393250964304394e-08,1.7327654618773526e-13,2.13744348755634e-12,3.5397627376277903e-12,-1.3935554897070454e-08,-1.3936081165235717e-08,6.677852573016804e-13,-1.4340787042207868e-12,-5.262681652632817e-13,-1.3937395918851016e-08,-1.393532996144867e-08,-1.1732365232600716e-12,-6.828749171732969e-13,2.06595740234596e-12
19,0,-1.1272716251087538e-08,-1.1271621830546308e-08,-1.1270805248782343e-08,9.31216524142783e-13,2.085078712557838e-12,1.679781116417332e-12,3.915723206782866e-12,1.0944205412303608e-12,1.91100230519557e-12,1.84298513350491e-12,3.996081017753408e-12,8.165817639635547e-13,1.3365141202849432e-12,2.153095884248498e-12,-1.1271949418017096e-08,-1.1271079137870616e-08,-3.275874707881106e-13,-2.738890882730496e-13,8.7028014648027e-13,-1.1271111591143645e-08,-1.1270785793912402e-08,5.102394026629619e-13,1.945486994023946e-14,3.257972312424866e-13,-1.1270873265954033e-08,-1.1268720170069785e-08,7.485645922745491e-13,2.085078712557838e-12,2.153095884248498e-12,-1.127255304707045e-08,-1.1272635893276568e-08,-9.31216524142783e-13,-1.8306444942250278e-12,-8.284620611703579e-14
19,1,-9.115145194721525e-09,-9.114357975069562e-09,-9.113026782678921e-09,3.1253948167377515e-12,2.730256960712578e-12,4.949553894762057e-12,3.932495503990037e-12,7.872196519629066e-13,2.118412042603552e-12,3.912614468700658e-12,3.320650585881011e-12,1.3311923906406455e-12,2.4811002765117083e-12,3.5707959584121386e-12,-9.115410054124074e-09,-9.111839258165662e-09,-1.052079054512576e-12,1.1875245132589172e-12,3.5707959584121386e-12,-9.111232580252824e-09,-9.111824544135644e-09,3.1253948167377515e-12,1.202238543277459e-12,-5.91963882819647e-13,-9.114607131753763e-09,-9.115757039639634e-09,-2.491566842008699e-13,-2.730256960712578e-12,-1.1499078858710628e-12,-9.116182134147586e-09,-9.112686288774745e-09,-1.8241590780243057e-12,3.40493904176202e-13,3.495845372841153e-12
19,2,-7.3690452787414194e-09,-7.3676291298209805e-09,-7.366756948028983e-09,1.1586694889943846e-12,1.7366040506515417e-12,2.2058216625070174e-12,2.6825883757117466e-12,1.4161489204389253e-12,2.288330712436811e-12,2.57481840943331e-12,3.234315037497016e-12,8.721817919978857e-13,1.980463811354623e-12,2.1205486996987107e-12,-7.366470460331986e-09,-7.3658109637039224e-09,1.1586694889943846e-12,9.45984325060205e-13,6.59496628063706e-13,-7.367984506897165e-09,-7.3661675430375795e-09,-3.553770761848332e-13,5.894049914031446e-13,1.8169638595858635e-12,-7.3673852700602774e-09,-7.368493552079634e-09,2.438597607030814e-13,-1.7366040506515417e-12,-1.1082820193567373e-12,-7.368676281994493e-09,-7.3665557332947944e-09,-1.0471521735126328e-12,2.012147341881922e-13,2.1205486996987107e-12
19,3,-5.953606418757027e-09,-5.951727206008596e-09,-5.9508681938138975e-09,3.911692009442277e-12,2.6846088452660974e-12,6.348539760693954e-12,4.591578780561127e-12,1.879212748430829e-12,2.738224943129457e-12,4.3160604996825064e-12,4.6451948784244864e-12,8.590121946986278e-13,5.818661944737306e-12,6.677674139435934e-12,-5.9502283504648204e-09,-5.9514882149423005e-09,1.4988555437757258e-12,-6.200211284030132e-13,-1.2598644774801112e-12,-5.9492903582573445e-09,-5.9494705337755234e-09,2.4368477512516773e-12,1.397660038374081e-12,-1.801755181789685e-13,-5.9556388980180384e-09,-5.9489612238786025e-09,-3.911692009442277e-12,1.9069699352950296e-12,6.677674139435934e-12,-5.951751217294181e-09,-5.953552802659164e-09,-2.4011285585126513e-14,-2.6846088452660974e-12,-1.8015853649823431e-12
20,0,-4.806965504386718e-09,-4.805945344761845e-09,-4.806728967866443e-09,3.774254026804959e-12,2.7068194835338443e-12,6.229916561076368e-12,5.407734690020917e-12,1.0201596248727153e-12,2.365365202747959e-13,4.794413651677675e-12,2.937451726761869e-12,7.836231045979194e-13,3.8111287015639205e-12,4.59475180616184e-12,-4.80217109073504e-09,-4.806765842541202e-09,3.774254026804959e-12,-3.687467475896116e-14,-4.59475180616184e-12,-4.80730060154959e-09,-4.806686188914637e-09,-1.3552567877450714e-12,4.2778951805732597e-14,6.144126349528846e-13,-4.808401007296116e-09,-4.809435787349977e-09,-2.4556625342714086e-12,-2.7068194835338443e-12,-1.0347800538603552e-12,-4.8059086794666334e-09,-4.804028052659956e-09,3.66652952115207e-14,2.700915206487073e-12,1.8806268066776328e-12
20,1,-3.876250407228523e-09,-3.875524545923331e-09,-3.879154360128772e-09,2.499725142145877e-12,7.922901985965735e-13,4.734894215967436e-12,1.3111420361220144e-12,7.258613051921794e-13,2.903952900249164e-12,2.9610303790137386e-12,3.422804737774605e-12,3.6298142054413434e-12,2.235668695476751e-12,5.072693080666329e-12,-3.8780242710654765e-09,-3.879418416575441e-09,-2.499725142145877e-12,-2.640564466691262e-13,-1.3941455099645924e-12,-3.876342013271686e-09,-3.879673211966297e-09,-8.174673483556072e-13,-5.188518375254409e-13,-3.331198694611177e-12,-3.874442522506651e-09,-3.879163742043174e-09,1.0820234166799252e-12,-9.381914402006499e-15,-4.721219536523275e-12,-3.873289376849509e-09,-3.878362069930175e-09,2.235169073821559e-12,7.922901985965735e-13,-5.072693080666329e-12
20,2,-3.1232427392122034e-09,-3.1235600539933847e-09,-3.1232545549591154e-09,4.703228950090575e-12,2.9979773027019416e-12,6.422168052356526e-12,5.692977117901996e-12,3.173147811813498e-13,1.1815746912042497e-14,5.0205437312719246e-12,3.009793049613984e-12,3.054990342693073e-13,5.8050352744964875e-12,6.110534308765795e-12,-3.1218411148911188e-09,-3.1262525322618174e-09,1.7189391022659513e-12,-2.9979773027019416e-12,-4.4114173706985856e-12,-3.1219187098958205e-09,-3.1205595551439154e-09,1.6413440975642543e-12,2.6949998152000545e-12,1.3591547519051075e-12,-3.1282632829434753e-09,-3.1221527486347095e-09,-4.703228950090575e-12,1.1018063244059127e-12,6.110534308765795e-12,-3.1222171082431244e-09,-3.1240533837960195e-09,1.3429457502603693e-12,-7.988288369040255e-13,-1.8362755528950875e-12
20,3,-2.513246971122127e-09,-2.513326613971143e-09,-2.5117000663685386e-09,4.50285891411995e-12,7.16613593495763e-12,7.915618888098898e-12,1.3811931568653001e-11,7.964284901632098e-14,1.5469047535882987e-12,4.423216065103629e-12,8.19270038728367e-12,1.6265476026046197e-12,9.136781310060487e-12,1.0763328912665107e-11,-2.516739373945122e-09,-2.508416887050008e-09,-3.4127599739789478e-12,3.2831793185306784e-12,8.322486895114246e-12,-2.5158175996475083e-09,-2.5050542707348432e-09,-2.4909856763651166e-12,6.645795633695371e-12,1.0763328912665107e-11,-2.5088237550570233e-09,-2.514462905385807e-09,4.50285891411995e-12,-2.762839017268419e-12,-5.6391503287837495e-12,-2.511925727234919e-09,-2.5188662023034962e-09,1.4008867362241141e-12,-7.16613593495763e-12,-6.940475068577125e-12
21,0,-2.0205912828698273e-09,-2.0206554592281656e-09,-2.0245693293172355e-09,1.6992350619207849e-12,6.749960920552378e-12,2.8712622918381384e-12,1.031962018795279e-11,6.417635833829051e-14,3.978046447408182e-12,1.6350587035824944e-12,1.072800736796056e-11,3.913870089069891e-12,6.922024259087746e-12,1.0835894348157638e-11,-2.021827486458083e-09,-2.022181780806068e-09,-1.1720272299173535e-12,2.387548511167618e-12,-3.5429434798491996e-13,-2.0204833958896302e-09,-2.031319290237788e-09,1.720633385353687e-13,-6.749960920552378e-12,-1.0835894348157638e-11,-2.018956224166245e-09,-2.020999670049835e-09,1.6992350619207849e-12,3.569659267400412e-12,-2.043445883590264e-12,-2.0213547303987044e-09,-2.023776576175251e-09,-6.992711705388001e-13,7.927531419843477e-13,-2.4218457765467435e-12
21,1,-1.6212510024423346e-09,-1.6225055632725408e-09,-1.620614030608761e-09,3.0568551741330356e-12,4.665124262527996e-12,6.027931655682554e-12,8.010501148824221e-12,1.2545608302062497e-12,6.369718335736847e-13,4.311416004339285e-12,5.302096096101681e-12,1.8915326637799344e-12,6.1655298981276745e-12,8.057062561907609e-12,-1.6240059689081405e-09,-1.615948906346233e-09,-1.5004056355996785e-12,4.665124262527996e-12,8.057062561907609e-12,-1.6255624184466739e-09,-1.6239594074950571e-09,-3.0568551741330356e-12,-3.345376886296225e-12,1.603010951616745e-12,-1.6209193789443576e-09,-1.6217960996685046e-09,1.5861843281831959e-12,-1.1820690597437028e-12,-8.767207241469643e-13,-1.6195344867909913e-09,-1.620751708925249e-09,2.9710764815495182e-12,-1.3767831648806807e-13,-1.2172221342576519e-12
21,2,-1.3001017648768932e-09,-1.2999199796099021e-09,-1.2986121611761084e-09,3.934515031129865e-12,7.256077145044789e-12,7.087621787959134e-12,1.2124423682202974e-11,1.8178526699103402e-13,1.4896037007848007e-12,3.752729764138831e-12,6.357950237942985e-12,1.3078184337937667e-12,1.0409183901874059e-11,9.101365468080292e-12,-1.301647372013461e-09,-1.2988299165871802e-09,-1.7273924035588773e-12,-2.1775541107180305e-13,2.817455426280841e-12,-1.2967668728530729e-09,-1.3058682383211532e-09,3.1531067568292696e-12,-7.256077145044789e-12,-9.101365468080292e-12,-1.2974111789320427e-09,-1.2937438146389502e-09,2.5088006778594725e-12,4.8683465371581845e-12,3.667364293092479e-12,-1.303854494641032e-09,-1.29600667515715e-09,-3.934515031129865e-12,2.6054860189584075e-12,7.847819483882039e-12
21,3,-1.0405728110651943e-09,-1.042182307828337e-09,-1.044996166676876e-09,3.4890249401390636e-12,3.4615490080778736e-12,5.894601148445657e-12,6.506486125311775e-12,1.6094967631425914e-12,4.423355611681685e-12,5.098521703281655e-12,7.468292728915586e-12,2.8138588485390932e-12,3.4444896028746047e-12,5.747315813533826e-12,-1.0422937879805761e-09,-1.04804110379411e-09,-1.1148015223916816e-13,-3.044937117233901e-12,-5.747315813533826e-12,-1.045671332768476e-09,-1.0450407020141405e-09,-3.4890249401390636e-12,-4.453533726445897e-14,6.306307543355114e-13,-1.0397767316200303e-09,-1.0453682432304555e-09,2.405576208306593e-12,-3.7207655357951363e-13,-5.5915116104252e-12,-1.0409873789442653e-09,-1.0415346176687982e-09,1.1949288840716387e-12,3.4615490080778736e-12,-5.472387245328583e-13
22,0,-8.335674865729064e-10,-8.318522644715079e-10,-8.363548547675016e-10,1.9244041113652525e-12,2.5745338858025633e-12,3.716578969817198e-12,4.275361257184994e-12,1.7152221013984519e-12,2.787368194595199e-12,3.639626212763704e-12,4.488195565977629e-12,4.502590295993444e-12,4.366708744254302e-12,6.52794876701755e-12,-8.336444393299599e-10,-8.33780320881699e-10,-1.7921748584519453e-12,2.5745338858025633e-12,-1.358815517391421e-13,-8.315277333718665e-10,-8.38055682138884e-10,3.2453109964146917e-13,-1.7008273713824304e-12,-6.52794876701755e-12,-8.299278603601427e-10,-8.35783008330924e-10,1.9244041113652525e-12,5.718464365775751e-13,-5.855147970781328e-12,-8.323090248240631e-10,-8.378004077184989e-10,-4.5676035255519e-13,-1.4455529509972944e-12,-5.491382894435755e-12
22,1,-6.650043698899519e-10,-6.640073427223892e-10,-6.632951640709358e-10,1.4716102908369437e-12,4.214069840624592e-12,2.528080154187106e-12,7.2201117208598005e-12,9.970271675626675e-13,1.709205819016094e-12,2.0534970309128296e-12,4.715247699251302e-12,7.121786514535299e-13,2.742459549787752e-12,3.3977272014324336e-12,-6.646204165864177e-10,-6.612226893849852e-10,-6.13073864028428e-13,2.072474685950579e-12,3.3977272014324336e-12,-6.629791284308744e-10,-6.64159610796497e-10,1.028214291514796e-12,-8.644467255611949e-13,-1.1804823656225644e-12,-6.654789530132262e-10,-6.675092339115604e-10,-1.4716102908369437e-12,-4.214069840624592e-12,-2.030280898334222e-12,-6.629508728590391e-10,-6.602891221907006e-10,1.056469863350162e-12,3.006041880235208e-12,2.6617506683384726e-12
22,2,-5.306310889350442e-10,-5.30552363041946e-10,-5.280255793885898e-10,4.298836382005863e-12,3.0802129188042524e-12,6.861713083155242e-12,6.040183336723948e-12,7.872589309819163e-14,2.605509546454399e-12,4.220110488907671e-12,5.685722465258651e-12,2.5267836533562073e-12,5.429450197050843e-12,7.95623385040705e-12,-5.288283288807203e-10,-5.309855498065095e-10,1.72403416122568e-12,-2.959970417919696e-12,-2.1572209257891688e-12,-5.279894863407966e-10,-5.249453664697856e-10,2.562876701149379e-12,3.0802129188042524e-12,3.0441198710110807e-12,-5.348511994239519e-10,-5.268949655735448e-10,-4.298836382005863e-12,1.1306138150449798e-12,7.95623385040705e-12,-5.305404375223152e-10,-5.292764357045193e-10,1.1925519630803937e-14,-1.2508563159295361e-12,1.2640018177958673e-12
22,3,-4.220140105835962e-10,-4.2050838993711183e-10,-4.2317324295068203e-10,1.1472847048746124e-11,5.060832288679515e-12,1.825698279948844e-11,1.007045608384794e-11,1.5056206464843598e-12,1.1592323670858455e-12,9.967226402261764e-12,6.168856162254271e-12,2.6648530135702053e-12,1.5556451635491996e-11,1.3583801844569484e-11,-4.149079954049901e-10,-4.2818286674585046e-10,5.60039453212174e-12,-5.009623795168425e-12,-1.327487134086037e-11,-4.137242541863695e-10,-4.27308056030939e-10,6.7841357507423164e-12,-4.134813080256962e-12,-1.3583801844569484e-11,-4.2142007317122976e-10,-4.181124106620025e-10,-9.116832341179326e-13,5.060832288679515e-12,3.3076625092272424e-12,-4.3198123698585795e-10,-4.1908963836393616e-10,-1.1472847048746124e-11,4.083604586745872e-12,1.2891598621921791e-11
23,0,-3.3408429261028364e-10,-3.3265462993639625e-10,-3.379579576670273e-10,5.7513882653756764e-12,7.79383234054392e-12,1.1188633189369322e-11,1.1100608765380121e-11,1.4296626738873856e-12,3.873665056743657e-12,7.181050939263062e-12,7.180441481579858e-12,5.303327730631043e-12,1.0992959719777247e-11,1.4250557449381747e-11,-3.2976964589854496e-10,-3.3924917212936e-10,2.8849840378512957e-12,-1.291214462332692e-12,-9.47952623081503e-12,-3.269032416710206e-10,-3.411537991204023e-10,5.7513882653756764e-12,-3.1958414533750272e-12,-1.4250557449381747e-11,-3.358537573156296e-10,-3.301641253264834e-10,-3.1991273792333266e-12,7.79383234054392e-12,5.689631989146204e-12,-3.380918748603899e-10,-3.412647340918635e-10,-5.4372449239936455e-12,-3.306776424836201e-12,-3.1728592314735985e-12
23,1,-2.649845527760156e-10,-2.638016371713617e-10,-2.621733408865937e-10,5.27762268469988e-12,1.0202825909153484e-12,8.167892341601172e-12,1.677794500036568e-12,1.1829156046538787e-12,2.811211889421891e-12,6.460538289353759e-12,3.4687237985431107e-12,1.6282962847680124e-12,5.1883109427642435e-12,4.792024881527796e-12,-2.66691906828263e-10,-2.618998819467352e-10,-2.890269656901292e-12,2.73458939858492e-13,4.792024881527796e-12,-2.6553452788312573e-10,-2.6319362347750906e-10,-1.7328907117640026e-12,-1.0202825909153484e-12,2.3409044056166666e-12,-2.5852401448666185e-10,-2.620840291446581e-10,5.27762268469988e-12,8.931174193563683e-14,-3.560014657996231e-12,-2.644560994873963e-10,-2.615158289774725e-10,-6.544623160345857e-13,6.575119091212196e-13,2.9402705099238177e-12
23,2,-2.097655144545066e-10,-2.0550625443821645e-10,-2.1508566801589524e-10,5.0309205901475835e-12,2.4972684781134095e-12,9.53211283614262e-12,3.655955588835668e-12,4.259260016290165e-12,5.32015356138863e-12,9.290180606437748e-12,7.81742203950204e-12,9.579413577678794e-12,7.528189068260993e-12,1.7107602645939787e-11,-2.0047533384806886e-10,-2.1758293649400865e-10,5.0309205901475835e-12,-2.4972684781134095e-12,-1.7107602645939787e-11,-2.0493061755140712e-10,-2.1466281635393077e-10,5.756368868093236e-13,4.228516619644762e-13,-9.732198802523642e-12,-2.0661161966917832e-10,-2.1416993831046857e-10,-1.105365230961871e-12,9.157297054266752e-13,-7.558318641290248e-12,-2.1000744668421148e-10,-2.1392698090517298e-10,-4.501192245995036e-12,1.1586871107222581e-12,-3.9195342209615e-12
23,3,-1.6517651841295163e-10,-1.6297644240203572e-10,-1.656576837022602e-10,4.228616179140615e-12,2.9414133329429105e-12,8.338783081668856e-12,4.8283706157139056e-12,2.2000760109159097e-12,4.811652893085664e-13,6.428692190056525e-12,2.460248043634344e-12,2.681241300224476e-12,4.5172371893658135e-12,6.837113003182842e-12,-1.587478262228951e-10,-1.6558493922607795e-10,4.228616179140615e-12,7.274447618224921e-14,-6.837113003182842e-12,-1.6455226625845862e-10,-1.6271627036931729e-10,-1.575823856422903e-12,2.9414133329429105e-12,1.8359958891413375e-12,-1.6708660930456396e-10,-1.6678488422861436e-10,-4.110166902528241e-12,-1.1272005263541647e-12,3.0172507594959986e-13,-1.615190678222252e-10,-1.675446409850312e-10,1.4573745798105283e-12,-1.886957282770995e-12,-6.0255731628059994e-12
24,0,-1.311042825786198e-10,-1.3236042597340299e-10,-1.2905909103669465e-10,6.265379018662561e-12,5.4890467322479925e-12,9.498594249096803e-12,9.762493336627081e-12,1.2561433947831987e-12,2.045191541925134e-12,7.52152241344576e-12,7.534238274173127e-12,3.301334936708333e-12,2.8532273855266824e-12,5.557166438522083e-12,-1.2912721074296874e-10,-1.2357004430444666e-10,3.2332152304342425e-12,5.4890467322479925e-12,5.557166438522083e-12,-1.307270599204954e-10,-1.2882026151435762e-10,1.6333660529075735e-12,2.388295223370336e-13,1.906798406137793e-12,-1.3096162823808224e-10,-1.305135206869006e-10,1.398797735320745e-12,-1.4544296502059374e-12,4.481075511816505e-13,-1.3862580499206555e-10,-1.3333253764107374e-10,-6.265379018662561e-12,-4.273446604379089e-12,5.293267350991805e-12
24,1,-1.0324972434889018e-10,-1.052125821731599e-10,-1.0659607154743207e-10,1.1619024110370373e-11,9.124242589382946e-12,1.9503786375841233e-11,1.745302854303423e-11,1.9628578242697255e-12,3.346347198541892e-12,1.3581881934640098e-11,1.1675133152193174e-11,1.3834893742721633e-12,2.0743266699753316e-11,1.9359777325481152e-11,-1.1683160628353028e-10,-9.747182895804912e-11,-1.1619024110370373e-11,9.124242589382946e-12,1.9359777325481152e-11,-9.732781990768904e-11,-1.0411671431730739e-10,7.88476226547086e-12,2.4793572301246816e-12,-6.7888944096183446e-12,-1.0013589130625073e-10,-1.0987088541328842e-10,5.076690866909179e-12,-3.274813865856345e-12,-9.73499410703769e-12,-1.0655501119516958e-10,-1.1492485750108335e-10,-1.3424290220096785e-12,-8.328785953651282e-12,-8.36984630591377e-12
24,2,-8.092641703920879e-11,-8.203830438418237e-11,-7.910801686386648e-11,9.513263027675245e-12,7.705211514413012e-12,1.469840329197232e-11,1.3362605871340597e-11,1.1118873449735745e-12,1.8184001753423152e-12,8.40137568270167e-12,9.523611689755327e-12,2.9302875203159026e-12,5.941424476093963e-12,8.559057227908317e-12,-8.722344464847944e-11,-8.217245084639975e-11,-5.185140264297075e-12,-3.064433982533268e-12,5.050993802079697e-12,-7.252504135650712e-11,-7.140280534945347e-11,9.513263027675245e-12,7.705211514413012e-12,1.1222360070536566e-12,-8.665045726672695e-11,-7.809140003881864e-11,-4.6121528825445855e-12,1.016616825047842e-12,8.559057227908317e-12,-8.1754274265016e-11,-8.476541122079406e-11,2.840301191663641e-13,-5.657394356927586e-12,-3.01113695577806e-12
24,3,-6.410296223288211e-11,-6.734163130032725e-11,-6.95182607823706e-11,5.217346287972088e-12,4.6227723983836926e-12,8.196960500133029e-12,7.331555581033028e-12,3.2386690674451347e-12,5.415298549488487e-12,8.456015355417223e-12,8.124081732137822e-12,2.176629482043352e-12,4.531346723458482e-12,6.707976205501834e-12,-6.449158738971381e-11,-6.48954883839869e-11,2.850043910613436e-12,4.6227723983836926e-12,-4.039009942730955e-13,-6.795394313512953e-11,-6.988051748680741e-11,-6.123118348022883e-13,-3.622567044368157e-13,-1.9265743516778794e-12,-6.43620170881663e-11,-7.106999329366814e-11,2.9796142121609404e-12,-1.5517325112975412e-12,-6.707976205501834e-12,-7.255897758829933e-11,-7.222704396501993e-11,-5.217346287972088e-12,-2.7087831826493357e-12,3.3193362327940077e-13
25,0,-4.675270100589987e-11,-4.81111211749773e-11,-4.75333092385392e-11,1.0034313361563223e-11,1.1735617412538054e-11,1.7504458738960862e-11,1.8509463610288198e-11,1.3584201690774311e-12,7.806082326393304e-13,1.1392733530640654e-11,1.2516225645177385e-11,5.778119364381007e-13,1.9205762789935694e-11,1.8627950853497594e-11,-5.28276158459602e-11,-4.470419918598746e-11,-4.7164946709828984e-12,2.8291100525517357e-12,8.123416659972735e-12,-4.083045851982882e-11,-4.540064807630302e-11,7.280662655148481e-12,2.1326611622361756e-12,-4.570189556474205e-12,-4.064097579757966e-11,-5.926892665107725e-11,7.47014537739764e-12,-1.1735617412538054e-11,-1.8627950853497594e-11,-5.814543453654052e-11,-4.0759463040789055e-11,-1.0034313361563223e-11,6.773846197750143e-12,1.7385971495751466e-11
25,1,-4.018228168381735e-11,-3.984860399192913e-11,-4.425020828575183e-11,1.1003620049739595e-11,5.924004329897783e-12,1.8929707810928166e-11,1.001759514856966e-11,3.336776918882151e-13,4.067926601934482e-12,1.066994235785138e-11,9.991930931832265e-12,4.401604293822697e-12,1.0531996196843256e-11,1.0025654690889024e-11,-3.601240241194776e-11,-4.015661746707995e-11,3.836201579981371e-12,4.0935908186718775e-12,-4.14421505513219e-12,-3.192251623074056e-11,-4.1948170921629586e-11,7.926087761188572e-12,2.302037364122244e-12,-1.0025654690889024e-11,-4.060727328335948e-11,-5.017421261564961e-11,-7.586692914303475e-13,-5.924004329897783e-12,-9.566939332290132e-12,-5.085222404166873e-11,-4.472183213864817e-11,-1.1003620049739595e-11,-4.716238528963388e-13,6.130391903020559e-12
25,2,-3.1627210488152396e-11,-3.510290489789274e-11,-3.2305700078389065e-11,8.778361188681537e-12,1.0068201223219376e-11,1.6967079995764927e-11,1.6515929928200507e-11,3.4756944097403423e-12,6.784895902366693e-13,1.225405559842188e-11,9.389711632982707e-12,2.797204819503672e-12,1.463644751206452e-11,1.1839242692560848e-11,-3.59260394049506e-11,-3.170739861824589e-11,-8.231345070578605e-13,5.983014601431763e-13,4.21864078670471e-12,-4.3881266086574276e-11,-3.652447405677049e-11,-8.778361188681537e-12,-4.218773978381424e-12,7.356792029803787e-12,-3.369012800923673e-11,-2.223749885516969e-11,1.4127768886560081e-12,1.0068201223219376e-11,1.1452629154067041e-11,-2.6914186090809348e-11,-3.8753428783370197e-11,8.18871880708339e-12,-6.4477287049811315e-12,-1.1839242692560848e-11
25,3,-2.6260667729386385e-11,-2.7436677177032638e-11,-2.7225863762968332e-11,6.257366937158926e-12,8.291004751538848e-12,1.007725144354891e-11,1.3788880436273264e-11,1.1760094476462524e-12,9.651960335819464e-13,7.433376384805178e-12,9.256200785120794e-12,2.1081341406430834e-13,3.58650307058767e-12,3.797316484651978e-12,-2.5525304562885894e-11,-2.1727988078233916e-11,1.9113726141467438e-12,5.497875684734416e-12,3.797316484651978e-12,-2.3616792670642654e-11,-2.595650564307224e-11,3.819884506389984e-12,1.2693581198960915e-12,-2.3397129724295864e-12,-2.691056736041044e-11,-2.5702092816059982e-11,5.26109816622198e-13,1.52377094690835e-12,1.208474544350458e-12,-3.3694044114191563e-11,-3.551686851450718e-11,-6.257366937158926e-12,-8.291004751538848e-12,-1.8228244003156165e-12
26,0,-2.1825445995213285e-11,-2.694671092417867e-11,-2.8242937738453142e-11,5.948283066969354e-12,1.3829197786311574e-11,1.0757353132239882e-11,2.3849307696190176e-11,5.121264928965384e-12,6.417491743239857e-12,9.930334994235912e-12,1.6437601653118458e-11,1.2962268142744727e-12,1.6691031214512968e-11,1.588714588034669e-11,-3.17557809894492e-11,-2.340938961578325e-11,-4.809070065270528e-12,4.8335481226698935e-12,8.346391373665949e-12,-2.0998427857209316e-11,-3.6885573737556005e-11,5.948283066969354e-12,-8.642635999102863e-12,-1.588714588034669e-11,-2.5224090497676098e-11,-3.8263047648331744e-11,1.7226204265025716e-12,-1.0020109909878601e-11,-1.3038957150655646e-11,-2.9808544352380063e-11,-1.4413739952141568e-11,-2.861833428201394e-12,1.3829197786311574e-11,1.5394804400238495e-11
26,1,-1.736646165952449e-11,-2.0912105754560574e-11,-2.10795881249944e-11,1.175862035207381e-11,6.9808152123826e-12,2.1354124096128186e-11,1.3384350315217862e-11,3.5456440950360853e-12,3.713126465469912e-12,1.3141147839090461e-11,1.0116661568305174e-11,1.6748237043382667e-13,9.036732792123932e-12,9.204215162557758e-12,-9.153485402486764e-12,-1.8357700565044523e-11,1.175862035207381e-11,2.721887559949878e-12,-9.204215162557758e-12,-1.654637374668643e-11,-1.4098772912611801e-11,4.365732007874144e-12,6.9808152123826e-12,2.447600834074629e-12,-2.744095437045415e-11,-2.7483123227829663e-11,-6.5288486158935775e-12,-6.403535102835262e-12,-4.2168857375511254e-14,-3.050760949861495e-11,-2.4378755794491617e-11,-9.595503744054376e-12,-3.299167669497216e-12,6.1288537041233336e-12
26,2,-1.5137331236513616e-11,-1.5405661827580733e-11,-1.8015368350687106e-11,1.1175704240948128e-11,1.3680496979431709e-11,1.714466551442158e-11,2.4585094245482695e-11,2.683305910671169e-13,2.8780371141734894e-12,1.1444034832015244e-11,1.65585340936052e-11,2.609706523106373e-12,1.9649458252905162e-11,2.2259164776011535e-11,-9.43670055410728e-12,-3.1695865330118815e-11,5.968961273473453e-12,-1.3680496979431709e-11,-2.2259164776011535e-11,-1.423749497947651e-11,-7.110771084636118e-12,1.1681668481042225e-12,1.0904597266050988e-11,7.126723894840393e-12,-1.1367085708210281e-11,-1.8801811089439092e-11,4.038576119370452e-12,-7.864427387519863e-13,-7.434725381228811e-12,-2.658136606852886e-11,-1.4453025898554401e-11,-1.1175704240948128e-11,3.5623424521327044e-12,1.212834016997446e-11
26,3,-1.3343819191538923e-11,-1.1937623464122309e-11,-1.4766219433016655e-11,7.838377605965742e-12,5.965409101824931e-12,1.4806593731888055e-11,1.0459143592656309e-11,1.4061957274166148e-12,1.422400241477732e-12,9.244573333382357e-12,7.387809343302663e-12,2.828595968894347e-12,1.3803786707790673e-11,1.663238267668502e-11,-1.2164879383295078e-11,-1.551890572651005e-11,-2.2725591917276992e-13,-7.526862934933945e-13,-3.3540263432149714e-12,-1.890583959004462e-11,-1.0272484942185278e-11,-6.968216125922313e-12,4.493734490831378e-12,8.633354647859343e-12,-1.2580529024992968e-11,-1.2541858528529708e-11,-6.429055608706598e-13,2.2243609044869477e-12,3.867049646326061e-14,-4.099245858156566e-12,-2.0731628534841586e-11,7.838377605965742e-12,-5.965409101824931e-12,-1.663238267668502e-11
27,0,-9.50711074931118e-12,-5.159809330051872e-12,-1.3230600296089305e-11,1.917843802108717e-11,5.985328340395798e-12,3.748235642930628e-11,1.0763973041675083e-11,4.347301419259309e-12,3.723489546778124e-12,2.2651219827478417e-11,9.708817887173922e-12,8.070790966037433e-12,2.3957082722366453e-11,2.975550336160171e-11,-1.0423507875847944e-11,-1.9215928636485103e-11,-5.263698545796072e-12,-5.985328340395798e-12,-8.79242076063716e-12,-2.4338247351139042e-11,-8.45195559481002e-12,-1.917843802108717e-11,4.778644701279285e-12,1.588629175632902e-11,1.3144109078167235e-11,-1.6611394283434476e-11,1.8303918408219107e-11,-3.3807939873451707e-12,-2.975550336160171e-11,9.784088286122616e-13,-8.643122669627621e-12,6.1382181586641335e-12,4.587477626461684e-12,-9.621531498239883e-12
27,1,-7.21144922330736e-12,-1.2886594801061448e-11,-1.3741911919624305e-11,9.071906749780073e-12,3.2707973755817385e-12,1.4729182744872587e-11,6.277017729165788e-12,5.675145577754088e-12,6.5304626963169456e-12,1.4747052327534163e-11,9.801260071898684e-12,8.55317118562855e-13,1.0854066045323515e-11,9.998748926760659e-12,-2.195850155084152e-11,-1.1959752624080862e-11,-9.071906749780073e-12,1.7821592955434434e-12,9.998748926760659e-12,-1.2539237855721299e-11,-1.5259494193170057e-11,3.473569453401492e-13,-1.5175822735457512e-12,-2.720256337448758e-12,-9.819320991714045e-12,-1.0735691566040256e-11,3.067273809347403e-12,3.0062203535840495e-12,-9.163705743262109e-13,-7.229318805968933e-12,-1.7012709295206044e-11,5.657275995092515e-12,-3.2707973755817385e-12,-9.78339048923711e-12
27,2,-5.553987059535266e-12,-1.6137942206670187e-11,-8.183767490820717e-12,1.5646646440059674e-11,1.116097372704437e-11,2.7929562579764096e-11,1.7396044674857507e-11,1.0583955147134922e-11,2.6297804312854506e-12,2.6230601587194596e-11,8.864851379098588e-12,7.954174715849469e-12,1.3097571983070367e-11,2.1051746698919836e-11,-2.3436042938082195e-11,-1.4418838438633854e-11,-7.298100731412008e-12,-6.235070947813137e-12,9.017204499448342e-12,-3.855026066965765e-12,2.977206236223653e-12,1.2282916139704422e-11,1.116097372704437e-11,6.832232303189418e-12,-3.178458864672986e-11,-1.0732841947810025e-11,-1.5646646440059674e-11,-2.5490744569893085e-12,2.1051746698919836e-11,-5.476111174902924e-12,-1.0560595813062642e-11,1.0661831031767263e-11,-2.3768283222419257e-12,-5.084484638159718e-12
27,3,-4.686516638435901e-12,-1.568147452216121e-11,-6.842449844379918e-12,1.1320189680577375e-11,1.343669317557005e-11,1.984517675168187e-11,2.257928888187053e-11,1.099495788372531e-11,2.155933205944017e-12,1.9519944954829804e-11,1.5592626381514066e-11,8.839024677781293e-12,8.346028342223399e-12,1.7185053020004693e-11,-1.9273244495711172e-11,-6.718808096490073e-12,-3.591769973549961e-12,1.2364174788984516e-13,1.25544363992211e-11,-4.361284841583836e-12,-2.671994123000196e-12,1.1320189680577375e-11,4.170455721379722e-12,1.6892907185836395e-12,-2.4206461593265705e-11,-2.0279143019949968e-11,-8.524987071104494e-12,-1.343669317557005e-11,3.927318573315738e-12,-1.4884907158084132e-11,2.3001458619205625e-12,7.965673640770798e-13,9.14259570630048e-12,1.7185053020004693e-11
28,0,-3.4370567062595653e-12,-4.801081756681915e-12,-1.4251743043248199e-12,1.4548991292073186e-11,1.246960900723392e-11,2.8909839458819134e-11,2.1643541685234414e-11,1.3640250504223494e-12,2.0118824019347454e-12,1.5724873217168296e-11,1.118581507993524e-11,3.375907452357095e-12,5.375058614072692e-12,5.374118171761737e-12,9.747909535391272e-12,7.748758373675675e-12,1.4548991292073186e-11,9.173932678000494e-12,-1.999151161715597e-12,2.487496502431719e-12,7.349012689944836e-12,7.288578259113633e-12,8.774186994269655e-12,4.861516187513117e-12,-1.2277803141122787e-11,-6.9036849693610496e-12,-7.476721384440872e-12,-5.47851066503623e-12,5.374118171761737e-12,-1.9161929923427863e-11,-1.389478331155874e-11,-1.4360848166745948e-11,-1.246960900723392e-11,5.267146611869123e-12
28,1,4.2012022836355564e-13,7.494394355879456e-12,4.1601506014388675e-12,1.2054318052737471e-11,3.3307189806642537e-12,2.2241754090256045e-11,5.714586992711694e-12,7.0742741275159e-12,3.740030373075312e-12,1.912859218025337e-11,6.1238983851227525e-12,3.3342437544405893e-12,1.1250366854518652e-11,1.458461060895924e-11,-2.6930416816391178e-12,4.3030503718368595e-12,-1.0187436037518574e-11,1.4289977039799197e-13,6.996092053475977e-12,1.9548712408616927e-11,4.9641017996576854e-12,1.2054318052737471e-11,8.039511982188179e-13,-1.458461060895924e-11,8.456450419184395e-12,6.544018613486308e-12,9.620560633049386e-13,2.3838680120474406e-12,-1.9124318056980865e-12,4.6654562773556214e-12,8.294316207746138e-13,-2.8289380785238346e-12,-3.3307189806642537e-12,-3.836024656581008e-12
28,2,-9.74217255198642e-13,-7.561526334805233e-12,3.70054738647955e-12,7.134317956122892e-12,1.2928390670903983e-11,1.3797648875398695e-11,2.5243893008711595e-11,6.5873090796065914e-12,4.6747646416781915e-12,1.3250639998882396e-11,1.6990266979485808e-11,1.1262073721284782e-11,8.848541251280936e-12,1.9968713676316437e-11,-3.952663952029271e-12,1.6016049724287164e-11,3.6088623827759624e-12,1.2315502337807615e-11,1.9968713676316437e-11,-1.1641375754428278e-11,-9.227843284424432e-12,-4.079849419623045e-12,-1.2928390670903983e-11,2.413532470003846e-12,-1.4224857254081037e-11,7.158255592319375e-13,-6.663330919275804e-12,-2.984721827247612e-12,1.4940682813312976e-11,-4.2720837868234114e-13,7.298157546823529e-12,7.134317956122892e-12,3.5976101603439793e-12,7.725365925505871e-12
28,3,-9.939705164832692e-13,-3.3211114165121355e-12,-8.217714864238535e-12,2.6755338502661816e-11,1.3754588847530687e-11,4.682976908673247e-11,2.1305660278358617e-11,2.3271409000288663e-12,7.223744347755266e-12,2.9082479402690684e-11,1.4774815778583194e-11,4.8966034477264e-12,2.6481675452582168e-11,3.0900888398420156e-11,1.3250042318418636e-11,5.5368739832921515e-12,1.6571153734930772e-11,1.3754588847530687e-11,-7.713168335126485e-12,-1.321135723285174e-11,-1.5768786295066464e-11,-9.890245816339605e-12,-7.551071430827928e-12,-2.5574290622147235e-12,1.6753319167558513e-11,-1.4147569230861645e-11,2.0074430584070647e-11,-5.9298543666231095e-12,-3.0900888398420156e-11,-3.007644991917395e-11,-8.491377914318185e-12,-2.6755338502661816e-11,-2.7366305007964926e-13,2.158507200485577e-11
29,0,-4.900134385212582e-12,-8.441681253341344e-12,-1.021977280173059e-11,1.3987327531353889e-11,2.2538390267584768e-11,2.258775580905078e-11,3.988309469525934e-11,3.5415468681287627e-12,5.319638416518009e-12,1.752887439948265e-11,2.2664342844192585e-11,1.7780915483892445e-12,3.6525717798938655e-11,3.474762625054941e-11,-7.510538489235494e-12,-1.8677660318366955e-11,9.311427641058504e-13,-8.457887516636364e-12,-1.116712182913146e-11,-3.985924763790201e-12,-6.9555711250044165e-12,4.455756489551143e-12,3.264201676726174e-12,-2.969646361214215e-12,-2.2429008784695233e-11,1.2318617465854176e-11,-1.3987327531353889e-11,2.2538390267584768e-11,3.474762625054941e-11,1.5874702435554896e-13,-2.7564477229405165e-11,8.600428277696894e-12,-1.7344704427674575e-11,-2.7723224253760713e-11
29,1,-2.119380801250835e-12,-1.0377601465729165e-11,-4.924035693749845e-12,8.746550820513134e-12,1.1025243250849818e-11,1.3393910180169815e-11,1.691628732144598e-11,8.258220664478329e-12,2.80465489249901e-12,1.2905580024135012e-11,1.3829898143348828e-11,5.453565771979321e-12,8.441681115040935e-12,1.3895246887020256e-11,-1.5024960825385848e-11,-1.5949278944599664e-11,-4.647359359656683e-12,-1.1025243250849818e-11,-9.243181192138158e-13,-1.2928238510173942e-11,9.670083768463148e-13,-2.5506370444447774e-12,5.89104407059616e-12,1.3895246887020256e-11,-1.1926155882140843e-11,-3.380693863575948e-12,-1.5485544164116782e-12,1.5433418301738972e-12,8.545462018564896e-12,-1.6310506452160316e-12,-1.3331783436700846e-12,8.746550820513134e-12,3.5908573500797603e-12,2.97872301545947e-13
29,2,-4.4075946364088935e-12,-6.242567248342462e-12,-6.23766071124278e-12,8.252069894055321e-12,1.745513305430971e-11,1.4410598470823752e-11,3.271056413998634e-11,1.8349726119335688e-12,1.8300660748338864e-12,7.993501188702e-12,1.7085497160510512e-11,4.906537099680376e-15,2.3613661631078145e-11,2.3618568168177824e-11,-1.2401095825110893e-11,1.1217472343066933e-11,-6.1585285767684306e-12,1.745513305430971e-11,2.3618568168177824e-11,-6.0848333588497904e-12,-1.1058586639067207e-12,1.5773388949267183e-13,5.131802047336059e-12,4.97897469494307e-12,2.0095026457128596e-12,-1.3569164727211928e-11,8.252069894055321e-12,-7.331504015969148e-12,-1.5578667372924788e-11,-8.493842455122021e-12,-2.1493091796919404e-11,-2.251275206779559e-12,-1.5255431085676625e-11,-1.2999249341797383e-11
29,3,-1.0010515532066098e-12,-8.93112107982142e-12,3.687551466175518e-12,2.0679418698689194e-11,1.563260409984449e-11,3.7975198963318096e-11,2.9386575822175726e-11,7.93006952661481e-12,4.688603019382128e-12,2.8609488225304005e-11,1.844257474171336e-11,1.2618672545996937e-11,3.292838436447339e-11,3.428050472031227e-11,-1.937506843417417e-11,4.583770368062638e-12,-1.0443947354352751e-11,8.962189018871202e-13,2.395883880223681e-11,8.364659184807481e-12,-1.1945052633668972e-11,1.7295780264628902e-11,-1.563260409984449e-11,-2.0309711818476453e-11,-2.9610539778510613e-11,4.669964941801654e-12,-2.0679418698689194e-11,9.824134756261362e-13,3.428050472031227e-11,4.896464708591625e-12,1.7441523188506752e-11,1.3827585788413044e-11,1.3753971722331235e-11,1.2545058479915128e-11
30,0,-2.151836708391803e-12,-1.1906732769152485e-11,2.6830266086516555e-12,2.5873775041948247e-11,2.1026289558023083e-11,3.9814649327414266e-11,3.4946828327667467e-11,9.754896060760682e-12,4.8348633170434585e-12,2.3695770346226702e-11,1.8755402086687843e-11,1.458975937780414e-11,1.885149680741244e-11,2.8614106217113046e-11,1.3967042272795763e-11,9.705304843187463e-12,2.5873775041948247e-11,7.022278234535808e-12,-4.2617374296083e-12,-1.1531225865978256e-11,1.660356537829604e-11,3.7550690317422857e-13,1.3920538769644384e-11,2.8134791244274297e-11,-2.5847607054618505e-11,2.766499162494543e-12,-1.394087428546602e-11,8.347255384288736e-14,2.8614106217113046e-11,-2.4215140428808947e-11,-1.8343262949371426e-11,-1.2308407659656462e-11,-2.1026289558023083e-11,5.871877479437521e-12
30,1,-1.0249812714646432e-13,4.775280924461695e-12,1.5572478475929994e-11,1.0877244400277533e-11,9.429412427502909e-12,1.7941266816112056e-11,1.7699578399791276e-11,4.8777790516081596e-12,1.567497660307646e-11,1.1941801467442684e-11,2.5104389030579368e-11,1.0797197551468299e-11,7.394911817162143e-12,1.3404275979457467e-11,1.183930334029622e-11,2.5001890903432903e-11,7.064022415834524e-12,9.429412427502909e-12,1.3162587563136684e-11,6.3908810177336696e-12,9.793166752039826e-12,1.6156000932719744e-12,-5.7793117238901685e-12,3.4022857343061563e-12,6.9729028156327296e-12,2.019254374460562e-11,2.1976218911710344e-12,4.620065268675625e-12,1.321964092897289e-11,-6.101963475815838e-12,7.302312503641629e-12,-1.0877244400277533e-11,-8.270165972288365e-12,1.3404275979457467e-11
30,2,3.3850985846483265e-12,3.593089891954789e-12,9.843523016923727e-12,1.563953634879e-11,2.4729871323580006e-11,3.02053440071259e-11,4.263308975534351e-11,2.0799130730646267e-13,6.458424432275401e-12,1.584752765609646e-11,3.118829575585541e-11,6.2504331249689386e-12,3.929567898191591e-11,4.5546112106884846e-11,1.1163504441090086e-11,4.012630296225809e-12,7.570414549135297e-12,-5.8308927206979184e-12,-7.150874144864277e-12,1.923262624074479e-11,8.847762845805147e-12,1.563953634879e-11,-9.9576017111858e-13,-1.0384863394939642e-11,-5.051053347634605e-12,-8.059695414839776e-12,-8.644143239589393e-12,-1.7903218431763504e-11,-3.0086420672051717e-12,-1.097271776638111e-11,3.4573394340503734e-11,-1.45658076583359e-11,2.4729871323580006e-11,4.5546112106884846e-11
30,3,3.868153601996671e-12,-9.790083132339177e-12,-1.5821582816842398e-11,3.0834178504717815e-11,1.1290317358549436e-11,4.9775554260332945e-11,2.180419222355559e-11,1.3658236734335848e-11,1.968973641883907e-11,4.449241523905367e-11,3.0203611283845224e-11,6.031499684503221e-12,2.682776255957619e-11,3.285926224407941e-11,7.906753283241978e-12,-4.531265458292962e-12,1.7696836415581156e-11,1.1290317358549436e-11,-1.243801874153494e-11,-4.0624261637056996e-11,-2.6335457681848553e-11,-3.0834178504717815e-11,-1.0513874865006155e-11,1.4288803955208442e-11,-1.559411679881764e-11,-8.711638506424612e-12,-5.804033666478461e-12,7.109944310417786e-12,6.882478292393026e-12,9.151292623275947e-12,-2.3707969620803465e-11,1.8941375755615124e-11,-7.886386803961067e-12,-3.285926224407941e-11
31,0,1.1407327536869396e-11,6.013730273574709e-12,-6.088987010833825e-13,2.0501637129518837e-11,1.3929652278305093e-11,3.203635034167967e-11,2.366541006672098e-11,5.393597263294687e-12,1.2016226237952779e-11,2.5895234392813524e-11,2.1751984026368667e-11,6.62262897465809e-12,2.2655716169743987e-11,2.4505315716933274e-11,-1.448790685594413e-11,1.5451803391417672e-12,-2.0501637129518837e-11,2.1540790402251497e-12,1.6033087195085898e-11,9.77040911316181e-12,-1.034465648949927e-11,3.7566788395871005e-12,-9.735757788415887e-12,-2.0115065602661078e-11,1.754844348573554e-11,-6.956872231197736e-12,1.153471321216083e-11,-6.347973530114353e-12,-2.4505315716933274e-11,1.122397535134562e-11,1.332075357722171e-11,5.21024507777091e-12,1.3929652278305093e-11,2.096778225876091e-12
31,1,-9.256605544706679e-13,3.487257581335996e-12,-4.673320475427497e-13,2.4915452591438656e-11,2.6892967216585993e-11,4.131875874339643e-11,4.4985990602683345e-11,4.4129181358066634e-12,4.583285069279182e-13,2.932837072724532e-11,2.6434638709658075e-11,3.954589628878746e-12,3.084855002877758e-11,3.157478459315986e-11,-9.268269061344234e-12,1.7625691338554603e-11,-1.2755526642680231e-11,1.8093023386097352e-11,2.6893960399898837e-11,7.73063778453534e-12,1.1037354155788349e-11,4.243380203199344e-12,1.1504686203331098e-11,3.306716371253009e-12,-1.2916048570621775e-11,-2.7360299264128742e-11,-1.6403306151957772e-11,-2.6892967216585993e-11,-1.4444250693506967e-11,2.8402710172774653e-11,-3.1720744203852086e-12,2.4915452591438656e-11,-2.7047423728424587e-12,-3.157478459315986e-11
31,2,6.61897267639771e-12,-6.453451357490435e-15,2.0317504799341073e-12,4.2352650851437005e-11,2.0261931798065994e-11,7.417215250733858e-11,3.463206220280762e-11,6.625426127755201e-12,4.587222196463603e-12,4.8978076979192204e-11,2.4849153994529596e-11,2.0382039312915985e-12,2.209071905337101e-11,2.4128922984662608e-11,3.181304820454408e-11,1.2053414632024538e-11,3.1819501655901567e-11,1.0021664152090432e-11,-1.975963357251954e-11,4.04280002101055e-12,1.6401880884675736e-11,4.04925347236804e-12,1.4370130404741628e-11,1.2359080863665186e-11,6.477442271809901e-12,-2.0981122788319573e-12,6.483895723167392e-12,-4.129862758766065e-12,-8.575554550641859e-12,-4.2359104302794494e-11,-1.8230181318131886e-11,-4.2352650851437005e-11,-2.0261931798065994e-11,2.4128922984662608e-11
31,3,-2.912110120398812e-12,-1.1351098339833763e-11,1.6045462669801943e-12,1.3683892218793372e-11,5.0000963139832985e-11,2.3931793970764914e-11,8.00431988524498e-11,8.43898821943495e-12,4.5166563873790065e-12,1.8686889971406492e-11,4.548430675245398e-11,1.2955644606813958e-11,6.368485535862635e-11,5.0995351890186724e-11,-1.934856991058971e-11,3.1646781979597014e-11,-7.997471570755946e-12,3.004223571261682e-11,5.0995351890186724e-11,-2.1599000091805305e-11,9.508249323052983e-13,-1.0247901751971542e-11,-6.53721334674896e-13,2.2549825024110604e-11,-6.7896172358996486e-12,2.221699502887126e-11,4.561481103934115e-12,2.0612448761891064e-11,2.9006612264770905e-11,2.332793878959608e-12,-4.839641687285279e-11,1.3683892218793372e-11,-5.0000963139832985e-11,-5.07292107518124e-11
32,0,-3.042533145831329e-12,7.0246170051883505e-12,-3.710093700519555e-12,1.3803257604069225e-11,2.7950130499155367e-11,2.2503995939739465e-11,4.263278227254978e-11,1.006715015101968e-11,6.675605546882262e-13,2.3870407755088904e-11,2.728256994446714e-11,1.0734710705707907e-11,2.670763420325408e-11,3.371176742448019e-11,6.796014408880761e-13,-7.803773311577454e-12,-6.3450155643002744e-12,-4.093679611057899e-12,-8.48337475246553e-12,-1.6761213304818902e-12,-1.8392745473913967e-11,-8.70073833567024e-12,-1.468265177339441e-11,-1.6716624143432076e-11,2.0827874609257574e-11,-1.2883892815222611e-11,1.3803257604069225e-11,-9.173799114703056e-12,-3.371176742448019e-11,8.267113301089641e-12,2.424003679863581e-11,1.2424962959012905e-12,2.7950130499155367e-11,1.597292349754617e-11
32,1,-4.321196502078962e-12,-1.0148990131979281e-11,-3.084728301270335e-11,2.2440025089729112e-11,3.797924099046243e-11,4.4230226220435846e-11,7.461831710631407e-11,5.827793629900319e-12,2.652608651062439e-11,2.761799476060705e-11,6.450532750108682e-11,2.0698292880724068e-11,6.041926608019154e-11,8.11175589609156e-11,-3.1939191262686015e-11,-2.677883067485694e-11,-2.1790201130706734e-11,4.068452337846412e-12,5.160360587829074e-12,-1.8029555453087117e-11,-3.357557047593897e-11,-7.880565321107836e-12,-2.7282874632356185e-12,-1.5546015022851854e-11,-2.918248769893823e-12,5.7917931031482895e-12,7.230741362085458e-12,3.6639076115851645e-11,8.710041873042113e-12,1.2291034957749831e-11,-6.882652400316578e-11,2.2440025089729112e-11,-3.797924099046243e-11,-8.11175589609156e-11
32,2,-4.289914242785305e-12,1.0920284394614413e-11,2.699649428474837e-12,4.713047141405215e-11,2.4261182396545008e-11,8.560566692867134e-11,3.6556255471248734e-11,1.5210198637399718e-11,6.989563671260142e-12,6.234067005145188e-11,3.125074606780515e-11,8.220634966139576e-12,2.6180122439915458e-11,3.108992398364672e-11,7.893407981140107e-12,-9.520912662195843e-12,-3.0268764134743066e-12,-1.222056209067068e-11,-1.7414320643335948e-11,-2.755491112000477e-11,-9.59542364622889e-12,-3.8475195514619184e-11,-1.2295073074703726e-11,1.795948747377588e-11,5.2918849086557515e-12,2.9541021973042335e-12,-5.628399485958662e-12,2.544527688293966e-13,-2.337782711351518e-12,5.8050755808666564e-11,2.6960831825019847e-11,4.713047141405215e-11,2.4261182396545008e-11,-3.108992398364672e-11
32,3,-2.998124393237094e-12,-1.3956437041568785e-11,-1.277083675972476e-11,3.2685583662012414e-11,4.5577368116211824e-11,5.565884523329209e-11,8.173427158461972e-11,1.095831264833169e-11,9.772712366487667e-12,3.393157421961137e-11,5.535008048269949e-11,1.1856002818440252e-12,5.913016503968758e-11,6.03157653215316e-11,-3.692969861284846e-11,2.3386066708683145e-11,-2.2973261571279677e-11,3.6156903468407905e-11,6.03157653215316e-11,-2.5801963867267917e-11,-5.834820487593658e-11,-1.1845526825699133e-11,-4.5577368116211824e-11,-3.254624100866867e-11,1.8729146620443628e-11,-1.4631146865634832e-11,3.2685583662012414e-11,-1.8603101059100716e-12,-3.336029348607846e-11,-1.1823232306602395e-11,-1.490062006010769e-12,2.13320473496639e-12,1.1280774753713991e-11,1.0333170300591626e-11
33,0,2.222192687215148e-12,-1.9285601671574212e-11,7.655551689178137e-12,2.0660134876062834e-11,2.3853306494599253e-11,3.8115188644200636e-11,4.53127170206259e-11,2.150779435878936e-11,5.433359001962989e-12,3.8962848126927165e-11,2.928666549656224e-11,2.6941153360752348e-11,4.211954540208948e-11,6.82495136234894e-11,-3.6740655439712015e-11,3.150885818377739e-11,-1.7455053768137802e-11,2.3853306494599253e-11,6.82495136234894e-11,1.3745332044886217e-12,-1.3803858836848507e-11,2.0660134876062834e-11,-2.1459410526026645e-11,-1.5178392041337128e-11,-2.2032400409263738e-11,1.6072815804689144e-11,-2.7467987376895254e-12,8.417264115511007e-12,3.810521621395288e-11,-1.974388404180973e-11,-3.155608394905482e-12,-4.582823702355161e-13,-1.0811160084083619e-11,1.6588275646904247e-11
33,1,-7.888610057764787e-12,3.1641625292045497e-12,1.0232863140772186e-11,2.1406545478750557e-11,3.535327763470538e-11,3.867548649027726e-11,6.581958737385738e-11,1.1052772586969336e-11,1.812147319853697e-11,3.245931806571989e-11,5.347475083324235e-11,7.068700611567638e-12,4.358754364292969e-11,5.065624425449733e-11,-1.4104778482322154e-11,1.4731843778902217e-11,-1.7268941011526705e-11,4.498980638130031e-12,2.883662226122437e-11,7.2608240702050045e-12,-2.0233446598379818e-11,4.096661541000455e-12,-3.046630973915201e-11,-2.7494270668584824e-11,-5.070103479019758e-12,4.558614077547757e-11,-8.234266008224307e-12,3.535327763470538e-11,5.065624425449733e-11,2.4570708007955106e-11,8.469146070887843e-13,2.1406545478750557e-11,-9.385948533683402e-12,-2.3723793400866322e-11
33,2,1.50743966236135e-12,1.7162417005153627e-11,1.8013520614826037e-11,3.955871678426178e-11,1.3091689439597675e-11,6.005958845381802e-11,2.606146252004349e-11,1.5654977342792276e-11,1.6506080952464686e-11,3.6155849012348516e-11,2.959777039206236e-11,8.51103609672409e-13,4.2040059737707135e-11,4.2891163347379545e-11,-2.239629977910815e-11,2.0494863568271395e-11,-3.955871678426178e-11,2.481342953445358e-12,4.2891163347379545e-11,2.582815699780159e-11,5.0437475343802204e-12,8.665739992647961e-12,-1.2969773080445817e-11,-2.078440946342137e-11,3.766328867470987e-11,3.110521005442371e-11,2.050087166955624e-11,1.3091689439597675e-11,-6.558078620286156e-12,2.7554522127211202e-11,1.541026130222882e-11,1.0392105122057575e-11,-2.603259312597218e-12,-1.2144260824982383e-11
33,3,-5.697102320800323e-13,5.670298131968998e-12,1.6631864711528725e-13,2.3731932532897864e-11,4.698997755753836e-11,4.249744931856084e-11,8.777316888752839e-11,6.24000836404903e-12,7.360288791953195e-13,2.9971940896946896e-11,4.625394867834304e-11,5.503979484853709e-12,7.072191009043622e-11,7.622588957528993e-11,-5.550790588849747e-12,4.094950997710532e-11,-1.1221088720818746e-11,4.078319132999003e-11,4.650030056595507e-11,2.940223066486686e-11,-4.682365891042307e-11,2.3731932532897864e-11,-4.698997755753836e-11,-7.622588957528993e-11,1.1924971105552857e-11,1.6742077554046116e-11,6.2546729735838585e-12,1.657575890693083e-11,4.817106448493259e-12,-1.3095218653693978e-11,-1.0202654032267215e-11,-1.8765516785662976e-11,-1.0368972679382503e-11,2.892564621426763e-12
34,0,1.243476162588571e-11,1.666077918559672e-11,8.522920397283519e-12,2.668578051313198e-11,7.171960102210912e-11,3.6971162607421246e-11,1.175023967395157e-10,4.2260175597110095e-12,3.9118412286021905e-12,3.091179807284299e-11,6.780775979350693e-11,8.1378587883132e-12,7.874521121203973e-11,8.060643501885175e-11,4.33465596987287e-11,-3.7259875320123054e-11,2.668578051313198e-11,-4.578279571740657e-11,-8.060643501885175e-11,6.375397091307454e-12,2.3586819007138606e-12,-1.0285382094289265e-11,-6.164238496569658e-12,-4.016715190593594e-12,9.635168995666121e-12,8.024252141939264e-11,-7.025610189930598e-12,7.171960102210912e-11,7.060735242372652e-11,7.285990956684604e-12,-1.1249646410849378e-11,-9.374788228912115e-12,-1.9772566808132897e-11,-1.8535637367533982e-11
34,1,9.331959885424026e-12,7.48259255894847e-12,-1.1489895863002837e-11,1.8434970533808682e-11,2.9785267584235556e-11,3.532108328472929e-11,5.195559564719883e-11,1.8493673264755556e-12,2.0821855748426863e-11,1.8735480077396162e-11,4.2992183811390147e-11,1.8972488421951304e-11,2.8998683020136816e-11,4.797117144208812e-11,2.5917563092757153e-11,-2.2053608349330967e-11,1.8434970533808682e-11,-1.056371248632813e-11,-4.797117144208812e-11,1.5443393974363035e-11,1.8295371721232716e-11,7.960801415414564e-12,2.9785267584235556e-11,2.8519777468696816e-12,-2.0270666393541757e-12,-8.54112289794698e-12,-9.509659198302646e-12,2.9487729650558563e-12,-6.514056258592805e-12,-9.403520191972135e-12,-3.366022392596612e-11,-1.6886112750920606e-11,-2.217032806296328e-11,-2.425670373399398e-11
34,2,7.514747120577346e-12,-2.3873150049565845e-12,1.8124403571660922e-11,3.144679845557844e-11,4.929065038715529e-11,5.493114273637111e-11,6.878999321557173e-11,9.90206212553393e-12,1.0609656451083576e-11,4.134886058111237e-11,3.8680993936071716e-11,2.051171857661751e-11,1.7843851931576855e-11,3.224915061800107e-11,5.374595782076282e-12,3.7623746400077354e-11,7.761910787032867e-12,1.9499342828416432e-11,3.224915061800107e-11,-2.186771617203675e-12,2.92788154881989e-11,2.0054338775290947e-13,1.1154411916537976e-11,3.146558710540257e-11,-3.3834113460535026e-11,-3.116624681549437e-11,-3.144679845557844e-11,-4.929065038715529e-11,2.667866645040655e-12,2.109702927583608e-11,3.676129921386182e-11,2.3484344280792666e-11,1.8636895642200898e-11,1.566426993802574e-11
34,3,4.2723370580391025e-13,-1.5590568807215474e-11,9.657387666279047e-13,5.4024162296178904e-11,3.1051451693572574e-11,9.37077327913862e-11,5.146852133305934e-11,1.6017802513019385e-11,5.385050608239944e-13,5.570137300822667e-11,3.051294663274858e-11,1.655630757384338e-11,6.010064013469404e-11,7.665694770853742e-11,-5.4758406359752284e-12,-3.008571292694467e-11,1.0114728171240245e-11,-3.1051451693572574e-11,-2.4609872290969443e-11,3.843359348896343e-11,9.407514400211546e-12,5.4024162296178904e-11,8.441775633583642e-12,-2.9026079088751885e-11,-4.004588877942734e-11,3.1583451871300744e-12,-2.4455319972211864e-11,2.1926064205021697e-12,4.3204233966557416e-11,-5.527413930242276e-11,2.1382808406114668e-11,-3.968357049520729e-11,2.0417069639486763e-11,7.665694770853742e-11
35,0,4.255266577665694e-13,-1.815667354690966e-11,3.9568491982519965e-12,6.438451264525574e-11,3.896544501756183e-11,1.1005395483344696e-10,6.582232878682388e-11,1.858220020467623e-11,3.531322540485427e-12,8.296671284993197e-11,4.249676755804726e-11,2.2113522745161657e-11,1.0334995766281757e-10,1.2546348040797922e-10,2.7512768641281566e-11,-2.290003457101006e-11,4.5669442188191225e-11,-2.6856883769262055e-11,-5.0412803212291626e-11,-8.25411861921654e-11,4.2922294215813824e-11,-6.438451264525574e-11,3.896544501756183e-11,1.2546348040797922e-10,2.139166111849322e-12,-5.276419356140956e-12,2.029583965875898e-11,-9.233268554392953e-12,-7.415585467990278e-12,-1.9737442748604126e-11,1.0815565043451778e-12,-1.5807692016944672e-12,-2.8752926939068187e-12,2.0818999252949304e-11
35,1,1.2717765981156159e-11,3.182832691548333e-11,-3.694239857845418e-11,3.140067179526653e-11,3.411336020677007e-11,5.925969721118409e-11,6.302019654166725e-11,1.911056093432717e-11,4.966016455961034e-11,5.0511232729593704e-11,7.856700089450752e-11,6.87707254939375e-11,6.197238562268763e-11,1.2347486260496673e-10,6.322899871074986e-11,-6.024586389421688e-11,3.140067179526653e-11,-2.3303465315762696e-11,-1.2347486260496673e-10,3.8337141873804665e-11,-1.8845457134564375e-11,6.508814958321335e-12,1.8096941443889805e-11,-5.7182599008369036e-11,3.96930149956577e-12,-2.8290383716841073e-12,-2.785902541591756e-11,3.411336020677007e-11,-6.798339871249877e-12,2.1777865577813023e-11,-6.584923491335136e-11,-1.0050461337670307e-11,-2.890683633489718e-11,-8.762710049116438e-11
35,2,1.0000764573062965e-11,2.8331777991157746e-11,1.2472340621037048e-11,4.0117660911147516e-11,5.150837746295577e-11,5.951013374836604e-11,1.0164195182482885e-10,1.8331013418094782e-11,2.4715760479740836e-12,5.84486743292423e-11,5.3979953510929854e-11,1.5859437370120697e-11,6.210531346473826e-11,4.660053889477525e-11,6.844943890230526e-11,4.588571833147082e-11,4.0117660911147516e-11,3.341337771043377e-11,-2.2563720570834445e-11,1.820352591901124e-11,-2.2315840190479413e-11,-1.0128252072146506e-11,-3.478818081151646e-11,-4.0519366109490655e-11,1.773484198937526e-11,6.398071808399282e-11,-1.0596936001782487e-11,5.150837746295577e-11,4.6245876094617564e-11,8.939305153939223e-12,-3.766123374083603e-11,-1.9392472837218523e-11,-5.013357436187308e-11,-4.660053889477525e-11
35,3,8.193662024975126e-12,2.3615427864431937e-11,-3.233327873030969e-11,5.056957815400128e-11,3.015138274228563e-11,8.73965175071014e-11,4.280715573195513e-11,1.542176583945681e-11,4.052694075528482e-11,5.224870519255693e-11,5.318271374495432e-11,5.594870659474163e-11,4.6843127694559235e-11,1.0279183428930086e-10,5.4091459322117934e-11,-2.1818959880240613e-12,3.0476031457686e-11,3.015138274228563e-11,-5.6273355310141995e-11,6.8820352076471055e-12,-3.9812700141466694e-11,-1.673339265678483e-11,-7.479421411157004e-12,-4.6694735349113796e-11,-2.6954150289569346e-11,-4.4989051719979194e-11,-5.056957815400128e-11,-1.2655772989669504e-11,-1.8034901430409848e-11,6.044236721753205e-11,-4.2349467071768804e-11,3.6826939353100114e-11,-1.0016188341459114e-11,-1.0279183428930086e-10
36,0,1.781621800912555e-11,-1.594634628128552e-11,1.1808515072813321e-11,7.217190381775019e-11,6.301174051695352e-11,1.0693140603030459e-10,9.731315219478137e-11,3.376256429041107e-11,6.00770293631223e-12,1.0593446810816127e-10,6.901944345326575e-11,2.7754861354098846e-11,9.16016330079667e-12,3.6915024654895516e-11,1.8813155931268872e-11,4.610992675064118e-11,3.475950221255439e-11,3.430141167782786e-11,2.729677081937231e-11,-8.811825009903571e-11,-5.1203225444140195e-11,-7.217190381775019e-11,-6.301174051695352e-11,3.6915024654895516e-11,-4.161140127992891e-12,1.719508494050488e-11,1.178520615329263e-11,5.386569867691557e-12,2.135622506849777e-11,9.680849170617638e-12,3.5132274044247416e-11,2.562719545190316e-11,2.3323758971434095e-11,2.5451424873629778e-11
36,1,-1.600877671956904e-11,-5.410529299473075e-11,-4.1320037840663354e-11,3.702319327987919e-11,1.4991564592392132e-11,6.858134205939588e-11,2.2782522417987753e-11,3.8096516275161703e-11,2.5311261121094313e-11,6.965466505467841e-11,4.030282571348645e-11,1.2785255154067392e-11,5.201475787227132e-11,4.985993938772141e-11,-8.566344177424745e-11,-3.5803502386526036e-11,-3.15581487795167e-11,5.5165354541373175e-12,4.985993938772141e-11,-3.182886540508844e-11,-3.963596652800416e-11,2.2276427589642308e-11,1.6840713126591936e-12,-7.807101122915721e-12,-8.184676508473555e-11,-3.352908001506773e-11,-2.77414720900048e-11,7.790957825595621e-12,4.8317685069667816e-11,-1.7082099714851557e-11,-5.6311602433055486e-11,3.702319327987919e-11,-1.4991564592392132e-11,-3.922950271820393e-11
36,2,-1.3693072575957795e-11,-3.351835545683173e-11,-1.5676564615446763e-11,6.981822047248383e-11,2.946053597656898e-11,1.0819279990232068e-10,4.398679002940178e-11,1.9825282880873938e-11,1.983492039488968e-12,8.964350335335777e-11,3.144402801605795e-11,1.7841790841384977e-11,7.835734411561058e-11,9.619913495699555e-11,4.856223973005114e-12,-9.281406334837342e-12,3.837457942983685e-11,6.395158280609421e-12,-1.4137630307842455e-11,-2.5387927551869793e-11,-4.513710059201574e-11,8.13042790496194e-12,-2.946053597656898e-11,-1.9749173040145948e-11,-1.0205142319146708e-11,-1.1503105626139563e-12,2.3313213137685025e-11,1.4526254052832807e-11,9.054831756532752e-12,-1.0333657592931556e-10,-7.13744097232001e-12,-6.981822047248383e-11,8.539123643126753e-12,9.619913495699555e-11
36,3,-2.2643743674640935e-11,-5.129389008841144e-12,-7.405345843445728e-12,3.396385742979262e-11,7.223707351533782e-11,5.1845771090627745e-11,1.3376401003516923e-10,1.751435466579979e-11,1.5238397831195207e-11,5.1478212095592405e-11,7.676533435102662e-11,2.2759568346045852e-12,5.843727639226128e-11,6.071323322686587e-11,-2.3011302669676275e-11,5.836335359211513e-12,-1.788191366083513e-11,1.324168120265724e-11,2.8847638028887786e-11,-1.892918613191768e-11,-7.964241935878354e-11,-1.3799797123076535e-11,-7.223707351533782e-11,-6.071323322686587e-11,-7.411535654722093e-12,-9.936890050596567e-12,-2.2821466458809483e-12,-2.5315442071508386e-12,-2.525354395874474e-12,2.883446842095147e-11,5.412159067638568e-11,3.396385742979262e-11,6.15269365198314e-11,2.528712225543421e-11
37,0,-3.983933065476504e-11,-7.74282614802187e-11,-2.785767733211528e-11,6.663623004061538e-11,7.561284352044979e-11,1.2002186185995059e-10,1.2345876470465535e-10,3.7588930825453665e-11,1.1981653322649761e-11,9.097456264478888e-11,8.759449684309956e-11,4.9570584148103436e-11,1.1448215122482095e-10,1.5944185261774397e-10,-5.642043475230813e-11,-7.361693575419169e-11,2.1007826727910576e-11,-4.575925842207641e-11,-1.719650100188356e-11,-1.1168668642940944e-10,4.775516618833452e-11,-3.4258424949190736e-11,7.561284352044979e-11,1.5944185261774397e-10,-1.3081389329955392e-10,-9.8653412462831e-12,-5.338563181933522e-11,1.7992336085832178e-11,1.2094855205327082e-10,-1.0792031439603326e-11,-7.570359851632084e-11,6.663623004061538e-11,-4.784592118420556e-11,-6.491156707671752e-11
37,1,-3.583606645235638e-11,-1.7594979919265576e-11,-2.1755997256378524e-11,3.123072353650534e-11,5.6896536602915246e-11,5.311003113276832e-11,9.976691752717428e-11,1.82410865330908e-11,1.4080069195977853e-11,4.012039412935378e-11,7.09766057988931e-11,4.16101733711295e-12,3.5017229006652266e-11,3.139788773757986e-11,-4.8825703455770917e-11,-6.462637818063756e-11,-3.123072353650534e-11,-4.2870380924259036e-11,-1.5800674724866644e-11,4.284327676997405e-12,3.514053934653672e-11,2.187930759626298e-11,5.6896536602915246e-11,3.085621166953932e-11,-1.94631055037865e-11,-1.9764824059331117e-11,-1.8681255845209235e-12,1.9911731970474076e-12,-3.017185555446175e-13,-6.375438394502286e-12,-3.777332613208214e-11,1.121954152476329e-11,-1.6017328875703617e-11,-3.139788773757986e-11
37,2,-3.44927204373024e-11,-2.5098448230414816e-11,-1.805516342213476e-11,7.256172570346948e-11,1.092693016581537e-10,1.2308005292213889e-10,1.5409859796322644e-10,9.394272206887587e-12,1.6437557015167645e-11,6.316745349658189e-11,1.2570685867332135e-10,7.0432848082800636e-12,1.818310273616232e-10,1.8887431216990326e-10,-4.97804124697376e-11,-6.28844597272075e-11,-2.4681964239322785e-11,-4.482929630507274e-11,-1.31040472574699e-11,-9.766017393388429e-11,9.121413823601895e-11,-7.256172570346948e-11,1.092693016581537e-10,1.8887431216990326e-10,2.5419878988254587e-11,-5.85405192055571e-11,5.05183272186694e-11,-4.0485355783422346e-11,-8.39603981938117e-11,2.1626914493708037e-11,-4.200981299179338e-11,4.672536272412285e-11,-2.3954649569658622e-11,-6.363672748550141e-11
37,3,-3.767256134360338e-11,-7.752131527670537e-11,-1.7510595993632824e-11,5.3873914946189325e-11,4.9743201658754226e-11,1.0418946828544258e-10,9.301853820694542e-11,3.984875393310199e-11,2.0161965349970554e-11,9.016430727235524e-11,6.343730189816175e-11,6.001071928307254e-11,1.0361711660494355e-10,1.5360160917051699e-10,-2.3647400330516042e-11,-6.725379765238705e-11,5.3873914946189325e-11,-4.9743201658754226e-11,-4.360639732187101e-11,-6.575433791250621e-11,1.754059354709939e-11,1.1766977364199153e-11,3.505118954073221e-11,8.32949314596056e-11,-1.2783686861595862e-10,2.576474055455837e-11,-5.031555333925325e-11,4.327533654819119e-11,1.5360160917051699e-10,-9.284665424784061e-11,-4.6093920423802e-11,-1.532533897113524e-11,-2.8583324430169176e-11,4.6752733824038607e-11
38,0,-1.9118507100378628e-11,-2.2285154336613637e-11,-6.522070569223547e-11,5.4155530794919943e-11,6.16691888926311e-11,9.777873424036343e-11,1.0550524683135344e-10,3.166647236235009e-12,4.6102198591856843e-11,5.732217803115495e-11,1.0777138748448794e-10,4.293555135562185e-11,2.901299598526325e-11,7.19485473408851e-11,2.1338049108829848e-11,-5.061049823205525e-11,4.362320344544349e-11,1.4610207460180225e-11,-7.19485473408851e-11,1.0442863059834106e-11,-2.1384647753513124e-11,3.272801739644774e-11,4.383605793872235e-11,-3.182751081334723e-11,-4.448084438358492e-11,-6.199778219850699e-11,-2.219569004697128e-11,3.222923493728485e-12,-1.751693781492207e-11,-7.644068513153358e-11,-1.2688989458486657e-10,-5.4155530794919943e-11,-6.16691888926311e-11,-5.0449209453332994e-11
38,1,-1.836301886273136e-11,-2.284937765620211e-11,1.2031586259565582e-11,8.407525958629952e-11,7.728991302215338e-11,1.6420697903341563e-10,1.228416994132727e-10,4.48635879347075e-12,3.039460512229694e-11,8.461807824058685e-11,7.594639151341628e-11,3.4880963915767695e-11,8.504342322641068e-11,1.1992438714217838e-10,6.122588193009741e-11,3.885800911130503e-11,8.407525958629952e-11,2.6826422851739452e-11,-2.2367872818792383e-11,-5.7239762672164296e-11,-6.525832676258779e-11,-3.439038501596219e-11,-7.728991302215338e-11,-8.018564090423494e-12,-1.0298109710331822e-10,1.6943290038860164e-11,-8.013171944711611e-11,4.911703779294582e-12,1.1992438714217838e-10,7.597467220576654e-12,5.758337265068492e-11,3.0446844876778765e-11,4.555178639111934e-11,4.998590543010827e-11
38,2,-5.302264532747717e-12,-2.3753664114353116e-11,-3.935342121478358e-11,4.575684610721442e-11,1.0318344098906029e-10,6.76492122747347e-11,1.5713005790605151e-10,1.8451399581605398e-11,3.405115668203587e-11,6.420824568881982e-11,8.799777359902708e-11,1.559975710043046e-11,8.338099658637211e-11,8.977614222093437e-11,-1.8612979468328306e-12,-9.16374401677672e-11,2.1892366167520285e-11,-5.2284018952983616e-11,-8.977614222093437e-11,-3.95121971166492e-12,6.383001977427672e-11,1.9802444402688196e-11,1.0318344098906029e-10,6.778123948594164e-11,-1.969162857734718e-11,-9.33000381317748e-11,4.062035537005937e-12,-5.3946616916991214e-11,-7.360840955442761e-11,-6.951051022156754e-11,-3.6306226333869044e-11,-4.575684610721442e-11,3.0471948809145373e-12,3.3204283887698493e-11
38,3,-2.1132321279179112e-11,-1.5659751145829928e-11,6.094436392438252e-11,4.6683160903288443e-11,1.4147006813489154e-10,8.085240908083408e-11,2.637953766921078e-10,5.472570133349184e-12,8.207668520356163e-11,5.215573103663763e-11,2.2354675333845317e-10,7.660411507021244e-11,1.690084694605047e-10,2.0861783947285232e-10,3.102340975745851e-11,-6.138094463283374e-11,4.6683160903288443e-11,-1.2232530855721625e-10,-9.240435439029225e-11,-3.76300076038244e-11,5.522540001725577e-11,-2.1970256457994472e-11,-5.718963907126749e-12,9.285540762108017e-11,-4.9828999323375567e-11,4.751856825383396e-11,-3.4169248177545635e-11,-1.3425795670548556e-11,9.734756757720953e-11,-6.203407413578261e-12,2.0241443205927406e-10,9.456343732251667e-12,1.4147006813489154e-10,2.0861783947285232e-10
39,0,2.732812376948655e-11,-6.199168503878674e-11,-6.026191618383203e-11,1.199646597181938e-10,7.339242094077497e-11,2.0033642575476597e-10,1.2841772935938569e-10,8.931980880827329e-11,8.759003995331858e-11,1.6969157484484547e-10,1.426153483719293e-10,1.7297688549547254e-12,1.7498996813680452e-10,1.732601992818498e-10,-9.645074662121412e-11,-8.788374969663246e-11,-3.445906158242738e-11,-2.7621833512800432e-11,8.56699692458166e-12,5.797297467940706e-11,-1.1528722460244275e-10,1.199646597181938e-10,-5.502530841861072e-11,-1.732601992818498e-10,-1.4236345107535892e-10,-5.100719519319579e-11,-8.037176603657218e-11,9.254720990636236e-12,9.135625588216313e-11,-6.712551713798099e-11,1.313050475694294e-11,-5.133832099194247e-12,7.339242094077497e-11,8.025602189492393e-11
39,1,-2.4803492716649095e-11,2.1352977894846263e-12,1.891521763208601e-11,5.1696688812369744e-11,9.442245191030024e-11,8.374139473012072e-11,1.8428149945307226e-10,2.693879050613372e-11,4.3718710348735104e-11,7.863547931850347e-11,1.3814116225903534e-10,1.6779919842601386e-11,1.0093429900213308e-10,1.1771421884473446e-10,-2.9909408128266346e-11,-7.094382991068602e-11,-3.204470591775097e-11,-8.985904754277202e-11,-4.103442178241967e-11,-4.376549302348214e-12,1.1333766954238624e-10,-6.511847091832841e-12,9.442245191030024e-11,1.1771421884473446e-10,5.383198660185437e-11,4.9771566395205835e-11,5.1696688812369744e-11,3.0856348763119826e-11,-4.0604202066485356e-12,-1.1004838013301305e-11,-1.6504535498562023e-11,-1.3140135802785932e-11,-3.541975313064803e-11,-5.499697485260718e-12
39,2,-2.085909454157555e-12,-4.819269071990499e-12,-1.5243497202113837e-11,8.341358659444894e-11,3.956378338734575e-11,1.129390420128021e-10,5.3219482539082726e-11,2.7333596178329434e-12,1.3157587747956282e-11,8.614694621228188e-11,2.6813286899693268e-11,1.0424228130123342e-11,1.2297736998179468e-10,1.1255314185167135e-10,2.033694600606472e-11,-2.8125760283305197e-11,2.5156215078055218e-11,-1.288226308119136e-11,-4.8462706289369916e-11,2.470618634636265e-11,-2.8269318356531246e-11,2.952545541835315e-11,-1.3025821154417408e-11,-5.297550470289389e-11,-8.823285566643944e-11,2.432028618523191e-11,-8.341358659444894e-11,3.956378338734575e-11,1.1255314185167135e-10,2.3912647026050077e-11,-2.889919635385082e-11,2.8731916098040576e-11,-1.3655699151736984e-11,-5.28118433799009e-11
39,3,-2.7597754950681288e-11,-3.987083610559168e-11,-2.1147407502579975e-11,6.993448155028925e-11,1.5969579241275225e-10,1.362681199432644e-10,2.5307005720498865e-10,1.227308115491039e-11,6.450347448101313e-12,8.220756270519964e-11,1.5324544496465094e-10,1.872342860301171e-11,1.2969442725264908e-10,1.484178558556608e-10,2.6462802287383457e-11,-6.5437025782388e-12,6.633363839297514e-11,1.4603704924341175e-11,-3.300650486562226e-11,-7.619099856600437e-11,7.222685728965641e-11,-3.63201624604127e-11,9.337426479223638e-11,1.484178558556608e-10,-1.0980531765588093e-10,-1.8084319991533223e-10,-6.993448155028925e-11,-1.5969579241275225e-10,-7.10378822594513e-11,5.016951213513388e-14,3.057041519359471e-11,3.992100561772681e-11,5.171782269617469e-11,3.052024568145958e-11
40,0,-7.135427992352729e-11,-4.393293400253987e-11,3.155226651120484e-11,3.118368797568713e-11,5.714302293820572e-11,5.625589541985788e-11,7.864612662062092e-11,2.742134592098742e-11,1.0290654643473213e-10,5.249355336515817e-11,1.6004956937293785e-10,7.54852005137447e-11,3.2070815494034976e-11,1.0755601600777967e-10,-1.8860726558369117e-11,8.869528944941056e-11,2.507220744417075e-11,5.714302293820572e-11,1.0755601600777967e-10,-3.362425875347866e-11,1.274216270815174e-11,1.0308675249061212e-11,-1.8810103803053104e-11,4.6366421461630396e-11,-4.8130128720084694e-11,1.0049162828789648e-11,-4.197194717544826e-12,-2.1503103682415195e-11,5.817929154887434e-11,-7.5116621978227e-11,1.472245105846742e-11,-3.118368797568713e-11,-1.6829815452737422e-11,8.983907303669443e-11
40,1,-3.355286118794675e-11,6.178245460644635e-11,-2.129275654078862e-11,1.874025393374515e-10,6.397838387841527e-11,3.1861093518568284e-10,1.0313103444594337e-10,9.53353157943931e-11,1.226010464715813e-11,2.827378551318446e-10,7.62384885255734e-11,8.307521114723496e-11,2.123184532106209e-10,2.9539366435785585e-10,1.293780914421802e-10,4.268562733762665e-11,6.759563683573383e-11,6.397838387841527e-11,-8.669246410455354e-11,-6.942594124178497e-11,-6.044540710831672e-11,-1.3120839584823131e-10,-3.9152650567528095e-11,8.980534133468257e-12,-6.200732571850768e-11,-2.1202575978506412e-11,-1.2378978032495402e-10,9.018056228220941e-14,4.080474974000127e-11,2.4918499394389786e-10,-4.6208670413958016e-11,1.874025393374515e-10,-2.4915913873169395e-11,-2.9539366435785585e-10
40,2,-7.515506645199324e-11,-3.860550466820129e-11,-8.142551029962935e-11,1.6032826822810877e-10,1.7474180906246996e-10,2.6935828678453474e-10,2.411471711958404e-10,3.6549561783791943e-11,6.270443847636116e-12,1.4557958034021796e-10,1.8101225291010607e-10,4.282000563142806e-11,2.243900761994969e-10,1.8157007056806885e-10,7.042451388822471e-11,-3.7150871341917976e-11,1.09030018556426e-10,4.4274638957711375e-11,-1.0757538523014268e-10,-8.625163362174695e-11,-2.561673193620993e-10,-4.764612895354566e-11,-1.7474180906246996e-10,-1.6991568574035237e-10,-1.9893377289631005e-10,-1.7363702328241213e-11,-1.6032826822810877e-10,6.406180797138814e-11,1.8157007056806885e-10,6.03388739570271e-11,-1.5020148166258907e-11,9.89443786252284e-11,6.640536213337044e-11,-7.535902212328601e-11
40,3,-4.367438757347328e-11,-1.754977401608585e-11,-9.761262367449775e-11,9.711089465938701e-11,1.0497063539202315e-10,1.66774885659348e-10,1.5857909940431364e-10,2.6124613557387432e-11,5.3938236101024466e-11,1.2323550821677444e-10,1.0754670011331497e-10,8.00628496584119e-11,5.623480953422069e-11,1.362976591926326e-10,-8.721376501604684e-11,-1.1334117480589905e-10,-6.966399099996099e-11,-1.5728551131401302e-11,-2.6127409789852215e-11,-1.4923428494155662e-11,-1.5122108768678825e-10,2.6263455219301884e-12,-5.3608464012290497e-11,-1.362976591926326e-10,-4.762302319744208e-11,-1.332462439228291e-10,-3.007324918135623e-11,-3.563362024833135e-11,-8.562322072538702e-11,7.956112064330116e-11,7.358011717525398e-12,9.711089465938701e-11,1.0497063539202315e-10,-7.220310892577576e-11
41,0,-6.509161083210676e-11,-5.55099509481959e-11,-8.881402689240321e-11,2.3492802167117285e-10,9.792047346929069e-11,4.238728668014132e-10,1.9418005867260073e-10,9.581659883910858e-12,2.3722416060296447e-11,2.445096815550837e-10,1.2164288952958715e-10,3.3304075944207306e-11,1.5815294466579402e-10,1.7197251241207013e-10,-1.411244866607237e-10,-1.6275617939137005e-11,-8.561453571252779e-11,7.25384089532662e-11,1.248488687215867e-10,-1.5878591776600672e-11,-1.5969154757968878e-10,3.963135917159523e-11,-7.087752068728557e-11,-1.4381295580308812e-10,-2.4445479607843623e-10,-1.867345003616939e-10,-1.8894484513024033e-10,-9.792047346929069e-11,5.772029571674234e-11,1.7941807072297697e-10,7.44555831090685e-12,2.3492802167117285e-10,9.625958520331006e-11,-1.7197251241207013e-10
41,1,-6.846934538140636e-11,-3.1028092896731954e-11,-1.4040891596960448e-10,2.2522680657546719e-10,1.6890735193105655e-10,3.9698381038457056e-10,2.6070207342438604e-10,3.744125248467441e-11,7.193957058819811e-11,2.0919825629377778e-10,1.637342920815276e-10,1.0938082307287252e-10,2.6185339220043266e-10,3.712342152733052e-10,-2.5625489947219914e-10,-2.3220363746293397e-10,-2.2522680657546719e-10,-9.179472149332949e-11,2.4051262009265174e-11,5.894657169731853e-11,-1.2742515801600223e-10,8.997466459405049e-11,1.2983757953602252e-11,-1.8637172971332076e-10,-6.753295472441866e-11,2.8498435961452072e-11,-3.65048618276867e-11,1.6890735193105655e-10,9.603139068587073e-11,1.4072891091237142e-10,-2.305053043609338e-10,1.7175700380910337e-10,-9.009638839132931e-11,-3.712342152733052e-10
41,2,-5.5591737309048345e-11,2.2933865805802447e-11,-9.946284657984605e-11,1.52562347254275e-10,1.7598827376130864e-10,2.2358665197126597e-10,2.947469597993288e-10,7.852560311485078e-11,4.3871109270797704e-11,1.495499078318418e-10,1.6262979530881788e-10,1.2239671238564848e-10,3.285506210155836e-10,3.121797031406597e-10,4.316758478224516e-11,-1.6411990368217836e-10,2.0233718976442716e-11,-6.465705710233231e-11,-2.0728748846442351e-10,-1.2962848144847253e-10,7.652542718146259e-11,-1.52562347254275e-10,1.7598827376130864e-10,2.0615390862993512e-10,8.423818936664372e-11,-9.203537720080219e-11,6.130432356084127e-11,7.427469379043858e-12,-1.762735665674459e-10,9.395817052279344e-11,-2.1822153261786623e-10,7.1024304716991e-11,-1.1875868603802018e-10,-3.121797031406597e-10
41,3,-3.928158151422023e-11,-2.400869533862226e-11,-2.9553385429684255e-11,1.491376293696665e-10,2.6673277162831533e-10,2.067627842536252e-10,4.1646095859038023e-10,1.5272886175597967e-11,9.728196084535972e-12,1.6441051554526448e-10,2.5700457554377933e-10,5.5446900910619976e-12,2.091076167443566e-10,2.146523068354186e-10,-6.92260367515946e-11,5.917400144313734e-11,-4.5217341412972334e-11,8.87273868728216e-11,1.2840003819473194e-10,1.2512893403104425e-10,1.2017480153238066e-10,1.491376293696665e-10,1.497281869620649e-10,-4.954132498663584e-12,-8.163385022258096e-11,-2.9628615705799957e-10,-5.7625154883958697e-11,-2.6673277162831533e-10,-2.146523068354186e-10,-7.030382841135774e-11,-1.2761876362554723e-12,-4.629513307273548e-11,2.8277197793428783e-11,6.902764077510227e-11
42,0,-6.943749618267587e-11,-3.766650613029702e-11,-6.700922960636738e-11,1.5536461293291163e-10,4.627099564941399e-11,2.2566279806453286e-10,8.906682195781722e-11,3.177099005237885e-11,2.4282665763084868e-12,1.235936228805328e-10,4.869926222572248e-11,2.934272347607036e-11,1.6896035012468733e-10,1.3961762664861697e-10,-1.9303111906320866e-10,-5.3413492414591685e-11,-1.5536461293291163e-10,1.3595737191775697e-11,1.3961762664861697e-10,-5.878113456056227e-12,-2.073823395695339e-11,3.1788392674240795e-11,4.627099564941399e-11,-1.4860120500897164e-11,3.26316790013242e-11,-8.408013613915384e-11,7.029818513162122e-11,-1.7070906532786456e-11,-1.1671181514047804e-10,1.5611528996752607e-11,-1.0980505591477061e-10,5.327803512704963e-11,-4.279582630840323e-11,-1.2541658491152322e-10
42,1,-8.326831849285181e-11,-2.8456170802718565e-11,-1.069974603915413e-10,1.1635410886451249e-10,3.844826300079127e-11,1.9399909287944793e-10,5.827826647835329e-11,5.4812147690133246e-11,2.372914189868949e-11,1.324571317050687e-10,4.355914537625151e-11,7.854128958882274e-11,1.5480237186530374e-10,1.684767892038235e-10,3.1859183177619233e-11,-1.1332520431470523e-10,6.03153539803378e-11,-6.327743923163925e-12,-1.4518438749232445e-10,4.9188813212216876e-11,-1.1928797599160663e-10,7.764498401493544e-11,-1.2290515600065325e-11,-1.684767892038235e-10,-1.4481027966723105e-10,-6.854919739075003e-11,-1.1635410886451249e-10,3.844826300079127e-11,7.626108227648102e-11,-5.006239993347932e-11,-1.2682746386910332e-10,-2.1606229130760754e-11,-1.9830003477562018e-11,-7.6765063935624e-11
42,2,-3.8969381371082445e-11,6.26072942100921e-11,2.3520028385759136e-11,1.1765467972846474e-10,1.5727736162485779e-10,1.9933065043843982e-10,3.066060451477593e-10,1.0157667558117454e-10,6.248940975684158e-11,2.1923135530963928e-10,2.1976677138169938e-10,3.908726582433296e-11,2.669833632513663e-10,3.0607062907569926e-10,-1.9068676499882993e-11,1.8079739001061693e-10,-8.167597070997509e-11,1.5727736162485779e-10,1.9986606651049994e-10,5.875232811899273e-11,7.249372999528629e-11,-3.854966091099368e-12,4.897370160952716e-11,1.3741401876293567e-11,1.8026197393855684e-10,-1.258086551371424e-10,1.1765467972846474e-10,-1.4932868352290154e-10,-3.0607062907569926e-10,3.048355128270181e-11,-3.3402351325724276e-11,-3.2123742927390283e-11,-5.692237971148341e-11,-6.388590260842608e-11
42,3,-6.451770330293485e-11,8.978909817285246e-11,1.3121566271960256e-11,2.290610787133925e-10,1.1961243625514192e-10,4.085654041988485e-10,2.189618446033724e-10,1.5430680147578732e-10,7.763926957489511e-11,3.338111269612433e-10,1.9725170583003703e-10,7.666753190089218e-11,2.2313895392193697e-10,2.705127605018041e-10,-1.3927198054054005e-10,7.199441480504748e-12,-2.290610787133925e-10,-5.922124791455508e-12,1.4647142202104479e-10,2.1631611438506992e-10,1.3273400252710217e-10,1.2652701621221746e-10,1.1961243625514192e-10,-8.358211185796775e-11,2.6929342365830846e-10,-1.2193368434956754e-12,1.79504325485456e-10,-1.4340903115455931e-11,-2.705127605018041e-10,1.2818835188571453e-11,-8.622784207627022e-11,-7.6970262984281e-11,-9.934940834823047e-11,-9.904667726484167e-11
43,0,4.211462128833766e-11,1.6099980079822733e-10,1.6400320237569545e-11,2.7169321921147136e-10,2.0578521434854236e-10,4.716530756965601e-10,3.545381973566477e-10,1.1888517950988967e-10,2.5714301050768112e-11,3.188450359949784e-10,2.3149951539931047e-10,1.4459948056065778e-10,3.314659744745413e-10,4.760654550351991e-10,3.6095965728331604e-10,5.863508818210204e-11,1.9995985648508872e-10,4.223476794453249e-11,-3.02324569101214e-10,1.0705240339861092e-10,1.651533032456749e-10,-5.3947397399616403e-11,1.4875298300810536e-10,5.8100899847063986e-11,2.8668056092422637e-10,-1.893848941109728e-10,1.2568076012599904e-10,-2.0578521434854236e-10,-4.760654550351991e-10,-1.1069341841324403e-10,3.1197783633474054e-11,-2.7169321921147136e-10,1.479746339590451e-11,1.418912020467181e-10
43,1,3.6064731371135963e-12,1.5088762324570802e-11,-6.755704488433057e-11,6.535668228202669e-11,2.423874464725745e-10,1.1792885226105322e-10,4.1402100542292635e-10,1.1482289187457205e-11,7.116351802144417e-11,7.683897146948389e-11,2.42797076971796e-10,8.264580720890137e-11,2.9495961645160103e-10,2.439350616455866e-10,4.744457810904188e-12,-2.391906038346824e-10,-1.0344304513666613e-11,-1.7163355895035184e-10,-2.439350616455866e-10,-3.7483407654455735e-11,1.7483040158824393e-10,-5.2572169979026536e-11,2.423874464725745e-10,2.1231380924269966e-10,8.04454446065975e-11,-5.738877730603402e-11,6.535668228202669e-11,1.0168267578296549e-11,-1.3783422191263153e-10,1.264855453523726e-11,-1.4847919998484976e-10,-2.440207789333542e-12,-8.09221551005192e-11,-1.6112775452008702e-10
43,2,3.030426083122364e-11,6.889957532854697e-11,5.592549729825842e-11,1.6341500720546865e-10,2.8019762353536386e-10,2.595207663115273e-10,4.5462130094127666e-10,3.8595314497323335e-11,2.5621236467034782e-11,1.3470107360338202e-10,3.0581886000239864e-10,1.297407803028854e-11,2.853777818342382e-10,2.7240370380394964e-10,-9.451543187692168e-11,-1.1849818010765434e-10,-1.6341500720546865e-10,-1.7442367740591275e-10,-2.3982748230732662e-11,1.6500533443460565e-10,-2.9476408101946966e-11,9.610575910605867e-11,-8.540190540020538e-11,-1.944817425365526e-10,6.371941702967268e-11,3.361231208336223e-10,-5.180158298874291e-12,2.8019762353536386e-10,2.7240370380394964e-10,1.413889817268312e-10,3.5553456569012684e-11,7.248940639828424e-11,-2.0372040729245735e-11,-1.0583552515781853e-10
43,3,5.907710707981176e-11,2.7932280465239033e-10,4.187060878235948e-11,2.8746326779991655e-10,1.8350526607698582e-10,4.481624674163978e-10,3.1322665432003376e-10,2.202456975725786e-10,1.720649829745228e-11,3.8094489718905984e-10,2.0071176437443812e-10,2.3745219587003084e-10,4.171846560429645e-10,4.384226196115526e-10,-8.14046314752624e-12,1.715919970254074e-10,-2.8746326779991655e-10,1.2972138824304794e-10,1.7973246017293364e-10,3.8862171517128976e-10,9.891387557573857e-11,1.0929891051889942e-10,5.7043266793379094e-11,-2.897078395955512e-10,2.9678796231692625e-10,-1.4163465729462635e-10,1.7465157664535922e-11,-1.8350526607698582e-10,-4.384226196115526e-10,4.400220042688716e-10,3.861121982291829e-11,1.6069919961648125e-10,-3.259388959441189e-12,-4.014107844459533e-10
44,0,1.0555944177166074e-10,1.4264757017627565e-10,5.655364577648666e-11,1.013327442519853e-10,1.506782844050717e-10,1.885972534251506e-10,2.665337517365846e-10,3.708812840461491e-11,4.9005795995174083e-11,1.243526375777802e-10,1.9968408040024577e-10,8.609392439978898e-11,2.2194678548485134e-10,3.080407098846403e-10,2.139160712560553e-10,-9.412463862858503e-11,7.126850107977964e-11,-1.506782844050717e-10,-3.080407098846403e-10,2.2991207934944095e-10,-1.8462024214258803e-11,8.72645091731653e-11,-7.501566999074546e-11,-2.4837410356369974e-10,8.544730417531592e-11,1.6639213284079088e-10,-5.720026600095973e-11,1.0983848706430422e-10,8.094482866547496e-11,4.131482592429035e-11,1.7240911310799957e-10,-1.013327442519853e-10,1.1585546733151291e-10,1.3109428718370922e-10
44,1,8.658599766569804e-11,-5.265712959744793e-11,1.81448488617186e-10,2.6355284047421775e-10,2.0143221779866405e-10,5.037679321029798e-10,3.182127690541846e-10,1.3924312726314598e-10,9.486249095148797e-11,3.7945821889190806e-10,2.116430422070085e-10,2.341056182146339e-10,3.5699564288428266e-10,5.911012610989166e-10,7.354185579158104e-12,2.144003255270037e-10,6.001131517660603e-11,3.295183690981769e-11,2.0704613994784558e-10,-2.9287222122621e-10,2.9822903987270655e-10,-2.4021509162876207e-10,1.1678055125552054e-10,5.911012610989166e-10,-1.3600619361950963e-10,-1.9983729181478042e-11,-8.33490640220617e-11,-2.0143221779866405e-10,1.1602246443803158e-10,2.1089571087676981e-10,2.3314831825051184e-10,2.6355284047421775e-10,5.169982963332583e-11,2.225260737374203e-11
44,2,1.0007510798162934e-10,1.756328123735811e-11,1.191664631323412e-10,2.5714413091177575e-11,3.639059879983618e-10,5.0957390435356184e-11,5.906140346432221e-10,8.251182674427123e-11,1.909135515071185e-11,1.0775480408844984e-10,3.4481463284764993e-10,1.0160318189498309e-10,3.6629613159416873e-10,3.0259681544866576e-10,-7.679696106820497e-12,6.602540835285676e-11,-2.5242977344178606e-11,-5.314105477948443e-11,7.370510445967726e-11,1.9953424833165056e-11,-2.447395248660206e-10,2.390143595806947e-12,-3.639059879983618e-10,-2.6469294969918564e-10,4.3277694328535684e-11,3.4587450977720143e-10,2.5714413091177575e-11,2.2670804664486024e-10,3.0259681544866576e-10,1.4701701894552197e-11,3.0950545926532717e-10,-2.8615793428059125e-12,1.9033899613298598e-10,2.94803757370775e-10
44,3,1.2120844533568113e-10,7.817159566875644e-11,1.5592321193197516e-10,1.678320440386521e-10,1.2735648162823072e-10,2.3219369836024249e-10,2.0844240145989018e-10,4.303684966692468e-11,3.471476659629403e-11,1.2479519437172742e-10,1.6207124822452475e-10,7.775161626321871e-11,1.9041890901134166e-10,2.577377113285699e-10,2.4600363970740855e-10,1.333363469592856e-10,1.678320440386521e-10,-2.2586864972689562e-11,-1.1266729274812295e-10,2.554198223163595e-11,2.8327969356020587e-10,-5.26296134371205e-11,1.2735648162823072e-10,2.577377113285699e-10,1.3809941347166062e-11,1.3223951510809347e-10,-6.436165432159038e-11,-2.368369682388169e-11,1.184295737609274e-10,2.7330819388815183e-11,7.48372921003157e-11,-5.084077627994126e-11,-8.108591983165945e-11,4.750647271150052e-11
45,0,1.5301326535788764e-10,7.522246346247728e-11,2.0959787713661634e-10,2.608702747314358e-10,2.663082458005056e-10,5.11235098681414e-10,4.945151149940717e-10,7.779080189541036e-11,5.6584611778728695e-11,3.386610766268462e-10,3.228928575792343e-10,1.3437541367413908e-10,4.785716931435442e-10,6.106712361232996e-10,3.255872874124554e-10,-1.8608992056949796e-11,2.503648239499781e-10,-2.2820686919356613e-10,-3.441962794694052e-10,-1.8564781126895854e-10,9.440476072492493e-11,-2.608702747314358e-10,-1.151931164116914e-10,2.8005257199388345e-10,-1.347651131861777e-10,4.75906122937122e-10,-2.09987576648655e-10,2.663082458005056e-10,6.106712361232996e-10,2.9571549089258993e-10,2.866896169413683e-10,2.2049302743011265e-10,7.709173980475196e-11,-9.025873951221627e-12
45,1,7.469457342387926e-11,-1.0474170172659046e-10,-2.3355884315443698e-11,3.7015483302681425e-10,1.674282119884586e-10,6.709773288672454e-10,2.688543460338016e-10,1.7943627515046972e-10,9.805045773932295e-11,5.49591108177284e-10,1.9947659178466603e-10,8.138581741114676e-11,3.268529572010264e-10,4.0823877461217317e-10,-9.622468001485131e-11,1.4407232767301488e-10,8.51702171173915e-12,1.674282119884586e-10,2.402970076878662e-10,-4.392638625194659e-11,-1.2478201836078676e-10,6.081531547464387e-11,-1.0142613404534307e-10,-8.085563210884017e-11,1.9608079411384077e-10,-4.605608643277138e-11,3.008224958404312e-10,-2.2700202117327683e-11,-2.4213688054661213e-10,-4.748965347534047e-10,-6.665776014123153e-11,-3.7015483302681425e-10,-4.330187582578783e-11,4.0823877461217317e-10
45,2,9.583192813810816e-11,2.0998710913426552e-10,2.0075267406213086e-10,3.5442255039293694e-10,4.5089540934492325e-10,5.713141988379786e-10,8.322802906724918e-10,1.1415518099615736e-10,1.049207459240227e-10,3.310468294411991e-10,4.863056272515913e-10,9.23443507213469e-12,6.633748382327458e-10,6.726092733048805e-10,4.2246653802208804e-10,-2.501427352827924e-10,2.1247942888782252e-10,-4.5089540934492325e-10,-6.726092733048805e-10,4.2687875757930726e-10,5.821375553896995e-10,2.1689164844504174e-10,3.813848813275686e-10,1.552587978103922e-10,-1.444354412586714e-10,2.963046497655819e-10,-3.5442255039293694e-10,9.555197570345104e-11,4.407400910242533e-10,1.350385821943383e-10,1.7471122637603453e-10,-7.494852693992722e-11,-2.6041447686096335e-11,3.9672644181696223e-11
45,3,8.455183205560796e-11,5.1804488945824056e-11,3.1996224402200717e-10,2.2213741263951135e-10,1.9255687488103782e-10,3.8454172728961875e-10,3.7009390335941323e-10,3.27473431097839e-11,2.354104119663992e-10,1.951516577598913e-10,4.2796728684743704e-10,2.681577550761831e-10,3.996744411178868e-10,4.441919199955458e-10,6.832719890749917e-11,5.12519118903045e-10,1.6522709961675118e-11,1.9255687488103782e-10,4.441919199955458e-10,2.739419015853354e-10,1.4242521554363174e-10,2.2213741263951135e-10,-1.7753702847837543e-10,-1.3151668604170367e-10,-2.445131900525501e-11,3.128044589138999e-10,-7.625580795107907e-11,-7.157785108107244e-12,3.3725577791915495e-10,-1.1059982570428335e-10,3.1210018272745195e-10,-1.624043146501074e-10,-7.862061294555223e-12,4.227000084317353e-10
46,0,5.203488990727156e-11,9.01109136505132e-11,1.2941420566805051e-10,3.249898645629024e-10,1.8075268835323003e-10,5.545459875925697e-10,3.313409750485329e-10,3.8076023743241643e-11,7.737931576077895e-11,3.6306588830614407e-10,2.2796760245608179e-10,3.9303292017537324e-11,3.687568074076948e-10,3.427907595499242e-10,8.522203315828698e-11,2.8000249236335333e-10,-4.8888804922262264e-12,1.5058828669530282e-10,1.9478045920506636e-10,-1.3944520937915404e-10,2.0334555017077015e-10,-2.2955612302966724e-10,7.393134450271964e-11,3.427907595499242e-10,-4.339473904957621e-13,-5.1338482685179515e-11,-9.054486104100896e-11,-1.8075268835323003e-10,-5.090453529468375e-11,4.151007782134156e-10,8.564726282325815e-11,3.249898645629024e-10,-4.376694284479236e-11,-3.2945351539015745e-10
46,1,8.246585352233951e-11,6.866650251548633e-11,1.9042952556109058e-10,2.6900833721909466e-10,3.4011007880041587e-10,4.1760473832303855e-10,5.080415008156984e-10,1.3799351006853179e-11,1.0796367203875107e-10,2.552089862122415e-10,4.480737508391669e-10,1.2176302304560425e-10,4.1060001039573804e-10,4.755871587894308e-10,-3.8031376656253694e-11,2.2498103545808067e-11,-1.0669787917174003e-10,-1.679314220152825e-10,6.052948020206176e-11,3.37674839734581e-10,4.88378523844472e-11,2.6900833721909466e-10,-1.415916731766434e-10,-2.8883698735013377e-10,5.495244557207563e-11,5.305396043615064e-10,-1.3714056943410706e-11,3.4011007880041587e-10,4.755871587894308e-10,-7.992989858845754e-11,1.5984254195260066e-10,-1.4859640110394387e-10,-3.058698360848992e-11,2.397724405410582e-10
46,2,1.2255081937842003e-10,3.580383868083521e-11,7.813466391903657e-11,4.253427271842706e-10,3.514852289652421e-10,5.900485491476088e-10,5.264158189362173e-10,8.674698069758482e-11,4.441615545938346e-11,5.120897078818553e-10,3.070690735058586e-10,4.233082523820134e-11,4.1008252893485927e-10,4.524133541730606e-10,1.420643482063125e-10,-8.31597768258189e-11,1.0626050952547728e-10,-1.6129444074485546e-10,-2.252241250321314e-10,1.9018023437629028e-10,-9.67959260519387e-11,1.5437639569545505e-10,-1.7493058997097527e-10,-2.8697616042822895e-10,-3.8953888850343537e-10,6.287446566962526e-11,-4.253427271842706e-10,-1.526019824941131e-11,4.524133541730606e-10,2.0050966064417347e-10,4.2961989288427864e-10,1.6470582196333824e-10,3.514852289652421e-10,2.2911023224010518e-10
46,3,1.2255992647747148e-10,3.1035231519272837e-10,5.865483003641047e-11,5.90948805044962e-10,1.7301160032916804e-10,1.0124744482681722e-09,2.939528611195943e-10,1.8779238871525689e-10,6.390509644106101e-11,6.093180319384672e-10,1.8484635723148727e-10,2.51697485156318e-10,6.385849186988559e-10,7.729295815721638e-10,-2.805964898522336e-10,1.0629094369030428e-10,-5.90948805044962e-10,4.763611365389381e-11,3.868874335425379e-10,7.318779584159387e-10,-4.1051623156225146e-11,4.215256432232103e-10,-9.970645319263562e-11,-7.729295815721638e-10,6.514957488912247e-10,-6.228643075401578e-11,3.4114343369849637e-10,-1.2094126079042627e-10,-7.137821796452405e-10,1.386320433159839e-10,2.3166643036557853e-10,-1.7172027187674446e-10,1.7301160032916804e-10,9.303438704959462e-11
47,0,7.922575427295493e-11,1.6060682116890335e-10,2.9806406534048534e-10,4.870855677207328e-10,3.0917376467490944e-10,8.78162722305523e-10,5.331021915463372e-10,8.138106689594842e-11,2.188383110675304e-10,5.684666346166812e-10,5.280120757424398e-10,1.3745724417158197e-10,1.7791180304582332e-10,3.0460597188494447e-10,1.5615320560258025e-10,3.536666138312999e-10,-4.4536155663231e-12,5.5602548490814536e-11,1.9751340822871963e-10,6.476923888896361e-10,6.072378300153948e-10,4.870855677207328e-10,3.0917376467490944e-10,-4.0454558874241355e-11,6.90520235992839e-11,1.5721617904618907e-10,-9.155479756961945e-11,-1.4084788629429627e-10,8.816415544690517e-11,-2.3047033341588686e-10,7.413563846905762e-11,-3.910771545847902e-10,-2.2392842687142772e-10,3.0460597188494447e-10
47,1,1.0403050518464061e-10,1.1606347885720982e-10,3.684112087611553e-10,2.172616348812842e-10,2.420350026108179e-10,3.8632304128626137e-10,4.441569319422934e-10,1.2032973672569208e-11,2.643807035765147e-10,2.2929460855385342e-10,5.064157061873326e-10,2.523477299039455e-10,1.022072201292135e-10,3.54554950033159e-10,1.7407739714722995e-10,5.286323471803889e-10,5.8013918290020136e-11,1.602211384192336e-10,3.54554950033159e-10,9.849332090882643e-12,1.6628927942967983e-10,-1.0621414676632717e-10,-2.0212192933147548e-10,1.5643994733879718e-10,3.33325113738494e-10,6.104462113719732e-10,2.172616348812842e-10,2.420350026108179e-10,2.771210976334792e-10,-5.299792754776735e-11,1.682769970625793e-10,-1.6906140640497716e-10,-2.0013421169857602e-10,2.2127492461034664e-10
47,2,6.62023025563169e-11,3.8515707920193916e-11,3.5369757115211924e-10,2.682957357436759e-10,4.5550816880583743e-10,4.810166933258506e-10,9.095442580982453e-10,2.768659463612298e-11,2.8749526859580235e-10,2.9598233037979893e-10,7.415313578882103e-10,3.1518186323192535e-10,2.4131513171023316e-10,5.564969949421585e-10,7.474662865801899e-11,3.3107328418946787e-10,3.6230920737825075e-11,-2.262428696265137e-11,2.563266555314489e-10,-2.29780027823482e-10,-1.0181059765371819e-10,-2.682957357436759e-10,-4.5550816880583743e-10,1.2796943016976382e-10,2.512366655023686e-10,8.077336604445271e-10,2.1272095758217467e-10,4.5403608929240786e-10,5.564969949421585e-10,5.785956534387009e-11,3.777939376282003e-10,1.9343857423676176e-11,2.4096366476081044e-11,3.1993437228433017e-10
47,3,1.2683231950331155e-10,1.5444788783045927e-10,3.404386162572509e-10,2.8514458172931303e-10,1.9319712584970694e-10,3.9810002059264667e-10,3.706235557267538e-10,2.7615568327147714e-11,2.1360629675393933e-10,3.127601500564607e-10,4.068034226036463e-10,1.8599072842679162e-10,2.6638263225429857e-10,4.523733606810902e-10,4.1492448967125634e-11,1.6301218638020408e-10,-1.1295543886333363e-10,-1.774264298770468e-10,1.2151973741307844e-10,5.544425136907157e-11,2.2855023111234505e-10,-9.90036364613877e-11,-1.1188838514490584e-10,1.7310597974327348e-10,4.395924695597723e-10,4.3655630542949665e-10,2.8514458172931303e-10,9.611768917224576e-11,-3.036164130275627e-12,8.126238142586762e-11,5.336357421069578e-10,-7.318550640459165e-11,1.9319712584970694e-10,4.523733606810902e-10
48,0,1.4747644936344318e-10,2.1245738985409828e-10,2.917160005574466e-10,2.75941568163406e-10,7.826630844785489e-10,5.26234168764133e-10,1.4567523238930736e-09,6.49809404906551e-11,1.4423955119400342e-10,3.4092250865406114e-10,9.269026356725524e-10,7.925861070334829e-11,9.82558968063418e-10,1.0618175787667663e-09,1.256150626922914e-11,1.0743790850359955e-09,-1.9989588358486915e-10,7.826630844785489e-10,1.0618175787667663e-09,4.883989580175043e-10,-3.8237323885707804e-10,2.75941568163406e-10,-6.740892394145247e-10,-8.707721968745824e-10,-3.783521074662875e-11,5.635635427731399e-10,-2.50292600600727e-10,2.718475422156933e-10,6.013987535197686e-10,3.867043058762885e-10,-8.870538672227085e-11,1.742469160221902e-10,-3.8042138727971745e-10,-4.754096925985593e-10
48,1,1.4496673415491923e-10,2.7102289474009105e-10,2.9560400640521675e-10,3.786236915019692e-10,7.21270938820492e-10,6.387503846128328e-10,1.2828532031860383e-09,1.2605616058517182e-10,1.5063727225029752e-10,3.861828536960355e-10,7.122195366158438e-10,2.4581111665125625e-11,9.402059558675155e-10,9.647870675326411e-10,5.311495878509547e-10,4.3771852439431557e-10,2.6012669311086364e-10,1.4211451798909882e-10,-9.343106345663912e-11,5.194646469548477e-10,3.131781628710636e-10,2.4844175221475666e-10,1.757415646584684e-11,-2.0628648408378412e-10,1.4107814091644013e-10,-4.256669324152753e-10,-1.2994475382365092e-10,-7.21270938820492e-10,-5.667450733317154e-10,-1.0760079676187816e-10,8.57186270770763e-10,-3.786236915019692e-10,5.615822643655463e-10,9.647870675326411e-10
48,2,8.150061433801218e-11,2.838309673448076e-10,4.986221819004152e-10,1.3096680738669278e-10,5.211529075724405e-10,2.1801467256205464e-10,1.0350764490781583e-09,2.023303530067954e-10,4.17121567562403e-10,2.8937821818215725e-10,9.310451090681209e-10,2.1479121455560758e-10,6.448903488924107e-10,8.596815634480182e-10,2.4428757791816493e-10,-2.2530725672025308e-11,-3.954338942664266e-11,-5.211529075724405e-10,-2.6681830359019024e-10,1.528641599581148e-10,1.012545723406133e-09,-1.3096680738669278e-10,5.139235415057179e-10,8.596815634480182e-10,3.7087883252016944e-10,7.327491068350365e-10,8.704786517536185e-11,2.3412692493462135e-10,3.618702743148671e-10,3.6729329898278115e-10,2.7172462303251637e-10,8.346233163797356e-11,-2.268975588678988e-10,-9.556867595026478e-11
48,3,1.284858412011983e-10,8.734178949919476e-11,-3.384006129001281e-11,5.95651916041639e-10,4.788161500320504e-10,1.0717441688701391e-09,8.505043821005438e-10,4.1144051702003544e-11,1.6232590249121112e-10,5.545078643396355e-10,6.411420525232615e-10,1.2118185078920755e-10,6.899061704644665e-10,5.687243196752589e-10,-3.887504633293052e-10,-5.126562113220632e-10,-4.760922528284999e-10,-4.788161500320504e-10,-1.2390574799275797e-10,-2.3087614889677825e-10,3.378481707784806e-10,-3.18217938395973e-10,3.716882320684934e-10,5.687243196752589e-10,2.860000646820287e-10,-1.4036048485440997e-10,1.9865827518283394e-10,-1.0652042356439715e-10,-4.2636054953643866e-10,6.829937055408338e-10,1.7980828023794128e-10,5.95651916041639e-10,2.136483415279541e-10,-5.031854253028925e-10
49,0,-1.4727588859958467e-10,2.9702920011927036e-10,1.6278717813580943e-10,8.249795357099433e-10,7.529080633730776e-10,1.2227614941940915e-09,1.4554376066950937e-09,4.4430508871885505e-10,3.100630667353941e-10,8.420870472030032e-10,1.0629711301084717e-09,1.3424202198346084e-10,6.609601143934526e-10,7.013713964704119e-10,6.322788283654405e-10,-6.909256810497144e-11,3.3524962824617016e-10,-2.3187974624078088e-10,-7.013713964704119e-10,3.8897714909889524e-10,9.15695241508887e-10,9.194794897962489e-11,7.529080633730776e-10,5.267180924099917e-10,6.948111586034185e-10,3.4428840432552906e-10,3.977819584841482e-10,1.8150122618971963e-10,-3.505227542778895e-10,-5.27950335590673e-10,-5.397423651862068e-10,-8.249795357099433e-10,-7.025295433220161e-10,-1.1792029595533768e-11
49,1,2.2219416973178715e-11,3.4920550866064004e-10,5.968818890021776e-10,3.9750783373295977e-10,4.871339655232445e-10,7.873144703493623e-10,8.904620854152853e-10,3.2698609168746135e-10,5.746624720289989e-10,7.167927283038639e-10,1.0617964375522434e-09,2.476763803415375e-10,7.931347565084434e-10,6.741419901644988e-10,7.285209023487212e-10,1.084015854525422e-09,3.7931539368808116e-10,4.871339655232445e-10,3.5549495217670087e-10,7.390121452770426e-10,1.9355376911013674e-10,3.8980663661640255e-10,-4.033281198920408e-10,-5.454583761669059e-10,-2.240868791088395e-11,4.841182672809723e-10,-3.71614196571524e-10,-1.127636217212053e-10,5.065269551918562e-10,-4.8302325072319724e-11,6.258396650921791e-10,-3.9750783373295977e-10,2.895777609000152e-11,6.741419901644988e-10
49,2,-1.1601271555270632e-10,3.532186930471024e-10,2.0707388410188558e-10,2.756685397497838e-10,4.3678912912030805e-10,5.395394107133478e-10,7.26901769996744e-10,4.692314085998088e-10,3.230865996545919e-10,7.448999483495926e-10,7.598757287749e-10,1.461448089452168e-10,1.7725384927900898e-10,3.233986582242258e-10,9.568477600325427e-11,-8.085003120605685e-12,-2.575339170438481e-10,-2.1515888722249126e-10,-1.0376977912385996e-10,8.934782208353847e-11,-8.303875677455039e-11,-2.638708709635639e-10,-2.90112640876436e-10,-1.7238657885808888e-10,6.288872327968862e-10,6.438630132221936e-10,2.756685397497838e-10,4.3678912912030805e-10,1.4975780425307426e-11,5.989549413047306e-10,2.7555628308050477e-10,2.4573624825762817e-10,6.848239897861919e-11,-3.233986582242258e-10
49,3,3.653698403914152e-11,5.019025795485192e-10,4.2062249272494795e-11,6.763907240761637e-10,9.395032069785056e-10,1.0225028473011833e-09,1.7646432902698352e-09,4.653655955093777e-10,5.5252652333532725e-12,8.114777187343973e-10,9.339779417451524e-10,4.5984033027602444e-10,1.5015308073674931e-09,1.4525413353159355e-09,5.551003776099246e-10,-8.974409577060109e-10,5.3197798061405355e-11,-9.395032069785056e-10,-1.4525413353159355e-09,-1.744881445276445e-10,8.672023325638244e-10,-6.763907240761637e-10,8.251400832913296e-10,1.0416904770914688e-09,8.480147027735388e-10,-1.609107514081504e-10,3.461121232250195e-10,-2.029730006806452e-10,-1.0089254541816891e-09,7.789833823382581e-10,3.593983736403161e-10,2.770808027897389e-10,3.173361243678213e-10,-4.1958500869794203e-10
