block,sample,operation,lhs_input_level,lhs_input_towers,lhs_input_noiseScaleDegree,lhs_input_scalingFactor,rhs_input_level,rhs_input_towers,rhs_input_noiseScaleDegree,rhs_input_scalingFactor,lhs_aligned_level,lhs_aligned_towers,lhs_aligned_noiseScaleDegree,lhs_aligned_scalingFactor,rhs_aligned_level,rhs_aligned_towers,rhs_aligned_noiseScaleDegree,rhs_aligned_scalingFactor,after_mult_level,after_mult_towers,after_mult_noiseScaleDegree,after_mult_scalingFactor,after_relinearize_level,after_relinearize_towers,after_relinearize_noiseScaleDegree,after_relinearize_scalingFactor,after_rescale_level,after_rescale_towers,after_rescale_noiseScaleDegree,after_rescale_scalingFactor
0,0,P_0,0,21,1,5.76460752303439872e+17,0,21,1,5.76460752303439872e+17,0,21,1,5.76460752303439872e+17,0,21,1,5.76460752303439872e+17,0,21,2,3.32306998946247858e+35,0,21,2,3.32306998946247858e+35,1,20,1,5.76460752303439872e+17
0,1,P_1,0,21,1,5.76460752303439872e+17,0,21,1,5.76460752303439872e+17,0,21,1,5.76460752303439872e+17,0,21,1,5.76460752303439872e+17,0,21,2,3.32306998946247858e+35,0,21,2,3.32306998946247858e+35,1,20,1,5.76460752303439872e+17
0,1,q_1_0,0,21,1,5.76460752303439872e+17,0,21,1,5.76460752303439872e+17,0,21,1,5.76460752303439872e+17,0,21,1,5.76460752303439872e+17,0,21,2,3.32306998946247858e+35,0,21,2,3.32306998946247858e+35,1,20,1,5.76460752303439872e+17
0,2,P_2,0,21,1,5.76460752303439872e+17,0,21,1,5.76460752303439872e+17,0,21,1,5.76460752303439872e+17,0,21,1,5.76460752303439872e+17,0,21,2,3.32306998946247858e+35,0,21,2,3.32306998946247858e+35,1,20,1,5.76460752303439872e+17
0,2,q_2_0,0,21,1,5.76460752303439872e+17,0,21,1,5.76460752303439872e+17,0,21,1,5.76460752303439872e+17,0,21,1,5.76460752303439872e+17,0,21,2,3.32306998946247858e+35,0,21,2,3.32306998946247858e+35,1,20,1,5.76460752303439872e+17
0,2,q_2_1,0,21,1,5.76460752303439872e+17,0,21,1,5.76460752303439872e+17,0,21,1,5.76460752303439872e+17,0,21,1,5.76460752303439872e+17,0,21,2,3.32306998946247858e+35,0,21,2,3.32306998946247858e+35,1,20,1,5.76460752303439872e+17
0,3,P_3,0,21,1,5.76460752303439872e+17,0,21,1,5.76460752303439872e+17,0,21,1,5.76460752303439872e+17,0,21,1,5.76460752303439872e+17,0,21,2,3.32306998946247858e+35,0,21,2,3.32306998946247858e+35,1,20,1,5.76460752303439872e+17
0,3,q_3_0,0,21,1,5.76460752303439872e+17,0,21,1,5.76460752303439872e+17,0,21,1,5.76460752303439872e+17,0,21,1,5.76460752303439872e+17,0,21,2,3.32306998946247858e+35,0,21,2,3.32306998946247858e+35,1,20,1,5.76460752303439872e+17
0,3,q_3_1,0,21,1,5.76460752303439872e+17,0,21,1,5.76460752303439872e+17,0,21,1,5.76460752303439872e+17,0,21,1,5.76460752303439872e+17,0,21,2,3.32306998946247858e+35,0,21,2,3.32306998946247858e+35,1,20,1,5.76460752303439872e+17
0,3,q_3_2,0,21,1,5.76460752303439872e+17,0,21,1,5.76460752303439872e+17,0,21,1,5.76460752303439872e+17,0,21,1,5.76460752303439872e+17,0,21,2,3.32306998946247858e+35,0,21,2,3.32306998946247858e+35,1,20,1,5.76460752303439872e+17
0,4,M_u_col_0,16,5,2,3.32306998945331719e+35,0,21,1,5.76460752303439872e+17,17,4,1,5.76460752302153728e+17,17,4,1,5.76460752303439872e+17,17,4,2,3.32306998945506446e+35,17,4,2,3.32306998945506446e+35,18,3,1,5.76460752303513600e+17
0,4,M_y_col_0,0,21,1,5.76460752303439872e+17,0,21,1,5.76460752303439872e+17,0,21,1,5.76460752303439872e+17,0,21,1,5.76460752303439872e+17,0,21,2,3.32306998946247858e+35,0,21,2,3.32306998946247858e+35,1,20,1,5.76460752303439872e+17
0,4,M_u_col_1,16,5,2,3.32306998945331719e+35,0,21,1,5.76460752303439872e+17,17,4,1,5.76460752302153728e+17,17,4,1,5.76460752303439872e+17,17,4,2,3.32306998945506446e+35,17,4,2,3.32306998945506446e+35,18,3,1,5.76460752303513600e+17
0,4,M_y_col_1,0,21,1,5.76460752303439872e+17,0,21,1,5.76460752303439872e+17,0,21,1,5.76460752303439872e+17,0,21,1,5.76460752303439872e+17,0,21,2,3.32306998946247858e+35,0,21,2,3.32306998946247858e+35,1,20,1,5.76460752303439872e+17
0,4,M_u_col_2,16,5,2,3.32306998945331719e+35,0,21,1,5.76460752303439872e+17,17,4,1,5.76460752302153728e+17,17,4,1,5.76460752303439872e+17,17,4,2,3.32306998945506446e+35,17,4,2,3.32306998945506446e+35,18,3,1,5.76460752303513600e+17
0,4,M_y_col_2,0,21,1,5.76460752303439872e+17,0,21,1,5.76460752303439872e+17,0,21,1,5.76460752303439872e+17,0,21,1,5.76460752303439872e+17,0,21,2,3.32306998946247858e+35,0,21,2,3.32306998946247858e+35,1,20,1,5.76460752303439872e+17
0,4,M_u_col_3,16,5,2,3.32306998945331719e+35,0,21,1,5.76460752303439872e+17,17,4,1,5.76460752302153728e+17,17,4,1,5.76460752303439872e+17,17,4,2,3.32306998945506446e+35,17,4,2,3.32306998945506446e+35,18,3,1,5.76460752303513600e+17
0,4,M_y_col_3,0,21,1,5.76460752303439872e+17,0,21,1,5.76460752303439872e+17,0,21,1,5.76460752303439872e+17,0,21,1,5.76460752303439872e+17,0,21,2,3.32306998946247858e+35,0,21,2,3.32306998946247858e+35,1,20,1,5.76460752303439872e+17
1,0,P_0,18,3,1,5.76460752303513600e+17,0,21,1,5.76460752303439872e+17,18,3,1,5.76460752303513600e+17,18,3,1,5.76460752303439872e+17,18,3,2,3.32306998946290359e+35,18,3,2,3.32306998946290359e+35,19,2,1,5.76460752303767552e+17
1,1,P_1,18,3,1,5.76460752303513600e+17,0,21,1,5.76460752303439872e+17,18,3,1,5.76460752303513600e+17,18,3,1,5.76460752303439872e+17,18,3,2,3.32306998946290359e+35,18,3,2,3.32306998946290359e+35,19,2,1,5.76460752303767552e+17
1,1,q_1_0,0,21,1,5.76460752303439872e+17,0,21,1,5.76460752303439872e+17,0,21,1,5.76460752303439872e+17,0,21,1,5.76460752303439872e+17,0,21,2,3.32306998946247858e+35,0,21,2,3.32306998946247858e+35,1,20,1,5.76460752303439872e+17
1,2,P_2,18,3,1,5.76460752303513600e+17,0,21,1,5.76460752303439872e+17,18,3,1,5.76460752303513600e+17,18,3,1,5.76460752303439872e+17,18,3,2,3.32306998946290359e+35,18,3,2,3.32306998946290359e+35,19,2,1,5.76460752303767552e+17
1,2,q_2_0,0,21,1,5.76460752303439872e+17,0,21,1,5.76460752303439872e+17,0,21,1,5.76460752303439872e+17,0,21,1,5.76460752303439872e+17,0,21,2,3.32306998946247858e+35,0,21,2,3.32306998946247858e+35,1,20,1,5.76460752303439872e+17
1,2,q_2_1,0,21,1,5.76460752303439872e+17,0,21,1,5.76460752303439872e+17,0,21,1,5.76460752303439872e+17,0,21,1,5.76460752303439872e+17,0,21,2,3.32306998946247858e+35,0,21,2,3.32306998946247858e+35,1,20,1,5.76460752303439872e+17
1,3,P_3,18,3,1,5.76460752303513600e+17,0,21,1,5.76460752303439872e+17,18,3,1,5.76460752303513600e+17,18,3,1,5.76460752303439872e+17,18,3,2,3.32306998946290359e+35,18,3,2,3.32306998946290359e+35,19,2,1,5.76460752303767552e+17
1,3,q_3_0,0,21,1,5.76460752303439872e+17,0,21,1,5.76460752303439872e+17,0,21,1,5.76460752303439872e+17,0,21,1,5.76460752303439872e+17,0,21,2,3.32306998946247858e+35,0,21,2,3.32306998946247858e+35,1,20,1,5.76460752303439872e+17
1,3,q_3_1,0,21,1,5.76460752303439872e+17,0,21,1,5.76460752303439872e+17,0,21,1,5.76460752303439872e+17,0,21,1,5.76460752303439872e+17,0,21,2,3.32306998946247858e+35,0,21,2,3.32306998946247858e+35,1,20,1,5.76460752303439872e+17
1,3,q_3_2,0,21,1,5.76460752303439872e+17,0,21,1,5.76460752303439872e+17,0,21,1,5.76460752303439872e+17,0,21,1,5.76460752303439872e+17,0,21,2,3.32306998946247858e+35,0,21,2,3.32306998946247858e+35,1,20,1,5.76460752303439872e+17
1,4,M_u_col_0,16,5,2,3.32306998945331719e+35,0,21,1,5.76460752303439872e+17,17,4,1,5.76460752302153728e+17,17,4,1,5.76460752303439872e+17,17,4,2,3.32306998945506446e+35,17,4,2,3.32306998945506446e+35,18,3,1,5.76460752303513600e+17
1,4,M_y_col_0,0,21,1,5.76460752303439872e+17,0,21,1,5.76460752303439872e+17,0,21,1,5.76460752303439872e+17,0,21,1,5.76460752303439872e+17,0,21,2,3.32306998946247858e+35,0,21,2,3.32306998946247858e+35,1,20,1,5.76460752303439872e+17
1,4,M_u_col_1,16,5,2,3.32306998945331719e+35,0,21,1,5.76460752303439872e+17,17,4,1,5.76460752302153728e+17,17,4,1,5.76460752303439872e+17,17,4,2,3.32306998945506446e+35,17,4,2,3.32306998945506446e+35,18,3,1,5.76460752303513600e+17
1,4,M_y_col_1,0,21,1,5.76460752303439872e+17,0,21,1,5.76460752303439872e+17,0,21,1,5.76460752303439872e+17,0,21,1,5.76460752303439872e+17,0,21,2,3.32306998946247858e+35,0,21,2,3.32306998946247858e+35,1,20,1,5.76460752303439872e+17
1,4,M_u_col_2,16,5,2,3.32306998945331719e+35,0,21,1,5.76460752303439872e+17,17,4,1,5.76460752302153728e+17,17,4,1,5.76460752303439872e+17,17,4,2,3.32306998945506446e+35,17,4,2,3.32306998945506446e+35,18,3,1,5.76460752303513600e+17
1,4,M_y_col_2,0,21,1,5.76460752303439872e+17,0,21,1,5.76460752303439872e+17,0,21,1,5.76460752303439872e+17,0,21,1,5.76460752303439872e+17,0,21,2,3.32306998946247858e+35,0,21,2,3.32306998946247858e+35,1,20,1,5.76460752303439872e+17
1,4,M_u_col_3,16,5,2,3.32306998945331719e+35,0,21,1,5.76460752303439872e+17,17,4,1,5.76460752302153728e+17,17,4,1,5.76460752303439872e+17,17,4,2,3.32306998945506446e+35,17,4,2,3.32306998945506446e+35,18,3,1,5.76460752303513600e+17
1,4,M_y_col_3,0,21,1,5.76460752303439872e+17,0,21,1,5.76460752303439872e+17,0,21,1,5.76460752303439872e+17,0,21,1,5.76460752303439872e+17,0,21,2,3.32306998946247858e+35,0,21,2,3.32306998946247858e+35,1,20,1,5.76460752303439872e+17
2,0,P_0,18,3,1,5.76460752303513600e+17,0,21,1,5.76460752303439872e+17,18,3,1,5.76460752303513600e+17,18,3,1,5.76460752303439872e+17,18,3,2,3.32306998946290359e+35,18,3,2,3.32306998946290359e+35,19,2,1,5.76460752303767552e+17
2,1,P_1,18,3,1,5.76460752303513600e+17,0,21,1,5.76460752303439872e+17,18,3,1,5.76460752303513600e+17,18,3,1,5.76460752303439872e+17,18,3,2,3.32306998946290359e+35,18,3,2,3.32306998946290359e+35,19,2,1,5.76460752303767552e+17
2,1,q_1_0,0,21,1,5.76460752303439872e+17,0,21,1,5.76460752303439872e+17,0,21,1,5.76460752303439872e+17,0,21,1,5.76460752303439872e+17,0,21,2,3.32306998946247858e+35,0,21,2,3.32306998946247858e+35,1,20,1,5.76460752303439872e+17
2,2,P_2,18,3,1,5.76460752303513600e+17,0,21,1,5.76460752303439872e+17,18,3,1,5.76460752303513600e+17,18,3,1,5.76460752303439872e+17,18,3,2,3.32306998946290359e+35,18,3,2,3.32306998946290359e+35,19,2,1,5.76460752303767552e+17
2,2,q_2_0,0,21,1,5.76460752303439872e+17,0,21,1,5.76460752303439872e+17,0,21,1,5.76460752303439872e+17,0,21,1,5.76460752303439872e+17,0,21,2,3.32306998946247858e+35,0,21,2,3.32306998946247858e+35,1,20,1,5.76460752303439872e+17
2,2,q_2_1,0,21,1,5.76460752303439872e+17,0,21,1,5.76460752303439872e+17,0,21,1,5.76460752303439872e+17,0,21,1,5.76460752303439872e+17,0,21,2,3.32306998946247858e+35,0,21,2,3.32306998946247858e+35,1,20,1,5.76460752303439872e+17
2,3,P_3,18,3,1,5.76460752303513600e+17,0,21,1,5.76460752303439872e+17,18,3,1,5.76460752303513600e+17,18,3,1,5.76460752303439872e+17,18,3,2,3.32306998946290359e+35,18,3,2,3.32306998946290359e+35,19,2,1,5.76460752303767552e+17
2,3,q_3_0,0,21,1,5.76460752303439872e+17,0,21,1,5.76460752303439872e+17,0,21,1,5.76460752303439872e+17,0,21,1,5.76460752303439872e+17,0,21,2,3.32306998946247858e+35,0,21,2,3.32306998946247858e+35,1,20,1,5.76460752303439872e+17
2,3,q_3_1,0,21,1,5.76460752303439872e+17,0,21,1,5.76460752303439872e+17,0,21,1,5.76460752303439872e+17,0,21,1,5.76460752303439872e+17,0,21,2,3.32306998946247858e+35,0,21,2,3.32306998946247858e+35,1,20,1,5.76460752303439872e+17
2,3,q_3_2,0,21,1,5.76460752303439872e+17,0,21,1,5.76460752303439872e+17,0,21,1,5.76460752303439872e+17,0,21,1,5.76460752303439872e+17,0,21,2,3.32306998946247858e+35,0,21,2,3.32306998946247858e+35,1,20,1,5.76460752303439872e+17
2,4,M_u_col_0,16,5,2,3.32306998945331719e+35,0,21,1,5.76460752303439872e+17,17,4,1,5.76460752302153728e+17,17,4,1,5.76460752303439872e+17,17,4,2,3.32306998945506446e+35,17,4,2,3.32306998945506446e+35,18,3,1,5.76460752303513600e+17
2,4,M_y_col_0,0,21,1,5.76460752303439872e+17,0,21,1,5.76460752303439872e+17,0,21,1,5.76460752303439872e+17,0,21,1,5.76460752303439872e+17,0,21,2,3.32306998946247858e+35,0,21,2,3.32306998946247858e+35,1,20,1,5.76460752303439872e+17
2,4,M_u_col_1,16,5,2,3.32306998945331719e+35,0,21,1,5.76460752303439872e+17,17,4,1,5.76460752302153728e+17,17,4,1,5.76460752303439872e+17,17,4,2,3.32306998945506446e+35,17,4,2,3.32306998945506446e+35,18,3,1,5.76460752303513600e+17
2,4,M_y_col_1,0,21,1,5.76460752303439872e+17,0,21,1,5.76460752303439872e+17,0,21,1,5.76460752303439872e+17,0,21,1,5.76460752303439872e+17,0,21,2,3.32306998946247858e+35,0,21,2,3.32306998946247858e+35,1,20,1,5.76460752303439872e+17
2,4,M_u_col_2,16,5,2,3.32306998945331719e+35,0,21,1,5.76460752303439872e+17,17,4,1,5.76460752302153728e+17,17,4,1,5.76460752303439872e+17,17,4,2,3.32306998945506446e+35,17,4,2,3.32306998945506446e+35,18,3,1,5.76460752303513600e+17
2,4,M_y_col_2,0,21,1,5.76460752303439872e+17,0,21,1,5.76460752303439872e+17,0,21,1,5.76460752303439872e+17,0,21,1,5.76460752303439872e+17,0,21,2,3.32306998946247858e+35,0,21,2,3.32306998946247858e+35,1,20,1,5.76460752303439872e+17
2,4,M_u_col_3,16,5,2,3.32306998945331719e+35,0,21,1,5.76460752303439872e+17,17,4,1,5.76460752302153728e+17,17,4,1,5.76460752303439872e+17,17,4,2,3.32306998945506446e+35,17,4,2,3.32306998945506446e+35,18,3,1,5.76460752303513600e+17
2,4,M_y_col_3,0,21,1,5.76460752303439872e+17,0,21,1,5.76460752303439872e+17,0,21,1,5.76460752303439872e+17,0,21,1,5.76460752303439872e+17,0,21,2,3.32306998946247858e+35,0,21,2,3.32306998946247858e+35,1,20,1,5.76460752303439872e+17
3,0,P_0,18,3,1,5.76460752303513600e+17,0,21,1,5.76460752303439872e+17,18,3,1,5.76460752303513600e+17,18,3,1,5.76460752303439872e+17,18,3,2,3.32306998946290359e+35,18,3,2,3.32306998946290359e+35,19,2,1,5.76460752303767552e+17
3,1,P_1,18,3,1,5.76460752303513600e+17,0,21,1,5.76460752303439872e+17,18,3,1,5.76460752303513600e+17,18,3,1,5.76460752303439872e+17,18,3,2,3.32306998946290359e+35,18,3,2,3.32306998946290359e+35,19,2,1,5.76460752303767552e+17
3,1,q_1_0,0,21,1,5.76460752303439872e+17,0,21,1,5.76460752303439872e+17,0,21,1,5.76460752303439872e+17,0,21,1,5.76460752303439872e+17,0,21,2,3.32306998946247858e+35,0,21,2,3.32306998946247858e+35,1,20,1,5.76460752303439872e+17
3,2,P_2,18,3,1,5.76460752303513600e+17,0,21,1,5.76460752303439872e+17,18,3,1,5.76460752303513600e+17,18,3,1,5.76460752303439872e+17,18,3,2,3.32306998946290359e+35,18,3,2,3.32306998946290359e+35,19,2,1,5.76460752303767552e+17
3,2,q_2_0,0,21,1,5.76460752303439872e+17,0,21,1,5.76460752303439872e+17,0,21,1,5.76460752303439872e+17,0,21,1,5.76460752303439872e+17,0,21,2,3.32306998946247858e+35,0,21,2,3.32306998946247858e+35,1,20,1,5.76460752303439872e+17
3,2,q_2_1,0,21,1,5.76460752303439872e+17,0,21,1,5.76460752303439872e+17,0,21,1,5.76460752303439872e+17,0,21,1,5.76460752303439872e+17,0,21,2,3.32306998946247858e+35,0,21,2,3.32306998946247858e+35,1,20,1,5.76460752303439872e+17
3,3,P_3,18,3,1,5.76460752303513600e+17,0,21,1,5.76460752303439872e+17,18,3,1,5.76460752303513600e+17,18,3,1,5.76460752303439872e+17,18,3,2,3.32306998946290359e+35,18,3,2,3.32306998946290359e+35,19,2,1,5.76460752303767552e+17
3,3,q_3_0,0,21,1,5.76460752303439872e+17,0,21,1,5.76460752303439872e+17,0,21,1,5.76460752303439872e+17,0,21,1,5.76460752303439872e+17,0,21,2,3.32306998946247858e+35,0,21,2,3.32306998946247858e+35,1,20,1,5.76460752303439872e+17
3,3,q_3_1,0,21,1,5.76460752303439872e+17,0,21,1,5.76460752303439872e+17,0,21,1,5.76460752303439872e+17,0,21,1,5.76460752303439872e+17,0,21,2,3.32306998946247858e+35,0,21,2,3.32306998946247858e+35,1,20,1,5.76460752303439872e+17
3,3,q_3_2,0,21,1,5.76460752303439872e+17,0,21,1,5.76460752303439872e+17,0,21,1,5.76460752303439872e+17,0,21,1,5.76460752303439872e+17,0,21,2,3.32306998946247858e+35,0,21,2,3.32306998946247858e+35,1,20,1,5.76460752303439872e+17
3,4,M_u_col_0,16,5,2,3.32306998945331719e+35,0,21,1,5.76460752303439872e+17,17,4,1,5.76460752302153728e+17,17,4,1,5.76460752303439872e+17,17,4,2,3.32306998945506446e+35,17,4,2,3.32306998945506446e+35,18,3,1,5.76460752303513600e+17
3,4,M_y_col_0,0,21,1,5.76460752303439872e+17,0,21,1,5.76460752303439872e+17,0,21,1,5.76460752303439872e+17,0,21,1,5.76460752303439872e+17,0,21,2,3.32306998946247858e+35,0,21,2,3.32306998946247858e+35,1,20,1,5.76460752303439872e+17
3,4,M_u_col_1,16,5,2,3.32306998945331719e+35,0,21,1,5.76460752303439872e+17,17,4,1,5.76460752302153728e+17,17,4,1,5.76460752303439872e+17,17,4,2,3.32306998945506446e+35,17,4,2,3.32306998945506446e+35,18,3,1,5.76460752303513600e+17
3,4,M_y_col_1,0,21,1,5.76460752303439872e+17,0,21,1,5.76460752303439872e+17,0,21,1,5.76460752303439872e+17,0,21,1,5.76460752303439872e+17,0,21,2,3.32306998946247858e+35,0,21,2,3.32306998946247858e+35,1,20,1,5.76460752303439872e+17
3,4,M_u_col_2,16,5,2,3.32306998945331719e+35,0,21,1,5.76460752303439872e+17,17,4,1,5.76460752302153728e+17,17,4,1,5.76460752303439872e+17,17,4,2,3.32306998945506446e+35,17,4,2,3.32306998945506446e+35,18,3,1,5.76460752303513600e+17
3,4,M_y_col_2,0,21,1,5.76460752303439872e+17,0,21,1,5.76460752303439872e+17,0,21,1,5.76460752303439872e+17,0,21,1,5.76460752303439872e+17,0,21,2,3.32306998946247858e+35,0,21,2,3.32306998946247858e+35,1,20,1,5.76460752303439872e+17
3,4,M_u_col_3,16,5,2,3.32306998945331719e+35,0,21,1,5.76460752303439872e+17,17,4,1,5.76460752302153728e+17,17,4,1,5.76460752303439872e+17,17,4,2,3.32306998945506446e+35,17,4,2,3.32306998945506446e+35,18,3,1,5.76460752303513600e+17
3,4,M_y_col_3,0,21,1,5.76460752303439872e+17,0,21,1,5.76460752303439872e+17,0,21,1,5.76460752303439872e+17,0,21,1,5.76460752303439872e+17,0,21,2,3.32306998946247858e+35,0,21,2,3.32306998946247858e+35,1,20,1,5.76460752303439872e+17
4,0,P_0,18,3,1,5.76460752303513600e+17,0,21,1,5.76460752303439872e+17,18,3,1,5.76460752303513600e+17,18,3,1,5.76460752303439872e+17,18,3,2,3.32306998946290359e+35,18,3,2,3.32306998946290359e+35,19,2,1,5.76460752303767552e+17
4,1,P_1,18,3,1,5.76460752303513600e+17,0,21,1,5.76460752303439872e+17,18,3,1,5.76460752303513600e+17,18,3,1,5.76460752303439872e+17,18,3,2,3.32306998946290359e+35,18,3,2,3.32306998946290359e+35,19,2,1,5.76460752303767552e+17
4,1,q_1_0,0,21,1,5.76460752303439872e+17,0,21,1,5.76460752303439872e+17,0,21,1,5.76460752303439872e+17,0,21,1,5.76460752303439872e+17,0,21,2,3.32306998946247858e+35,0,21,2,3.32306998946247858e+35,1,20,1,5.76460752303439872e+17
4,2,P_2,18,3,1,5.76460752303513600e+17,0,21,1,5.76460752303439872e+17,18,3,1,5.76460752303513600e+17,18,3,1,5.76460752303439872e+17,18,3,2,3.32306998946290359e+35,18,3,2,3.32306998946290359e+35,19,2,1,5.76460752303767552e+17
4,2,q_2_0,0,21,1,5.76460752303439872e+17,0,21,1,5.76460752303439872e+17,0,21,1,5.76460752303439872e+17,0,21,1,5.76460752303439872e+17,0,21,2,3.32306998946247858e+35,0,21,2,3.32306998946247858e+35,1,20,1,5.76460752303439872e+17
4,2,q_2_1,0,21,1,5.76460752303439872e+17,0,21,1,5.76460752303439872e+17,0,21,1,5.76460752303439872e+17,0,21,1,5.76460752303439872e+17,0,21,2,3.32306998946247858e+35,0,21,2,3.32306998946247858e+35,1,20,1,5.76460752303439872e+17
4,3,P_3,18,3,1,5.76460752303513600e+17,0,21,1,5.76460752303439872e+17,18,3,1,5.76460752303513600e+17,18,3,1,5.76460752303439872e+17,18,3,2,3.32306998946290359e+35,18,3,2,3.32306998946290359e+35,19,2,1,5.76460752303767552e+17
4,3,q_3_0,0,21,1,5.76460752303439872e+17,0,21,1,5.76460752303439872e+17,0,21,1,5.76460752303439872e+17,0,21,1,5.76460752303439872e+17,0,21,2,3.32306998946247858e+35,0,21,2,3.32306998946247858e+35,1,20,1,5.76460752303439872e+17
4,3,q_3_1,0,21,1,5.76460752303439872e+17,0,21,1,5.76460752303439872e+17,0,21,1,5.76460752303439872e+17,0,21,1,5.76460752303439872e+17,0,21,2,3.32306998946247858e+35,0,21,2,3.32306998946247858e+35,1,20,1,5.76460752303439872e+17
4,3,q_3_2,0,21,1,5.76460752303439872e+17,0,21,1,5.76460752303439872e+17,0,21,1,5.76460752303439872e+17,0,21,1,5.76460752303439872e+17,0,21,2,3.32306998946247858e+35,0,21,2,3.32306998946247858e+35,1,20,1,5.76460752303439872e+17
4,4,M_u_col_0,16,5,2,3.32306998945331719e+35,0,21,1,5.76460752303439872e+17,17,4,1,5.76460752302153728e+17,17,4,1,5.76460752303439872e+17,17,4,2,3.32306998945506446e+35,17,4,2,3.32306998945506446e+35,18,3,1,5.76460752303513600e+17
4,4,M_y_col_0,0,21,1,5.76460752303439872e+17,0,21,1,5.76460752303439872e+17,0,21,1,5.76460752303439872e+17,0,21,1,5.76460752303439872e+17,0,21,2,3.32306998946247858e+35,0,21,2,3.32306998946247858e+35,1,20,1,5.76460752303439872e+17
4,4,M_u_col_1,16,5,2,3.32306998945331719e+35,0,21,1,5.76460752303439872e+17,17,4,1,5.76460752302153728e+17,17,4,1,5.76460752303439872e+17,17,4,2,3.32306998945506446e+35,17,4,2,3.32306998945506446e+35,18,3,1,5.76460752303513600e+17
4,4,M_y_col_1,0,21,1,5.76460752303439872e+17,0,21,1,5.76460752303439872e+17,0,21,1,5.76460752303439872e+17,0,21,1,5.76460752303439872e+17,0,21,2,3.32306998946247858e+35,0,21,2,3.32306998946247858e+35,1,20,1,5.76460752303439872e+17
4,4,M_u_col_2,16,5,2,3.32306998945331719e+35,0,21,1,5.76460752303439872e+17,17,4,1,5.76460752302153728e+17,17,4,1,5.76460752303439872e+17,17,4,2,3.32306998945506446e+35,17,4,2,3.32306998945506446e+35,18,3,1,5.76460752303513600e+17
4,4,M_y_col_2,0,21,1,5.76460752303439872e+17,0,21,1,5.76460752303439872e+17,0,21,1,5.76460752303439872e+17,0,21,1,5.76460752303439872e+17,0,21,2,3.32306998946247858e+35,0,21,2,3.32306998946247858e+35,1,20,1,5.76460752303439872e+17
4,4,M_u_col_3,16,5,2,3.32306998945331719e+35,0,21,1,5.76460752303439872e+17,17,4,1,5.76460752302153728e+17,17,4,1,5.76460752303439872e+17,17,4,2,3.32306998945506446e+35,17,4,2,3.32306998945506446e+35,18,3,1,5.76460752303513600e+17
4,4,M_y_col_3,0,21,1,5.76460752303439872e+17,0,21,1,5.76460752303439872e+17,0,21,1,5.76460752303439872e+17,0,21,1,5.76460752303439872e+17,0,21,2,3.32306998946247858e+35,0,21,2,3.32306998946247858e+35,1,20,1,5.76460752303439872e+17
5,0,P_0,18,3,1,5.76460752303513600e+17,0,21,1,5.76460752303439872e+17,18,3,1,5.76460752303513600e+17,18,3,1,5.76460752303439872e+17,18,3,2,3.32306998946290359e+35,18,3,2,3.32306998946290359e+35,19,2,1,5.76460752303767552e+17
5,1,P_1,18,3,1,5.76460752303513600e+17,0,21,1,5.76460752303439872e+17,18,3,1,5.76460752303513600e+17,18,3,1,5.76460752303439872e+17,18,3,2,3.32306998946290359e+35,18,3,2,3.32306998946290359e+35,19,2,1,5.76460752303767552e+17
5,1,q_1_0,0,21,1,5.76460752303439872e+17,0,21,1,5.76460752303439872e+17,0,21,1,5.76460752303439872e+17,0,21,1,5.76460752303439872e+17,0,21,2,3.32306998946247858e+35,0,21,2,3.32306998946247858e+35,1,20,1,5.76460752303439872e+17
5,2,P_2,18,3,1,5.76460752303513600e+17,0,21,1,5.76460752303439872e+17,18,3,1,5.76460752303513600e+17,18,3,1,5.76460752303439872e+17,18,3,2,3.32306998946290359e+35,18,3,2,3.32306998946290359e+35,19,2,1,5.76460752303767552e+17
5,2,q_2_0,0,21,1,5.76460752303439872e+17,0,21,1,5.76460752303439872e+17,0,21,1,5.76460752303439872e+17,0,21,1,5.76460752303439872e+17,0,21,2,3.32306998946247858e+35,0,21,2,3.32306998946247858e+35,1,20,1,5.76460752303439872e+17
5,2,q_2_1,0,21,1,5.76460752303439872e+17,0,21,1,5.76460752303439872e+17,0,21,1,5.76460752303439872e+17,0,21,1,5.76460752303439872e+17,0,21,2,3.32306998946247858e+35,0,21,2,3.32306998946247858e+35,1,20,1,5.76460752303439872e+17
5,3,P_3,18,3,1,5.76460752303513600e+17,0,21,1,5.76460752303439872e+17,18,3,1,5.76460752303513600e+17,18,3,1,5.76460752303439872e+17,18,3,2,3.32306998946290359e+35,18,3,2,3.32306998946290359e+35,19,2,1,5.76460752303767552e+17
5,3,q_3_0,0,21,1,5.76460752303439872e+17,0,21,1,5.76460752303439872e+17,0,21,1,5.76460752303439872e+17,0,21,1,5.76460752303439872e+17,0,21,2,3.32306998946247858e+35,0,21,2,3.32306998946247858e+35,1,20,1,5.76460752303439872e+17
5,3,q_3_1,0,21,1,5.76460752303439872e+17,0,21,1,5.76460752303439872e+17,0,21,1,5.76460752303439872e+17,0,21,1,5.76460752303439872e+17,0,21,2,3.32306998946247858e+35,0,21,2,3.32306998946247858e+35,1,20,1,5.76460752303439872e+17
5,3,q_3_2,0,21,1,5.76460752303439872e+17,0,21,1,5.76460752303439872e+17,0,21,1,5.76460752303439872e+17,0,21,1,5.76460752303439872e+17,0,21,2,3.32306998946247858e+35,0,21,2,3.32306998946247858e+35,1,20,1,5.76460752303439872e+17
5,4,M_u_col_0,16,5,2,3.32306998945331719e+35,0,21,1,5.76460752303439872e+17,17,4,1,5.76460752302153728e+17,17,4,1,5.76460752303439872e+17,17,4,2,3.32306998945506446e+35,17,4,2,3.32306998945506446e+35,18,3,1,5.76460752303513600e+17
5,4,M_y_col_0,0,21,1,5.76460752303439872e+17,0,21,1,5.76460752303439872e+17,0,21,1,5.76460752303439872e+17,0,21,1,5.76460752303439872e+17,0,21,2,3.32306998946247858e+35,0,21,2,3.32306998946247858e+35,1,20,1,5.76460752303439872e+17
5,4,M_u_col_1,16,5,2,3.32306998945331719e+35,0,21,1,5.76460752303439872e+17,17,4,1,5.76460752302153728e+17,17,4,1,5.76460752303439872e+17,17,4,2,3.32306998945506446e+35,17,4,2,3.32306998945506446e+35,18,3,1,5.76460752303513600e+17
5,4,M_y_col_1,0,21,1,5.76460752303439872e+17,0,21,1,5.76460752303439872e+17,0,21,1,5.76460752303439872e+17,0,21,1,5.76460752303439872e+17,0,21,2,3.32306998946247858e+35,0,21,2,3.32306998946247858e+35,1,20,1,5.76460752303439872e+17
5,4,M_u_col_2,16,5,2,3.32306998945331719e+35,0,21,1,5.76460752303439872e+17,17,4,1,5.76460752302153728e+17,17,4,1,5.76460752303439872e+17,17,4,2,3.32306998945506446e+35,17,4,2,3.32306998945506446e+35,18,3,1,5.76460752303513600e+17
5,4,M_y_col_2,0,21,1,5.76460752303439872e+17,0,21,1,5.76460752303439872e+17,0,21,1,5.76460752303439872e+17,0,21,1,5.76460752303439872e+17,0,21,2,3.32306998946247858e+35,0,21,2,3.32306998946247858e+35,1,20,1,5.76460752303439872e+17
5,4,M_u_col_3,16,5,2,3.32306998945331719e+35,0,21,1,5.76460752303439872e+17,17,4,1,5.76460752302153728e+17,17,4,1,5.76460752303439872e+17,17,4,2,3.32306998945506446e+35,17,4,2,3.32306998945506446e+35,18,3,1,5.76460752303513600e+17
5,4,M_y_col_3,0,21,1,5.76460752303439872e+17,0,21,1,5.76460752303439872e+17,0,21,1,5.76460752303439872e+17,0,21,1,5.76460752303439872e+17,0,21,2,3.32306998946247858e+35,0,21,2,3.32306998946247858e+35,1,20,1,5.76460752303439872e+17
6,0,P_0,18,3,1,5.76460752303513600e+17,0,21,1,5.76460752303439872e+17,18,3,1,5.76460752303513600e+17,18,3,1,5.76460752303439872e+17,18,3,2,3.32306998946290359e+35,18,3,2,3.32306998946290359e+35,19,2,1,5.76460752303767552e+17
6,1,P_1,18,3,1,5.76460752303513600e+17,0,21,1,5.76460752303439872e+17,18,3,1,5.76460752303513600e+17,18,3,1,5.76460752303439872e+17,18,3,2,3.32306998946290359e+35,18,3,2,3.32306998946290359e+35,19,2,1,5.76460752303767552e+17
6,1,q_1_0,0,21,1,5.76460752303439872e+17,0,21,1,5.76460752303439872e+17,0,21,1,5.76460752303439872e+17,0,21,1,5.76460752303439872e+17,0,21,2,3.32306998946247858e+35,0,21,2,3.32306998946247858e+35,1,20,1,5.76460752303439872e+17
6,2,P_2,18,3,1,5.76460752303513600e+17,0,21,1,5.76460752303439872e+17,18,3,1,5.76460752303513600e+17,18,3,1,5.76460752303439872e+17,18,3,2,3.32306998946290359e+35,18,3,2,3.32306998946290359e+35,19,2,1,5.76460752303767552e+17
6,2,q_2_0,0,21,1,5.76460752303439872e+17,0,21,1,5.76460752303439872e+17,0,21,1,5.76460752303439872e+17,0,21,1,5.76460752303439872e+17,0,21,2,3.32306998946247858e+35,0,21,2,3.32306998946247858e+35,1,20,1,5.76460752303439872e+17
6,2,q_2_1,0,21,1,5.76460752303439872e+17,0,21,1,5.76460752303439872e+17,0,21,1,5.76460752303439872e+17,0,21,1,5.76460752303439872e+17,0,21,2,3.32306998946247858e+35,0,21,2,3.32306998946247858e+35,1,20,1,5.76460752303439872e+17
6,3,P_3,18,3,1,5.76460752303513600e+17,0,21,1,5.76460752303439872e+17,18,3,1,5.76460752303513600e+17,18,3,1,5.76460752303439872e+17,18,3,2,3.32306998946290359e+35,18,3,2,3.32306998946290359e+35,19,2,1,5.76460752303767552e+17
6,3,q_3_0,0,21,1,5.76460752303439872e+17,0,21,1,5.76460752303439872e+17,0,21,1,5.76460752303439872e+17,0,21,1,5.76460752303439872e+17,0,21,2,3.32306998946247858e+35,0,21,2,3.32306998946247858e+35,1,20,1,5.76460752303439872e+17
6,3,q_3_1,0,21,1,5.76460752303439872e+17,0,21,1,5.76460752303439872e+17,0,21,1,5.76460752303439872e+17,0,21,1,5.76460752303439872e+17,0,21,2,3.32306998946247858e+35,0,21,2,3.32306998946247858e+35,1,20,1,5.76460752303439872e+17
6,3,q_3_2,0,21,1,5.76460752303439872e+17,0,21,1,5.76460752303439872e+17,0,21,1,5.76460752303439872e+17,0,21,1,5.76460752303439872e+17,0,21,2,3.32306998946247858e+35,0,21,2,3.32306998946247858e+35,1,20,1,5.76460752303439872e+17
6,4,M_u_col_0,16,5,2,3.32306998945331719e+35,0,21,1,5.76460752303439872e+17,17,4,1,5.76460752302153728e+17,17,4,1,5.76460752303439872e+17,17,4,2,3.32306998945506446e+35,17,4,2,3.32306998945506446e+35,18,3,1,5.76460752303513600e+17
6,4,M_y_col_0,0,21,1,5.76460752303439872e+17,0,21,1,5.76460752303439872e+17,0,21,1,5.76460752303439872e+17,0,21,1,5.76460752303439872e+17,0,21,2,3.32306998946247858e+35,0,21,2,3.32306998946247858e+35,1,20,1,5.76460752303439872e+17
6,4,M_u_col_1,16,5,2,3.32306998945331719e+35,0,21,1,5.76460752303439872e+17,17,4,1,5.76460752302153728e+17,17,4,1,5.76460752303439872e+17,17,4,2,3.32306998945506446e+35,17,4,2,3.32306998945506446e+35,18,3,1,5.76460752303513600e+17
6,4,M_y_col_1,0,21,1,5.76460752303439872e+17,0,21,1,5.76460752303439872e+17,0,21,1,5.76460752303439872e+17,0,21,1,5.76460752303439872e+17,0,21,2,3.32306998946247858e+35,0,21,2,3.32306998946247858e+35,1,20,1,5.76460752303439872e+17
6,4,M_u_col_2,16,5,2,3.32306998945331719e+35,0,21,1,5.76460752303439872e+17,17,4,1,5.76460752302153728e+17,17,4,1,5.76460752303439872e+17,17,4,2,3.32306998945506446e+35,17,4,2,3.32306998945506446e+35,18,3,1,5.76460752303513600e+17
6,4,M_y_col_2,0,21,1,5.76460752303439872e+17,0,21,1,5.76460752303439872e+17,0,21,1,5.76460752303439872e+17,0,21,1,5.76460752303439872e+17,0,21,2,3.32306998946247858e+35,0,21,2,3.32306998946247858e+35,1,20,1,5.76460752303439872e+17
6,4,M_u_col_3,16,5,2,3.32306998945331719e+35,0,21,1,5.76460752303439872e+17,17,4,1,5.76460752302153728e+17,17,4,1,5.76460752303439872e+17,17,4,2,3.32306998945506446e+35,17,4,2,3.32306998945506446e+35,18,3,1,5.76460752303513600e+17
6,4,M_y_col_3,0,21,1,5.76460752303439872e+17,0,21,1,5.76460752303439872e+17,0,21,1,5.76460752303439872e+17,0,21,1,5.76460752303439872e+17,0,21,2,3.32306998946247858e+35,0,21,2,3.32306998946247858e+35,1,20,1,5.76460752303439872e+17
7,0,P_0,18,3,1,5.76460752303513600e+17,0,21,1,5.76460752303439872e+17,18,3,1,5.76460752303513600e+17,18,3,1,5.76460752303439872e+17,18,3,2,3.32306998946290359e+35,18,3,2,3.32306998946290359e+35,19,2,1,5.76460752303767552e+17
7,1,P_1,18,3,1,5.76460752303513600e+17,0,21,1,5.76460752303439872e+17,18,3,1,5.76460752303513600e+17,18,3,1,5.76460752303439872e+17,18,3,2,3.32306998946290359e+35,18,3,2,3.32306998946290359e+35,19,2,1,5.76460752303767552e+17
7,1,q_1_0,0,21,1,5.76460752303439872e+17,0,21,1,5.76460752303439872e+17,0,21,1,5.76460752303439872e+17,0,21,1,5.76460752303439872e+17,0,21,2,3.32306998946247858e+35,0,21,2,3.32306998946247858e+35,1,20,1,5.76460752303439872e+17
7,2,P_2,18,3,1,5.76460752303513600e+17,0,21,1,5.76460752303439872e+17,18,3,1,5.76460752303513600e+17,18,3,1,5.76460752303439872e+17,18,3,2,3.32306998946290359e+35,18,3,2,3.32306998946290359e+35,19,2,1,5.76460752303767552e+17
7,2,q_2_0,0,21,1,5.76460752303439872e+17,0,21,1,5.76460752303439872e+17,0,21,1,5.76460752303439872e+17,0,21,1,5.76460752303439872e+17,0,21,2,3.32306998946247858e+35,0,21,2,3.32306998946247858e+35,1,20,1,5.76460752303439872e+17
7,2,q_2_1,0,21,1,5.76460752303439872e+17,0,21,1,5.76460752303439872e+17,0,21,1,5.76460752303439872e+17,0,21,1,5.76460752303439872e+17,0,21,2,3.32306998946247858e+35,0,21,2,3.32306998946247858e+35,1,20,1,5.76460752303439872e+17
7,3,P_3,18,3,1,5.76460752303513600e+17,0,21,1,5.76460752303439872e+17,18,3,1,5.76460752303513600e+17,18,3,1,5.76460752303439872e+17,18,3,2,3.32306998946290359e+35,18,3,2,3.32306998946290359e+35,19,2,1,5.76460752303767552e+17
7,3,q_3_0,0,21,1,5.76460752303439872e+17,0,21,1,5.76460752303439872e+17,0,21,1,5.76460752303439872e+17,0,21,1,5.76460752303439872e+17,0,21,2,3.32306998946247858e+35,0,21,2,3.32306998946247858e+35,1,20,1,5.76460752303439872e+17
7,3,q_3_1,0,21,1,5.76460752303439872e+17,0,21,1,5.76460752303439872e+17,0,21,1,5.76460752303439872e+17,0,21,1,5.76460752303439872e+17,0,21,2,3.32306998946247858e+35,0,21,2,3.32306998946247858e+35,1,20,1,5.76460752303439872e+17
7,3,q_3_2,0,21,1,5.76460752303439872e+17,0,21,1,5.76460752303439872e+17,0,21,1,5.76460752303439872e+17,0,21,1,5.76460752303439872e+17,0,21,2,3.32306998946247858e+35,0,21,2,3.32306998946247858e+35,1,20,1,5.76460752303439872e+17
7,4,M_u_col_0,16,5,2,3.32306998945331719e+35,0,21,1,5.76460752303439872e+17,17,4,1,5.76460752302153728e+17,17,4,1,5.76460752303439872e+17,17,4,2,3.32306998945506446e+35,17,4,2,3.32306998945506446e+35,18,3,1,5.76460752303513600e+17
7,4,M_y_col_0,0,21,1,5.76460752303439872e+17,0,21,1,5.76460752303439872e+17,0,21,1,5.76460752303439872e+17,0,21,1,5.76460752303439872e+17,0,21,2,3.32306998946247858e+35,0,21,2,3.32306998946247858e+35,1,20,1,5.76460752303439872e+17
7,4,M_u_col_1,16,5,2,3.32306998945331719e+35,0,21,1,5.76460752303439872e+17,17,4,1,5.76460752302153728e+17,17,4,1,5.76460752303439872e+17,17,4,2,3.32306998945506446e+35,17,4,2,3.32306998945506446e+35,18,3,1,5.76460752303513600e+17
7,4,M_y_col_1,0,21,1,5.76460752303439872e+17,0,21,1,5.76460752303439872e+17,0,21,1,5.76460752303439872e+17,0,21,1,5.76460752303439872e+17,0,21,2,3.32306998946247858e+35,0,21,2,3.32306998946247858e+35,1,20,1,5.76460752303439872e+17
7,4,M_u_col_2,16,5,2,3.32306998945331719e+35,0,21,1,5.76460752303439872e+17,17,4,1,5.76460752302153728e+17,17,4,1,5.76460752303439872e+17,17,4,2,3.32306998945506446e+35,17,4,2,3.32306998945506446e+35,18,3,1,5.76460752303513600e+17
7,4,M_y_col_2,0,21,1,5.76460752303439872e+17,0,21,1,5.76460752303439872e+17,0,21,1,5.76460752303439872e+17,0,21,1,5.76460752303439872e+17,0,21,2,3.32306998946247858e+35,0,21,2,3.32306998946247858e+35,1,20,1,5.76460752303439872e+17
7,4,M_u_col_3,16,5,2,3.32306998945331719e+35,0,21,1,5.76460752303439872e+17,17,4,1,5.76460752302153728e+17,17,4,1,5.76460752303439872e+17,17,4,2,3.32306998945506446e+35,17,4,2,3.32306998945506446e+35,18,3,1,5.76460752303513600e+17
7,4,M_y_col_3,0,21,1,5.76460752303439872e+17,0,21,1,5.76460752303439872e+17,0,21,1,5.76460752303439872e+17,0,21,1,5.76460752303439872e+17,0,21,2,3.32306998946247858e+35,0,21,2,3.32306998946247858e+35,1,20,1,5.76460752303439872e+17
8,0,P_0,18,3,1,5.76460752303513600e+17,0,21,1,5.76460752303439872e+17,18,3,1,5.76460752303513600e+17,18,3,1,5.76460752303439872e+17,18,3,2,3.32306998946290359e+35,18,3,2,3.32306998946290359e+35,19,2,1,5.76460752303767552e+17
8,1,P_1,18,3,1,5.76460752303513600e+17,0,21,1,5.76460752303439872e+17,18,3,1,5.76460752303513600e+17,18,3,1,5.76460752303439872e+17,18,3,2,3.32306998946290359e+35,18,3,2,3.32306998946290359e+35,19,2,1,5.76460752303767552e+17
8,1,q_1_0,0,21,1,5.76460752303439872e+17,0,21,1,5.76460752303439872e+17,0,21,1,5.76460752303439872e+17,0,21,1,5.76460752303439872e+17,0,21,2,3.32306998946247858e+35,0,21,2,3.32306998946247858e+35,1,20,1,5.76460752303439872e+17
8,2,P_2,18,3,1,5.76460752303513600e+17,0,21,1,5.76460752303439872e+17,18,3,1,5.76460752303513600e+17,18,3,1,5.76460752303439872e+17,18,3,2,3.32306998946290359e+35,18,3,2,3.32306998946290359e+35,19,2,1,5.76460752303767552e+17
8,2,q_2_0,0,21,1,5.76460752303439872e+17,0,21,1,5.76460752303439872e+17,0,21,1,5.76460752303439872e+17,0,21,1,5.76460752303439872e+17,0,21,2,3.32306998946247858e+35,0,21,2,3.32306998946247858e+35,1,20,1,5.76460752303439872e+17
8,2,q_2_1,0,21,1,5.76460752303439872e+17,0,21,1,5.76460752303439872e+17,0,21,1,5.76460752303439872e+17,0,21,1,5.76460752303439872e+17,0,21,2,3.32306998946247858e+35,0,21,2,3.32306998946247858e+35,1,20,1,5.76460752303439872e+17
8,3,P_3,18,3,1,5.76460752303513600e+17,0,21,1,5.76460752303439872e+17,18,3,1,5.76460752303513600e+17,18,3,1,5.76460752303439872e+17,18,3,2,3.32306998946290359e+35,18,3,2,3.32306998946290359e+35,19,2,1,5.76460752303767552e+17
8,3,q_3_0,0,21,1,5.76460752303439872e+17,0,21,1,5.76460752303439872e+17,0,21,1,5.76460752303439872e+17,0,21,1,5.76460752303439872e+17,0,21,2,3.32306998946247858e+35,0,21,2,3.32306998946247858e+35,1,20,1,5.76460752303439872e+17
8,3,q_3_1,0,21,1,5.76460752303439872e+17,0,21,1,5.76460752303439872e+17,0,21,1,5.76460752303439872e+17,0,21,1,5.76460752303439872e+17,0,21,2,3.32306998946247858e+35,0,21,2,3.32306998946247858e+35,1,20,1,5.76460752303439872e+17
8,3,q_3_2,0,21,1,5.76460752303439872e+17,0,21,1,5.76460752303439872e+17,0,21,1,5.76460752303439872e+17,0,21,1,5.76460752303439872e+17,0,21,2,3.32306998946247858e+35,0,21,2,3.32306998946247858e+35,1,20,1,5.76460752303439872e+17
8,4,M_u_col_0,16,5,2,3.32306998945331719e+35,0,21,1,5.76460752303439872e+17,17,4,1,5.76460752302153728e+17,17,4,1,5.76460752303439872e+17,17,4,2,3.32306998945506446e+35,17,4,2,3.32306998945506446e+35,18,3,1,5.76460752303513600e+17
8,4,M_y_col_0,0,21,1,5.76460752303439872e+17,0,21,1,5.76460752303439872e+17,0,21,1,5.76460752303439872e+17,0,21,1,5.76460752303439872e+17,0,21,2,3.32306998946247858e+35,0,21,2,3.32306998946247858e+35,1,20,1,5.76460752303439872e+17
8,4,M_u_col_1,16,5,2,3.32306998945331719e+35,0,21,1,5.76460752303439872e+17,17,4,1,5.76460752302153728e+17,17,4,1,5.76460752303439872e+17,17,4,2,3.32306998945506446e+35,17,4,2,3.32306998945506446e+35,18,3,1,5.76460752303513600e+17
8,4,M_y_col_1,0,21,1,5.76460752303439872e+17,0,21,1,5.76460752303439872e+17,0,21,1,5.76460752303439872e+17,0,21,1,5.76460752303439872e+17,0,21,2,3.32306998946247858e+35,0,21,2,3.32306998946247858e+35,1,20,1,5.76460752303439872e+17
8,4,M_u_col_2,16,5,2,3.32306998945331719e+35,0,21,1,5.76460752303439872e+17,17,4,1,5.76460752302153728e+17,17,4,1,5.76460752303439872e+17,17,4,2,3.32306998945506446e+35,17,4,2,3.32306998945506446e+35,18,3,1,5.76460752303513600e+17
8,4,M_y_col_2,0,21,1,5.76460752303439872e+17,0,21,1,5.76460752303439872e+17,0,21,1,5.76460752303439872e+17,0,21,1,5.76460752303439872e+17,0,21,2,3.32306998946247858e+35,0,21,2,3.32306998946247858e+35,1,20,1,5.76460752303439872e+17
8,4,M_u_col_3,16,5,2,3.32306998945331719e+35,0,21,1,5.76460752303439872e+17,17,4,1,5.76460752302153728e+17,17,4,1,5.76460752303439872e+17,17,4,2,3.32306998945506446e+35,17,4,2,3.32306998945506446e+35,18,3,1,5.76460752303513600e+17
8,4,M_y_col_3,0,21,1,5.76460752303439872e+17,0,21,1,5.76460752303439872e+17,0,21,1,5.76460752303439872e+17,0,21,1,5.76460752303439872e+17,0,21,2,3.32306998946247858e+35,0,21,2,3.32306998946247858e+35,1,20,1,5.76460752303439872e+17
9,0,P_0,18,3,1,5.76460752303513600e+17,0,21,1,5.76460752303439872e+17,18,3,1,5.76460752303513600e+17,18,3,1,5.76460752303439872e+17,18,3,2,3.32306998946290359e+35,18,3,2,3.32306998946290359e+35,19,2,1,5.76460752303767552e+17
9,1,P_1,18,3,1,5.76460752303513600e+17,0,21,1,5.76460752303439872e+17,18,3,1,5.76460752303513600e+17,18,3,1,5.76460752303439872e+17,18,3,2,3.32306998946290359e+35,18,3,2,3.32306998946290359e+35,19,2,1,5.76460752303767552e+17
9,1,q_1_0,0,21,1,5.76460752303439872e+17,0,21,1,5.76460752303439872e+17,0,21,1,5.76460752303439872e+17,0,21,1,5.76460752303439872e+17,0,21,2,3.32306998946247858e+35,0,21,2,3.32306998946247858e+35,1,20,1,5.76460752303439872e+17
9,2,P_2,18,3,1,5.76460752303513600e+17,0,21,1,5.76460752303439872e+17,18,3,1,5.76460752303513600e+17,18,3,1,5.76460752303439872e+17,18,3,2,3.32306998946290359e+35,18,3,2,3.32306998946290359e+35,19,2,1,5.76460752303767552e+17
9,2,q_2_0,0,21,1,5.76460752303439872e+17,0,21,1,5.76460752303439872e+17,0,21,1,5.76460752303439872e+17,0,21,1,5.76460752303439872e+17,0,21,2,3.32306998946247858e+35,0,21,2,3.32306998946247858e+35,1,20,1,5.76460752303439872e+17
9,2,q_2_1,0,21,1,5.76460752303439872e+17,0,21,1,5.76460752303439872e+17,0,21,1,5.76460752303439872e+17,0,21,1,5.76460752303439872e+17,0,21,2,3.32306998946247858e+35,0,21,2,3.32306998946247858e+35,1,20,1,5.76460752303439872e+17
9,3,P_3,18,3,1,5.76460752303513600e+17,0,21,1,5.76460752303439872e+17,18,3,1,5.76460752303513600e+17,18,3,1,5.76460752303439872e+17,18,3,2,3.32306998946290359e+35,18,3,2,3.32306998946290359e+35,19,2,1,5.76460752303767552e+17
9,3,q_3_0,0,21,1,5.76460752303439872e+17,0,21,1,5.76460752303439872e+17,0,21,1,5.76460752303439872e+17,0,21,1,5.76460752303439872e+17,0,21,2,3.32306998946247858e+35,0,21,2,3.32306998946247858e+35,1,20,1,5.76460752303439872e+17
9,3,q_3_1,0,21,1,5.76460752303439872e+17,0,21,1,5.76460752303439872e+17,0,21,1,5.76460752303439872e+17,0,21,1,5.76460752303439872e+17,0,21,2,3.32306998946247858e+35,0,21,2,3.32306998946247858e+35,1,20,1,5.76460752303439872e+17
9,3,q_3_2,0,21,1,5.76460752303439872e+17,0,21,1,5.76460752303439872e+17,0,21,1,5.76460752303439872e+17,0,21,1,5.76460752303439872e+17,0,21,2,3.32306998946247858e+35,0,21,2,3.32306998946247858e+35,1,20,1,5.76460752303439872e+17
9,4,M_u_col_0,16,5,2,3.32306998945331719e+35,0,21,1,5.76460752303439872e+17,17,4,1,5.76460752302153728e+17,17,4,1,5.76460752303439872e+17,17,4,2,3.32306998945506446e+35,17,4,2,3.32306998945506446e+35,18,3,1,5.76460752303513600e+17
9,4,M_y_col_0,0,21,1,5.76460752303439872e+17,0,21,1,5.76460752303439872e+17,0,21,1,5.76460752303439872e+17,0,21,1,5.76460752303439872e+17,0,21,2,3.32306998946247858e+35,0,21,2,3.32306998946247858e+35,1,20,1,5.76460752303439872e+17
9,4,M_u_col_1,16,5,2,3.32306998945331719e+35,0,21,1,5.76460752303439872e+17,17,4,1,5.76460752302153728e+17,17,4,1,5.76460752303439872e+17,17,4,2,3.32306998945506446e+35,17,4,2,3.32306998945506446e+35,18,3,1,5.76460752303513600e+17
9,4,M_y_col_1,0,21,1,5.76460752303439872e+17,0,21,1,5.76460752303439872e+17,0,21,1,5.76460752303439872e+17,0,21,1,5.76460752303439872e+17,0,21,2,3.32306998946247858e+35,0,21,2,3.32306998946247858e+35,1,20,1,5.76460752303439872e+17
9,4,M_u_col_2,16,5,2,3.32306998945331719e+35,0,21,1,5.76460752303439872e+17,17,4,1,5.76460752302153728e+17,17,4,1,5.76460752303439872e+17,17,4,2,3.32306998945506446e+35,17,4,2,3.32306998945506446e+35,18,3,1,5.76460752303513600e+17
9,4,M_y_col_2,0,21,1,5.76460752303439872e+17,0,21,1,5.76460752303439872e+17,0,21,1,5.76460752303439872e+17,0,21,1,5.76460752303439872e+17,0,21,2,3.32306998946247858e+35,0,21,2,3.32306998946247858e+35,1,20,1,5.76460752303439872e+17
9,4,M_u_col_3,16,5,2,3.32306998945331719e+35,0,21,1,5.76460752303439872e+17,17,4,1,5.76460752302153728e+17,17,4,1,5.76460752303439872e+17,17,4,2,3.32306998945506446e+35,17,4,2,3.32306998945506446e+35,18,3,1,5.76460752303513600e+17
9,4,M_y_col_3,0,21,1,5.76460752303439872e+17,0,21,1,5.76460752303439872e+17,0,21,1,5.76460752303439872e+17,0,21,1,5.76460752303439872e+17,0,21,2,3.32306998946247858e+35,0,21,2,3.32306998946247858e+35,1,20,1,5.76460752303439872e+17
10,0,P_0,18,3,1,5.76460752303513600e+17,0,21,1,5.76460752303439872e+17,18,3,1,5.76460752303513600e+17,18,3,1,5.76460752303439872e+17,18,3,2,3.32306998946290359e+35,18,3,2,3.32306998946290359e+35,19,2,1,5.76460752303767552e+17
10,1,P_1,18,3,1,5.76460752303513600e+17,0,21,1,5.76460752303439872e+17,18,3,1,5.76460752303513600e+17,18,3,1,5.76460752303439872e+17,18,3,2,3.32306998946290359e+35,18,3,2,3.32306998946290359e+35,19,2,1,5.76460752303767552e+17
10,1,q_1_0,0,21,1,5.76460752303439872e+17,0,21,1,5.76460752303439872e+17,0,21,1,5.76460752303439872e+17,0,21,1,5.76460752303439872e+17,0,21,2,3.32306998946247858e+35,0,21,2,3.32306998946247858e+35,1,20,1,5.76460752303439872e+17
10,2,P_2,18,3,1,5.76460752303513600e+17,0,21,1,5.76460752303439872e+17,18,3,1,5.76460752303513600e+17,18,3,1,5.76460752303439872e+17,18,3,2,3.32306998946290359e+35,18,3,2,3.32306998946290359e+35,19,2,1,5.76460752303767552e+17
10,2,q_2_0,0,21,1,5.76460752303439872e+17,0,21,1,5.76460752303439872e+17,0,21,1,5.76460752303439872e+17,0,21,1,5.76460752303439872e+17,0,21,2,3.32306998946247858e+35,0,21,2,3.32306998946247858e+35,1,20,1,5.76460752303439872e+17
10,2,q_2_1,0,21,1,5.76460752303439872e+17,0,21,1,5.76460752303439872e+17,0,21,1,5.76460752303439872e+17,0,21,1,5.76460752303439872e+17,0,21,2,3.32306998946247858e+35,0,21,2,3.32306998946247858e+35,1,20,1,5.76460752303439872e+17
10,3,P_3,18,3,1,5.76460752303513600e+17,0,21,1,5.76460752303439872e+17,18,3,1,5.76460752303513600e+17,18,3,1,5.76460752303439872e+17,18,3,2,3.32306998946290359e+35,18,3,2,3.32306998946290359e+35,19,2,1,5.76460752303767552e+17
10,3,q_3_0,0,21,1,5.76460752303439872e+17,0,21,1,5.76460752303439872e+17,0,21,1,5.76460752303439872e+17,0,21,1,5.76460752303439872e+17,0,21,2,3.32306998946247858e+35,0,21,2,3.32306998946247858e+35,1,20,1,5.76460752303439872e+17
10,3,q_3_1,0,21,1,5.76460752303439872e+17,0,21,1,5.76460752303439872e+17,0,21,1,5.76460752303439872e+17,0,21,1,5.76460752303439872e+17,0,21,2,3.32306998946247858e+35,0,21,2,3.32306998946247858e+35,1,20,1,5.76460752303439872e+17
10,3,q_3_2,0,21,1,5.76460752303439872e+17,0,21,1,5.76460752303439872e+17,0,21,1,5.76460752303439872e+17,0,21,1,5.76460752303439872e+17,0,21,2,3.32306998946247858e+35,0,21,2,3.32306998946247858e+35,1,20,1,5.76460752303439872e+17
10,4,M_u_col_0,16,5,2,3.32306998945331719e+35,0,21,1,5.76460752303439872e+17,17,4,1,5.76460752302153728e+17,17,4,1,5.76460752303439872e+17,17,4,2,3.32306998945506446e+35,17,4,2,3.32306998945506446e+35,18,3,1,5.76460752303513600e+17
10,4,M_y_col_0,0,21,1,5.76460752303439872e+17,0,21,1,5.76460752303439872e+17,0,21,1,5.76460752303439872e+17,0,21,1,5.76460752303439872e+17,0,21,2,3.32306998946247858e+35,0,21,2,3.32306998946247858e+35,1,20,1,5.76460752303439872e+17
10,4,M_u_col_1,16,5,2,3.32306998945331719e+35,0,21,1,5.76460752303439872e+17,17,4,1,5.76460752302153728e+17,17,4,1,5.76460752303439872e+17,17,4,2,3.32306998945506446e+35,17,4,2,3.32306998945506446e+35,18,3,1,5.76460752303513600e+17
10,4,M_y_col_1,0,21,1,5.76460752303439872e+17,0,21,1,5.76460752303439872e+17,0,21,1,5.76460752303439872e+17,0,21,1,5.76460752303439872e+17,0,21,2,3.32306998946247858e+35,0,21,2,3.32306998946247858e+35,1,20,1,5.76460752303439872e+17
10,4,M_u_col_2,16,5,2,3.32306998945331719e+35,0,21,1,5.76460752303439872e+17,17,4,1,5.76460752302153728e+17,17,4,1,5.76460752303439872e+17,17,4,2,3.32306998945506446e+35,17,4,2,3.32306998945506446e+35,18,3,1,5.76460752303513600e+17
10,4,M_y_col_2,0,21,1,5.76460752303439872e+17,0,21,1,5.76460752303439872e+17,0,21,1,5.76460752303439872e+17,0,21,1,5.76460752303439872e+17,0,21,2,3.32306998946247858e+35,0,21,2,3.32306998946247858e+35,1,20,1,5.76460752303439872e+17
10,4,M_u_col_3,16,5,2,3.32306998945331719e+35,0,21,1,5.76460752303439872e+17,17,4,1,5.76460752302153728e+17,17,4,1,5.76460752303439872e+17,17,4,2,3.32306998945506446e+35,17,4,2,3.32306998945506446e+35,18,3,1,5.76460752303513600e+17
10,4,M_y_col_3,0,21,1,5.76460752303439872e+17,0,21,1,5.76460752303439872e+17,0,21,1,5.76460752303439872e+17,0,21,1,5.76460752303439872e+17,0,21,2,3.32306998946247858e+35,0,21,2,3.32306998946247858e+35,1,20,1,5.76460752303439872e+17
11,0,P_0,18,3,1,5.76460752303513600e+17,0,21,1,5.76460752303439872e+17,18,3,1,5.76460752303513600e+17,18,3,1,5.76460752303439872e+17,18,3,2,3.32306998946290359e+35,18,3,2,3.32306998946290359e+35,19,2,1,5.76460752303767552e+17
11,1,P_1,18,3,1,5.76460752303513600e+17,0,21,1,5.76460752303439872e+17,18,3,1,5.76460752303513600e+17,18,3,1,5.76460752303439872e+17,18,3,2,3.32306998946290359e+35,18,3,2,3.32306998946290359e+35,19,2,1,5.76460752303767552e+17
11,1,q_1_0,0,21,1,5.76460752303439872e+17,0,21,1,5.76460752303439872e+17,0,21,1,5.76460752303439872e+17,0,21,1,5.76460752303439872e+17,0,21,2,3.32306998946247858e+35,0,21,2,3.32306998946247858e+35,1,20,1,5.76460752303439872e+17
11,2,P_2,18,3,1,5.76460752303513600e+17,0,21,1,5.76460752303439872e+17,18,3,1,5.76460752303513600e+17,18,3,1,5.76460752303439872e+17,18,3,2,3.32306998946290359e+35,18,3,2,3.32306998946290359e+35,19,2,1,5.76460752303767552e+17
11,2,q_2_0,0,21,1,5.76460752303439872e+17,0,21,1,5.76460752303439872e+17,0,21,1,5.76460752303439872e+17,0,21,1,5.76460752303439872e+17,0,21,2,3.32306998946247858e+35,0,21,2,3.32306998946247858e+35,1,20,1,5.76460752303439872e+17
11,2,q_2_1,0,21,1,5.76460752303439872e+17,0,21,1,5.76460752303439872e+17,0,21,1,5.76460752303439872e+17,0,21,1,5.76460752303439872e+17,0,21,2,3.32306998946247858e+35,0,21,2,3.32306998946247858e+35,1,20,1,5.76460752303439872e+17
11,3,P_3,18,3,1,5.76460752303513600e+17,0,21,1,5.76460752303439872e+17,18,3,1,5.76460752303513600e+17,18,3,1,5.76460752303439872e+17,18,3,2,3.32306998946290359e+35,18,3,2,3.32306998946290359e+35,19,2,1,5.76460752303767552e+17
11,3,q_3_0,0,21,1,5.76460752303439872e+17,0,21,1,5.76460752303439872e+17,0,21,1,5.76460752303439872e+17,0,21,1,5.76460752303439872e+17,0,21,2,3.32306998946247858e+35,0,21,2,3.32306998946247858e+35,1,20,1,5.76460752303439872e+17
11,3,q_3_1,0,21,1,5.76460752303439872e+17,0,21,1,5.76460752303439872e+17,0,21,1,5.76460752303439872e+17,0,21,1,5.76460752303439872e+17,0,21,2,3.32306998946247858e+35,0,21,2,3.32306998946247858e+35,1,20,1,5.76460752303439872e+17
11,3,q_3_2,0,21,1,5.76460752303439872e+17,0,21,1,5.76460752303439872e+17,0,21,1,5.76460752303439872e+17,0,21,1,5.76460752303439872e+17,0,21,2,3.32306998946247858e+35,0,21,2,3.32306998946247858e+35,1,20,1,5.76460752303439872e+17
11,4,M_u_col_0,16,5,2,3.32306998945331719e+35,0,21,1,5.76460752303439872e+17,17,4,1,5.76460752302153728e+17,17,4,1,5.76460752303439872e+17,17,4,2,3.32306998945506446e+35,17,4,2,3.32306998945506446e+35,18,3,1,5.76460752303513600e+17
11,4,M_y_col_0,0,21,1,5.76460752303439872e+17,0,21,1,5.76460752303439872e+17,0,21,1,5.76460752303439872e+17,0,21,1,5.76460752303439872e+17,0,21,2,3.32306998946247858e+35,0,21,2,3.32306998946247858e+35,1,20,1,5.76460752303439872e+17
11,4,M_u_col_1,16,5,2,3.32306998945331719e+35,0,21,1,5.76460752303439872e+17,17,4,1,5.76460752302153728e+17,17,4,1,5.76460752303439872e+17,17,4,2,3.32306998945506446e+35,17,4,2,3.32306998945506446e+35,18,3,1,5.76460752303513600e+17
11,4,M_y_col_1,0,21,1,5.76460752303439872e+17,0,21,1,5.76460752303439872e+17,0,21,1,5.76460752303439872e+17,0,21,1,5.76460752303439872e+17,0,21,2,3.32306998946247858e+35,0,21,2,3.32306998946247858e+35,1,20,1,5.76460752303439872e+17
11,4,M_u_col_2,16,5,2,3.32306998945331719e+35,0,21,1,5.76460752303439872e+17,17,4,1,5.76460752302153728e+17,17,4,1,5.76460752303439872e+17,17,4,2,3.32306998945506446e+35,17,4,2,3.32306998945506446e+35,18,3,1,5.76460752303513600e+17
11,4,M_y_col_2,0,21,1,5.76460752303439872e+17,0,21,1,5.76460752303439872e+17,0,21,1,5.76460752303439872e+17,0,21,1,5.76460752303439872e+17,0,21,2,3.32306998946247858e+35,0,21,2,3.32306998946247858e+35,1,20,1,5.76460752303439872e+17
11,4,M_u_col_3,16,5,2,3.32306998945331719e+35,0,21,1,5.76460752303439872e+17,17,4,1,5.76460752302153728e+17,17,4,1,5.76460752303439872e+17,17,4,2,3.32306998945506446e+35,17,4,2,3.32306998945506446e+35,18,3,1,5.76460752303513600e+17
11,4,M_y_col_3,0,21,1,5.76460752303439872e+17,0,21,1,5.76460752303439872e+17,0,21,1,5.76460752303439872e+17,0,21,1,5.76460752303439872e+17,0,21,2,3.32306998946247858e+35,0,21,2,3.32306998946247858e+35,1,20,1,5.76460752303439872e+17
12,0,P_0,18,3,1,5.76460752303513600e+17,0,21,1,5.76460752303439872e+17,18,3,1,5.76460752303513600e+17,18,3,1,5.76460752303439872e+17,18,3,2,3.32306998946290359e+35,18,3,2,3.32306998946290359e+35,19,2,1,5.76460752303767552e+17
12,1,P_1,18,3,1,5.76460752303513600e+17,0,21,1,5.76460752303439872e+17,18,3,1,5.76460752303513600e+17,18,3,1,5.76460752303439872e+17,18,3,2,3.32306998946290359e+35,18,3,2,3.32306998946290359e+35,19,2,1,5.76460752303767552e+17
12,1,q_1_0,0,21,1,5.76460752303439872e+17,0,21,1,5.76460752303439872e+17,0,21,1,5.76460752303439872e+17,0,21,1,5.76460752303439872e+17,0,21,2,3.32306998946247858e+35,0,21,2,3.32306998946247858e+35,1,20,1,5.76460752303439872e+17
12,2,P_2,18,3,1,5.76460752303513600e+17,0,21,1,5.76460752303439872e+17,18,3,1,5.76460752303513600e+17,18,3,1,5.76460752303439872e+17,18,3,2,3.32306998946290359e+35,18,3,2,3.32306998946290359e+35,19,2,1,5.76460752303767552e+17
12,2,q_2_0,0,21,1,5.76460752303439872e+17,0,21,1,5.76460752303439872e+17,0,21,1,5.76460752303439872e+17,0,21,1,5.76460752303439872e+17,0,21,2,3.32306998946247858e+35,0,21,2,3.32306998946247858e+35,1,20,1,5.76460752303439872e+17
12,2,q_2_1,0,21,1,5.76460752303439872e+17,0,21,1,5.76460752303439872e+17,0,21,1,5.76460752303439872e+17,0,21,1,5.76460752303439872e+17,0,21,2,3.32306998946247858e+35,0,21,2,3.32306998946247858e+35,1,20,1,5.76460752303439872e+17
12,3,P_3,18,3,1,5.76460752303513600e+17,0,21,1,5.76460752303439872e+17,18,3,1,5.76460752303513600e+17,18,3,1,5.76460752303439872e+17,18,3,2,3.32306998946290359e+35,18,3,2,3.32306998946290359e+35,19,2,1,5.76460752303767552e+17
12,3,q_3_0,0,21,1,5.76460752303439872e+17,0,21,1,5.76460752303439872e+17,0,21,1,5.76460752303439872e+17,0,21,1,5.76460752303439872e+17,0,21,2,3.32306998946247858e+35,0,21,2,3.32306998946247858e+35,1,20,1,5.76460752303439872e+17
12,3,q_3_1,0,21,1,5.76460752303439872e+17,0,21,1,5.76460752303439872e+17,0,21,1,5.76460752303439872e+17,0,21,1,5.76460752303439872e+17,0,21,2,3.32306998946247858e+35,0,21,2,3.32306998946247858e+35,1,20,1,5.76460752303439872e+17
12,3,q_3_2,0,21,1,5.76460752303439872e+17,0,21,1,5.76460752303439872e+17,0,21,1,5.76460752303439872e+17,0,21,1,5.76460752303439872e+17,0,21,2,3.32306998946247858e+35,0,21,2,3.32306998946247858e+35,1,20,1,5.76460752303439872e+17
12,4,M_u_col_0,16,5,2,3.32306998945331719e+35,0,21,1,5.76460752303439872e+17,17,4,1,5.76460752302153728e+17,17,4,1,5.76460752303439872e+17,17,4,2,3.32306998945506446e+35,17,4,2,3.32306998945506446e+35,18,3,1,5.76460752303513600e+17
12,4,M_y_col_0,0,21,1,5.76460752303439872e+17,0,21,1,5.76460752303439872e+17,0,21,1,5.76460752303439872e+17,0,21,1,5.76460752303439872e+17,0,21,2,3.32306998946247858e+35,0,21,2,3.32306998946247858e+35,1,20,1,5.76460752303439872e+17
12,4,M_u_col_1,16,5,2,3.32306998945331719e+35,0,21,1,5.76460752303439872e+17,17,4,1,5.76460752302153728e+17,17,4,1,5.76460752303439872e+17,17,4,2,3.32306998945506446e+35,17,4,2,3.32306998945506446e+35,18,3,1,5.76460752303513600e+17
12,4,M_y_col_1,0,21,1,5.76460752303439872e+17,0,21,1,5.76460752303439872e+17,0,21,1,5.76460752303439872e+17,0,21,1,5.76460752303439872e+17,0,21,2,3.32306998946247858e+35,0,21,2,3.32306998946247858e+35,1,20,1,5.76460752303439872e+17
12,4,M_u_col_2,16,5,2,3.32306998945331719e+35,0,21,1,5.76460752303439872e+17,17,4,1,5.76460752302153728e+17,17,4,1,5.76460752303439872e+17,17,4,2,3.32306998945506446e+35,17,4,2,3.32306998945506446e+35,18,3,1,5.76460752303513600e+17
12,4,M_y_col_2,0,21,1,5.76460752303439872e+17,0,21,1,5.76460752303439872e+17,0,21,1,5.76460752303439872e+17,0,21,1,5.76460752303439872e+17,0,21,2,3.32306998946247858e+35,0,21,2,3.32306998946247858e+35,1,20,1,5.76460752303439872e+17
12,4,M_u_col_3,16,5,2,3.32306998945331719e+35,0,21,1,5.76460752303439872e+17,17,4,1,5.76460752302153728e+17,17,4,1,5.76460752303439872e+17,17,4,2,3.32306998945506446e+35,17,4,2,3.32306998945506446e+35,18,3,1,5.76460752303513600e+17
12,4,M_y_col_3,0,21,1,5.76460752303439872e+17,0,21,1,5.76460752303439872e+17,0,21,1,5.76460752303439872e+17,0,21,1,5.76460752303439872e+17,0,21,2,3.32306998946247858e+35,0,21,2,3.32306998946247858e+35,1,20,1,5.76460752303439872e+17
13,0,P_0,18,3,1,5.76460752303513600e+17,0,21,1,5.76460752303439872e+17,18,3,1,5.76460752303513600e+17,18,3,1,5.76460752303439872e+17,18,3,2,3.32306998946290359e+35,18,3,2,3.32306998946290359e+35,19,2,1,5.76460752303767552e+17
13,1,P_1,18,3,1,5.76460752303513600e+17,0,21,1,5.76460752303439872e+17,18,3,1,5.76460752303513600e+17,18,3,1,5.76460752303439872e+17,18,3,2,3.32306998946290359e+35,18,3,2,3.32306998946290359e+35,19,2,1,5.76460752303767552e+17
13,1,q_1_0,0,21,1,5.76460752303439872e+17,0,21,1,5.76460752303439872e+17,0,21,1,5.76460752303439872e+17,0,21,1,5.76460752303439872e+17,0,21,2,3.32306998946247858e+35,0,21,2,3.32306998946247858e+35,1,20,1,5.76460752303439872e+17
13,2,P_2,18,3,1,5.76460752303513600e+17,0,21,1,5.76460752303439872e+17,18,3,1,5.76460752303513600e+17,18,3,1,5.76460752303439872e+17,18,3,2,3.32306998946290359e+35,18,3,2,3.32306998946290359e+35,19,2,1,5.76460752303767552e+17
13,2,q_2_0,0,21,1,5.76460752303439872e+17,0,21,1,5.76460752303439872e+17,0,21,1,5.76460752303439872e+17,0,21,1,5.76460752303439872e+17,0,21,2,3.32306998946247858e+35,0,21,2,3.32306998946247858e+35,1,20,1,5.76460752303439872e+17
13,2,q_2_1,0,21,1,5.76460752303439872e+17,0,21,1,5.76460752303439872e+17,0,21,1,5.76460752303439872e+17,0,21,1,5.76460752303439872e+17,0,21,2,3.32306998946247858e+35,0,21,2,3.32306998946247858e+35,1,20,1,5.76460752303439872e+17
13,3,P_3,18,3,1,5.76460752303513600e+17,0,21,1,5.76460752303439872e+17,18,3,1,5.76460752303513600e+17,18,3,1,5.76460752303439872e+17,18,3,2,3.32306998946290359e+35,18,3,2,3.32306998946290359e+35,19,2,1,5.76460752303767552e+17
13,3,q_3_0,0,21,1,5.76460752303439872e+17,0,21,1,5.76460752303439872e+17,0,21,1,5.76460752303439872e+17,0,21,1,5.76460752303439872e+17,0,21,2,3.32306998946247858e+35,0,21,2,3.32306998946247858e+35,1,20,1,5.76460752303439872e+17
13,3,q_3_1,0,21,1,5.76460752303439872e+17,0,21,1,5.76460752303439872e+17,0,21,1,5.76460752303439872e+17,0,21,1,5.76460752303439872e+17,0,21,2,3.32306998946247858e+35,0,21,2,3.32306998946247858e+35,1,20,1,5.76460752303439872e+17
13,3,q_3_2,0,21,1,5.76460752303439872e+17,0,21,1,5.76460752303439872e+17,0,21,1,5.76460752303439872e+17,0,21,1,5.76460752303439872e+17,0,21,2,3.32306998946247858e+35,0,21,2,3.32306998946247858e+35,1,20,1,5.76460752303439872e+17
13,4,M_u_col_0,16,5,2,3.32306998945331719e+35,0,21,1,5.76460752303439872e+17,17,4,1,5.76460752302153728e+17,17,4,1,5.76460752303439872e+17,17,4,2,3.32306998945506446e+35,17,4,2,3.32306998945506446e+35,18,3,1,5.76460752303513600e+17
13,4,M_y_col_0,0,21,1,5.76460752303439872e+17,0,21,1,5.76460752303439872e+17,0,21,1,5.76460752303439872e+17,0,21,1,5.76460752303439872e+17,0,21,2,3.32306998946247858e+35,0,21,2,3.32306998946247858e+35,1,20,1,5.76460752303439872e+17
13,4,M_u_col_1,16,5,2,3.32306998945331719e+35,0,21,1,5.76460752303439872e+17,17,4,1,5.76460752302153728e+17,17,4,1,5.76460752303439872e+17,17,4,2,3.32306998945506446e+35,17,4,2,3.32306998945506446e+35,18,3,1,5.76460752303513600e+17
13,4,M_y_col_1,0,21,1,5.76460752303439872e+17,0,21,1,5.76460752303439872e+17,0,21,1,5.76460752303439872e+17,0,21,1,5.76460752303439872e+17,0,21,2,3.32306998946247858e+35,0,21,2,3.32306998946247858e+35,1,20,1,5.76460752303439872e+17
13,4,M_u_col_2,16,5,2,3.32306998945331719e+35,0,21,1,5.76460752303439872e+17,17,4,1,5.76460752302153728e+17,17,4,1,5.76460752303439872e+17,17,4,2,3.32306998945506446e+35,17,4,2,3.32306998945506446e+35,18,3,1,5.76460752303513600e+17
13,4,M_y_col_2,0,21,1,5.76460752303439872e+17,0,21,1,5.76460752303439872e+17,0,21,1,5.76460752303439872e+17,0,21,1,5.76460752303439872e+17,0,21,2,3.32306998946247858e+35,0,21,2,3.32306998946247858e+35,1,20,1,5.76460752303439872e+17
13,4,M_u_col_3,16,5,2,3.32306998945331719e+35,0,21,1,5.76460752303439872e+17,17,4,1,5.76460752302153728e+17,17,4,1,5.76460752303439872e+17,17,4,2,3.32306998945506446e+35,17,4,2,3.32306998945506446e+35,18,3,1,5.76460752303513600e+17
13,4,M_y_col_3,0,21,1,5.76460752303439872e+17,0,21,1,5.76460752303439872e+17,0,21,1,5.76460752303439872e+17,0,21,1,5.76460752303439872e+17,0,21,2,3.32306998946247858e+35,0,21,2,3.32306998946247858e+35,1,20,1,5.76460752303439872e+17
14,0,P_0,18,3,1,5.76460752303513600e+17,0,21,1,5.76460752303439872e+17,18,3,1,5.76460752303513600e+17,18,3,1,5.76460752303439872e+17,18,3,2,3.32306998946290359e+35,18,3,2,3.32306998946290359e+35,19,2,1,5.76460752303767552e+17
14,1,P_1,18,3,1,5.76460752303513600e+17,0,21,1,5.76460752303439872e+17,18,3,1,5.76460752303513600e+17,18,3,1,5.76460752303439872e+17,18,3,2,3.32306998946290359e+35,18,3,2,3.32306998946290359e+35,19,2,1,5.76460752303767552e+17
14,1,q_1_0,0,21,1,5.76460752303439872e+17,0,21,1,5.76460752303439872e+17,0,21,1,5.76460752303439872e+17,0,21,1,5.76460752303439872e+17,0,21,2,3.32306998946247858e+35,0,21,2,3.32306998946247858e+35,1,20,1,5.76460752303439872e+17
14,2,P_2,18,3,1,5.76460752303513600e+17,0,21,1,5.76460752303439872e+17,18,3,1,5.76460752303513600e+17,18,3,1,5.76460752303439872e+17,18,3,2,3.32306998946290359e+35,18,3,2,3.32306998946290359e+35,19,2,1,5.76460752303767552e+17
14,2,q_2_0,0,21,1,5.76460752303439872e+17,0,21,1,5.76460752303439872e+17,0,21,1,5.76460752303439872e+17,0,21,1,5.76460752303439872e+17,0,21,2,3.32306998946247858e+35,0,21,2,3.32306998946247858e+35,1,20,1,5.76460752303439872e+17
14,2,q_2_1,0,21,1,5.76460752303439872e+17,0,21,1,5.76460752303439872e+17,0,21,1,5.76460752303439872e+17,0,21,1,5.76460752303439872e+17,0,21,2,3.32306998946247858e+35,0,21,2,3.32306998946247858e+35,1,20,1,5.76460752303439872e+17
14,3,P_3,18,3,1,5.76460752303513600e+17,0,21,1,5.76460752303439872e+17,18,3,1,5.76460752303513600e+17,18,3,1,5.76460752303439872e+17,18,3,2,3.32306998946290359e+35,18,3,2,3.32306998946290359e+35,19,2,1,5.76460752303767552e+17
14,3,q_3_0,0,21,1,5.76460752303439872e+17,0,21,1,5.76460752303439872e+17,0,21,1,5.76460752303439872e+17,0,21,1,5.76460752303439872e+17,0,21,2,3.32306998946247858e+35,0,21,2,3.32306998946247858e+35,1,20,1,5.76460752303439872e+17
14,3,q_3_1,0,21,1,5.76460752303439872e+17,0,21,1,5.76460752303439872e+17,0,21,1,5.76460752303439872e+17,0,21,1,5.76460752303439872e+17,0,21,2,3.32306998946247858e+35,0,21,2,3.32306998946247858e+35,1,20,1,5.76460752303439872e+17
14,3,q_3_2,0,21,1,5.76460752303439872e+17,0,21,1,5.76460752303439872e+17,0,21,1,5.76460752303439872e+17,0,21,1,5.76460752303439872e+17,0,21,2,3.32306998946247858e+35,0,21,2,3.32306998946247858e+35,1,20,1,5.76460752303439872e+17
14,4,M_u_col_0,16,5,2,3.32306998945331719e+35,0,21,1,5.76460752303439872e+17,17,4,1,5.76460752302153728e+17,17,4,1,5.76460752303439872e+17,17,4,2,3.32306998945506446e+35,17,4,2,3.32306998945506446e+35,18,3,1,5.76460752303513600e+17
14,4,M_y_col_0,0,21,1,5.76460752303439872e+17,0,21,1,5.76460752303439872e+17,0,21,1,5.76460752303439872e+17,0,21,1,5.76460752303439872e+17,0,21,2,3.32306998946247858e+35,0,21,2,3.32306998946247858e+35,1,20,1,5.76460752303439872e+17
14,4,M_u_col_1,16,5,2,3.32306998945331719e+35,0,21,1,5.76460752303439872e+17,17,4,1,5.76460752302153728e+17,17,4,1,5.76460752303439872e+17,17,4,2,3.32306998945506446e+35,17,4,2,3.32306998945506446e+35,18,3,1,5.76460752303513600e+17
14,4,M_y_col_1,0,21,1,5.76460752303439872e+17,0,21,1,5.76460752303439872e+17,0,21,1,5.76460752303439872e+17,0,21,1,5.76460752303439872e+17,0,21,2,3.32306998946247858e+35,0,21,2,3.32306998946247858e+35,1,20,1,5.76460752303439872e+17
14,4,M_u_col_2,16,5,2,3.32306998945331719e+35,0,21,1,5.76460752303439872e+17,17,4,1,5.76460752302153728e+17,17,4,1,5.76460752303439872e+17,17,4,2,3.32306998945506446e+35,17,4,2,3.32306998945506446e+35,18,3,1,5.76460752303513600e+17
14,4,M_y_col_2,0,21,1,5.76460752303439872e+17,0,21,1,5.76460752303439872e+17,0,21,1,5.76460752303439872e+17,0,21,1,5.76460752303439872e+17,0,21,2,3.32306998946247858e+35,0,21,2,3.32306998946247858e+35,1,20,1,5.76460752303439872e+17
14,4,M_u_col_3,16,5,2,3.32306998945331719e+35,0,21,1,5.76460752303439872e+17,17,4,1,5.76460752302153728e+17,17,4,1,5.76460752303439872e+17,17,4,2,3.32306998945506446e+35,17,4,2,3.32306998945506446e+35,18,3,1,5.76460752303513600e+17
14,4,M_y_col_3,0,21,1,5.76460752303439872e+17,0,21,1,5.76460752303439872e+17,0,21,1,5.76460752303439872e+17,0,21,1,5.76460752303439872e+17,0,21,2,3.32306998946247858e+35,0,21,2,3.32306998946247858e+35,1,20,1,5.76460752303439872e+17
15,0,P_0,18,3,1,5.76460752303513600e+17,0,21,1,5.76460752303439872e+17,18,3,1,5.76460752303513600e+17,18,3,1,5.76460752303439872e+17,18,3,2,3.32306998946290359e+35,18,3,2,3.32306998946290359e+35,19,2,1,5.76460752303767552e+17
15,1,P_1,18,3,1,5.76460752303513600e+17,0,21,1,5.76460752303439872e+17,18,3,1,5.76460752303513600e+17,18,3,1,5.76460752303439872e+17,18,3,2,3.32306998946290359e+35,18,3,2,3.32306998946290359e+35,19,2,1,5.76460752303767552e+17
15,1,q_1_0,0,21,1,5.76460752303439872e+17,0,21,1,5.76460752303439872e+17,0,21,1,5.76460752303439872e+17,0,21,1,5.76460752303439872e+17,0,21,2,3.32306998946247858e+35,0,21,2,3.32306998946247858e+35,1,20,1,5.76460752303439872e+17
15,2,P_2,18,3,1,5.76460752303513600e+17,0,21,1,5.76460752303439872e+17,18,3,1,5.76460752303513600e+17,18,3,1,5.76460752303439872e+17,18,3,2,3.32306998946290359e+35,18,3,2,3.32306998946290359e+35,19,2,1,5.76460752303767552e+17
15,2,q_2_0,0,21,1,5.76460752303439872e+17,0,21,1,5.76460752303439872e+17,0,21,1,5.76460752303439872e+17,0,21,1,5.76460752303439872e+17,0,21,2,3.32306998946247858e+35,0,21,2,3.32306998946247858e+35,1,20,1,5.76460752303439872e+17
15,2,q_2_1,0,21,1,5.76460752303439872e+17,0,21,1,5.76460752303439872e+17,0,21,1,5.76460752303439872e+17,0,21,1,5.76460752303439872e+17,0,21,2,3.32306998946247858e+35,0,21,2,3.32306998946247858e+35,1,20,1,5.76460752303439872e+17
15,3,P_3,18,3,1,5.76460752303513600e+17,0,21,1,5.76460752303439872e+17,18,3,1,5.76460752303513600e+17,18,3,1,5.76460752303439872e+17,18,3,2,3.32306998946290359e+35,18,3,2,3.32306998946290359e+35,19,2,1,5.76460752303767552e+17
15,3,q_3_0,0,21,1,5.76460752303439872e+17,0,21,1,5.76460752303439872e+17,0,21,1,5.76460752303439872e+17,0,21,1,5.76460752303439872e+17,0,21,2,3.32306998946247858e+35,0,21,2,3.32306998946247858e+35,1,20,1,5.76460752303439872e+17
15,3,q_3_1,0,21,1,5.76460752303439872e+17,0,21,1,5.76460752303439872e+17,0,21,1,5.76460752303439872e+17,0,21,1,5.76460752303439872e+17,0,21,2,3.32306998946247858e+35,0,21,2,3.32306998946247858e+35,1,20,1,5.76460752303439872e+17
15,3,q_3_2,0,21,1,5.76460752303439872e+17,0,21,1,5.76460752303439872e+17,0,21,1,5.76460752303439872e+17,0,21,1,5.76460752303439872e+17,0,21,2,3.32306998946247858e+35,0,21,2,3.32306998946247858e+35,1,20,1,5.76460752303439872e+17
15,4,M_u_col_0,16,5,2,3.32306998945331719e+35,0,21,1,5.76460752303439872e+17,17,4,1,5.76460752302153728e+17,17,4,1,5.76460752303439872e+17,17,4,2,3.32306998945506446e+35,17,4,2,3.32306998945506446e+35,18,3,1,5.76460752303513600e+17
15,4,M_y_col_0,0,21,1,5.76460752303439872e+17,0,21,1,5.76460752303439872e+17,0,21,1,5.76460752303439872e+17,0,21,1,5.76460752303439872e+17,0,21,2,3.32306998946247858e+35,0,21,2,3.32306998946247858e+35,1,20,1,5.76460752303439872e+17
15,4,M_u_col_1,16,5,2,3.32306998945331719e+35,0,21,1,5.76460752303439872e+17,17,4,1,5.76460752302153728e+17,17,4,1,5.76460752303439872e+17,17,4,2,3.32306998945506446e+35,17,4,2,3.32306998945506446e+35,18,3,1,5.76460752303513600e+17
15,4,M_y_col_1,0,21,1,5.76460752303439872e+17,0,21,1,5.76460752303439872e+17,0,21,1,5.76460752303439872e+17,0,21,1,5.76460752303439872e+17,0,21,2,3.32306998946247858e+35,0,21,2,3.32306998946247858e+35,1,20,1,5.76460752303439872e+17
15,4,M_u_col_2,16,5,2,3.32306998945331719e+35,0,21,1,5.76460752303439872e+17,17,4,1,5.76460752302153728e+17,17,4,1,5.76460752303439872e+17,17,4,2,3.32306998945506446e+35,17,4,2,3.32306998945506446e+35,18,3,1,5.76460752303513600e+17
15,4,M_y_col_2,0,21,1,5.76460752303439872e+17,0,21,1,5.76460752303439872e+17,0,21,1,5.76460752303439872e+17,0,21,1,5.76460752303439872e+17,0,21,2,3.32306998946247858e+35,0,21,2,3.32306998946247858e+35,1,20,1,5.76460752303439872e+17
15,4,M_u_col_3,16,5,2,3.32306998945331719e+35,0,21,1,5.76460752303439872e+17,17,4,1,5.76460752302153728e+17,17,4,1,5.76460752303439872e+17,17,4,2,3.32306998945506446e+35,17,4,2,3.32306998945506446e+35,18,3,1,5.76460752303513600e+17
15,4,M_y_col_3,0,21,1,5.76460752303439872e+17,0,21,1,5.76460752303439872e+17,0,21,1,5.76460752303439872e+17,0,21,1,5.76460752303439872e+17,0,21,2,3.32306998946247858e+35,0,21,2,3.32306998946247858e+35,1,20,1,5.76460752303439872e+17
16,0,P_0,18,3,1,5.76460752303513600e+17,0,21,1,5.76460752303439872e+17,18,3,1,5.76460752303513600e+17,18,3,1,5.76460752303439872e+17,18,3,2,3.32306998946290359e+35,18,3,2,3.32306998946290359e+35,19,2,1,5.76460752303767552e+17
16,1,P_1,18,3,1,5.76460752303513600e+17,0,21,1,5.76460752303439872e+17,18,3,1,5.76460752303513600e+17,18,3,1,5.76460752303439872e+17,18,3,2,3.32306998946290359e+35,18,3,2,3.32306998946290359e+35,19,2,1,5.76460752303767552e+17
16,1,q_1_0,0,21,1,5.76460752303439872e+17,0,21,1,5.76460752303439872e+17,0,21,1,5.76460752303439872e+17,0,21,1,5.76460752303439872e+17,0,21,2,3.32306998946247858e+35,0,21,2,3.32306998946247858e+35,1,20,1,5.76460752303439872e+17
16,2,P_2,18,3,1,5.76460752303513600e+17,0,21,1,5.76460752303439872e+17,18,3,1,5.76460752303513600e+17,18,3,1,5.76460752303439872e+17,18,3,2,3.32306998946290359e+35,18,3,2,3.32306998946290359e+35,19,2,1,5.76460752303767552e+17
16,2,q_2_0,0,21,1,5.76460752303439872e+17,0,21,1,5.76460752303439872e+17,0,21,1,5.76460752303439872e+17,0,21,1,5.76460752303439872e+17,0,21,2,3.32306998946247858e+35,0,21,2,3.32306998946247858e+35,1,20,1,5.76460752303439872e+17
16,2,q_2_1,0,21,1,5.76460752303439872e+17,0,21,1,5.76460752303439872e+17,0,21,1,5.76460752303439872e+17,0,21,1,5.76460752303439872e+17,0,21,2,3.32306998946247858e+35,0,21,2,3.32306998946247858e+35,1,20,1,5.76460752303439872e+17
16,3,P_3,18,3,1,5.76460752303513600e+17,0,21,1,5.76460752303439872e+17,18,3,1,5.76460752303513600e+17,18,3,1,5.76460752303439872e+17,18,3,2,3.32306998946290359e+35,18,3,2,3.32306998946290359e+35,19,2,1,5.76460752303767552e+17
16,3,q_3_0,0,21,1,5.76460752303439872e+17,0,21,1,5.76460752303439872e+17,0,21,1,5.76460752303439872e+17,0,21,1,5.76460752303439872e+17,0,21,2,3.32306998946247858e+35,0,21,2,3.32306998946247858e+35,1,20,1,5.76460752303439872e+17
16,3,q_3_1,0,21,1,5.76460752303439872e+17,0,21,1,5.76460752303439872e+17,0,21,1,5.76460752303439872e+17,0,21,1,5.76460752303439872e+17,0,21,2,3.32306998946247858e+35,0,21,2,3.32306998946247858e+35,1,20,1,5.76460752303439872e+17
16,3,q_3_2,0,21,1,5.76460752303439872e+17,0,21,1,5.76460752303439872e+17,0,21,1,5.76460752303439872e+17,0,21,1,5.76460752303439872e+17,0,21,2,3.32306998946247858e+35,0,21,2,3.32306998946247858e+35,1,20,1,5.76460752303439872e+17
16,4,M_u_col_0,16,5,2,3.32306998945331719e+35,0,21,1,5.76460752303439872e+17,17,4,1,5.76460752302153728e+17,17,4,1,5.76460752303439872e+17,17,4,2,3.32306998945506446e+35,17,4,2,3.32306998945506446e+35,18,3,1,5.76460752303513600e+17
16,4,M_y_col_0,0,21,1,5.76460752303439872e+17,0,21,1,5.76460752303439872e+17,0,21,1,5.76460752303439872e+17,0,21,1,5.76460752303439872e+17,0,21,2,3.32306998946247858e+35,0,21,2,3.32306998946247858e+35,1,20,1,5.76460752303439872e+17
16,4,M_u_col_1,16,5,2,3.32306998945331719e+35,0,21,1,5.76460752303439872e+17,17,4,1,5.76460752302153728e+17,17,4,1,5.76460752303439872e+17,17,4,2,3.32306998945506446e+35,17,4,2,3.32306998945506446e+35,18,3,1,5.76460752303513600e+17
16,4,M_y_col_1,0,21,1,5.76460752303439872e+17,0,21,1,5.76460752303439872e+17,0,21,1,5.76460752303439872e+17,0,21,1,5.76460752303439872e+17,0,21,2,3.32306998946247858e+35,0,21,2,3.32306998946247858e+35,1,20,1,5.76460752303439872e+17
16,4,M_u_col_2,16,5,2,3.32306998945331719e+35,0,21,1,5.76460752303439872e+17,17,4,1,5.76460752302153728e+17,17,4,1,5.76460752303439872e+17,17,4,2,3.32306998945506446e+35,17,4,2,3.32306998945506446e+35,18,3,1,5.76460752303513600e+17
16,4,M_y_col_2,0,21,1,5.76460752303439872e+17,0,21,1,5.76460752303439872e+17,0,21,1,5.76460752303439872e+17,0,21,1,5.76460752303439872e+17,0,21,2,3.32306998946247858e+35,0,21,2,3.32306998946247858e+35,1,20,1,5.76460752303439872e+17
16,4,M_u_col_3,16,5,2,3.32306998945331719e+35,0,21,1,5.76460752303439872e+17,17,4,1,5.76460752302153728e+17,17,4,1,5.76460752303439872e+17,17,4,2,3.32306998945506446e+35,17,4,2,3.32306998945506446e+35,18,3,1,5.76460752303513600e+17
16,4,M_y_col_3,0,21,1,5.76460752303439872e+17,0,21,1,5.76460752303439872e+17,0,21,1,5.76460752303439872e+17,0,21,1,5.76460752303439872e+17,0,21,2,3.32306998946247858e+35,0,21,2,3.32306998946247858e+35,1,20,1,5.76460752303439872e+17
17,0,P_0,18,3,1,5.76460752303513600e+17,0,21,1,5.76460752303439872e+17,18,3,1,5.76460752303513600e+17,18,3,1,5.76460752303439872e+17,18,3,2,3.32306998946290359e+35,18,3,2,3.32306998946290359e+35,19,2,1,5.76460752303767552e+17
17,1,P_1,18,3,1,5.76460752303513600e+17,0,21,1,5.76460752303439872e+17,18,3,1,5.76460752303513600e+17,18,3,1,5.76460752303439872e+17,18,3,2,3.32306998946290359e+35,18,3,2,3.32306998946290359e+35,19,2,1,5.76460752303767552e+17
17,1,q_1_0,0,21,1,5.76460752303439872e+17,0,21,1,5.76460752303439872e+17,0,21,1,5.76460752303439872e+17,0,21,1,5.76460752303439872e+17,0,21,2,3.32306998946247858e+35,0,21,2,3.32306998946247858e+35,1,20,1,5.76460752303439872e+17
17,2,P_2,18,3,1,5.76460752303513600e+17,0,21,1,5.76460752303439872e+17,18,3,1,5.76460752303513600e+17,18,3,1,5.76460752303439872e+17,18,3,2,3.32306998946290359e+35,18,3,2,3.32306998946290359e+35,19,2,1,5.76460752303767552e+17
17,2,q_2_0,0,21,1,5.76460752303439872e+17,0,21,1,5.76460752303439872e+17,0,21,1,5.76460752303439872e+17,0,21,1,5.76460752303439872e+17,0,21,2,3.32306998946247858e+35,0,21,2,3.32306998946247858e+35,1,20,1,5.76460752303439872e+17
17,2,q_2_1,0,21,1,5.76460752303439872e+17,0,21,1,5.76460752303439872e+17,0,21,1,5.76460752303439872e+17,0,21,1,5.76460752303439872e+17,0,21,2,3.32306998946247858e+35,0,21,2,3.32306998946247858e+35,1,20,1,5.76460752303439872e+17
17,3,P_3,18,3,1,5.76460752303513600e+17,0,21,1,5.76460752303439872e+17,18,3,1,5.76460752303513600e+17,18,3,1,5.76460752303439872e+17,18,3,2,3.32306998946290359e+35,18,3,2,3.32306998946290359e+35,19,2,1,5.76460752303767552e+17
17,3,q_3_0,0,21,1,5.76460752303439872e+17,0,21,1,5.76460752303439872e+17,0,21,1,5.76460752303439872e+17,0,21,1,5.76460752303439872e+17,0,21,2,3.32306998946247858e+35,0,21,2,3.32306998946247858e+35,1,20,1,5.76460752303439872e+17
17,3,q_3_1,0,21,1,5.76460752303439872e+17,0,21,1,5.76460752303439872e+17,0,21,1,5.76460752303439872e+17,0,21,1,5.76460752303439872e+17,0,21,2,3.32306998946247858e+35,0,21,2,3.32306998946247858e+35,1,20,1,5.76460752303439872e+17
17,3,q_3_2,0,21,1,5.76460752303439872e+17,0,21,1,5.76460752303439872e+17,0,21,1,5.76460752303439872e+17,0,21,1,5.76460752303439872e+17,0,21,2,3.32306998946247858e+35,0,21,2,3.32306998946247858e+35,1,20,1,5.76460752303439872e+17
17,4,M_u_col_0,16,5,2,3.32306998945331719e+35,0,21,1,5.76460752303439872e+17,17,4,1,5.76460752302153728e+17,17,4,1,5.76460752303439872e+17,17,4,2,3.32306998945506446e+35,17,4,2,3.32306998945506446e+35,18,3,1,5.76460752303513600e+17
17,4,M_y_col_0,0,21,1,5.76460752303439872e+17,0,21,1,5.76460752303439872e+17,0,21,1,5.76460752303439872e+17,0,21,1,5.76460752303439872e+17,0,21,2,3.32306998946247858e+35,0,21,2,3.32306998946247858e+35,1,20,1,5.76460752303439872e+17
17,4,M_u_col_1,16,5,2,3.32306998945331719e+35,0,21,1,5.76460752303439872e+17,17,4,1,5.76460752302153728e+17,17,4,1,5.76460752303439872e+17,17,4,2,3.32306998945506446e+35,17,4,2,3.32306998945506446e+35,18,3,1,5.76460752303513600e+17
17,4,M_y_col_1,0,21,1,5.76460752303439872e+17,0,21,1,5.76460752303439872e+17,0,21,1,5.76460752303439872e+17,0,21,1,5.76460752303439872e+17,0,21,2,3.32306998946247858e+35,0,21,2,3.32306998946247858e+35,1,20,1,5.76460752303439872e+17
17,4,M_u_col_2,16,5,2,3.32306998945331719e+35,0,21,1,5.76460752303439872e+17,17,4,1,5.76460752302153728e+17,17,4,1,5.76460752303439872e+17,17,4,2,3.32306998945506446e+35,17,4,2,3.32306998945506446e+35,18,3,1,5.76460752303513600e+17
17,4,M_y_col_2,0,21,1,5.76460752303439872e+17,0,21,1,5.76460752303439872e+17,0,21,1,5.76460752303439872e+17,0,21,1,5.76460752303439872e+17,0,21,2,3.32306998946247858e+35,0,21,2,3.32306998946247858e+35,1,20,1,5.76460752303439872e+17
17,4,M_u_col_3,16,5,2,3.32306998945331719e+35,0,21,1,5.76460752303439872e+17,17,4,1,5.76460752302153728e+17,17,4,1,5.76460752303439872e+17,17,4,2,3.32306998945506446e+35,17,4,2,3.32306998945506446e+35,18,3,1,5.76460752303513600e+17
17,4,M_y_col_3,0,21,1,5.76460752303439872e+17,0,21,1,5.76460752303439872e+17,0,21,1,5.76460752303439872e+17,0,21,1,5.76460752303439872e+17,0,21,2,3.32306998946247858e+35,0,21,2,3.32306998946247858e+35,1,20,1,5.76460752303439872e+17
18,0,P_0,18,3,1,5.76460752303513600e+17,0,21,1,5.76460752303439872e+17,18,3,1,5.76460752303513600e+17,18,3,1,5.76460752303439872e+17,18,3,2,3.32306998946290359e+35,18,3,2,3.32306998946290359e+35,19,2,1,5.76460752303767552e+17
18,1,P_1,18,3,1,5.76460752303513600e+17,0,21,1,5.76460752303439872e+17,18,3,1,5.76460752303513600e+17,18,3,1,5.76460752303439872e+17,18,3,2,3.32306998946290359e+35,18,3,2,3.32306998946290359e+35,19,2,1,5.76460752303767552e+17
18,1,q_1_0,0,21,1,5.76460752303439872e+17,0,21,1,5.76460752303439872e+17,0,21,1,5.76460752303439872e+17,0,21,1,5.76460752303439872e+17,0,21,2,3.32306998946247858e+35,0,21,2,3.32306998946247858e+35,1,20,1,5.76460752303439872e+17
18,2,P_2,18,3,1,5.76460752303513600e+17,0,21,1,5.76460752303439872e+17,18,3,1,5.76460752303513600e+17,18,3,1,5.76460752303439872e+17,18,3,2,3.32306998946290359e+35,18,3,2,3.32306998946290359e+35,19,2,1,5.76460752303767552e+17
18,2,q_2_0,0,21,1,5.76460752303439872e+17,0,21,1,5.76460752303439872e+17,0,21,1,5.76460752303439872e+17,0,21,1,5.76460752303439872e+17,0,21,2,3.32306998946247858e+35,0,21,2,3.32306998946247858e+35,1,20,1,5.76460752303439872e+17
18,2,q_2_1,0,21,1,5.76460752303439872e+17,0,21,1,5.76460752303439872e+17,0,21,1,5.76460752303439872e+17,0,21,1,5.76460752303439872e+17,0,21,2,3.32306998946247858e+35,0,21,2,3.32306998946247858e+35,1,20,1,5.76460752303439872e+17
18,3,P_3,18,3,1,5.76460752303513600e+17,0,21,1,5.76460752303439872e+17,18,3,1,5.76460752303513600e+17,18,3,1,5.76460752303439872e+17,18,3,2,3.32306998946290359e+35,18,3,2,3.32306998946290359e+35,19,2,1,5.76460752303767552e+17
18,3,q_3_0,0,21,1,5.76460752303439872e+17,0,21,1,5.76460752303439872e+17,0,21,1,5.76460752303439872e+17,0,21,1,5.76460752303439872e+17,0,21,2,3.32306998946247858e+35,0,21,2,3.32306998946247858e+35,1,20,1,5.76460752303439872e+17
18,3,q_3_1,0,21,1,5.76460752303439872e+17,0,21,1,5.76460752303439872e+17,0,21,1,5.76460752303439872e+17,0,21,1,5.76460752303439872e+17,0,21,2,3.32306998946247858e+35,0,21,2,3.32306998946247858e+35,1,20,1,5.76460752303439872e+17
18,3,q_3_2,0,21,1,5.76460752303439872e+17,0,21,1,5.76460752303439872e+17,0,21,1,5.76460752303439872e+17,0,21,1,5.76460752303439872e+17,0,21,2,3.32306998946247858e+35,0,21,2,3.32306998946247858e+35,1,20,1,5.76460752303439872e+17
18,4,M_u_col_0,16,5,2,3.32306998945331719e+35,0,21,1,5.76460752303439872e+17,17,4,1,5.76460752302153728e+17,17,4,1,5.76460752303439872e+17,17,4,2,3.32306998945506446e+35,17,4,2,3.32306998945506446e+35,18,3,1,5.76460752303513600e+17
18,4,M_y_col_0,0,21,1,5.76460752303439872e+17,0,21,1,5.76460752303439872e+17,0,21,1,5.76460752303439872e+17,0,21,1,5.76460752303439872e+17,0,21,2,3.32306998946247858e+35,0,21,2,3.32306998946247858e+35,1,20,1,5.76460752303439872e+17
18,4,M_u_col_1,16,5,2,3.32306998945331719e+35,0,21,1,5.76460752303439872e+17,17,4,1,5.76460752302153728e+17,17,4,1,5.76460752303439872e+17,17,4,2,3.32306998945506446e+35,17,4,2,3.32306998945506446e+35,18,3,1,5.76460752303513600e+17
18,4,M_y_col_1,0,21,1,5.76460752303439872e+17,0,21,1,5.76460752303439872e+17,0,21,1,5.76460752303439872e+17,0,21,1,5.76460752303439872e+17,0,21,2,3.32306998946247858e+35,0,21,2,3.32306998946247858e+35,1,20,1,5.76460752303439872e+17
18,4,M_u_col_2,16,5,2,3.32306998945331719e+35,0,21,1,5.76460752303439872e+17,17,4,1,5.76460752302153728e+17,17,4,1,5.76460752303439872e+17,17,4,2,3.32306998945506446e+35,17,4,2,3.32306998945506446e+35,18,3,1,5.76460752303513600e+17
18,4,M_y_col_2,0,21,1,5.76460752303439872e+17,0,21,1,5.76460752303439872e+17,0,21,1,5.76460752303439872e+17,0,21,1,5.76460752303439872e+17,0,21,2,3.32306998946247858e+35,0,21,2,3.32306998946247858e+35,1,20,1,5.76460752303439872e+17
18,4,M_u_col_3,16,5,2,3.32306998945331719e+35,0,21,1,5.76460752303439872e+17,17,4,1,5.76460752302153728e+17,17,4,1,5.76460752303439872e+17,17,4,2,3.32306998945506446e+35,17,4,2,3.32306998945506446e+35,18,3,1,5.76460752303513600e+17
18,4,M_y_col_3,0,21,1,5.76460752303439872e+17,0,21,1,5.76460752303439872e+17,0,21,1,5.76460752303439872e+17,0,21,1,5.76460752303439872e+17,0,21,2,3.32306998946247858e+35,0,21,2,3.32306998946247858e+35,1,20,1,5.76460752303439872e+17
19,0,P_0,18,3,1,5.76460752303513600e+17,0,21,1,5.76460752303439872e+17,18,3,1,5.76460752303513600e+17,18,3,1,5.76460752303439872e+17,18,3,2,3.32306998946290359e+35,18,3,2,3.32306998946290359e+35,19,2,1,5.76460752303767552e+17
19,1,P_1,18,3,1,5.76460752303513600e+17,0,21,1,5.76460752303439872e+17,18,3,1,5.76460752303513600e+17,18,3,1,5.76460752303439872e+17,18,3,2,3.32306998946290359e+35,18,3,2,3.32306998946290359e+35,19,2,1,5.76460752303767552e+17
19,1,q_1_0,0,21,1,5.76460752303439872e+17,0,21,1,5.76460752303439872e+17,0,21,1,5.76460752303439872e+17,0,21,1,5.76460752303439872e+17,0,21,2,3.32306998946247858e+35,0,21,2,3.32306998946247858e+35,1,20,1,5.76460752303439872e+17
19,2,P_2,18,3,1,5.76460752303513600e+17,0,21,1,5.76460752303439872e+17,18,3,1,5.76460752303513600e+17,18,3,1,5.76460752303439872e+17,18,3,2,3.32306998946290359e+35,18,3,2,3.32306998946290359e+35,19,2,1,5.76460752303767552e+17
19,2,q_2_0,0,21,1,5.76460752303439872e+17,0,21,1,5.76460752303439872e+17,0,21,1,5.76460752303439872e+17,0,21,1,5.76460752303439872e+17,0,21,2,3.32306998946247858e+35,0,21,2,3.32306998946247858e+35,1,20,1,5.76460752303439872e+17
19,2,q_2_1,0,21,1,5.76460752303439872e+17,0,21,1,5.76460752303439872e+17,0,21,1,5.76460752303439872e+17,0,21,1,5.76460752303439872e+17,0,21,2,3.32306998946247858e+35,0,21,2,3.32306998946247858e+35,1,20,1,5.76460752303439872e+17
19,3,P_3,18,3,1,5.76460752303513600e+17,0,21,1,5.76460752303439872e+17,18,3,1,5.76460752303513600e+17,18,3,1,5.76460752303439872e+17,18,3,2,3.32306998946290359e+35,18,3,2,3.32306998946290359e+35,19,2,1,5.76460752303767552e+17
19,3,q_3_0,0,21,1,5.76460752303439872e+17,0,21,1,5.76460752303439872e+17,0,21,1,5.76460752303439872e+17,0,21,1,5.76460752303439872e+17,0,21,2,3.32306998946247858e+35,0,21,2,3.32306998946247858e+35,1,20,1,5.76460752303439872e+17
19,3,q_3_1,0,21,1,5.76460752303439872e+17,0,21,1,5.76460752303439872e+17,0,21,1,5.76460752303439872e+17,0,21,1,5.76460752303439872e+17,0,21,2,3.32306998946247858e+35,0,21,2,3.32306998946247858e+35,1,20,1,5.76460752303439872e+17
19,3,q_3_2,0,21,1,5.76460752303439872e+17,0,21,1,5.76460752303439872e+17,0,21,1,5.76460752303439872e+17,0,21,1,5.76460752303439872e+17,0,21,2,3.32306998946247858e+35,0,21,2,3.32306998946247858e+35,1,20,1,5.76460752303439872e+17
19,4,M_u_col_0,16,5,2,3.32306998945331719e+35,0,21,1,5.76460752303439872e+17,17,4,1,5.76460752302153728e+17,17,4,1,5.76460752303439872e+17,17,4,2,3.32306998945506446e+35,17,4,2,3.32306998945506446e+35,18,3,1,5.76460752303513600e+17
19,4,M_y_col_0,0,21,1,5.76460752303439872e+17,0,21,1,5.76460752303439872e+17,0,21,1,5.76460752303439872e+17,0,21,1,5.76460752303439872e+17,0,21,2,3.32306998946247858e+35,0,21,2,3.32306998946247858e+35,1,20,1,5.76460752303439872e+17
19,4,M_u_col_1,16,5,2,3.32306998945331719e+35,0,21,1,5.76460752303439872e+17,17,4,1,5.76460752302153728e+17,17,4,1,5.76460752303439872e+17,17,4,2,3.32306998945506446e+35,17,4,2,3.32306998945506446e+35,18,3,1,5.76460752303513600e+17
19,4,M_y_col_1,0,21,1,5.76460752303439872e+17,0,21,1,5.76460752303439872e+17,0,21,1,5.76460752303439872e+17,0,21,1,5.76460752303439872e+17,0,21,2,3.32306998946247858e+35,0,21,2,3.32306998946247858e+35,1,20,1,5.76460752303439872e+17
19,4,M_u_col_2,16,5,2,3.32306998945331719e+35,0,21,1,5.76460752303439872e+17,17,4,1,5.76460752302153728e+17,17,4,1,5.76460752303439872e+17,17,4,2,3.32306998945506446e+35,17,4,2,3.32306998945506446e+35,18,3,1,5.76460752303513600e+17
19,4,M_y_col_2,0,21,1,5.76460752303439872e+17,0,21,1,5.76460752303439872e+17,0,21,1,5.76460752303439872e+17,0,21,1,5.76460752303439872e+17,0,21,2,3.32306998946247858e+35,0,21,2,3.32306998946247858e+35,1,20,1,5.76460752303439872e+17
19,4,M_u_col_3,16,5,2,3.32306998945331719e+35,0,21,1,5.76460752303439872e+17,17,4,1,5.76460752302153728e+17,17,4,1,5.76460752303439872e+17,17,4,2,3.32306998945506446e+35,17,4,2,3.32306998945506446e+35,18,3,1,5.76460752303513600e+17
19,4,M_y_col_3,0,21,1,5.76460752303439872e+17,0,21,1,5.76460752303439872e+17,0,21,1,5.76460752303439872e+17,0,21,1,5.76460752303439872e+17,0,21,2,3.32306998946247858e+35,0,21,2,3.32306998946247858e+35,1,20,1,5.76460752303439872e+17
20,0,P_0,18,3,1,5.76460752303513600e+17,0,21,1,5.76460752303439872e+17,18,3,1,5.76460752303513600e+17,18,3,1,5.76460752303439872e+17,18,3,2,3.32306998946290359e+35,18,3,2,3.32306998946290359e+35,19,2,1,5.76460752303767552e+17
20,1,P_1,18,3,1,5.76460752303513600e+17,0,21,1,5.76460752303439872e+17,18,3,1,5.76460752303513600e+17,18,3,1,5.76460752303439872e+17,18,3,2,3.32306998946290359e+35,18,3,2,3.32306998946290359e+35,19,2,1,5.76460752303767552e+17
20,1,q_1_0,0,21,1,5.76460752303439872e+17,0,21,1,5.76460752303439872e+17,0,21,1,5.76460752303439872e+17,0,21,1,5.76460752303439872e+17,0,21,2,3.32306998946247858e+35,0,21,2,3.32306998946247858e+35,1,20,1,5.76460752303439872e+17
20,2,P_2,18,3,1,5.76460752303513600e+17,0,21,1,5.76460752303439872e+17,18,3,1,5.76460752303513600e+17,18,3,1,5.76460752303439872e+17,18,3,2,3.32306998946290359e+35,18,3,2,3.32306998946290359e+35,19,2,1,5.76460752303767552e+17
20,2,q_2_0,0,21,1,5.76460752303439872e+17,0,21,1,5.76460752303439872e+17,0,21,1,5.76460752303439872e+17,0,21,1,5.76460752303439872e+17,0,21,2,3.32306998946247858e+35,0,21,2,3.32306998946247858e+35,1,20,1,5.76460752303439872e+17
20,2,q_2_1,0,21,1,5.76460752303439872e+17,0,21,1,5.76460752303439872e+17,0,21,1,5.76460752303439872e+17,0,21,1,5.76460752303439872e+17,0,21,2,3.32306998946247858e+35,0,21,2,3.32306998946247858e+35,1,20,1,5.76460752303439872e+17
20,3,P_3,18,3,1,5.76460752303513600e+17,0,21,1,5.76460752303439872e+17,18,3,1,5.76460752303513600e+17,18,3,1,5.76460752303439872e+17,18,3,2,3.32306998946290359e+35,18,3,2,3.32306998946290359e+35,19,2,1,5.76460752303767552e+17
20,3,q_3_0,0,21,1,5.76460752303439872e+17,0,21,1,5.76460752303439872e+17,0,21,1,5.76460752303439872e+17,0,21,1,5.76460752303439872e+17,0,21,2,3.32306998946247858e+35,0,21,2,3.32306998946247858e+35,1,20,1,5.76460752303439872e+17
20,3,q_3_1,0,21,1,5.76460752303439872e+17,0,21,1,5.76460752303439872e+17,0,21,1,5.76460752303439872e+17,0,21,1,5.76460752303439872e+17,0,21,2,3.32306998946247858e+35,0,21,2,3.32306998946247858e+35,1,20,1,5.76460752303439872e+17
20,3,q_3_2,0,21,1,5.76460752303439872e+17,0,21,1,5.76460752303439872e+17,0,21,1,5.76460752303439872e+17,0,21,1,5.76460752303439872e+17,0,21,2,3.32306998946247858e+35,0,21,2,3.32306998946247858e+35,1,20,1,5.76460752303439872e+17
20,4,M_u_col_0,16,5,2,3.32306998945331719e+35,0,21,1,5.76460752303439872e+17,17,4,1,5.76460752302153728e+17,17,4,1,5.76460752303439872e+17,17,4,2,3.32306998945506446e+35,17,4,2,3.32306998945506446e+35,18,3,1,5.76460752303513600e+17
20,4,M_y_col_0,0,21,1,5.76460752303439872e+17,0,21,1,5.76460752303439872e+17,0,21,1,5.76460752303439872e+17,0,21,1,5.76460752303439872e+17,0,21,2,3.32306998946247858e+35,0,21,2,3.32306998946247858e+35,1,20,1,5.76460752303439872e+17
20,4,M_u_col_1,16,5,2,3.32306998945331719e+35,0,21,1,5.76460752303439872e+17,17,4,1,5.76460752302153728e+17,17,4,1,5.76460752303439872e+17,17,4,2,3.32306998945506446e+35,17,4,2,3.32306998945506446e+35,18,3,1,5.76460752303513600e+17
20,4,M_y_col_1,0,21,1,5.76460752303439872e+17,0,21,1,5.76460752303439872e+17,0,21,1,5.76460752303439872e+17,0,21,1,5.76460752303439872e+17,0,21,2,3.32306998946247858e+35,0,21,2,3.32306998946247858e+35,1,20,1,5.76460752303439872e+17
20,4,M_u_col_2,16,5,2,3.32306998945331719e+35,0,21,1,5.76460752303439872e+17,17,4,1,5.76460752302153728e+17,17,4,1,5.76460752303439872e+17,17,4,2,3.32306998945506446e+35,17,4,2,3.32306998945506446e+35,18,3,1,5.76460752303513600e+17
20,4,M_y_col_2,0,21,1,5.76460752303439872e+17,0,21,1,5.76460752303439872e+17,0,21,1,5.76460752303439872e+17,0,21,1,5.76460752303439872e+17,0,21,2,3.32306998946247858e+35,0,21,2,3.32306998946247858e+35,1,20,1,5.76460752303439872e+17
20,4,M_u_col_3,16,5,2,3.32306998945331719e+35,0,21,1,5.76460752303439872e+17,17,4,1,5.76460752302153728e+17,17,4,1,5.76460752303439872e+17,17,4,2,3.32306998945506446e+35,17,4,2,3.32306998945506446e+35,18,3,1,5.76460752303513600e+17
20,4,M_y_col_3,0,21,1,5.76460752303439872e+17,0,21,1,5.76460752303439872e+17,0,21,1,5.76460752303439872e+17,0,21,1,5.76460752303439872e+17,0,21,2,3.32306998946247858e+35,0,21,2,3.32306998946247858e+35,1,20,1,5.76460752303439872e+17
21,0,P_0,18,3,1,5.76460752303513600e+17,0,21,1,5.76460752303439872e+17,18,3,1,5.76460752303513600e+17,18,3,1,5.76460752303439872e+17,18,3,2,3.32306998946290359e+35,18,3,2,3.32306998946290359e+35,19,2,1,5.76460752303767552e+17
21,1,P_1,18,3,1,5.76460752303513600e+17,0,21,1,5.76460752303439872e+17,18,3,1,5.76460752303513600e+17,18,3,1,5.76460752303439872e+17,18,3,2,3.32306998946290359e+35,18,3,2,3.32306998946290359e+35,19,2,1,5.76460752303767552e+17
21,1,q_1_0,0,21,1,5.76460752303439872e+17,0,21,1,5.76460752303439872e+17,0,21,1,5.76460752303439872e+17,0,21,1,5.76460752303439872e+17,0,21,2,3.32306998946247858e+35,0,21,2,3.32306998946247858e+35,1,20,1,5.76460752303439872e+17
21,2,P_2,18,3,1,5.76460752303513600e+17,0,21,1,5.76460752303439872e+17,18,3,1,5.76460752303513600e+17,18,3,1,5.76460752303439872e+17,18,3,2,3.32306998946290359e+35,18,3,2,3.32306998946290359e+35,19,2,1,5.76460752303767552e+17
21,2,q_2_0,0,21,1,5.76460752303439872e+17,0,21,1,5.76460752303439872e+17,0,21,1,5.76460752303439872e+17,0,21,1,5.76460752303439872e+17,0,21,2,3.32306998946247858e+35,0,21,2,3.32306998946247858e+35,1,20,1,5.76460752303439872e+17
21,2,q_2_1,0,21,1,5.76460752303439872e+17,0,21,1,5.76460752303439872e+17,0,21,1,5.76460752303439872e+17,0,21,1,5.76460752303439872e+17,0,21,2,3.32306998946247858e+35,0,21,2,3.32306998946247858e+35,1,20,1,5.76460752303439872e+17
21,3,P_3,18,3,1,5.76460752303513600e+17,0,21,1,5.76460752303439872e+17,18,3,1,5.76460752303513600e+17,18,3,1,5.76460752303439872e+17,18,3,2,3.32306998946290359e+35,18,3,2,3.32306998946290359e+35,19,2,1,5.76460752303767552e+17
21,3,q_3_0,0,21,1,5.76460752303439872e+17,0,21,1,5.76460752303439872e+17,0,21,1,5.76460752303439872e+17,0,21,1,5.76460752303439872e+17,0,21,2,3.32306998946247858e+35,0,21,2,3.32306998946247858e+35,1,20,1,5.76460752303439872e+17
21,3,q_3_1,0,21,1,5.76460752303439872e+17,0,21,1,5.76460752303439872e+17,0,21,1,5.76460752303439872e+17,0,21,1,5.76460752303439872e+17,0,21,2,3.32306998946247858e+35,0,21,2,3.32306998946247858e+35,1,20,1,5.76460752303439872e+17
21,3,q_3_2,0,21,1,5.76460752303439872e+17,0,21,1,5.76460752303439872e+17,0,21,1,5.76460752303439872e+17,0,21,1,5.76460752303439872e+17,0,21,2,3.32306998946247858e+35,0,21,2,3.32306998946247858e+35,1,20,1,5.76460752303439872e+17
21,4,M_u_col_0,16,5,2,3.32306998945331719e+35,0,21,1,5.76460752303439872e+17,17,4,1,5.76460752302153728e+17,17,4,1,5.76460752303439872e+17,17,4,2,3.32306998945506446e+35,17,4,2,3.32306998945506446e+35,18,3,1,5.76460752303513600e+17
21,4,M_y_col_0,0,21,1,5.76460752303439872e+17,0,21,1,5.76460752303439872e+17,0,21,1,5.76460752303439872e+17,0,21,1,5.76460752303439872e+17,0,21,2,3.32306998946247858e+35,0,21,2,3.32306998946247858e+35,1,20,1,5.76460752303439872e+17
21,4,M_u_col_1,16,5,2,3.32306998945331719e+35,0,21,1,5.76460752303439872e+17,17,4,1,5.76460752302153728e+17,17,4,1,5.76460752303439872e+17,17,4,2,3.32306998945506446e+35,17,4,2,3.32306998945506446e+35,18,3,1,5.76460752303513600e+17
21,4,M_y_col_1,0,21,1,5.76460752303439872e+17,0,21,1,5.76460752303439872e+17,0,21,1,5.76460752303439872e+17,0,21,1,5.76460752303439872e+17,0,21,2,3.32306998946247858e+35,0,21,2,3.32306998946247858e+35,1,20,1,5.76460752303439872e+17
21,4,M_u_col_2,16,5,2,3.32306998945331719e+35,0,21,1,5.76460752303439872e+17,17,4,1,5.76460752302153728e+17,17,4,1,5.76460752303439872e+17,17,4,2,3.32306998945506446e+35,17,4,2,3.32306998945506446e+35,18,3,1,5.76460752303513600e+17
21,4,M_y_col_2,0,21,1,5.76460752303439872e+17,0,21,1,5.76460752303439872e+17,0,21,1,5.76460752303439872e+17,0,21,1,5.76460752303439872e+17,0,21,2,3.32306998946247858e+35,0,21,2,3.32306998946247858e+35,1,20,1,5.76460752303439872e+17
21,4,M_u_col_3,16,5,2,3.32306998945331719e+35,0,21,1,5.76460752303439872e+17,17,4,1,5.76460752302153728e+17,17,4,1,5.76460752303439872e+17,17,4,2,3.32306998945506446e+35,17,4,2,3.32306998945506446e+35,18,3,1,5.76460752303513600e+17
21,4,M_y_col_3,0,21,1,5.76460752303439872e+17,0,21,1,5.76460752303439872e+17,0,21,1,5.76460752303439872e+17,0,21,1,5.76460752303439872e+17,0,21,2,3.32306998946247858e+35,0,21,2,3.32306998946247858e+35,1,20,1,5.76460752303439872e+17
22,0,P_0,18,3,1,5.76460752303513600e+17,0,21,1,5.76460752303439872e+17,18,3,1,5.76460752303513600e+17,18,3,1,5.76460752303439872e+17,18,3,2,3.32306998946290359e+35,18,3,2,3.32306998946290359e+35,19,2,1,5.76460752303767552e+17
22,1,P_1,18,3,1,5.76460752303513600e+17,0,21,1,5.76460752303439872e+17,18,3,1,5.76460752303513600e+17,18,3,1,5.76460752303439872e+17,18,3,2,3.32306998946290359e+35,18,3,2,3.32306998946290359e+35,19,2,1,5.76460752303767552e+17
22,1,q_1_0,0,21,1,5.76460752303439872e+17,0,21,1,5.76460752303439872e+17,0,21,1,5.76460752303439872e+17,0,21,1,5.76460752303439872e+17,0,21,2,3.32306998946247858e+35,0,21,2,3.32306998946247858e+35,1,20,1,5.76460752303439872e+17
22,2,P_2,18,3,1,5.76460752303513600e+17,0,21,1,5.76460752303439872e+17,18,3,1,5.76460752303513600e+17,18,3,1,5.76460752303439872e+17,18,3,2,3.32306998946290359e+35,18,3,2,3.32306998946290359e+35,19,2,1,5.76460752303767552e+17
22,2,q_2_0,0,21,1,5.76460752303439872e+17,0,21,1,5.76460752303439872e+17,0,21,1,5.76460752303439872e+17,0,21,1,5.76460752303439872e+17,0,21,2,3.32306998946247858e+35,0,21,2,3.32306998946247858e+35,1,20,1,5.76460752303439872e+17
22,2,q_2_1,0,21,1,5.76460752303439872e+17,0,21,1,5.76460752303439872e+17,0,21,1,5.76460752303439872e+17,0,21,1,5.76460752303439872e+17,0,21,2,3.32306998946247858e+35,0,21,2,3.32306998946247858e+35,1,20,1,5.76460752303439872e+17
22,3,P_3,18,3,1,5.76460752303513600e+17,0,21,1,5.76460752303439872e+17,18,3,1,5.76460752303513600e+17,18,3,1,5.76460752303439872e+17,18,3,2,3.32306998946290359e+35,18,3,2,3.32306998946290359e+35,19,2,1,5.76460752303767552e+17
22,3,q_3_0,0,21,1,5.76460752303439872e+17,0,21,1,5.76460752303439872e+17,0,21,1,5.76460752303439872e+17,0,21,1,5.76460752303439872e+17,0,21,2,3.32306998946247858e+35,0,21,2,3.32306998946247858e+35,1,20,1,5.76460752303439872e+17
22,3,q_3_1,0,21,1,5.76460752303439872e+17,0,21,1,5.76460752303439872e+17,0,21,1,5.76460752303439872e+17,0,21,1,5.76460752303439872e+17,0,21,2,3.32306998946247858e+35,0,21,2,3.32306998946247858e+35,1,20,1,5.76460752303439872e+17
22,3,q_3_2,0,21,1,5.76460752303439872e+17,0,21,1,5.76460752303439872e+17,0,21,1,5.76460752303439872e+17,0,21,1,5.76460752303439872e+17,0,21,2,3.32306998946247858e+35,0,21,2,3.32306998946247858e+35,1,20,1,5.76460752303439872e+17
22,4,M_u_col_0,16,5,2,3.32306998945331719e+35,0,21,1,5.76460752303439872e+17,17,4,1,5.76460752302153728e+17,17,4,1,5.76460752303439872e+17,17,4,2,3.32306998945506446e+35,17,4,2,3.32306998945506446e+35,18,3,1,5.76460752303513600e+17
22,4,M_y_col_0,0,21,1,5.76460752303439872e+17,0,21,1,5.76460752303439872e+17,0,21,1,5.76460752303439872e+17,0,21,1,5.76460752303439872e+17,0,21,2,3.32306998946247858e+35,0,21,2,3.32306998946247858e+35,1,20,1,5.76460752303439872e+17
22,4,M_u_col_1,16,5,2,3.32306998945331719e+35,0,21,1,5.76460752303439872e+17,17,4,1,5.76460752302153728e+17,17,4,1,5.76460752303439872e+17,17,4,2,3.32306998945506446e+35,17,4,2,3.32306998945506446e+35,18,3,1,5.76460752303513600e+17
22,4,M_y_col_1,0,21,1,5.76460752303439872e+17,0,21,1,5.76460752303439872e+17,0,21,1,5.76460752303439872e+17,0,21,1,5.76460752303439872e+17,0,21,2,3.32306998946247858e+35,0,21,2,3.32306998946247858e+35,1,20,1,5.76460752303439872e+17
22,4,M_u_col_2,16,5,2,3.32306998945331719e+35,0,21,1,5.76460752303439872e+17,17,4,1,5.76460752302153728e+17,17,4,1,5.76460752303439872e+17,17,4,2,3.32306998945506446e+35,17,4,2,3.32306998945506446e+35,18,3,1,5.76460752303513600e+17
22,4,M_y_col_2,0,21,1,5.76460752303439872e+17,0,21,1,5.76460752303439872e+17,0,21,1,5.76460752303439872e+17,0,21,1,5.76460752303439872e+17,0,21,2,3.32306998946247858e+35,0,21,2,3.32306998946247858e+35,1,20,1,5.76460752303439872e+17
22,4,M_u_col_3,16,5,2,3.32306998945331719e+35,0,21,1,5.76460752303439872e+17,17,4,1,5.76460752302153728e+17,17,4,1,5.76460752303439872e+17,17,4,2,3.32306998945506446e+35,17,4,2,3.32306998945506446e+35,18,3,1,5.76460752303513600e+17
22,4,M_y_col_3,0,21,1,5.76460752303439872e+17,0,21,1,5.76460752303439872e+17,0,21,1,5.76460752303439872e+17,0,21,1,5.76460752303439872e+17,0,21,2,3.32306998946247858e+35,0,21,2,3.32306998946247858e+35,1,20,1,5.76460752303439872e+17
23,0,P_0,18,3,1,5.76460752303513600e+17,0,21,1,5.76460752303439872e+17,18,3,1,5.76460752303513600e+17,18,3,1,5.76460752303439872e+17,18,3,2,3.32306998946290359e+35,18,3,2,3.32306998946290359e+35,19,2,1,5.76460752303767552e+17
23,1,P_1,18,3,1,5.76460752303513600e+17,0,21,1,5.76460752303439872e+17,18,3,1,5.76460752303513600e+17,18,3,1,5.76460752303439872e+17,18,3,2,3.32306998946290359e+35,18,3,2,3.32306998946290359e+35,19,2,1,5.76460752303767552e+17
23,1,q_1_0,0,21,1,5.76460752303439872e+17,0,21,1,5.76460752303439872e+17,0,21,1,5.76460752303439872e+17,0,21,1,5.76460752303439872e+17,0,21,2,3.32306998946247858e+35,0,21,2,3.32306998946247858e+35,1,20,1,5.76460752303439872e+17
23,2,P_2,18,3,1,5.76460752303513600e+17,0,21,1,5.76460752303439872e+17,18,3,1,5.76460752303513600e+17,18,3,1,5.76460752303439872e+17,18,3,2,3.32306998946290359e+35,18,3,2,3.32306998946290359e+35,19,2,1,5.76460752303767552e+17
23,2,q_2_0,0,21,1,5.76460752303439872e+17,0,21,1,5.76460752303439872e+17,0,21,1,5.76460752303439872e+17,0,21,1,5.76460752303439872e+17,0,21,2,3.32306998946247858e+35,0,21,2,3.32306998946247858e+35,1,20,1,5.76460752303439872e+17
23,2,q_2_1,0,21,1,5.76460752303439872e+17,0,21,1,5.76460752303439872e+17,0,21,1,5.76460752303439872e+17,0,21,1,5.76460752303439872e+17,0,21,2,3.32306998946247858e+35,0,21,2,3.32306998946247858e+35,1,20,1,5.76460752303439872e+17
23,3,P_3,18,3,1,5.76460752303513600e+17,0,21,1,5.76460752303439872e+17,18,3,1,5.76460752303513600e+17,18,3,1,5.76460752303439872e+17,18,3,2,3.32306998946290359e+35,18,3,2,3.32306998946290359e+35,19,2,1,5.76460752303767552e+17
23,3,q_3_0,0,21,1,5.76460752303439872e+17,0,21,1,5.76460752303439872e+17,0,21,1,5.76460752303439872e+17,0,21,1,5.76460752303439872e+17,0,21,2,3.32306998946247858e+35,0,21,2,3.32306998946247858e+35,1,20,1,5.76460752303439872e+17
23,3,q_3_1,0,21,1,5.76460752303439872e+17,0,21,1,5.76460752303439872e+17,0,21,1,5.76460752303439872e+17,0,21,1,5.76460752303439872e+17,0,21,2,3.32306998946247858e+35,0,21,2,3.32306998946247858e+35,1,20,1,5.76460752303439872e+17
23,3,q_3_2,0,21,1,5.76460752303439872e+17,0,21,1,5.76460752303439872e+17,0,21,1,5.76460752303439872e+17,0,21,1,5.76460752303439872e+17,0,21,2,3.32306998946247858e+35,0,21,2,3.32306998946247858e+35,1,20,1,5.76460752303439872e+17
23,4,M_u_col_0,16,5,2,3.32306998945331719e+35,0,21,1,5.76460752303439872e+17,17,4,1,5.76460752302153728e+17,17,4,1,5.76460752303439872e+17,17,4,2,3.32306998945506446e+35,17,4,2,3.32306998945506446e+35,18,3,1,5.76460752303513600e+17
23,4,M_y_col_0,0,21,1,5.76460752303439872e+17,0,21,1,5.76460752303439872e+17,0,21,1,5.76460752303439872e+17,0,21,1,5.76460752303439872e+17,0,21,2,3.32306998946247858e+35,0,21,2,3.32306998946247858e+35,1,20,1,5.76460752303439872e+17
23,4,M_u_col_1,16,5,2,3.32306998945331719e+35,0,21,1,5.76460752303439872e+17,17,4,1,5.76460752302153728e+17,17,4,1,5.76460752303439872e+17,17,4,2,3.32306998945506446e+35,17,4,2,3.32306998945506446e+35,18,3,1,5.76460752303513600e+17
23,4,M_y_col_1,0,21,1,5.76460752303439872e+17,0,21,1,5.76460752303439872e+17,0,21,1,5.76460752303439872e+17,0,21,1,5.76460752303439872e+17,0,21,2,3.32306998946247858e+35,0,21,2,3.32306998946247858e+35,1,20,1,5.76460752303439872e+17
23,4,M_u_col_2,16,5,2,3.32306998945331719e+35,0,21,1,5.76460752303439872e+17,17,4,1,5.76460752302153728e+17,17,4,1,5.76460752303439872e+17,17,4,2,3.32306998945506446e+35,17,4,2,3.32306998945506446e+35,18,3,1,5.76460752303513600e+17
23,4,M_y_col_2,0,21,1,5.76460752303439872e+17,0,21,1,5.76460752303439872e+17,0,21,1,5.76460752303439872e+17,0,21,1,5.76460752303439872e+17,0,21,2,3.32306998946247858e+35,0,21,2,3.32306998946247858e+35,1,20,1,5.76460752303439872e+17
23,4,M_u_col_3,16,5,2,3.32306998945331719e+35,0,21,1,5.76460752303439872e+17,17,4,1,5.76460752302153728e+17,17,4,1,5.76460752303439872e+17,17,4,2,3.32306998945506446e+35,17,4,2,3.32306998945506446e+35,18,3,1,5.76460752303513600e+17
23,4,M_y_col_3,0,21,1,5.76460752303439872e+17,0,21,1,5.76460752303439872e+17,0,21,1,5.76460752303439872e+17,0,21,1,5.76460752303439872e+17,0,21,2,3.32306998946247858e+35,0,21,2,3.32306998946247858e+35,1,20,1,5.76460752303439872e+17
24,0,P_0,18,3,1,5.76460752303513600e+17,0,21,1,5.76460752303439872e+17,18,3,1,5.76460752303513600e+17,18,3,1,5.76460752303439872e+17,18,3,2,3.32306998946290359e+35,18,3,2,3.32306998946290359e+35,19,2,1,5.76460752303767552e+17
24,1,P_1,18,3,1,5.76460752303513600e+17,0,21,1,5.76460752303439872e+17,18,3,1,5.76460752303513600e+17,18,3,1,5.76460752303439872e+17,18,3,2,3.32306998946290359e+35,18,3,2,3.32306998946290359e+35,19,2,1,5.76460752303767552e+17
24,1,q_1_0,0,21,1,5.76460752303439872e+17,0,21,1,5.76460752303439872e+17,0,21,1,5.76460752303439872e+17,0,21,1,5.76460752303439872e+17,0,21,2,3.32306998946247858e+35,0,21,2,3.32306998946247858e+35,1,20,1,5.76460752303439872e+17
24,2,P_2,18,3,1,5.76460752303513600e+17,0,21,1,5.76460752303439872e+17,18,3,1,5.76460752303513600e+17,18,3,1,5.76460752303439872e+17,18,3,2,3.32306998946290359e+35,18,3,2,3.32306998946290359e+35,19,2,1,5.76460752303767552e+17
24,2,q_2_0,0,21,1,5.76460752303439872e+17,0,21,1,5.76460752303439872e+17,0,21,1,5.76460752303439872e+17,0,21,1,5.76460752303439872e+17,0,21,2,3.32306998946247858e+35,0,21,2,3.32306998946247858e+35,1,20,1,5.76460752303439872e+17
24,2,q_2_1,0,21,1,5.76460752303439872e+17,0,21,1,5.76460752303439872e+17,0,21,1,5.76460752303439872e+17,0,21,1,5.76460752303439872e+17,0,21,2,3.32306998946247858e+35,0,21,2,3.32306998946247858e+35,1,20,1,5.76460752303439872e+17
24,3,P_3,18,3,1,5.76460752303513600e+17,0,21,1,5.76460752303439872e+17,18,3,1,5.76460752303513600e+17,18,3,1,5.76460752303439872e+17,18,3,2,3.32306998946290359e+35,18,3,2,3.32306998946290359e+35,19,2,1,5.76460752303767552e+17
24,3,q_3_0,0,21,1,5.76460752303439872e+17,0,21,1,5.76460752303439872e+17,0,21,1,5.76460752303439872e+17,0,21,1,5.76460752303439872e+17,0,21,2,3.32306998946247858e+35,0,21,2,3.32306998946247858e+35,1,20,1,5.76460752303439872e+17
24,3,q_3_1,0,21,1,5.76460752303439872e+17,0,21,1,5.76460752303439872e+17,0,21,1,5.76460752303439872e+17,0,21,1,5.76460752303439872e+17,0,21,2,3.32306998946247858e+35,0,21,2,3.32306998946247858e+35,1,20,1,5.76460752303439872e+17
24,3,q_3_2,0,21,1,5.76460752303439872e+17,0,21,1,5.76460752303439872e+17,0,21,1,5.76460752303439872e+17,0,21,1,5.76460752303439872e+17,0,21,2,3.32306998946247858e+35,0,21,2,3.32306998946247858e+35,1,20,1,5.76460752303439872e+17
24,4,M_u_col_0,16,5,2,3.32306998945331719e+35,0,21,1,5.76460752303439872e+17,17,4,1,5.76460752302153728e+17,17,4,1,5.76460752303439872e+17,17,4,2,3.32306998945506446e+35,17,4,2,3.32306998945506446e+35,18,3,1,5.76460752303513600e+17
24,4,M_y_col_0,0,21,1,5.76460752303439872e+17,0,21,1,5.76460752303439872e+17,0,21,1,5.76460752303439872e+17,0,21,1,5.76460752303439872e+17,0,21,2,3.32306998946247858e+35,0,21,2,3.32306998946247858e+35,1,20,1,5.76460752303439872e+17
24,4,M_u_col_1,16,5,2,3.32306998945331719e+35,0,21,1,5.76460752303439872e+17,17,4,1,5.76460752302153728e+17,17,4,1,5.76460752303439872e+17,17,4,2,3.32306998945506446e+35,17,4,2,3.32306998945506446e+35,18,3,1,5.76460752303513600e+17
24,4,M_y_col_1,0,21,1,5.76460752303439872e+17,0,21,1,5.76460752303439872e+17,0,21,1,5.76460752303439872e+17,0,21,1,5.76460752303439872e+17,0,21,2,3.32306998946247858e+35,0,21,2,3.32306998946247858e+35,1,20,1,5.76460752303439872e+17
24,4,M_u_col_2,16,5,2,3.32306998945331719e+35,0,21,1,5.76460752303439872e+17,17,4,1,5.76460752302153728e+17,17,4,1,5.76460752303439872e+17,17,4,2,3.32306998945506446e+35,17,4,2,3.32306998945506446e+35,18,3,1,5.76460752303513600e+17
24,4,M_y_col_2,0,21,1,5.76460752303439872e+17,0,21,1,5.76460752303439872e+17,0,21,1,5.76460752303439872e+17,0,21,1,5.76460752303439872e+17,0,21,2,3.32306998946247858e+35,0,21,2,3.32306998946247858e+35,1,20,1,5.76460752303439872e+17
24,4,M_u_col_3,16,5,2,3.32306998945331719e+35,0,21,1,5.76460752303439872e+17,17,4,1,5.76460752302153728e+17,17,4,1,5.76460752303439872e+17,17,4,2,3.32306998945506446e+35,17,4,2,3.32306998945506446e+35,18,3,1,5.76460752303513600e+17
24,4,M_y_col_3,0,21,1,5.76460752303439872e+17,0,21,1,5.76460752303439872e+17,0,21,1,5.76460752303439872e+17,0,21,1,5.76460752303439872e+17,0,21,2,3.32306998946247858e+35,0,21,2,3.32306998946247858e+35,1,20,1,5.76460752303439872e+17
25,0,P_0,18,3,1,5.76460752303513600e+17,0,21,1,5.76460752303439872e+17,18,3,1,5.76460752303513600e+17,18,3,1,5.76460752303439872e+17,18,3,2,3.32306998946290359e+35,18,3,2,3.32306998946290359e+35,19,2,1,5.76460752303767552e+17
25,1,P_1,18,3,1,5.76460752303513600e+17,0,21,1,5.76460752303439872e+17,18,3,1,5.76460752303513600e+17,18,3,1,5.76460752303439872e+17,18,3,2,3.32306998946290359e+35,18,3,2,3.32306998946290359e+35,19,2,1,5.76460752303767552e+17
25,1,q_1_0,0,21,1,5.76460752303439872e+17,0,21,1,5.76460752303439872e+17,0,21,1,5.76460752303439872e+17,0,21,1,5.76460752303439872e+17,0,21,2,3.32306998946247858e+35,0,21,2,3.32306998946247858e+35,1,20,1,5.76460752303439872e+17
25,2,P_2,18,3,1,5.76460752303513600e+17,0,21,1,5.76460752303439872e+17,18,3,1,5.76460752303513600e+17,18,3,1,5.76460752303439872e+17,18,3,2,3.32306998946290359e+35,18,3,2,3.32306998946290359e+35,19,2,1,5.76460752303767552e+17
25,2,q_2_0,0,21,1,5.76460752303439872e+17,0,21,1,5.76460752303439872e+17,0,21,1,5.76460752303439872e+17,0,21,1,5.76460752303439872e+17,0,21,2,3.32306998946247858e+35,0,21,2,3.32306998946247858e+35,1,20,1,5.76460752303439872e+17
25,2,q_2_1,0,21,1,5.76460752303439872e+17,0,21,1,5.76460752303439872e+17,0,21,1,5.76460752303439872e+17,0,21,1,5.76460752303439872e+17,0,21,2,3.32306998946247858e+35,0,21,2,3.32306998946247858e+35,1,20,1,5.76460752303439872e+17
25,3,P_3,18,3,1,5.76460752303513600e+17,0,21,1,5.76460752303439872e+17,18,3,1,5.76460752303513600e+17,18,3,1,5.76460752303439872e+17,18,3,2,3.32306998946290359e+35,18,3,2,3.32306998946290359e+35,19,2,1,5.76460752303767552e+17
25,3,q_3_0,0,21,1,5.76460752303439872e+17,0,21,1,5.76460752303439872e+17,0,21,1,5.76460752303439872e+17,0,21,1,5.76460752303439872e+17,0,21,2,3.32306998946247858e+35,0,21,2,3.32306998946247858e+35,1,20,1,5.76460752303439872e+17
25,3,q_3_1,0,21,1,5.76460752303439872e+17,0,21,1,5.76460752303439872e+17,0,21,1,5.76460752303439872e+17,0,21,1,5.76460752303439872e+17,0,21,2,3.32306998946247858e+35,0,21,2,3.32306998946247858e+35,1,20,1,5.76460752303439872e+17
25,3,q_3_2,0,21,1,5.76460752303439872e+17,0,21,1,5.76460752303439872e+17,0,21,1,5.76460752303439872e+17,0,21,1,5.76460752303439872e+17,0,21,2,3.32306998946247858e+35,0,21,2,3.32306998946247858e+35,1,20,1,5.76460752303439872e+17
25,4,M_u_col_0,16,5,2,3.32306998945331719e+35,0,21,1,5.76460752303439872e+17,17,4,1,5.76460752302153728e+17,17,4,1,5.76460752303439872e+17,17,4,2,3.32306998945506446e+35,17,4,2,3.32306998945506446e+35,18,3,1,5.76460752303513600e+17
25,4,M_y_col_0,0,21,1,5.76460752303439872e+17,0,21,1,5.76460752303439872e+17,0,21,1,5.76460752303439872e+17,0,21,1,5.76460752303439872e+17,0,21,2,3.32306998946247858e+35,0,21,2,3.32306998946247858e+35,1,20,1,5.76460752303439872e+17
25,4,M_u_col_1,16,5,2,3.32306998945331719e+35,0,21,1,5.76460752303439872e+17,17,4,1,5.76460752302153728e+17,17,4,1,5.76460752303439872e+17,17,4,2,3.32306998945506446e+35,17,4,2,3.32306998945506446e+35,18,3,1,5.76460752303513600e+17
25,4,M_y_col_1,0,21,1,5.76460752303439872e+17,0,21,1,5.76460752303439872e+17,0,21,1,5.76460752303439872e+17,0,21,1,5.76460752303439872e+17,0,21,2,3.32306998946247858e+35,0,21,2,3.32306998946247858e+35,1,20,1,5.76460752303439872e+17
25,4,M_u_col_2,16,5,2,3.32306998945331719e+35,0,21,1,5.76460752303439872e+17,17,4,1,5.76460752302153728e+17,17,4,1,5.76460752303439872e+17,17,4,2,3.32306998945506446e+35,17,4,2,3.32306998945506446e+35,18,3,1,5.76460752303513600e+17
25,4,M_y_col_2,0,21,1,5.76460752303439872e+17,0,21,1,5.76460752303439872e+17,0,21,1,5.76460752303439872e+17,0,21,1,5.76460752303439872e+17,0,21,2,3.32306998946247858e+35,0,21,2,3.32306998946247858e+35,1,20,1,5.76460752303439872e+17
25,4,M_u_col_3,16,5,2,3.32306998945331719e+35,0,21,1,5.76460752303439872e+17,17,4,1,5.76460752302153728e+17,17,4,1,5.76460752303439872e+17,17,4,2,3.32306998945506446e+35,17,4,2,3.32306998945506446e+35,18,3,1,5.76460752303513600e+17
25,4,M_y_col_3,0,21,1,5.76460752303439872e+17,0,21,1,5.76460752303439872e+17,0,21,1,5.76460752303439872e+17,0,21,1,5.76460752303439872e+17,0,21,2,3.32306998946247858e+35,0,21,2,3.32306998946247858e+35,1,20,1,5.76460752303439872e+17
26,0,P_0,18,3,1,5.76460752303513600e+17,0,21,1,5.76460752303439872e+17,18,3,1,5.76460752303513600e+17,18,3,1,5.76460752303439872e+17,18,3,2,3.32306998946290359e+35,18,3,2,3.32306998946290359e+35,19,2,1,5.76460752303767552e+17
26,1,P_1,18,3,1,5.76460752303513600e+17,0,21,1,5.76460752303439872e+17,18,3,1,5.76460752303513600e+17,18,3,1,5.76460752303439872e+17,18,3,2,3.32306998946290359e+35,18,3,2,3.32306998946290359e+35,19,2,1,5.76460752303767552e+17
26,1,q_1_0,0,21,1,5.76460752303439872e+17,0,21,1,5.76460752303439872e+17,0,21,1,5.76460752303439872e+17,0,21,1,5.76460752303439872e+17,0,21,2,3.32306998946247858e+35,0,21,2,3.32306998946247858e+35,1,20,1,5.76460752303439872e+17
26,2,P_2,18,3,1,5.76460752303513600e+17,0,21,1,5.76460752303439872e+17,18,3,1,5.76460752303513600e+17,18,3,1,5.76460752303439872e+17,18,3,2,3.32306998946290359e+35,18,3,2,3.32306998946290359e+35,19,2,1,5.76460752303767552e+17
26,2,q_2_0,0,21,1,5.76460752303439872e+17,0,21,1,5.76460752303439872e+17,0,21,1,5.76460752303439872e+17,0,21,1,5.76460752303439872e+17,0,21,2,3.32306998946247858e+35,0,21,2,3.32306998946247858e+35,1,20,1,5.76460752303439872e+17
26,2,q_2_1,0,21,1,5.76460752303439872e+17,0,21,1,5.76460752303439872e+17,0,21,1,5.76460752303439872e+17,0,21,1,5.76460752303439872e+17,0,21,2,3.32306998946247858e+35,0,21,2,3.32306998946247858e+35,1,20,1,5.76460752303439872e+17
26,3,P_3,18,3,1,5.76460752303513600e+17,0,21,1,5.76460752303439872e+17,18,3,1,5.76460752303513600e+17,18,3,1,5.76460752303439872e+17,18,3,2,3.32306998946290359e+35,18,3,2,3.32306998946290359e+35,19,2,1,5.76460752303767552e+17
26,3,q_3_0,0,21,1,5.76460752303439872e+17,0,21,1,5.76460752303439872e+17,0,21,1,5.76460752303439872e+17,0,21,1,5.76460752303439872e+17,0,21,2,3.32306998946247858e+35,0,21,2,3.32306998946247858e+35,1,20,1,5.76460752303439872e+17
26,3,q_3_1,0,21,1,5.76460752303439872e+17,0,21,1,5.76460752303439872e+17,0,21,1,5.76460752303439872e+17,0,21,1,5.76460752303439872e+17,0,21,2,3.32306998946247858e+35,0,21,2,3.32306998946247858e+35,1,20,1,5.76460752303439872e+17
26,3,q_3_2,0,21,1,5.76460752303439872e+17,0,21,1,5.76460752303439872e+17,0,21,1,5.76460752303439872e+17,0,21,1,5.76460752303439872e+17,0,21,2,3.32306998946247858e+35,0,21,2,3.32306998946247858e+35,1,20,1,5.76460752303439872e+17
26,4,M_u_col_0,16,5,2,3.32306998945331719e+35,0,21,1,5.76460752303439872e+17,17,4,1,5.76460752302153728e+17,17,4,1,5.76460752303439872e+17,17,4,2,3.32306998945506446e+35,17,4,2,3.32306998945506446e+35,18,3,1,5.76460752303513600e+17
26,4,M_y_col_0,0,21,1,5.76460752303439872e+17,0,21,1,5.76460752303439872e+17,0,21,1,5.76460752303439872e+17,0,21,1,5.76460752303439872e+17,0,21,2,3.32306998946247858e+35,0,21,2,3.32306998946247858e+35,1,20,1,5.76460752303439872e+17
26,4,M_u_col_1,16,5,2,3.32306998945331719e+35,0,21,1,5.76460752303439872e+17,17,4,1,5.76460752302153728e+17,17,4,1,5.76460752303439872e+17,17,4,2,3.32306998945506446e+35,17,4,2,3.32306998945506446e+35,18,3,1,5.76460752303513600e+17
26,4,M_y_col_1,0,21,1,5.76460752303439872e+17,0,21,1,5.76460752303439872e+17,0,21,1,5.76460752303439872e+17,0,21,1,5.76460752303439872e+17,0,21,2,3.32306998946247858e+35,0,21,2,3.32306998946247858e+35,1,20,1,5.76460752303439872e+17
26,4,M_u_col_2,16,5,2,3.32306998945331719e+35,0,21,1,5.76460752303439872e+17,17,4,1,5.76460752302153728e+17,17,4,1,5.76460752303439872e+17,17,4,2,3.32306998945506446e+35,17,4,2,3.32306998945506446e+35,18,3,1,5.76460752303513600e+17
26,4,M_y_col_2,0,21,1,5.76460752303439872e+17,0,21,1,5.76460752303439872e+17,0,21,1,5.76460752303439872e+17,0,21,1,5.76460752303439872e+17,0,21,2,3.32306998946247858e+35,0,21,2,3.32306998946247858e+35,1,20,1,5.76460752303439872e+17
26,4,M_u_col_3,16,5,2,3.32306998945331719e+35,0,21,1,5.76460752303439872e+17,17,4,1,5.76460752302153728e+17,17,4,1,5.76460752303439872e+17,17,4,2,3.32306998945506446e+35,17,4,2,3.32306998945506446e+35,18,3,1,5.76460752303513600e+17
26,4,M_y_col_3,0,21,1,5.76460752303439872e+17,0,21,1,5.76460752303439872e+17,0,21,1,5.76460752303439872e+17,0,21,1,5.76460752303439872e+17,0,21,2,3.32306998946247858e+35,0,21,2,3.32306998946247858e+35,1,20,1,5.76460752303439872e+17
27,0,P_0,18,3,1,5.76460752303513600e+17,0,21,1,5.76460752303439872e+17,18,3,1,5.76460752303513600e+17,18,3,1,5.76460752303439872e+17,18,3,2,3.32306998946290359e+35,18,3,2,3.32306998946290359e+35,19,2,1,5.76460752303767552e+17
27,1,P_1,18,3,1,5.76460752303513600e+17,0,21,1,5.76460752303439872e+17,18,3,1,5.76460752303513600e+17,18,3,1,5.76460752303439872e+17,18,3,2,3.32306998946290359e+35,18,3,2,3.32306998946290359e+35,19,2,1,5.76460752303767552e+17
27,1,q_1_0,0,21,1,5.76460752303439872e+17,0,21,1,5.76460752303439872e+17,0,21,1,5.76460752303439872e+17,0,21,1,5.76460752303439872e+17,0,21,2,3.32306998946247858e+35,0,21,2,3.32306998946247858e+35,1,20,1,5.76460752303439872e+17
27,2,P_2,18,3,1,5.76460752303513600e+17,0,21,1,5.76460752303439872e+17,18,3,1,5.76460752303513600e+17,18,3,1,5.76460752303439872e+17,18,3,2,3.32306998946290359e+35,18,3,2,3.32306998946290359e+35,19,2,1,5.76460752303767552e+17
27,2,q_2_0,0,21,1,5.76460752303439872e+17,0,21,1,5.76460752303439872e+17,0,21,1,5.76460752303439872e+17,0,21,1,5.76460752303439872e+17,0,21,2,3.32306998946247858e+35,0,21,2,3.32306998946247858e+35,1,20,1,5.76460752303439872e+17
27,2,q_2_1,0,21,1,5.76460752303439872e+17,0,21,1,5.76460752303439872e+17,0,21,1,5.76460752303439872e+17,0,21,1,5.76460752303439872e+17,0,21,2,3.32306998946247858e+35,0,21,2,3.32306998946247858e+35,1,20,1,5.76460752303439872e+17
27,3,P_3,18,3,1,5.76460752303513600e+17,0,21,1,5.76460752303439872e+17,18,3,1,5.76460752303513600e+17,18,3,1,5.76460752303439872e+17,18,3,2,3.32306998946290359e+35,18,3,2,3.32306998946290359e+35,19,2,1,5.76460752303767552e+17
27,3,q_3_0,0,21,1,5.76460752303439872e+17,0,21,1,5.76460752303439872e+17,0,21,1,5.76460752303439872e+17,0,21,1,5.76460752303439872e+17,0,21,2,3.32306998946247858e+35,0,21,2,3.32306998946247858e+35,1,20,1,5.76460752303439872e+17
27,3,q_3_1,0,21,1,5.76460752303439872e+17,0,21,1,5.76460752303439872e+17,0,21,1,5.76460752303439872e+17,0,21,1,5.76460752303439872e+17,0,21,2,3.32306998946247858e+35,0,21,2,3.32306998946247858e+35,1,20,1,5.76460752303439872e+17
27,3,q_3_2,0,21,1,5.76460752303439872e+17,0,21,1,5.76460752303439872e+17,0,21,1,5.76460752303439872e+17,0,21,1,5.76460752303439872e+17,0,21,2,3.32306998946247858e+35,0,21,2,3.32306998946247858e+35,1,20,1,5.76460752303439872e+17
27,4,M_u_col_0,16,5,2,3.32306998945331719e+35,0,21,1,5.76460752303439872e+17,17,4,1,5.76460752302153728e+17,17,4,1,5.76460752303439872e+17,17,4,2,3.32306998945506446e+35,17,4,2,3.32306998945506446e+35,18,3,1,5.76460752303513600e+17
27,4,M_y_col_0,0,21,1,5.76460752303439872e+17,0,21,1,5.76460752303439872e+17,0,21,1,5.76460752303439872e+17,0,21,1,5.76460752303439872e+17,0,21,2,3.32306998946247858e+35,0,21,2,3.32306998946247858e+35,1,20,1,5.76460752303439872e+17
27,4,M_u_col_1,16,5,2,3.32306998945331719e+35,0,21,1,5.76460752303439872e+17,17,4,1,5.76460752302153728e+17,17,4,1,5.76460752303439872e+17,17,4,2,3.32306998945506446e+35,17,4,2,3.32306998945506446e+35,18,3,1,5.76460752303513600e+17
27,4,M_y_col_1,0,21,1,5.76460752303439872e+17,0,21,1,5.76460752303439872e+17,0,21,1,5.76460752303439872e+17,0,21,1,5.76460752303439872e+17,0,21,2,3.32306998946247858e+35,0,21,2,3.32306998946247858e+35,1,20,1,5.76460752303439872e+17
27,4,M_u_col_2,16,5,2,3.32306998945331719e+35,0,21,1,5.76460752303439872e+17,17,4,1,5.76460752302153728e+17,17,4,1,5.76460752303439872e+17,17,4,2,3.32306998945506446e+35,17,4,2,3.32306998945506446e+35,18,3,1,5.76460752303513600e+17
27,4,M_y_col_2,0,21,1,5.76460752303439872e+17,0,21,1,5.76460752303439872e+17,0,21,1,5.76460752303439872e+17,0,21,1,5.76460752303439872e+17,0,21,2,3.32306998946247858e+35,0,21,2,3.32306998946247858e+35,1,20,1,5.76460752303439872e+17
27,4,M_u_col_3,16,5,2,3.32306998945331719e+35,0,21,1,5.76460752303439872e+17,17,4,1,5.76460752302153728e+17,17,4,1,5.76460752303439872e+17,17,4,2,3.32306998945506446e+35,17,4,2,3.32306998945506446e+35,18,3,1,5.76460752303513600e+17
27,4,M_y_col_3,0,21,1,5.76460752303439872e+17,0,21,1,5.76460752303439872e+17,0,21,1,5.76460752303439872e+17,0,21,1,5.76460752303439872e+17,0,21,2,3.32306998946247858e+35,0,21,2,3.32306998946247858e+35,1,20,1,5.76460752303439872e+17
28,0,P_0,18,3,1,5.76460752303513600e+17,0,21,1,5.76460752303439872e+17,18,3,1,5.76460752303513600e+17,18,3,1,5.76460752303439872e+17,18,3,2,3.32306998946290359e+35,18,3,2,3.32306998946290359e+35,19,2,1,5.76460752303767552e+17
28,1,P_1,18,3,1,5.76460752303513600e+17,0,21,1,5.76460752303439872e+17,18,3,1,5.76460752303513600e+17,18,3,1,5.76460752303439872e+17,18,3,2,3.32306998946290359e+35,18,3,2,3.32306998946290359e+35,19,2,1,5.76460752303767552e+17
28,1,q_1_0,0,21,1,5.76460752303439872e+17,0,21,1,5.76460752303439872e+17,0,21,1,5.76460752303439872e+17,0,21,1,5.76460752303439872e+17,0,21,2,3.32306998946247858e+35,0,21,2,3.32306998946247858e+35,1,20,1,5.76460752303439872e+17
28,2,P_2,18,3,1,5.76460752303513600e+17,0,21,1,5.76460752303439872e+17,18,3,1,5.76460752303513600e+17,18,3,1,5.76460752303439872e+17,18,3,2,3.32306998946290359e+35,18,3,2,3.32306998946290359e+35,19,2,1,5.76460752303767552e+17
28,2,q_2_0,0,21,1,5.76460752303439872e+17,0,21,1,5.76460752303439872e+17,0,21,1,5.76460752303439872e+17,0,21,1,5.76460752303439872e+17,0,21,2,3.32306998946247858e+35,0,21,2,3.32306998946247858e+35,1,20,1,5.76460752303439872e+17
28,2,q_2_1,0,21,1,5.76460752303439872e+17,0,21,1,5.76460752303439872e+17,0,21,1,5.76460752303439872e+17,0,21,1,5.76460752303439872e+17,0,21,2,3.32306998946247858e+35,0,21,2,3.32306998946247858e+35,1,20,1,5.76460752303439872e+17
28,3,P_3,18,3,1,5.76460752303513600e+17,0,21,1,5.76460752303439872e+17,18,3,1,5.76460752303513600e+17,18,3,1,5.76460752303439872e+17,18,3,2,3.32306998946290359e+35,18,3,2,3.32306998946290359e+35,19,2,1,5.76460752303767552e+17
28,3,q_3_0,0,21,1,5.76460752303439872e+17,0,21,1,5.76460752303439872e+17,0,21,1,5.76460752303439872e+17,0,21,1,5.76460752303439872e+17,0,21,2,3.32306998946247858e+35,0,21,2,3.32306998946247858e+35,1,20,1,5.76460752303439872e+17
28,3,q_3_1,0,21,1,5.76460752303439872e+17,0,21,1,5.76460752303439872e+17,0,21,1,5.76460752303439872e+17,0,21,1,5.76460752303439872e+17,0,21,2,3.32306998946247858e+35,0,21,2,3.32306998946247858e+35,1,20,1,5.76460752303439872e+17
28,3,q_3_2,0,21,1,5.76460752303439872e+17,0,21,1,5.76460752303439872e+17,0,21,1,5.76460752303439872e+17,0,21,1,5.76460752303439872e+17,0,21,2,3.32306998946247858e+35,0,21,2,3.32306998946247858e+35,1,20,1,5.76460752303439872e+17
28,4,M_u_col_0,16,5,2,3.32306998945331719e+35,0,21,1,5.76460752303439872e+17,17,4,1,5.76460752302153728e+17,17,4,1,5.76460752303439872e+17,17,4,2,3.32306998945506446e+35,17,4,2,3.32306998945506446e+35,18,3,1,5.76460752303513600e+17
28,4,M_y_col_0,0,21,1,5.76460752303439872e+17,0,21,1,5.76460752303439872e+17,0,21,1,5.76460752303439872e+17,0,21,1,5.76460752303439872e+17,0,21,2,3.32306998946247858e+35,0,21,2,3.32306998946247858e+35,1,20,1,5.76460752303439872e+17
28,4,M_u_col_1,16,5,2,3.32306998945331719e+35,0,21,1,5.76460752303439872e+17,17,4,1,5.76460752302153728e+17,17,4,1,5.76460752303439872e+17,17,4,2,3.32306998945506446e+35,17,4,2,3.32306998945506446e+35,18,3,1,5.76460752303513600e+17
28,4,M_y_col_1,0,21,1,5.76460752303439872e+17,0,21,1,5.76460752303439872e+17,0,21,1,5.76460752303439872e+17,0,21,1,5.76460752303439872e+17,0,21,2,3.32306998946247858e+35,0,21,2,3.32306998946247858e+35,1,20,1,5.76460752303439872e+17
28,4,M_u_col_2,16,5,2,3.32306998945331719e+35,0,21,1,5.76460752303439872e+17,17,4,1,5.76460752302153728e+17,17,4,1,5.76460752303439872e+17,17,4,2,3.32306998945506446e+35,17,4,2,3.32306998945506446e+35,18,3,1,5.76460752303513600e+17
28,4,M_y_col_2,0,21,1,5.76460752303439872e+17,0,21,1,5.76460752303439872e+17,0,21,1,5.76460752303439872e+17,0,21,1,5.76460752303439872e+17,0,21,2,3.32306998946247858e+35,0,21,2,3.32306998946247858e+35,1,20,1,5.76460752303439872e+17
28,4,M_u_col_3,16,5,2,3.32306998945331719e+35,0,21,1,5.76460752303439872e+17,17,4,1,5.76460752302153728e+17,17,4,1,5.76460752303439872e+17,17,4,2,3.32306998945506446e+35,17,4,2,3.32306998945506446e+35,18,3,1,5.76460752303513600e+17
28,4,M_y_col_3,0,21,1,5.76460752303439872e+17,0,21,1,5.76460752303439872e+17,0,21,1,5.76460752303439872e+17,0,21,1,5.76460752303439872e+17,0,21,2,3.32306998946247858e+35,0,21,2,3.32306998946247858e+35,1,20,1,5.76460752303439872e+17
29,0,P_0,18,3,1,5.76460752303513600e+17,0,21,1,5.76460752303439872e+17,18,3,1,5.76460752303513600e+17,18,3,1,5.76460752303439872e+17,18,3,2,3.32306998946290359e+35,18,3,2,3.32306998946290359e+35,19,2,1,5.76460752303767552e+17
29,1,P_1,18,3,1,5.76460752303513600e+17,0,21,1,5.76460752303439872e+17,18,3,1,5.76460752303513600e+17,18,3,1,5.76460752303439872e+17,18,3,2,3.32306998946290359e+35,18,3,2,3.32306998946290359e+35,19,2,1,5.76460752303767552e+17
29,1,q_1_0,0,21,1,5.76460752303439872e+17,0,21,1,5.76460752303439872e+17,0,21,1,5.76460752303439872e+17,0,21,1,5.76460752303439872e+17,0,21,2,3.32306998946247858e+35,0,21,2,3.32306998946247858e+35,1,20,1,5.76460752303439872e+17
29,2,P_2,18,3,1,5.76460752303513600e+17,0,21,1,5.76460752303439872e+17,18,3,1,5.76460752303513600e+17,18,3,1,5.76460752303439872e+17,18,3,2,3.32306998946290359e+35,18,3,2,3.32306998946290359e+35,19,2,1,5.76460752303767552e+17
29,2,q_2_0,0,21,1,5.76460752303439872e+17,0,21,1,5.76460752303439872e+17,0,21,1,5.76460752303439872e+17,0,21,1,5.76460752303439872e+17,0,21,2,3.32306998946247858e+35,0,21,2,3.32306998946247858e+35,1,20,1,5.76460752303439872e+17
29,2,q_2_1,0,21,1,5.76460752303439872e+17,0,21,1,5.76460752303439872e+17,0,21,1,5.76460752303439872e+17,0,21,1,5.76460752303439872e+17,0,21,2,3.32306998946247858e+35,0,21,2,3.32306998946247858e+35,1,20,1,5.76460752303439872e+17
29,3,P_3,18,3,1,5.76460752303513600e+17,0,21,1,5.76460752303439872e+17,18,3,1,5.76460752303513600e+17,18,3,1,5.76460752303439872e+17,18,3,2,3.32306998946290359e+35,18,3,2,3.32306998946290359e+35,19,2,1,5.76460752303767552e+17
29,3,q_3_0,0,21,1,5.76460752303439872e+17,0,21,1,5.76460752303439872e+17,0,21,1,5.76460752303439872e+17,0,21,1,5.76460752303439872e+17,0,21,2,3.32306998946247858e+35,0,21,2,3.32306998946247858e+35,1,20,1,5.76460752303439872e+17
29,3,q_3_1,0,21,1,5.76460752303439872e+17,0,21,1,5.76460752303439872e+17,0,21,1,5.76460752303439872e+17,0,21,1,5.76460752303439872e+17,0,21,2,3.32306998946247858e+35,0,21,2,3.32306998946247858e+35,1,20,1,5.76460752303439872e+17
29,3,q_3_2,0,21,1,5.76460752303439872e+17,0,21,1,5.76460752303439872e+17,0,21,1,5.76460752303439872e+17,0,21,1,5.76460752303439872e+17,0,21,2,3.32306998946247858e+35,0,21,2,3.32306998946247858e+35,1,20,1,5.76460752303439872e+17
29,4,M_u_col_0,16,5,2,3.32306998945331719e+35,0,21,1,5.76460752303439872e+17,17,4,1,5.76460752302153728e+17,17,4,1,5.76460752303439872e+17,17,4,2,3.32306998945506446e+35,17,4,2,3.32306998945506446e+35,18,3,1,5.76460752303513600e+17
29,4,M_y_col_0,0,21,1,5.76460752303439872e+17,0,21,1,5.76460752303439872e+17,0,21,1,5.76460752303439872e+17,0,21,1,5.76460752303439872e+17,0,21,2,3.32306998946247858e+35,0,21,2,3.32306998946247858e+35,1,20,1,5.76460752303439872e+17
29,4,M_u_col_1,16,5,2,3.32306998945331719e+35,0,21,1,5.76460752303439872e+17,17,4,1,5.76460752302153728e+17,17,4,1,5.76460752303439872e+17,17,4,2,3.32306998945506446e+35,17,4,2,3.32306998945506446e+35,18,3,1,5.76460752303513600e+17
29,4,M_y_col_1,0,21,1,5.76460752303439872e+17,0,21,1,5.76460752303439872e+17,0,21,1,5.76460752303439872e+17,0,21,1,5.76460752303439872e+17,0,21,2,3.32306998946247858e+35,0,21,2,3.32306998946247858e+35,1,20,1,5.76460752303439872e+17
29,4,M_u_col_2,16,5,2,3.32306998945331719e+35,0,21,1,5.76460752303439872e+17,17,4,1,5.76460752302153728e+17,17,4,1,5.76460752303439872e+17,17,4,2,3.32306998945506446e+35,17,4,2,3.32306998945506446e+35,18,3,1,5.76460752303513600e+17
29,4,M_y_col_2,0,21,1,5.76460752303439872e+17,0,21,1,5.76460752303439872e+17,0,21,1,5.76460752303439872e+17,0,21,1,5.76460752303439872e+17,0,21,2,3.32306998946247858e+35,0,21,2,3.32306998946247858e+35,1,20,1,5.76460752303439872e+17
29,4,M_u_col_3,16,5,2,3.32306998945331719e+35,0,21,1,5.76460752303439872e+17,17,4,1,5.76460752302153728e+17,17,4,1,5.76460752303439872e+17,17,4,2,3.32306998945506446e+35,17,4,2,3.32306998945506446e+35,18,3,1,5.76460752303513600e+17
29,4,M_y_col_3,0,21,1,5.76460752303439872e+17,0,21,1,5.76460752303439872e+17,0,21,1,5.76460752303439872e+17,0,21,1,5.76460752303439872e+17,0,21,2,3.32306998946247858e+35,0,21,2,3.32306998946247858e+35,1,20,1,5.76460752303439872e+17
30,0,P_0,18,3,1,5.76460752303513600e+17,0,21,1,5.76460752303439872e+17,18,3,1,5.76460752303513600e+17,18,3,1,5.76460752303439872e+17,18,3,2,3.32306998946290359e+35,18,3,2,3.32306998946290359e+35,19,2,1,5.76460752303767552e+17
30,1,P_1,18,3,1,5.76460752303513600e+17,0,21,1,5.76460752303439872e+17,18,3,1,5.76460752303513600e+17,18,3,1,5.76460752303439872e+17,18,3,2,3.32306998946290359e+35,18,3,2,3.32306998946290359e+35,19,2,1,5.76460752303767552e+17
30,1,q_1_0,0,21,1,5.76460752303439872e+17,0,21,1,5.76460752303439872e+17,0,21,1,5.76460752303439872e+17,0,21,1,5.76460752303439872e+17,0,21,2,3.32306998946247858e+35,0,21,2,3.32306998946247858e+35,1,20,1,5.76460752303439872e+17
30,2,P_2,18,3,1,5.76460752303513600e+17,0,21,1,5.76460752303439872e+17,18,3,1,5.76460752303513600e+17,18,3,1,5.76460752303439872e+17,18,3,2,3.32306998946290359e+35,18,3,2,3.32306998946290359e+35,19,2,1,5.76460752303767552e+17
30,2,q_2_0,0,21,1,5.76460752303439872e+17,0,21,1,5.76460752303439872e+17,0,21,1,5.76460752303439872e+17,0,21,1,5.76460752303439872e+17,0,21,2,3.32306998946247858e+35,0,21,2,3.32306998946247858e+35,1,20,1,5.76460752303439872e+17
30,2,q_2_1,0,21,1,5.76460752303439872e+17,0,21,1,5.76460752303439872e+17,0,21,1,5.76460752303439872e+17,0,21,1,5.76460752303439872e+17,0,21,2,3.32306998946247858e+35,0,21,2,3.32306998946247858e+35,1,20,1,5.76460752303439872e+17
30,3,P_3,18,3,1,5.76460752303513600e+17,0,21,1,5.76460752303439872e+17,18,3,1,5.76460752303513600e+17,18,3,1,5.76460752303439872e+17,18,3,2,3.32306998946290359e+35,18,3,2,3.32306998946290359e+35,19,2,1,5.76460752303767552e+17
30,3,q_3_0,0,21,1,5.76460752303439872e+17,0,21,1,5.76460752303439872e+17,0,21,1,5.76460752303439872e+17,0,21,1,5.76460752303439872e+17,0,21,2,3.32306998946247858e+35,0,21,2,3.32306998946247858e+35,1,20,1,5.76460752303439872e+17
30,3,q_3_1,0,21,1,5.76460752303439872e+17,0,21,1,5.76460752303439872e+17,0,21,1,5.76460752303439872e+17,0,21,1,5.76460752303439872e+17,0,21,2,3.32306998946247858e+35,0,21,2,3.32306998946247858e+35,1,20,1,5.76460752303439872e+17
30,3,q_3_2,0,21,1,5.76460752303439872e+17,0,21,1,5.76460752303439872e+17,0,21,1,5.76460752303439872e+17,0,21,1,5.76460752303439872e+17,0,21,2,3.32306998946247858e+35,0,21,2,3.32306998946247858e+35,1,20,1,5.76460752303439872e+17
30,4,M_u_col_0,16,5,2,3.32306998945331719e+35,0,21,1,5.76460752303439872e+17,17,4,1,5.76460752302153728e+17,17,4,1,5.76460752303439872e+17,17,4,2,3.32306998945506446e+35,17,4,2,3.32306998945506446e+35,18,3,1,5.76460752303513600e+17
30,4,M_y_col_0,0,21,1,5.76460752303439872e+17,0,21,1,5.76460752303439872e+17,0,21,1,5.76460752303439872e+17,0,21,1,5.76460752303439872e+17,0,21,2,3.32306998946247858e+35,0,21,2,3.32306998946247858e+35,1,20,1,5.76460752303439872e+17
30,4,M_u_col_1,16,5,2,3.32306998945331719e+35,0,21,1,5.76460752303439872e+17,17,4,1,5.76460752302153728e+17,17,4,1,5.76460752303439872e+17,17,4,2,3.32306998945506446e+35,17,4,2,3.32306998945506446e+35,18,3,1,5.76460752303513600e+17
30,4,M_y_col_1,0,21,1,5.76460752303439872e+17,0,21,1,5.76460752303439872e+17,0,21,1,5.76460752303439872e+17,0,21,1,5.76460752303439872e+17,0,21,2,3.32306998946247858e+35,0,21,2,3.32306998946247858e+35,1,20,1,5.76460752303439872e+17
30,4,M_u_col_2,16,5,2,3.32306998945331719e+35,0,21,1,5.76460752303439872e+17,17,4,1,5.76460752302153728e+17,17,4,1,5.76460752303439872e+17,17,4,2,3.32306998945506446e+35,17,4,2,3.32306998945506446e+35,18,3,1,5.76460752303513600e+17
30,4,M_y_col_2,0,21,1,5.76460752303439872e+17,0,21,1,5.76460752303439872e+17,0,21,1,5.76460752303439872e+17,0,21,1,5.76460752303439872e+17,0,21,2,3.32306998946247858e+35,0,21,2,3.32306998946247858e+35,1,20,1,5.76460752303439872e+17
30,4,M_u_col_3,16,5,2,3.32306998945331719e+35,0,21,1,5.76460752303439872e+17,17,4,1,5.76460752302153728e+17,17,4,1,5.76460752303439872e+17,17,4,2,3.32306998945506446e+35,17,4,2,3.32306998945506446e+35,18,3,1,5.76460752303513600e+17
30,4,M_y_col_3,0,21,1,5.76460752303439872e+17,0,21,1,5.76460752303439872e+17,0,21,1,5.76460752303439872e+17,0,21,1,5.76460752303439872e+17,0,21,2,3.32306998946247858e+35,0,21,2,3.32306998946247858e+35,1,20,1,5.76460752303439872e+17
31,0,P_0,18,3,1,5.76460752303513600e+17,0,21,1,5.76460752303439872e+17,18,3,1,5.76460752303513600e+17,18,3,1,5.76460752303439872e+17,18,3,2,3.32306998946290359e+35,18,3,2,3.32306998946290359e+35,19,2,1,5.76460752303767552e+17
31,1,P_1,18,3,1,5.76460752303513600e+17,0,21,1,5.76460752303439872e+17,18,3,1,5.76460752303513600e+17,18,3,1,5.76460752303439872e+17,18,3,2,3.32306998946290359e+35,18,3,2,3.32306998946290359e+35,19,2,1,5.76460752303767552e+17
31,1,q_1_0,0,21,1,5.76460752303439872e+17,0,21,1,5.76460752303439872e+17,0,21,1,5.76460752303439872e+17,0,21,1,5.76460752303439872e+17,0,21,2,3.32306998946247858e+35,0,21,2,3.32306998946247858e+35,1,20,1,5.76460752303439872e+17
31,2,P_2,18,3,1,5.76460752303513600e+17,0,21,1,5.76460752303439872e+17,18,3,1,5.76460752303513600e+17,18,3,1,5.76460752303439872e+17,18,3,2,3.32306998946290359e+35,18,3,2,3.32306998946290359e+35,19,2,1,5.76460752303767552e+17
31,2,q_2_0,0,21,1,5.76460752303439872e+17,0,21,1,5.76460752303439872e+17,0,21,1,5.76460752303439872e+17,0,21,1,5.76460752303439872e+17,0,21,2,3.32306998946247858e+35,0,21,2,3.32306998946247858e+35,1,20,1,5.76460752303439872e+17
31,2,q_2_1,0,21,1,5.76460752303439872e+17,0,21,1,5.76460752303439872e+17,0,21,1,5.76460752303439872e+17,0,21,1,5.76460752303439872e+17,0,21,2,3.32306998946247858e+35,0,21,2,3.32306998946247858e+35,1,20,1,5.76460752303439872e+17
31,3,P_3,18,3,1,5.76460752303513600e+17,0,21,1,5.76460752303439872e+17,18,3,1,5.76460752303513600e+17,18,3,1,5.76460752303439872e+17,18,3,2,3.32306998946290359e+35,18,3,2,3.32306998946290359e+35,19,2,1,5.76460752303767552e+17
31,3,q_3_0,0,21,1,5.76460752303439872e+17,0,21,1,5.76460752303439872e+17,0,21,1,5.76460752303439872e+17,0,21,1,5.76460752303439872e+17,0,21,2,3.32306998946247858e+35,0,21,2,3.32306998946247858e+35,1,20,1,5.76460752303439872e+17
31,3,q_3_1,0,21,1,5.76460752303439872e+17,0,21,1,5.76460752303439872e+17,0,21,1,5.76460752303439872e+17,0,21,1,5.76460752303439872e+17,0,21,2,3.32306998946247858e+35,0,21,2,3.32306998946247858e+35,1,20,1,5.76460752303439872e+17
31,3,q_3_2,0,21,1,5.76460752303439872e+17,0,21,1,5.76460752303439872e+17,0,21,1,5.76460752303439872e+17,0,21,1,5.76460752303439872e+17,0,21,2,3.32306998946247858e+35,0,21,2,3.32306998946247858e+35,1,20,1,5.76460752303439872e+17
31,4,M_u_col_0,16,5,2,3.32306998945331719e+35,0,21,1,5.76460752303439872e+17,17,4,1,5.76460752302153728e+17,17,4,1,5.76460752303439872e+17,17,4,2,3.32306998945506446e+35,17,4,2,3.32306998945506446e+35,18,3,1,5.76460752303513600e+17
31,4,M_y_col_0,0,21,1,5.76460752303439872e+17,0,21,1,5.76460752303439872e+17,0,21,1,5.76460752303439872e+17,0,21,1,5.76460752303439872e+17,0,21,2,3.32306998946247858e+35,0,21,2,3.32306998946247858e+35,1,20,1,5.76460752303439872e+17
31,4,M_u_col_1,16,5,2,3.32306998945331719e+35,0,21,1,5.76460752303439872e+17,17,4,1,5.76460752302153728e+17,17,4,1,5.76460752303439872e+17,17,4,2,3.32306998945506446e+35,17,4,2,3.32306998945506446e+35,18,3,1,5.76460752303513600e+17
31,4,M_y_col_1,0,21,1,5.76460752303439872e+17,0,21,1,5.76460752303439872e+17,0,21,1,5.76460752303439872e+17,0,21,1,5.76460752303439872e+17,0,21,2,3.32306998946247858e+35,0,21,2,3.32306998946247858e+35,1,20,1,5.76460752303439872e+17
31,4,M_u_col_2,16,5,2,3.32306998945331719e+35,0,21,1,5.76460752303439872e+17,17,4,1,5.76460752302153728e+17,17,4,1,5.76460752303439872e+17,17,4,2,3.32306998945506446e+35,17,4,2,3.32306998945506446e+35,18,3,1,5.76460752303513600e+17
31,4,M_y_col_2,0,21,1,5.76460752303439872e+17,0,21,1,5.76460752303439872e+17,0,21,1,5.76460752303439872e+17,0,21,1,5.76460752303439872e+17,0,21,2,3.32306998946247858e+35,0,21,2,3.32306998946247858e+35,1,20,1,5.76460752303439872e+17
31,4,M_u_col_3,16,5,2,3.32306998945331719e+35,0,21,1,5.76460752303439872e+17,17,4,1,5.76460752302153728e+17,17,4,1,5.76460752303439872e+17,17,4,2,3.32306998945506446e+35,17,4,2,3.32306998945506446e+35,18,3,1,5.76460752303513600e+17
31,4,M_y_col_3,0,21,1,5.76460752303439872e+17,0,21,1,5.76460752303439872e+17,0,21,1,5.76460752303439872e+17,0,21,1,5.76460752303439872e+17,0,21,2,3.32306998946247858e+35,0,21,2,3.32306998946247858e+35,1,20,1,5.76460752303439872e+17
32,0,P_0,18,3,1,5.76460752303513600e+17,0,21,1,5.76460752303439872e+17,18,3,1,5.76460752303513600e+17,18,3,1,5.76460752303439872e+17,18,3,2,3.32306998946290359e+35,18,3,2,3.32306998946290359e+35,19,2,1,5.76460752303767552e+17
32,1,P_1,18,3,1,5.76460752303513600e+17,0,21,1,5.76460752303439872e+17,18,3,1,5.76460752303513600e+17,18,3,1,5.76460752303439872e+17,18,3,2,3.32306998946290359e+35,18,3,2,3.32306998946290359e+35,19,2,1,5.76460752303767552e+17
32,1,q_1_0,0,21,1,5.76460752303439872e+17,0,21,1,5.76460752303439872e+17,0,21,1,5.76460752303439872e+17,0,21,1,5.76460752303439872e+17,0,21,2,3.32306998946247858e+35,0,21,2,3.32306998946247858e+35,1,20,1,5.76460752303439872e+17
32,2,P_2,18,3,1,5.76460752303513600e+17,0,21,1,5.76460752303439872e+17,18,3,1,5.76460752303513600e+17,18,3,1,5.76460752303439872e+17,18,3,2,3.32306998946290359e+35,18,3,2,3.32306998946290359e+35,19,2,1,5.76460752303767552e+17
32,2,q_2_0,0,21,1,5.76460752303439872e+17,0,21,1,5.76460752303439872e+17,0,21,1,5.76460752303439872e+17,0,21,1,5.76460752303439872e+17,0,21,2,3.32306998946247858e+35,0,21,2,3.32306998946247858e+35,1,20,1,5.76460752303439872e+17
32,2,q_2_1,0,21,1,5.76460752303439872e+17,0,21,1,5.76460752303439872e+17,0,21,1,5.76460752303439872e+17,0,21,1,5.76460752303439872e+17,0,21,2,3.32306998946247858e+35,0,21,2,3.32306998946247858e+35,1,20,1,5.76460752303439872e+17
32,3,P_3,18,3,1,5.76460752303513600e+17,0,21,1,5.76460752303439872e+17,18,3,1,5.76460752303513600e+17,18,3,1,5.76460752303439872e+17,18,3,2,3.32306998946290359e+35,18,3,2,3.32306998946290359e+35,19,2,1,5.76460752303767552e+17
32,3,q_3_0,0,21,1,5.76460752303439872e+17,0,21,1,5.76460752303439872e+17,0,21,1,5.76460752303439872e+17,0,21,1,5.76460752303439872e+17,0,21,2,3.32306998946247858e+35,0,21,2,3.32306998946247858e+35,1,20,1,5.76460752303439872e+17
32,3,q_3_1,0,21,1,5.76460752303439872e+17,0,21,1,5.76460752303439872e+17,0,21,1,5.76460752303439872e+17,0,21,1,5.76460752303439872e+17,0,21,2,3.32306998946247858e+35,0,21,2,3.32306998946247858e+35,1,20,1,5.76460752303439872e+17
32,3,q_3_2,0,21,1,5.76460752303439872e+17,0,21,1,5.76460752303439872e+17,0,21,1,5.76460752303439872e+17,0,21,1,5.76460752303439872e+17,0,21,2,3.32306998946247858e+35,0,21,2,3.32306998946247858e+35,1,20,1,5.76460752303439872e+17
32,4,M_u_col_0,16,5,2,3.32306998945331719e+35,0,21,1,5.76460752303439872e+17,17,4,1,5.76460752302153728e+17,17,4,1,5.76460752303439872e+17,17,4,2,3.32306998945506446e+35,17,4,2,3.32306998945506446e+35,18,3,1,5.76460752303513600e+17
32,4,M_y_col_0,0,21,1,5.76460752303439872e+17,0,21,1,5.76460752303439872e+17,0,21,1,5.76460752303439872e+17,0,21,1,5.76460752303439872e+17,0,21,2,3.32306998946247858e+35,0,21,2,3.32306998946247858e+35,1,20,1,5.76460752303439872e+17
32,4,M_u_col_1,16,5,2,3.32306998945331719e+35,0,21,1,5.76460752303439872e+17,17,4,1,5.76460752302153728e+17,17,4,1,5.76460752303439872e+17,17,4,2,3.32306998945506446e+35,17,4,2,3.32306998945506446e+35,18,3,1,5.76460752303513600e+17
32,4,M_y_col_1,0,21,1,5.76460752303439872e+17,0,21,1,5.76460752303439872e+17,0,21,1,5.76460752303439872e+17,0,21,1,5.76460752303439872e+17,0,21,2,3.32306998946247858e+35,0,21,2,3.32306998946247858e+35,1,20,1,5.76460752303439872e+17
32,4,M_u_col_2,16,5,2,3.32306998945331719e+35,0,21,1,5.76460752303439872e+17,17,4,1,5.76460752302153728e+17,17,4,1,5.76460752303439872e+17,17,4,2,3.32306998945506446e+35,17,4,2,3.32306998945506446e+35,18,3,1,5.76460752303513600e+17
32,4,M_y_col_2,0,21,1,5.76460752303439872e+17,0,21,1,5.76460752303439872e+17,0,21,1,5.76460752303439872e+17,0,21,1,5.76460752303439872e+17,0,21,2,3.32306998946247858e+35,0,21,2,3.32306998946247858e+35,1,20,1,5.76460752303439872e+17
32,4,M_u_col_3,16,5,2,3.32306998945331719e+35,0,21,1,5.76460752303439872e+17,17,4,1,5.76460752302153728e+17,17,4,1,5.76460752303439872e+17,17,4,2,3.32306998945506446e+35,17,4,2,3.32306998945506446e+35,18,3,1,5.76460752303513600e+17
32,4,M_y_col_3,0,21,1,5.76460752303439872e+17,0,21,1,5.76460752303439872e+17,0,21,1,5.76460752303439872e+17,0,21,1,5.76460752303439872e+17,0,21,2,3.32306998946247858e+35,0,21,2,3.32306998946247858e+35,1,20,1,5.76460752303439872e+17
33,0,P_0,18,3,1,5.76460752303513600e+17,0,21,1,5.76460752303439872e+17,18,3,1,5.76460752303513600e+17,18,3,1,5.76460752303439872e+17,18,3,2,3.32306998946290359e+35,18,3,2,3.32306998946290359e+35,19,2,1,5.76460752303767552e+17
33,1,P_1,18,3,1,5.76460752303513600e+17,0,21,1,5.76460752303439872e+17,18,3,1,5.76460752303513600e+17,18,3,1,5.76460752303439872e+17,18,3,2,3.32306998946290359e+35,18,3,2,3.32306998946290359e+35,19,2,1,5.76460752303767552e+17
33,1,q_1_0,0,21,1,5.76460752303439872e+17,0,21,1,5.76460752303439872e+17,0,21,1,5.76460752303439872e+17,0,21,1,5.76460752303439872e+17,0,21,2,3.32306998946247858e+35,0,21,2,3.32306998946247858e+35,1,20,1,5.76460752303439872e+17
33,2,P_2,18,3,1,5.76460752303513600e+17,0,21,1,5.76460752303439872e+17,18,3,1,5.76460752303513600e+17,18,3,1,5.76460752303439872e+17,18,3,2,3.32306998946290359e+35,18,3,2,3.32306998946290359e+35,19,2,1,5.76460752303767552e+17
33,2,q_2_0,0,21,1,5.76460752303439872e+17,0,21,1,5.76460752303439872e+17,0,21,1,5.76460752303439872e+17,0,21,1,5.76460752303439872e+17,0,21,2,3.32306998946247858e+35,0,21,2,3.32306998946247858e+35,1,20,1,5.76460752303439872e+17
33,2,q_2_1,0,21,1,5.76460752303439872e+17,0,21,1,5.76460752303439872e+17,0,21,1,5.76460752303439872e+17,0,21,1,5.76460752303439872e+17,0,21,2,3.32306998946247858e+35,0,21,2,3.32306998946247858e+35,1,20,1,5.76460752303439872e+17
33,3,P_3,18,3,1,5.76460752303513600e+17,0,21,1,5.76460752303439872e+17,18,3,1,5.76460752303513600e+17,18,3,1,5.76460752303439872e+17,18,3,2,3.32306998946290359e+35,18,3,2,3.32306998946290359e+35,19,2,1,5.76460752303767552e+17
33,3,q_3_0,0,21,1,5.76460752303439872e+17,0,21,1,5.76460752303439872e+17,0,21,1,5.76460752303439872e+17,0,21,1,5.76460752303439872e+17,0,21,2,3.32306998946247858e+35,0,21,2,3.32306998946247858e+35,1,20,1,5.76460752303439872e+17
33,3,q_3_1,0,21,1,5.76460752303439872e+17,0,21,1,5.76460752303439872e+17,0,21,1,5.76460752303439872e+17,0,21,1,5.76460752303439872e+17,0,21,2,3.32306998946247858e+35,0,21,2,3.32306998946247858e+35,1,20,1,5.76460752303439872e+17
33,3,q_3_2,0,21,1,5.76460752303439872e+17,0,21,1,5.76460752303439872e+17,0,21,1,5.76460752303439872e+17,0,21,1,5.76460752303439872e+17,0,21,2,3.32306998946247858e+35,0,21,2,3.32306998946247858e+35,1,20,1,5.76460752303439872e+17
33,4,M_u_col_0,16,5,2,3.32306998945331719e+35,0,21,1,5.76460752303439872e+17,17,4,1,5.76460752302153728e+17,17,4,1,5.76460752303439872e+17,17,4,2,3.32306998945506446e+35,17,4,2,3.32306998945506446e+35,18,3,1,5.76460752303513600e+17
33,4,M_y_col_0,0,21,1,5.76460752303439872e+17,0,21,1,5.76460752303439872e+17,0,21,1,5.76460752303439872e+17,0,21,1,5.76460752303439872e+17,0,21,2,3.32306998946247858e+35,0,21,2,3.32306998946247858e+35,1,20,1,5.76460752303439872e+17
33,4,M_u_col_1,16,5,2,3.32306998945331719e+35,0,21,1,5.76460752303439872e+17,17,4,1,5.76460752302153728e+17,17,4,1,5.76460752303439872e+17,17,4,2,3.32306998945506446e+35,17,4,2,3.32306998945506446e+35,18,3,1,5.76460752303513600e+17
33,4,M_y_col_1,0,21,1,5.76460752303439872e+17,0,21,1,5.76460752303439872e+17,0,21,1,5.76460752303439872e+17,0,21,1,5.76460752303439872e+17,0,21,2,3.32306998946247858e+35,0,21,2,3.32306998946247858e+35,1,20,1,5.76460752303439872e+17
33,4,M_u_col_2,16,5,2,3.32306998945331719e+35,0,21,1,5.76460752303439872e+17,17,4,1,5.76460752302153728e+17,17,4,1,5.76460752303439872e+17,17,4,2,3.32306998945506446e+35,17,4,2,3.32306998945506446e+35,18,3,1,5.76460752303513600e+17
33,4,M_y_col_2,0,21,1,5.76460752303439872e+17,0,21,1,5.76460752303439872e+17,0,21,1,5.76460752303439872e+17,0,21,1,5.76460752303439872e+17,0,21,2,3.32306998946247858e+35,0,21,2,3.32306998946247858e+35,1,20,1,5.76460752303439872e+17
33,4,M_u_col_3,16,5,2,3.32306998945331719e+35,0,21,1,5.76460752303439872e+17,17,4,1,5.76460752302153728e+17,17,4,1,5.76460752303439872e+17,17,4,2,3.32306998945506446e+35,17,4,2,3.32306998945506446e+35,18,3,1,5.76460752303513600e+17
33,4,M_y_col_3,0,21,1,5.76460752303439872e+17,0,21,1,5.76460752303439872e+17,0,21,1,5.76460752303439872e+17,0,21,1,5.76460752303439872e+17,0,21,2,3.32306998946247858e+35,0,21,2,3.32306998946247858e+35,1,20,1,5.76460752303439872e+17
34,0,P_0,18,3,1,5.76460752303513600e+17,0,21,1,5.76460752303439872e+17,18,3,1,5.76460752303513600e+17,18,3,1,5.76460752303439872e+17,18,3,2,3.32306998946290359e+35,18,3,2,3.32306998946290359e+35,19,2,1,5.76460752303767552e+17
34,1,P_1,18,3,1,5.76460752303513600e+17,0,21,1,5.76460752303439872e+17,18,3,1,5.76460752303513600e+17,18,3,1,5.76460752303439872e+17,18,3,2,3.32306998946290359e+35,18,3,2,3.32306998946290359e+35,19,2,1,5.76460752303767552e+17
34,1,q_1_0,0,21,1,5.76460752303439872e+17,0,21,1,5.76460752303439872e+17,0,21,1,5.76460752303439872e+17,0,21,1,5.76460752303439872e+17,0,21,2,3.32306998946247858e+35,0,21,2,3.32306998946247858e+35,1,20,1,5.76460752303439872e+17
34,2,P_2,18,3,1,5.76460752303513600e+17,0,21,1,5.76460752303439872e+17,18,3,1,5.76460752303513600e+17,18,3,1,5.76460752303439872e+17,18,3,2,3.32306998946290359e+35,18,3,2,3.32306998946290359e+35,19,2,1,5.76460752303767552e+17
34,2,q_2_0,0,21,1,5.76460752303439872e+17,0,21,1,5.76460752303439872e+17,0,21,1,5.76460752303439872e+17,0,21,1,5.76460752303439872e+17,0,21,2,3.32306998946247858e+35,0,21,2,3.32306998946247858e+35,1,20,1,5.76460752303439872e+17
34,2,q_2_1,0,21,1,5.76460752303439872e+17,0,21,1,5.76460752303439872e+17,0,21,1,5.76460752303439872e+17,0,21,1,5.76460752303439872e+17,0,21,2,3.32306998946247858e+35,0,21,2,3.32306998946247858e+35,1,20,1,5.76460752303439872e+17
34,3,P_3,18,3,1,5.76460752303513600e+17,0,21,1,5.76460752303439872e+17,18,3,1,5.76460752303513600e+17,18,3,1,5.76460752303439872e+17,18,3,2,3.32306998946290359e+35,18,3,2,3.32306998946290359e+35,19,2,1,5.76460752303767552e+17
34,3,q_3_0,0,21,1,5.76460752303439872e+17,0,21,1,5.76460752303439872e+17,0,21,1,5.76460752303439872e+17,0,21,1,5.76460752303439872e+17,0,21,2,3.32306998946247858e+35,0,21,2,3.32306998946247858e+35,1,20,1,5.76460752303439872e+17
34,3,q_3_1,0,21,1,5.76460752303439872e+17,0,21,1,5.76460752303439872e+17,0,21,1,5.76460752303439872e+17,0,21,1,5.76460752303439872e+17,0,21,2,3.32306998946247858e+35,0,21,2,3.32306998946247858e+35,1,20,1,5.76460752303439872e+17
34,3,q_3_2,0,21,1,5.76460752303439872e+17,0,21,1,5.76460752303439872e+17,0,21,1,5.76460752303439872e+17,0,21,1,5.76460752303439872e+17,0,21,2,3.32306998946247858e+35,0,21,2,3.32306998946247858e+35,1,20,1,5.76460752303439872e+17
34,4,M_u_col_0,16,5,2,3.32306998945331719e+35,0,21,1,5.76460752303439872e+17,17,4,1,5.76460752302153728e+17,17,4,1,5.76460752303439872e+17,17,4,2,3.32306998945506446e+35,17,4,2,3.32306998945506446e+35,18,3,1,5.76460752303513600e+17
34,4,M_y_col_0,0,21,1,5.76460752303439872e+17,0,21,1,5.76460752303439872e+17,0,21,1,5.76460752303439872e+17,0,21,1,5.76460752303439872e+17,0,21,2,3.32306998946247858e+35,0,21,2,3.32306998946247858e+35,1,20,1,5.76460752303439872e+17
34,4,M_u_col_1,16,5,2,3.32306998945331719e+35,0,21,1,5.76460752303439872e+17,17,4,1,5.76460752302153728e+17,17,4,1,5.76460752303439872e+17,17,4,2,3.32306998945506446e+35,17,4,2,3.32306998945506446e+35,18,3,1,5.76460752303513600e+17
34,4,M_y_col_1,0,21,1,5.76460752303439872e+17,0,21,1,5.76460752303439872e+17,0,21,1,5.76460752303439872e+17,0,21,1,5.76460752303439872e+17,0,21,2,3.32306998946247858e+35,0,21,2,3.32306998946247858e+35,1,20,1,5.76460752303439872e+17
34,4,M_u_col_2,16,5,2,3.32306998945331719e+35,0,21,1,5.76460752303439872e+17,17,4,1,5.76460752302153728e+17,17,4,1,5.76460752303439872e+17,17,4,2,3.32306998945506446e+35,17,4,2,3.32306998945506446e+35,18,3,1,5.76460752303513600e+17
34,4,M_y_col_2,0,21,1,5.76460752303439872e+17,0,21,1,5.76460752303439872e+17,0,21,1,5.76460752303439872e+17,0,21,1,5.76460752303439872e+17,0,21,2,3.32306998946247858e+35,0,21,2,3.32306998946247858e+35,1,20,1,5.76460752303439872e+17
34,4,M_u_col_3,16,5,2,3.32306998945331719e+35,0,21,1,5.76460752303439872e+17,17,4,1,5.76460752302153728e+17,17,4,1,5.76460752303439872e+17,17,4,2,3.32306998945506446e+35,17,4,2,3.32306998945506446e+35,18,3,1,5.76460752303513600e+17
34,4,M_y_col_3,0,21,1,5.76460752303439872e+17,0,21,1,5.76460752303439872e+17,0,21,1,5.76460752303439872e+17,0,21,1,5.76460752303439872e+17,0,21,2,3.32306998946247858e+35,0,21,2,3.32306998946247858e+35,1,20,1,5.76460752303439872e+17
35,0,P_0,18,3,1,5.76460752303513600e+17,0,21,1,5.76460752303439872e+17,18,3,1,5.76460752303513600e+17,18,3,1,5.76460752303439872e+17,18,3,2,3.32306998946290359e+35,18,3,2,3.32306998946290359e+35,19,2,1,5.76460752303767552e+17
35,1,P_1,18,3,1,5.76460752303513600e+17,0,21,1,5.76460752303439872e+17,18,3,1,5.76460752303513600e+17,18,3,1,5.76460752303439872e+17,18,3,2,3.32306998946290359e+35,18,3,2,3.32306998946290359e+35,19,2,1,5.76460752303767552e+17
35,1,q_1_0,0,21,1,5.76460752303439872e+17,0,21,1,5.76460752303439872e+17,0,21,1,5.76460752303439872e+17,0,21,1,5.76460752303439872e+17,0,21,2,3.32306998946247858e+35,0,21,2,3.32306998946247858e+35,1,20,1,5.76460752303439872e+17
35,2,P_2,18,3,1,5.76460752303513600e+17,0,21,1,5.76460752303439872e+17,18,3,1,5.76460752303513600e+17,18,3,1,5.76460752303439872e+17,18,3,2,3.32306998946290359e+35,18,3,2,3.32306998946290359e+35,19,2,1,5.76460752303767552e+17
35,2,q_2_0,0,21,1,5.76460752303439872e+17,0,21,1,5.76460752303439872e+17,0,21,1,5.76460752303439872e+17,0,21,1,5.76460752303439872e+17,0,21,2,3.32306998946247858e+35,0,21,2,3.32306998946247858e+35,1,20,1,5.76460752303439872e+17
35,2,q_2_1,0,21,1,5.76460752303439872e+17,0,21,1,5.76460752303439872e+17,0,21,1,5.76460752303439872e+17,0,21,1,5.76460752303439872e+17,0,21,2,3.32306998946247858e+35,0,21,2,3.32306998946247858e+35,1,20,1,5.76460752303439872e+17
35,3,P_3,18,3,1,5.76460752303513600e+17,0,21,1,5.76460752303439872e+17,18,3,1,5.76460752303513600e+17,18,3,1,5.76460752303439872e+17,18,3,2,3.32306998946290359e+35,18,3,2,3.32306998946290359e+35,19,2,1,5.76460752303767552e+17
35,3,q_3_0,0,21,1,5.76460752303439872e+17,0,21,1,5.76460752303439872e+17,0,21,1,5.76460752303439872e+17,0,21,1,5.76460752303439872e+17,0,21,2,3.32306998946247858e+35,0,21,2,3.32306998946247858e+35,1,20,1,5.76460752303439872e+17
35,3,q_3_1,0,21,1,5.76460752303439872e+17,0,21,1,5.76460752303439872e+17,0,21,1,5.76460752303439872e+17,0,21,1,5.76460752303439872e+17,0,21,2,3.32306998946247858e+35,0,21,2,3.32306998946247858e+35,1,20,1,5.76460752303439872e+17
35,3,q_3_2,0,21,1,5.76460752303439872e+17,0,21,1,5.76460752303439872e+17,0,21,1,5.76460752303439872e+17,0,21,1,5.76460752303439872e+17,0,21,2,3.32306998946247858e+35,0,21,2,3.32306998946247858e+35,1,20,1,5.76460752303439872e+17
35,4,M_u_col_0,16,5,2,3.32306998945331719e+35,0,21,1,5.76460752303439872e+17,17,4,1,5.76460752302153728e+17,17,4,1,5.76460752303439872e+17,17,4,2,3.32306998945506446e+35,17,4,2,3.32306998945506446e+35,18,3,1,5.76460752303513600e+17
35,4,M_y_col_0,0,21,1,5.76460752303439872e+17,0,21,1,5.76460752303439872e+17,0,21,1,5.76460752303439872e+17,0,21,1,5.76460752303439872e+17,0,21,2,3.32306998946247858e+35,0,21,2,3.32306998946247858e+35,1,20,1,5.76460752303439872e+17
35,4,M_u_col_1,16,5,2,3.32306998945331719e+35,0,21,1,5.76460752303439872e+17,17,4,1,5.76460752302153728e+17,17,4,1,5.76460752303439872e+17,17,4,2,3.32306998945506446e+35,17,4,2,3.32306998945506446e+35,18,3,1,5.76460752303513600e+17
35,4,M_y_col_1,0,21,1,5.76460752303439872e+17,0,21,1,5.76460752303439872e+17,0,21,1,5.76460752303439872e+17,0,21,1,5.76460752303439872e+17,0,21,2,3.32306998946247858e+35,0,21,2,3.32306998946247858e+35,1,20,1,5.76460752303439872e+17
35,4,M_u_col_2,16,5,2,3.32306998945331719e+35,0,21,1,5.76460752303439872e+17,17,4,1,5.76460752302153728e+17,17,4,1,5.76460752303439872e+17,17,4,2,3.32306998945506446e+35,17,4,2,3.32306998945506446e+35,18,3,1,5.76460752303513600e+17
35,4,M_y_col_2,0,21,1,5.76460752303439872e+17,0,21,1,5.76460752303439872e+17,0,21,1,5.76460752303439872e+17,0,21,1,5.76460752303439872e+17,0,21,2,3.32306998946247858e+35,0,21,2,3.32306998946247858e+35,1,20,1,5.76460752303439872e+17
35,4,M_u_col_3,16,5,2,3.32306998945331719e+35,0,21,1,5.76460752303439872e+17,17,4,1,5.76460752302153728e+17,17,4,1,5.76460752303439872e+17,17,4,2,3.32306998945506446e+35,17,4,2,3.32306998945506446e+35,18,3,1,5.76460752303513600e+17
35,4,M_y_col_3,0,21,1,5.76460752303439872e+17,0,21,1,5.76460752303439872e+17,0,21,1,5.76460752303439872e+17,0,21,1,5.76460752303439872e+17,0,21,2,3.32306998946247858e+35,0,21,2,3.32306998946247858e+35,1,20,1,5.76460752303439872e+17
36,0,P_0,18,3,1,5.76460752303513600e+17,0,21,1,5.76460752303439872e+17,18,3,1,5.76460752303513600e+17,18,3,1,5.76460752303439872e+17,18,3,2,3.32306998946290359e+35,18,3,2,3.32306998946290359e+35,19,2,1,5.76460752303767552e+17
36,1,P_1,18,3,1,5.76460752303513600e+17,0,21,1,5.76460752303439872e+17,18,3,1,5.76460752303513600e+17,18,3,1,5.76460752303439872e+17,18,3,2,3.32306998946290359e+35,18,3,2,3.32306998946290359e+35,19,2,1,5.76460752303767552e+17
36,1,q_1_0,0,21,1,5.76460752303439872e+17,0,21,1,5.76460752303439872e+17,0,21,1,5.76460752303439872e+17,0,21,1,5.76460752303439872e+17,0,21,2,3.32306998946247858e+35,0,21,2,3.32306998946247858e+35,1,20,1,5.76460752303439872e+17
36,2,P_2,18,3,1,5.76460752303513600e+17,0,21,1,5.76460752303439872e+17,18,3,1,5.76460752303513600e+17,18,3,1,5.76460752303439872e+17,18,3,2,3.32306998946290359e+35,18,3,2,3.32306998946290359e+35,19,2,1,5.76460752303767552e+17
36,2,q_2_0,0,21,1,5.76460752303439872e+17,0,21,1,5.76460752303439872e+17,0,21,1,5.76460752303439872e+17,0,21,1,5.76460752303439872e+17,0,21,2,3.32306998946247858e+35,0,21,2,3.32306998946247858e+35,1,20,1,5.76460752303439872e+17
36,2,q_2_1,0,21,1,5.76460752303439872e+17,0,21,1,5.76460752303439872e+17,0,21,1,5.76460752303439872e+17,0,21,1,5.76460752303439872e+17,0,21,2,3.32306998946247858e+35,0,21,2,3.32306998946247858e+35,1,20,1,5.76460752303439872e+17
36,3,P_3,18,3,1,5.76460752303513600e+17,0,21,1,5.76460752303439872e+17,18,3,1,5.76460752303513600e+17,18,3,1,5.76460752303439872e+17,18,3,2,3.32306998946290359e+35,18,3,2,3.32306998946290359e+35,19,2,1,5.76460752303767552e+17
36,3,q_3_0,0,21,1,5.76460752303439872e+17,0,21,1,5.76460752303439872e+17,0,21,1,5.76460752303439872e+17,0,21,1,5.76460752303439872e+17,0,21,2,3.32306998946247858e+35,0,21,2,3.32306998946247858e+35,1,20,1,5.76460752303439872e+17
36,3,q_3_1,0,21,1,5.76460752303439872e+17,0,21,1,5.76460752303439872e+17,0,21,1,5.76460752303439872e+17,0,21,1,5.76460752303439872e+17,0,21,2,3.32306998946247858e+35,0,21,2,3.32306998946247858e+35,1,20,1,5.76460752303439872e+17
36,3,q_3_2,0,21,1,5.76460752303439872e+17,0,21,1,5.76460752303439872e+17,0,21,1,5.76460752303439872e+17,0,21,1,5.76460752303439872e+17,0,21,2,3.32306998946247858e+35,0,21,2,3.32306998946247858e+35,1,20,1,5.76460752303439872e+17
36,4,M_u_col_0,16,5,2,3.32306998945331719e+35,0,21,1,5.76460752303439872e+17,17,4,1,5.76460752302153728e+17,17,4,1,5.76460752303439872e+17,17,4,2,3.32306998945506446e+35,17,4,2,3.32306998945506446e+35,18,3,1,5.76460752303513600e+17
36,4,M_y_col_0,0,21,1,5.76460752303439872e+17,0,21,1,5.76460752303439872e+17,0,21,1,5.76460752303439872e+17,0,21,1,5.76460752303439872e+17,0,21,2,3.32306998946247858e+35,0,21,2,3.32306998946247858e+35,1,20,1,5.76460752303439872e+17
36,4,M_u_col_1,16,5,2,3.32306998945331719e+35,0,21,1,5.76460752303439872e+17,17,4,1,5.76460752302153728e+17,17,4,1,5.76460752303439872e+17,17,4,2,3.32306998945506446e+35,17,4,2,3.32306998945506446e+35,18,3,1,5.76460752303513600e+17
36,4,M_y_col_1,0,21,1,5.76460752303439872e+17,0,21,1,5.76460752303439872e+17,0,21,1,5.76460752303439872e+17,0,21,1,5.76460752303439872e+17,0,21,2,3.32306998946247858e+35,0,21,2,3.32306998946247858e+35,1,20,1,5.76460752303439872e+17
36,4,M_u_col_2,16,5,2,3.32306998945331719e+35,0,21,1,5.76460752303439872e+17,17,4,1,5.76460752302153728e+17,17,4,1,5.76460752303439872e+17,17,4,2,3.32306998945506446e+35,17,4,2,3.32306998945506446e+35,18,3,1,5.76460752303513600e+17
36,4,M_y_col_2,0,21,1,5.76460752303439872e+17,0,21,1,5.76460752303439872e+17,0,21,1,5.76460752303439872e+17,0,21,1,5.76460752303439872e+17,0,21,2,3.32306998946247858e+35,0,21,2,3.32306998946247858e+35,1,20,1,5.76460752303439872e+17
36,4,M_u_col_3,16,5,2,3.32306998945331719e+35,0,21,1,5.76460752303439872e+17,17,4,1,5.76460752302153728e+17,17,4,1,5.76460752303439872e+17,17,4,2,3.32306998945506446e+35,17,4,2,3.32306998945506446e+35,18,3,1,5.76460752303513600e+17
36,4,M_y_col_3,0,21,1,5.76460752303439872e+17,0,21,1,5.76460752303439872e+17,0,21,1,5.76460752303439872e+17,0,21,1,5.76460752303439872e+17,0,21,2,3.32306998946247858e+35,0,21,2,3.32306998946247858e+35,1,20,1,5.76460752303439872e+17
37,0,P_0,18,3,1,5.76460752303513600e+17,0,21,1,5.76460752303439872e+17,18,3,1,5.76460752303513600e+17,18,3,1,5.76460752303439872e+17,18,3,2,3.32306998946290359e+35,18,3,2,3.32306998946290359e+35,19,2,1,5.76460752303767552e+17
37,1,P_1,18,3,1,5.76460752303513600e+17,0,21,1,5.76460752303439872e+17,18,3,1,5.76460752303513600e+17,18,3,1,5.76460752303439872e+17,18,3,2,3.32306998946290359e+35,18,3,2,3.32306998946290359e+35,19,2,1,5.76460752303767552e+17
37,1,q_1_0,0,21,1,5.76460752303439872e+17,0,21,1,5.76460752303439872e+17,0,21,1,5.76460752303439872e+17,0,21,1,5.76460752303439872e+17,0,21,2,3.32306998946247858e+35,0,21,2,3.32306998946247858e+35,1,20,1,5.76460752303439872e+17
37,2,P_2,18,3,1,5.76460752303513600e+17,0,21,1,5.76460752303439872e+17,18,3,1,5.76460752303513600e+17,18,3,1,5.76460752303439872e+17,18,3,2,3.32306998946290359e+35,18,3,2,3.32306998946290359e+35,19,2,1,5.76460752303767552e+17
37,2,q_2_0,0,21,1,5.76460752303439872e+17,0,21,1,5.76460752303439872e+17,0,21,1,5.76460752303439872e+17,0,21,1,5.76460752303439872e+17,0,21,2,3.32306998946247858e+35,0,21,2,3.32306998946247858e+35,1,20,1,5.76460752303439872e+17
37,2,q_2_1,0,21,1,5.76460752303439872e+17,0,21,1,5.76460752303439872e+17,0,21,1,5.76460752303439872e+17,0,21,1,5.76460752303439872e+17,0,21,2,3.32306998946247858e+35,0,21,2,3.32306998946247858e+35,1,20,1,5.76460752303439872e+17
37,3,P_3,18,3,1,5.76460752303513600e+17,0,21,1,5.76460752303439872e+17,18,3,1,5.76460752303513600e+17,18,3,1,5.76460752303439872e+17,18,3,2,3.32306998946290359e+35,18,3,2,3.32306998946290359e+35,19,2,1,5.76460752303767552e+17
37,3,q_3_0,0,21,1,5.76460752303439872e+17,0,21,1,5.76460752303439872e+17,0,21,1,5.76460752303439872e+17,0,21,1,5.76460752303439872e+17,0,21,2,3.32306998946247858e+35,0,21,2,3.32306998946247858e+35,1,20,1,5.76460752303439872e+17
37,3,q_3_1,0,21,1,5.76460752303439872e+17,0,21,1,5.76460752303439872e+17,0,21,1,5.76460752303439872e+17,0,21,1,5.76460752303439872e+17,0,21,2,3.32306998946247858e+35,0,21,2,3.32306998946247858e+35,1,20,1,5.76460752303439872e+17
37,3,q_3_2,0,21,1,5.76460752303439872e+17,0,21,1,5.76460752303439872e+17,0,21,1,5.76460752303439872e+17,0,21,1,5.76460752303439872e+17,0,21,2,3.32306998946247858e+35,0,21,2,3.32306998946247858e+35,1,20,1,5.76460752303439872e+17
37,4,M_u_col_0,16,5,2,3.32306998945331719e+35,0,21,1,5.76460752303439872e+17,17,4,1,5.76460752302153728e+17,17,4,1,5.76460752303439872e+17,17,4,2,3.32306998945506446e+35,17,4,2,3.32306998945506446e+35,18,3,1,5.76460752303513600e+17
37,4,M_y_col_0,0,21,1,5.76460752303439872e+17,0,21,1,5.76460752303439872e+17,0,21,1,5.76460752303439872e+17,0,21,1,5.76460752303439872e+17,0,21,2,3.32306998946247858e+35,0,21,2,3.32306998946247858e+35,1,20,1,5.76460752303439872e+17
37,4,M_u_col_1,16,5,2,3.32306998945331719e+35,0,21,1,5.76460752303439872e+17,17,4,1,5.76460752302153728e+17,17,4,1,5.76460752303439872e+17,17,4,2,3.32306998945506446e+35,17,4,2,3.32306998945506446e+35,18,3,1,5.76460752303513600e+17
37,4,M_y_col_1,0,21,1,5.76460752303439872e+17,0,21,1,5.76460752303439872e+17,0,21,1,5.76460752303439872e+17,0,21,1,5.76460752303439872e+17,0,21,2,3.32306998946247858e+35,0,21,2,3.32306998946247858e+35,1,20,1,5.76460752303439872e+17
37,4,M_u_col_2,16,5,2,3.32306998945331719e+35,0,21,1,5.76460752303439872e+17,17,4,1,5.76460752302153728e+17,17,4,1,5.76460752303439872e+17,17,4,2,3.32306998945506446e+35,17,4,2,3.32306998945506446e+35,18,3,1,5.76460752303513600e+17
37,4,M_y_col_2,0,21,1,5.76460752303439872e+17,0,21,1,5.76460752303439872e+17,0,21,1,5.76460752303439872e+17,0,21,1,5.76460752303439872e+17,0,21,2,3.32306998946247858e+35,0,21,2,3.32306998946247858e+35,1,20,1,5.76460752303439872e+17
37,4,M_u_col_3,16,5,2,3.32306998945331719e+35,0,21,1,5.76460752303439872e+17,17,4,1,5.76460752302153728e+17,17,4,1,5.76460752303439872e+17,17,4,2,3.32306998945506446e+35,17,4,2,3.32306998945506446e+35,18,3,1,5.76460752303513600e+17
37,4,M_y_col_3,0,21,1,5.76460752303439872e+17,0,21,1,5.76460752303439872e+17,0,21,1,5.76460752303439872e+17,0,21,1,5.76460752303439872e+17,0,21,2,3.32306998946247858e+35,0,21,2,3.32306998946247858e+35,1,20,1,5.76460752303439872e+17
38,0,P_0,18,3,1,5.76460752303513600e+17,0,21,1,5.76460752303439872e+17,18,3,1,5.76460752303513600e+17,18,3,1,5.76460752303439872e+17,18,3,2,3.32306998946290359e+35,18,3,2,3.32306998946290359e+35,19,2,1,5.76460752303767552e+17
38,1,P_1,18,3,1,5.76460752303513600e+17,0,21,1,5.76460752303439872e+17,18,3,1,5.76460752303513600e+17,18,3,1,5.76460752303439872e+17,18,3,2,3.32306998946290359e+35,18,3,2,3.32306998946290359e+35,19,2,1,5.76460752303767552e+17
38,1,q_1_0,0,21,1,5.76460752303439872e+17,0,21,1,5.76460752303439872e+17,0,21,1,5.76460752303439872e+17,0,21,1,5.76460752303439872e+17,0,21,2,3.32306998946247858e+35,0,21,2,3.32306998946247858e+35,1,20,1,5.76460752303439872e+17
38,2,P_2,18,3,1,5.76460752303513600e+17,0,21,1,5.76460752303439872e+17,18,3,1,5.76460752303513600e+17,18,3,1,5.76460752303439872e+17,18,3,2,3.32306998946290359e+35,18,3,2,3.32306998946290359e+35,19,2,1,5.76460752303767552e+17
38,2,q_2_0,0,21,1,5.76460752303439872e+17,0,21,1,5.76460752303439872e+17,0,21,1,5.76460752303439872e+17,0,21,1,5.76460752303439872e+17,0,21,2,3.32306998946247858e+35,0,21,2,3.32306998946247858e+35,1,20,1,5.76460752303439872e+17
38,2,q_2_1,0,21,1,5.76460752303439872e+17,0,21,1,5.76460752303439872e+17,0,21,1,5.76460752303439872e+17,0,21,1,5.76460752303439872e+17,0,21,2,3.32306998946247858e+35,0,21,2,3.32306998946247858e+35,1,20,1,5.76460752303439872e+17
38,3,P_3,18,3,1,5.76460752303513600e+17,0,21,1,5.76460752303439872e+17,18,3,1,5.76460752303513600e+17,18,3,1,5.76460752303439872e+17,18,3,2,3.32306998946290359e+35,18,3,2,3.32306998946290359e+35,19,2,1,5.76460752303767552e+17
38,3,q_3_0,0,21,1,5.76460752303439872e+17,0,21,1,5.76460752303439872e+17,0,21,1,5.76460752303439872e+17,0,21,1,5.76460752303439872e+17,0,21,2,3.32306998946247858e+35,0,21,2,3.32306998946247858e+35,1,20,1,5.76460752303439872e+17
38,3,q_3_1,0,21,1,5.76460752303439872e+17,0,21,1,5.76460752303439872e+17,0,21,1,5.76460752303439872e+17,0,21,1,5.76460752303439872e+17,0,21,2,3.32306998946247858e+35,0,21,2,3.32306998946247858e+35,1,20,1,5.76460752303439872e+17
38,3,q_3_2,0,21,1,5.76460752303439872e+17,0,21,1,5.76460752303439872e+17,0,21,1,5.76460752303439872e+17,0,21,1,5.76460752303439872e+17,0,21,2,3.32306998946247858e+35,0,21,2,3.32306998946247858e+35,1,20,1,5.76460752303439872e+17
38,4,M_u_col_0,16,5,2,3.32306998945331719e+35,0,21,1,5.76460752303439872e+17,17,4,1,5.76460752302153728e+17,17,4,1,5.76460752303439872e+17,17,4,2,3.32306998945506446e+35,17,4,2,3.32306998945506446e+35,18,3,1,5.76460752303513600e+17
38,4,M_y_col_0,0,21,1,5.76460752303439872e+17,0,21,1,5.76460752303439872e+17,0,21,1,5.76460752303439872e+17,0,21,1,5.76460752303439872e+17,0,21,2,3.32306998946247858e+35,0,21,2,3.32306998946247858e+35,1,20,1,5.76460752303439872e+17
38,4,M_u_col_1,16,5,2,3.32306998945331719e+35,0,21,1,5.76460752303439872e+17,17,4,1,5.76460752302153728e+17,17,4,1,5.76460752303439872e+17,17,4,2,3.32306998945506446e+35,17,4,2,3.32306998945506446e+35,18,3,1,5.76460752303513600e+17
38,4,M_y_col_1,0,21,1,5.76460752303439872e+17,0,21,1,5.76460752303439872e+17,0,21,1,5.76460752303439872e+17,0,21,1,5.76460752303439872e+17,0,21,2,3.32306998946247858e+35,0,21,2,3.32306998946247858e+35,1,20,1,5.76460752303439872e+17
38,4,M_u_col_2,16,5,2,3.32306998945331719e+35,0,21,1,5.76460752303439872e+17,17,4,1,5.76460752302153728e+17,17,4,1,5.76460752303439872e+17,17,4,2,3.32306998945506446e+35,17,4,2,3.32306998945506446e+35,18,3,1,5.76460752303513600e+17
38,4,M_y_col_2,0,21,1,5.76460752303439872e+17,0,21,1,5.76460752303439872e+17,0,21,1,5.76460752303439872e+17,0,21,1,5.76460752303439872e+17,0,21,2,3.32306998946247858e+35,0,21,2,3.32306998946247858e+35,1,20,1,5.76460752303439872e+17
38,4,M_u_col_3,16,5,2,3.32306998945331719e+35,0,21,1,5.76460752303439872e+17,17,4,1,5.76460752302153728e+17,17,4,1,5.76460752303439872e+17,17,4,2,3.32306998945506446e+35,17,4,2,3.32306998945506446e+35,18,3,1,5.76460752303513600e+17
38,4,M_y_col_3,0,21,1,5.76460752303439872e+17,0,21,1,5.76460752303439872e+17,0,21,1,5.76460752303439872e+17,0,21,1,5.76460752303439872e+17,0,21,2,3.32306998946247858e+35,0,21,2,3.32306998946247858e+35,1,20,1,5.76460752303439872e+17
39,0,P_0,18,3,1,5.76460752303513600e+17,0,21,1,5.76460752303439872e+17,18,3,1,5.76460752303513600e+17,18,3,1,5.76460752303439872e+17,18,3,2,3.32306998946290359e+35,18,3,2,3.32306998946290359e+35,19,2,1,5.76460752303767552e+17
39,1,P_1,18,3,1,5.76460752303513600e+17,0,21,1,5.76460752303439872e+17,18,3,1,5.76460752303513600e+17,18,3,1,5.76460752303439872e+17,18,3,2,3.32306998946290359e+35,18,3,2,3.32306998946290359e+35,19,2,1,5.76460752303767552e+17
39,1,q_1_0,0,21,1,5.76460752303439872e+17,0,21,1,5.76460752303439872e+17,0,21,1,5.76460752303439872e+17,0,21,1,5.76460752303439872e+17,0,21,2,3.32306998946247858e+35,0,21,2,3.32306998946247858e+35,1,20,1,5.76460752303439872e+17
39,2,P_2,18,3,1,5.76460752303513600e+17,0,21,1,5.76460752303439872e+17,18,3,1,5.76460752303513600e+17,18,3,1,5.76460752303439872e+17,18,3,2,3.32306998946290359e+35,18,3,2,3.32306998946290359e+35,19,2,1,5.76460752303767552e+17
39,2,q_2_0,0,21,1,5.76460752303439872e+17,0,21,1,5.76460752303439872e+17,0,21,1,5.76460752303439872e+17,0,21,1,5.76460752303439872e+17,0,21,2,3.32306998946247858e+35,0,21,2,3.32306998946247858e+35,1,20,1,5.76460752303439872e+17
39,2,q_2_1,0,21,1,5.76460752303439872e+17,0,21,1,5.76460752303439872e+17,0,21,1,5.76460752303439872e+17,0,21,1,5.76460752303439872e+17,0,21,2,3.32306998946247858e+35,0,21,2,3.32306998946247858e+35,1,20,1,5.76460752303439872e+17
39,3,P_3,18,3,1,5.76460752303513600e+17,0,21,1,5.76460752303439872e+17,18,3,1,5.76460752303513600e+17,18,3,1,5.76460752303439872e+17,18,3,2,3.32306998946290359e+35,18,3,2,3.32306998946290359e+35,19,2,1,5.76460752303767552e+17
39,3,q_3_0,0,21,1,5.76460752303439872e+17,0,21,1,5.76460752303439872e+17,0,21,1,5.76460752303439872e+17,0,21,1,5.76460752303439872e+17,0,21,2,3.32306998946247858e+35,0,21,2,3.32306998946247858e+35,1,20,1,5.76460752303439872e+17
39,3,q_3_1,0,21,1,5.76460752303439872e+17,0,21,1,5.76460752303439872e+17,0,21,1,5.76460752303439872e+17,0,21,1,5.76460752303439872e+17,0,21,2,3.32306998946247858e+35,0,21,2,3.32306998946247858e+35,1,20,1,5.76460752303439872e+17
39,3,q_3_2,0,21,1,5.76460752303439872e+17,0,21,1,5.76460752303439872e+17,0,21,1,5.76460752303439872e+17,0,21,1,5.76460752303439872e+17,0,21,2,3.32306998946247858e+35,0,21,2,3.32306998946247858e+35,1,20,1,5.76460752303439872e+17
39,4,M_u_col_0,16,5,2,3.32306998945331719e+35,0,21,1,5.76460752303439872e+17,17,4,1,5.76460752302153728e+17,17,4,1,5.76460752303439872e+17,17,4,2,3.32306998945506446e+35,17,4,2,3.32306998945506446e+35,18,3,1,5.76460752303513600e+17
39,4,M_y_col_0,0,21,1,5.76460752303439872e+17,0,21,1,5.76460752303439872e+17,0,21,1,5.76460752303439872e+17,0,21,1,5.76460752303439872e+17,0,21,2,3.32306998946247858e+35,0,21,2,3.32306998946247858e+35,1,20,1,5.76460752303439872e+17
39,4,M_u_col_1,16,5,2,3.32306998945331719e+35,0,21,1,5.76460752303439872e+17,17,4,1,5.76460752302153728e+17,17,4,1,5.76460752303439872e+17,17,4,2,3.32306998945506446e+35,17,4,2,3.32306998945506446e+35,18,3,1,5.76460752303513600e+17
39,4,M_y_col_1,0,21,1,5.76460752303439872e+17,0,21,1,5.76460752303439872e+17,0,21,1,5.76460752303439872e+17,0,21,1,5.76460752303439872e+17,0,21,2,3.32306998946247858e+35,0,21,2,3.32306998946247858e+35,1,20,1,5.76460752303439872e+17
39,4,M_u_col_2,16,5,2,3.32306998945331719e+35,0,21,1,5.76460752303439872e+17,17,4,1,5.76460752302153728e+17,17,4,1,5.76460752303439872e+17,17,4,2,3.32306998945506446e+35,17,4,2,3.32306998945506446e+35,18,3,1,5.76460752303513600e+17
39,4,M_y_col_2,0,21,1,5.76460752303439872e+17,0,21,1,5.76460752303439872e+17,0,21,1,5.76460752303439872e+17,0,21,1,5.76460752303439872e+17,0,21,2,3.32306998946247858e+35,0,21,2,3.32306998946247858e+35,1,20,1,5.76460752303439872e+17
39,4,M_u_col_3,16,5,2,3.32306998945331719e+35,0,21,1,5.76460752303439872e+17,17,4,1,5.76460752302153728e+17,17,4,1,5.76460752303439872e+17,17,4,2,3.32306998945506446e+35,17,4,2,3.32306998945506446e+35,18,3,1,5.76460752303513600e+17
39,4,M_y_col_3,0,21,1,5.76460752303439872e+17,0,21,1,5.76460752303439872e+17,0,21,1,5.76460752303439872e+17,0,21,1,5.76460752303439872e+17,0,21,2,3.32306998946247858e+35,0,21,2,3.32306998946247858e+35,1,20,1,5.76460752303439872e+17
40,0,P_0,18,3,1,5.76460752303513600e+17,0,21,1,5.76460752303439872e+17,18,3,1,5.76460752303513600e+17,18,3,1,5.76460752303439872e+17,18,3,2,3.32306998946290359e+35,18,3,2,3.32306998946290359e+35,19,2,1,5.76460752303767552e+17
40,1,P_1,18,3,1,5.76460752303513600e+17,0,21,1,5.76460752303439872e+17,18,3,1,5.76460752303513600e+17,18,3,1,5.76460752303439872e+17,18,3,2,3.32306998946290359e+35,18,3,2,3.32306998946290359e+35,19,2,1,5.76460752303767552e+17
40,1,q_1_0,0,21,1,5.76460752303439872e+17,0,21,1,5.76460752303439872e+17,0,21,1,5.76460752303439872e+17,0,21,1,5.76460752303439872e+17,0,21,2,3.32306998946247858e+35,0,21,2,3.32306998946247858e+35,1,20,1,5.76460752303439872e+17
40,2,P_2,18,3,1,5.76460752303513600e+17,0,21,1,5.76460752303439872e+17,18,3,1,5.76460752303513600e+17,18,3,1,5.76460752303439872e+17,18,3,2,3.32306998946290359e+35,18,3,2,3.32306998946290359e+35,19,2,1,5.76460752303767552e+17
40,2,q_2_0,0,21,1,5.76460752303439872e+17,0,21,1,5.76460752303439872e+17,0,21,1,5.76460752303439872e+17,0,21,1,5.76460752303439872e+17,0,21,2,3.32306998946247858e+35,0,21,2,3.32306998946247858e+35,1,20,1,5.76460752303439872e+17
40,2,q_2_1,0,21,1,5.76460752303439872e+17,0,21,1,5.76460752303439872e+17,0,21,1,5.76460752303439872e+17,0,21,1,5.76460752303439872e+17,0,21,2,3.32306998946247858e+35,0,21,2,3.32306998946247858e+35,1,20,1,5.76460752303439872e+17
40,3,P_3,18,3,1,5.76460752303513600e+17,0,21,1,5.76460752303439872e+17,18,3,1,5.76460752303513600e+17,18,3,1,5.76460752303439872e+17,18,3,2,3.32306998946290359e+35,18,3,2,3.32306998946290359e+35,19,2,1,5.76460752303767552e+17
40,3,q_3_0,0,21,1,5.76460752303439872e+17,0,21,1,5.76460752303439872e+17,0,21,1,5.76460752303439872e+17,0,21,1,5.76460752303439872e+17,0,21,2,3.32306998946247858e+35,0,21,2,3.32306998946247858e+35,1,20,1,5.76460752303439872e+17
40,3,q_3_1,0,21,1,5.76460752303439872e+17,0,21,1,5.76460752303439872e+17,0,21,1,5.76460752303439872e+17,0,21,1,5.76460752303439872e+17,0,21,2,3.32306998946247858e+35,0,21,2,3.32306998946247858e+35,1,20,1,5.76460752303439872e+17
40,3,q_3_2,0,21,1,5.76460752303439872e+17,0,21,1,5.76460752303439872e+17,0,21,1,5.76460752303439872e+17,0,21,1,5.76460752303439872e+17,0,21,2,3.32306998946247858e+35,0,21,2,3.32306998946247858e+35,1,20,1,5.76460752303439872e+17
40,4,M_u_col_0,16,5,2,3.32306998945331719e+35,0,21,1,5.76460752303439872e+17,17,4,1,5.76460752302153728e+17,17,4,1,5.76460752303439872e+17,17,4,2,3.32306998945506446e+35,17,4,2,3.32306998945506446e+35,18,3,1,5.76460752303513600e+17
40,4,M_y_col_0,0,21,1,5.76460752303439872e+17,0,21,1,5.76460752303439872e+17,0,21,1,5.76460752303439872e+17,0,21,1,5.76460752303439872e+17,0,21,2,3.32306998946247858e+35,0,21,2,3.32306998946247858e+35,1,20,1,5.76460752303439872e+17
40,4,M_u_col_1,16,5,2,3.32306998945331719e+35,0,21,1,5.76460752303439872e+17,17,4,1,5.76460752302153728e+17,17,4,1,5.76460752303439872e+17,17,4,2,3.32306998945506446e+35,17,4,2,3.32306998945506446e+35,18,3,1,5.76460752303513600e+17
40,4,M_y_col_1,0,21,1,5.76460752303439872e+17,0,21,1,5.76460752303439872e+17,0,21,1,5.76460752303439872e+17,0,21,1,5.76460752303439872e+17,0,21,2,3.32306998946247858e+35,0,21,2,3.32306998946247858e+35,1,20,1,5.76460752303439872e+17
40,4,M_u_col_2,16,5,2,3.32306998945331719e+35,0,21,1,5.76460752303439872e+17,17,4,1,5.76460752302153728e+17,17,4,1,5.76460752303439872e+17,17,4,2,3.32306998945506446e+35,17,4,2,3.32306998945506446e+35,18,3,1,5.76460752303513600e+17
40,4,M_y_col_2,0,21,1,5.76460752303439872e+17,0,21,1,5.76460752303439872e+17,0,21,1,5.76460752303439872e+17,0,21,1,5.76460752303439872e+17,0,21,2,3.32306998946247858e+35,0,21,2,3.32306998946247858e+35,1,20,1,5.76460752303439872e+17
40,4,M_u_col_3,16,5,2,3.32306998945331719e+35,0,21,1,5.76460752303439872e+17,17,4,1,5.76460752302153728e+17,17,4,1,5.76460752303439872e+17,17,4,2,3.32306998945506446e+35,17,4,2,3.32306998945506446e+35,18,3,1,5.76460752303513600e+17
40,4,M_y_col_3,0,21,1,5.76460752303439872e+17,0,21,1,5.76460752303439872e+17,0,21,1,5.76460752303439872e+17,0,21,1,5.76460752303439872e+17,0,21,2,3.32306998946247858e+35,0,21,2,3.32306998946247858e+35,1,20,1,5.76460752303439872e+17
41,0,P_0,18,3,1,5.76460752303513600e+17,0,21,1,5.76460752303439872e+17,18,3,1,5.76460752303513600e+17,18,3,1,5.76460752303439872e+17,18,3,2,3.32306998946290359e+35,18,3,2,3.32306998946290359e+35,19,2,1,5.76460752303767552e+17
41,1,P_1,18,3,1,5.76460752303513600e+17,0,21,1,5.76460752303439872e+17,18,3,1,5.76460752303513600e+17,18,3,1,5.76460752303439872e+17,18,3,2,3.32306998946290359e+35,18,3,2,3.32306998946290359e+35,19,2,1,5.76460752303767552e+17
41,1,q_1_0,0,21,1,5.76460752303439872e+17,0,21,1,5.76460752303439872e+17,0,21,1,5.76460752303439872e+17,0,21,1,5.76460752303439872e+17,0,21,2,3.32306998946247858e+35,0,21,2,3.32306998946247858e+35,1,20,1,5.76460752303439872e+17
41,2,P_2,18,3,1,5.76460752303513600e+17,0,21,1,5.76460752303439872e+17,18,3,1,5.76460752303513600e+17,18,3,1,5.76460752303439872e+17,18,3,2,3.32306998946290359e+35,18,3,2,3.32306998946290359e+35,19,2,1,5.76460752303767552e+17
41,2,q_2_0,0,21,1,5.76460752303439872e+17,0,21,1,5.76460752303439872e+17,0,21,1,5.76460752303439872e+17,0,21,1,5.76460752303439872e+17,0,21,2,3.32306998946247858e+35,0,21,2,3.32306998946247858e+35,1,20,1,5.76460752303439872e+17
41,2,q_2_1,0,21,1,5.76460752303439872e+17,0,21,1,5.76460752303439872e+17,0,21,1,5.76460752303439872e+17,0,21,1,5.76460752303439872e+17,0,21,2,3.32306998946247858e+35,0,21,2,3.32306998946247858e+35,1,20,1,5.76460752303439872e+17
41,3,P_3,18,3,1,5.76460752303513600e+17,0,21,1,5.76460752303439872e+17,18,3,1,5.76460752303513600e+17,18,3,1,5.76460752303439872e+17,18,3,2,3.32306998946290359e+35,18,3,2,3.32306998946290359e+35,19,2,1,5.76460752303767552e+17
41,3,q_3_0,0,21,1,5.76460752303439872e+17,0,21,1,5.76460752303439872e+17,0,21,1,5.76460752303439872e+17,0,21,1,5.76460752303439872e+17,0,21,2,3.32306998946247858e+35,0,21,2,3.32306998946247858e+35,1,20,1,5.76460752303439872e+17
41,3,q_3_1,0,21,1,5.76460752303439872e+17,0,21,1,5.76460752303439872e+17,0,21,1,5.76460752303439872e+17,0,21,1,5.76460752303439872e+17,0,21,2,3.32306998946247858e+35,0,21,2,3.32306998946247858e+35,1,20,1,5.76460752303439872e+17
41,3,q_3_2,0,21,1,5.76460752303439872e+17,0,21,1,5.76460752303439872e+17,0,21,1,5.76460752303439872e+17,0,21,1,5.76460752303439872e+17,0,21,2,3.32306998946247858e+35,0,21,2,3.32306998946247858e+35,1,20,1,5.76460752303439872e+17
41,4,M_u_col_0,16,5,2,3.32306998945331719e+35,0,21,1,5.76460752303439872e+17,17,4,1,5.76460752302153728e+17,17,4,1,5.76460752303439872e+17,17,4,2,3.32306998945506446e+35,17,4,2,3.32306998945506446e+35,18,3,1,5.76460752303513600e+17
41,4,M_y_col_0,0,21,1,5.76460752303439872e+17,0,21,1,5.76460752303439872e+17,0,21,1,5.76460752303439872e+17,0,21,1,5.76460752303439872e+17,0,21,2,3.32306998946247858e+35,0,21,2,3.32306998946247858e+35,1,20,1,5.76460752303439872e+17
41,4,M_u_col_1,16,5,2,3.32306998945331719e+35,0,21,1,5.76460752303439872e+17,17,4,1,5.76460752302153728e+17,17,4,1,5.76460752303439872e+17,17,4,2,3.32306998945506446e+35,17,4,2,3.32306998945506446e+35,18,3,1,5.76460752303513600e+17
41,4,M_y_col_1,0,21,1,5.76460752303439872e+17,0,21,1,5.76460752303439872e+17,0,21,1,5.76460752303439872e+17,0,21,1,5.76460752303439872e+17,0,21,2,3.32306998946247858e+35,0,21,2,3.32306998946247858e+35,1,20,1,5.76460752303439872e+17
41,4,M_u_col_2,16,5,2,3.32306998945331719e+35,0,21,1,5.76460752303439872e+17,17,4,1,5.76460752302153728e+17,17,4,1,5.76460752303439872e+17,17,4,2,3.32306998945506446e+35,17,4,2,3.32306998945506446e+35,18,3,1,5.76460752303513600e+17
41,4,M_y_col_2,0,21,1,5.76460752303439872e+17,0,21,1,5.76460752303439872e+17,0,21,1,5.76460752303439872e+17,0,21,1,5.76460752303439872e+17,0,21,2,3.32306998946247858e+35,0,21,2,3.32306998946247858e+35,1,20,1,5.76460752303439872e+17
41,4,M_u_col_3,16,5,2,3.32306998945331719e+35,0,21,1,5.76460752303439872e+17,17,4,1,5.76460752302153728e+17,17,4,1,5.76460752303439872e+17,17,4,2,3.32306998945506446e+35,17,4,2,3.32306998945506446e+35,18,3,1,5.76460752303513600e+17
41,4,M_y_col_3,0,21,1,5.76460752303439872e+17,0,21,1,5.76460752303439872e+17,0,21,1,5.76460752303439872e+17,0,21,1,5.76460752303439872e+17,0,21,2,3.32306998946247858e+35,0,21,2,3.32306998946247858e+35,1,20,1,5.76460752303439872e+17
42,0,P_0,18,3,1,5.76460752303513600e+17,0,21,1,5.76460752303439872e+17,18,3,1,5.76460752303513600e+17,18,3,1,5.76460752303439872e+17,18,3,2,3.32306998946290359e+35,18,3,2,3.32306998946290359e+35,19,2,1,5.76460752303767552e+17
42,1,P_1,18,3,1,5.76460752303513600e+17,0,21,1,5.76460752303439872e+17,18,3,1,5.76460752303513600e+17,18,3,1,5.76460752303439872e+17,18,3,2,3.32306998946290359e+35,18,3,2,3.32306998946290359e+35,19,2,1,5.76460752303767552e+17
42,1,q_1_0,0,21,1,5.76460752303439872e+17,0,21,1,5.76460752303439872e+17,0,21,1,5.76460752303439872e+17,0,21,1,5.76460752303439872e+17,0,21,2,3.32306998946247858e+35,0,21,2,3.32306998946247858e+35,1,20,1,5.76460752303439872e+17
42,2,P_2,18,3,1,5.76460752303513600e+17,0,21,1,5.76460752303439872e+17,18,3,1,5.76460752303513600e+17,18,3,1,5.76460752303439872e+17,18,3,2,3.32306998946290359e+35,18,3,2,3.32306998946290359e+35,19,2,1,5.76460752303767552e+17
42,2,q_2_0,0,21,1,5.76460752303439872e+17,0,21,1,5.76460752303439872e+17,0,21,1,5.76460752303439872e+17,0,21,1,5.76460752303439872e+17,0,21,2,3.32306998946247858e+35,0,21,2,3.32306998946247858e+35,1,20,1,5.76460752303439872e+17
42,2,q_2_1,0,21,1,5.76460752303439872e+17,0,21,1,5.76460752303439872e+17,0,21,1,5.76460752303439872e+17,0,21,1,5.76460752303439872e+17,0,21,2,3.32306998946247858e+35,0,21,2,3.32306998946247858e+35,1,20,1,5.76460752303439872e+17
42,3,P_3,18,3,1,5.76460752303513600e+17,0,21,1,5.76460752303439872e+17,18,3,1,5.76460752303513600e+17,18,3,1,5.76460752303439872e+17,18,3,2,3.32306998946290359e+35,18,3,2,3.32306998946290359e+35,19,2,1,5.76460752303767552e+17
42,3,q_3_0,0,21,1,5.76460752303439872e+17,0,21,1,5.76460752303439872e+17,0,21,1,5.76460752303439872e+17,0,21,1,5.76460752303439872e+17,0,21,2,3.32306998946247858e+35,0,21,2,3.32306998946247858e+35,1,20,1,5.76460752303439872e+17
42,3,q_3_1,0,21,1,5.76460752303439872e+17,0,21,1,5.76460752303439872e+17,0,21,1,5.76460752303439872e+17,0,21,1,5.76460752303439872e+17,0,21,2,3.32306998946247858e+35,0,21,2,3.32306998946247858e+35,1,20,1,5.76460752303439872e+17
42,3,q_3_2,0,21,1,5.76460752303439872e+17,0,21,1,5.76460752303439872e+17,0,21,1,5.76460752303439872e+17,0,21,1,5.76460752303439872e+17,0,21,2,3.32306998946247858e+35,0,21,2,3.32306998946247858e+35,1,20,1,5.76460752303439872e+17
42,4,M_u_col_0,16,5,2,3.32306998945331719e+35,0,21,1,5.76460752303439872e+17,17,4,1,5.76460752302153728e+17,17,4,1,5.76460752303439872e+17,17,4,2,3.32306998945506446e+35,17,4,2,3.32306998945506446e+35,18,3,1,5.76460752303513600e+17
42,4,M_y_col_0,0,21,1,5.76460752303439872e+17,0,21,1,5.76460752303439872e+17,0,21,1,5.76460752303439872e+17,0,21,1,5.76460752303439872e+17,0,21,2,3.32306998946247858e+35,0,21,2,3.32306998946247858e+35,1,20,1,5.76460752303439872e+17
42,4,M_u_col_1,16,5,2,3.32306998945331719e+35,0,21,1,5.76460752303439872e+17,17,4,1,5.76460752302153728e+17,17,4,1,5.76460752303439872e+17,17,4,2,3.32306998945506446e+35,17,4,2,3.32306998945506446e+35,18,3,1,5.76460752303513600e+17
42,4,M_y_col_1,0,21,1,5.76460752303439872e+17,0,21,1,5.76460752303439872e+17,0,21,1,5.76460752303439872e+17,0,21,1,5.76460752303439872e+17,0,21,2,3.32306998946247858e+35,0,21,2,3.32306998946247858e+35,1,20,1,5.76460752303439872e+17
42,4,M_u_col_2,16,5,2,3.32306998945331719e+35,0,21,1,5.76460752303439872e+17,17,4,1,5.76460752302153728e+17,17,4,1,5.76460752303439872e+17,17,4,2,3.32306998945506446e+35,17,4,2,3.32306998945506446e+35,18,3,1,5.76460752303513600e+17
42,4,M_y_col_2,0,21,1,5.76460752303439872e+17,0,21,1,5.76460752303439872e+17,0,21,1,5.76460752303439872e+17,0,21,1,5.76460752303439872e+17,0,21,2,3.32306998946247858e+35,0,21,2,3.32306998946247858e+35,1,20,1,5.76460752303439872e+17
42,4,M_u_col_3,16,5,2,3.32306998945331719e+35,0,21,1,5.76460752303439872e+17,17,4,1,5.76460752302153728e+17,17,4,1,5.76460752303439872e+17,17,4,2,3.32306998945506446e+35,17,4,2,3.32306998945506446e+35,18,3,1,5.76460752303513600e+17
42,4,M_y_col_3,0,21,1,5.76460752303439872e+17,0,21,1,5.76460752303439872e+17,0,21,1,5.76460752303439872e+17,0,21,1,5.76460752303439872e+17,0,21,2,3.32306998946247858e+35,0,21,2,3.32306998946247858e+35,1,20,1,5.76460752303439872e+17
43,0,P_0,18,3,1,5.76460752303513600e+17,0,21,1,5.76460752303439872e+17,18,3,1,5.76460752303513600e+17,18,3,1,5.76460752303439872e+17,18,3,2,3.32306998946290359e+35,18,3,2,3.32306998946290359e+35,19,2,1,5.76460752303767552e+17
43,1,P_1,18,3,1,5.76460752303513600e+17,0,21,1,5.76460752303439872e+17,18,3,1,5.76460752303513600e+17,18,3,1,5.76460752303439872e+17,18,3,2,3.32306998946290359e+35,18,3,2,3.32306998946290359e+35,19,2,1,5.76460752303767552e+17
43,1,q_1_0,0,21,1,5.76460752303439872e+17,0,21,1,5.76460752303439872e+17,0,21,1,5.76460752303439872e+17,0,21,1,5.76460752303439872e+17,0,21,2,3.32306998946247858e+35,0,21,2,3.32306998946247858e+35,1,20,1,5.76460752303439872e+17
43,2,P_2,18,3,1,5.76460752303513600e+17,0,21,1,5.76460752303439872e+17,18,3,1,5.76460752303513600e+17,18,3,1,5.76460752303439872e+17,18,3,2,3.32306998946290359e+35,18,3,2,3.32306998946290359e+35,19,2,1,5.76460752303767552e+17
43,2,q_2_0,0,21,1,5.76460752303439872e+17,0,21,1,5.76460752303439872e+17,0,21,1,5.76460752303439872e+17,0,21,1,5.76460752303439872e+17,0,21,2,3.32306998946247858e+35,0,21,2,3.32306998946247858e+35,1,20,1,5.76460752303439872e+17
43,2,q_2_1,0,21,1,5.76460752303439872e+17,0,21,1,5.76460752303439872e+17,0,21,1,5.76460752303439872e+17,0,21,1,5.76460752303439872e+17,0,21,2,3.32306998946247858e+35,0,21,2,3.32306998946247858e+35,1,20,1,5.76460752303439872e+17
43,3,P_3,18,3,1,5.76460752303513600e+17,0,21,1,5.76460752303439872e+17,18,3,1,5.76460752303513600e+17,18,3,1,5.76460752303439872e+17,18,3,2,3.32306998946290359e+35,18,3,2,3.32306998946290359e+35,19,2,1,5.76460752303767552e+17
43,3,q_3_0,0,21,1,5.76460752303439872e+17,0,21,1,5.76460752303439872e+17,0,21,1,5.76460752303439872e+17,0,21,1,5.76460752303439872e+17,0,21,2,3.32306998946247858e+35,0,21,2,3.32306998946247858e+35,1,20,1,5.76460752303439872e+17
43,3,q_3_1,0,21,1,5.76460752303439872e+17,0,21,1,5.76460752303439872e+17,0,21,1,5.76460752303439872e+17,0,21,1,5.76460752303439872e+17,0,21,2,3.32306998946247858e+35,0,21,2,3.32306998946247858e+35,1,20,1,5.76460752303439872e+17
43,3,q_3_2,0,21,1,5.76460752303439872e+17,0,21,1,5.76460752303439872e+17,0,21,1,5.76460752303439872e+17,0,21,1,5.76460752303439872e+17,0,21,2,3.32306998946247858e+35,0,21,2,3.32306998946247858e+35,1,20,1,5.76460752303439872e+17
43,4,M_u_col_0,16,5,2,3.32306998945331719e+35,0,21,1,5.76460752303439872e+17,17,4,1,5.76460752302153728e+17,17,4,1,5.76460752303439872e+17,17,4,2,3.32306998945506446e+35,17,4,2,3.32306998945506446e+35,18,3,1,5.76460752303513600e+17
43,4,M_y_col_0,0,21,1,5.76460752303439872e+17,0,21,1,5.76460752303439872e+17,0,21,1,5.76460752303439872e+17,0,21,1,5.76460752303439872e+17,0,21,2,3.32306998946247858e+35,0,21,2,3.32306998946247858e+35,1,20,1,5.76460752303439872e+17
43,4,M_u_col_1,16,5,2,3.32306998945331719e+35,0,21,1,5.76460752303439872e+17,17,4,1,5.76460752302153728e+17,17,4,1,5.76460752303439872e+17,17,4,2,3.32306998945506446e+35,17,4,2,3.32306998945506446e+35,18,3,1,5.76460752303513600e+17
43,4,M_y_col_1,0,21,1,5.76460752303439872e+17,0,21,1,5.76460752303439872e+17,0,21,1,5.76460752303439872e+17,0,21,1,5.76460752303439872e+17,0,21,2,3.32306998946247858e+35,0,21,2,3.32306998946247858e+35,1,20,1,5.76460752303439872e+17
43,4,M_u_col_2,16,5,2,3.32306998945331719e+35,0,21,1,5.76460752303439872e+17,17,4,1,5.76460752302153728e+17,17,4,1,5.76460752303439872e+17,17,4,2,3.32306998945506446e+35,17,4,2,3.32306998945506446e+35,18,3,1,5.76460752303513600e+17
43,4,M_y_col_2,0,21,1,5.76460752303439872e+17,0,21,1,5.76460752303439872e+17,0,21,1,5.76460752303439872e+17,0,21,1,5.76460752303439872e+17,0,21,2,3.32306998946247858e+35,0,21,2,3.32306998946247858e+35,1,20,1,5.76460752303439872e+17
43,4,M_u_col_3,16,5,2,3.32306998945331719e+35,0,21,1,5.76460752303439872e+17,17,4,1,5.76460752302153728e+17,17,4,1,5.76460752303439872e+17,17,4,2,3.32306998945506446e+35,17,4,2,3.32306998945506446e+35,18,3,1,5.76460752303513600e+17
43,4,M_y_col_3,0,21,1,5.76460752303439872e+17,0,21,1,5.76460752303439872e+17,0,21,1,5.76460752303439872e+17,0,21,1,5.76460752303439872e+17,0,21,2,3.32306998946247858e+35,0,21,2,3.32306998946247858e+35,1,20,1,5.76460752303439872e+17
44,0,P_0,18,3,1,5.76460752303513600e+17,0,21,1,5.76460752303439872e+17,18,3,1,5.76460752303513600e+17,18,3,1,5.76460752303439872e+17,18,3,2,3.32306998946290359e+35,18,3,2,3.32306998946290359e+35,19,2,1,5.76460752303767552e+17
44,1,P_1,18,3,1,5.76460752303513600e+17,0,21,1,5.76460752303439872e+17,18,3,1,5.76460752303513600e+17,18,3,1,5.76460752303439872e+17,18,3,2,3.32306998946290359e+35,18,3,2,3.32306998946290359e+35,19,2,1,5.76460752303767552e+17
44,1,q_1_0,0,21,1,5.76460752303439872e+17,0,21,1,5.76460752303439872e+17,0,21,1,5.76460752303439872e+17,0,21,1,5.76460752303439872e+17,0,21,2,3.32306998946247858e+35,0,21,2,3.32306998946247858e+35,1,20,1,5.76460752303439872e+17
44,2,P_2,18,3,1,5.76460752303513600e+17,0,21,1,5.76460752303439872e+17,18,3,1,5.76460752303513600e+17,18,3,1,5.76460752303439872e+17,18,3,2,3.32306998946290359e+35,18,3,2,3.32306998946290359e+35,19,2,1,5.76460752303767552e+17
44,2,q_2_0,0,21,1,5.76460752303439872e+17,0,21,1,5.76460752303439872e+17,0,21,1,5.76460752303439872e+17,0,21,1,5.76460752303439872e+17,0,21,2,3.32306998946247858e+35,0,21,2,3.32306998946247858e+35,1,20,1,5.76460752303439872e+17
44,2,q_2_1,0,21,1,5.76460752303439872e+17,0,21,1,5.76460752303439872e+17,0,21,1,5.76460752303439872e+17,0,21,1,5.76460752303439872e+17,0,21,2,3.32306998946247858e+35,0,21,2,3.32306998946247858e+35,1,20,1,5.76460752303439872e+17
44,3,P_3,18,3,1,5.76460752303513600e+17,0,21,1,5.76460752303439872e+17,18,3,1,5.76460752303513600e+17,18,3,1,5.76460752303439872e+17,18,3,2,3.32306998946290359e+35,18,3,2,3.32306998946290359e+35,19,2,1,5.76460752303767552e+17
44,3,q_3_0,0,21,1,5.76460752303439872e+17,0,21,1,5.76460752303439872e+17,0,21,1,5.76460752303439872e+17,0,21,1,5.76460752303439872e+17,0,21,2,3.32306998946247858e+35,0,21,2,3.32306998946247858e+35,1,20,1,5.76460752303439872e+17
44,3,q_3_1,0,21,1,5.76460752303439872e+17,0,21,1,5.76460752303439872e+17,0,21,1,5.76460752303439872e+17,0,21,1,5.76460752303439872e+17,0,21,2,3.32306998946247858e+35,0,21,2,3.32306998946247858e+35,1,20,1,5.76460752303439872e+17
44,3,q_3_2,0,21,1,5.76460752303439872e+17,0,21,1,5.76460752303439872e+17,0,21,1,5.76460752303439872e+17,0,21,1,5.76460752303439872e+17,0,21,2,3.32306998946247858e+35,0,21,2,3.32306998946247858e+35,1,20,1,5.76460752303439872e+17
44,4,M_u_col_0,16,5,2,3.32306998945331719e+35,0,21,1,5.76460752303439872e+17,17,4,1,5.76460752302153728e+17,17,4,1,5.76460752303439872e+17,17,4,2,3.32306998945506446e+35,17,4,2,3.32306998945506446e+35,18,3,1,5.76460752303513600e+17
44,4,M_y_col_0,0,21,1,5.76460752303439872e+17,0,21,1,5.76460752303439872e+17,0,21,1,5.76460752303439872e+17,0,21,1,5.76460752303439872e+17,0,21,2,3.32306998946247858e+35,0,21,2,3.32306998946247858e+35,1,20,1,5.76460752303439872e+17
44,4,M_u_col_1,16,5,2,3.32306998945331719e+35,0,21,1,5.76460752303439872e+17,17,4,1,5.76460752302153728e+17,17,4,1,5.76460752303439872e+17,17,4,2,3.32306998945506446e+35,17,4,2,3.32306998945506446e+35,18,3,1,5.76460752303513600e+17
44,4,M_y_col_1,0,21,1,5.76460752303439872e+17,0,21,1,5.76460752303439872e+17,0,21,1,5.76460752303439872e+17,0,21,1,5.76460752303439872e+17,0,21,2,3.32306998946247858e+35,0,21,2,3.32306998946247858e+35,1,20,1,5.76460752303439872e+17
44,4,M_u_col_2,16,5,2,3.32306998945331719e+35,0,21,1,5.76460752303439872e+17,17,4,1,5.76460752302153728e+17,17,4,1,5.76460752303439872e+17,17,4,2,3.32306998945506446e+35,17,4,2,3.32306998945506446e+35,18,3,1,5.76460752303513600e+17
44,4,M_y_col_2,0,21,1,5.76460752303439872e+17,0,21,1,5.76460752303439872e+17,0,21,1,5.76460752303439872e+17,0,21,1,5.76460752303439872e+17,0,21,2,3.32306998946247858e+35,0,21,2,3.32306998946247858e+35,1,20,1,5.76460752303439872e+17
44,4,M_u_col_3,16,5,2,3.32306998945331719e+35,0,21,1,5.76460752303439872e+17,17,4,1,5.76460752302153728e+17,17,4,1,5.76460752303439872e+17,17,4,2,3.32306998945506446e+35,17,4,2,3.32306998945506446e+35,18,3,1,5.76460752303513600e+17
44,4,M_y_col_3,0,21,1,5.76460752303439872e+17,0,21,1,5.76460752303439872e+17,0,21,1,5.76460752303439872e+17,0,21,1,5.76460752303439872e+17,0,21,2,3.32306998946247858e+35,0,21,2,3.32306998946247858e+35,1,20,1,5.76460752303439872e+17
45,0,P_0,18,3,1,5.76460752303513600e+17,0,21,1,5.76460752303439872e+17,18,3,1,5.76460752303513600e+17,18,3,1,5.76460752303439872e+17,18,3,2,3.32306998946290359e+35,18,3,2,3.32306998946290359e+35,19,2,1,5.76460752303767552e+17
45,1,P_1,18,3,1,5.76460752303513600e+17,0,21,1,5.76460752303439872e+17,18,3,1,5.76460752303513600e+17,18,3,1,5.76460752303439872e+17,18,3,2,3.32306998946290359e+35,18,3,2,3.32306998946290359e+35,19,2,1,5.76460752303767552e+17
45,1,q_1_0,0,21,1,5.76460752303439872e+17,0,21,1,5.76460752303439872e+17,0,21,1,5.76460752303439872e+17,0,21,1,5.76460752303439872e+17,0,21,2,3.32306998946247858e+35,0,21,2,3.32306998946247858e+35,1,20,1,5.76460752303439872e+17
45,2,P_2,18,3,1,5.76460752303513600e+17,0,21,1,5.76460752303439872e+17,18,3,1,5.76460752303513600e+17,18,3,1,5.76460752303439872e+17,18,3,2,3.32306998946290359e+35,18,3,2,3.32306998946290359e+35,19,2,1,5.76460752303767552e+17
45,2,q_2_0,0,21,1,5.76460752303439872e+17,0,21,1,5.76460752303439872e+17,0,21,1,5.76460752303439872e+17,0,21,1,5.76460752303439872e+17,0,21,2,3.32306998946247858e+35,0,21,2,3.32306998946247858e+35,1,20,1,5.76460752303439872e+17
45,2,q_2_1,0,21,1,5.76460752303439872e+17,0,21,1,5.76460752303439872e+17,0,21,1,5.76460752303439872e+17,0,21,1,5.76460752303439872e+17,0,21,2,3.32306998946247858e+35,0,21,2,3.32306998946247858e+35,1,20,1,5.76460752303439872e+17
45,3,P_3,18,3,1,5.76460752303513600e+17,0,21,1,5.76460752303439872e+17,18,3,1,5.76460752303513600e+17,18,3,1,5.76460752303439872e+17,18,3,2,3.32306998946290359e+35,18,3,2,3.32306998946290359e+35,19,2,1,5.76460752303767552e+17
45,3,q_3_0,0,21,1,5.76460752303439872e+17,0,21,1,5.76460752303439872e+17,0,21,1,5.76460752303439872e+17,0,21,1,5.76460752303439872e+17,0,21,2,3.32306998946247858e+35,0,21,2,3.32306998946247858e+35,1,20,1,5.76460752303439872e+17
45,3,q_3_1,0,21,1,5.76460752303439872e+17,0,21,1,5.76460752303439872e+17,0,21,1,5.76460752303439872e+17,0,21,1,5.76460752303439872e+17,0,21,2,3.32306998946247858e+35,0,21,2,3.32306998946247858e+35,1,20,1,5.76460752303439872e+17
45,3,q_3_2,0,21,1,5.76460752303439872e+17,0,21,1,5.76460752303439872e+17,0,21,1,5.76460752303439872e+17,0,21,1,5.76460752303439872e+17,0,21,2,3.32306998946247858e+35,0,21,2,3.32306998946247858e+35,1,20,1,5.76460752303439872e+17
45,4,M_u_col_0,16,5,2,3.32306998945331719e+35,0,21,1,5.76460752303439872e+17,17,4,1,5.76460752302153728e+17,17,4,1,5.76460752303439872e+17,17,4,2,3.32306998945506446e+35,17,4,2,3.32306998945506446e+35,18,3,1,5.76460752303513600e+17
45,4,M_y_col_0,0,21,1,5.76460752303439872e+17,0,21,1,5.76460752303439872e+17,0,21,1,5.76460752303439872e+17,0,21,1,5.76460752303439872e+17,0,21,2,3.32306998946247858e+35,0,21,2,3.32306998946247858e+35,1,20,1,5.76460752303439872e+17
45,4,M_u_col_1,16,5,2,3.32306998945331719e+35,0,21,1,5.76460752303439872e+17,17,4,1,5.76460752302153728e+17,17,4,1,5.76460752303439872e+17,17,4,2,3.32306998945506446e+35,17,4,2,3.32306998945506446e+35,18,3,1,5.76460752303513600e+17
45,4,M_y_col_1,0,21,1,5.76460752303439872e+17,0,21,1,5.76460752303439872e+17,0,21,1,5.76460752303439872e+17,0,21,1,5.76460752303439872e+17,0,21,2,3.32306998946247858e+35,0,21,2,3.32306998946247858e+35,1,20,1,5.76460752303439872e+17
45,4,M_u_col_2,16,5,2,3.32306998945331719e+35,0,21,1,5.76460752303439872e+17,17,4,1,5.76460752302153728e+17,17,4,1,5.76460752303439872e+17,17,4,2,3.32306998945506446e+35,17,4,2,3.32306998945506446e+35,18,3,1,5.76460752303513600e+17
45,4,M_y_col_2,0,21,1,5.76460752303439872e+17,0,21,1,5.76460752303439872e+17,0,21,1,5.76460752303439872e+17,0,21,1,5.76460752303439872e+17,0,21,2,3.32306998946247858e+35,0,21,2,3.32306998946247858e+35,1,20,1,5.76460752303439872e+17
45,4,M_u_col_3,16,5,2,3.32306998945331719e+35,0,21,1,5.76460752303439872e+17,17,4,1,5.76460752302153728e+17,17,4,1,5.76460752303439872e+17,17,4,2,3.32306998945506446e+35,17,4,2,3.32306998945506446e+35,18,3,1,5.76460752303513600e+17
45,4,M_y_col_3,0,21,1,5.76460752303439872e+17,0,21,1,5.76460752303439872e+17,0,21,1,5.76460752303439872e+17,0,21,1,5.76460752303439872e+17,0,21,2,3.32306998946247858e+35,0,21,2,3.32306998946247858e+35,1,20,1,5.76460752303439872e+17
46,0,P_0,18,3,1,5.76460752303513600e+17,0,21,1,5.76460752303439872e+17,18,3,1,5.76460752303513600e+17,18,3,1,5.76460752303439872e+17,18,3,2,3.32306998946290359e+35,18,3,2,3.32306998946290359e+35,19,2,1,5.76460752303767552e+17
46,1,P_1,18,3,1,5.76460752303513600e+17,0,21,1,5.76460752303439872e+17,18,3,1,5.76460752303513600e+17,18,3,1,5.76460752303439872e+17,18,3,2,3.32306998946290359e+35,18,3,2,3.32306998946290359e+35,19,2,1,5.76460752303767552e+17
46,1,q_1_0,0,21,1,5.76460752303439872e+17,0,21,1,5.76460752303439872e+17,0,21,1,5.76460752303439872e+17,0,21,1,5.76460752303439872e+17,0,21,2,3.32306998946247858e+35,0,21,2,3.32306998946247858e+35,1,20,1,5.76460752303439872e+17
46,2,P_2,18,3,1,5.76460752303513600e+17,0,21,1,5.76460752303439872e+17,18,3,1,5.76460752303513600e+17,18,3,1,5.76460752303439872e+17,18,3,2,3.32306998946290359e+35,18,3,2,3.32306998946290359e+35,19,2,1,5.76460752303767552e+17
46,2,q_2_0,0,21,1,5.76460752303439872e+17,0,21,1,5.76460752303439872e+17,0,21,1,5.76460752303439872e+17,0,21,1,5.76460752303439872e+17,0,21,2,3.32306998946247858e+35,0,21,2,3.32306998946247858e+35,1,20,1,5.76460752303439872e+17
46,2,q_2_1,0,21,1,5.76460752303439872e+17,0,21,1,5.76460752303439872e+17,0,21,1,5.76460752303439872e+17,0,21,1,5.76460752303439872e+17,0,21,2,3.32306998946247858e+35,0,21,2,3.32306998946247858e+35,1,20,1,5.76460752303439872e+17
46,3,P_3,18,3,1,5.76460752303513600e+17,0,21,1,5.76460752303439872e+17,18,3,1,5.76460752303513600e+17,18,3,1,5.76460752303439872e+17,18,3,2,3.32306998946290359e+35,18,3,2,3.32306998946290359e+35,19,2,1,5.76460752303767552e+17
46,3,q_3_0,0,21,1,5.76460752303439872e+17,0,21,1,5.76460752303439872e+17,0,21,1,5.76460752303439872e+17,0,21,1,5.76460752303439872e+17,0,21,2,3.32306998946247858e+35,0,21,2,3.32306998946247858e+35,1,20,1,5.76460752303439872e+17
46,3,q_3_1,0,21,1,5.76460752303439872e+17,0,21,1,5.76460752303439872e+17,0,21,1,5.76460752303439872e+17,0,21,1,5.76460752303439872e+17,0,21,2,3.32306998946247858e+35,0,21,2,3.32306998946247858e+35,1,20,1,5.76460752303439872e+17
46,3,q_3_2,0,21,1,5.76460752303439872e+17,0,21,1,5.76460752303439872e+17,0,21,1,5.76460752303439872e+17,0,21,1,5.76460752303439872e+17,0,21,2,3.32306998946247858e+35,0,21,2,3.32306998946247858e+35,1,20,1,5.76460752303439872e+17
46,4,M_u_col_0,16,5,2,3.32306998945331719e+35,0,21,1,5.76460752303439872e+17,17,4,1,5.76460752302153728e+17,17,4,1,5.76460752303439872e+17,17,4,2,3.32306998945506446e+35,17,4,2,3.32306998945506446e+35,18,3,1,5.76460752303513600e+17
46,4,M_y_col_0,0,21,1,5.76460752303439872e+17,0,21,1,5.76460752303439872e+17,0,21,1,5.76460752303439872e+17,0,21,1,5.76460752303439872e+17,0,21,2,3.32306998946247858e+35,0,21,2,3.32306998946247858e+35,1,20,1,5.76460752303439872e+17
46,4,M_u_col_1,16,5,2,3.32306998945331719e+35,0,21,1,5.76460752303439872e+17,17,4,1,5.76460752302153728e+17,17,4,1,5.76460752303439872e+17,17,4,2,3.32306998945506446e+35,17,4,2,3.32306998945506446e+35,18,3,1,5.76460752303513600e+17
46,4,M_y_col_1,0,21,1,5.76460752303439872e+17,0,21,1,5.76460752303439872e+17,0,21,1,5.76460752303439872e+17,0,21,1,5.76460752303439872e+17,0,21,2,3.32306998946247858e+35,0,21,2,3.32306998946247858e+35,1,20,1,5.76460752303439872e+17
46,4,M_u_col_2,16,5,2,3.32306998945331719e+35,0,21,1,5.76460752303439872e+17,17,4,1,5.76460752302153728e+17,17,4,1,5.76460752303439872e+17,17,4,2,3.32306998945506446e+35,17,4,2,3.32306998945506446e+35,18,3,1,5.76460752303513600e+17
46,4,M_y_col_2,0,21,1,5.76460752303439872e+17,0,21,1,5.76460752303439872e+17,0,21,1,5.76460752303439872e+17,0,21,1,5.76460752303439872e+17,0,21,2,3.32306998946247858e+35,0,21,2,3.32306998946247858e+35,1,20,1,5.76460752303439872e+17
46,4,M_u_col_3,16,5,2,3.32306998945331719e+35,0,21,1,5.76460752303439872e+17,17,4,1,5.76460752302153728e+17,17,4,1,5.76460752303439872e+17,17,4,2,3.32306998945506446e+35,17,4,2,3.32306998945506446e+35,18,3,1,5.76460752303513600e+17
46,4,M_y_col_3,0,21,1,5.76460752303439872e+17,0,21,1,5.76460752303439872e+17,0,21,1,5.76460752303439872e+17,0,21,1,5.76460752303439872e+17,0,21,2,3.32306998946247858e+35,0,21,2,3.32306998946247858e+35,1,20,1,5.76460752303439872e+17
47,0,P_0,18,3,1,5.76460752303513600e+17,0,21,1,5.76460752303439872e+17,18,3,1,5.76460752303513600e+17,18,3,1,5.76460752303439872e+17,18,3,2,3.32306998946290359e+35,18,3,2,3.32306998946290359e+35,19,2,1,5.76460752303767552e+17
47,1,P_1,18,3,1,5.76460752303513600e+17,0,21,1,5.76460752303439872e+17,18,3,1,5.76460752303513600e+17,18,3,1,5.76460752303439872e+17,18,3,2,3.32306998946290359e+35,18,3,2,3.32306998946290359e+35,19,2,1,5.76460752303767552e+17
47,1,q_1_0,0,21,1,5.76460752303439872e+17,0,21,1,5.76460752303439872e+17,0,21,1,5.76460752303439872e+17,0,21,1,5.76460752303439872e+17,0,21,2,3.32306998946247858e+35,0,21,2,3.32306998946247858e+35,1,20,1,5.76460752303439872e+17
47,2,P_2,18,3,1,5.76460752303513600e+17,0,21,1,5.76460752303439872e+17,18,3,1,5.76460752303513600e+17,18,3,1,5.76460752303439872e+17,18,3,2,3.32306998946290359e+35,18,3,2,3.32306998946290359e+35,19,2,1,5.76460752303767552e+17
47,2,q_2_0,0,21,1,5.76460752303439872e+17,0,21,1,5.76460752303439872e+17,0,21,1,5.76460752303439872e+17,0,21,1,5.76460752303439872e+17,0,21,2,3.32306998946247858e+35,0,21,2,3.32306998946247858e+35,1,20,1,5.76460752303439872e+17
47,2,q_2_1,0,21,1,5.76460752303439872e+17,0,21,1,5.76460752303439872e+17,0,21,1,5.76460752303439872e+17,0,21,1,5.76460752303439872e+17,0,21,2,3.32306998946247858e+35,0,21,2,3.32306998946247858e+35,1,20,1,5.76460752303439872e+17
47,3,P_3,18,3,1,5.76460752303513600e+17,0,21,1,5.76460752303439872e+17,18,3,1,5.76460752303513600e+17,18,3,1,5.76460752303439872e+17,18,3,2,3.32306998946290359e+35,18,3,2,3.32306998946290359e+35,19,2,1,5.76460752303767552e+17
47,3,q_3_0,0,21,1,5.76460752303439872e+17,0,21,1,5.76460752303439872e+17,0,21,1,5.76460752303439872e+17,0,21,1,5.76460752303439872e+17,0,21,2,3.32306998946247858e+35,0,21,2,3.32306998946247858e+35,1,20,1,5.76460752303439872e+17
47,3,q_3_1,0,21,1,5.76460752303439872e+17,0,21,1,5.76460752303439872e+17,0,21,1,5.76460752303439872e+17,0,21,1,5.76460752303439872e+17,0,21,2,3.32306998946247858e+35,0,21,2,3.32306998946247858e+35,1,20,1,5.76460752303439872e+17
47,3,q_3_2,0,21,1,5.76460752303439872e+17,0,21,1,5.76460752303439872e+17,0,21,1,5.76460752303439872e+17,0,21,1,5.76460752303439872e+17,0,21,2,3.32306998946247858e+35,0,21,2,3.32306998946247858e+35,1,20,1,5.76460752303439872e+17
47,4,M_u_col_0,16,5,2,3.32306998945331719e+35,0,21,1,5.76460752303439872e+17,17,4,1,5.76460752302153728e+17,17,4,1,5.76460752303439872e+17,17,4,2,3.32306998945506446e+35,17,4,2,3.32306998945506446e+35,18,3,1,5.76460752303513600e+17
47,4,M_y_col_0,0,21,1,5.76460752303439872e+17,0,21,1,5.76460752303439872e+17,0,21,1,5.76460752303439872e+17,0,21,1,5.76460752303439872e+17,0,21,2,3.32306998946247858e+35,0,21,2,3.32306998946247858e+35,1,20,1,5.76460752303439872e+17
47,4,M_u_col_1,16,5,2,3.32306998945331719e+35,0,21,1,5.76460752303439872e+17,17,4,1,5.76460752302153728e+17,17,4,1,5.76460752303439872e+17,17,4,2,3.32306998945506446e+35,17,4,2,3.32306998945506446e+35,18,3,1,5.76460752303513600e+17
47,4,M_y_col_1,0,21,1,5.76460752303439872e+17,0,21,1,5.76460752303439872e+17,0,21,1,5.76460752303439872e+17,0,21,1,5.76460752303439872e+17,0,21,2,3.32306998946247858e+35,0,21,2,3.32306998946247858e+35,1,20,1,5.76460752303439872e+17
47,4,M_u_col_2,16,5,2,3.32306998945331719e+35,0,21,1,5.76460752303439872e+17,17,4,1,5.76460752302153728e+17,17,4,1,5.76460752303439872e+17,17,4,2,3.32306998945506446e+35,17,4,2,3.32306998945506446e+35,18,3,1,5.76460752303513600e+17
47,4,M_y_col_2,0,21,1,5.76460752303439872e+17,0,21,1,5.76460752303439872e+17,0,21,1,5.76460752303439872e+17,0,21,1,5.76460752303439872e+17,0,21,2,3.32306998946247858e+35,0,21,2,3.32306998946247858e+35,1,20,1,5.76460752303439872e+17
47,4,M_u_col_3,16,5,2,3.32306998945331719e+35,0,21,1,5.76460752303439872e+17,17,4,1,5.76460752302153728e+17,17,4,1,5.76460752303439872e+17,17,4,2,3.32306998945506446e+35,17,4,2,3.32306998945506446e+35,18,3,1,5.76460752303513600e+17
47,4,M_y_col_3,0,21,1,5.76460752303439872e+17,0,21,1,5.76460752303439872e+17,0,21,1,5.76460752303439872e+17,0,21,1,5.76460752303439872e+17,0,21,2,3.32306998946247858e+35,0,21,2,3.32306998946247858e+35,1,20,1,5.76460752303439872e+17
48,0,P_0,18,3,1,5.76460752303513600e+17,0,21,1,5.76460752303439872e+17,18,3,1,5.76460752303513600e+17,18,3,1,5.76460752303439872e+17,18,3,2,3.32306998946290359e+35,18,3,2,3.32306998946290359e+35,19,2,1,5.76460752303767552e+17
48,1,P_1,18,3,1,5.76460752303513600e+17,0,21,1,5.76460752303439872e+17,18,3,1,5.76460752303513600e+17,18,3,1,5.76460752303439872e+17,18,3,2,3.32306998946290359e+35,18,3,2,3.32306998946290359e+35,19,2,1,5.76460752303767552e+17
48,1,q_1_0,0,21,1,5.76460752303439872e+17,0,21,1,5.76460752303439872e+17,0,21,1,5.76460752303439872e+17,0,21,1,5.76460752303439872e+17,0,21,2,3.32306998946247858e+35,0,21,2,3.32306998946247858e+35,1,20,1,5.76460752303439872e+17
48,2,P_2,18,3,1,5.76460752303513600e+17,0,21,1,5.76460752303439872e+17,18,3,1,5.76460752303513600e+17,18,3,1,5.76460752303439872e+17,18,3,2,3.32306998946290359e+35,18,3,2,3.32306998946290359e+35,19,2,1,5.76460752303767552e+17
48,2,q_2_0,0,21,1,5.76460752303439872e+17,0,21,1,5.76460752303439872e+17,0,21,1,5.76460752303439872e+17,0,21,1,5.76460752303439872e+17,0,21,2,3.32306998946247858e+35,0,21,2,3.32306998946247858e+35,1,20,1,5.76460752303439872e+17
48,2,q_2_1,0,21,1,5.76460752303439872e+17,0,21,1,5.76460752303439872e+17,0,21,1,5.76460752303439872e+17,0,21,1,5.76460752303439872e+17,0,21,2,3.32306998946247858e+35,0,21,2,3.32306998946247858e+35,1,20,1,5.76460752303439872e+17
48,3,P_3,18,3,1,5.76460752303513600e+17,0,21,1,5.76460752303439872e+17,18,3,1,5.76460752303513600e+17,18,3,1,5.76460752303439872e+17,18,3,2,3.32306998946290359e+35,18,3,2,3.32306998946290359e+35,19,2,1,5.76460752303767552e+17
48,3,q_3_0,0,21,1,5.76460752303439872e+17,0,21,1,5.76460752303439872e+17,0,21,1,5.76460752303439872e+17,0,21,1,5.76460752303439872e+17,0,21,2,3.32306998946247858e+35,0,21,2,3.32306998946247858e+35,1,20,1,5.76460752303439872e+17
48,3,q_3_1,0,21,1,5.76460752303439872e+17,0,21,1,5.76460752303439872e+17,0,21,1,5.76460752303439872e+17,0,21,1,5.76460752303439872e+17,0,21,2,3.32306998946247858e+35,0,21,2,3.32306998946247858e+35,1,20,1,5.76460752303439872e+17
48,3,q_3_2,0,21,1,5.76460752303439872e+17,0,21,1,5.76460752303439872e+17,0,21,1,5.76460752303439872e+17,0,21,1,5.76460752303439872e+17,0,21,2,3.32306998946247858e+35,0,21,2,3.32306998946247858e+35,1,20,1,5.76460752303439872e+17
48,4,M_u_col_0,16,5,2,3.32306998945331719e+35,0,21,1,5.76460752303439872e+17,17,4,1,5.76460752302153728e+17,17,4,1,5.76460752303439872e+17,17,4,2,3.32306998945506446e+35,17,4,2,3.32306998945506446e+35,18,3,1,5.76460752303513600e+17
48,4,M_y_col_0,0,21,1,5.76460752303439872e+17,0,21,1,5.76460752303439872e+17,0,21,1,5.76460752303439872e+17,0,21,1,5.76460752303439872e+17,0,21,2,3.32306998946247858e+35,0,21,2,3.32306998946247858e+35,1,20,1,5.76460752303439872e+17
48,4,M_u_col_1,16,5,2,3.32306998945331719e+35,0,21,1,5.76460752303439872e+17,17,4,1,5.76460752302153728e+17,17,4,1,5.76460752303439872e+17,17,4,2,3.32306998945506446e+35,17,4,2,3.32306998945506446e+35,18,3,1,5.76460752303513600e+17
48,4,M_y_col_1,0,21,1,5.76460752303439872e+17,0,21,1,5.76460752303439872e+17,0,21,1,5.76460752303439872e+17,0,21,1,5.76460752303439872e+17,0,21,2,3.32306998946247858e+35,0,21,2,3.32306998946247858e+35,1,20,1,5.76460752303439872e+17
48,4,M_u_col_2,16,5,2,3.32306998945331719e+35,0,21,1,5.76460752303439872e+17,17,4,1,5.76460752302153728e+17,17,4,1,5.76460752303439872e+17,17,4,2,3.32306998945506446e+35,17,4,2,3.32306998945506446e+35,18,3,1,5.76460752303513600e+17
48,4,M_y_col_2,0,21,1,5.76460752303439872e+17,0,21,1,5.76460752303439872e+17,0,21,1,5.76460752303439872e+17,0,21,1,5.76460752303439872e+17,0,21,2,3.32306998946247858e+35,0,21,2,3.32306998946247858e+35,1,20,1,5.76460752303439872e+17
48,4,M_u_col_3,16,5,2,3.32306998945331719e+35,0,21,1,5.76460752303439872e+17,17,4,1,5.76460752302153728e+17,17,4,1,5.76460752303439872e+17,17,4,2,3.32306998945506446e+35,17,4,2,3.32306998945506446e+35,18,3,1,5.76460752303513600e+17
48,4,M_y_col_3,0,21,1,5.76460752303439872e+17,0,21,1,5.76460752303439872e+17,0,21,1,5.76460752303439872e+17,0,21,1,5.76460752303439872e+17,0,21,2,3.32306998946247858e+35,0,21,2,3.32306998946247858e+35,1,20,1,5.76460752303439872e+17
49,0,P_0,18,3,1,5.76460752303513600e+17,0,21,1,5.76460752303439872e+17,18,3,1,5.76460752303513600e+17,18,3,1,5.76460752303439872e+17,18,3,2,3.32306998946290359e+35,18,3,2,3.32306998946290359e+35,19,2,1,5.76460752303767552e+17
49,1,P_1,18,3,1,5.76460752303513600e+17,0,21,1,5.76460752303439872e+17,18,3,1,5.76460752303513600e+17,18,3,1,5.76460752303439872e+17,18,3,2,3.32306998946290359e+35,18,3,2,3.32306998946290359e+35,19,2,1,5.76460752303767552e+17
49,1,q_1_0,0,21,1,5.76460752303439872e+17,0,21,1,5.76460752303439872e+17,0,21,1,5.76460752303439872e+17,0,21,1,5.76460752303439872e+17,0,21,2,3.32306998946247858e+35,0,21,2,3.32306998946247858e+35,1,20,1,5.76460752303439872e+17
49,2,P_2,18,3,1,5.76460752303513600e+17,0,21,1,5.76460752303439872e+17,18,3,1,5.76460752303513600e+17,18,3,1,5.76460752303439872e+17,18,3,2,3.32306998946290359e+35,18,3,2,3.32306998946290359e+35,19,2,1,5.76460752303767552e+17
49,2,q_2_0,0,21,1,5.76460752303439872e+17,0,21,1,5.76460752303439872e+17,0,21,1,5.76460752303439872e+17,0,21,1,5.76460752303439872e+17,0,21,2,3.32306998946247858e+35,0,21,2,3.32306998946247858e+35,1,20,1,5.76460752303439872e+17
49,2,q_2_1,0,21,1,5.76460752303439872e+17,0,21,1,5.76460752303439872e+17,0,21,1,5.76460752303439872e+17,0,21,1,5.76460752303439872e+17,0,21,2,3.32306998946247858e+35,0,21,2,3.32306998946247858e+35,1,20,1,5.76460752303439872e+17
49,3,P_3,18,3,1,5.76460752303513600e+17,0,21,1,5.76460752303439872e+17,18,3,1,5.76460752303513600e+17,18,3,1,5.76460752303439872e+17,18,3,2,3.32306998946290359e+35,18,3,2,3.32306998946290359e+35,19,2,1,5.76460752303767552e+17
49,3,q_3_0,0,21,1,5.76460752303439872e+17,0,21,1,5.76460752303439872e+17,0,21,1,5.76460752303439872e+17,0,21,1,5.76460752303439872e+17,0,21,2,3.32306998946247858e+35,0,21,2,3.32306998946247858e+35,1,20,1,5.76460752303439872e+17
49,3,q_3_1,0,21,1,5.76460752303439872e+17,0,21,1,5.76460752303439872e+17,0,21,1,5.76460752303439872e+17,0,21,1,5.76460752303439872e+17,0,21,2,3.32306998946247858e+35,0,21,2,3.32306998946247858e+35,1,20,1,5.76460752303439872e+17
49,3,q_3_2,0,21,1,5.76460752303439872e+17,0,21,1,5.76460752303439872e+17,0,21,1,5.76460752303439872e+17,0,21,1,5.76460752303439872e+17,0,21,2,3.32306998946247858e+35,0,21,2,3.32306998946247858e+35,1,20,1,5.76460752303439872e+17
49,4,M_u_col_0,16,5,2,3.32306998945331719e+35,0,21,1,5.76460752303439872e+17,17,4,1,5.76460752302153728e+17,17,4,1,5.76460752303439872e+17,17,4,2,3.32306998945506446e+35,17,4,2,3.32306998945506446e+35,18,3,1,5.76460752303513600e+17
49,4,M_y_col_0,0,21,1,5.76460752303439872e+17,0,21,1,5.76460752303439872e+17,0,21,1,5.76460752303439872e+17,0,21,1,5.76460752303439872e+17,0,21,2,3.32306998946247858e+35,0,21,2,3.32306998946247858e+35,1,20,1,5.76460752303439872e+17
49,4,M_u_col_1,16,5,2,3.32306998945331719e+35,0,21,1,5.76460752303439872e+17,17,4,1,5.76460752302153728e+17,17,4,1,5.76460752303439872e+17,17,4,2,3.32306998945506446e+35,17,4,2,3.32306998945506446e+35,18,3,1,5.76460752303513600e+17
49,4,M_y_col_1,0,21,1,5.76460752303439872e+17,0,21,1,5.76460752303439872e+17,0,21,1,5.76460752303439872e+17,0,21,1,5.76460752303439872e+17,0,21,2,3.32306998946247858e+35,0,21,2,3.32306998946247858e+35,1,20,1,5.76460752303439872e+17
49,4,M_u_col_2,16,5,2,3.32306998945331719e+35,0,21,1,5.76460752303439872e+17,17,4,1,5.76460752302153728e+17,17,4,1,5.76460752303439872e+17,17,4,2,3.32306998945506446e+35,17,4,2,3.32306998945506446e+35,18,3,1,5.76460752303513600e+17
49,4,M_y_col_2,0,21,1,5.76460752303439872e+17,0,21,1,5.76460752303439872e+17,0,21,1,5.76460752303439872e+17,0,21,1,5.76460752303439872e+17,0,21,2,3.32306998946247858e+35,0,21,2,3.32306998946247858e+35,1,20,1,5.76460752303439872e+17
49,4,M_u_col_3,16,5,2,3.32306998945331719e+35,0,21,1,5.76460752303439872e+17,17,4,1,5.76460752302153728e+17,17,4,1,5.76460752303439872e+17,17,4,2,3.32306998945506446e+35,17,4,2,3.32306998945506446e+35,18,3,1,5.76460752303513600e+17
49,4,M_y_col_3,0,21,1,5.76460752303439872e+17,0,21,1,5.76460752303439872e+17,0,21,1,5.76460752303439872e+17,0,21,1,5.76460752303439872e+17,0,21,2,3.32306998946247858e+35,0,21,2,3.32306998946247858e+35,1,20,1,5.76460752303439872e+17
