block,within_block_sample,global_sample,y_nominal,y_physical,y_semantic,u_nominal,u_semantic,u_ckks,e_u_semantic_abs,e_u_nominal_abs,u_slot_spread,plant_nominal_0,plant_nominal_1,plant_nominal_2,plant_nominal_3,plant_ckks_0,plant_ckks_1,plant_ckks_2,plant_ckks_3,plant_error_0,plant_error_1,plant_error_2,plant_error_3,u_slots_0,u_slots_1,u_slots_2,u_slots_3,u_level,u_towers,u_noiseScaleDegree,u_scalingFactor
0,0,0,1.76499999999999990e-01,1.76499999999999990e-01,1.76499999999999879e-01,5.97519082627755022e-02,5.97519082627767165e-02,5.97519082627753426e-02,1.37390099297363122e-15,1.59594559789866253e-16,5.85642645489770075e-15,2.00000000000000011e-01,-1.00000000000000006e-01,5.00000000000000028e-02,8.00000000000000017e-02,2.00000000000000011e-01,-1.00000000000000006e-01,5.00000000000000028e-02,8.00000000000000017e-02,0.00000000000000000e+00,0.00000000000000000e+00,0.00000000000000000e+00,0.00000000000000000e+00,5.97519082627753426e-02,5.97519082627770218e-02,5.97519082627721507e-02,5.97519082627711653e-02,1,20,1,5.76460752303439872e+17
0,1,1,1.25002719459007372e-01,1.25002719459007344e-01,1.25002719459008649e-01,-5.00386380946312714e-01,-5.00386380946312936e-01,-5.00386380946315823e-01,2.88657986402540701e-15,3.10862446895043831e-15,1.02140518265514402e-14,1.40780152661022034e-01,-7.26099236694889849e-02,4.01950381652555200e-02,4.54975190826277520e-02,1.40780152661022007e-01,-7.26099236694889988e-02,4.01950381652555130e-02,4.54975190826277520e-02,-2.77555756156289135e-17,-1.38777878078144568e-17,-6.93889390390722838e-18,0.00000000000000000e+00,-5.00386380946315823e-01,-5.00386380946319154e-01,-5.00386380946308940e-01,-5.00386380946311826e-01,1,20,1,5.76460752303439872e+17
0,2,2,6.13925936990720317e-02,6.13925936990718651e-02,6.13925936990695892e-02,-3.81110471074996238e-01,-3.81110471074999624e-01,-3.81110471075001234e-01,1.60982338570647698e-15,4.99600361081320443e-15,1.56541446472147072e-14,5.55220055466717211e-02,-7.40175086762407952e-02,2.00924689444431127e-02,2.01788461135033043e-02,5.55220055466714435e-02,-7.40175086762409340e-02,2.00924689444430503e-02,2.01788461135032696e-02,-2.77555756156289135e-16,-1.38777878078144568e-16,-6.24500451351650554e-17,-3.46944695195361419e-17,-3.81110471075001234e-01,-3.81110471074995960e-01,-3.81110471074985580e-01,-3.81110471074992185e-01,1,20,1,5.76460752303439872e+17
0,3,3,2.09678503451852967e-02,2.09678503451849151e-02,2.09678503451832046e-02,-3.84685388081325019e-01,-3.84685388081317747e-01,-3.84685388081320079e-01,2.33146835171282873e-15,4.94049245958194660e-15,4.21884749357559485e-15,3.56560561350467708e-03,-6.71468768835105922e-02,8.80476397677960355e-03,7.28985196674865939e-03,3.56560561350406299e-03,-6.71468768835108837e-02,8.80476397677946998e-03,7.28985196674859261e-03,-6.14092110495789711e-16,-2.91433543964103592e-16,-1.33573707650214146e-16,-6.67868538251070731e-17,-3.84685388081320079e-01,-3.84685388081317248e-01,-3.84685388081319080e-01,-3.84685388081321467e-01,1,20,1,5.76460752303439872e+17
1,0,4,-8.20302214361918851e-03,-8.20302214361924055e-03,-8.20302214361897514e-03,-3.33722736287384192e-01,-3.33722736288992183e-01,-3.33722736288979471e-01,1.27120536319580424e-14,1.59527946408388743e-12,2.54907206453935942e-13,-3.35793451554634859e-02,-6.06972862461086643e-02,8.15613577654710278e-04,1.17117340597583906e-04,-3.35793451554635553e-02,-6.06972862461086365e-02,8.15613577654734564e-04,1.17117340597597784e-04,-6.93889390390722838e-17,2.77555756156289135e-17,2.42861286636752993e-17,1.38777878078144568e-17,-3.33722736288979471e-01,-3.33722736289110034e-01,-3.33722736288933064e-01,-3.33722736288855126e-01,19,2,1,5.76460752303767552e+17
1,1,5,-2.65126636478669672e-02,-2.65126636479459700e-02,-2.65126636479446030e-02,-3.02406983928585726e-01,-3.02406983930252227e-01,-3.02406983930291196e-01,3.89688281643429946e-14,1.70546909927793422e-12,1.86517468137026299e-13,-5.57307303146131403e-02,-5.28951600264168029e-02,-3.73502699072753757e-03,-3.29376771265688442e-03,-5.57307303147408090e-02,-5.28951600264805991e-02,-3.73502699075942916e-03,-3.29376771267283043e-03,-1.27668708937989095e-13,-6.37961905525230577e-14,-3.18915900632266158e-14,-1.59460118720478050e-14,-3.02406983930291196e-01,-3.02406983930115780e-01,-3.02406983930242568e-01,-3.02406983930302298e-01,19,2,1,5.76460752303767552e+17
1,2,6,-3.78126007950952900e-02,-3.78126007952410137e-02,-3.78126007952387169e-02,-2.59386855034188069e-01,-2.59386855035703356e-01,-2.59386855035771358e-01,6.80011602582908381e-14,1.58328905541793574e-12,1.44273482050039092e-13,-6.85502973429216594e-02,-4.55025532788198503e-02,-6.41273839739895952e-03,-4.82240430290502373e-03,-6.85502973431551255e-02,-4.55025532789269868e-02,-6.41273839745108796e-03,-4.82240430293037065e-03,-2.33466024290862606e-13,-1.07136521876327606e-13,-5.21284404531030532e-14,-2.53469120692351169e-14,-2.59386855035771358e-01,-2.59386855035856789e-01,-2.59386855035913022e-01,-2.59386855035768749e-01,19,2,1,5.76460752303767552e+17
1,3,7,-4.34521637528100038e-02,-4.34521637530010246e-02,-4.34521637530010246e-02,-2.26573858837269604e-01,-2.26573858838633679e-01,-2.26573858838638204e-01,4.52415882534751290e-15,1.36859967803104610e-12,1.63258295771129269e-13,-7.37473667519442239e-02,-3.82744598676628828e-02,-7.58465299106357398e-03,-5.19848089410482501e-03,-7.37473667522475507e-02,-3.82744598677905168e-02,-7.58465299112454083e-03,-5.19848089413379576e-03,-3.03326808115400581e-13,-1.27634014468469559e-13,-6.09668565632048853e-14,-2.89707494105506669e-14,-2.26573858838638204e-01,-2.26573858838724940e-01,-2.26573858838707370e-01,-2.26573858838561681e-01,19,2,1,5.76460752303767552e+17
2,0,8,-4.54829562621556840e-02,-4.54829562623704844e-02,-4.54829562623688538e-02,-1.91554719716443084e-01,-1.91554719718781269e-01,-1.91554719718827482e-01,4.62130334000221410e-14,2.38439823441183307e-12,4.34097202628436207e-14,-7.42859695577944429e-02,-3.18572979053681551e-02,-7.96290768120353452e-03,-5.05331791722158762e-03,-7.42859695581325197e-02,-3.18572979054981761e-02,-7.96290768126504782e-03,-5.05331791725024699e-03,-3.38076788786167981e-13,-1.30020993971413645e-13,-6.15132944581375796e-14,-2.86593665466128300e-14,-1.91554719718827482e-01,-1.91554719718831007e-01,-1.91554719718870892e-01,-1.91554719718831729e-01,19,2,1,5.76460752303767552e+17
2,1,9,-4.48213946955112325e-02,-4.48213946957940340e-02,-4.48213946957933748e-02,-1.63395048395287151e-01,-1.63395048397484866e-01,-1.63395048397485282e-01,4.16333634234433703e-16,2.19813056645534743e-12,2.51215714897057296e-13,-7.13588594913568963e-02,-2.60886273472905605e-02,-7.74647113632140685e-03,-4.60758435871684580e-03,-7.13588594918014713e-02,-2.60886273474611394e-02,-7.74647113640346448e-03,-4.60758435875546594e-03,-4.44574932423336122e-13,-1.70578828839751395e-13,-8.20576245841309060e-14,-3.86201487456716563e-14,-1.63395048397485282e-01,-1.63395048397494080e-01,-1.63395048397301484e-01,-1.63395048397552700e-01,19,2,1,5.76460752303767552e+17
2,2,10,-4.25750524121994364e-02,-4.25750524125250787e-02,-4.25750524125238228e-02,-1.36398215897485825e-01,-1.36398215899415448e-01,-1.36398215899613373e-01,1.97925009715049782e-13,2.12754813766480311e-12,1.34448008282106457e-13,-6.65370728931831829e-02,-2.11729138255805083e-02,-7.25754719646923546e-03,-4.07395527791900008e-03,-6.65370728936927752e-02,-2.11729138257671229e-02,-7.25754719655918173e-03,-4.07395527796091880e-03,-5.09592368302946852e-13,-1.86614612651681000e-13,-8.99462795911354362e-14,-4.19187254352415550e-14,-1.36398215899613373e-01,-1.36398215899525138e-01,-1.36398215899620978e-01,-1.36398215899659586e-01,19,2,1,5.76460752303767552e+17
2,3,11,-3.92812619053589315e-02,-3.92812619057134674e-02,-3.92812619057099494e-02,-1.14313691577021564e-01,-1.14313691578717708e-01,-1.14313691578938906e-01,2.21198059868754626e-13,1.91734128573983753e-12,2.96568325452994941e-13,-6.05123828609371930e-02,-1.69621092244231740e-02,-6.58442479063337145e-03,-3.50914980427380081e-03,-6.05123828614892306e-02,-1.69621092246150934e-02,-6.58442479072632141e-03,-3.50914980431669098e-03,-5.52037582313147368e-13,-1.91919397041218076e-13,-9.29499532897892777e-14,-4.28901705817885670e-14,-1.14313691578938906e-01,-1.14313691578890417e-01,-1.14313691579050067e-01,-1.14313691579186985e-01,19,2,1,5.76460752303767552e+17
3,0,12,-3.55095128381452962e-02,-3.55095128385109760e-02,-3.55095128385102335e-02,-9.43700290319142016e-02,-9.43700290341143166e-02,-9.43700290345022008e-02,3.87884169228414066e-13,2.58799925934027897e-12,4.89455698193808075e-13,-5.40709797239903589e-02,-1.34762282800797630e-02,-5.86559032296988386e-03,-2.98091105853001866e-03,-5.40709797245565657e-02,-1.34762282802649378e-02,-5.86559032306032888e-03,-2.98091105857127992e-03,-5.66206803664925928e-13,-1.85174792166620250e-13,-9.04450125904787683e-14,-4.12612652378463451e-14,-9.43700290345022008e-02,-9.43700290345920040e-02,-9.43700290341025483e-02,-9.43700290341828313e-02,19,2,1,5.76460752303767552e+17
3,1,13,-3.15393509842547409e-02,-3.15393509846614989e-02,-3.15393509846627618e-02,-7.79982185701884184e-02,-7.79982185721254107e-02,-7.79982185723595844e-02,2.34173791469061143e-13,2.17116602474476394e-12,4.59521309892352292e-13,-4.75588059862325774e-02,-1.05870228249094825e-02,-5.13406300260292256e-03,-2.49666099457745636e-03,-4.75588059868620947e-02,-1.05870228251160377e-02,-5.13406300270541436e-03,-2.49666099462455453e-03,-6.29517271644175480e-13,-2.06555259008034398e-13,-1.02491799769399705e-13,-4.70981760536393068e-14,-7.79982185723595844e-02,-7.79982185722934290e-02,-7.79982185719000631e-02,-7.79982185721882632e-02,19,2,1,5.76460752303767552e+17
3,2,14,-2.76384763181255107e-02,-2.76384763185429025e-02,-2.76384763185427706e-02,-6.37584658469134841e-02,-6.37584658485784717e-02,-6.37584658489017547e-02,3.23283066983037770e-13,1.98827065922557722e-12,5.41941491682962351e-13,-4.13291596216952828e-02,-8.24920774459053131e-03,-4.44443556975007356e-03,-2.07402367247872107e-03,-4.13291596223387542e-02,-8.24920774479251037e-03,-4.44443556985113508e-03,-2.07402367252467476e-03,-6.43471387284932916e-13,-2.01979058478407580e-13,-1.01061520263456828e-13,-4.59536922403636083e-14,-6.37584658489017547e-02,-6.37584658487172218e-02,-6.37584658485257222e-02,-6.37584658483598132e-02,19,2,1,5.76460752303767552e+17
3,3,15,-2.39283512598083212e-02,-2.39283512602242628e-02,-2.39283512602244015e-02,-5.20974199146541084e-02,-5.20974199160217921e-02,-5.20974199159942933e-02,2.74988365411843461e-14,1.34018490749454600e-12,2.70172773042531844e-13,-3.55176088149409264e-02,-6.36000805329834176e-03,-3.80445224402363013e-03,-1.70718532141429097e-03,-3.55176088155794434e-02,-6.36000805348910757e-03,-3.80445224412027244e-03,-1.70718532145779480e-03,-6.38517017037543155e-13,-1.90765805929693499e-13,-9.66423122084059116e-14,-4.35038290114153625e-14,-5.20974199159942933e-02,-5.20974199161898313e-02,-5.20974199162644661e-02,-5.20974199162203347e-02,19,2,1,5.76460752303767552e+17
4,0,16,-2.05138191331959950e-02,-2.05138191335782170e-02,-2.05138191335791156e-02,-4.22116991259831389e-02,-4.22116991275043457e-02,-4.22116991271629244e-02,3.41421335647851265e-13,1.17978543601182650e-12,2.24487095579206652e-13,-3.02492725841936594e-02,-4.86108896672340831e-03,-3.23166773352651397e-03,-1.39700811824612094e-03,-3.02492725847758707e-02,-4.86108896688060982e-03,-3.23166773360778013e-03,-1.39700811828185559e-03,-5.82211362454287951e-13,-1.57201508754756247e-13,-8.12661569982164878e-14,-3.57346530838187348e-14,-4.22116991271629244e-02,-4.22116991273413095e-02,-4.22116991273874115e-02,-4.22116991272969561e-02,19,2,1,5.76460752303767552e+17
4,1,17,-1.74281110983961415e-02,-1.74281110987439120e-02,-1.74281110987452581e-02,-3.41568792071719543e-02,-3.41568792087092454e-02,-3.41568792087547229e-02,4.54775106462079748e-14,1.58276863837514270e-12,2.22724616527614216e-13,-2.55452993080359583e-02,-3.67544489721315093e-03,-2.72327482454947116e-03,-1.13543166783678599e-03,-2.55452993085621104e-02,-3.67544489734300539e-03,-2.72327482461895030e-03,-1.13543166786687216e-03,-5.26152038604621453e-13,-1.29854460517719872e-13,-6.94791446598230777e-14,-3.00861766056037538e-14,-3.41568792087547229e-02,-3.41568792088213086e-02,-3.41568792086808237e-02,-3.41568792085985840e-02,19,2,1,5.76460752303767552e+17
4,2,18,-1.46936330056440800e-02,-1.46936330059850139e-02,-1.46936330059866966e-02,-2.74549032660200698e-02,-2.74549032673308407e-02,-2.74549032675207721e-02,1.89931403937748655e-13,1.50070234017363191e-12,6.21908774478541204e-13,-2.14192014301366959e-02,-2.75170922246299136e-03,-2.28132176286742440e-03,-9.18420914680571172e-04,-2.14192014306525333e-02,-2.75170922259246418e-03,-2.28132176293846696e-03,-9.18420914711764536e-04,-5.15837372816463358e-13,-1.29472821353004974e-13,-7.10425641925471751e-14,-3.11933638641459510e-14,-2.74549032675207721e-02,-2.74549032668988634e-02,-2.74549032670260429e-02,-2.74549032671232186e-02,19,2,1,5.76460752303767552e+17
4,3,19,-1.22998736218832370e-02,-1.22998736222149872e-02,-1.22998736222163663e-02,-2.20274569893798115e-02,-2.20274569905242606e-02,-2.20274569908682667e-02,3.44006073627056708e-13,1.48845519243323565e-12,6.08166295101852938e-13,-1.78383540287770648e-02,-2.03527763618084742e-03,-1.89937023513371333e-03,-7.38793510288909177e-04,-1.78383540292788821e-02,-2.03527763630738812e-03,-1.89937023520415460e-03,-7.38793510319877135e-04,-5.01817337683618803e-13,-1.26540704997735176e-13,-7.04412656676867144e-14,-3.09679582324862146e-14,-2.20274569908682667e-02,-2.20274569908874701e-02,-2.20274569903556837e-02,-2.20274569902793038e-02,19,2,1,5.76460752303767552e+17
5,0,20,-1.02319034466092276e-02,-1.02319034469334266e-02,-1.02319034469357147e-02,-1.75762265370608337e-02,-1.75762265381193168e-02,-1.75762265383271714e-02,2.07854566891541026e-13,1.26633772912221332e-12,4.96321733711724278e-13,-1.47686336707643397e-02,-1.48713158484733835e-03,-1.57368725563771005e-03,-5.91793698807353960e-04,-1.47686336712548466e-02,-1.48713158497205998e-03,-1.57368725570763935e-03,-5.91793698838086754e-04,-4.90506940620250020e-13,-1.24721630592738997e-13,-6.99293054018390592e-14,-3.07327947812741087e-14,-1.75762265383271714e-02,-1.75762265378308496e-02,-1.75762265380184669e-02,-1.75762265381998739e-02,19,2,1,5.76460752303767552e+17
5,1,21,-8.46155425941536206e-03,-8.46155425972290078e-03,-8.46155425972188596e-03,-1.39947240000183395e-02,-1.39947240007534529e-02,-1.39947240009160659e-02,1.62612978638065897e-13,8.97726337711901579e-13,6.65571764368877439e-13,-1.21584848927029782e-02,-1.07028809097866901e-03,-1.29731505078307095e-03,-4.71791993009742356e-04,-1.21584848931674278e-02,-1.07028809109380369e-03,-1.29731505084830175e-03,-4.71791993038132840e-04,-4.64449659287602401e-13,-1.15134681302753172e-13,-6.52308068671558772e-14,-2.83904844078364249e-14,-1.39947240009160659e-02,-1.39947240004003465e-02,-1.39947240007444393e-02,-1.39947240010659182e-02,19,2,1,5.76460752303767552e+17
5,2,22,-6.96062672329431607e-03,-6.96062672357085094e-03,-6.96062672357053783e-03,-1.10914025659401682e-02,-1.10914025665747873e-02,-1.10914025667573097e-02,1.82522399971851712e-13,8.17141493358874982e-13,4.96370305969051628e-13,-9.95931009002590586e-03,-7.57499520278063923e-04,-1.06500788749721111e-03,-3.74667144422341839e-04,-9.95931009044133571e-03,-7.57499520372955900e-04,-1.06500788755242281e-03,-3.74667144445828639e-04,-4.15429843303449786e-13,-9.48919762211453133e-14,-5.52116945912173307e-14,-2.34868006120103612e-14,-1.10914025667573097e-02,-1.10914025665594159e-02,-1.10914025668933085e-02,-1.10914025663969382e-02,19,2,1,5.76460752303767552e+17
5,3,23,-5.69725660024400157e-03,-5.69725660049271408e-03,-5.69725660049281817e-03,-8.77043356610942085e-03,-8.77043356657613606e-03,-8.77043356665193480e-03,7.57987422828065860e-14,5.42513950430034697e-13,2.52835946623619634e-13,-8.11861543171610994e-03,-5.24690745175227695e-04,-8.70566317977068747e-04,-2.96270732799443584e-04,-8.11861543208818211e-03,-5.24690745254981065e-04,-8.70566318025021491e-04,-2.96270732819581013e-04,-3.72072164744885470e-13,-7.97533697069474634e-14,-4.79527442059923814e-14,-2.01374290506595166e-14,-8.77043356665193480e-03,-8.77043356679317425e-03,-8.77043356673648522e-03,-8.77043356654033830e-03,19,2,1,5.76460752303767552e+17
6,0,24,-4.64185064765518587e-03,-4.64185064786904779e-03,-4.64185064786903998e-03,-6.90722910507310904e-03,-6.90722910551146846e-03,-6.90722910563637202e-03,1.24903559717282064e-13,5.63262977926193287e-13,3.17091838897276546e-13,-6.58901305573837172e-03,-3.53910256856350294e-04,-7.08985695300934100e-04,-2.33424371145459425e-04,-6.58901305605604469e-03,-3.53910256916556692e-04,-7.08985695339331879e-04,-2.33424371161125658e-04,-3.17672971261728776e-13,-6.02063971594235525e-14,-3.83977788800948794e-14,-1.56662335014379206e-14,-6.90722910563637202e-03,-6.90722910558244554e-03,-6.90722910531928018e-03,-6.90722910548946436e-03,19,2,1,5.76460752303767552e+17
6,1,25,-3.76542124840455704e-03,-3.76542124859280012e-03,-3.76542124859329972e-03,-5.42713818567807857e-03,-5.42713818613108079e-03,-5.42713818573775739e-03,3.93323394687339345e-13,5.96788243822921061e-14,4.53377786702180430e-13,-5.32498054908598500e-03,-2.30036627796379990e-04,-5.75230521471060269e-04,-1.83188855456069516e-04,-5.32498054936458593e-03,-2.30036627846271098e-04,-5.75230521504507255e-04,-1.83188855469636625e-04,-2.78600927050565161e-13,-4.98911079550162784e-14,-3.34469864998743205e-14,-1.35671096752887355e-14,-5.42713818573775739e-03,-5.42713818596609991e-03,-5.42713818615777038e-03,-5.42713818619113518e-03,19,2,1,5.76460752303767552e+17
6,2,26,-3.04208292657509290e-03,-3.04208292671901120e-03,-3.04208292671870719e-03,-4.24895806538152111e-03,-4.24895806569676199e-03,-4.24895806572043316e-03,2.36711691914415212e-14,3.38912058139850814e-13,9.62910307045206082e-14,-4.28655998041986563e-03,-1.41775238162625869e-04,-4.65143664686567182e-04,-1.43264002377169305e-04,-4.28655998062922334e-03,-1.41775238187015782e-04,-4.65143664707180684e-04,-1.43264002384631598e-04,-2.09357704783474929e-13,-2.43899139166364742e-14,-2.06135022245979016e-14,-7.46229250267460564e-15,-4.24895806572043316e-03,-4.24895806575867514e-03,-4.24895806570063997e-03,-4.24895806566238411e-03,19,2,1,5.76460752303767552e+17
6,3,27,-2.44813125197901934e-03,-2.44813125210285171e-03,-2.44813125210271033e-03,-3.31873787016284151e-03,-3.31873787050960579e-03,-3.31873787044025762e-03,6.93481730373868288e-14,2.77416110916473002e-13,3.17154722623280705e-13,-3.43758185018583524e-03,-7.99461054260471748e-05,-3.74860424005655536e-04,-1.11628392091976382e-04,-3.43758185036563673e-03,-7.99461054469577349e-05,-3.74860424024611619e-04,-1.11628392099075236e-04,-1.79801486199782090e-13,-2.09105600673317737e-14,-1.89560823635193110e-14,-7.09885438193030849e-15,-3.31873787044025762e-03,-3.31873787075741234e-03,-3.31873787047190852e-03,-3.31873787050061082e-03,19,2,1,5.76460752303767552e+17
7,0,28,-1.96294627629070876e-03,-1.96294627639650781e-03,-1.96294627639642628e-03,-2.58379571548167115e-03,-2.58379571552317701e-03,-2.58379571591189905e-03,3.88722040667310864e-13,4.30227901915269939e-13,6.57599842635026022e-13,-2.74695365018091248e-03,-3.77253994272733022e-05,-3.01171795674320193e-04,-8.66860333948050587e-05,-2.74695365033423558e-03,-3.77253994447364246e-05,-3.01171795691139801e-04,-8.66860334011278682e-05,-1.53323100743341101e-13,-1.74631224194796153e-14,-1.68196077725280002e-14,-6.32280957191949655e-15,-2.58379571591189905e-03,-2.58379571525429921e-03,-2.58379571550916304e-03,-2.58379571576424286e-03,19,2,1,5.76460752303767552e+17
7,1,29,-1.56837608289150726e-03,-1.56837608299141649e-03,-1.56837608299214420e-03,-2.00693048974508702e-03,-2.00693049005745694e-03,-2.00693049032026928e-03,2.62812341333962252e-13,5.75182262929629928e-13,1.93503633255653895e-13,-2.18752831732297280e-03,-9.72772546122627213e-06,-2.41227713320361274e-04,-6.70807026535740392e-05,-2.18752831746918050e-03,-9.72772548365333288e-06,-2.41227713339011585e-04,-6.70807026610389608e-05,-1.46207698725753232e-13,-2.24270607510415609e-14,-1.86503102458240866e-14,-7.46492169294288299e-15,-2.00693049032026928e-03,-2.00693049012676565e-03,-2.00693049017635315e-03,-2.00693049020936017e-03,19,2,1,5.76460752303767552e+17
7,2,30,-1.24893647380021323e-03,-1.24893647390320875e-03,-1.24893647390421142e-03,-1.55424938350056307e-03,-1.55424938354602757e-03,-1.55424938376443229e-03,2.18404721391562973e-13,2.63869221611701121e-13,1.09509840431898375e-12,-1.73635304568904537e-03,8.01068016348963031e-06,-1.92664718167755378e-04,-5.17392810369129801e-05,-1.73635304584212366e-03,8.01068013142330752e-06,-1.92664718190298381e-04,-5.17392810464349450e-05,-1.53078287892793874e-13,-3.20663227958498109e-14,-2.25430026208617296e-14,-9.52196492227247449e-15,-1.55424938376443229e-03,-1.55424938366536701e-03,-1.55424938382406818e-03,-1.55424938272896978e-03,19,2,1,5.76460752303767552e+17
7,3,31,-9.91350308898969121e-04,-9.91350308989319808e-04,-9.91350308989170188e-04,-1.20093493401215935e-03,-1.20093493410151323e-03,-1.20093493402354933e-03,7.79638940212601383e-14,1.13899775028292183e-14,1.04809065072652974e-12,-1.37387328916307853e-03,1.85350563655373710e-05,-1.53444504192404817e-04,-3.97713352913824973e-05,-1.37387328929696969e-03,1.85350563394788429e-05,-1.53444504210852354e-04,-3.97713352988676393e-05,-1.33891162046317902e-13,-2.60585281651459777e-14,-1.84475373345149851e-14,-7.48514206345973765e-15,-1.20093493402354933e-03,-1.20093493387639426e-03,-1.20093493492448491e-03,-1.20093493395618590e-03,19,2,1,5.76460752303767552e+17
8,0,32,-7.84466198159050740e-04,-7.84466198227326853e-04,-7.84466198227468776e-04,-9.25406956972719529e-04,-9.25406957089625688e-04,-9.25406957214441536e-04,1.24815847761527987e-13,2.41722006993905225e-13,1.61725450739669263e-13,-1.08378075840914615e-03,2.40534351746886715e-05,-1.21884260298724795e-04,-3.04733886833512968e-05,-1.08378075850854385e-03,2.40534351621009827e-05,-1.21884260309721993e-04,-3.04733886872531507e-05,-9.93977036095605726e-14,-1.25876888665103770e-14,-1.09971981607920322e-14,-3.90185388339514549e-15,-9.25406957214441536e-04,-9.25406957056967134e-04,-9.25406957130646152e-04,-9.25406957218692585e-04,19,2,1,5.76460752303767552e+17
8,1,33,-6.18903242909230890e-04,-6.18903242972008256e-04,-6.18903242971106308e-04,-7.11521909505366968e-04,-7.11521909385094903e-04,-7.11521909840477380e-04,4.55382476519106127e-13,3.35110411642247641e-13,6.97754787976068158e-13,-8.52430427798427592e-04,2.62160399424133373e-05,-9.65621873658188657e-05,-2.32721071971092013e-05,-8.52430427890338771e-04,2.62160399284948852e-05,-9.65621873771631576e-05,-2.32721072014595794e-05,-9.19111791883309159e-14,-1.39184521655462412e-14,-1.13442919337861103e-14,-4.35037815775703163e-15,-7.11521909840477380e-04,-7.11521909263278826e-04,-7.11521909142722592e-04,-7.11521909335281776e-04,19,2,1,5.76460752303767552e+17
8,2,34,-4.86883014517672675e-04,-4.86883014581089178e-04,-4.86883014581290081e-04,-5.45693216006277299e-04,-5.45693215882552159e-04,-5.45693216111616105e-04,2.29063946630136961e-13,1.05338806254129391e-13,4.02412044658850832e-13,-6.68574377579904096e-04,2.61938209285986400e-05,-7.63112413144670338e-05,-1.77161756484024402e-05,-6.68574377674002436e-04,2.61938209096445736e-05,-7.63112413278634765e-05,-1.77161756539364351e-05,-9.40983402308859240e-14,-1.89540664251048457e-14,-1.33964427008123610e-14,-5.53399489319587878e-15,-5.45693216111616105e-04,-5.45693216008665037e-04,-5.45693216067356371e-04,-5.45693215709204061e-04,19,2,1,5.76460752303767552e+17
8,3,35,-3.81958189095486453e-04,-3.81958189148254735e-04,-3.81958189149199726e-04,-4.17632437643247680e-04,-4.17632437441047173e-04,-4.17632437943680915e-04,5.02633741919500387e-13,3.00433235147362643e-13,6.89109685113320491e-13,-5.22933503463745251e-04,2.48341139913231655e-05,-6.01603955546591769e-05,-1.34429767967021759e-05,-5.22933503541439396e-04,2.48341139781219808e-05,-6.01603955645902926e-05,-1.34429768005633891e-05,-7.76941445207457448e-14,-1.32011846658112997e-14,-9.93111571711419172e-15,-3.86121324258588416e-15,-4.17632437943680915e-04,-4.17632437765610575e-04,-4.17632437623992195e-04,-4.17632437254571230e-04,19,2,1,5.76460752303767552e+17
9,0,36,-2.98840992794334947e-04,-2.98840992848652012e-04,-2.98840992849851248e-04,-3.18884142619213441e-04,-3.18884142698049413e-04,-3.18884142676836618e-04,2.12127949754392642e-14,5.76231770632595897e-14,4.62341373953095713e-13,-4.07935988386050525e-04,2.27189514482775606e-05,-4.73176073962416823e-05,-1.01684390518799641e-05,-4.07935988467081085e-04,2.27189514305722613e-05,-4.73176074080726522e-05,-1.01684390568258657e-05,-8.10305598661353876e-14,-1.77052993034949868e-14,-1.18309699602241192e-14,-4.94590161198311257e-15,-3.18884142676836618e-04,-3.18884142607683439e-04,-3.18884142910319014e-04,-3.18884142447977640e-04,19,2,1,5.76460752303767552e+17
9,1,37,-2.33200922226045560e-04,-2.33200922269711180e-04,-2.33200922266198066e-04,-2.43004444506859821e-04,-2.43004444382750954e-04,-2.43004444510348078e-04,1.27597124489550739e-13,3.48825785964623769e-15,6.29308020624885778e-13,-3.17407126931631240e-04,2.02512642555882229e-05,-3.71317794485792079e-05,-7.66700785439526320e-06,-3.17407126995999564e-04,2.02512642445853665e-05,-3.71317794566059631e-05,-7.66700785748518857e-06,-6.43683240389436584e-14,-1.10028563408796909e-14,-8.02675525872487139e-15,-3.08992536960685238e-15,-2.43004444510348078e-04,-2.43004444098889505e-04,-2.43004444430565218e-04,-2.43004444728197526e-04,19,2,1,5.76460752303767552e+17
9,2,38,-1.81520079688449399e-04,-1.81520079721274812e-04,-1.81520079717094318e-04,-1.84791773089051529e-04,-1.84791773022836158e-04,-1.84791773472813155e-04,4.49976996852799460e-13,3.83761625992809496e-13,4.27026849211115112e-13,-2.46353385810876185e-04,1.76931314931924076e-05,-2.90751931111995999e-05,-5.76295561716047459e-06,-2.46353385858380720e-04,1.76931314883077448e-05,-2.90751931159603317e-05,-5.76295561874671150e-06,-4.75045350278868739e-14,-4.88466282396252116e-15,-4.76073173938384997e-15,-1.58623690625723374e-15,-1.84791773472813155e-04,-1.84791773151495422e-04,-1.84791773277755481e-04,-1.84791773045786306e-04,19,2,1,5.76460752303767552e+17
9,3,39,-1.40946492471441802e-04,-1.40946492514810025e-04,-1.40946492517876826e-04,-1.40271449515418323e-04,-1.40271449408057073e-04,-1.40271449355802756e-04,5.22543163253286203e-14,1.59615566206958159e-13,8.57068132827445983e-13,-1.90742329111499566e-04,1.52128161956806094e-05,-2.27183282313105005e-05,-4.31817619550760202e-06,-1.90742329176794530e-04,1.52128161790981590e-05,-2.27183282418213154e-05,-4.31817620012241370e-06,-6.52949645307127069e-14,-1.65824504057580577e-14,-1.05108149018196678e-14,-4.61481167949445714e-15,-1.40271449355802756e-04,-1.40271450045984907e-04,-1.40271449188916774e-04,-1.40271449701407459e-04,19,2,1,5.76460752303767552e+17
10,0,40,-1.09182953221415672e-04,-1.09182953246222191e-04,-1.09182953243356238e-04,-1.06279892436328210e-04,-1.06279891987264328e-04,-1.06279892596076631e-04,6.08812303413801270e-13,1.59748421630669102e-13,9.59595941661499363e-13,-1.47339167625858689e-04,1.29078737941424313e-05,-1.77152139513234807e-05,-3.22570684160927718e-06,-1.47339167661428435e-04,1.29078737918850885e-05,-1.77152139542153190e-05,-3.22570684237438764e-06,-3.55697459333836896e-14,-2.25734280443271040e-15,-2.89183824456196170e-15,-7.65110461694706173e-16,-1.06279892596076631e-04,-1.06279892338286816e-04,-1.06279892222247978e-04,-1.06279891636480690e-04,19,2,1,5.76460752303767552e+17
10,1,41,-8.43834317766463328e-05,-8.43834318029039205e-05,-8.43834318034129399e-05,-8.03991153199715494e-05,-8.03991151022226890e-05,-8.03991144116998006e-05,6.90522888435046722e-13,9.08271748827418901e-13,1.45321328213175727e-12,-1.13553962181993113e-04,1.08302040267772502e-05,-1.37866307923932826e-05,-2.40225247395695848e-06,-1.13553962220563795e-04,1.08302040204572968e-05,-1.37866307973291537e-05,-2.40225247591145185e-06,-3.85706820215520052e-14,-6.31995337682135505e-15,-4.93587104782172714e-15,-1.95449337392198698e-15,-8.03991144116998006e-05,-8.03991143197225393e-05,-8.03991157729358214e-05,-8.03991155470620313e-05,19,2,1,5.76460752303767552e+17
10,2,42,-6.50723616294688050e-05,-6.50723616041216490e-05,-6.50723616029172494e-05,-6.07263864788954439e-05,-6.07263861430309087e-05,-6.07263852083059414e-05,9.34724967240931071e-13,1.27058950248051458e-12,1.40616789317139085e-12,-8.73243656744905719e-05,8.99907438696572682e-06,-1.07090141824522049e-05,-1.78369866432295269e-06,-8.73243656301053137e-05,8.99907442063141215e-06,-1.07090141671919374e-05,-1.78369865622576537e-06,4.43852582725917655e-14,3.36656853246576973e-14,1.52602675504778795e-14,8.09718731883848734e-15,-6.07263852083059414e-05,-6.07263853283019616e-05,-6.07263866144738346e-05,-6.07263856237648888e-05,19,2,1,5.76460752303767552e+17
10,3,43,-5.00732245142209757e-05,-5.00732244309787315e-05,-5.00732244311605996e-05,-4.58093381941078380e-05,-4.58093380158709505e-05,-4.58093379534959050e-05,6.23750454498833706e-14,2.40611933047078785e-13,1.46749521307562927e-12,-6.70117282529875900e-05,7.41399255675827340e-06,-8.30326443139305380e-06,-1.32053866462270089e-06,-6.70117281166897973e-05,7.41399262917087272e-06,-8.30326439746166610e-06,-1.32053864767824512e-06,1.36297792713638288e-13,7.24125993271495377e-14,3.39313877017501098e-14,1.69444557702720742e-14,-4.58093379534959050e-05,-4.58093378766411159e-05,-4.58093371746234686e-05,-4.58093386421186817e-05,19,2,1,5.76460752303767552e+17
11,0,44,-3.84521983803477160e-05,-3.84521983035149024e-05,-3.84521983037391357e-05,-3.45159434877584105e-05,-3.45159434832271637e-05,-3.45159428536404150e-05,6.29586748674641067e-13,6.34117995471691204e-13,7.58292734159837778e-13,-5.13200719931390266e-05,6.06153195759710920e-06,-6.42679734684731621e-06,-9.74907874480453343e-07,-5.13200718699626551e-05,6.06153201168314783e-06,-6.42679732304689826e-06,-9.74907863264491136e-07,1.23176371446404032e-13,5.40860386262932008e-14,2.38004179488630549e-14,1.12159622071123476e-14,-3.45159428536404150e-05,-3.45159435496145229e-05,-3.45159434045832648e-05,-3.45159436119331492e-05,19,2,1,5.76460752303767552e+17
11,1,45,-2.94699743564643558e-05,-2.94699742657151229e-05,-2.94699742659869933e-05,-2.59841429505263760e-05,-2.59841430657395536e-05,-2.59841430619230874e-05,3.81646618604833399e-15,1.11396711353992789e-13,1.43322091594364452e-12,-3.92268047574730023e-05,4.92159975050181087e-06,-4.96613989682841142e-06,-7.17802081670827503e-07,-3.92268046137296883e-05,4.92159980791424275e-06,-4.96613987099243608e-06,-7.17802069538402010e-07,1.43743313963957259e-13,5.74124318778509307e-14,2.58359753404525938e-14,1.21324254921410172e-14,-2.59841430619230874e-05,-2.59841428142004584e-05,-2.59841419273671372e-05,-2.59841433605880532e-05,19,2,1,5.76460752303767552e+17
11,2,46,-2.25435611814344391e-05,-2.25435611171753518e-05,-2.25435611191768500e-05,-1.95475018784282216e-05,-1.95475021082335897e-05,-1.95475028272332041e-05,7.18999614349440791e-13,9.48804982470836597e-13,7.39116585860358222e-13,-2.99283028813825269e-05,3.97069395638412229e-06,-3.83144368914775627e-06,-5.27182439969491405e-07,-2.99283027822060784e-05,3.97069398533170026e-06,-3.83144367704726212e-06,-5.27182434821731042e-07,9.91764484393423823e-14,2.89475779772455782e-14,1.21004941499745430e-14,5.14776036298388983e-15,-1.95475028272332041e-05,-1.95475027139515598e-05,-1.95475022289564997e-05,-1.95475020881166182e-05,19,2,1,5.76460752303767552e+17
11,3,47,-1.72144006572610556e-05,-1.72144006553623906e-05,-1.72144006556668413e-05,-1.47000316137956114e-05,-1.47000318385469456e-05,-1.47000304707304817e-05,1.36781646393416972e-12,1.14306512965080351e-12,2.44069707885019235e-12,-2.27945227083589461e-05,3.18470033792433533e-06,-2.95163200509401281e-06,-3.86297523292154501e-07,-2.27945227105404964e-05,3.18470031542369663e-06,-2.95163201746832095e-06,-3.86297530157518216e-07,-2.18155029631239561e-15,-2.25006386915212794e-14,-1.23743081380863363e-14,-6.86536371490991141e-15,-1.47000304707304817e-05,-1.47000322925519772e-05,-1.47000321687135919e-05,-1.47000329114275606e-05,19,2,1,5.76460752303767552e+17
12,0,48,-1.31230862922910528e-05,-1.31230862353332455e-05,-1.31230862346703237e-05,-1.10533674905658192e-05,-1.10533677714645620e-05,-1.10533687447977518e-05,9.73333189762705386e-13,1.25423193254598896e-12,1.55264313572386382e-12,-1.73332828520881412e-05,2.54022318034903058e-06,-2.27071536511578164e-06,-2.82503919494585314e-07,-1.73332827640137027e-05,2.54022321013781985e-06,-2.27071534936979236e-06,-2.82503911674615732e-07,8.80744384216571030e-14,2.97887892670533998e-14,1.57459892767184383e-14,7.81996958176771188e-15,-1.10533687447977518e-05,-1.10533681665804986e-05,-1.10533676267669807e-05,-1.10533671921546160e-05,19,2,1,5.76460752303767552e+17
12,1,49,-9.98863018402132466e-06,-9.98863020270001729e-06,-9.98863020496817162e-06,-8.31363227130258322e-06,-8.31363255134382712e-06,-8.31363120523781543e-06,1.34610601169123014e-12,1.06606476779429714e-12,1.16853917289509203e-12,-1.31610151983208037e-05,2.01563828371216824e-06,-1.74464499937179163e-06,-2.06264487259044215e-07,-1.31610152328626599e-05,2.01563825034030509e-06,-1.74464501549447001e-06,-2.06264495738160886e-07,-3.45418562052975456e-14,-3.33718631477823366e-14,-1.61226783808895817e-14,-8.47911667174715831e-15,-8.31363120523781543e-06,-8.31363135398958777e-06,-8.31363237377698832e-06,-8.31363221598150618e-06,19,2,1,5.76460752303767552e+17
12,2,50,-7.59205973764452989e-06,-7.59205970025344205e-06,-7.59205970028421899e-06,-6.25669931057345993e-06,-6.25669945216298257e-06,-6.25669983812467754e-06,3.85961694970447713e-13,5.27551217601839994e-13,8.16201285940389761e-13,-9.97977046179821255e-06,1.59146080202590421e-06,-1.33889130074800145e-06,-1.50430375342117707e-07,-9.97977040405291536e-06,1.59146082273535981e-06,-1.33889128851184799e-06,-1.50430369115677350e-07,5.77452971913970312e-14,2.07094555991705264e-14,1.22361534644991341e-14,6.22644035710932906e-15,-6.25669983812467754e-06,-6.25669975073269441e-06,-6.25669926249089353e-06,-6.25670007869217947e-06,19,2,1,5.76460752303767552e+17
12,3,51,-5.76314924884248084e-06,-5.76314924645262397e-06,-5.76314924580341811e-06,-4.71356436512397373e-06,-4.71356471820328472e-06,-4.71356455473577943e-06,1.63467505285804556e-13,1.89611805701255399e-13,2.08168636882800732e-12,-7.55865381317851834e-06,1.25058041799970719e-06,-1.02642654352337220e-06,-1.09649871781722817e-07,-7.55865381214924456e-06,1.25058040882699259e-06,-1.02642654700503760e-06,-1.09649873812984203e-07,1.02927377992195757e-15,-9.17271460339468686e-15,-3.48166540221775747e-15,-2.03126138606485291e-15,-4.71356455473577943e-06,-4.71356375843349716e-06,-4.71356574300907172e-06,-4.71356584011986599e-06,19,2,1,5.76460752303767552e+17
13,0,52,-4.36995963163987609e-06,-4.36995963973380360e-06,-4.36995963987702755e-06,-3.55606536917687041e-06,-3.55606561200514394e-06,-3.55606345394132933e-06,2.15806381460828989e-12,1.91523554108065613e-12,2.56905109885239885e-12,-5.71926946125847432e-06,9.78199207682365500e-07,-7.86161454596044618e-07,-7.99397729789377948e-08,-5.71926947642015910e-06,9.78199193600083822e-07,-7.86161460281567776e-07,-7.99397759487375077e-08,-1.51616847738787405e-14,-1.40822816783141421e-14,-5.68552315822904233e-15,-2.96979971289261914e-15,-3.55606345394132933e-06,-3.55606602299242819e-06,-3.55606505095249637e-06,-3.55606549896252136e-06,19,2,1,5.76460752303767552e+17
13,1,53,-3.31047097042646907e-06,-3.31047088230678723e-06,-3.31047088086350492e-06,-2.68789452245517429e-06,-2.68789456060253550e-06,-2.68789490012659485e-06,3.39524059349516306e-13,3.77671420562051977e-13,7.88241934102925723e-13,-4.32410330502566113e-06,7.61726632244094769e-07,-6.01666366189326541e-07,-5.83408783816712860e-08,-4.32410316384981414e-06,7.61726699694517699e-07,-6.01666330994838862e-07,-5.83408607812340129e-08,1.41175846986546331e-13,6.74504229299969994e-14,3.51944876796186955e-14,1.76004372731345047e-14,-2.68789490012659485e-06,-2.68789420755650444e-06,-2.68789499579843854e-06,-2.68789453155101811e-06,19,2,1,5.76460752303767552e+17
13,2,54,-2.50601425085099075e-06,-2.50601420138765730e-06,-2.50601420031365680e-06,-2.03638163978743708e-06,-2.03638203082490117e-06,-2.03638241501464345e-06,3.84189742278856711e-13,7.75227206376277039e-13,2.09501455846096288e-12,-3.26744781083536236e-06,5.90563512307701020e-07,-4.60177146695333322e-07,-4.26666637002412931e-08,-3.26744773400643193e-06,5.90563538120008566e-07,-4.60177134246174418e-07,-4.26666583245365157e-08,7.68289304347951046e-14,2.58123075458404141e-14,1.24491589043879819e-14,5.37570477737967395e-15,-2.03638241501464345e-06,-2.03638121598099358e-06,-2.03638261871248509e-06,-2.03638331099555204e-06,19,2,1,5.76460752303767552e+17
13,3,55,-1.89606619189011898e-06,-1.89606619253062560e-06,-1.89606619249865032e-06,-1.54709354486035324e-06,-1.54709383941240782e-06,-1.54709460703669897e-06,7.67624291157765169e-13,1.06217634573586308e-12,4.36585788857952778e-12,-2.46822787399983995e-06,4.55889684517787382e-07,-3.51793337424175502e-07,-3.13051669431543203e-08,-2.46822787863620142e-06,4.55889667966571158e-07,-3.51793345973948142e-07,-3.13051719509923843e-08,-4.63636146822202742e-15,-1.65512162246467330e-14,-8.54977263972642502e-15,-5.00783806398466590e-15,-1.54709460703669897e-06,-1.54709548496508298e-06,-1.54709330953162938e-06,-1.54709111910719440e-06,19,2,1,5.76460752303767552e+17
14,0,56,-1.43418241844001385e-06,-1.43418247226312138e-06,-1.43418247184019973e-06,-1.17913075554061871e-06,-1.17913101608877046e-06,-1.17912965306167115e-06,1.36302709930479513e-12,1.10247894755433648e-12,3.03639283185972255e-12,-1.86442037810729018e-06,3.50425037132222735e-07,-2.68854585828065111e-07,-2.30741321529077718e-08,-1.86442046774367493e-06,3.50424983109173607e-07,-2.68854611960794263e-07,-2.30741454227241291e-08,-8.96363847523276884e-14,-5.40230491270497532e-14,-2.61327291512979609e-14,-1.32698163573955266e-14,-1.17912965306167115e-06,-1.17912901586361528e-06,-1.17913205225644714e-06,-1.17913191423890438e-06,19,2,1,5.76460752303767552e+17
14,1,57,-1.08480068378697070e-06,-1.08480067151219169e-06,-1.08480067002156850e-06,-9.01941363635178158e-07,-9.01941483830012477e-07,-9.01940834686955151e-07,6.49143057325188733e-13,5.28948223006636762e-13,1.53210323378023962e-12,-1.40867912970992050e-06,2.68213538783967335e-07,-2.05443166417147066e-07,-1.71086666292507418e-08,-1.40867911037164564e-06,2.68213549061307292e-07,-2.05443159072429010e-07,-1.71086625169728771e-08,1.93382748525070024e-14,1.02773399578483542e-14,7.34471805625794315e-15,4.11227786464578274e-15,-9.01940834686955151e-07,-9.01941049752544657e-07,-9.01941273152836720e-07,-9.01939741049602940e-07,19,2,1,5.76460752303767552e+17
14,2,58,-8.20755361212070692e-07,-8.20755325562226570e-07,-8.20755324856345840e-07,-6.92646126659962519e-07,-6.92646401624338264e-07,-6.92646074838151381e-07,3.26786186882776532e-13,5.18218111380652074e-14,2.83299845501831945e-12,-1.06494719937923970e-06,2.04414918328157890e-07,-1.56997565334155978e-07,-1.27791452888028000e-08,-1.06494714231763680e-06,2.04414945948447309e-07,-1.56997550406946017e-07,-1.27791378345409488e-08,5.70616029013176979e-14,2.76202894191175880e-14,1.49272099604527524e-14,7.45426185113049785e-15,-6.92646074838151381e-07,-6.92644412440255543e-07,-6.92645670467186119e-07,-6.92647245438710561e-07,19,2,1,5.76460752303767552e+17
14,3,59,-6.21337754499528505e-07,-6.21337724362453795e-07,-6.21337722779158740e-07,-5.34188004055938486e-07,-5.34188327996460478e-07,-5.34187665926924083e-07,6.62069536394832136e-13,3.38129014402475958e-13,3.60797891730892952e-13,-8.05820480219596831e-07,1.55123805445661502e-07,-1.20006967037942401e-07,-9.62843857408056958e-09,-8.05820432779874859e-07,1.55123824342883202e-07,-1.20006957478734499e-07,-9.62843418020688286e-09,4.74397219725871061e-14,1.88972216999074748e-14,9.55920790217206200e-15,4.39387368671906662e-15,-5.34187665926924083e-07,-5.34187893250092752e-07,-5.34187554445419649e-07,-5.34187532452201021e-07,19,2,1,5.76460752303767552e+17
15,0,60,-4.70795411874026600e-07,-4.70795372010034853e-07,-4.70795370183390462e-07,-4.13821810236386868e-07,-4.13822469630359000e-07,-4.13822361252744120e-07,1.08377614879435341e-13,5.51016357252048458e-13,3.88098114430182069e-12,-6.10515881646931926e-07,1.17207273529515602e-07,-9.17744537911735337e-08,-7.32616540238784329e-09,-6.10515818928233245e-07,1.17207298106353306e-07,-9.17744416380795509e-08,-7.32615975942719813e-09,6.27186986809248202e-14,2.45768377033019249e-14,1.21530939827916388e-14,5.64296064515739469e-15,-4.13822361252744120e-07,-4.13823061109495283e-07,-4.13821533041691952e-07,-4.13825414022836254e-07,19,2,1,5.76460752303767552e+17
15,1,61,-3.57168656053095264e-07,-3.57168652747737864e-07,-3.57168652723075441e-07,-3.22054085650490119e-07,-3.22055092569662053e-07,-3.22054966144713266e-07,1.26424948786949134e-13,8.80494223147055280e-13,2.92876272122689853e-12,-4.63300597722340666e-07,8.81674004454913204e-08,-7.02311967665553394e-08,-5.63416042201361127e-09,-4.63300594680039194e-07,8.81673927103373711e-08,-7.02312009528896983e-08,-5.63416302385282999e-09,3.04230147154307138e-15,-7.73515394929765224e-15,-4.18633435888836515e-15,-2.60183921872284350e-15,-3.22054966144713266e-07,-3.22056523398885867e-07,-3.22053594636164640e-07,-3.22055174009270911e-07,19,2,1,5.76460752303767552e+17
15,2,62,-2.71394857424792145e-07,-2.71394898924910668e-07,-2.71394899249453619e-07,-2.51796701850005466e-07,-2.51797538467194820e-07,-2.51798562574191237e-07,1.02410699641658821e-12,1.86072418577102507e-12,3.40414833231691540e-12,-3.52287365176485148e-07,6.60228269570382005e-08,-5.37928277471944428e-08,-4.38141799827613548e-09,-3.52287434044378276e-07,6.60227860740694707e-08,-5.37928477732920173e-08,-4.38142818669508324e-09,-6.88678931272554645e-14,-4.08829687298391091e-14,-2.00260975745538082e-14,-1.01884189477616744e-14,-2.51798562574191237e-07,-2.51795158425858920e-07,-2.51798541846100595e-07,-2.51797674655115396e-07,19,2,1,5.76460752303767552e+17
15,3,63,-2.06618173169671866e-07,-2.06618297843703337e-07,-2.06618297290684022e-07,-1.97766768640333911e-07,-1.97767631442840537e-07,-1.97766351181868960e-07,1.28026097157671364e-12,4.17458464951039190e-13,1.99641902938375627e-12,-2.68508812918506691e-07,4.92104528507783421e-08,-4.12474712184560042e-08,-3.44540462508437980e-09,-2.68509014631962054e-07,4.92103528632209860e-08,-4.12475197232224081e-08,-3.44542854082629995e-09,-2.01713455362988674e-13,-9.99875573561099783e-14,-4.85047664038578660e-14,-2.39157419201423204e-14,-1.97766351181868960e-07,-1.97768347600898344e-07,-1.97766779867733578e-07,-1.97767210797934412e-07,19,2,1,5.76460752303767552e+17
16,0,64,-1.57660700079226084e-07,-1.57660776185064105e-07,-1.57660776957181806e-07,-1.56015806479370776e-07,-1.56015742514600047e-07,-1.56016873403642595e-07,1.13088904254837707e-12,1.06692427181939210e-12,1.19394301960736582e-12,-2.05210850564489235e-07,3.65030295657338865e-08,-3.16694558735347553e-08,-2.73857823239859924e-09,-2.05210970400504515e-07,3.65029854479202782e-08,-3.16694747936054270e-08,-2.73858647380127081e-09,-1.19836015280227288e-13,-4.41178136082838550e-14,-1.89200706717400107e-14,-8.24140267156838138e-15,-1.56016873403642595e-07,-1.56017263474362499e-07,-1.56016626195105576e-07,-1.56016069531342892e-07,19,2,1,5.76460752303767552e+17
16,1,65,-1.20617221764983547e-07,-1.20617332927095865e-07,-1.20617331750286390e-07,-1.23593571497293196e-07,-1.23593376919366994e-07,-1.23593544018810115e-07,1.67099443120832054e-13,2.74784830806156541e-14,1.72160270480735986e-12,-1.57312834559523185e-07,2.69418030213365952e-08,-2.43524288654282490e-08,-2.19844976337885264e-09,-1.57313009724821029e-07,2.69417352008489874e-08,-2.43524605817150897e-08,-2.19846464503300056e-09,-1.75165297843918658e-13,-6.78204876078633487e-14,-3.17162868406785551e-14,-1.48816541479236132e-14,-1.23593544018810115e-07,-1.23594191709347443e-07,-1.23595265621514923e-07,-1.23593920990557693e-07,19,2,1,5.76460752303767552e+17
16,2,66,-9.25461814262387136e-08,-9.25462653699479350e-08,-9.25462641720900081e-08,-9.82879013577287461e-08,-9.82875860516303045e-08,-9.82882666199187163e-08,6.80568288411832550e-13,3.65262189970234395e-13,1.25375278875850277e-12,-1.20997382360933223e-07,1.97811791906676237e-08,-1.87579719355337841e-08,-1.78046371176981895e-09,-1.20997511707308016e-07,1.97811410271630518e-08,-1.87579890813251699e-08,-1.78047111685578866e-09,-1.29346374792331195e-13,-3.81635045719406516e-14,-1.71457913857836933e-14,-7.40508596971127980e-15,-9.82882666199187163e-08,-9.82879034126585885e-08,-9.82885386407599428e-08,-9.82872848879711843e-08,19,2,1,5.76460752303767552e+17
16,3,67,-7.12341123880576202e-08,-7.12341942782567323e-08,-7.12341935143375960e-08,-7.84379925695787438e-08,-7.84376724177003272e-08,-7.84363994839061441e-08,1.27293379418312990e-12,1.59308567259977022e-12,2.39991094403861410e-12,-9.33986530732367980e-08,1.44440765972594677e-08,-1.44759709804007171e-08,-1.45280880833776892e-09,-9.33987784766822205e-08,1.44440414741600210e-08,-1.44759877597492900e-08,-1.45281624153578918e-09,-1.25403445422587491e-13,-3.51230994466934438e-14,-1.67793485728233279e-14,-7.43319802025945451e-15,-7.84363994839061441e-08,-7.84375261464903167e-08,-7.84383158853548835e-08,-7.84387993948501827e-08,19,2,1,5.76460752303767552e+17
17,0,68,-5.50168134376970746e-08,-5.50167966909958035e-08,-5.50167973507903972e-08,-6.27914321082626708e-08,-6.27913603772214960e-08,-6.27903766940593884e-08,9.83683162107566527e-13,1.05541420328232037e-12,2.72473439720067617e-12,-7.23665434905160373e-08,1.04858267781910851e-08,-1.11942653635472864e-08,-1.19272990511967191e-09,-7.23665091439908971e-08,1.04858718813217217e-08,-1.11942428717658711e-08,-1.19271778213734043e-09,3.43465251401745632e-14,4.51031306365691078e-14,2.24917814152299902e-14,1.21229823314732774e-14,-6.27903766940593884e-08,-6.27886730442161114e-08,-6.27913977786133121e-08,-6.27904145480964398e-08,19,2,1,5.76460752303767552e+17
17,1,69,-4.26436907574416984e-08,-4.26436240237239441e-08,-4.26436255620972751e-08,-5.04011323151871849e-08,-5.04011093983883421e-08,-5.04002762001013065e-08,8.33198287035585286e-13,8.56115085878405490e-13,4.68773680284082029e-12,-5.62883597395772684e-08,7.56537617755239545e-09,-8.67534273394819708e-09,-9.83869705145617769e-10,-5.62882469686924548e-08,7.56544869642998874e-09,-8.67530887873576308e-09,-9.83852794427275251e-10,1.12770884813642750e-13,7.25188775932891066e-14,3.38552124339993095e-14,1.69107183425174073e-14,-5.04002762001013065e-08,-5.04029419124826892e-08,-5.04014250295969613e-08,-5.04049639369041473e-08,19,2,1,5.76460752303767552e+17
17,2,70,-3.31752139597845628e-08,-3.31751188310261443e-08,-3.31751195670528165e-08,-4.05470249300422225e-08,-4.05471792335961159e-08,-4.05482659034786226e-08,1.08666988250674543e-12,1.24097343640012169e-12,3.56859954335265513e-12,-4.39544795035064153e-08,5.42230793107011420e-09,-6.73854367371100250e-09,-8.14395470117884180e-10,-4.39543240177522705e-08,5.42238788127881833e-09,-6.73850761639676224e-09,-8.14378116406759818e-10,1.55485754144881837e-13,7.99502087041291565e-14,3.60573142402529189e-14,1.73537111243621333e-14,-4.05482659034786226e-08,-4.05484732479699032e-08,-4.05466771595086309e-08,-4.05449046484265506e-08,19,2,1,5.76460752303767552e+17
17,3,71,-2.59054673750247632e-08,-2.59054546970478953e-08,-2.59054544768129697e-08,-3.26793564690651529e-08,-3.26796093087463646e-08,-3.26775492883468848e-08,2.06002039947982231e-12,1.80718071826808590e-12,4.57933247584433356e-12,-3.44572026024423902e-08,3.85869975067864901e-09,-5.24644966705036512e-09,-6.75663311757464927e-10,-3.44571835345576201e-08,3.85869886703425936e-09,-5.24645446130705562e-09,-6.75666738058804033e-10,1.90678847700913580e-14,-8.83644389645454646e-16,-4.79425669049534128e-15,-3.42630133910565048e-15,-3.26775492883468848e-08,-3.26779777727878153e-08,-3.26782109970954191e-08,-3.26821286208227291e-08,19,2,1,5.76460752303767552e+17
18,0,72,-2.03038323698701552e-08,-2.03037334516454240e-08,-2.03037347045374405e-08,-2.63758108186081359e-08,-2.63766434527783192e-08,-2.63780151332436571e-08,1.37168046533790273e-12,2.20431463552120886e-12,3.85699628915393158e-12,-2.71148384112294431e-08,2.72481472179797276e-09,-4.09451707856754886e-09,-5.61284795498470212e-10,-2.71146801785864932e-08,2.72488516709887894e-09,-4.09448404336162222e-09,-5.61268567118363520e-10,1.58232642949902620e-13,7.04453009061776543e-14,3.30352059266389104e-14,1.62283801066916945e-14,-2.63780151332436571e-08,-2.63741581369545032e-08,-2.63741725656841746e-08,-2.63773409332345550e-08,19,2,1,5.76460752303767552e+17
18,1,73,-1.59711118930829789e-08,-1.59711446134043338e-08,-1.59711454744843166e-08,-2.13102887591035317e-08,-2.13108898366222794e-08,-2.13103650982724821e-08,5.24738349797358825e-13,7.63391689503487390e-14,2.09244300040706094e-12,-2.14147633438300135e-08,1.90791247392571515e-09,-3.20317363373088571e-09,-4.66467777218167590e-10,-2.14148201258738596e-08,1.90786627462511885e-09,-3.20319924458895256e-09,-4.66481398960238786e-10,-5.67820438460667033e-14,-4.61993005962961918e-14,-2.56108580668495256e-14,-1.36217420711962476e-14,-2.13103650982724821e-08,-2.13116152895048985e-08,-2.13124575412728891e-08,-2.13106704358158573e-08,19,2,1,5.76460752303767552e+17
18,2,74,-1.26066029143837882e-08,-1.26066329336064528e-08,-1.26066347074457333e-08,-1.72293373816818438e-08,-1.72297916082846762e-08,-1.72298703503686449e-08,7.87420839686796514e-14,5.32968686801139364e-13,3.25426927187153670e-12,-1.69708197103718364e-08,1.32351668107299252e-09,-2.51181331591315675e-09,-3.87558989365645944e-10,-1.69708703965209663e-08,1.32348351443253767e-09,-2.51182955454361693e-09,-3.87566885041994736e-10,-5.06861491299217707e-14,-3.31666404548555805e-14,-1.62386304601864608e-14,-7.89567634879182522e-15,-1.72298703503686449e-08,-1.72267392020092273e-08,-1.72299934712810988e-08,-1.72285375218037611e-08,19,2,1,5.76460752303767552e+17
18,3,75,-9.98340220430826595e-09,-9.98345231610484857e-09,-9.98345431481300154e-09,-1.39348612486012624e-08,-1.39353579924379780e-08,-1.39350401567910146e-08,3.17835646963421284e-13,1.78908189752243026e-13,1.93495289688963248e-12,-1.34914558475164303e-08,9.08650034426163521e-10,-1.97422962021099607e-09,-3.21723188171498381e-10,-1.34915376323699836e-08,9.08607722352811240e-10,-1.97424941565381665e-09,-3.21732610191734861e-10,-8.17848535533118951e-14,-4.23120733522804887e-14,-1.97954428205765232e-14,-9.42202023648024303e-15,-1.39350401567910146e-08,-1.39351056759350803e-08,-1.39367370972652366e-08,-1.39348021443683469e-08,19,2,1,5.76460752303767552e+17
19,0,76,-7.92992204349353925e-09,-7.92996992213210489e-09,-7.92996935841242835e-09,-1.12710441840507713e-08,-1.12727162510875382e-08,-1.12683670570432071e-08,4.34919404433106781e-12,2.67712700756419169e-12,6.80277301800336290e-12,-1.07559451073458382e-08,6.16606588628902446e-10,-1.55515175028846424e-09,-2.66721173019151774e-10,-1.07560216900614439e-08,6.16573561607541468e-10,-1.55516638024488591e-09,-2.66727833009501878e-10,-7.65827156057538289e-14,-3.30270213609778394e-14,-1.46299564216752012e-14,-6.65999035010400057e-15,-1.12683670570432071e-08,-1.12751698300612105e-08,-1.12698056333619182e-08,-1.12719175091231124e-08,19,2,1,5.76460752303767552e+17
19,1,77,-6.31605955740237237e-09,-6.31596399362685980e-09,-6.31596457351887850e-09,-9.11466185474248764e-09,-9.11514519472152479e-09,-9.11056100988355962e-09,4.58418483796517068e-12,4.10084485892802419e-12,4.06984531703723529e-12,-8.59663548492275276e-09,4.12938863255607024e-10,-1.22761529105597696e-09,-2.20754169682961785e-10,-8.59647909647909269e-09,4.13026441299778915e-10,-1.22756983100747021e-09,-2.20730822308596574e-10,1.56388443660064721e-13,8.75780441718913929e-14,4.54600485067553412e-14,2.33473743652111731e-14,-9.11056100988355962e-09,-9.11409863519326083e-09,-9.11205005463896226e-09,-9.11463085520059685e-09,19,2,1,5.76460752303767552e+17
19,2,78,-5.04286075032223847e-09,-5.04258316336299645e-09,-5.04258423666006807e-09,-7.36771203771513067e-09,-7.36904527874141944e-09,-7.36512550395173336e-09,3.91977478968607590e-12,2.58653376339730642e-12,4.46854713729833953e-12,-6.88571538846333253e-09,2.72386809606892375e-10,-9.70969980563928027e-10,-1.82355578231863402e-10,-6.88526771495164881e-09,2.72605304652013828e-10,-9.70862114189723762e-10,-1.82302392107597474e-10,4.47673511683719610e-13,2.18495045121452626e-13,1.07866374204265530e-13,5.31861242659279794e-14,-7.36512550395173336e-09,-7.36771634993371713e-09,-7.36614201181915382e-09,-7.36959405108903170e-09,19,2,1,5.76460752303767552e+17
19,3,79,-4.03479534327964011e-09,-4.03445211282382003e-09,-4.03445147619132735e-09,-5.95188662057658381e-09,-5.95360641875702698e-09,-5.95240904936558373e-09,1.19736939144324937e-12,5.22428788999914663e-13,2.37203828679588823e-12,-5.52534109794225857e-09,1.76542119613412515e-10,-7.69368879999806829e-10,-1.50314256334714237e-10,-5.52479437070916441e-09,1.76778245901499040e-10,-7.69256352668123761e-10,-1.50260779036232137e-10,5.46727233094163482e-13,2.36126288086525179e-13,1.12527331683067825e-13,5.34772984821009040e-14,-5.95240904936558373e-09,-5.95231997318263619e-09,-5.95469201146943207e-09,-5.95365419047274433e-09,19,2,1,5.76460752303767552e+17
20,0,80,-3.23398530883552896e-09,-3.23374655933699355e-09,-3.23374380993101133e-09,-4.80432745688662240e-09,-4.80696550438671768e-09,-4.80502409120935319e-09,1.94141317736448378e-12,6.96634322730788018e-13,5.31656193488269434e-12,-4.44027315059547965e-09,1.12078098611181695e-10,-6.10623835612684128e-10,-1.23620068479905889e-10,-4.43990241118772520e-09,1.12197182613766799e-10,-6.10571288429420021e-10,-1.23597651754626752e-10,3.70739407754457715e-13,1.19084002585104023e-13,5.25471832641064374e-14,2.24167252791366487e-14,-4.80502409120935319e-09,-4.80796384703615975e-09,-4.80743229766339191e-09,-4.80264728510127706e-09,19,2,1,5.76460752303767552e+17
20,1,81,-2.59588951915568119e-09,-2.59574196766086957e-09,-2.59574264157595706e-09,-3.87439491245164303e-09,-3.87625040722852277e-09,-3.87679750626064770e-09,5.47099032124928894e-13,2.40259380900466627e-12,3.66402827285962806e-12,-3.57237661709078000e-09,6.94162361731516008e-11,-4.85337454586039155e-10,-1.01424199218831120e-10,-3.57215588874280902e-09,6.94539637826083439e-11,-4.85322450542709571e-10,-1.01419740276894447e-10,2.20728347970979945e-13,3.77276094567430696e-14,1.50040433295833822e-14,4.45894193667283584e-15,-3.87679750626064770e-09,-3.87733333801404717e-09,-3.87762034336646706e-09,-3.87395631509360743e-09,19,2,1,5.76460752303767552e+17
20,2,82,-2.08607531778184171e-09,-2.08608345673609958e-09,-2.08608488185339755e-09,-3.12115735032468327e-09,-3.12324273921220339e-09,-3.11796483689050721e-09,5.27790232169617287e-12,3.19251343417605353e-12,5.12426763603431288e-12,-2.87650945840764103e-09,4.17258276790540158e-11,-3.86244979500244778e-10,-8.30098610338573006e-11,-2.87653972329306565e-09,4.16452425263256529e-11,-3.86285015026841949e-10,-8.30317509069239630e-11,-3.02648854246186949e-14,-8.05851527283629502e-14,-4.00355265971703904e-14,-2.18898730666623685e-14,-3.11796483689050721e-09,-3.12308910452654153e-09,-3.12137771258543796e-09,-3.12044138597722942e-09,19,2,1,5.76460752303767552e+17
20,3,83,-1.67779912428960929e-09,-1.67765091816776336e-09,-1.67765075563688383e-09,-2.51144830582153412e-09,-2.51324697112212688e-09,-2.51510493207323429e-09,1.85796095110740868e-12,3.65662625170017220e-12,4.75996199112518788e-12,-2.31744133186515181e-09,2.41780429591367627e-11,-3.07714560455500458e-10,-6.77699435178767288e-11,-2.31721416832014162e-09,2.42500567053239064e-11,-3.07673403300851394e-10,-6.77495134441157091e-11,2.27163545010182844e-13,7.20137461871436386e-14,4.11571546490633864e-14,2.04300737610197451e-14,-2.51510493207323429e-09,-2.51569068432211688e-09,-2.51748270530362515e-09,-2.51272274331249997e-09,19,2,1,5.76460752303767552e+17
21,0,84,-1.35019027101486151e-09,-1.35025869147284244e-09,-1.35025888086258541e-09,-2.01833716986900591e-09,-2.02059128286982731e-09,-2.01981453878801521e-09,7.76744081812095392e-13,1.47736891900930272e-12,1.65188630565197854e-12,-1.86753937997190116e-09,1.33923299452792036e-11,-2.45367612493100296e-10,-5.51896134849188353e-11,-1.86766259121993496e-09,1.32861454946468761e-11,-2.45417086628411336e-10,-5.52155650192939134e-11,-1.23211248033797492e-13,-1.06184450632327478e-13,-4.94741353110407455e-14,-2.59515343750780356e-14,-2.01981453878801521e-09,-2.02146642509366719e-09,-2.02072898906287774e-09,-2.02028943209846127e-09,19,2,1,5.76460752303767552e+17
21,1,85,-1.08688390250535789e-09,-1.08701266074473864e-09,-1.08701085911593899e-09,-1.61992657489292080e-09,-1.62125100244233458e-09,-1.62062677758785070e-09,6.24224854483882268e-13,7.00202694929898751e-13,8.53262587605993482e-12,-1.50502394077366700e-09,7.02820981703867448e-12,-1.95789837015159409e-10,-4.48323191451499732e-11,-1.50523933714182279e-09,6.90010174813133988e-12,-1.95847108556125919e-10,-4.48606605002182827e-11,-2.15396368155787653e-13,-1.28108068907334602e-13,-5.72715409665102785e-14,-2.83413550683095212e-14,-1.62062677758785070e-09,-1.62020535802866745e-09,-1.62844208143948511e-09,-1.61990945556342518e-09,19,2,1,5.76460752303767552e+17
21,2,86,-8.74988918225300789e-10,-8.75124873246927359e-10,-8.75125111599921976e-10,-1.29839360854436732e-09,-1.30010176487689318e-09,-1.29825830367246509e-09,1.84346120442808986e-12,1.35304871902225192e-13,3.16097729683955996e-12,-1.21264910656311078e-09,3.48592649764326214e-12,-1.56310974797196279e-10,-3.63283157426614128e-11,-1.21287045680928991e-09,3.37813842893886553e-12,-1.56356779951491252e-10,-3.63500376093213350e-11,-2.21350246179126133e-13,-1.07788068704396604e-13,-4.58051542949731772e-14,-2.17218666599222967e-14,-1.29825830367246509e-09,-1.29750717989313307e-09,-1.30066815718997263e-09,-1.29940841938737738e-09,19,2,1,5.76460752303767552e+17
21,3,87,-7.04305831439102831e-10,-7.04404823624287132e-10,-7.04404201879471979e-10,-1.03922506168268291e-09,-1.04057281106519435e-09,-1.03987879887036531e-09,6.94012194829044227e-13,6.53737187682393316e-13,5.42579662318854578e-12,-9.76699971289177755e-10,1.68848251694649033e-12,-1.24836529392187846e-10,-2.93650299722714047e-11,-9.76857142122170898e-10,1.62891802815484420e-12,-1.24858997060997492e-10,-2.93749014515862885e-11,-1.57170832993143495e-13,-5.95644887916461274e-14,-2.24676688096459335e-14,-9.87147931488374335e-15,-1.03987879887036531e-09,-1.04218016725152113e-09,-1.04530459549355385e-09,-1.04285612761722496e-09,19,2,1,5.76460752303767552e+17
22,0,88,-5.66731611718676899e-10,-5.66840081791712005e-10,-5.66841269161374155e-10,-8.30601041688413135e-10,-8.33567486572906384e-10,-8.31374402170545968e-10,2.19308440236041592e-12,7.73360482132833069e-13,3.80905107215751017e-12,-7.86226905661466918e-10,9.23972445143919034e-13,-9.97189402561015553e-11,-2.36788721189786067e-11,-7.86397132795339864e-10,8.63829586779377184e-13,-9.97440559489312631e-11,-2.36904609187937783e-11,-1.70227133872945630e-13,-6.01428583645418504e-14,-2.51156928297077858e-14,-1.15887998151716499e-14,-8.31374402170545968e-10,-8.35000903913041052e-10,-8.32276034041408370e-10,-8.31191852840883542e-10,19,2,1,5.76460752303767552e+17
22,1,89,-4.55804602793075878e-10,-4.55925933650277745e-10,-4.55926239749577891e-10,-6.62897747719825524e-10,-6.65004369889951898e-10,-6.67584236765634523e-10,2.57986687568262495e-12,4.68648904580899856e-12,1.10344840446068421e-11,-6.32457537615717756e-10,7.32468462868592902e-13,-7.96586662963059101e-11,-1.90481880382086768e-11,-6.32646781419345988e-10,6.67641315019261880e-13,-7.96878789611591739e-11,-1.90618896761379124e-11,-1.89243803628231748e-13,-6.48271478493310214e-14,-2.92126648532637708e-14,-1.37016379292356201e-14,-6.67584236765634523e-10,-6.72694967266694258e-10,-6.61660483222087416e-10,-6.65768471996986337e-10,19,2,1,5.76460752303767552e+17
22,2,90,-3.66354799741255796e-10,-3.66679480994501031e-10,-3.66679213982411496e-10,-5.28283404206903602e-10,-5.30631088935044204e-10,-5.29783525042409024e-10,8.47563892635179549e-13,1.50012083550542233e-12,1.19602615395330963e-11,-5.08342649423873296e-10,8.25525548965154113e-13,-6.36280361985313552e-11,-1.52871665504701106e-11,-5.08859010257978270e-10,6.01692956885464061e-13,-6.37379698276390402e-11,-1.53411020109815578e-11,-5.16360834104974614e-13,-2.23832592079690051e-13,-1.09933629107685005e-13,-5.39354605114471812e-14,-5.29783525042409024e-10,-5.34922003976832060e-10,-5.31082720918526901e-10,-5.41743786581942120e-10,19,2,1,5.76460752303767552e+17
22,3,91,-2.94233596349827977e-10,-2.94558071357886510e-10,-2.94558373252474367e-10,-4.20389713669795973e-10,-4.22014010583596188e-10,-4.20797376165413654e-10,1.21663441818253407e-12,4.07662495617680854e-13,4.06850147888897705e-12,-4.08203337877823870e-10,1.02947150430194070e-12,-5.08124298767096318e-11,-1.22405495553857586e-11,-4.08713033952586224e-10,8.36482532226325693e-13,-5.09043346128088866e-11,-1.22835353219642210e-11,-5.09696074762353489e-13,-1.92988972075615008e-13,-9.19047360992548050e-14,-4.29857665784624566e-14,-4.20797376165413654e-10,-4.16728874686524677e-10,-4.18678851828121671e-10,-4.17763884855582434e-10,19,2,1,5.76460752303767552e+17
23,0,92,-2.36103782365407000e-10,-2.36372660697697473e-10,-2.36372835067674226e-10,-3.34043444810469873e-10,-3.34084292610283640e-10,-3.33885842388431647e-10,1.98450221851992479e-13,1.57602422038225534e-13,4.58993968954156248e-12,-3.27455222645272707e-10,1.24587317742209675e-12,-4.05647071348972571e-11,-9.77904298252041109e-12,-3.27870255936517061e-10,1.11830469615813589e-12,-4.06242710506370449e-11,-9.80529421000911858e-12,-4.15033291244353787e-13,-1.27568481263960856e-13,-5.95639157397878084e-14,-2.62512274887074862e-14,-3.33885842388431647e-10,-3.34431394997672585e-10,-3.29841455308131022e-10,-3.34360483866927129e-10,19,2,1,5.76460752303767552e+17
23,1,93,-1.89275412960373912e-10,-1.89472182927016452e-10,-1.89471044835790478e-10,-2.65047148677242197e-10,-2.64984552776015604e-10,-2.69886827166270795e-10,4.90227439025519037e-12,4.83967848902859763e-12,8.77871009876545507e-12,-2.62391566035240166e-10,1.42433467239802959e-12,-3.23697743960686038e-11,-7.79533816391961958e-12,-2.62687987289674160e-10,1.36107003163789863e-12,-3.23997617975103777e-11,-7.80720093417049325e-12,-2.96421254433993811e-13,-6.32646407601309674e-14,-2.99874014417738589e-14,-1.18627702508736769e-14,-2.69886827166270795e-10,-2.70900679506715696e-10,-2.66791230162223162e-10,-2.62121969407950241e-10,19,2,1,5.76460752303767552e+17
23,2,94,-1.51576815461695109e-10,-1.51964616395250433e-10,-1.51965317418319115e-10,-2.09999535096783358e-10,-2.09765514454506613e-10,-2.14310503111490525e-10,4.54498865698391220e-12,4.31096801470716690e-12,6.13097207218637308e-12,-2.10011752665760436e-10,1.54405346813886484e-12,-2.58169433941992772e-11,-6.20067438996374350e-12,-2.10617411419336036e-10,1.32046819149602481e-12,-2.59303917057558889e-11,-6.25505195955628232e-12,-6.05658753575599422e-13,-2.23585276642840027e-13,-1.13448311556611741e-13,-5.43775695925388146e-14,-2.14310503111490525e-10,-2.13416213719328878e-10,-2.12643204974944218e-10,-2.18774177047130591e-10,19,2,1,5.76460752303767552e+17
23,3,95,-1.21252654440222616e-10,-1.21762703447099514e-10,-1.21762627765938925e-10,-1.66148423784362503e-10,-1.65176518412951631e-10,-1.66033696092945537e-10,8.57177679993906715e-13,1.14727691416966101e-13,9.71427057686232474e-12,-1.67884900449639074e-10,1.60154598409915746e-12,-2.05782914645629630e-11,-4.92187819532082607e-12,-1.68683739015521527e-10,1.30054531437912561e-12,-2.07286242454361164e-11,-4.99312341648487231e-12,-7.98838565882452430e-13,-3.01000669720031849e-13,-1.50332780873153413e-13,-7.12452211640462331e-14,-1.66033696092945537e-10,-1.62488198091547626e-10,-1.63194595514494066e-10,-1.72202468668409950e-10,19,2,1,5.76460752303767552e+17
24,0,96,-9.68829714288246936e-11,-9.72678733553207415e-11,-9.72677058431434314e-11,-1.31270231344038053e-10,-1.31104282578619787e-10,-1.34718230972385991e-10,3.61394839376620439e-12,3.44799962834793884e-12,7.14622590900465421e-12,-1.34040878547761185e-10,1.60266185242110335e-12,-1.63916649328462945e-11,-3.89882484719281488e-12,-1.34630944153460829e-10,1.43349246610989333e-12,-1.64740989374287110e-11,-3.93448981512759780e-12,-5.90065605699643192e-13,-1.69169386311210017e-13,-8.24340045824165811e-14,-3.56649679347829234e-14,-1.34718230972385991e-10,-1.28857273878949121e-10,-1.35267184165744756e-10,-1.36003499787953775e-10,19,2,1,5.76460752303767552e+17
24,1,97,-7.73185791180243380e-11,-7.77813316312942667e-11,-7.77802584004596627e-11,-1.03571314594906817e-10,-1.03249724348890179e-10,-9.89628178645752550e-11,4.28690648431492363e-12,4.60849673033156167e-12,2.15021633562399275e-12,-1.06882838113717398e-10,1.55754483730210977e-12,-1.30472846017019475e-11,-3.08227077682682394e-12,-1.07597058870993878e-10,1.32914690948660696e-12,-1.31623701500542961e-11,-3.13496343437500552e-12,-7.14220757276480242e-13,-2.28397927815502813e-13,-1.15085548352348635e-13,-5.26926575481815843e-14,-9.89628178645752550e-11,-9.87974043543144512e-11,-9.90753846823031656e-11,-1.00947620689938444e-10,19,2,1,5.76460752303767552e+17
24,2,98,-6.16292914940435430e-11,-6.17533855021370335e-11,-6.17531993162958735e-11,-8.16072079321742857e-11,-8.09264170392087923e-11,-7.72203549319614065e-11,3.70606210724738581e-12,4.38685300021287920e-12,8.83009612991374354e-12,-8.51167450224848894e-11,1.47758273515291481e-12,-1.03771580772867673e-11,-2.43201165845756754e-12,-8.52805760635226871e-11,1.53541791841431911e-12,-1.03498398984233839e-11,-2.41303586608162664e-12,-1.63831041037797674e-13,5.78351832614042945e-14,2.73181788633834878e-14,1.89757923759409022e-14,-7.72203549319614065e-11,-7.83999162695715946e-11,-7.59410821671246592e-11,-8.47711782970384027e-11,19,2,1,5.76460752303767552e+17
24,3,99,-4.90622865434205535e-11,-4.89339138174926502e-11,-4.89333839578880294e-11,-6.42166074717165448e-11,-6.41029622328821105e-11,-5.61592930538545199e-11,7.94366917902759061e-12,8.05731441786202490e-12,9.98237294571797889e-12,-6.76944264319508305e-11,1.37367570910404938e-12,-8.24668605889027592e-12,-1.91532409890852903e-12,-6.74568097268201122e-11,1.59830839651401227e-12,-8.14337634570238100e-12,-1.86126915469425575e-12,2.37616705130718273e-13,2.24632687409962884e-13,1.03309713187894915e-13,5.40549442142732772e-14,-5.61592930538545199e-11,-5.82153886744130912e-11,-6.43014052044931389e-11,-6.61416659995724988e-11,19,2,1,5.76460752303767552e+17
25,0,100,-3.90085152201603160e-11,-3.85040288522426422e-11,-3.85034964312342866e-11,-5.04674511958428456e-11,-4.67527010058998676e-11,-3.99491694025304363e-11,6.80353160336943127e-12,1.05182817933124093e-11,1.28295237350887323e-11,-5.37674215720135945e-11,1.25535534138621665e-12,-6.54799073925589105e-12,-1.50565347031740400e-12,-5.29337817758977249e-11,1.72471589307421060e-12,-6.32907498900783985e-12,-1.39682774989014202e-12,8.33639796115869588e-13,4.69360551687993958e-13,2.18915750248051201e-13,1.08825720427261975e-13,-3.99491694025304363e-11,-4.21420390302688944e-11,-5.27786931376191687e-11,-5.09233765859341761e-11,19,2,1,5.76460752303767552e+17
25,1,101,-3.09755323603252500e-11,-3.00599065293754245e-11,-3.00594541457536173e-11,-3.96129557931361907e-11,-4.01822816838173480e-11,-3.58311293900183403e-11,4.35115229379900763e-12,3.78182640311785032e-12,8.69367407309281876e-12,-4.26495112002063153e-11,1.13043521855424016e-12,-5.19460016942682841e-12,-1.18151380256484601e-12,-4.11702791594028589e-11,1.84178462064366108e-12,-4.86183990445294483e-12,-1.01977953929135156e-12,1.47923204080345636e-12,7.11349402089420917e-13,3.32760264973883589e-13,1.61734263273494445e-13,-3.58311293900183403e-11,-3.44936173771354187e-11,-3.73572551967924969e-11,-4.31872914502282375e-11,19,2,1,5.76460752303767552e+17
25,2,102,-2.45654782396480748e-11,-2.36682569509895029e-11,-2.36696711005514305e-11,-3.10558171889345235e-11,-3.16272104881523959e-11,-3.47107138919034761e-11,3.08350340375108019e-12,3.65489670296895258e-12,6.71403037891976298e-12,-3.37862497101150977e-11,1.00497726673614182e-12,-4.11720431977776922e-12,-9.25569558336167690e-13,-3.23617485763200291e-11,1.58597193013992206e-12,-3.85562369035150664e-12,-8.03928229555578956e-13,1.42450113379506863e-12,5.80994663403780240e-13,2.61580629426262582e-13,1.21641328780588733e-13,-3.47107138919034761e-11,-3.68012510874365676e-11,-3.16275947305427806e-11,-3.00872207085168046e-11,19,2,1,5.76460752303767552e+17
25,3,103,-1.94572076174773120e-11,-1.89476387016259756e-11,-1.89486362270846181e-11,-2.43191145239875454e-11,-2.62606677293863854e-11,-2.82039032896455192e-11,1.94323556025913376e-12,3.88478876565797377e-12,1.08870224296302630e-11,-2.67301669850587405e-11,8.83432080142283984e-13,-3.26026059062716158e-12,-7.23872386130989418e-13,-2.59504383318915051e-11,1.07678236421391937e-12,-3.18833625453937977e-12,-6.97716801350725306e-13,7.79728653167235366e-13,1.93350284071635389e-13,7.19243360877818035e-14,2.61555847802641126e-14,-2.82039032896455192e-11,-2.89417544909947372e-11,-2.23774193953035151e-11,-3.32644418249337781e-11,19,2,1,5.76460752303767552e+17
26,0,104,-1.53917705436140533e-11,-1.51980828816866492e-11,-1.51983272443327970e-11,-1.90226997313257534e-11,-2.18254459952132853e-11,-1.54329206801693962e-11,6.39252531504388911e-12,3.58977905115635723e-12,1.85042965111500839e-11,-2.11205748247499123e-11,7.68861947352558904e-13,-2.57927475918083167e-12,-5.65229311477034473e-13,-2.08544852729964099e-11,7.10277617401856673e-13,-2.61880367824341942e-12,-5.91064690043694472e-13,2.66089551753502409e-13,-5.85843299507022309e-14,-3.95289190625877529e-14,-2.58353785666599984e-14,-1.54329206801693962e-11,-2.04437148766473067e-11,-2.79676177195193261e-11,-9.46332120836924218e-12,19,2,1,5.76460752303767552e+17
26,1,105,-1.21606093563125055e-11,-1.18424168738314682e-11,-1.18416764302337822e-11,-1.48640767382883346e-11,-1.73664616595244888e-11,-9.15762133758145576e-12,8.20884032194303305e-12,5.70645540070687882e-12,1.40661656505237810e-11,-1.66671208965377914e-11,6.63190390633355764e-13,-2.03862028878658474e-12,-4.40681755194512591e-13,-1.61930408415788170e-11,7.51267995581702046e-13,-1.99028103331256664e-12,-4.18582616679734157e-13,4.74080054958974393e-13,8.80776049483462816e-14,4.83392554740180998e-14,2.20991385147784341e-14,-9.15762133758145576e-12,-2.32237869881052367e-11,-1.82184651992736115e-11,-1.79580028468822279e-11,19,2,1,5.76460752303767552e+17
26,2,106,-9.59596192463981832e-12,-9.07469477491276547e-12,-9.07379434984524971e-12,-1.16029438263435849e-11,-1.51373312365136162e-11,-1.46590397434302383e-11,4.78291493083377879e-13,3.05609591708665342e-12,5.81691417957831432e-12,-1.31363979533196075e-11,5.67445223598843123e-13,-1.60978781719850917e-12,-3.43077576732103128e-13,-1.23314976732967289e-11,8.34792563572486097e-13,-1.46810651806267521e-12,-2.74645700050683379e-13,8.04900280022878666e-13,2.67347339973642974e-13,1.41681299135833954e-13,6.84318766814197491e-14,-1.46590397434302383e-11,-1.27509163288920619e-11,-1.02773620994721697e-11,-1.60942762790504840e-11,19,2,1,5.76460752303767552e+17
26,3,107,-7.56305978869185272e-12,-7.31735083986989971e-12,-7.31721031804715746e-12,-9.04872268977535594e-12,-1.33438191915389233e-11,-1.57483773789273195e-11,2.40455818738839622e-12,6.69965468915196361e-12,1.65021633971622175e-11,-1.03410464146096961e-11,4.81977627627539796e-13,-1.26997901097050634e-12,-2.66720798252100375e-13,-9.98461809916226398e-12,5.09785846073157163e-13,-1.25053082361289727e-12,-2.61841707921818450e-13,3.56428315447432094e-13,2.78082184456173672e-14,1.94481873576090634e-14,4.87909033028192479e-15,-1.57483773789273195e-11,-2.19493190749555401e-11,-1.52154572481242709e-11,-5.44715567779332099e-12,19,2,1,5.76460752303767552e+17
27,0,108,-5.95378826508053696e-12,-6.10299706034852308e-12,-6.10156935716473216e-12,-7.05051573893870467e-12,-9.50711074931118059e-12,-7.39845182134234515e-12,2.10865892796883544e-12,3.47936082403640476e-13,1.69504158822464564e-11,-8.13089302349080698e-12,4.06649459267967231e-13,-1.00097658561492757e-12,-2.07085919554856552e-13,-8.40801235402516222e-12,1.40918335713993484e-13,-1.12378017745756005e-12,-2.71836039675540966e-13,-2.77119330534355234e-13,-2.65731123553973747e-13,-1.22803591842632474e-13,-6.47501201206844148e-14,-7.39845182134234515e-12,-1.80454234139337019e-11,-6.23985063317813385e-12,-1.09500753168724713e-12,19,2,1,5.76460752303767552e+17
27,1,109,-4.68153805568591790e-12,-4.82176314531978225e-12,-4.82105638870391816e-12,-5.48903516252644417e-12,-7.21144922330735975e-12,-8.99722803260839081e-12,1.78577880930103106e-12,3.50819287008194664e-12,1.79838398559574813e-11,-6.38575227928704006e-12,3.40987058782314249e-13,-7.88236072208490643e-13,-1.60585693162756002e-13,-6.63437157374838509e-12,1.52860202485626326e-13,-8.63941281862871045e-13,-1.97936015901510398e-13,-2.48619294461345036e-13,-1.88126856296687923e-13,-7.57052096543804021e-14,-3.73503227387543967e-14,-8.99722803260839081e-12,3.67958402012989524e-13,-8.61317484603118956e-13,-1.76158814539444934e-11,19,2,1,5.76460752303767552e+17
27,2,110,-3.67702817717508262e-12,-3.96367510239634580e-12,-3.96232335083011163e-12,-4.27012883655806892e-12,-5.55398705953526611e-12,-1.87842953666834203e-11,1.32303083071481550e-11,1.45141665301253506e-11,9.62609351639277158e-12,-5.00958548938619887e-12,2.84303243102758449e-13,-6.20155835029223400e-13,-1.24382971493408184e-13,-5.48429695950865826e-12,2.39379181615372874e-14,-7.31599364301648416e-13,-1.78856931093073809e-13,-4.74711470122459388e-13,-2.60365324941221161e-13,-1.11443529272425015e-13,-5.44739595996656246e-14,-1.87842953666834203e-11,-9.15820185029064872e-12,-1.41003441221928746e-11,-1.39848230829115976e-11,19,2,1,5.76460752303767552e+17
27,3,111,-2.88492057168917175e-12,-3.82783017977040871e-12,-3.82899061845664207e-12,-3.31959744027736094e-12,-4.68651663843590133e-12,-1.91649160774676058e-11,1.44783994390317045e-11,1.58453186371902449e-11,1.57458153705236437e-11,-3.92576759983448792e-12,2.35790976215109595e-13,-4.87490472748060607e-13,-9.62387367808807401e-14,-5.44952240672798515e-12,-5.04775144200157424e-13,-8.39177876481805462e-13,-2.69631992771767567e-13,-1.52375480689349723e-12,-7.40566120415266968e-13,-3.51687403733744856e-13,-1.73393255990886827e-13,-1.91649160774676058e-11,-1.31097715817224212e-11,-3.41910070694396056e-12,-1.57448267528182833e-11,19,2,1,5.76460752303767552e+17
28,0,112,-2.26107969081178410e-12,-3.77680732689265872e-12,-3.77715037191570535e-12,-2.57905303907947244e-12,-3.43705670625956530e-12,6.89951417216439006e-12,1.03365708784239546e-11,9.47856721124386210e-12,4.07228518650921940e-11,-3.07325718900581179e-12,1.94592917842020922e-13,-3.82879617796993182e-13,-7.43897275532426214e-14,-5.49723143057756983e-12,-8.87718293407320441e-13,-8.96879198838653621e-13,-3.22860380287847097e-13,-2.42397424157175804e-12,-1.08231121124934144e-12,-5.13999581041660438e-13,-2.48470652734604500e-13,6.89951417216439006e-12,5.70775626573267249e-13,-1.40585526236744899e-11,-3.38233376929278031e-11,19,2,1,5.76460752303767552e+17
28,1,113,-1.77035712951414119e-12,-2.47166354975396226e-12,-2.47042736786936395e-12,-2.00261624269270592e-12,4.20120228363555639e-13,7.00286207376296543e-12,6.58274184539940979e-12,9.00547831645567134e-12,2.59917041880223024e-11,-2.40350198578318052e-12,1.59851144951866343e-13,-3.00469626907068201e-13,-5.74501838377656453e-14,-3.47706295971528458e-12,-1.06619053031842987e-13,-3.98709107114776954e-13,-9.13575028801477850e-14,-1.07356097393210405e-12,-2.66470197983709330e-13,-9.82394802077087537e-14,-3.39073190423821397e-14,7.00286207376296543e-12,-6.79701751757022318e-13,5.55099254334686659e-12,-1.89888421142593377e-11,19,2,1,5.76460752303767552e+17
28,2,114,-1.38480327523299471e-12,-1.47030285522726240e-12,-1.47188944501728168e-12,-1.55428698516314743e-12,-9.74217255198642026e-13,-4.18764007175204156e-12,3.21342281655339973e-12,2.63335308658889413e-12,1.75048543686522864e-11,-1.87794263758315698e-12,1.30741050534295826e-13,-2.35610048526199339e-13,-4.43331802456190884e-14,-1.95178588933651520e-12,3.57544128447742983e-13,-1.07445517958636096e-13,2.90025422805872463e-14,-7.38432517533582194e-14,2.26803077913447157e-13,1.28164530567563243e-13,7.33357225262063410e-14,-4.18764007175204156e-12,-6.49579597154931585e-12,-2.77127877921676035e-12,1.10090583971029698e-11,19,2,1,5.76460752303767552e+17
28,3,115,-1.08222583393261109e-12,-1.26545188013835963e-12,-1.26516018608368457e-12,-1.20585543762156815e-12,-9.93970516483269204e-13,5.32713574201105756e-12,6.32110625849432677e-12,6.53299117963262612e-12,2.14799322045974498e-11,-1.46600237383018120e-12,1.06492963924381162e-13,-1.84610270823159338e-13,-3.41878129383045643e-14,-1.71169351578663491e-12,1.66766967863691168e-13,-1.63220660593275572e-13,-2.18315606560207363e-14,-2.45691141956453712e-13,6.02740039393100056e-14,2.13896102298837661e-14,1.23562522822838280e-14,5.32713574201105756e-12,-8.20647066664807272e-12,-1.45899092051155280e-11,-1.61527964625863907e-11,19,2,1,5.76460752303767552e+17
29,0,116,-8.45029766806701571e-13,-6.53691750317222871e-13,-6.53797103402843167e-13,-9.35245054060076135e-13,-4.90013438521258161e-12,9.13041933201515378e-13,5.81317631841409739e-12,1.84828698726159172e-12,2.34893998543989033e-11,-1.14347070705350537e-12,8.64045004058359556e-14,-1.44544585866680617e-13,-2.63491777557375502e-14,-7.92907114576397266e-13,4.02278403981487530e-13,-2.41635147495839433e-15,4.55056720574168148e-14,3.50563592477108106e-13,3.15873903575651549e-13,1.42128234391722222e-13,7.18548498131543586e-14,9.13041933201515378e-13,3.62480301652353028e-12,-6.05064138868439677e-12,1.74387584657145049e-11,19,2,1,5.76460752303767552e+17
29,1,117,-6.59285196224695043e-13,-4.11138251320751219e-13,-4.09601615594984880e-13,-7.25200708657256721e-13,-2.11938080125083508e-12,-1.79656448115332340e-11,1.58462640102823985e-11,1.72404441028759757e-11,4.51327362061284515e-11,-8.91206153370862975e-13,6.98461183142398562e-14,-1.13096183222563831e-13,-2.02986360629281211e-14,-4.65667495520365774e-13,3.49571366675794507e-13,2.94684819316744425e-15,3.55961996695656521e-14,4.25538657850497201e-13,2.79725248361554676e-13,1.16043031415731281e-13,5.58948357324937732e-14,-1.79656448115332340e-11,2.71670913945952143e-11,6.29731269917680817e-12,2.44845185620204028e-12,19,2,1,5.76460752303767552e+17
29,2,118,-5.13979705725116671e-13,-1.17024054843354285e-12,-1.17155165282175231e-12,-5.62251834549256018e-13,-4.40759463640889349e-12,2.94436736603600890e-12,7.35196200244490280e-12,3.50661920058526482e-12,1.76074823451501982e-11,-6.94096797654462742e-13,5.62618687825821495e-14,-8.84324243068507116e-14,-1.56323305063939626e-14,-1.74456647236325849e-12,-4.57457077454180738e-13,-3.69688895034454356e-13,-1.59099057752779276e-13,-1.05046967470879575e-12,-5.13718946236762862e-13,-2.81256470727603644e-13,-1.43466727246385326e-13,2.94436736603600890e-12,7.69093084010652639e-12,-1.29388262024785065e-13,-9.91655150504367183e-12,19,2,1,5.76460752303767552e+17
29,3,119,-4.00419546575585473e-13,-7.34515865140451007e-13,-7.35295755848565554e-13,-4.35894309880978350e-13,-1.00105155320660982e-12,-3.14043135733810031e-12,2.13937980413149049e-12,2.70453704745712201e-12,1.49371967043256888e-11,-5.40228891572547082e-13,4.51668918144977199e-14,-6.91052310378555435e-14,-1.20362973099955359e-14,-1.05713503701499977e-12,-1.28249128111306849e-13,-1.59976437390113271e-13,-5.17431129852182457e-14,-5.16906145442452691e-13,-1.73416019925804582e-13,-9.08712063522577270e-14,-3.97068156752227098e-14,-3.14043135733810031e-12,2.45388081623434495e-12,1.17967653469875885e-11,-2.65831042350408430e-12,19,2,1,5.76460752303767552e+17
30,0,120,-3.11750892880279484e-13,-7.00198524517430527e-13,-6.98722085995969328e-13,-3.37945997175626182e-13,-2.15183670839180301e-12,-2.26132861879749817e-11,2.04614494795831787e-11,2.22753401907993553e-11,1.76203816722449532e-11,-4.20222995377552336e-13,3.61428447549753443e-14,-5.39716199791696935e-14,-9.26683860747152801e-15,-1.02263166548675230e-12,-1.69568495801869464e-13,-1.59451208853440872e-13,-5.66160259831041884e-14,-6.02408670109200013e-13,-2.05711340556844796e-13,-1.05479588874271185e-13,-4.73491873756326635e-14,-2.26132861879749817e-11,-1.35904675025092299e-11,-1.17323434001108648e-11,-4.99290451573002845e-12,19,2,1,5.76460752303767552e+17
30,1,121,-2.42577713880875498e-13,-1.64146320445811635e-12,-1.64037654136095835e-12,-2.62039892521528194e-13,-1.02498127146464316e-13,-8.38145340809014460e-12,8.27895528094368023e-12,8.11941351556861595e-12,4.52609360089839292e-11,-3.26704808865489772e-13,2.88321471164856249e-14,-4.21303800511703214e-14,-7.13507776471465676e-15,-2.55892317385261000e-12,-9.78273513921139347e-13,-5.47173534715713393e-13,-2.54186620684347037e-13,-2.23221836498712028e-12,-1.00710566103762491e-12,-5.05043154664543103e-13,-2.47051542919632364e-13,-8.38145340809014460e-12,2.19124888190818036e-11,3.26918308179123790e-11,-1.25691051910715518e-11,19,2,1,5.76460752303767552e+17
30,2,122,-1.88657270525145967e-13,-1.67030952838552919e-12,-1.66808932295729023e-12,-2.03226116693672178e-13,3.38509858464832652e-12,1.18304812782734189e-11,8.44538269362509275e-12,1.20337073949670912e-11,3.44562166572001501e-11,-2.53884082015556018e-13,2.29316819785533679e-14,-3.28716732550513191e-14,-5.49483262721467385e-15,-2.59120283893478206e-12,-9.05368379180293015e-13,-4.80455050162916942e-13,-2.14827568036351304e-13,-2.33731875691922614e-12,-9.28300061158846421e-13,-4.47583376907865604e-13,-2.09332735409136634e-13,1.18304812782734189e-11,-8.70699321772863014e-12,-1.59966470086314289e-11,-2.26257353789267312e-11,19,2,1,5.76460752303767552e+17
30,3,123,-1.46657867369702619e-13,-6.88699255104435488e-13,-6.89332644892106067e-13,-1.57659846459291931e-13,3.86815360199667091e-12,1.98507543688752846e-11,1.59826007668786137e-11,2.00084142153345775e-11,2.01144000378939961e-11,-1.97220093828409816e-13,1.81864027831441252e-14,-2.56369686625081280e-14,-4.23311389306969361e-15,-9.91657012105593104e-13,-4.16984077746984456e-14,-3.57991487701459296e-14,8.11847482653796665e-15,-7.94436918277183313e-13,-5.98848105578425708e-14,-1.01621801076378015e-14,1.23515887196076603e-14,1.98507543688752846e-11,-2.63645669018711436e-13,1.65622495559901449e-11,1.80658196256395577e-11,19,2,1,5.76460752303767552e+17
31,0,124,-1.13966445955864824e-13,4.72982992890003967e-13,4.72129816020303297e-13,-1.22356982634091592e-13,1.14073275368693958e-11,-1.31198311778605288e-11,2.45271587147299246e-11,1.29974741952264372e-11,2.14037985226656572e-11,-1.53156343050546909e-13,1.43831466058363330e-14,-1.99872293059201255e-14,-3.26269546269809754e-15,8.70731428172019829e-13,8.13110159147287282e-13,3.76893475192330054e-13,2.04290233551249243e-13,1.02388777122256676e-12,7.98727012541450980e-13,3.96880704498250198e-13,2.07552929013947344e-13,-1.31198311778605288e-11,-1.64910598026152213e-12,8.28396734480512842e-12,1.06375188956766887e-13,19,2,1,5.76460752303767552e+17
31,1,125,-8.85360108449867489e-14,-2.60983135374088632e-13,-2.60974988094479367e-13,-9.50031196300195076e-14,-9.25660554470667894e-13,3.72313019939468593e-11,3.81569625484175260e-11,3.73263051135768820e-11,5.34913817443232392e-11,-1.18910473878654208e-13,1.13448437807771787e-14,-1.55776824597206666e-14,-2.51631631552820875e-15,-3.57611053213205231e-13,7.19869820867299981e-15,-5.10325636262949842e-14,-2.40167805746506557e-14,-2.38700579334551023e-13,-4.14614557210417893e-15,-3.54548811665743176e-14,-2.15004642591224474e-14,3.72313019939468593e-11,-1.62600797503763766e-11,-3.30639639832696589e-12,1.55928911114973610e-11,19,2,1,5.76460752303767552e+17
31,2,126,-6.87648336873895466e-14,1.65259889232232162e-12,1.65197527799059001e-12,-7.38043876800345496e-14,6.61897267639771021e-12,3.01783069232199367e-11,2.35593342468222265e-11,3.02521113108999718e-11,4.00600853001870358e-11,-9.23082032605704269e-14,8.92523173207717308e-15,-1.21378350846347023e-14,-1.94216418551493608e-15,2.72160009705893479e-12,1.50896579338285457e-12,7.11497063473554794e-13,3.59914264114960049e-13,2.81390830031950528e-12,1.50004056165077739e-12,7.23634898558189476e-13,3.61856428300474970e-13,3.01783069232199367e-11,1.22381799513488624e-11,-9.82182288497137420e-12,3.02382624152156600e-11,19,2,1,5.76460752303767552e+17
31,3,127,-5.34009653588414423e-14,2.78602314362030700e-12,2.78619148623500973e-12,-5.73711384705875100e-14,-2.91211012039881215e-12,-2.00654610618357689e-11,1.71533509414369560e-11,2.00080899233651799e-11,1.84111337296306203e-11,-7.16522388234472972e-14,7.00412212856153691e-15,-9.45566298463303823e-15,-1.50036405185996742e-15,4.49453388721065648e-12,2.13983883538460517e-12,1.00233139928843649e-12,4.89188430514669516e-13,4.56618612603410394e-12,2.13283471325604369e-12,1.01178706227306958e-12,4.90688794566529463e-13,-2.00654610618357689e-11,-2.19621874611788050e-11,-3.55105373154818471e-12,-6.79474862866844940e-12,19,2,1,5.76460752303767552e+17
32,0,128,-4.14668688682493057e-14,1.16593949969663140e-12,1.16508257988836579e-12,-4.46273520268202596e-14,-3.04253314583132896e-12,-3.15920848603016726e-12,1.16675340198838305e-13,3.11458113400334689e-12,3.25253375894222727e-11,-5.56189732602441233e-14,5.48322967069272777e-15,-7.36511690761969408e-15,-1.16025264524566508e-15,1.80201462067557928e-12,4.87885155184874084e-13,1.59002114432464443e-13,5.30047371014974699e-14,1.85763359393582351e-12,4.82401925514181350e-13,1.66367231340084148e-13,5.41649897467431332e-14,-3.15920848603016726e-12,-3.56845460754524432e-11,-2.02225287129567422e-11,-2.39998806195917179e-11,19,2,1,5.76460752303767552e+17
32,1,129,-3.22000218397111888e-14,7.29911847556546764e-13,7.29765652344103378e-13,-3.47401579707462313e-14,-4.32119650207896196e-12,-1.06691271810802054e-11,6.34793067900124345e-12,1.06343870231094591e-11,2.78695148770727289e-11,-4.31771905358659678e-14,4.28254374355327060e-15,-5.73626134235060789e-15,-8.98266547282097420e-16,1.08374466041879364e-12,1.24832961916676592e-13,1.85319718752045234e-14,-5.61940077440707994e-15,1.12692185095465959e-12,1.20550418173123328e-13,2.42682332175551305e-14,-4.72113422712498252e-15,-1.06691271810802054e-11,-2.70400297627324330e-11,-3.11535163156144681e-12,-3.09848665086341765e-11,19,2,1,5.76460752303767552e+17
32,2,130,-2.50061727022187188e-14,1.78649539330228126e-14,1.85071933023458691e-14,-2.70650640287055160e-14,-4.28991424278530512e-12,-1.75385222493029484e-11,1.32486080065176441e-11,1.75114571852742438e-11,4.58638495147248485e-11,-3.35241863239989339e-14,3.33720727303863713e-15,-4.46750026877853731e-15,-6.96308336860560564e-16,-6.32473820315509399e-14,-3.94953987848295573e-13,-2.07167009574364720e-13,-1.10506483416214294e-13,-2.97231957075520059e-14,-3.98291195121334234e-13,-2.02699509305586177e-13,-1.09810175079353728e-13,-1.75385222493029484e-11,2.83253272654219033e-11,1.04251133382110378e-11,-1.17337992178762716e-11,19,2,1,5.76460752303767552e+17
32,3,131,-1.94226068033879731e-14,-8.73311408495127162e-13,-8.69826556185585301e-13,-2.11034339136109839e-14,-2.99812439323709396e-12,-5.78174227850992450e-12,2.78361788527283054e-12,5.76063884459631352e-12,7.84670684642763691e-11,-2.60356426937325797e-14,2.59485768459128737e-15,-3.47945515498137660e-15,-5.40484467602824117e-16,-1.48021621403481622e-12,-9.79377253181843366e-13,-4.68941155579044018e-13,-2.33263972587202839e-13,-1.45418057134108359e-12,-9.81972110866434726e-13,-4.65461700424062633e-13,-2.32723488119600017e-13,-5.78174227850992450e-12,3.44877977404060220e-12,-4.63252616775635319e-11,3.21418067867128436e-11,19,2,1,5.76460752303767552e+17
33,0,132,-1.50893183546111507e-14,-9.77590780354632244e-13,-9.78117988110735483e-13,-1.64695055423082217e-14,2.22219268721514794e-12,-4.04151372048289627e-11,4.26373298920441130e-11,4.03986676992866543e-11,5.10451791969388598e-11,-2.02263488378090307e-14,2.01338069436538257e-15,-2.71014940512446586e-15,-4.20131675696306497e-16,-1.60664523664040900e-12,-8.51371881937052371e-13,-3.78866470531292213e-13,-1.79042292218305584e-13,-1.58641888780260006e-12,-8.53385262631417768e-13,-3.76156321126167772e-13,-1.78622160542609267e-13,-4.04151372048289627e-11,-2.71316728721419533e-11,-2.97991249079062298e-11,1.06300419921098971e-11,19,2,1,5.76460752303767552e+17
33,1,133,-1.17264166180514023e-14,-2.76373525919297047e-12,-2.76433252531263917e-12,-1.28648307056825543e-14,-7.88861005776478669e-12,-2.08016248258703963e-12,5.80844757517774707e-12,2.06729765188135702e-12,4.34505682387119954e-11,-1.57194611510579278e-14,1.55902712805911497e-15,-2.11122455358276404e-15,-3.27066945173206013e-16,-4.45810529732237595e-12,-2.13793809431021129e-12,-1.01809719515941365e-12,-4.96629907418968089e-13,-4.44238583617131775e-12,-2.13949712143827042e-12,-1.01598597060583089e-12,-4.96302840473794918e-13,-2.08016248258703963e-12,-4.19037413651794639e-11,-3.71609932669266266e-12,-4.55307307212990366e-11,19,2,1,5.76460752303767552e+17
33,2,134,-9.11644068166770260e-15,-2.24503828468832799e-12,-2.24547827323372913e-12,-1.00584812307833885e-14,1.50743966236135000e-12,1.70405139591786428e-12,1.96611733556514274e-13,1.71410987714864767e-12,2.11046123245626180e-11,-1.22224763149715825e-14,1.20484480319082639e-15,-1.64497026971598989e-15,-2.55010398649802145e-16,-3.54728386022389058e-12,-1.37518497027787130e-12,-6.12137482249117267e-13,-2.78304055274089501e-13,-3.53506138390891904e-12,-1.37638981508106205e-12,-6.10492511979401273e-13,-2.78049044875439722e-13,1.70405139591786428e-12,1.98686046411243672e-11,-1.23600768343825075e-12,7.84104648117170722e-12,19,2,1,5.76460752303767552e+17
33,3,135,-7.09053331917348978e-15,-1.63978598868392217e-12,-1.63875770131480344e-12,-7.87173095538966933e-15,-5.69710232080032260e-13,-2.34733339632256013e-11,2.29036237311455677e-11,2.34654622322702109e-11,5.79550501614700741e-11,-9.50847386098694443e-15,9.29380816504046322e-16,-1.28199550389970445e-15,-1.99141735433239452e-16,-2.52773506531000147e-12,-7.26327779875990325e-13,-3.04352015028685035e-13,-1.26011713632319724e-13,-2.51822659144901468e-12,-7.27257160692494394e-13,-3.03070019524785356e-13,-1.25812571896886476e-13,-2.34733339632256013e-11,-9.17639906279478914e-12,-3.20225609407354573e-11,2.59324892207346135e-11,19,2,1,5.76460752303767552e+17
34,0,136,-5.51764445886367056e-15,-2.40822821552443839e-12,-2.40743343819162996e-12,-6.16620824190566469e-15,1.24347616258857092e-11,2.46229610299719958e-11,1.21881994040862865e-11,2.46291272382139026e-11,8.90021859399892596e-11,-7.40148919102144909e-15,7.15613679822529700e-16,-9.99404150957434043e-16,-1.55759650988184441e-16,-3.75594218647132810e-12,-1.32471061648091844e-12,-6.35412403068873079e-13,-2.98689573088140913e-13,-3.74854069728030699e-12,-1.32542623016074105e-12,-6.34412998917915619e-13,-2.98533813437152741e-13,2.46229610299719958e-11,-4.20802543954171640e-11,-6.43792249100172638e-11,-2.44713531186403145e-11,19,2,1,5.76460752303767552e+17
34,1,137,-4.29610976152492449e-15,-6.21653512603602847e-13,-6.20327226733419332e-13,-4.83473710454524050e-15,9.33195988542402636e-12,5.69429805080647372e-11,4.76110206226407141e-11,5.69478152451692831e-11,8.69734592271943943e-11,-5.76511978250209416e-15,5.50079183096720033e-16,-7.79367268174032912e-16,-1.22020555463480614e-16,-8.40418341180070017e-13,2.33787587131289268e-13,1.36557476701568310e-13,9.20520300006644325e-14,-8.34653221397567875e-13,2.33237507948192556e-13,1.37336843969742336e-13,9.21740505561279075e-14,5.69429805080647372e-11,-4.55457602182253178e-12,-3.00304787191296571e-11,-5.74780387277404003e-12,19,2,1,5.76460752303767552e+17
34,2,138,-3.34708870259865727e-15,2.37035349753663745e-12,2.36997687065724461e-12,-3.79425946451948781e-15,7.51474712057734599e-12,-1.06710846589039479e-11,1.81858317794812955e-11,1.06672903994394285e-11,9.96127499019164805e-11,-4.49365887711738860e-15,4.22158313358622881e-16,-6.08006643455848073e-16,-9.57382751690501740e-17,3.96904024196603128e-12,2.48690914523296365e-12,1.21877634373104865e-12,6.18723258179985615e-13,3.97353390084314884e-12,2.48648698691960488e-12,1.21938435037450449e-12,6.18818996455154654e-13,-1.06710846589039479e-11,8.89416652430125359e-11,6.40335135083882510e-12,1.11833784715285490e-11,19,2,1,5.76460752303767552e+17
34,3,139,-2.60945660639592351e-15,1.33918128615074876e-12,1.33966283320355038e-12,-2.98036713124550810e-15,4.27233705803910247e-13,-4.17939541419746663e-12,4.60662912000137667e-12,4.17641504706622105e-12,7.63170952855812868e-11,-3.50520248361738892e-15,3.23499819751602654e-16,-4.74522554525812950e-16,-7.52305949395685294e-17,2.20297493312186375e-12,1.13892940092781870e-12,4.73679437034852002e-13,2.15585352843420693e-13,2.20648013560548112e-12,1.13860590110806719e-12,4.74153959589377828e-13,2.15660583438360250e-13,-4.17939541419746663e-12,1.02050139624973115e-11,-2.21126711893617198e-11,-6.61120813230839754e-11,19,2,1,5.76460752303767552e+17
35,0,140,-2.03583212629174534e-15,8.38390294155280729e-13,8.34943338157965210e-13,-2.34307808532999526e-15,4.25526657766569408e-13,1.38646519467206584e-11,1.34391252889540886e-11,1.38669950248059883e-11,6.52552692633362748e-11,-2.73629517312403236e-15,2.47553963090590159e-16,-3.70512848967956805e-16,-5.92017397416304401e-17,1.34290467078617004e-12,5.25568195629016107e-13,1.75315434282717202e-13,6.90351673961637576e-14,1.34564096595929402e-12,5.25320641665925510e-13,1.75685947131685155e-13,6.90943691359053871e-14,1.38646519467206584e-11,2.44695342483525647e-11,-4.07857350149837134e-11,-2.30885779596504312e-11,19,2,1,5.76460752303767552e+17
35,1,141,-1.58949039415988645e-15,1.33277376468083557e-12,1.33453225788713711e-12,-1.84357407821476375e-15,1.27177659811561588e-11,1.23244325536679520e-11,3.93333427488206800e-13,1.23262761277461662e-11,3.73816922652507521e-11,-2.13777445442845569e-15,1.89197559206525756e-16,-2.89441773577438256e-16,-4.66524044344068983e-17,2.11810897435401674e-12,8.55346143414211908e-13,3.68417638734345384e-13,1.73427453528500049e-13,2.12024674880844524e-12,8.55156945855005341e-13,3.68707080507922845e-13,1.73474105932934451e-13,1.23244325536679520e-11,-8.38913799589645027e-12,-1.09668438364245452e-11,-2.50572597115827969e-11,19,2,1,5.76460752303767552e+17
35,2,142,-1.24196623812924085e-15,1.63593521086767524e-12,1.63662148210152044e-12,-1.45168059564162696e-15,1.00007645730629649e-11,-7.84670034468793565e-12,1.78474649177509005e-11,7.84524866409229436e-12,6.13135965954925584e-11,-1.67154772870914699e-15,1.44433593438623467e-16,-2.26225903772288356e-16,-3.68108821467804873e-17,2.57942075730146506e-12,9.90812289274742261e-13,4.49365114028509753e-13,2.12779719421179183e-13,2.58109230503017414e-12,9.90667855681303669e-13,4.49591339932282051e-13,2.12816530303325956e-13,-7.84670034468793565e-12,3.62261623980907655e-11,2.35932306075689255e-11,-2.50874341974017928e-11,19,2,1,5.76460752303767552e+17
35,3,143,-9.71194501412107059e-16,8.67104570353238619e-13,8.68390484807689147e-13,-1.14391991530762565e-15,8.19366202497512602e-12,3.57214341962724216e-11,2.75277721712972956e-11,3.57225781161877299e-11,8.17778616263654975e-11,-1.30809412484682606e-15,1.10151451921718917e-16,-1.76911560096535290e-16,-2.90803404883803010e-17,1.30871190082399919e-12,2.57875211895944765e-13,9.26788582039865620e-14,3.14642803965492685e-14,1.31001999494884593e-12,2.57765060444023047e-13,9.28557697640830930e-14,3.14933607370376483e-14,3.57214341962724216e-11,-4.56980687900770358e-11,-3.32666090476133941e-11,3.60797928362884616e-11,19,2,1,5.76460752303767552e+17
36,0,144,-7.60067992296930153e-16,2.42145404295064551e-12,2.42105422523904034e-12,-9.02006488845807629e-16,1.78162180091255509e-11,4.68400830872290255e-11,2.90238650781034746e-11,4.68409850937178734e-11,1.09686700810908722e-10,-1.02452924696058721e-15,8.39362033310130419e-17,-1.38423640667292188e-16,-2.29984498334407739e-17,3.82061732124674835e-12,1.54433764839117846e-12,7.63147781555909774e-13,3.72683258846603191e-13,3.82164185049370860e-12,1.54425371218784749e-12,7.63286205196577112e-13,3.72706257296436632e-13,4.68400830872290255e-11,-6.22486001158326323e-11,-1.73018110655894444e-11,4.74381006950760963e-11,19,2,1,5.76460752303767552e+17
36,1,145,-5.95319873582700747e-16,4.17859618567176828e-12,4.17843484496875467e-12,-7.11683684187517036e-16,-1.60087767195690412e-11,3.49996197701057013e-11,5.10083964896747457e-11,3.50003314537898873e-11,6.45720932451826306e-11,-8.03106680652806316e-16,6.39174026192484034e-17,-1.08370157615549875e-16,-1.82064565718349588e-17,6.62159813014727485e-12,2.77851092522617954e-12,1.36681394331592765e-12,6.61662687556642754e-13,6.62240123682792791e-12,2.77844700782356029e-12,1.36692231347354323e-12,6.61680894013214561e-13,3.49996197701057013e-11,1.89696283044685190e-11,3.72358133783297345e-11,-2.73362798668528928e-11,19,2,1,5.76460752303767552e+17
36,2,146,-4.66657883961227921e-16,4.94782725657364387e-12,4.94813760590092210e-12,-5.61823974655441926e-16,-1.36930725759577950e-11,-3.94701934575964913e-12,9.74605323019814585e-12,3.94645752178499404e-12,6.45387868876222746e-11,-6.30058112595482019e-16,4.86496109892955608e-17,-8.48901903387529336e-17,-1.44254769250729478e-17,7.78980110933258894e-12,3.04030115004962209e-12,1.46935973762677407e-12,6.92756138184431938e-13,7.79043116744518400e-12,3.04025250043863264e-12,1.46944462781711291e-12,6.92770563661357043e-13,-3.94701934575964913e-12,1.43097535539430392e-11,-5.02290333336792321e-11,7.20870140457701345e-12,19,2,1,5.76460752303767552e+17
36,3,147,-3.66093884688406095e-16,3.60091029632140344e-12,3.60023054615165308e-12,-4.43732473049857560e-16,-2.26437436746409349e-11,2.08922001490196168e-11,4.35359438236605484e-11,2.08926438814926670e-11,6.04138619571225319e-11,-4.94695790162038835e-16,3.70182706959522317e-17,-6.65356557889611259e-17,-1.14383106529341407e-17,5.53611934306266084e-12,1.60819553699433415e-12,7.45088411320643709e-13,3.18247574560570746e-13,5.53661403885282328e-12,1.60815851872363830e-12,7.45154946976432658e-13,3.18259012871223689e-13,2.08922001490196168e-11,-2.99827621268913810e-11,-1.46380011715139292e-11,-3.95216618081029119e-11,19,2,1,5.76460752303767552e+17
37,0,148,-2.87424801524862872e-16,3.76920138356650428e-12,3.77028540298287332e-12,-3.50607461111487173e-16,-3.98393306547650398e-11,-2.06302531026522333e-11,1.92090775521128065e-11,2.06299024951911203e-11,1.06665068345556951e-10,-3.88718105104980357e-16,2.81657753120174943e-17,-5.21794024106378438e-17,-9.07547523553154308e-18,5.78603758188623141e-12,1.69716030864303754e-12,8.31383375247446624e-13,3.71152942395707904e-13,5.78642629999133671e-12,1.69713214286772553e-12,8.31435554649857272e-13,3.71162017870943450e-13,-2.06302531026522333e-11,-2.82913486239065696e-11,1.73168998174415703e-11,-8.93481685281153840e-11,19,2,1,5.76460752303767552e+17
37,1,149,-2.25830842779693750e-16,1.84077955602966108e-12,1.84103816572941787e-12,-2.77122175974441377e-16,-3.58360664523563774e-11,-1.70358223490442192e-12,3.41324842174519555e-11,1.70330511272844740e-12,8.19118148103295266e-11,-3.05672370539543450e-16,2.14335698783231655e-17,-4.09437834910824857e-17,-7.20446817540403183e-18,2.65129963543735084e-12,8.94400091917114134e-14,5.35238653744361358e-14,-1.59753256944351645e-14,2.65160530780789024e-12,8.94185756218330856e-14,5.35648091579272204e-14,-1.59681212262597606e-14,-1.70358223490442192e-12,-3.15570647496191988e-11,-8.36153970452339485e-11,-6.76603258031335697e-11,19,2,1,5.76460752303767552e+17
37,2,150,-1.77564518005277854e-16,1.27784761628591508e-12,1.27807082623631442e-12,-2.19100297759866260e-16,-3.44927204373024031e-11,-6.06271516467902843e-11,2.61344312094878812e-11,6.06269325464925247e-11,7.63533270208356469e-11,-2.40539195276160735e-16,1.63169319957943202e-17,-3.21451554878630945e-17,-5.72149979674627761e-18,1.77980435945787593e-12,-1.36677632995214500e-13,-5.26321481832824568e-15,-2.79072272130496954e-14,1.78004489865315201e-12,-1.36693949927210281e-13,-5.23106966284038291e-15,-2.79015057132529484e-14,-6.06271516467902843e-11,-2.95839757580561500e-11,1.57261753740453658e-11,-4.14338998912617336e-11,19,2,1,5.76460752303767552e+17
37,3,151,-1.39709930076148441e-16,-2.06679498862357862e-12,-2.06542947799781130e-12,-1.73263889649275221e-16,-3.76725613436033779e-11,-1.16166402122390065e-11,2.60559211313643714e-11,1.16164669483493566e-11,8.16905784700142106e-11,-1.89410889859961454e-16,1.24297522812817404e-17,-2.52507546273415292e-17,-4.54511819507561007e-18,-3.57964720357316942e-12,-2.60733286717035099e-12,-1.21173448216401306e-12,-6.22299811806921881e-13,-3.57945779268330932e-12,-2.60734529692263236e-12,-1.21170923140938580e-12,-6.22295266688726780e-13,-1.16166402122390065e-11,-9.13542659119352181e-11,-5.22947826342924874e-11,-9.33072186822532139e-11,19,2,1,5.76460752303767552e+17
38,0,152,-1.09996436967174885e-16,-2.22644315810742998e-12,-2.22682787123933573e-12,-1.37037401568143589e-16,-1.91185071003786276e-11,-8.72632229087148780e-11,6.81447158083362471e-11,8.72630858713133040e-11,1.14154977390773781e-10,-1.49242571688611708e-16,9.47717518065815660e-18,-1.98451916629423015e-17,-3.61128481081636051e-18,-3.71526383292543056e-12,-2.13137366691658116e-12,-9.10429859090000139e-13,-4.40748258505484360e-13,-3.71511459035374215e-12,-2.13138314409176186e-12,-9.10410013898337276e-13,-4.40744647220673552e-13,-8.72632229087148780e-11,-3.78314617859098158e-12,2.66999929435570511e-11,-8.74549844472167238e-11,19,2,1,5.76460752303767552e+17
38,1,153,-8.66543697342799226e-17,-6.06843365931321714e-12,-6.06869497437923579e-12,-1.08395092512357289e-16,-1.83630188627313610e-11,8.16881673844111995e-11,1.00051186247142560e-10,8.16882757795037159e-11,1.90141975269176241e-10,-1.17659469726799270e-16,7.23440014477585382e-18,-1.56044181101542446e-17,-2.86956345606665584e-18,-9.82655768575682709e-12,-4.80872560975099907e-12,-2.24651343705870869e-12,-1.10095332324762976e-12,-9.82644002628710020e-12,-4.80873284415114349e-12,-2.24649783264059838e-12,-1.10095045368417372e-12,8.16881673844111995e-11,-6.72615503087237978e-11,8.14719145513259569e-11,1.22880424960452443e-10,19,2,1,5.76460752303767552e+17
38,2,154,-6.83032782621998320e-17,-6.66848760228456342e-13,-6.67849011492925438e-13,-8.57421104463397964e-17,-5.30226453274771678e-12,-8.70886345667588812e-11,8.17863700340111669e-11,8.70885488246484400e-11,1.90970817027011855e-10,-9.28076735927019965e-17,5.53029679768399800e-18,-1.22754952571371454e-17,-2.28016518633760610e-18,-9.24766191772099206e-13,3.54130358810087474e-13,3.78226374939483360e-13,2.45724149472248025e-13,-9.24673384098506572e-13,3.54124828513289777e-13,3.78238650434740503e-13,2.45726429637434381e-13,-8.70886345667588812e-11,1.03882182460252974e-10,8.07477860686761345e-11,2.93988104184373920e-11,19,2,1,5.76460752303767552e+17
38,3,155,-5.38653349099187862e-17,-4.79312154302345629e-12,-4.79190185358244054e-12,-6.78216903132643958e-17,-2.11323212791791124e-11,1.18233366193591289e-10,1.39365687472770404e-10,1.18233434015281613e-10,2.03294473027011060e-10,-7.32384700786378949e-17,4.23477136877839724e-18,-9.66086939957606641e-18,-1.81165205482509498e-18,-7.60459199471181451e-12,-3.17380484659452169e-12,-1.50915134575148896e-12,-7.39713130221869404e-13,-7.60451875624173615e-12,-3.17380908136589037e-12,-1.50914168488208942e-12,-7.39711318569814616e-13,1.18233366193591289e-10,-8.50611068334197711e-11,1.87708350883882106e-11,2.04136255346475516e-11,19,2,1,5.76460752303767552e+17
39,0,156,-4.24981978394451509e-17,2.16318683570237213e-12,2.16374934175991388e-12,-5.36426423845961946e-17,2.73281237694865515e-11,-4.45046014808408153e-11,7.18327252503273700e-11,4.45045478381984282e-11,3.14489836627812404e-10,-5.78186519721781646e-17,3.24904825819606542e-18,-7.60614629149483941e-18,-1.43914901294391696e-18,3.72945867156723498e-12,2.86082787104987777e-12,1.51896002685859005e-12,7.98574586779773398e-13,3.72951649021920726e-12,2.86082462200161948e-12,1.51896763300488163e-12,7.98576025928786345e-13,-4.45046014808408153e-11,5.83251473866324291e-11,-1.67482752138596811e-10,1.47007084489215593e-10,19,2,1,5.76460752303767552e+17
39,1,157,-3.35429294629228633e-17,-4.74663299490985247e-13,-4.77231430053296740e-13,-4.24226224295749019e-17,-2.48034927166490949e-11,1.07085340920486961e-10,1.31888833637136062e-10,1.07085383343109393e-10,2.88182580288536880e-10,-4.56609169500802868e-17,2.49821094130869429e-18,-5.99058292939376209e-18,-1.14294846260858851e-18,-6.46291645254866106e-13,6.98435611134381649e-14,-2.28411984674969766e-14,-2.74415552818973984e-14,-6.46245984337916017e-13,6.98410629024968552e-14,-2.28352078845675821e-14,-2.74404123334347896e-14,1.07085340920486961e-10,-1.31334641239931011e-10,-1.81097239368049919e-10,-1.99790721411639283e-11,19,2,1,5.76460752303767552e+17
39,2,158,-2.64835659409212988e-17,4.95578454500580043e-12,4.95561442382596803e-12,-3.35436924203177881e-17,-2.08590945415755519e-12,-3.51568917479932359e-11,3.30709822938356790e-11,3.51568582043008160e-11,5.73096472768732389e-11,-3.60698131231190995e-17,1.92548941464730464e-18,-4.71968972559840713e-18,-9.07418844726917448e-19,8.10708477394452860e-12,4.36185136873131030e-12,2.12337945515125865e-12,1.05562254309539414e-12,8.10712084375765119e-12,4.36184944324189534e-12,2.12338417484098439e-12,1.05562345051423883e-12,-3.51568917479932359e-11,-9.12546279847538506e-11,-5.55022741323571018e-11,-3.39449807078806117e-11,19,2,1,5.76460752303767552e+17
39,3,159,-2.09157070344952311e-17,2.12458973111097952e-12,2.12457791716529767e-12,-2.65174653231972013e-17,-2.75977549506812883e-11,3.48600142897857620e-11,6.24577692404670471e-11,3.48600408072510853e-11,1.21089325265549181e-10,-2.84997216890993888e-17,1.48789437776750629e-18,-3.71947199709960644e-18,-7.20149162376837725e-19,3.37349780689910601e-12,1.28183178942941092e-12,4.91664499639433082e-13,1.96990773860858544e-13,3.37352630662079517e-12,1.28183030153503312e-12,4.91668219111430213e-13,1.96991494010020929e-13,3.48600142897857620e-11,-2.44620907568248205e-11,-8.62293109757634195e-11,-6.00966998030357069e-11,19,2,1,5.76460752303767552e+17
40,0,160,-1.65220931634550684e-17,3.35896500734459251e-12,3.35849844558612002e-12,-2.09577334871310243e-17,-7.13542799235272880e-11,1.05226884786770687e-10,1.76581164710297975e-10,1.05226905744504180e-10,1.95103793037986295e-10,-2.25221652917859350e-17,1.15288732858300954e-18,-2.93194517789524251e-18,-5.71277007497549704e-19,5.32026610730457034e-12,2.12687116803684053e-12,9.60608542688030200e-13,4.48104856747972579e-13,5.32028862946986204e-12,2.12687001514951182e-12,9.60611474633208130e-13,4.48105428024980093e-13,1.05226884786770687e-10,1.13610962496330684e-10,-8.14928305416556105e-11,8.30699955836438616e-11,19,2,1,5.76460752303767552e+17
40,1,161,-1.30535980771330296e-17,7.79126608199047542e-12,7.79113293346688041e-12,-1.65589483982834590e-17,-3.35528611879467510e-11,-1.08963492125714913e-10,7.54106309377681623e-11,1.08963475566766514e-10,1.55081775536051080e-10,-1.78003467027697149e-17,8.95845597866787844e-19,-2.31164002355586870e-18,-4.52959643883031749e-19,1.24188920736438941e-11,5.44697099293193305e-12,2.63744538831791764e-12,1.28335140850089010e-12,1.24189098739905965e-11,5.44697009708633487e-12,2.63744769995794114e-12,1.28335186146053391e-12,-1.08963492125714913e-10,2.02581113540137743e-11,-2.52787975248896411e-11,4.61182834103361541e-11,19,2,1,5.76460752303767552e+17
40,2,162,-1.03144219782433576e-17,6.15635275278953423e-13,6.16179718362590934e-13,-1.30792817704461317e-17,-7.51550664519932362e-11,4.25518255801697584e-11,1.17706892032162995e-10,4.25518386594515315e-11,2.16584450829375911e-10,-1.40692978500275276e-17,6.98136004343211144e-19,-1.82287758867913070e-18,-3.58956876728316955e-19,6.60280602400964058e-13,-1.11729729021800214e-12,-6.97764971049422242e-13,-4.24414465976170541e-13,6.60294671698814041e-13,-1.11729798835400657e-12,-6.97763148171833556e-13,-4.24414107019293826e-13,4.25518255801697584e-11,1.03922396774801470e-10,2.71979040558628370e-11,-1.12662054054574441e-10,19,2,1,5.76460752303767552e+17
40,3,163,-8.15054516923202453e-18,2.51255582389124998e-12,2.51073079659079187e-12,-1.03272784122124348e-17,-4.36743875734732830e-11,5.06121615142344446e-11,9.42865490877077276e-11,5.06121718415128542e-11,2.14437621267574654e-10,-1.11203861133080535e-17,5.45653449316166961e-19,-1.43764302440012797e-18,-2.84301478546511239e-19,3.79016429692483423e-12,8.67430937475535272e-13,4.41893397862664951e-13,2.00290814667001348e-13,3.79017541731094756e-12,8.67430391822085941e-13,4.41894835505689368e-13,2.00291098968479903e-13,5.06121615142344446e-11,1.31592211223285488e-10,-1.77904610305749012e-11,-8.28454100442891791e-11,19,2,1,5.76460752303767552e+17
41,0,164,-6.44071481817962261e-18,4.39994560149105680e-12,4.39964472008636210e-12,-8.15132875621514554e-18,-6.50916108321067610e-11,-1.76468327462801229e-10,1.11376716630694468e-10,1.76468319311472460e-10,2.76978423550102544e-11,-8.78920799861350006e-18,4.27713933247891259e-19,-1.13392545527230029e-18,-2.25038350947097038e-19,6.84728568992267947e-12,2.45134488707825979e-12,1.26153444019386989e-12,6.09033485713325293e-13,6.84729447913067801e-12,2.45134445936432640e-12,1.26153557411932524e-12,6.09033710751676231e-13,-1.76468327462801229e-10,-1.63950487247444841e-10,-1.91062100971265660e-10,-1.63364258616255406e-10,19,2,1,5.76460752303767552e+17
41,1,165,-5.08940157384416857e-18,-5.37398343010962030e-12,-5.37533335065892225e-12,-6.43135773502898362e-18,-6.84693453814063634e-11,-9.59430780306689362e-11,2.74737326492625727e-11,9.59430715993112004e-11,2.30506248554415602e-10,-6.94611894483910028e-18,3.36217196974297209e-19,-8.94420832270399634e-19,-1.78017767453298734e-19,-8.99131290931350888e-12,-5.65849079338333393e-12,-2.81481731753328940e-12,-1.44928988612009968e-12,-8.99130596319456360e-12,-5.65849112960053088e-12,-2.81481642311245732e-12,-1.44928970810233225e-12,-9.59430780306689362e-11,-2.12413693562654947e-10,-2.63394125725095078e-10,-3.28878771706794634e-11,19,2,1,5.76460752303767552e+17
41,2,166,-4.02128954871097612e-18,-8.98240919060721615e-12,-8.98312931488454918e-12,-5.07225790458317981e-18,-5.55917373090483446e-11,6.60803195210520954e-11,1.21672056830100433e-10,6.60803245933100018e-11,1.59297360684704474e-10,-5.48881688332852657e-18,2.65014081847093881e-19,-7.05517646959864206e-19,-1.40731257505091119e-19,-1.46018708006299052e-11,-7.40482025431374739e-12,-3.51017316005468971e-12,-1.71557439473034841e-12,-1.46018653118130220e-11,-7.40482051932782851e-12,-3.51017245453704282e-12,-1.71557425399909086e-12,6.60803195210520954e-11,-9.32170411636523788e-11,-3.07274426082402283e-11,-5.33908957023569148e-11,19,2,1,5.76460752303767552e+17
41,3,167,-3.17696116722906820e-18,-3.71345873386745844e-12,-3.71146321076285393e-12,-3.99869686428973712e-18,-3.92815815142202275e-11,-4.29617074391083461e-13,3.88519644398291440e-11,4.29613075694219187e-13,2.20427550515490818e-10,-4.33652766181542642e-18,2.09429044821531188e-19,-5.56503225355917757e-19,-1.11181178989988708e-19,-5.81930703511446370e-12,-1.87258184166305051e-12,-6.44286878376833471e-13,-2.28924758931440269e-13,-5.81930269858680191e-12,-1.87258205109209536e-12,-6.44286321873608143e-13,-2.28924647750261298e-13,-4.29617074391083461e-13,-2.11284260628699681e-10,9.14328988679113029e-12,-1.25979767788039449e-11,19,2,1,5.76460752303767552e+17
42,0,168,-2.50951412726145569e-18,-2.85987200771623838e-12,-2.86016474443709781e-12,-3.15100866091354508e-18,-6.94374961826758689e-11,-3.01907113268850167e-10,2.32469617086174285e-10,3.01907110117841488e-10,4.46626932982216489e-10,-3.42544134206456370e-18,1.65900065476467998e-19,-4.38942157748824462e-19,-8.77769556964132840e-20,-4.37407697856674439e-12,-1.03823219625340453e-12,-3.44593170361508443e-13,-1.17743924572841165e-13,-4.37407355312540197e-12,-1.03823236215346995e-12,-3.44592731419350701e-13,-1.17743836795885480e-13,-3.01907113268850167e-10,1.44719819713366297e-10,-1.09987372295989103e-10,-1.34350639062155845e-10,19,2,1,5.76460752303767552e+17
42,1,169,-1.98190632369944818e-18,-1.71096840334669631e-11,-1.71090679255816085e-11,-2.48194104579042991e-18,-8.32683184928518112e-11,8.94439747858327328e-11,1.72712293278684557e-10,8.94439772677737756e-11,4.26027454324246133e-10,-2.70512645392145212e-18,1.31707235725755177e-19,-3.46189161426421513e-19,-6.92524561805904185e-20,-2.73849630617763448e-11,-1.25842541654996766e-11,-6.21614793937964470e-12,-3.07702481382990458e-12,-2.73849603566498914e-11,-1.25842542972069119e-11,-6.21614759319048335e-12,-3.07702474457744826e-12,8.94439747858327328e-11,1.61996922468525959e-10,-2.64030531855720200e-10,-2.99108987082612678e-11,19,2,1,5.76460752303767552e+17
42,2,170,-1.56486994900385958e-18,-8.79459289271613475e-12,-8.79583874230733652e-12,-1.95407908258679429e-18,-3.89693813710824448e-11,-1.89678124713516653e-10,1.50708743342434208e-10,1.89678122759437570e-10,4.40757329293451409e-10,-2.13570975162861950e-18,1.04768251472383635e-19,-2.73007013238249697e-19,-5.46001601998540962e-20,-1.35683957548523233e-11,-3.98325456438043339e-12,-1.71561330077023307e-12,-7.03750205981627877e-13,-1.35683936191425715e-11,-3.98325466914868458e-12,-1.71561302776321978e-12,-7.03750151381467647e-13,-1.89678124713516653e-10,2.51079204579934731e-10,3.13169024184373875e-11,-5.56839858297255129e-11,19,2,1,5.76460752303767552e+17
42,3,171,-1.23527113384093492e-18,-1.60760843330019013e-11,-1.60763537713591326e-11,-1.53780368852238265e-18,-6.45177033029348525e-11,3.98101370411774040e-11,1.04327840344112263e-10,3.98101385789810937e-11,4.52508626822999362e-10,-1.68565588766175870e-18,8.34843144848851099e-20,-2.15266667928338731e-19,-4.30186733446358331e-20,-2.52621552857254399e-11,-9.72025510262295905e-12,-4.73310006847174171e-12,-2.25348796758140358e-12,-2.52621536000695520e-11,-9.72025518610727389e-12,-4.73309985320507406e-12,-2.25348792456273037e-12,3.98101370411774040e-11,3.45317768767158533e-10,-2.83171630477781616e-11,-1.07190858055840829e-10,19,2,1,5.76460752303767552e+17
43,0,172,-9.74818747970939877e-19,-1.03552052752789610e-11,-1.03540580436501077e-11,-1.20967356616581188e-18,4.21146212883376574e-11,-1.27115235347097204e-10,1.69229856635434861e-10,1.27115234137423649e-10,1.63980274441921813e-10,-1.33001778903946611e-18,6.66239806162141778e-20,-1.69711714132644862e-19,-3.38708673872624497e-20,-1.57815612506379606e-11,-4.03824622795854992e-12,-1.86218349590308353e-12,-7.66928648731287777e-13,-1.57815599206201699e-11,-4.03824629458253039e-12,-1.86218332619136944e-12,-7.66928614860420413e-13,-1.27115235347097204e-10,-5.34392203533622589e-11,-2.17419494795284078e-10,-1.55316305467001920e-10,19,2,1,5.76460752303767552e+17
43,1,173,-7.69047140028820044e-19,-1.41292409213960688e-11,-1.41280292498324397e-11,-9.51142450570127387e-19,3.60647313711359626e-12,-1.92301462241659706e-10,1.95907935378773294e-10,1.92301461290517264e-10,2.08378816998900797e-10,-1.04905677495238340e-18,5.32355507764077954e-20,-1.33773236679567754e-19,-2.66504873222909915e-20,-2.18550026264637922e-11,-7.15326979611798944e-12,-3.57367505772007842e-12,-1.66010546485802645e-12,-2.18550015774070182e-11,-7.15326984935354036e-12,-3.57367492394684164e-12,-1.66010543820753919e-12,-1.92301462241659706e-10,-2.93509575735174486e-11,1.60773547572410913e-11,1.05155899258528095e-11,19,2,1,5.76460752303767552e+17
43,2,174,-6.06514037052546743e-19,-2.02826188533794508e-11,-2.02839698087013980e-11,-7.47542057656541804e-19,3.03042608312236371e-11,-2.28043926108398374e-10,2.58348186939622031e-10,2.28043925360856307e-10,4.76046311105725337e-10,-8.27153429949213526e-19,4.25809210519973251e-20,-1.05424202149905426e-19,-2.09555100522430146e-20,-3.16919804540761460e-11,-1.16779523231666366e-11,-5.85858226201782475e-12,-2.77866554030265004e-12,-3.16919796269227141e-11,-1.16779523657475584e-11,-5.85858215659362256e-12,-2.77866551934713994e-12,-2.28043926108398374e-10,-9.32876369056893074e-11,-1.97121313745881491e-10,2.48002384997326963e-10,19,2,1,5.76460752303767552e+17
43,3,175,-4.78167616530381890e-19,-2.68053308033814579e-11,-2.68033485405774334e-11,-5.87275662104797312e-19,5.90771070798117573e-11,-3.09929907129453043e-11,9.00700977927570551e-11,3.09929901256696424e-11,4.51870548647999222e-10,-6.51947360491797316e-19,3.40855633775628539e-20,-8.30648588307642451e-20,-1.64668903423692039e-20,-4.19959762014600263e-11,-1.58296805371065128e-11,-7.86501470870748687e-12,-3.71630780659898590e-12,-4.19959755495126634e-11,-1.58296805711920765e-11,-7.86501462564262853e-12,-3.71630779013209545e-12,-3.09929907129453043e-11,1.30297870004224751e-11,3.19515066707098810e-12,4.20877557935053912e-10,19,2,1,5.76460752303767552e+17
44,0,176,-3.76846727771558195e-19,-2.20628319440491018e-11,-2.20633377450609743e-11,-4.61178702977636528e-19,1.05559441771660743e-10,-7.44109793362331714e-11,1.79970421107893927e-10,7.44109788750544665e-11,1.52029420474872595e-10,-5.13657307452272768e-19,2.73006331072948638e-20,-6.54324927693907544e-20,-1.29316072546991836e-20,-3.39829165650553661e-11,-1.03760044661996905e-11,-5.04879710250323755e-12,-2.22943799369564043e-12,-3.39829160513980614e-11,-1.03760044935003229e-11,-5.04879703707074452e-12,-2.22943798076403309e-12,-7.44109793362331714e-11,4.29894669599841694e-11,2.19154384493231034e-11,7.76184411386394361e-11,19,2,1,5.76460752303767552e+17
44,1,177,-2.96886010431022126e-19,-2.04580068121620650e-11,-2.04587457353926796e-11,-3.62011872700259677e-19,8.65859976656980429e-11,-2.91407918998934591e-11,1.15726789565591502e-10,2.91407915378815863e-11,4.10145391606129786e-10,-4.04543506955263719e-19,2.18741982003052431e-20,-5.15303252636017478e-20,-1.01491444544201685e-20,-3.12506586310344927e-11,-8.63590420836254193e-12,-4.31490551131346522e-12,-1.88571991663070584e-12,-3.12506582264909832e-11,-8.63590423023674031e-12,-4.31490545978313986e-12,-1.88571990648156121e-12,-2.91407918998934591e-11,1.82945252838068531e-10,-2.27200138768061255e-10,-1.95516914732893735e-10,19,2,1,5.76460752303767552e+17
44,2,178,-2.33803726480345013e-19,-1.69460449255430352e-11,-1.69464877075320792e-11,-2.84059305030302157e-19,1.00075107981629338e-10,-1.12203587614681810e-10,2.12278695596311136e-10,1.12203587330622508e-10,7.60312197260427765e-10,-3.18482338967786219e-19,1.75293357001442617e-20,-4.05714642681714973e-20,-7.96071275265824220e-21,-2.55226099030053123e-11,-5.73440793680935066e-12,-3.00690708250925151e-12,-1.25567830530533994e-12,-2.55226095845229727e-11,-5.73440795433868674e-12,-3.00690704193778730e-12,-1.25567829734462723e-12,-1.12203587614681810e-10,4.82268758393852432e-10,6.48108609645746006e-10,2.55435273288776562e-10,19,2,1,5.76460752303767552e+17
44,3,179,-1.84054866991866001e-19,-1.83242372993674729e-11,-1.83247528016911173e-11,-2.22810143296711615e-19,1.21208445335681125e-10,7.42302688322711603e-10,6.21094242987030504e-10,7.42302688545521697e-10,9.28651732520094190e-10,-2.50629681603218693e-19,1.40474051671850326e-20,-3.19347030125110544e-20,-6.24066251879965629e-21,-2.78113187742831171e-11,-7.29182483141792058e-12,-3.94176174124226460e-12,-1.76012208074863764e-12,-2.78113185236534370e-11,-7.29182484546532631e-12,-3.94176170930756119e-12,-1.76012207450797512e-12,7.42302688322711603e-10,-1.56746859552436738e-10,-1.86349044197382535e-10,2.93826054790658797e-10,19,2,1,5.76460752303767552e+17
45,0,180,-1.44835810223705156e-19,2.28886666756747901e-11,2.28881876754863429e-11,-1.74706257234875585e-19,1.53013265357887642e-10,-5.19520408002738882e-11,2.04965306158161517e-10,5.19520406255676301e-11,2.79175624755454353e-10,-1.97154389804679579e-19,1.12552316812276272e-20,-2.51296480663184681e-20,-4.88964460349558492e-21,3.87767195618196570e-11,2.58877268817838966e-11,1.26058283761033124e-11,6.52040892863017407e-12,3.87767197589740460e-11,2.58877268705286665e-11,1.26058284012329609e-11,6.52040893351981881e-12,-5.19520408002738882e-11,2.20823047310954357e-10,1.20935300428763150e-11,-5.83525774444999960e-11,19,2,1,5.76460752303767552e+17
45,1,181,-1.13929719974091592e-19,1.55523632049191345e-11,1.55521041035055303e-11,-1.36942433061208729e-19,7.46945734238792563e-11,8.44285725659076439e-11,9.73399914202838757e-12,8.44285727028500826e-11,1.34561280095945365e-10,-1.55027242703661113e-19,9.01524786009463400e-21,-1.97691984432388443e-20,-3.82916700038664100e-21,2.58340929710309559e-11,1.43430863720773087e-11,6.06708414833872891e-12,2.88414191931966205e-12,2.58340931260581995e-11,1.43430863630620611e-11,6.06708416810792712e-12,2.88414192314882893e-12,8.44285725659076439e-11,4.21965689013562212e-11,4.77957215910323972e-11,-5.01327075300377146e-11,19,2,1,5.76460752303767552e+17
45,2,182,-8.95841593126040077e-20,1.63707561143037212e-11,1.63706571430822049e-11,-1.07308181877861007e-19,9.58319281381081641e-11,6.62570107170492997e-11,2.95749174210588643e-11,6.62570108243574760e-11,3.59252886883536995e-10,-1.21853789562725099e-19,7.21788145100472871e-21,-1.55478199604553749e-20,-2.99726523753917321e-21,2.65022796541810860e-11,1.22027620359976534e-11,5.02064726437105513e-12,2.33507551441431850e-12,2.65022797760348747e-11,1.22027620287797723e-11,5.02064727991887521e-12,2.33507551741158362e-12,6.62570107170492997e-11,3.75128770346952586e-11,1.23298839248065920e-10,-2.35954047635471076e-10,19,2,1,5.76460752303767552e+17
45,3,183,-7.04141914943672183e-20,1.59731277995592615e-11,1.59737221560568418e-11,-8.40625495243801652e-20,8.45518320556079590e-11,-4.38999611646505288e-11,1.28451793220258501e-10,4.38999610805879824e-11,4.70512067729859967e-10,-9.57419525193105655e-20,5.77565239207770805e-21,-1.22243905329567001e-20,-2.34506105773766926e-21,2.53584231712541404e-11,9.92428346631358391e-12,4.06658481253184986e-12,1.86629448759966586e-12,2.53584232669960925e-11,9.92428346053793100e-12,4.06658482475623999e-12,1.86629448994472693e-12,-4.38999611646505288e-11,-6.62054872334585277e-11,2.71484885911508598e-10,4.04306580496401413e-10,19,2,1,5.76460752303767552e+17
46,0,184,-5.53256535691086467e-20,1.01128769613010056e-11,1.01123858692702891e-11,-6.58350876079605190e-20,5.20348899072715596e-11,-3.03357322575157878e-10,3.55392212482429425e-10,3.03357322509322780e-10,6.84916708223464482e-10,-7.51971575844877969e-20,4.61857583962576000e-21,-9.60865226949074926e-21,-1.83402919274294879e-21,1.55400104674360238e-11,3.96858824069641971e-12,1.33962674620417617e-12,5.21453646785345364e-13,1.55400105426331812e-11,3.96858823607784383e-12,1.33962675581282835e-12,5.21453648619374520e-13,-3.03357322575157878e-10,2.62909532627492118e-10,3.81559385648306604e-10,-1.13375626401722625e-10,19,2,1,5.76460752303767552e+17
46,1,185,-4.34544017938882474e-20,-7.34448814573089348e-12,-7.34480503890888331e-12,-5.15475562125652890e-20,8.24658535223395130e-11,-8.20923717728724859e-11,1.64558225295211999e-10,8.20923717213249295e-11,3.98340107109982382e-10,-5.90392744022979988e-20,3.69056680968204219e-21,-7.55051065246565345e-21,-1.43382823978579288e-21,-1.27622912102029813e-11,-1.01322758179323016e-11,-5.36924871614515840e-12,-2.77131891300220418e-12,-1.27622911511637066e-11,-1.01322758216228681e-11,-5.36924870859464812e-12,-2.77131891156837585e-12,-8.20923717728724859e-11,-1.13993083939863099e-10,2.54159002826868620e-10,-1.44181104283113736e-10,19,2,1,5.76460752303767552e+17
46,2,186,-3.41182060741365461e-20,-9.95132338178483667e-12,-9.95095835241019357e-12,-4.03520492759800444e-20,1.22550819378420028e-10,1.17991875834828260e-10,4.55894354359176797e-12,1.17991875875180302e-10,4.42220315973800399e-10,-4.63368367218852213e-20,2.94661626304813805e-21,-5.93158181315658213e-21,-1.12058062162744322e-21,-1.65668214786105290e-11,-9.85768278956742571e-12,-4.70405655240026617e-12,-2.26721122578564860e-12,-1.65668214322736935e-11,-9.85768279251404177e-12,-4.70405654646868405e-12,-2.26721122466506808e-12,1.17991875834828260e-10,-2.08308292442100067e-10,1.24922100777012280e-10,2.33912023531700332e-10,19,2,1,5.76460752303767552e+17
46,3,187,-2.67786637589763837e-20,-1.97585704113004570e-12,-1.97633604336436175e-12,-3.15821236560720570e-20,1.22559926477471485e-10,-1.46997194069925046e-10,2.69557120547396531e-10,1.46997194038342928e-10,2.94754152024247775e-10,-3.63549570807919082e-20,2.35056401513839843e-21,-4.65851539127997927e-21,-8.75509798909020090e-22,-3.27737602097871521e-12,-1.43745158272620882e-12,-2.75730795498185571e-13,6.05794396461429283e-15,-3.27737598462375813e-12,-1.43745158507677279e-12,-2.75730790839670160e-13,6.05794484012409167e-15,-1.46997194069925046e-10,1.00895291124102525e-10,1.47756957954322728e-10,-2.22123892463449680e-11,19,2,1,5.76460752303767552e+17
47,0,188,-2.10110506701142875e-20,-8.81750392227055216e-12,-8.81931328044648853e-12,-2.47142198919479999e-20,7.92257542729549314e-11,2.05579265257843478e-10,1.26353510984888547e-10,2.05579265282557696e-10,2.74884836534855978e-10,-2.85140938694448631e-20,1.87333551461402543e-21,-3.65772006626601516e-21,-6.83861458189552754e-22,-1.42344823873167750e-11,-6.71002988573177883e-12,-3.05309601410009699e-12,-1.45818640933482854e-12,-1.42344823588026815e-11,-6.71002988760511431e-12,-3.05309601044237702e-12,-1.45818640865096707e-12,2.05579265257843478e-10,7.82931094072694573e-11,9.26124722662500225e-11,-6.93055712770124733e-11,19,2,1,5.76460752303767552e+17
47,1,189,-1.64804601582666495e-20,3.34248141448257231e-12,3.34382198737080121e-12,-1.93372242075805647e-20,1.04030505184640609e-10,-2.07076798591101583e-10,3.11107303775742205e-10,2.07076798571764349e-10,7.88149921967058832e-10,-2.23574183361870192e-20,1.49154084375589958e-21,-2.87119733241792815e-21,-5.34050242681440055e-22,5.66071151090085761e-12,4.18888864653596103e-12,2.41415765137733866e-12,1.30163741558723698e-12,5.66071153325827568e-12,4.18888864504442029e-12,2.41415765424853588e-12,1.30163741612128728e-12,-2.07076798591101583e-10,-3.97561085899828623e-10,-1.03282383572346936e-10,3.90588836067230208e-10,19,2,1,5.76460752303767552e+17
47,2,190,-1.29229234999543823e-20,-7.59701784646425267e-12,-7.59701867794750818e-12,-1.51284672567322523e-20,6.62023025563168950e-11,-6.37801293145724073e-11,1.29982431870889315e-10,6.37801292994439460e-11,6.76142526082535282e-10,-1.75249958711606255e-20,1.18635788231506429e-21,-2.25325097613503509e-21,-4.16985462858503060e-22,-1.21553205077166353e-11,-5.57281378046201305e-12,-2.74723190305015872e-12,-1.38824301441173867e-12,-1.21553204901916395e-11,-5.57281378164837099e-12,-2.74723190079690783e-12,-1.38824301399475320e-12,-6.37801293145724073e-11,4.46489283897198512e-10,-2.29653242185336822e-10,-2.61651093458582883e-12,19,2,1,5.76460752303767552e+17
47,3,191,-1.01304761116091815e-20,-9.02743590026090097e-12,-9.02958885822428549e-12,-1.18348091814513088e-20,1.26832319503311554e-10,1.68016524877292857e-10,4.11842053739813033e-11,1.68016524889127666e-10,2.47742945672858026e-10,-1.37333657771890241e-20,9.42639404694882776e-22,-1.76788853877389426e-21,-3.25538711741203207e-22,-1.43000662131587305e-11,-5.89778643209424304e-12,-2.82538596568465266e-12,-1.36056528441302762e-12,-1.43000661994253642e-11,-5.89778643303688240e-12,-2.82538596391676413e-12,-1.36056528408748883e-12,1.68016524877292857e-10,1.04151216295564119e-10,-7.97264207955651688e-11,-4.33542326780350152e-11,19,2,1,5.76460752303767552e+17
48,0,192,-7.93934884315811380e-21,1.37276549492487035e-12,1.37128254069775508e-12,-9.25774159790188866e-21,1.47476449363443182e-10,1.94380208860877982e-10,4.69037594974347996e-11,1.94380208870135736e-10,4.52384264889343105e-10,-1.07593969417166109e-20,7.48197404467485641e-22,-1.38676958944369625e-21,-2.54123888461194115e-22,2.67345140214160381e-12,3.25564637398448645e-12,1.77647439188449094e-12,9.75798962783912124e-13,2.67345141290100094e-12,3.25564637323628907e-12,1.77647439327126045e-12,9.75798963038036104e-13,1.94380208860877982e-10,-2.50728299289102367e-10,-8.07171428642075932e-11,2.01655965600240712e-10,19,2,1,5.76460752303767552e+17
48,1,193,-6.22063381355014629e-21,1.07834973760622348e-11,1.07844264756072046e-11,-7.24166011668434205e-21,1.44966734154919225e-10,4.11566467417713507e-11,1.03810087413147874e-10,4.11566467490130133e-11,4.97285442964231918e-10,-8.42752933351071082e-21,5.93228242841023568e-22,-1.08758606801488873e-21,-1.98366183603200595e-22,1.77357534283309515e-11,9.96196378215055862e-12,4.90758239336576041e-12,2.45647125526691407e-12,1.77357534367584808e-11,9.96196378155733118e-12,4.90758239445334621e-12,2.45647125546528030e-12,4.11566467417713507e-11,-4.56128796222460619e-10,-1.32473663020401955e-10,-3.40769874950676993e-10,19,2,1,5.76460752303767552e+17
48,2,194,-4.87290916557973581e-21,1.04674262595022739e-11,1.04684761122560520e-11,-5.66463786659244701e-21,8.15006143380121792e-11,1.39273954139520937e-10,5.77733398015087582e-11,1.39273954145185574e-10,7.58309492561812316e-10,-6.59969567003517716e-21,4.69850103059164670e-22,-8.52784003396718860e-22,-1.54841405616253091e-22,1.68592313103120368e-11,7.82806851371863226e-12,3.59017903019952182e-12,1.68909232367155072e-12,1.68592313169117329e-11,7.82806851324878236e-12,3.59017903105230586e-12,1.68909232382639222e-12,1.39273954139520937e-10,1.21359575647364396e-10,7.76265848269319441e-10,1.79563557075071568e-11,19,2,1,5.76460752303767552e+17
48,3,195,-3.81641408790143636e-21,1.49987860456604929e-11,1.50008575667837618e-11,-4.43117069956426985e-21,1.28485841201198304e-10,-4.85542239785549147e-11,1.77040065179753219e-10,4.85542239741237469e-11,8.66887072387393038e-10,-5.16736390350799003e-21,3.71730298714489854e-22,-6.68554913840993855e-22,-1.20870873821449693e-22,2.39068083556838317e-11,1.02664939312058774e-11,4.78272195714895485e-12,2.26470771821872310e-12,2.39068083608511967e-11,1.02664939308341469e-11,4.78272195781750985e-12,2.26470771833959406e-12,-4.85542239785549147e-11,-3.13806369773684817e-10,-2.06337215960510246e-10,5.53080702613708273e-10,19,2,1,5.76460752303767552e+17
49,0,196,-2.98845027943936581e-21,9.16099321846440192e-12,9.16104561814167179e-12,-3.46647585024957294e-21,-1.47275888599584671e-10,6.72326669239199439e-10,8.19602557838784136e-10,6.72326669242665947e-10,1.06377162776648492e-09,-4.04525724259373531e-21,2.93784675488222156e-22,-5.24040216212353691e-22,-9.43601663968537040e-23,1.41498836123044343e-11,4.13066981372254679e-12,1.69677876252395477e-12,6.84506578066841511e-13,1.41498836163496917e-11,4.13066981342876197e-12,1.69677876304799490e-12,6.84506578161201695e-13,6.72326669239199439e-10,1.87250212717856176e-10,-8.21378006926484845e-11,9.81633827073836332e-10,19,2,1,5.76460752303767552e+17
49,1,197,-2.33975330405933483e-21,4.02476927008814184e-11,4.02488057741390435e-11,-2.71201380349364017e-21,2.22194169731787152e-11,-8.39846383214557299e-10,8.62065800187735989e-10,8.39846383211845284e-10,1.12155574112160030e-09,-3.16640050864839743e-21,2.31934994478953771e-22,-4.10703846396022316e-22,-7.36724485263002681e-23,6.43045033250929492e-11,2.90962347880355234e-11,1.43675347539032809e-11,7.06937714479504383e-12,6.43045033282593448e-11,2.90962347878035897e-11,1.43675347543139842e-11,7.06937714486871622e-12,-8.39846383214557299e-10,1.25683250233190307e-10,2.81709357907043000e-10,1.09993767124798338e-10,19,2,1,5.76460752303767552e+17
49,2,198,-1.83163063394781272e-21,-1.04935195018157212e-11,-1.04939241771118294e-11,-2.12197275685129390e-21,-1.16012715552706322e-10,7.78323728696843095e-11,1.93845088422390645e-10,7.78323728718062863e-11,9.15658268573796867e-10,-2.47821467094802120e-21,1.82913038754601475e-22,-3.21837683040879817e-22,-5.75290427883098818e-23,-1.85607694800548207e-11,-1.61615887537385850e-11,-8.69943665115278041e-12,-4.72925113078154669e-12,-1.85607694775766070e-11,-1.61615887539214986e-11,-8.69943665083094253e-12,-4.72925113072401725e-12,7.78323728696843095e-11,3.39984571364144584e-10,-7.94304699074619128e-11,8.36227798666334980e-10,19,2,1,5.76460752303767552e+17
49,3,199,-1.43370548647374490e-21,-4.63266889903702410e-12,-4.63294618937873173e-12,-1.66051014552474403e-21,3.65369840391415221e-11,4.86986895997839050e-10,4.50449911958697509e-10,4.86986895999499512e-10,8.16898546047235133e-10,-1.93943934053031081e-21,1.44102428644025553e-22,-2.52171792311970938e-22,-4.49314418945062788e-23,-8.43009129636381220e-12,-7.47051316282129308e-12,-3.42700227271057201e-12,-1.70365882762187028e-12,-8.43009129442437254e-12,-7.47051316296539537e-12,-3.42700227245840026e-12,-1.70365882757693879e-12,4.86986895997839050e-10,3.27634233672933961e-10,1.14453277972016909e-09,4.95682114693575389e-10,19,2,1,5.76460752303767552e+17
