block,within_block_sample,u_semantic,bootstrap_scale,scaled_input_abs_max,num_iterations,iterative_precision_bits,u_pre_0,u_pre_1,u_pre_2,u_pre_3,u_post_0,u_post_1,u_post_2,u_post_3,e_u_pre,e_u_boot,e_u_total,max_slot_spread,before_reduction_level,before_reduction_towers,before_reduction_noiseScaleDegree,before_reduction_scalingFactor,before_bootstrap_level,before_bootstrap_towers,before_bootstrap_noiseScaleDegree,before_bootstrap_scalingFactor,after_bootstrap_level,after_bootstrap_towers,after_bootstrap_noiseScaleDegree,after_bootstrap_scalingFactor,bootstrap_ms,fresh_probe_enabled,e_B_prod,e_B_fresh,fresh_bootstrap_ms
0,0,5.97519082627747875e-02,1.00000000000000000e+00,5.97519082627774659e-02,2,18,5.97519082627751344e-02,5.97519082627711584e-02,5.97519082627774659e-02,5.97519082627740589e-02,5.97519082629196160e-02,5.97519082631342291e-02,5.97519082630951701e-02,5.97519082631504245e-02,3.62904151174348044e-15,3.76365605347928067e-13,3.75637021488017808e-13,2.30808427925666138e-13,1,20,1,5.76460752303439872e+17,19,2,1,5.76460752303439872e+17,16,5,2,3.32306998945331719e+35,5.42964363000000048e+02,0,3.76365605347928067e-13,nan,0.00000000000000000e+00
0,1,-5.00386380946316378e-01,1.00000000000000000e+00,5.00386380946318043e-01,2,18,-5.00386380946318043e-01,-5.00386380946313269e-01,-5.00386380946318043e-01,-5.00386380946313936e-01,-5.00386380948189879e-01,-5.00386380948240617e-01,-5.00386380948153908e-01,-5.00386380948298570e-01,3.10862446895043831e-15,1.98463467881992983e-12,1.98219218816575449e-12,1.44662060108657897e-13,1,20,1,5.76460752303439872e+17,19,2,1,5.76460752303439872e+17,16,5,2,3.32306998945331719e+35,5.29857041999999979e+02,0,1.98463467881992983e-12,nan,0.00000000000000000e+00
0,2,-3.81110471075004065e-01,1.00000000000000000e+00,3.81110471074999346e-01,2,18,-3.81110471074995238e-01,-3.81110471074999346e-01,-3.81110471074997681e-01,-3.81110471074992019e-01,-3.81110471076325397e-01,-3.81110471076239909e-01,-3.81110471076408663e-01,-3.81110471076107349e-01,1.20459198171829485e-14,1.41098244199611145e-12,1.40459865960451680e-12,3.01314528883267485e-13,1,20,1,5.76460752303439872e+17,19,2,1,5.76460752303439872e+17,16,5,2,3.32306998945331719e+35,5.35897127999999952e+02,0,1.41098244199611145e-12,nan,0.00000000000000000e+00
0,3,-3.84685388081327795e-01,1.00000000000000000e+00,3.84685388081329627e-01,2,18,-3.84685388081327628e-01,-3.84685388081319191e-01,-3.84685388081329627e-01,-3.84685388081328072e-01,-3.84685388082675939e-01,-3.84685388082842750e-01,-3.84685388082803836e-01,-3.84685388082774915e-01,8.60422844084496319e-15,1.52355905669310232e-12,1.51495482825225736e-12,1.66811009449929770e-13,1,20,1,5.76460752303439872e+17,19,2,1,5.76460752303439872e+17,16,5,2,3.32306998945331719e+35,5.39013402000000042e+02,0,1.52355905669310232e-12,nan,0.00000000000000000e+00
1,0,-3.33722736288918076e-01,1.00000000000000000e+00,3.33722736289087551e-01,2,18,-3.33722736288893373e-01,-3.33722736288906308e-01,-3.33722736289087551e-01,-3.33722736288826594e-01,-3.33722736290529176e-01,-3.33722736290422484e-01,-3.33722736290267719e-01,-3.33722736290552713e-01,1.69475544709030146e-13,1.72611924753596213e-12,1.63463687030684923e-12,2.84994250421277684e-13,19,2,1,5.76460752303767552e+17,19,2,1,5.76460752303767552e+17,16,5,2,3.32306998945331719e+35,4.82563140999999973e+02,0,1.72611924753596213e-12,nan,0.00000000000000000e+00
1,1,-3.02406983930168904e-01,1.00000000000000000e+00,3.02406983930213424e-01,2,18,-3.02406983930213424e-01,-3.02406983929991435e-01,-3.02406983930197770e-01,-3.02406983930137319e-01,-3.02406983931459095e-01,-3.02406983931395090e-01,-3.02406983931225504e-01,-3.02406983931717610e-01,1.77469150486331273e-13,1.58029145325144782e-12,1.54870560820086212e-12,4.92106355665100637e-13,19,2,1,5.76460752303767552e+17,19,2,1,5.76460752303767552e+17,16,5,2,3.32306998945331719e+35,4.98690024999999991e+02,0,1.58029145325144782e-12,nan,0.00000000000000000e+00
1,2,-2.59386855035630526e-01,1.00000000000000000e+00,2.59386855035766362e-01,2,18,-2.59386855035766362e-01,-2.59386855035760089e-01,-2.59386855035533770e-01,-2.59386855035709241e-01,-2.59386855036593089e-01,-2.59386855036928377e-01,-2.59386855036869091e-01,-2.59386855036945918e-01,1.35835787062887903e-13,1.33532074286790703e-12,1.31539223957588547e-12,3.52828877225874749e-13,19,2,1,5.76460752303767552e+17,19,2,1,5.76460752303767552e+17,16,5,2,3.32306998945331719e+35,4.91290257999999994e+02,0,1.33532074286790703e-12,nan,0.00000000000000000e+00
1,3,-2.26573858838563846e-01,1.00000000000000000e+00,2.26573858838696879e-01,2,18,-2.26573858838696879e-01,-2.26573858838489378e-01,-2.26573858838649361e-01,-2.26573858838612391e-01,-2.26573858839821063e-01,-2.26573858839768522e-01,-2.26573858839429598e-01,-2.26573858839743042e-01,1.33032473925709382e-13,1.27914345782187411e-12,1.25721655308552727e-12,3.91464638482830196e-13,19,2,1,5.76460752303767552e+17,19,2,1,5.76460752303767552e+17,16,5,2,3.32306998945331719e+35,5.13003356000000053e+02,0,1.27914345782187411e-12,nan,0.00000000000000000e+00
2,0,-1.91554719718790040e-01,1.00000000000000000e+00,1.91554719718860594e-01,2,18,-1.91554719718860594e-01,-1.91554719718824290e-01,-1.91554719718778771e-01,-1.91554719718676852e-01,-1.91554719719693040e-01,-1.91554719719754352e-01,-1.91554719719728012e-01,-1.91554719719675692e-01,1.13187237360534709e-13,9.98839899679637711e-13,9.64311963613795342e-13,7.86593012946923409e-14,19,2,1,5.76460752303767552e+17,19,2,1,5.76460752303767552e+17,16,5,2,3.32306998945331719e+35,5.30153573000000051e+02,0,9.98839899679637711e-13,nan,0.00000000000000000e+00
2,1,-1.63395048397433684e-01,1.00000000000000000e+00,1.63395048397649317e-01,2,18,-1.63395048397380477e-01,-1.63395048397649317e-01,-1.63395048397498494e-01,-1.63395048397577375e-01,-1.63395048398042086e-01,-1.63395048398155690e-01,-1.63395048398070286e-01,-1.63395048398308290e-01,2.15633066957821029e-13,7.30915328261971808e-13,8.74605943224082694e-13,2.66203725729496909e-13,19,2,1,5.76460752303767552e+17,19,2,1,5.76460752303767552e+17,16,5,2,3.32306998945331719e+35,5.35079549000000043e+02,0,7.30915328261971808e-13,nan,0.00000000000000000e+00
2,2,-1.36398215899427633e-01,1.00000000000000000e+00,1.36398215899565411e-01,2,18,-1.36398215899565411e-01,-1.36398215899499353e-01,-1.36398215899539987e-01,-1.36398215899516229e-01,-1.36398215900140396e-01,-1.36398215900184666e-01,-1.36398215900171871e-01,-1.36398215900234515e-01,1.37778677355981927e-13,7.18286541356860653e-13,8.06882338721948145e-13,9.41191569125976457e-14,19,2,1,5.76460752303767552e+17,19,2,1,5.76460752303767552e+17,16,5,2,3.32306998945331719e+35,5.27122090999999955e+02,0,7.18286541356860653e-13,nan,0.00000000000000000e+00
2,3,-1.14313691578696114e-01,1.00000000000000000e+00,1.14313691578840138e-01,2,18,-1.14313691578769722e-01,-1.14313691578772442e-01,-1.14313691578688481e-01,-1.14313691578840138e-01,-1.14313691579178575e-01,-1.14313691579178742e-01,-1.14313691579289625e-01,-1.14313691579537483e-01,1.44023681869498432e-13,6.97344959554868637e-13,8.41368641424367070e-13,3.58907348285697481e-13,19,2,1,5.76460752303767552e+17,19,2,1,5.76460752303767552e+17,16,5,2,3.32306998945331719e+35,5.67041831000000002e+02,0,6.97344959554868637e-13,nan,0.00000000000000000e+00
3,0,-9.43700290341655673e-02,1.00000000000000000e+00,9.43700290341146358e-02,2,18,-9.43700290340571540e-02,-9.43700290340543230e-02,-9.43700290341146358e-02,-9.43700290340374753e-02,-9.43700290343868903e-02,-9.43700290345463322e-02,-9.43700290344307996e-02,-9.43700290346506099e-02,1.28091981466127436e-13,6.13134543137050514e-13,4.85042561670923078e-13,2.63719601711898122e-13,19,2,1,5.76460752303767552e+17,19,2,1,5.76460752303767552e+17,16,5,2,3.32306998945331719e+35,5.85922448000000031e+02,0,6.13134543137050514e-13,nan,0.00000000000000000e+00
3,1,-7.79982185719564902e-02,1.00000000000000000e+00,7.79982185721351945e-02,2,18,-7.79982185719567817e-02,-7.79982185720893423e-02,-7.79982185720795168e-02,-7.79982185721351945e-02,-7.79982185724647781e-02,-7.79982185725508897e-02,-7.79982185724357180e-02,-7.79982185722242066e-02,1.78704273601226760e-13,5.07996422705048190e-13,5.94399529596500997e-13,3.26683124995952312e-13,19,2,1,5.76460752303767552e+17,19,2,1,5.76460752303767552e+17,16,5,2,3.32306998945331719e+35,5.35153105999999980e+02,0,5.07996422705048190e-13,nan,0.00000000000000000e+00
3,2,-6.37584658485868538e-02,1.00000000000000000e+00,6.37584658487101441e-02,2,18,-6.37584658487101441e-02,-6.37584658485735589e-02,-6.37584658487009015e-02,-6.37584658485946254e-02,-6.37584658491293088e-02,-6.37584658489088463e-02,-6.37584658491059664e-02,-6.37584658489108169e-02,1.23290266884623634e-13,4.19164702947227852e-13,5.42454969831851486e-13,2.20462537114940460e-13,19,2,1,5.76460752303767552e+17,19,2,1,5.76460752303767552e+17,16,5,2,3.32306998945331719e+35,5.15262417000000028e+02,0,4.19164702947227852e-13,nan,0.00000000000000000e+00
3,3,-5.20974199159952578e-02,1.00000000000000000e+00,5.20974199162594215e-02,2,18,-5.20974199161117549e-02,-5.20974199162594215e-02,-5.20974199159889642e-02,-5.20974199160007534e-02,-5.20974199163757243e-02,-5.20974199167639485e-02,-5.20974199163679111e-02,-5.20974199161918505e-02,2.64163690921748184e-13,5.04526975753094575e-13,7.68690666674842760e-13,5.72097924589343165e-13,19,2,1,5.76460752303767552e+17,19,2,1,5.76460752303767552e+17,16,5,2,3.32306998945331719e+35,5.19969706999999971e+02,0,5.04526975753094575e-13,nan,0.00000000000000000e+00
4,0,-4.22116991276698245e-02,1.00000000000000000e+00,4.22116991278347967e-02,2,18,-4.22116991276219392e-02,-4.22116991277423706e-02,-4.22116991275668998e-02,-4.22116991278347967e-02,-4.22116991278794693e-02,-4.22116991283464776e-02,-4.22116991282805928e-02,-4.22116991277057818e-02,1.64972202565394355e-13,7.13692993592474068e-13,6.76653177933417282e-13,6.40695829723370025e-13,19,2,1,5.76460752303767552e+17,19,2,1,5.76460752303767552e+17,16,5,2,3.32306998945331719e+35,5.27982064000000037e+02,0,7.13692993592474068e-13,nan,0.00000000000000000e+00
4,1,-3.41568792085834225e-02,1.00000000000000000e+00,3.41568792089438911e-02,2,18,-3.41568792081441280e-02,-3.41568792086192133e-02,-3.41568792089438911e-02,-3.41568792086320364e-02,-3.41568792088925710e-02,-3.41568792089061019e-02,-3.41568792086086037e-02,-3.41568792086714007e-02,4.39294434162462721e-13,7.48442974263241467e-13,3.22679383213397841e-13,2.97498137236118509e-13,19,2,1,5.76460752303767552e+17,19,2,1,5.76460752303767552e+17,16,5,2,3.32306998945331719e+35,5.24537074999999959e+02,0,7.48442974263241467e-13,nan,0.00000000000000000e+00
4,2,-2.74549032672509151e-02,1.00000000000000000e+00,2.74549032674349866e-02,2,18,-2.74549032674349866e-02,-2.74549032674160573e-02,-2.74549032671504781e-02,-2.74549032671494511e-02,-2.74549032672743616e-02,-2.74549032677432713e-02,-2.74549032671764885e-02,-2.74549032675867090e-02,1.84071508035899001e-13,4.37257868801665950e-13,4.92356155845641297e-13,5.66782731858950228e-13,19,2,1,5.76460752303767552e+17,19,2,1,5.76460752303767552e+17,16,5,2,3.32306998945331719e+35,5.29650102999999945e+02,0,4.37257868801665950e-13,nan,0.00000000000000000e+00
4,3,-2.20274569903867665e-02,1.00000000000000000e+00,2.20274569906540076e-02,2,18,-2.20274569900075455e-02,-2.20274569906184631e-02,-2.20274569906540076e-02,-2.20274569901380279e-02,-2.20274569904185397e-02,-2.20274569906622059e-02,-2.20274569903284867e-02,-2.20274569905900275e-02,3.79220960189385892e-13,4.51999548900516857e-13,2.75439393515597430e-13,3.33719163414514242e-13,19,2,1,5.76460752303767552e+17,19,2,1,5.76460752303767552e+17,16,5,2,3.32306998945331719e+35,5.34111165000000028e+02,0,4.51999548900516857e-13,nan,0.00000000000000000e+00
5,0,-1.75762265383227721e-02,1.00000000000000000e+00,1.75762265385284201e-02,2,18,-1.75762265381598365e-02,-1.75762265380899098e-02,-1.75762265382946661e-02,-1.75762265385284201e-02,-1.75762265383572445e-02,-1.75762265382528558e-02,-1.75762265385749732e-02,-1.75762265385526438e-02,2.32862340521222677e-13,2.80307027589188351e-13,2.52201037831412123e-13,3.22117332807181356e-13,19,2,1,5.76460752303767552e+17,19,2,1,5.76460752303767552e+17,16,5,2,3.32306998945331719e+35,5.17983385999999996e+02,0,2.80307027589188351e-13,nan,0.00000000000000000e+00
5,1,-1.39947240010678542e-02,1.00000000000000000e+00,1.39947240013651199e-02,2,18,-1.39947240008965763e-02,-1.39947240013651199e-02,-1.39947240011332654e-02,-1.39947240011871095e-02,-1.39947240012206729e-02,-1.39947240011432054e-02,-1.39947240012998665e-02,-1.39947240011318013e-02,2.97265684290337617e-13,3.24096652293270893e-13,2.32012326017994042e-13,1.68065214523061002e-13,19,2,1,5.76460752303767552e+17,19,2,1,5.76460752303767552e+17,16,5,2,3.32306998945331719e+35,5.18884013999999979e+02,0,3.24096652293270893e-13,nan,0.00000000000000000e+00
5,2,-1.10914025668459402e-02,1.00000000000000000e+00,1.10914025671136618e-02,2,18,-1.10914025665522949e-02,-1.10914025666475329e-02,-1.10914025671136618e-02,-1.10914025668806659e-02,-1.10914025668569123e-02,-1.10914025668616533e-02,-1.10914025672379409e-02,-1.10914025666921604e-02,2.93645316395974021e-13,3.04617442381527326e-13,3.92000668036907030e-13,5.45780434735299025e-13,19,2,1,5.76460752303767552e+17,19,2,1,5.76460752303767552e+17,16,5,2,3.32306998945331719e+35,5.18347443999999996e+02,0,3.04617442381527326e-13,nan,0.00000000000000000e+00
5,3,-8.77043356681448880e-03,1.00000000000000000e+00,8.77043356687923562e-03,2,18,-8.77043356687923562e-03,-8.77043356680640152e-03,-8.77043356656784928e-03,-8.77043356656581966e-03,-8.77043356693388981e-03,-8.77043356699556270e-03,-8.77043356685259373e-03,-8.77043356679124003e-03,2.48669140834323343e-13,2.84744450240737024e-13,1.81073905869411078e-13,2.04322669894452247e-13,19,2,1,5.76460752303767552e+17,19,2,1,5.76460752303767552e+17,16,5,2,3.32306998945331719e+35,5.21740391000000045e+02,0,2.84744450240737024e-13,nan,0.00000000000000000e+00
6,0,-6.90722910583975534e-03,1.00000000000000000e+00,6.90722910683802972e-03,2,18,-6.90722910545232133e-03,-6.90722910683802972e-03,-6.90722910536955767e-03,-6.90722910559088323e-03,-6.90722910616395607e-03,-6.90722910635323695e-03,-6.90722910544671036e-03,-6.90722910544187569e-03,9.98274379826469271e-13,7.11634744188227586e-13,5.13481618336086854e-13,9.11361264233079282e-13,19,2,1,5.76460752303767552e+17,19,2,1,5.76460752303767552e+17,16,5,2,3.32306998945331719e+35,5.11109985999999992e+02,0,7.11634744188227586e-13,nan,0.00000000000000000e+00
6,1,-5.42713818621040449e-03,1.00000000000000000e+00,5.42713818706996084e-03,2,18,-5.42713818615797074e-03,-5.42713818706996084e-03,-5.42713818678126729e-03,-5.42713818648536770e-03,-5.42713818632306437e-03,-5.42713818703432008e-03,-5.42713818548729021e-03,-5.42713818573262001e-03,8.59556349708245904e-13,1.29397707826495179e-12,8.23915588532564414e-13,1.54702986532306852e-12,19,2,1,5.76460752303767552e+17,19,2,1,5.76460752303767552e+17,16,5,2,3.32306998945331719e+35,5.17848586999999952e+02,0,1.29397707826495179e-12,nan,0.00000000000000000e+00
6,2,-4.24895806576452723e-03,1.00000000000000000e+00,4.24895806600707887e-03,2,18,-4.24895806449432367e-03,-4.24895806572164140e-03,-4.24895806600707887e-03,-4.24895806563622882e-03,-4.24895806591021018e-03,-4.24895806527198806e-03,-4.24895806658919482e-03,-4.24895806464406674e-03,1.27020356038842763e-12,1.41588650526269788e-12,1.12046049521863367e-12,1.94512808637803403e-12,19,2,1,5.76460752303767552e+17,19,2,1,5.76460752303767552e+17,16,5,2,3.32306998945331719e+35,5.27076329999999984e+02,0,1.41588650526269788e-12,nan,0.00000000000000000e+00
6,3,-3.31873787063769951e-03,1.00000000000000000e+00,3.31873787115554266e-03,2,18,-3.31873787109057553e-03,-3.31873786964586833e-03,-3.31873787086404840e-03,-3.31873787115554266e-03,-3.31873787154644741e-03,-3.31873787090548834e-03,-3.31873787076667880e-03,-3.31873787049079489e-03,9.91831183155822416e-13,1.25962001246149313e-12,9.08747903316520222e-13,1.05565252719874714e-12,19,2,1,5.76460752303767552e+17,19,2,1,5.76460752303767552e+17,16,5,2,3.32306998945331719e+35,5.33646549000000050e+02,0,1.25962001246149313e-12,nan,0.00000000000000000e+00
7,0,-2.58379571598115485e-03,1.00000000000000000e+00,2.58379571641065764e-03,2,18,-2.58379571606918599e-03,-2.58379571537454026e-03,-2.58379571522565589e-03,-2.58379571641065764e-03,-2.58379571533374087e-03,-2.58379571547921565e-03,-2.58379571725989715e-03,-2.58379571530177338e-03,7.55498962001777130e-13,2.03424126501983160e-12,1.27874230301805447e-12,1.95812376729831428e-12,19,2,1,5.76460752303767552e+17,19,2,1,5.76460752303767552e+17,16,5,2,3.32306998945331719e+35,5.10313529000000017e+02,0,2.03424126501983160e-12,nan,0.00000000000000000e+00
7,1,-2.00693048998693609e-03,1.00000000000000000e+00,2.00693049066719403e-03,2,18,-2.00693049001211214e-03,-2.00693049014888207e-03,-2.00693049012520310e-03,-2.00693049066719403e-03,-2.00693049032716437e-03,-2.00693049101766368e-03,-2.00693049064105738e-03,-2.00693049065130656e-03,6.80257933316497088e-13,8.68781609153490564e-13,1.03072758661504338e-12,6.90499307037795163e-13,19,2,1,5.76460752303767552e+17,19,2,1,5.76460752303767552e+17,16,5,2,3.32306998945331719e+35,5.23871000999999978e+02,0,8.68781609153490564e-13,nan,0.00000000000000000e+00
7,2,-1.55424938386431702e-03,1.00000000000000000e+00,1.55424938509920183e-03,2,18,-1.55424938482910842e-03,-1.55424938421369553e-03,-1.55424938509920183e-03,-1.55424938367287294e-03,-1.55424938497705127e-03,-1.55424938462960980e-03,-1.55424938376857308e-03,-1.55424938384730329e-03,1.23488480725797434e-12,1.33062874954625876e-12,1.11273425369706747e-12,1.20847819598535189e-12,19,2,1,5.76460752303767552e+17,19,2,1,5.76460752303767552e+17,16,5,2,3.32306998945331719e+35,5.96273030999999946e+02,0,1.33062874954625876e-12,nan,0.00000000000000000e+00
7,3,-1.20093493434965328e-03,1.00000000000000000e+00,1.20093493493023205e-03,2,18,-1.20093493463276058e-03,-1.20093493493023205e-03,-1.20093493380460012e-03,-1.20093493483588434e-03,-1.20093493392279941e-03,-1.20093493451155458e-03,-1.20093493503715498e-03,-1.20093493479729086e-03,5.80578770822959278e-13,1.23255485678930299e-12,6.87501704871307240e-13,1.11435556962580229e-12,19,2,1,5.76460752303767552e+17,19,2,1,5.76460752303767552e+17,16,5,2,3.32306998945331719e+35,5.12445714999999950e+02,0,1.23255485678930299e-12,nan,0.00000000000000000e+00
8,0,-9.25406957476901078e-04,1.00000000000000000e+00,9.25406958647457135e-04,2,18,-9.25406956439974782e-04,-9.25406956839224751e-04,-9.25406956501106221e-04,-9.25406958647457135e-04,-9.25406956702716867e-04,-9.25406956578081214e-04,-9.25406957907110223e-04,-9.25406956707029932e-04,1.17055605659832640e-12,1.94042720259857138e-12,8.98819864023070458e-13,1.32902900924075640e-12,19,2,1,5.76460752303767552e+17,19,2,1,5.76460752303767552e+17,16,5,2,3.32306998945331719e+35,5.58538052999999991e+02,0,1.94042720259857138e-12,nan,0.00000000000000000e+00
8,1,-7.11521909859286336e-04,1.00000000000000000e+00,7.11521910859393234e-04,2,18,-7.11521910859393234e-04,-7.11521909401001667e-04,-7.11521908770007495e-04,-7.11521908482900785e-04,-7.11521910942298813e-04,-7.11521910875482578e-04,-7.11521910952320528e-04,-7.11521910507566810e-04,1.37638555067209900e-12,2.18231303254073916e-12,1.09303419180278860e-12,4.44753717361578982e-13,19,2,1,5.76460752303767552e+17,19,2,1,5.76460752303767552e+17,16,5,2,3.32306998945331719e+35,5.13593421000000035e+02,0,2.18231303254073916e-12,nan,0.00000000000000000e+00
8,2,-5.45693216290074157e-04,1.00000000000000000e+00,5.45693216154963592e-04,2,18,-5.45693216154963592e-04,-5.45693215803228675e-04,-5.45693215770840954e-04,-5.45693215958549527e-04,-5.45693217714957914e-04,-5.45693216206379495e-04,-5.45693215128143470e-04,-5.45693216108095267e-04,5.19233202440905206e-13,1.55999432122078119e-12,1.42488375699106884e-12,2.58681444320618681e-12,19,2,1,5.76460752303767552e+17,19,2,1,5.76460752303767552e+17,16,5,2,3.32306998945331719e+35,5.12437169000000040e+02,0,1.55999432122078119e-12,nan,0.00000000000000000e+00
8,3,-4.17632437793216856e-04,1.00000000000000000e+00,4.17632438197059668e-04,2,18,-4.17632437289260116e-04,-4.17632436757303150e-04,-4.17632438057187287e-04,-4.17632438197059668e-04,-4.17632437882708638e-04,-4.17632437318237696e-04,-4.17632438113622884e-04,-4.17632437550641527e-04,1.03591370507680192e-12,6.46418140369531269e-13,4.74979159736238499e-13,7.95385187834368734e-13,19,2,1,5.76460752303767552e+17,19,2,1,5.76460752303767552e+17,16,5,2,3.32306998945331719e+35,5.28832983000000013e+02,0,6.46418140369531269e-13,nan,0.00000000000000000e+00
9,0,-3.18884143079214673e-04,1.00000000000000000e+00,3.18884145153288713e-04,2,18,-3.18884141943993362e-04,-3.18884142981339027e-04,-3.18884145153288713e-04,-3.18884141272503588e-04,-3.18884143687079994e-04,-3.18884143992823217e-04,-3.18884142528575061e-04,-3.18884143784976132e-04,2.07407403968531967e-12,2.62471365171726423e-12,9.13608544286098612e-13,1.46424815631804317e-12,19,2,1,5.76460752303767552e+17,19,2,1,5.76460752303767552e+17,16,5,2,3.32306998945331719e+35,5.16147870000000012e+02,0,2.62471365171726423e-12,nan,0.00000000000000000e+00
9,1,-2.43004444639349597e-04,1.00000000000000000e+00,2.43004445175591817e-04,2,18,-2.43004444741717744e-04,-2.43004442899300493e-04,-2.43004445175591817e-04,-2.43004444438611869e-04,-2.43004443803670551e-04,-2.43004444215680224e-04,-2.43004445351457406e-04,-2.43004444582681575e-04,1.74004910415311020e-12,1.31637973091458527e-12,8.35679046578760576e-13,1.54778685527989790e-12,19,2,1,5.76460752303767552e+17,19,2,1,5.76460752303767552e+17,16,5,2,3.32306998945331719e+35,5.20920352999999977e+02,0,1.31637973091458527e-12,nan,0.00000000000000000e+00
9,2,-1.84791773126865303e-04,1.00000000000000000e+00,1.84791773397029998e-04,2,18,-1.84791773135346718e-04,-1.84791772473593487e-04,-1.84791770979425443e-04,-1.84791773397029998e-04,-1.84791772121866511e-04,-1.84791772825755796e-04,-1.84791773335691721e-04,-1.84791773087965430e-04,2.14743985939812310e-12,2.35626627801202582e-12,1.00499879143560455e-12,1.21382521004950727e-12,19,2,1,5.76460752303767552e+17,19,2,1,5.76460752303767552e+17,16,5,2,3.32306998945331719e+35,5.31171966999999995e+02,0,2.35626627801202582e-12,nan,0.00000000000000000e+00
9,3,-1.40271449538832238e-04,1.00000000000000000e+00,1.40271449448705113e-04,2,18,-1.40271449448705113e-04,-1.40271449394846015e-04,-1.40271448347822328e-04,-1.40271448044832110e-04,-1.40271449094961847e-04,-1.40271449815668192e-04,-1.40271448259477984e-04,-1.40271451134541696e-04,1.49400012760397827e-12,3.08970958626947345e-12,1.59570945866549518e-12,2.87506371249475479e-12,19,2,1,5.76460752303767552e+17,19,2,1,5.76460752303767552e+17,16,5,2,3.32306998945331719e+35,5.20740867999999978e+02,0,3.08970958626947345e-12,nan,0.00000000000000000e+00
10,0,-1.06279892538650508e-04,1.00000000000000000e+00,1.06279893662985210e-04,2,18,-1.06279893662985210e-04,-1.06279893249908695e-04,-1.06279891690675796e-04,-1.06279892442681987e-04,-1.06279890858315804e-04,-1.06279893993520885e-04,-1.06279891786032474e-04,-1.06279889095835844e-04,1.12433470194663043e-12,3.34684614278300124e-12,3.44281466399878888e-12,4.89768504073097299e-12,19,2,1,5.76460752303767552e+17,19,2,1,5.76460752303767552e+17,16,5,2,3.32306998945331719e+35,5.07753594000000021e+02,0,3.34684614278300124e-12,nan,0.00000000000000000e+00
10,1,-8.03991147304163164e-05,1.00000000000000000e+00,8.03991145759739667e-05,2,18,-8.03991132709680316e-05,-8.03991138999107845e-05,-8.03991145759739667e-05,-8.03991136973285572e-05,-8.03991150096410528e-05,-8.03991156692734357e-05,-8.03991157583180250e-05,-8.03991147675603239e-05,1.45944828488023259e-12,1.76936265118554648e-12,1.02790170852015000e-12,9.90757701032317362e-13,19,2,1,5.76460752303767552e+17,19,2,1,5.76460752303767552e+17,16,5,2,3.32306998945331719e+35,5.04055156000000011e+02,0,1.76936265118554648e-12,nan,0.00000000000000000e+00
10,2,-6.07263856003472399e-05,1.00000000000000000e+00,6.07263866874652725e-05,2,18,-6.07263866874652725e-05,-6.07263857324053210e-05,-6.07263848656654950e-05,-6.07263841707107675e-05,-6.07263848131368823e-05,-6.07263852413202228e-05,-6.07263854986567740e-05,-6.07263875151487279e-05,1.42963647241063987e-12,3.34443796035132149e-12,1.91480148794068161e-12,2.70201184560461827e-12,19,2,1,5.76460752303767552e+17,19,2,1,5.76460752303767552e+17,16,5,2,3.32306998945331719e+35,5.13109483999999952e+02,0,3.34443796035132149e-12,nan,0.00000000000000000e+00
10,3,-4.58093372400670298e-05,1.00000000000000000e+00,4.58093372259253608e-05,2,18,-4.58093350064530945e-05,-4.58093347545125837e-05,-4.58093340648733132e-05,-4.58093372259253608e-05,-4.58093386571124049e-05,-4.58093381551862540e-05,-4.58093386533068011e-05,-4.58093369202560458e-05,3.17519371662326397e-12,4.58843348787128097e-12,1.41704537508354975e-12,1.73685635914810205e-12,19,2,1,5.76460752303767552e+17,19,2,1,5.76460752303767552e+17,16,5,2,3.32306998945331719e+35,5.19964842999999973e+02,0,4.58843348787128097e-12,nan,0.00000000000000000e+00
11,0,-3.45159422129707891e-05,1.00000000000000000e+00,3.45159431397674670e-05,2,18,-3.45159422621909860e-05,-3.45159431397674670e-05,-3.45159422157710868e-05,-3.45159402163447326e-05,-3.45159440045596390e-05,-3.45159389261966024e-05,-3.45159404543617429e-05,-3.45159400826622591e-05,1.99662605649157318e-12,4.21357086456122451e-12,3.28677418669296589e-12,5.07836303662457383e-12,19,2,1,5.76460752303767552e+17,19,2,1,5.76460752303767552e+17,16,5,2,3.32306998945331719e+35,5.28939700000000016e+02,0,4.21357086456122451e-12,nan,0.00000000000000000e+00
11,1,-2.59841423934303333e-05,1.00000000000000000e+00,2.59841447193922017e-05,2,18,-2.59841447193922017e-05,-2.59841399484125902e-05,-2.59841441827013589e-05,-2.59841433314019880e-05,-2.59841430878575083e-05,-2.59841424991428573e-05,-2.59841404705107732e-05,-2.59841423789922162e-05,2.44501774309215970e-12,3.71219058571399356e-12,1.92291956012738408e-12,2.61734673512445046e-12,19,2,1,5.76460752303767552e+17,19,2,1,5.76460752303767552e+17,16,5,2,3.32306998945331719e+35,5.35252841999999987e+02,0,3.71219058571399356e-12,nan,0.00000000000000000e+00
11,2,-1.95475014066518120e-05,1.00000000000000000e+00,1.95475024253830065e-05,2,18,-1.95474995909794979e-05,-1.95474995030830076e-05,-1.95475024253830065e-05,-1.95475001178170064e-05,-1.95475018982229174e-05,-1.95475020410402550e-05,-1.95474991474749509e-05,-1.95474992428339675e-05,1.90356880445615752e-12,3.27790805566482990e-12,2.25917686115647762e-12,2.89356530408383175e-12,19,2,1,5.76460752303767552e+17,19,2,1,5.76460752303767552e+17,16,5,2,3.32306998945331719e+35,5.20039545999999973e+02,0,3.27790805566482990e-12,nan,0.00000000000000000e+00
11,3,-1.47000306834986088e-05,1.00000000000000000e+00,1.47000327389604903e-05,2,18,-1.47000321163630611e-05,-1.47000317167532352e-05,-1.47000327389604903e-05,-1.47000315761658203e-05,-1.47000304708925344e-05,-1.47000281966597744e-05,-1.47000287674303509e-05,-1.47000312911653527e-05,2.05546188149750581e-12,3.97153013939805823e-12,2.48683883442770304e-12,3.09450557829638560e-12,19,2,1,5.76460752303767552e+17,19,2,1,5.76460752303767552e+17,16,5,2,3.32306998945331719e+35,5.27567258000000038e+02,0,3.97153013939805823e-12,nan,0.00000000000000000e+00
12,0,-1.10533661915478903e-05,1.00000000000000000e+00,1.10533679221279759e-05,2,18,-1.10533640923560440e-05,-1.10533679221279759e-05,-1.10533651737705735e-05,-1.10533653418977061e-05,-1.10533675593211759e-05,-1.10533673513134248e-05,-1.10533685248625672e-05,-1.10533671300850852e-05,2.09919184628298144e-12,3.46696513186563193e-12,2.33331467686180398e-12,1.39477748198769264e-12,19,2,1,5.76460752303767552e+17,19,2,1,5.76460752303767552e+17,16,5,2,3.32306998945331719e+35,5.38552214000000049e+02,0,3.46696513186563193e-12,nan,0.00000000000000000e+00
12,1,-8.31363115065631674e-06,1.00000000000000000e+00,8.31363561810184104e-06,2,18,-8.31363561810184104e-06,-8.31362944632339357e-06,-8.31363344649903189e-06,-8.31363055351887172e-06,-8.31363307465110896e-06,-8.31363219446212763e-06,-8.31363263720350478e-06,-8.31363100730146055e-06,4.46744552429993030e-12,2.74813873405983875e-12,1.92399479222095816e-12,2.06734964840497512e-12,19,2,1,5.76460752303767552e+17,19,2,1,5.76460752303767552e+17,16,5,2,3.32306998945331719e+35,5.36126927000000023e+02,0,2.74813873405983875e-12,nan,0.00000000000000000e+00
12,2,-6.25669875620598644e-06,1.00000000000000000e+00,6.25670161159033345e-06,2,18,-6.25669930888663617e-06,-6.25669878523506678e-06,-6.25670161159033345e-06,-6.25669769518129593e-06,-6.25669533238249400e-06,-6.25669917070654482e-06,-6.25669809878502870e-06,-6.25669953505164811e-06,2.85538434700350913e-12,3.97650414217509945e-12,3.42382349244839661e-12,4.20266915411864235e-12,19,2,1,5.76460752303767552e+17,19,2,1,5.76460752303767552e+17,16,5,2,3.32306998945331719e+35,5.30628568999999970e+02,0,3.97650414217509945e-12,nan,0.00000000000000000e+00
12,3,-4.71356393095032553e-06,1.00000000000000000e+00,4.71356460137723108e-06,2,18,-4.71356023959245163e-06,-4.71356460137723108e-06,-4.71356320144718161e-06,-4.71356364292033190e-06,-4.71356290848495070e-06,-4.71356584535527330e-06,-4.71356341762278587e-06,-4.71356515087352397e-06,3.69135787390374509e-12,2.66889249907203844e-12,1.91440494777235862e-12,2.93687032260406527e-12,19,2,1,5.76460752303767552e+17,19,2,1,5.76460752303767552e+17,16,5,2,3.32306998945331719e+35,5.39619447000000036e+02,0,2.66889249907203844e-12,nan,0.00000000000000000e+00
13,0,-3.55606507395156059e-06,1.00000000000000000e+00,3.55606626352711649e-06,2,18,-3.55606387380401199e-06,-3.55606626352711649e-06,-3.55606489369898657e-06,-3.55606478620005064e-06,-3.55606340460443631e-06,-3.55606631019682092e-06,-3.55607057042747413e-06,-3.55606442097460398e-06,1.20014754859855822e-12,5.67672848755901792e-12,5.49647591353965908e-12,7.16582303782501654e-12,19,2,1,5.76460752303767552e+17,19,2,1,5.76460752303767552e+17,16,5,2,3.32306998945331719e+35,5.65318604000000050e+02,0,5.67672848755901792e-12,nan,0.00000000000000000e+00
13,1,-2.68789388458190356e-06,1.00000000000000000e+00,2.68789718594711919e-06,2,18,-2.68789718594711919e-06,-2.68789479542322255e-06,-2.68789115047431474e-06,-2.68789078825867557e-06,-2.68789744101787203e-06,-2.68789230818141431e-06,-2.68789087546142137e-06,-2.68789392097757565e-06,3.30136521562940052e-12,3.13271890008210633e-12,3.55643596847534174e-12,6.56555645066309685e-12,19,2,1,5.76460752303767552e+17,19,2,1,5.76460752303767552e+17,16,5,2,3.32306998945331719e+35,5.32246766999999977e+02,0,3.13271890008210633e-12,nan,0.00000000000000000e+00
13,2,-2.03638137204837985e-06,1.00000000000000000e+00,2.03638655901309867e-06,2,18,-2.03638655901309867e-06,-2.03638431642277952e-06,-2.03638325297060396e-06,-2.03638305137506463e-06,-2.03638005605920312e-06,-2.03638182141586408e-06,-2.03638273871817378e-06,-2.03638520122759828e-06,5.18696471882361225e-12,6.50295389555171277e-12,3.82917921842686258e-12,5.14516839515496310e-12,19,2,1,5.76460752303767552e+17,19,2,1,5.76460752303767552e+17,16,5,2,3.32306998945331719e+35,5.33943540999999982e+02,0,6.50295389555171277e-12,nan,0.00000000000000000e+00
13,3,-1.54709265723591469e-06,1.00000000000000000e+00,1.54709655072265691e-06,2,18,-1.54709655072265691e-06,-1.54709609141876894e-06,-1.54709556867968824e-06,-1.54709513129139881e-06,-1.54709515991858022e-06,-1.54709553738192270e-06,-1.54709350856358347e-06,-1.54709512046614432e-06,3.89348674222909409e-12,2.06011610477300306e-12,2.88014600801058600e-12,2.02881833922766857e-12,19,2,1,5.76460752303767552e+17,19,2,1,5.76460752303767552e+17,16,5,2,3.32306998945331719e+35,5.27395523000000026e+02,0,2.06011610477300306e-12,nan,0.00000000000000000e+00
14,0,-1.17913066841077555e-06,1.00000000000000000e+00,1.17913321554555376e-06,2,18,-1.17913321554555376e-06,-1.17913203069060354e-06,-1.17913071129016213e-06,-1.17913070379718586e-06,-1.17912882157321378e-06,-1.17913088523970056e-06,-1.17913012336510145e-06,-1.17913241925803190e-06,2.54713477821624443e-12,4.39397233998468884e-12,1.84683756176844442e-12,3.59768481811600547e-12,19,2,1,5.76460752303767552e+17,19,2,1,5.76460752303767552e+17,16,5,2,3.32306998945331719e+35,5.15709478999999988e+02,0,4.39397233998468884e-12,nan,0.00000000000000000e+00
14,1,-9.01941529536907374e-07,1.00000000000000000e+00,9.01945142955650265e-07,2,18,-9.01942810079799997e-07,-9.01942222351330793e-07,-9.01945142955650265e-07,-9.01942607997132872e-07,-9.01943131427261594e-07,-9.01935346801796935e-07,-9.01941106710818962e-07,-9.01942811630271361e-07,3.61341874289069793e-12,6.87554953385778145e-12,6.18273511043932020e-12,7.78462546465916953e-12,19,2,1,5.76460752303767552e+17,19,2,1,5.76460752303767552e+17,16,5,2,3.32306998945331719e+35,5.18388426999999979e+02,0,6.87554953385778145e-12,nan,0.00000000000000000e+00
14,2,-6.92646059065263514e-07,1.00000000000000000e+00,6.92650046515280324e-07,2,18,-6.92650046515280324e-07,-6.92644963806349734e-07,-6.92642821474602992e-07,-6.92646314094479453e-07,-6.92645169138663843e-07,-6.92647390070642343e-07,-6.92638734957595894e-07,-6.92648119436472059e-07,3.98745001680967233e-12,4.87737661648057004e-12,7.32410766762058024e-12,9.38447887616504408e-12,19,2,1,5.76460752303767552e+17,19,2,1,5.76460752303767552e+17,16,5,2,3.32306998945331719e+35,5.21159365999999977e+02,0,4.87737661648057004e-12,nan,0.00000000000000000e+00
14,3,-5.34187933959691043e-07,1.00000000000000000e+00,5.34192518219491406e-07,2,18,-5.34185437270907936e-07,-5.34187871678255651e-07,-5.34184715190009224e-07,-5.34192518219491406e-07,-5.34187916477970321e-07,-5.34186583773928750e-07,-5.34188653930800726e-07,-5.34188613085456935e-07,4.58425980036280471e-12,3.93874079150189363e-12,1.35018576229294383e-12,2.07015687197563376e-12,19,2,1,5.76460752303767552e+17,19,2,1,5.76460752303767552e+17,16,5,2,3.32306998945331719e+35,5.33582540999999992e+02,0,3.93874079150189363e-12,nan,0.00000000000000000e+00
15,0,-4.13821392273889694e-07,1.00000000000000000e+00,4.13830733276051802e-07,2,18,-4.13824919168452975e-07,-4.13830733276051802e-07,-4.13819745969019466e-07,-4.13820431361167924e-07,-4.13824044131725417e-07,-4.13826332108348301e-07,-4.13817262345766899e-07,-4.13824345795908865e-07,9.34100216210763843e-12,4.40116770350068429e-12,4.93983445860695413e-12,9.06976258140240721e-12,19,2,1,5.76460752303767552e+17,19,2,1,5.76460752303767552e+17,16,5,2,3.32306998945331719e+35,5.30289581999999996e+02,0,4.40116770350068429e-12,nan,0.00000000000000000e+00
15,1,-3.22054402201295933e-07,1.00000000000000000e+00,3.22054555450021731e-07,2,18,-3.22049103238011259e-07,-3.22054555450021731e-07,-3.22052960802584674e-07,-3.22049380615194500e-07,-3.22056500492514477e-07,-3.22051690780095313e-07,-3.22054765113354636e-07,-3.22052188781286036e-07,5.29896328467371625e-12,7.39725450321731574e-12,2.71142120061998728e-12,4.80971241916358677e-12,19,2,1,5.76460752303767552e+17,19,2,1,5.76460752303767552e+17,16,5,2,3.32306998945331719e+35,5.36502212999999983e+02,0,7.39725450321731574e-12,nan,0.00000000000000000e+00
15,2,-2.51796765108006371e-07,1.00000000000000000e+00,2.51799382763280606e-07,2,18,-2.51795245436625871e-07,-2.51795168205893288e-07,-2.51795298923835497e-07,-2.51799382763280606e-07,-2.51798011126248993e-07,-2.51795965761991626e-07,-2.51794243840719686e-07,-2.51799586207008445e-07,2.61765527423408657e-12,2.76568962312163710e-12,2.82109900207373290e-12,5.34236628875938154e-12,19,2,1,5.76460752303767552e+17,19,2,1,5.76460752303767552e+17,16,5,2,3.32306998945331719e+35,5.32038586000000009e+02,0,2.76568962312163710e-12,nan,0.00000000000000000e+00
15,3,-1.97767019052358775e-07,1.00000000000000000e+00,1.97773936933002306e-07,2,18,-1.97773936933002306e-07,-1.97765918493706910e-07,-1.97767939487379970e-07,-1.97764949513679026e-07,-1.97762772372692130e-07,-1.97765378065789015e-07,-1.97768647308954201e-07,-1.97768868392040173e-07,6.91788064353026174e-12,1.11645603101756035e-11,4.24667966664534177e-12,6.09601934804339608e-12,19,2,1,5.76460752303767552e+17,19,2,1,5.76460752303767552e+17,16,5,2,3.32306998945331719e+35,5.22860890000000040e+02,0,1.11645603101756035e-11,nan,0.00000000000000000e+00
16,0,-1.56013955206973300e-07,1.00000000000000000e+00,1.56019672766511605e-07,2,18,-1.56014726645334917e-07,-1.56016954066486983e-07,-1.56009699554008489e-07,-1.56019672766511605e-07,-1.56005901893508863e-07,-1.56015681764342275e-07,-1.56013517943445789e-07,-1.56015924949399315e-07,5.71755953830432759e-12,8.82475182605397732e-12,8.05331346443697601e-12,1.00230558904520654e-11,19,2,1,5.76460752303767552e+17,19,2,1,5.76460752303767552e+17,16,5,2,3.32306998945331719e+35,5.27623190000000022e+02,0,8.82475182605397732e-12,nan,0.00000000000000000e+00
16,1,-1.23592107828635528e-07,1.00000000000000000e+00,1.23594705208465613e-07,2,18,-1.23592332664237651e-07,-1.23592045044477585e-07,-1.23594705208465613e-07,-1.23588627118474213e-07,-1.23595178844827723e-07,-1.23592555441652707e-07,-1.23597166588003375e-07,-1.23590330320931482e-07,3.48071016131441725e-12,2.84618059007196568e-12,5.05875936784731612e-12,6.83626707189238285e-12,19,2,1,5.76460752303767552e+17,19,2,1,5.76460752303767552e+17,16,5,2,3.32306998945331719e+35,5.31528852000000029e+02,0,2.84618059007196568e-12,nan,0.00000000000000000e+00
16,2,-9.82850069057444850e-08,1.00000000000000000e+00,9.82896668949618911e-08,2,18,-9.82885169267189139e-08,-9.82888496475073840e-08,-9.82855694276253203e-08,-9.82896668949618911e-08,-9.82842982464733569e-08,-9.82868195244072070e-08,-9.82893707303726410e-08,-9.82824114608882041e-08,4.65998921740609684e-12,7.25543407368702955e-12,4.36382462815600274e-12,6.95926948443693545e-12,19,2,1,5.76460752303767552e+17,19,2,1,5.76460752303767552e+17,16,5,2,3.32306998945331719e+35,5.24839294999999993e+02,0,7.25543407368702955e-12,nan,0.00000000000000000e+00
16,3,-7.84353234540149745e-08,1.00000000000000000e+00,7.84418327533358116e-08,2,18,-7.84371065203457235e-08,-7.84418327533358116e-08,-7.84332668962961820e-08,-7.84350415814048084e-08,-7.84348327783304357e-08,-7.84322004174587667e-08,-7.84415984093214648e-08,-7.84353792897506208e-08,6.50929932083714950e-12,9.63233587704497967e-12,6.27495530649033925e-12,9.39799186269816942e-12,19,2,1,5.76460752303767552e+17,19,2,1,5.76460752303767552e+17,16,5,2,3.32306998945331719e+35,5.29690761999999950e+02,0,9.63233587704497967e-12,nan,0.00000000000000000e+00
17,0,-6.27883111481766576e-08,1.00000000000000000e+00,6.27958635971305086e-08,2,18,-6.27912372199136643e-08,-6.27907146666013284e-08,-6.27897149934666962e-08,-6.27958635971305086e-08,-6.27878146342221990e-08,-6.27922852721238122e-08,-6.27922231737538924e-08,-6.27901362395316915e-08,7.55244895385102577e-12,5.72735759881706929e-12,3.97412394715459996e-12,4.47063790161323001e-12,19,2,1,5.76460752303767552e+17,19,2,1,5.76460752303767552e+17,16,5,2,3.32306998945331719e+35,5.34700289999999995e+02,0,5.72735759881706929e-12,nan,0.00000000000000000e+00
17,1,-5.03972224245321282e-08,1.00000000000000000e+00,5.04068475859358786e-08,2,18,-5.04068475859358786e-08,-5.04021367135981338e-08,-5.03935419345374234e-08,-5.04065480755115289e-08,-5.04019432512932303e-08,-5.03912878131125731e-08,-5.03996017424231704e-08,-5.03918213112722779e-08,9.62516140375036112e-12,1.47267642392510612e-11,5.93461141955511059e-12,1.06554381806571846e-11,19,2,1,5.76460752303767552e+17,19,2,1,5.76460752303767552e+17,16,5,2,3.32306998945331719e+35,5.30698968000000036e+02,0,1.47267642392510612e-11,nan,0.00000000000000000e+00
17,2,-4.05438355589211349e-08,1.00000000000000000e+00,4.05471651392950400e-08,2,18,-4.05398009428776834e-08,-4.05471651392950400e-08,-4.05376159546290098e-08,-4.05423838914774803e-08,-4.05427972404750949e-08,-4.05524370639318979e-08,-4.05450056979593920e-08,-4.05435533943666507e-08,6.21960429212509833e-12,7.38974333038216645e-12,8.60150501076300040e-12,9.63982345680308716e-12,19,2,1,5.76460752303767552e+17,19,2,1,5.76460752303767552e+17,16,5,2,3.32306998945331719e+35,5.47977937999999995e+02,0,7.38974333038216645e-12,nan,0.00000000000000000e+00
17,3,-3.26760445130765511e-08,1.00000000000000000e+00,3.26866660814644851e-08,2,18,-3.26866660814644851e-08,-3.26812269125579329e-08,-3.26710934728030594e-08,-3.26833076902669522e-08,-3.26748610854630685e-08,-3.26847305972847843e-08,-3.26811126026282103e-08,-3.26786292531696662e-08,1.06215683879340443e-11,1.18049960014166138e-11,8.68608420823319287e-12,9.86951182171576244e-12,19,2,1,5.76460752303767552e+17,19,2,1,5.76460752303767552e+17,16,5,2,3.32306998945331719e+35,5.33520464999999945e+02,0,1.18049960014166138e-11,nan,0.00000000000000000e+00
18,0,-2.63748129683969422e-08,1.00000000000000000e+00,2.63789225887963772e-08,2,18,-2.63710882909494811e-08,-2.63780775220770399e-08,-2.63789225887963772e-08,-2.63747520828233778e-08,-2.63738388183067742e-08,-2.63778589296410571e-08,-2.63801538561338211e-08,-2.63682747842840579e-08,4.10962039943503548e-12,6.47729853931994097e-12,6.53818411288430038e-12,1.18790718497631622e-11,19,2,1,5.76460752303767552e+17,19,2,1,5.76460752303767552e+17,16,5,2,3.32306998945331719e+35,5.21827603999999951e+02,0,6.47729853931994097e-12,nan,0.00000000000000000e+00
18,1,-2.13075322929002057e-08,1.00000000000000000e+00,2.13086971797597161e-08,2,18,-2.13059527663676541e-08,-2.13086971797597161e-08,-2.13052810365892473e-08,-2.13046171738841296e-08,-2.13110722648243889e-08,-2.13107950770277524e-08,-2.13094545029588417e-08,-2.12987573605604384e-08,2.91511901607610781e-12,5.85981332369111042e-12,8.77493233976721824e-12,1.23149042639504588e-11,19,2,1,5.76460752303767552e+17,19,2,1,5.76460752303767552e+17,16,5,2,3.32306998945331719e+35,5.25434527000000003e+02,0,5.85981332369111042e-12,nan,0.00000000000000000e+00
18,2,-1.72261911266001379e-08,1.00000000000000000e+00,1.72373935200270241e-08,2,18,-1.72257060177534570e-08,-1.72202140005627674e-08,-1.72218026745002405e-08,-1.72373935200270241e-08,-1.72217566600995407e-08,-1.72289773447160068e-08,-1.72278146990111281e-08,-1.72224199220299606e-08,1.12023934268862548e-11,1.49735979970635318e-11,4.43446650059712846e-12,7.22068461646607994e-12,19,2,1,5.76460752303767552e+17,19,2,1,5.76460752303767552e+17,16,5,2,3.32306998945331719e+35,5.29105751000000055e+02,0,1.49735979970635318e-11,nan,0.00000000000000000e+00
18,3,-1.39299849090262079e-08,1.00000000000000000e+00,1.39395728842777671e-08,2,18,-1.39283335762775200e-08,-1.39290732533109703e-08,-1.39395728842777671e-08,-1.39230778418522536e-08,-1.39315198943299295e-08,-1.39183596608577801e-08,-1.39227249964270645e-08,-1.39338976038143859e-08,9.58797525155921141e-12,1.68478878507026051e-11,1.16252481684277630e-11,1.55379429566057824e-11,19,2,1,5.76460752303767552e+17,19,2,1,5.76460752303767552e+17,16,5,2,3.32306998945331719e+35,5.33249057999999991e+02,0,1.68478878507026051e-11,nan,0.00000000000000000e+00
19,0,-1.12692570305447665e-08,1.00000000000000000e+00,1.12693848461580795e-08,2,18,-1.12693848461580795e-08,-1.12688899508796044e-08,-1.12595852666744215e-08,-1.12680610626221500e-08,-1.12732030508885959e-08,-1.12585465838058727e-08,-1.12720369251586770e-08,-1.12714640724630692e-08,9.67176387034501060e-12,1.24516584842554739e-11,1.07104467388937840e-11,1.46564670827232185e-11,19,2,1,5.76460752303767552e+17,19,2,1,5.76460752303767552e+17,16,5,2,3.32306998945331719e+35,5.23332348000000025e+02,0,1.24516584842554739e-11,nan,0.00000000000000000e+00
19,1,-9.10793152808753732e-09,1.00000000000000000e+00,9.11654937706064393e-09,2,18,-9.10422587042364521e-09,-9.11209962067445739e-09,-9.11654937706064393e-09,-9.10184719394946033e-09,-9.11408972233733603e-09,-9.10646286207579644e-09,-9.11493704952519156e-09,-9.10582803150976498e-09,8.61784897310661093e-12,9.86385191369081748e-12,7.00552143765423389e-12,9.10901801542657910e-12,19,2,1,5.76460752303767552e+17,19,2,1,5.76460752303767552e+17,16,5,2,3.32306998945331719e+35,5.26518856000000028e+02,0,9.86385191369081748e-12,nan,0.00000000000000000e+00
19,2,-7.36297052192122427e-09,1.00000000000000000e+00,7.36484313142929868e-09,2,18,-7.35831273246246991e-09,-7.36328270036535437e-09,-7.36484313142929868e-09,-7.35708650764554479e-09,-7.35029572664374108e-09,-7.35594584163291418e-09,-7.36145637056420179e-09,-7.35972413995535058e-09,5.88401427567948498e-12,8.01700581872882833e-12,1.26747952774831927e-11,1.11606439204607166e-11,19,2,1,5.76460752303767552e+17,19,2,1,5.76460752303767552e+17,16,5,2,3.32306998945331719e+35,5.15702241999999956e+02,0,8.01700581872882833e-12,nan,0.00000000000000000e+00
19,3,-5.94790832006780891e-09,1.00000000000000000e+00,5.95525523855015077e-09,2,18,-5.95525523855015077e-09,-5.94553460569079051e-09,-5.94932464631674022e-09,-5.95161913366389873e-09,-5.94439223149394174e-09,-5.94464456908992115e-09,-5.94454506378046937e-09,-5.94503958293416532e-09,7.34691848234185952e-12,1.08630070562090286e-11,3.51608857386716908e-12,6.47351440223578283e-13,19,2,1,5.76460752303767552e+17,19,2,1,5.76460752303767552e+17,16,5,2,3.32306998945331719e+35,5.27446223000000032e+02,0,1.08630070562090286e-11,nan,0.00000000000000000e+00
20,0,-4.80042175514139527e-09,1.00000000000000000e+00,4.80794470673387274e-09,2,18,-4.78570979168094692e-09,-4.80794470673387274e-09,-4.80066074267206535e-09,-4.80267536851998741e-09,-4.79859100571713819e-09,-4.79826728703873181e-09,-4.79297123001173908e-09,-4.80330374583163186e-09,1.47119634604483520e-11,1.28812140361912727e-11,7.45052512965618934e-12,1.03325158198927790e-11,19,2,1,5.76460752303767552e+17,19,2,1,5.76460752303767552e+17,16,5,2,3.32306998945331719e+35,5.34355524999999943e+02,0,1.28812140361912727e-11,nan,0.00000000000000000e+00
20,1,-3.87131387204361838e-09,1.00000000000000000e+00,3.87949843295765948e-09,2,18,-3.86150063476313847e-09,-3.87949843295765948e-09,-3.87563443612088494e-09,-3.87429963310492454e-09,-3.86747167671161805e-09,-3.86821848729235310e-09,-3.87443747104142930e-09,-3.86900408501812319e-09,9.81323728047990186e-12,1.12799456653063808e-11,3.84219533200032901e-12,6.96579432981124839e-12,19,2,1,5.76460752303767552e+17,19,2,1,5.76460752303767552e+17,16,5,2,3.32306998945331719e+35,6.42642111999999997e+02,0,1.12799456653063808e-11,nan,0.00000000000000000e+00
20,2,-3.11741493989709333e-09,1.00000000000000000e+00,3.12855118936941545e-09,2,18,-3.12855118936941545e-09,-3.11209774358188634e-09,-3.12600803954998645e-09,-3.12374085983343593e-09,-3.11796408784633940e-09,-3.12500713007108251e-09,-3.11877833139515680e-09,-3.11240493119303512e-09,1.11362494723221195e-11,1.29093864891961700e-11,7.59219017398917710e-12,1.26021988780473890e-11,19,2,1,5.76460752303767552e+17,19,2,1,5.76460752303767552e+17,16,5,2,3.32306998945331719e+35,5.28634605999999962e+02,0,1.29093864891961700e-11,nan,0.00000000000000000e+00
20,3,-2.50876266634630150e-09,1.00000000000000000e+00,2.51817661487918779e-09,2,18,-2.51560953337104920e-09,-2.51335044167805137e-09,-2.51636930444645463e-09,-2.51817661487918779e-09,-2.52302756821068121e-09,-2.50651538992854988e-09,-2.51842661918524467e-09,-2.51448449196017086e-09,9.41394853288629497e-12,7.41803483963200836e-12,1.42649018643797160e-11,1.65121782821313319e-11,19,2,1,5.76460752303767552e+17,19,2,1,5.76460752303767552e+17,16,5,2,3.32306998945331719e+35,5.20535429000000022e+02,0,7.41803483963200836e-12,nan,0.00000000000000000e+00
21,0,-2.01864266266852915e-09,1.00000000000000000e+00,2.03026637539961793e-09,2,18,-2.01780001533448575e-09,-2.03026637539961793e-09,-2.01235126622231294e-09,-2.02481359405897178e-09,-2.01625348124749852e-09,-2.00261757769452669e-09,-2.02527756063667528e-09,-2.00585264225267609e-09,1.16237127310887774e-11,2.76487977050912354e-11,1.60250849740024580e-11,2.26599829421485897e-11,19,2,1,5.76460752303767552e+17,19,2,1,5.76460752303767552e+17,16,5,2,3.32306998945331719e+35,5.20414042999999992e+02,0,2.76487977050912354e-11,nan,0.00000000000000000e+00
21,1,-1.61893578873352243e-09,1.00000000000000000e+00,1.62882043699576135e-09,2,18,-1.62300551631008135e-09,-1.61659339181731695e-09,-1.61211927773517546e-09,-1.62882043699576135e-09,-1.63419957901772508e-09,-1.62506718194955769e-09,-1.62413263287808600e-09,-1.63929000692877483e-09,9.88464826223891476e-12,1.20133551429105440e-11,2.03542181952523951e-11,1.51573740506888253e-11,19,2,1,5.76460752303767552e+17,19,2,1,5.76460752303767552e+17,16,5,2,3.32306998945331719e+35,5.13209353999999962e+02,0,1.20133551429105440e-11,nan,0.00000000000000000e+00
21,2,-1.29902285697771474e-09,1.00000000000000000e+00,1.31088040940876034e-09,2,18,-1.28854029246152017e-09,-1.31088040940876034e-09,-1.29250814916878869e-09,-1.29199176154272988e-09,-1.29213700882908403e-09,-1.29411850606724966e-09,-1.31305756561556219e-09,-1.29788501425275934e-09,1.18575524310456077e-11,2.05494164467735047e-11,1.40347086378474547e-11,2.09205567864781581e-11,19,2,1,5.76460752303767552e+17,19,2,1,5.76460752303767552e+17,16,5,2,3.32306998945331719e+35,5.31880707000000029e+02,0,2.05494164467735047e-11,nan,0.00000000000000000e+00
21,3,-1.04118165131227843e-09,1.00000000000000000e+00,1.04234386163974223e-09,2,18,-1.04040151774261666e-09,-1.02738598848111403e-09,-1.04234386163974223e-09,-1.04040504977532451e-09,-1.04664972408551276e-09,-1.04628880897315865e-09,-1.04499456842692004e-09,-1.04886843540080507e-09,1.37956628311644018e-11,1.89028204920446199e-11,7.68678408852663295e-12,3.87386697388502738e-12,19,2,1,5.76460752303767552e+17,19,2,1,5.76460752303767552e+17,16,5,2,3.32306998945331719e+35,5.26891924000000017e+02,0,1.89028204920446199e-11,nan,0.00000000000000000e+00
22,0,-8.35972125564786322e-10,1.00000000000000000e+00,8.43877473004407341e-10,2,18,-8.43877473004407341e-10,-8.26474919251644052e-10,-8.41698562957714866e-10,-8.18623579479267921e-10,-8.27958245606189532e-10,-8.34368013153378873e-10,-8.34494267438264839e-10,-8.42973429604292111e-10,1.73485460855184014e-11,2.43498501250241903e-11,8.01387995859679011e-12,1.50151839981025791e-11,19,2,1,5.76460752303767552e+17,19,2,1,5.76460752303767552e+17,16,5,2,3.32306998945331719e+35,5.43869631000000027e+02,0,2.43498501250241903e-11,nan,0.00000000000000000e+00
22,1,-6.63256832000720965e-10,1.00000000000000000e+00,6.83978505403041074e-10,2,18,-6.71621799167512360e-10,-6.62498976285053228e-10,-6.83978505403041074e-10,-6.54410572954253506e-10,-6.73134518918063273e-10,-6.80437712412577012e-10,-6.75644553363696003e-10,-6.74277413799724572e-10,2.07216734023201096e-11,1.98668408454710653e-11,1.71808804118560476e-11,7.30319349451373923e-12,19,2,1,5.76460752303767552e+17,19,2,1,5.76460752303767552e+17,16,5,2,3.32306998945331719e+35,5.28858221999999955e+02,0,1.98668408454710653e-11,nan,0.00000000000000000e+00
22,2,-5.31757083765951654e-10,1.00000000000000000e+00,5.38979922946357774e-10,2,18,-5.34355576958377644e-10,-5.32202797347410391e-10,-5.38979922946357774e-10,-5.24749174412978062e-10,-5.28446101244180214e-10,-5.26800581367838454e-10,-5.32499299625153237e-10,-5.28274609888322281e-10,7.22283918040611995e-12,6.48062332120453690e-12,4.95650239811319972e-12,5.69871825731478277e-12,19,2,1,5.76460752303767552e+17,19,2,1,5.76460752303767552e+17,16,5,2,3.32306998945331719e+35,5.33023833999999965e+02,0,6.48062332120453690e-12,nan,0.00000000000000000e+00
22,3,-4.22992107316989530e-10,1.00000000000000000e+00,4.43337656281601834e-10,2,18,-4.21833133129789289e-10,-4.18717049191357713e-10,-4.43337656281601834e-10,-4.16940761359117493e-10,-4.32451462218929189e-10,-4.32648597922194699e-10,-4.18385686173717486e-10,-4.27669424519849319e-10,2.03455489646123043e-11,2.49519701078843480e-11,9.65649060520516863e-12,1.42629117484772123e-11,19,2,1,5.76460752303767552e+17,19,2,1,5.76460752303767552e+17,16,5,2,3.32306998945331719e+35,5.35456203999999957e+02,0,2.49519701078843480e-11,nan,0.00000000000000000e+00
23,0,-3.42552247082508662e-10,1.00000000000000000e+00,3.56398696268351248e-10,2,18,-3.34889428174852927e-10,-3.56398696268351248e-10,-3.53764402714792639e-10,-3.26207975124472670e-10,-3.50993360002457472e-10,-3.19176082410194397e-10,-3.36852806804616117e-10,-3.29038682980594166e-10,1.63442719580359927e-11,3.72226138581568507e-11,2.33761646723142652e-11,3.18172775922630745e-11,19,2,1,5.76460752303767552e+17,19,2,1,5.76460752303767552e+17,16,5,2,3.32306998945331719e+35,5.29212267999999995e+02,0,3.72226138581568507e-11,nan,0.00000000000000000e+00
23,1,-2.72522038354483915e-10,1.00000000000000000e+00,2.85775155325507923e-10,2,18,-2.78343859189802773e-10,-2.79667513702344719e-10,-2.85775155325507923e-10,-2.73168209866170332e-10,-2.77616186699003266e-10,-2.59206891685172854e-10,-2.71221522094768643e-10,-2.61914469389677127e-10,1.32531169710240076e-11,2.04606220171718657e-11,1.33151466693110617e-11,1.84092950138304125e-11,19,2,1,5.76460752303767552e+17,19,2,1,5.76460752303767552e+17,16,5,2,3.32306998945331719e+35,5.28307957999999985e+02,0,2.04606220171718657e-11,nan,0.00000000000000000e+00
23,2,-2.18493655702764024e-10,1.00000000000000000e+00,2.35518321052985091e-10,2,18,-2.35518321052985091e-10,-2.03803703331153184e-10,-2.21185774262350895e-10,-2.22127328232733335e-10,-2.50987356613021874e-10,-2.21523431651560421e-10,-1.95946547366949220e-10,-2.25669988362743721e-10,1.70246653502210670e-11,2.52392268954016750e-11,3.24937009102578503e-11,5.50408092460726547e-11,19,2,1,5.76460752303767552e+17,19,2,1,5.76460752303767552e+17,16,5,2,3.32306998945331719e+35,5.27546696999999995e+02,0,2.52392268954016750e-11,nan,0.00000000000000000e+00
23,3,-1.75732405336831496e-10,1.00000000000000000e+00,1.95864441911292222e-10,2,18,-1.89313467097316308e-10,-1.68738352641779176e-10,-1.95864441911292222e-10,-1.67739976057922126e-10,-1.62096417128340104e-10,-1.56786382224329289e-10,-2.03303778446603558e-10,-1.82999550509225051e-10,2.01320365744607263e-11,2.72170499689762040e-11,2.75713731097720622e-11,4.65173962222742686e-11,19,2,1,5.76460752303767552e+17,19,2,1,5.76460752303767552e+17,16,5,2,3.32306998945331719e+35,5.28154088000000002e+02,0,2.72170499689762040e-11,nan,0.00000000000000000e+00
24,0,-1.37815552016770376e-10,1.00000000000000000e+00,1.65575515070037939e-10,2,18,-1.65575515070037939e-10,-1.28235082211361971e-10,-1.43403289689679332e-10,-1.41819079089747726e-10,-1.40163881720314947e-10,-1.34354682583710812e-10,-1.25819017887883759e-10,-1.53899160529540749e-10,2.77599630532675631e-11,2.54116333497229918e-11,1.60836085127703729e-11,2.80801426416569900e-11,19,2,1,5.76460752303767552e+17,19,2,1,5.76460752303767552e+17,16,5,2,3.32306998945331719e+35,5.20380714000000012e+02,0,2.54116333497229918e-11,nan,0.00000000000000000e+00
24,1,-1.11161135903683313e-10,1.00000000000000000e+00,1.23461118134323189e-10,2,18,-9.48799843677831281e-11,-1.13984394939124342e-10,-1.23461118134323189e-10,-1.07047732908954477e-10,-1.01084594090965702e-10,-1.22674600820420189e-10,-1.12619033851458259e-10,-1.23750982851918920e-10,1.62811515359001847e-11,1.67032499429644427e-11,1.25898469482356068e-11,2.26663887609532175e-11,19,2,1,5.76460752303767552e+17,19,2,1,5.76460752303767552e+17,16,5,2,3.32306998945331719e+35,5.25379049000000009e+02,0,1.67032499429644427e-11,nan,0.00000000000000000e+00
24,2,-8.56131722502490037e-11,1.00000000000000000e+00,1.05569837888299456e-10,2,18,-1.00418388888709887e-10,-7.75012249049953922e-11,-1.05569837888299456e-10,-8.54282744004169329e-11,-1.17522738483029316e-10,-7.68460643776725999e-11,-6.95306989926278053e-11,-9.89671579726489590e-11,1.99566656380504527e-11,3.60391388956716511e-11,3.19095662327803126e-11,4.79920394904015109e-11,19,2,1,5.76460752303767552e+17,19,2,1,5.76460752303767552e+17,16,5,2,3.32306998945331719e+35,5.30337249000000043e+02,0,3.60391388956716511e-11,nan,0.00000000000000000e+00
24,3,-6.83628240586610887e-11,1.00000000000000000e+00,6.30153838905830595e-11,2,18,-6.30153838905830595e-11,-3.28992343054729030e-11,-4.57918395229167317e-11,-4.18543794016253300e-11,-6.39077473206449069e-11,-4.28650961944529424e-11,-7.24519374962792670e-11,-9.69811236975162965e-11,3.54635897531881857e-11,5.51267442958909665e-11,2.86182996388552077e-11,5.41160275030633541e-11,19,2,1,5.76460752303767552e+17,19,2,1,5.76460752303767552e+17,16,5,2,3.32306998945331719e+35,5.27418562999999949e+02,0,5.51267442958909665e-11,nan,0.00000000000000000e+00
25,0,-5.67433369909461430e-11,1.00000000000000000e+00,8.58128104948258197e-11,2,18,-5.33004747105464741e-11,-6.96985225363995651e-11,-8.58128104948258197e-11,-4.70933128799265094e-11,-5.30789988447035573e-11,-8.09781836184531969e-11,-7.61546850792549016e-11,-4.67190916525652086e-11,2.90694735038796767e-11,1.12796610820536319e-11,2.42348466275070539e-11,3.42590919658879883e-11,19,2,1,5.76460752303767552e+17,19,2,1,5.76460752303767552e+17,16,5,2,3.32306998945331719e+35,5.71083571000000006e+02,0,1.12796610820536319e-11,nan,0.00000000000000000e+00
25,1,-4.82968356845107744e-11,1.00000000000000000e+00,6.89250062924304097e-11,2,18,-4.30641471082999278e-11,-4.43028215101230962e-11,-6.89250062924304097e-11,-5.31400369462733644e-11,-4.39798396715319208e-11,-5.22617987998511853e-11,-1.69010633438799518e-11,-5.90158942216353953e-11,2.06281706079196353e-11,5.20239429485504579e-11,3.13957723406308226e-11,4.21148308777554435e-11,19,2,1,5.76460752303767552e+17,19,2,1,5.76460752303767552e+17,16,5,2,3.32306998945331719e+35,5.30763980999999944e+02,0,5.20239429485504579e-11,nan,0.00000000000000000e+00
25,2,-3.80288469977579174e-11,1.00000000000000000e+00,5.98405620238740593e-11,2,18,-5.98405620238740593e-11,-2.00184767234490794e-11,-3.82974766000853646e-11,-3.12203248721274966e-11,-6.29742148234829532e-11,-3.95962465290218053e-11,-4.23733389180076345e-11,-2.10002742713624694e-11,2.18117150261161419e-11,1.95777698055727259e-11,2.49453678257250358e-11,4.19739405521204838e-11,19,2,1,5.76460752303767552e+17,19,2,1,5.76460752303767552e+17,16,5,2,3.32306998945331719e+35,5.42515616000000023e+02,0,1.95777698055727259e-11,nan,0.00000000000000000e+00
25,3,-3.20732550369024696e-11,1.00000000000000000e+00,5.87879527494339893e-11,2,18,-3.92826560909984888e-11,-5.28292177148731380e-11,-5.87879527494339893e-11,-6.50023594038152997e-12,-4.10018030075196414e-11,-2.24967289249181877e-11,-2.04299698387788761e-11,-2.23642729836560247e-11,2.67146977125315196e-11,3.83579829106551132e-11,1.16432851981235935e-11,2.05718331687407653e-11,19,2,1,5.76460752303767552e+17,19,2,1,5.76460752303767552e+17,16,5,2,3.32306998945331719e+35,5.42636034999999993e+02,0,3.83579829106551132e-11,nan,0.00000000000000000e+00
26,0,-1.92540529122194109e-11,1.00000000000000000e+00,3.23931938257615250e-11,2,18,-3.23931938257615250e-11,-1.86049221655568555e-11,1.89844974979127490e-11,5.69378776540184696e-13,1.74690298687715104e-12,-3.25636215448407003e-11,-2.19546766886094823e-12,-1.06490447287962068e-11,3.82385504101321599e-11,3.41400968126386756e-11,2.10009558990965615e-11,3.43105245317178509e-11,19,2,1,5.76460752303767552e+17,19,2,1,5.76460752303767552e+17,16,5,2,3.32306998945331719e+35,5.21989072999999962e+02,0,3.41400968126386756e-11,nan,0.00000000000000000e+00
26,1,-1.79616505686000671e-11,1.00000000000000000e+00,4.56156046486198951e-11,2,18,-3.36530624511161156e-11,5.15301821633462915e-12,-4.56156046486198951e-11,-2.44791221199014562e-12,-1.33228207764243513e-11,-3.98818593227698777e-11,-6.39365881704843855e-12,-5.27306420673482546e-11,2.76539540800198280e-11,5.02827298553581114e-11,3.47689914987481875e-11,4.63369832502998144e-11,19,2,1,5.76460752303767552e+17,19,2,1,5.76460752303767552e+17,16,5,2,3.32306998945331719e+35,5.31378135000000043e+02,0,5.02827298553581114e-11,nan,0.00000000000000000e+00
26,2,-6.37661167838794235e-12,1.00000000000000000e+00,4.54513310765281150e-11,2,18,4.54513310765281150e-11,-2.76887494187316944e-11,-1.23780421522952090e-11,-3.22730180174155893e-12,3.98358337838566273e-11,2.28925627499500581e-11,1.66639754707355920e-11,-4.09245563646630569e-11,5.18279427549160573e-11,5.05813121686817492e-11,4.62124454622445697e-11,8.07603901485196777e-11,19,2,1,5.76460752303767552e+17,19,2,1,5.76460752303767552e+17,16,5,2,3.32306998945331719e+35,5.27194646000000034e+02,0,5.05813121686817492e-11,nan,0.00000000000000000e+00
26,3,-2.07617781826054889e-12,1.00000000000000000e+00,2.65593079949073053e-11,2,18,6.71413852538323571e-12,2.42949841340280349e-11,2.65593079949073053e-11,-1.23299023649686971e-11,3.35449508618970621e-12,1.84516144204239550e-12,1.33156462115243929e-11,-2.41618159394894879e-11,2.86354858131678550e-11,2.24498226919856394e-11,2.20856381212289382e-11,3.74774621510138841e-11,19,2,1,5.76460752303767552e+17,19,2,1,5.76460752303767552e+17,16,5,2,3.32306998945331719e+35,5.24525313999999980e+02,0,2.24498226919856394e-11,nan,0.00000000000000000e+00
27,0,6.28748646143226117e-13,1.00000000000000000e+00,1.65931205685348212e-11,2,18,-1.65931205685348212e-11,-6.12533845571952797e-12,5.20887908700720977e-12,1.18984449293764983e-11,-6.56436395861009065e-12,3.03367710794678610e-11,-1.28660171916271928e-12,7.81099977513625338e-12,1.72218692146780481e-11,3.64621095351873865e-11,2.97080224333246341e-11,3.69011350380779533e-11,19,2,1,5.76460752303767552e+17,19,2,1,5.76460752303767552e+17,16,5,2,3.32306998945331719e+35,5.27299615000000017e+02,0,3.64621095351873865e-11,nan,0.00000000000000000e+00
27,1,9.96751834330293511e-12,1.00000000000000000e+00,2.23689774471913200e-11,2,18,2.23689774471913200e-11,1.08171678074714455e-11,1.00031774429405013e-11,7.12443933191057693e-12,7.11846056841067467e-12,-2.34872592985577838e-11,1.98550843715683701e-11,-4.31386234325828020e-12,1.24014591038883848e-11,3.43044271060292292e-11,3.34547776418607189e-11,4.33423436701261539e-11,19,2,1,5.76460752303767552e+17,19,2,1,5.76460752303767552e+17,16,5,2,3.32306998945331719e+35,5.22856607000000054e+02,0,3.43044271060292292e-11,nan,0.00000000000000000e+00
27,2,1.66724197598608573e-11,1.00000000000000000e+00,4.25424140375391366e-11,2,18,-1.66749934112750107e-11,4.25424140375391366e-11,-1.60607113724788651e-12,2.53620912405917484e-11,8.78667081399562994e-11,6.48108910432064716e-12,3.89376282396135028e-11,3.72104772369254823e-11,3.33474131711358680e-11,1.04541701551231313e-10,7.11942883800954453e-11,8.13856190356356522e-11,19,2,1,5.76460752303767552e+17,19,2,1,5.76460752303767552e+17,16,5,2,3.32306998945331719e+35,5.16661799999999971e+02,0,1.04541701551231313e-10,nan,0.00000000000000000e+00
27,3,1.22994591035424043e-11,1.00000000000000000e+00,5.00436710065682425e-11,2,18,5.00436710065682425e-11,2.05251048019025192e-11,4.93080283428610271e-11,-3.67226330739796525e-11,-8.66963327168135296e-12,2.47473630298475246e-11,-4.71443252580162645e-13,6.74017257674989192e-12,4.90220921775220535e-11,5.87133042782495906e-11,2.09690923752237556e-11,3.34169963015288759e-11,19,2,1,5.76460752303767552e+17,19,2,1,5.76460752303767552e+17,16,5,2,3.32306998945331719e+35,5.25506208000000015e+02,0,5.87133042782495906e-11,nan,0.00000000000000000e+00
28,0,4.09916451791625531e-12,1.00000000000000000e+00,3.18147607697738249e-11,2,18,7.86960880644326496e-12,3.18147607697738249e-11,9.07606466518762317e-12,-9.98243214190559578e-12,-1.10780499516327665e-11,5.59447184272034171e-11,3.00904644166382529e-11,-3.00033053841168219e-11,2.77155962518575680e-11,2.41299576574295922e-11,5.18455539092871602e-11,8.59480238113202390e-11,19,2,1,5.76460752303767552e+17,19,2,1,5.76460752303767552e+17,16,5,2,3.32306998945331719e+35,5.25303683999999976e+02,0,2.41299576574295922e-11,nan,0.00000000000000000e+00
28,1,-6.56433258468008559e-12,1.00000000000000000e+00,1.64157260512460051e-11,2,18,-3.86755220812154932e-13,9.36833664709483357e-12,6.64512641586070147e-12,1.64157260512460051e-11,8.39185067445997629e-12,-1.79228539844260349e-13,1.25171721435285978e-11,8.96186523726830394e-12,2.29800586359260915e-11,9.54756518693909473e-12,1.90815047282086842e-11,1.26964006833728574e-11,19,2,1,5.76460752303767552e+17,19,2,1,5.76460752303767552e+17,16,5,2,3.32306998945331719e+35,5.33641883000000007e+02,0,9.54756518693909473e-12,nan,0.00000000000000000e+00
28,2,-1.01912775872802240e-11,1.00000000000000000e+00,8.48242668497043704e-11,2,18,3.89132099988767626e-11,3.49114308295549154e-11,-8.48242668497043704e-11,-3.93222521892827903e-11,4.14829806560107485e-11,1.77859473153393768e-11,2.85372307169636778e-11,-9.82513460177123844e-12,7.46329892624241528e-11,1.13361497566668055e-10,5.16742582432909725e-11,5.13081152577819902e-11,19,2,1,5.76460752303767552e+17,19,2,1,5.76460752303767552e+17,16,5,2,3.32306998945331719e+35,5.51809594999999945e+02,0,1.13361497566668055e-10,nan,0.00000000000000000e+00
28,3,-1.38675341478170231e-11,1.00000000000000000e+00,6.06004878598832557e-11,2,18,-3.31850625566869396e-11,-3.59467555531998178e-11,3.74251835853932234e-11,-6.06004878598832557e-11,-1.32289471882919876e-11,-7.49615870369699398e-12,-1.20777193204269316e-11,1.74885166781918573e-11,5.12927177332102481e-11,7.80890045380751130e-11,3.13560508260088820e-11,3.07174638664838416e-11,19,2,1,5.76460752303767552e+17,19,2,1,5.76460752303767552e+17,16,5,2,3.32306998945331719e+35,5.48066993000000025e+02,0,7.80890045380751130e-11,nan,0.00000000000000000e+00
29,0,-1.69180651900651078e-11,1.00000000000000000e+00,9.92792849627317518e-11,2,18,6.09921057796184586e-11,-1.46965397529818950e-11,2.60061566258038220e-11,-9.92792849627317518e-11,-6.45348853023594374e-11,1.39876252401256469e-11,3.05069575901222111e-11,-7.68749118298194219e-12,8.23612197726666440e-11,1.25526991081977896e-10,4.76168201122943296e-11,9.50418428924816420e-11,19,2,1,5.76460752303767552e+17,19,2,1,5.76460752303767552e+17,16,5,2,3.32306998945331719e+35,5.31879953000000000e+02,0,1.25526991081977896e-10,nan,0.00000000000000000e+00
29,1,-8.06757731287049079e-12,1.00000000000000000e+00,7.48171853035034139e-11,2,18,-2.92775459932553566e-11,-8.71328855364953530e-13,-7.48171853035034139e-11,-6.52531358428947189e-11,1.30994947456224393e-12,-1.04840570574651418e-11,-4.96157377849231736e-12,1.29531784639633878e-11,6.67496079906329248e-11,7.82063143068581050e-11,2.10207557768338786e-11,2.34372355214285296e-11,19,2,1,5.76460752303767552e+17,19,2,1,5.76460752303767552e+17,16,5,2,3.32306998945331719e+35,5.37445027999999979e+02,0,7.82063143068581050e-11,nan,0.00000000000000000e+00
29,2,-1.24086492871318271e-11,1.00000000000000000e+00,3.91772341863417297e-11,2,18,-2.78172630118958660e-11,3.91772341863417297e-11,-8.43945133087542624e-12,1.08830319916863416e-12,5.26727417157277991e-12,9.87281362081236128e-12,2.04331888749066876e-12,7.62111774914993546e-12,5.15858834734735568e-11,3.30845371834686459e-11,2.22814629079441884e-11,7.82949473332169252e-12,19,2,1,5.76460752303767552e+17,19,2,1,5.76460752303767552e+17,16,5,2,3.32306998945331719e+35,5.40446434999999951e+02,0,3.30845371834686459e-11,nan,0.00000000000000000e+00
29,3,-1.40305289356912074e-11,1.00000000000000000e+00,5.19966778342904521e-11,2,18,-5.19966778342904521e-11,2.36464930113327155e-11,-1.41064620635179972e-11,4.51403086828064750e-12,-9.72872846696625376e-11,4.14621323957043878e-11,1.36121887479752077e-11,-3.16415775130254931e-11,3.79661488985992431e-11,4.52906068353720856e-11,8.32567557339713286e-11,1.38749417065366919e-10,19,2,1,5.76460752303767552e+17,19,2,1,5.76460752303767552e+17,16,5,2,3.32306998945331719e+35,5.30616379000000052e+02,0,4.52906068353720856e-11,nan,0.00000000000000000e+00
30,0,3.46222862645601355e-11,1.00000000000000000e+00,7.31091551886086473e-11,2,18,7.19705991446045753e-11,5.50380686395266846e-11,-7.31091551886086473e-11,-1.42450332942116985e-11,5.94842625239381928e-11,-1.30622037683780165e-11,1.02591245922098650e-10,1.93892953783733637e-11,1.07731441453168776e-10,1.75700401110707310e-10,6.79689596575385083e-11,1.15653449690476663e-10,19,2,1,5.76460752303767552e+17,19,2,1,5.76460752303767552e+17,16,5,2,3.32306998945331719e+35,5.22228214999999977e+02,0,1.75700401110707310e-10,nan,0.00000000000000000e+00
30,1,-3.73457997820363619e-12,1.00000000000000000e+00,6.91998711600593458e-11,2,18,3.71319180736832594e-11,-6.91998711600593458e-11,-4.10874507290939347e-11,-8.14307459892464722e-12,-1.35871257731707830e-11,-1.34004922674389933e-11,2.25340529384875270e-11,3.14443438147696817e-11,6.54652911818557063e-11,6.36215036675814682e-11,3.51789237929733146e-11,4.50314695879404631e-11,19,2,1,5.76460752303767552e+17,19,2,1,5.76460752303767552e+17,16,5,2,3.32306998945331719e+35,6.02556849000000057e+02,0,6.36215036675814682e-11,nan,0.00000000000000000e+00
30,2,2.05923255759559906e-11,1.00000000000000000e+00,1.48027682857696906e-10,2,18,-2.79204255487142712e-12,6.50340140067476202e-11,2.36647854440427070e-11,1.48027682857696906e-10,6.41244455012353778e-12,4.19407999510494248e-12,1.66809612476529057e-11,6.13271041390721624e-11,1.27435357281740925e-10,8.67005787186247435e-11,4.07347785631161686e-11,5.71330241439672199e-11,19,2,1,5.76460752303767552e+17,19,2,1,5.76460752303767552e+17,16,5,2,3.32306998945331719e+35,5.35385951999999975e+02,0,8.67005787186247435e-11,nan,0.00000000000000000e+00
30,3,2.43599038254253799e-11,1.00000000000000000e+00,9.67506459236137350e-11,2,18,-4.91308967845256964e-11,9.67506459236137350e-11,-7.76179024336005451e-11,8.30690146623456209e-11,-3.99541612199448947e-11,1.24557858761538194e-11,-2.78246714441842426e-12,-3.49084565239920599e-11,1.01977806259025928e-10,1.17977471186337668e-10,6.43140650453702713e-11,5.24099470960987141e-11,19,2,1,5.76460752303767552e+17,19,2,1,5.76460752303767552e+17,16,5,2,3.32306998945331719e+35,5.35335391999999956e+02,0,1.17977471186337668e-10,nan,0.00000000000000000e+00
31,0,-2.06204477672138779e-12,1.00000000000000000e+00,7.19441945393526140e-11,2,18,-7.19441945393526140e-11,-6.87146856648873558e-12,-7.55375063591672114e-12,3.08951655797861621e-12,5.54217238344892254e-11,-4.86318530528017831e-12,-1.14384349286670841e-11,-2.32490076828504711e-11,6.98821497626312262e-11,1.27365918373841826e-10,5.74837686112106132e-11,7.86707315173396932e-11,19,2,1,5.76460752303767552e+17,19,2,1,5.76460752303767552e+17,16,5,2,3.32306998945331719e+35,5.14640609000000040e+02,0,1.27365918373841826e-10,nan,0.00000000000000000e+00
31,1,3.28222694431198955e-12,1.00000000000000000e+00,5.34778458107181503e-11,2,18,1.69777956299605526e-11,-5.34778458107181503e-11,-1.35865543212448155e-12,3.94199201531721847e-11,9.33265981578648897e-12,-7.90270863937269423e-11,1.03720446395199771e-10,-6.78554995609575908e-11,5.67600727550301415e-11,1.07275419714129776e-10,1.00438219450887780e-10,1.82747532788926727e-10,19,2,1,5.76460752303767552e+17,19,2,1,5.76460752303767552e+17,16,5,2,3.32306998945331719e+35,5.29910612000000015e+02,0,1.07275419714129776e-10,nan,0.00000000000000000e+00
31,2,-2.46306124363340550e-11,1.00000000000000000e+00,4.97725287628010278e-11,2,18,1.20618201508977984e-11,7.46077899514995721e-12,-4.97725287628010278e-11,-3.33613709723104697e-11,1.03787028271747667e-11,-1.11150761852722249e-10,-1.56068244276297619e-12,2.18673209394528178e-11,3.66924325872318534e-11,1.18611540847872201e-10,8.65201494163881971e-11,1.33018082792175067e-10,19,2,1,5.76460752303767552e+17,19,2,1,5.76460752303767552e+17,16,5,2,3.32306998945331719e+35,5.29329630999999949e+02,0,1.18611540847872201e-10,nan,0.00000000000000000e+00
31,3,-2.56649361510208730e-11,1.00000000000000000e+00,1.33988295953217268e-10,2,18,-1.33988295953217268e-10,-6.90859410378784551e-11,5.51253185310698247e-11,6.93143639138079512e-12,-7.57748712118396442e-12,5.94155529439317320e-11,8.22721945189973603e-12,2.63497247850675361e-11,1.08323359802196398e-10,1.28501493981810187e-10,8.50804890949526018e-11,6.69930400651156997e-11,19,2,1,5.76460752303767552e+17,19,2,1,5.76460752303767552e+17,16,5,2,3.32306998945331719e+35,5.30117114000000015e+02,0,1.28501493981810187e-10,nan,0.00000000000000000e+00
32,0,-1.61421097595108387e-11,1.00000000000000000e+00,9.19774878407935808e-11,2,18,-9.19774878407935808e-11,2.09982036056135534e-11,-6.29553391982600314e-11,-2.92872747211466593e-12,-6.24970481753533001e-11,1.22892374442211934e-10,-7.67975378153865573e-11,-6.70367080301686291e-12,7.58353780812827486e-11,1.01894170836598387e-10,1.39034484201722766e-10,1.99689912257598478e-10,19,2,1,5.76460752303767552e+17,19,2,1,5.76460752303767552e+17,16,5,2,3.32306998945331719e+35,5.27393678000000023e+02,0,1.01894170836598387e-10,nan,0.00000000000000000e+00
32,1,-1.06263145200210165e-11,1.00000000000000000e+00,9.53613422620237731e-11,2,18,-4.41380859573074725e-11,9.53613422620237731e-11,-1.54597889147225144e-11,-1.90169084140306649e-11,-2.12637749024073516e-11,2.68921216680952178e-11,1.06813035422244249e-11,-3.25019623573048202e-12,1.05987656782044783e-10,6.84692205939285521e-11,3.75184361881162310e-11,4.81558965705025662e-11,19,2,1,5.76460752303767552e+17,19,2,1,5.76460752303767552e+17,16,5,2,3.32306998945331719e+35,5.25733663999999976e+02,0,6.84692205939285521e-11,nan,0.00000000000000000e+00
32,2,-1.45121535982085653e-11,1.00000000000000000e+00,1.08346662756761698e-10,2,18,1.41173206629800679e-11,7.25082565833992981e-11,4.38972724411008862e-11,-1.08346662756761698e-10,4.56707730744007499e-11,5.08375038836355136e-12,-3.38103354644904875e-11,1.85714915958063803e-12,9.38345091585531389e-11,1.10203811916342334e-10,6.01829266726093152e-11,7.94811085388912374e-11,19,2,1,5.76460752303767552e+17,19,2,1,5.76460752303767552e+17,16,5,2,3.32306998945331719e+35,5.27780754000000002e+02,0,1.10203811916342334e-10,nan,0.00000000000000000e+00
32,3,-2.81182253571468279e-12,1.00000000000000000e+00,5.38441046255323604e-11,2,18,5.38441046255323604e-11,-1.87403132255858091e-11,3.95809021463541040e-11,2.51099796200391828e-11,-3.60737501073921265e-11,-2.24589093200381463e-11,-2.72137691417424387e-11,-7.50298084342161492e-11,5.66559271612470432e-11,1.00139788054255329e-10,7.22179858985014728e-11,5.25708991141780029e-11,19,2,1,5.76460752303767552e+17,19,2,1,5.76460752303767552e+17,16,5,2,3.32306998945331719e+35,5.34919228999999973e+02,0,1.00139788054255329e-10,nan,0.00000000000000000e+00
33,0,3.44395539528606188e-11,1.00000000000000000e+00,6.49413540041430799e-11,2,18,5.99146027353099759e-11,6.49413540041430799e-11,5.09594349023905692e-11,1.77374780529812572e-11,4.17257490742299565e-11,-3.97211256495607945e-11,9.29357468548195645e-11,-1.12763837678459308e-10,3.05018000512824611e-11,1.30501315731440562e-10,1.47203391631319927e-10,2.05699584533278885e-10,19,2,1,5.76460752303767552e+17,19,2,1,5.76460752303767552e+17,16,5,2,3.32306998945331719e+35,5.21736156000000051e+02,0,1.30501315731440562e-10,nan,0.00000000000000000e+00
33,1,2.58988873284276610e-11,1.00000000000000000e+00,1.82883836008116901e-10,2,18,1.82883836008116901e-10,4.58777627205792505e-11,7.29125103666320883e-11,-8.61860311947983247e-11,-9.97764644219261844e-11,1.63562537939191840e-10,-2.27082796443542779e-11,5.22016679429636266e-11,1.56984948679689240e-10,2.82660300430043059e-10,1.37663650610764179e-10,2.63339002361118024e-10,19,2,1,5.76460752303767552e+17,19,2,1,5.76460752303767552e+17,16,5,2,3.32306998945331719e+35,5.22931785999999988e+02,0,2.82660300430043059e-10,nan,0.00000000000000000e+00
33,2,3.03991407092557226e-11,1.00000000000000000e+00,1.52636615448689408e-10,2,18,3.29333689247940531e-11,-1.52636615448689408e-10,9.19629863069004764e-11,-6.93957224504730876e-13,8.04506262841736506e-11,1.46241515534776511e-10,4.11980993140629577e-11,-7.18220731724670204e-11,1.83035756157945125e-10,2.98878130983465894e-10,1.15842374825520795e-10,2.18063588707243532e-10,19,2,1,5.76460752303767552e+17,19,2,1,5.76460752303767552e+17,16,5,2,3.32306998945331719e+35,5.69084498000000053e+02,0,2.98878130983465894e-10,nan,0.00000000000000000e+00
33,3,5.46934972222566547e-11,1.00000000000000000e+00,2.05091079109504621e-10,2,18,2.05091079109504621e-10,6.29391829762472031e-11,-4.05469751869405923e-11,4.67300808561086671e-11,5.52612650004385657e-11,-1.99221841313120349e-11,3.67175661534013174e-11,-1.25856912372631107e-10,1.50397581887247973e-10,1.72586993228739775e-10,1.80550409594887756e-10,1.81118177373069667e-10,19,2,1,5.76460752303767552e+17,19,2,1,5.76460752303767552e+17,16,5,2,3.32306998945331719e+35,5.36650991999999974e+02,0,1.72586993228739775e-10,nan,0.00000000000000000e+00
34,0,-6.96133557223458716e-12,1.00000000000000000e+00,1.15878022922437970e-10,2,18,-6.14534915153137960e-11,6.28743784612945414e-11,-1.15878022922437970e-10,8.81326147515139949e-12,-4.72816982714503444e-11,1.01795997421357180e-10,1.06230923924941613e-10,9.75950345780316087e-11,1.08916687350203382e-10,2.22108946847379583e-10,1.13192259497176200e-10,1.53512622196391958e-10,19,2,1,5.76460752303767552e+17,19,2,1,5.76460752303767552e+17,16,5,2,3.32306998945331719e+35,5.23249528000000055e+02,0,2.22108946847379583e-10,nan,0.00000000000000000e+00
34,1,2.85964581404406703e-11,1.00000000000000000e+00,4.93034988275764412e-11,2,18,-4.93034988275764412e-11,7.62142052966009036e-12,4.33866094420471923e-11,1.61226526367749165e-12,4.76806829139907265e-11,-7.44172472219497422e-12,-5.83316857608103970e-11,6.28635677695239533e-11,7.78999569680171180e-11,1.01718295202857583e-10,8.69281439012510673e-11,1.21195253530334363e-10,19,2,1,5.76460752303767552e+17,19,2,1,5.76460752303767552e+17,16,5,2,3.32306998945331719e+35,5.25999928999999952e+02,0,1.01718295202857583e-10,nan,0.00000000000000000e+00
34,2,2.54513562138717778e-11,1.00000000000000000e+00,1.78780436353139658e-10,2,18,1.82676097212956148e-11,1.53828035038448735e-10,1.78780436353139658e-10,1.33888790148906988e-10,6.33769893912528419e-11,4.88542185599023457e-11,8.69526350417020231e-11,9.41136619007983934e-11,1.53329080139267890e-10,1.04973816478546389e-10,6.86623056869266124e-11,4.52594433408960477e-11,19,2,1,5.76460752303767552e+17,19,2,1,5.76460752303767552e+17,16,5,2,3.32306998945331719e+35,5.26476331999999957e+02,0,1.04973816478546389e-10,nan,0.00000000000000000e+00
34,3,2.65640816333094846e-11,1.00000000000000000e+00,1.08959561895304936e-10,2,18,2.09340815395635572e-11,1.06208687712790593e-10,1.08959561895304936e-10,5.48972972363408517e-11,3.34607148730284020e-11,1.34971587257324804e-11,-3.49338598981375296e-11,-4.70795742036024300e-11,8.23954802619954448e-11,1.43893421793442459e-10,7.36436558369119146e-11,8.05402890766308320e-11,19,2,1,5.76460752303767552e+17,19,2,1,5.76460752303767552e+17,16,5,2,3.32306998945331719e+35,5.23562515999999960e+02,0,1.43893421793442459e-10,nan,0.00000000000000000e+00
35,0,-6.12139956834877469e-11,1.00000000000000000e+00,1.37649887182361405e-10,2,18,1.05148952190421277e-10,1.37649887182361405e-10,-6.25335694398940050e-12,3.90536355660076092e-11,-1.52550724605565159e-11,6.19350860426599936e-11,-8.78704660707854124e-11,2.71778625068447617e-11,1.98863882865849164e-10,1.20404024650977793e-10,1.23149081726147753e-10,1.49805552113445406e-10,19,2,1,5.76460752303767552e+17,19,2,1,5.76460752303767552e+17,16,5,2,3.32306998945331719e+35,5.45887891999999965e+02,0,1.20404024650977793e-10,nan,0.00000000000000000e+00
35,1,1.99671742663343506e-12,1.00000000000000000e+00,1.44348505669452140e-10,2,18,1.44348505669452140e-10,2.47669546722579701e-11,-4.07257521738793826e-11,1.46685545778021611e-11,2.98981146976271052e-11,-7.38490279476474451e-11,9.12303596813037815e-11,1.80926411147062494e-10,1.42351788242818717e-10,1.66257856569260327e-10,1.78929693720429071e-10,2.54775439094709939e-10,19,2,1,5.76460752303767552e+17,19,2,1,5.76460752303767552e+17,16,5,2,3.32306998945331719e+35,5.31509224000000017e+02,0,1.66257856569260327e-10,nan,0.00000000000000000e+00
35,2,-3.08168473456723082e-11,1.00000000000000000e+00,1.73068045864576290e-10,2,18,-3.87312655468481126e-11,6.09520661256804495e-11,-1.13253735630933654e-11,1.73068045864576290e-10,1.22551201809622484e-10,-3.49391034457731931e-11,-1.52974659347904279e-10,1.78478547423178663e-11,2.03884893210248605e-10,1.61282467356470584e-10,1.53368049155294799e-10,2.75525861157526763e-10,19,2,1,5.76460752303767552e+17,19,2,1,5.76460752303767552e+17,16,5,2,3.32306998945331719e+35,5.39131893999999988e+02,0,1.61282467356470584e-10,nan,0.00000000000000000e+00
35,3,-2.25447293793763487e-11,1.00000000000000000e+00,1.12076077352446207e-10,2,18,9.68536736980252013e-11,-1.12076077352446207e-10,5.38669724211939061e-11,3.02119437134521918e-11,1.65076289874530586e-10,-7.34647461131915086e-11,6.16828730662216094e-11,6.12700099296422448e-11,1.19398403077401550e-10,6.82226161765053849e-11,1.87621019253906935e-10,2.38541035987722095e-10,19,2,1,5.76460752303767552e+17,19,2,1,5.76460752303767552e+17,16,5,2,3.32306998945331719e+35,5.36111865999999964e+02,0,6.82226161765053849e-11,nan,0.00000000000000000e+00
36,0,6.74341378457532572e-11,1.00000000000000000e+00,6.79038845323990710e-11,2,18,-5.12189585343603024e-11,-2.21702993000408882e-11,-4.88740194140178698e-12,-6.79038845323990710e-11,6.75687133335944634e-11,1.76080684130712381e-10,1.80469419719952032e-11,4.82101622579954978e-11,1.35338022378152315e-10,1.98250983430753263e-10,1.08646546284959124e-10,1.58033742158717165e-10,19,2,1,5.76460752303767552e+17,19,2,1,5.76460752303767552e+17,16,5,2,3.32306998945331719e+35,5.73619964999999979e+02,0,1.98250983430753263e-10,nan,0.00000000000000000e+00
36,1,2.95182876994169755e-11,1.00000000000000000e+00,1.95028041808875310e-10,2,18,1.31694497565027836e-10,1.95028041808875310e-10,5.09982906850543815e-11,-1.90354750857047115e-11,-4.72225959015759814e-11,1.54021925873548243e-11,2.82316523522510635e-11,4.72618751517175293e-11,1.65509754109458334e-10,1.79625849221520473e-10,7.67408836009929569e-11,9.44844710532935107e-11,19,2,1,5.76460752303767552e+17,19,2,1,5.76460752303767552e+17,16,5,2,3.32306998945331719e+35,5.49426013000000012e+02,0,1.79625849221520473e-10,nan,0.00000000000000000e+00
36,2,2.09994527034192150e-11,1.00000000000000000e+00,2.48535788099345400e-10,2,18,1.47143067752747038e-11,2.48535788099345400e-10,1.86720196623649087e-11,1.09304854975718518e-10,1.12812203468828737e-10,2.50640856328304162e-10,-2.49381361446579949e-11,1.15864888256348279e-10,2.27536335395926182e-10,9.80978966935540335e-11,2.29641403624884944e-10,2.75578992472962157e-10,19,2,1,5.76460752303767552e+17,19,2,1,5.76460752303767552e+17,16,5,2,3.32306998945331719e+35,5.59808211000000028e+02,0,9.80978966935540335e-11,nan,0.00000000000000000e+00
36,3,8.01016650402844566e-11,1.00000000000000000e+00,1.64442684627999271e-10,2,18,6.70063990767516256e-11,1.62374345749824929e-10,-1.64442684627999271e-10,3.20590344539643603e-12,1.89816531972558314e-11,-1.08296454882534607e-10,6.63095168594063091e-11,-1.19313506980309445e-10,2.44544349668283727e-10,2.70670800632359523e-10,1.99415172020593902e-10,1.85623023839715754e-10,19,2,1,5.76460752303767552e+17,19,2,1,5.76460752303767552e+17,16,5,2,3.32306998945331719e+35,5.34524448000000007e+02,0,2.70670800632359523e-10,nan,0.00000000000000000e+00
37,0,9.09483743292418058e-11,1.00000000000000000e+00,1.60999095962959403e-10,2,18,5.96378293391342485e-11,-1.60999095962959403e-10,-1.47284678411615057e-10,9.96745770914121454e-11,1.97207757852401118e-11,1.32596486384069484e-10,6.46578195782953052e-12,8.00016292433780414e-11,2.51947470292201183e-10,2.93595582347028887e-10,8.44825923714122753e-11,1.26130704426239967e-10,19,2,1,5.76460752303767552e+17,19,2,1,5.76460752303767552e+17,16,5,2,3.32306998945331719e+35,5.39192287999999962e+02,0,2.93595582347028887e-10,nan,0.00000000000000000e+00
37,1,3.76550184663345431e-11,1.00000000000000000e+00,1.12286779047116533e-10,2,18,8.24581594150328793e-11,-1.08011385975564525e-10,-1.12286779047116533e-10,-5.91279786352664543e-11,-7.05611395053194193e-11,-1.25765332251586663e-10,-2.39190643441971668e-10,-1.00947133409633556e-10,1.49941797513451089e-10,1.53019298920352299e-10,2.76845661908306224e-10,1.68629503936652248e-10,19,2,1,5.76460752303767552e+17,19,2,1,5.76460752303767552e+17,16,5,2,3.32306998945331719e+35,5.49598399999999970e+02,0,1.53019298920352299e-10,nan,0.00000000000000000e+00
37,2,9.18067252689725043e-11,1.00000000000000000e+00,3.83408812836241016e-10,2,18,1.09749478852338023e-10,3.83408812836241016e-10,-2.02196902146894008e-11,1.68966572542466594e-10,2.62447083361439682e-10,1.11523664452373291e-10,5.09074751440595158e-10,1.78184268982402768e-10,2.91602087567268498e-10,5.29294441655284533e-10,4.17268026171622640e-10,3.97551086988221879e-10,19,2,1,5.76460752303767552e+17,19,2,1,5.76460752303767552e+17,16,5,2,3.32306998945331719e+35,5.32495935000000031e+02,0,5.29294441655284533e-10,nan,0.00000000000000000e+00
37,3,1.10513196316694600e-10,1.00000000000000000e+00,4.27512269492979525e-10,2,18,1.18312299470187004e-10,1.80317124447495145e-10,4.27512269492979525e-10,-1.65893995783721804e-10,2.60300494855448072e-10,2.06240979842739473e-10,3.50054680831971548e-10,-4.98054605058384415e-11,3.16999073176284925e-10,1.41988195385261067e-10,2.39541484515276948e-10,3.99860141337809964e-10,19,2,1,5.76460752303767552e+17,19,2,1,5.76460752303767552e+17,16,5,2,3.32306998945331719e+35,5.38114370000000008e+02,0,1.41988195385261067e-10,nan,0.00000000000000000e+00
38,0,1.39477786843991088e-10,1.00000000000000000e+00,2.52802052605662127e-10,2,18,1.12679965970814676e-10,2.52802052605662127e-10,1.43928795300859312e-10,8.13896723451738303e-11,1.53627686383788707e-10,1.63822921906687567e-10,-4.50644212936246996e-11,2.69813329166996417e-10,1.13324265761671038e-10,1.88993216594484011e-10,1.84542208137615788e-10,3.14877750460621117e-10,19,2,1,5.76460752303767552e+17,19,2,1,5.76460752303767552e+17,16,5,2,3.32306998945331719e+35,5.46226120000000037e+02,0,1.88993216594484011e-10,nan,0.00000000000000000e+00
38,1,1.18771496624082729e-10,1.00000000000000000e+00,3.04870715964308529e-10,2,18,-5.83617744770953618e-11,-1.66461066049855618e-10,3.04870715964308529e-10,2.76041317547846801e-12,1.85895695343113124e-10,5.27657908140951535e-11,1.29427562217303747e-11,3.74951178685912371e-11,2.85232562673938346e-10,2.91927959742578142e-10,1.05828740402352354e-10,1.72952939121382737e-10,19,2,1,5.76460752303767552e+17,19,2,1,5.76460752303767552e+17,16,5,2,3.32306998945331719e+35,5.40010902999999985e+02,0,2.91927959742578142e-10,nan,0.00000000000000000e+00
38,2,1.14155516883819136e-10,1.00000000000000000e+00,5.19180786934513073e-10,2,18,5.80330850832649530e-11,1.33142576340856424e-10,5.19180786934513073e-10,1.48634594774577493e-10,6.07011793652727705e-10,-3.55137950989831922e-10,2.67561101709495495e-10,-3.12276461282715572e-10,4.05025270050693938e-10,5.48978708569462726e-10,4.92856276768908518e-10,9.62149744642559575e-10,19,2,1,5.76460752303767552e+17,19,2,1,5.76460752303767552e+17,16,5,2,3.32306998945331719e+35,5.34077801000000022e+02,0,5.48978708569462726e-10,nan,0.00000000000000000e+00
38,3,1.18149040184011254e-10,1.00000000000000000e+00,2.41533830393575165e-10,2,18,1.87517546840360683e-10,2.41533830393575165e-10,1.51783765500428516e-10,1.88491791701746938e-11,3.29389171091126771e-10,9.76778962161424162e-11,-1.39078847111718276e-10,7.93038659157880465e-11,1.23384790209563911e-10,2.90862612612146792e-10,2.57227887295729504e-10,4.68468018202845073e-10,19,2,1,5.76460752303767552e+17,19,2,1,5.76460752303767552e+17,16,5,2,3.32306998945331719e+35,5.23830123999999955e+02,0,2.90862612612146792e-10,nan,0.00000000000000000e+00
39,0,2.73280818262379706e-11,1.00000000000000000e+00,2.07905024500768298e-10,2,18,1.13245583457928621e-10,-1.68470777515667719e-10,-2.07905024500768298e-10,1.16050368840297301e-10,2.70880969546607808e-10,-2.55125605688985704e-11,-1.89680171916551984e-10,-4.62409707684714470e-11,2.35233106327006256e-10,1.62291339608768735e-10,2.43552887720369851e-10,4.60561141463159793e-10,19,2,1,5.76460752303767552e+17,19,2,1,5.76460752303767552e+17,16,5,2,3.32306998945331719e+35,5.15644359000000009e+02,0,1.62291339608768735e-10,nan,0.00000000000000000e+00
39,1,9.55941657731255453e-11,1.00000000000000000e+00,1.48127898298447901e-10,2,18,1.48127898298447901e-10,8.63892011994812311e-11,9.34609925156754545e-11,1.32927018831202543e-11,1.95405664608366349e-11,-3.89398810443341336e-11,7.61736303373825656e-11,-6.86532130267783084e-12,8.23014638900052910e-11,1.28587331837611266e-10,1.34534046817459685e-10,1.15113511381716706e-10,19,2,1,5.76460752303767552e+17,19,2,1,5.76460752303767552e+17,16,5,2,3.32306998945331719e+35,5.34794011999999952e+02,0,1.28587331837611266e-10,nan,0.00000000000000000e+00
39,2,4.58863277235661033e-11,1.00000000000000000e+00,4.19131806614548459e-10,2,18,2.61118643425688854e-10,4.10300369600197129e-11,4.19131806614548459e-10,2.80033431894203708e-11,2.79651035418615759e-10,-8.43057854722773433e-11,-2.35233020564249917e-10,4.18525436405663438e-11,3.73245478890982363e-10,6.54364827178798376e-10,2.81119348287816014e-10,5.14884055982865676e-10,19,2,1,5.76460752303767552e+17,19,2,1,5.76460752303767552e+17,16,5,2,3.32306998945331719e+35,5.38561636000000021e+02,0,6.54364827178798376e-10,nan,0.00000000000000000e+00
39,3,8.37574972509397528e-11,1.00000000000000000e+00,3.83030488983208271e-10,2,18,-4.17091510754709106e-11,2.42623065960028342e-10,2.10496942434761634e-10,3.83030488983208271e-10,2.18102150642743197e-11,-3.31462647373086575e-10,-5.08613758679724669e-11,8.64874641076545451e-11,2.99272991732268531e-10,5.74085713333114918e-10,4.15220144624026315e-10,4.17950111480741146e-10,19,2,1,5.76460752303767552e+17,19,2,1,5.76460752303767552e+17,16,5,2,3.32306998945331719e+35,5.34264675000000011e+02,0,5.74085713333114918e-10,nan,0.00000000000000000e+00
40,0,8.09056063693207679e-11,1.00000000000000000e+00,3.88338885526760423e-10,2,18,-5.04716019469692590e-11,5.52120648137074543e-11,-3.88338885526760423e-10,3.19760456067439409e-10,-2.36330559273673396e-10,1.66369145911089420e-11,2.93110380630543156e-10,-1.16478379173922320e-10,4.69244491896081153e-10,6.81449266157303528e-10,3.17236165642994177e-10,5.29440939904216552e-10,19,2,1,5.76460752303767552e+17,19,2,1,5.76460752303767552e+17,16,5,2,3.32306998945331719e+35,5.07937162999999998e+02,0,6.81449266157303528e-10,nan,0.00000000000000000e+00
40,1,1.00264695706839315e-10,1.00000000000000000e+00,2.76807713475212590e-10,2,18,-2.14163540207872260e-10,-1.09929402308504408e-10,5.66450182193065307e-11,-2.76807713475212590e-10,1.11794131533115238e-10,-6.49776581936823986e-11,5.55740719530035565e-10,2.02594084251343483e-10,3.77072409182051917e-10,4.99095701310729034e-10,4.55476023823196237e-10,6.20718377723717989e-10,19,2,1,5.76460752303767552e+17,19,2,1,5.76460752303767552e+17,16,5,2,3.32306998945331719e+35,5.07207583000000000e+02,0,4.99095701310729034e-10,nan,0.00000000000000000e+00
40,2,1.15765842442151930e-10,1.00000000000000000e+00,2.34622115948178343e-10,2,18,-2.34622115948178343e-10,3.74632706706538002e-11,1.43948552779315544e-10,-7.52555363357840067e-11,3.31533908240336705e-11,-2.64409766423973234e-10,2.17854111602271397e-10,-1.81839963138494566e-10,3.50387958390330287e-10,3.01873037094627060e-10,3.80175608866125178e-10,4.82263878026244657e-10,19,2,1,5.76460752303767552e+17,19,2,1,5.76460752303767552e+17,16,5,2,3.32306998945331719e+35,5.14146049999999946e+02,0,3.01873037094627060e-10,nan,0.00000000000000000e+00
40,3,8.43014746335670285e-11,1.00000000000000000e+00,3.28601197391035179e-10,2,18,-1.56333479194063593e-10,-4.83924174326172373e-11,3.28601197391035179e-10,8.82629262455318758e-11,-1.25430158967512218e-10,4.72129191850832867e-11,1.65599890118044674e-11,-1.01739488873467026e-11,2.44299722757468164e-10,3.12041208379230686e-10,2.09731633601079233e-10,1.72643078152595505e-10,19,2,1,5.76460752303767552e+17,19,2,1,5.76460752303767552e+17,16,5,2,3.32306998945331719e+35,5.07547046000000023e+02,0,3.12041208379230686e-10,nan,0.00000000000000000e+00
41,0,4.20781353771448329e-11,1.00000000000000000e+00,4.01381133553444436e-10,2,18,7.39908272455764955e-11,1.32722876023467593e-10,4.01381133553444436e-10,-8.24684824856024952e-11,3.65499970604716177e-11,5.14352726841501871e-10,-5.25537224699427765e-10,-2.93617441823661869e-10,3.59302998176299616e-10,9.26918358252872201e-10,5.67615360076572585e-10,1.03988995154092974e-09,19,2,1,5.76460752303767552e+17,19,2,1,5.76460752303767552e+17,16,5,2,3.32306998945331719e+35,5.09833354999999983e+02,0,9.26918358252872201e-10,nan,0.00000000000000000e+00
41,1,1.99921877999744961e-11,1.00000000000000000e+00,3.85578096428555103e-10,2,18,-3.85578096428555103e-10,1.66501122304690358e-10,-6.01613645772033109e-11,-3.24921065467684133e-10,-4.95853311356640890e-11,3.18114442295551031e-11,-6.58875920249711274e-10,3.15615720082701882e-10,4.05570284228529593e-10,6.40536785550386015e-10,6.78868108049685764e-10,9.74491640332413156e-10,19,2,1,5.76460752303767552e+17,19,2,1,5.76460752303767552e+17,16,5,2,3.32306998945331719e+35,5.19245009999999979e+02,0,6.40536785550386015e-10,nan,0.00000000000000000e+00
41,2,6.73423386153956241e-11,1.00000000000000000e+00,5.05854539552195255e-10,2,18,-4.97408033640866852e-10,8.93847686879223446e-11,-1.35077899702785414e-10,-5.05854539552195255e-10,1.71727063083033116e-10,-2.23557505728193307e-10,-5.50676485823532086e-10,2.69478738450355245e-10,5.73196878167590840e-10,7.75333278002550500e-10,6.18018824438927671e-10,8.20155224273887331e-10,19,2,1,5.76460752303767552e+17,19,2,1,5.76460752303767552e+17,16,5,2,3.32306998945331719e+35,5.22740114999999946e+02,0,7.75333278002550500e-10,nan,0.00000000000000000e+00
41,3,1.21396273937913448e-10,1.00000000000000000e+00,4.30540700676437141e-10,2,18,-8.97075713786770480e-12,-2.54161408081294758e-10,4.30540700676437141e-10,-7.03498980223656590e-11,9.22413236761791963e-11,4.43866693636428018e-10,2.35806207403040780e-10,2.37677235137394429e-10,3.75557682019208206e-10,6.98028101717722776e-10,3.22470419698514570e-10,3.51625369960248809e-10,19,2,1,5.76460752303767552e+17,19,2,1,5.76460752303767552e+17,16,5,2,3.32306998945331719e+35,5.24480426999999963e+02,0,6.98028101717722776e-10,nan,0.00000000000000000e+00
42,0,-9.97475069983451541e-11,1.00000000000000000e+00,3.91901905380553249e-10,2,18,3.24193304943105776e-10,-2.25704722819671601e-10,1.94187801456522267e-10,-3.91901905380553249e-10,3.10379921475854173e-10,-1.93853818975315350e-11,5.00614038334722882e-10,3.77143935495270003e-10,4.23940811941450930e-10,7.69045840875823200e-10,6.00361545333068037e-10,5.19999420232254392e-10,19,2,1,5.76460752303767552e+17,19,2,1,5.76460752303767552e+17,16,5,2,3.32306998945331719e+35,5.16724644000000012e+02,0,7.69045840875823200e-10,nan,0.00000000000000000e+00
42,1,4.59338382211824499e-11,1.00000000000000000e+00,5.38342911415131246e-10,2,18,-7.62440568700485001e-11,-2.29456473796316153e-10,-7.82258493071901147e-11,-5.38342911415131246e-10,8.23731584412846766e-10,3.53891526654082543e-10,2.27176219225142335e-10,7.22984449741809005e-10,5.84276749636313677e-10,1.26132736115694035e-09,7.77797746191664336e-10,5.96555365187704431e-10,19,2,1,5.76460752303767552e+17,19,2,1,5.76460752303767552e+17,16,5,2,3.32306998945331719e+35,5.24299968000000035e+02,0,1.26132736115694035e-09,nan,0.00000000000000000e+00
42,2,-2.93285395840629445e-11,1.00000000000000000e+00,9.59935970088801906e-10,2,18,4.93915185346544673e-10,4.72347312073126103e-10,-9.59935970088801906e-10,-3.01087142814211567e-10,-3.58070353335202717e-10,-2.40809469914294819e-10,3.12011917579904977e-11,5.23153869510682106e-10,9.30607430504738974e-10,9.91137161846792507e-10,5.52482409094745037e-10,8.81224222845884875e-10,19,2,1,5.76460752303767552e+17,19,2,1,5.76460752303767552e+17,16,5,2,3.32306998945331719e+35,5.51547768000000019e+02,0,9.91137161846792507e-10,nan,0.00000000000000000e+00
42,3,2.35752967540064445e-11,1.00000000000000000e+00,6.87882911325110093e-10,2,18,8.79373605661125723e-11,9.43889195064650334e-12,6.87882911325110093e-10,5.32677148524959317e-10,-3.74428993675049380e-10,2.76010944621460782e-11,6.51038186482719633e-10,-2.75821867466069755e-10,6.64307614571103625e-10,8.08499015991029072e-10,6.27462889728713166e-10,1.02546718015776901e-09,19,2,1,5.76460752303767552e+17,19,2,1,5.76460752303767552e+17,16,5,2,3.32306998945331719e+35,5.53265575000000013e+02,0,8.08499015991029072e-10,nan,0.00000000000000000e+00
43,0,-3.51695897715115141e-11,1.00000000000000000e+00,3.24970025782240690e-10,2,18,3.24970025782240690e-10,-1.49606355780456964e-10,-2.60691807827998716e-10,-1.95204019037416308e-10,-3.28968831182680104e-10,-2.66515580291937457e-10,2.37653572456949843e-10,3.31045861033623462e-10,3.60139615553752184e-10,6.53938856964920794e-10,3.66215450805134957e-10,6.60014692216303567e-10,19,2,1,5.76460752303767552e+17,19,2,1,5.76460752303767552e+17,16,5,2,3.32306998945331719e+35,5.37253249999999980e+02,0,6.53938856964920794e-10,nan,0.00000000000000000e+00
43,1,1.16962292412112400e-10,1.00000000000000000e+00,8.97062167907820711e-10,2,18,-4.01999393008845313e-10,-5.85879658743904301e-10,-4.79288122673509475e-10,8.97062167907820711e-10,4.11565274740212348e-10,-8.08528606029589551e-11,-3.44453884457445642e-10,2.01681350731981364e-10,7.80099875495708337e-10,8.13564667749057661e-10,4.61416176869558016e-10,7.56019159197657990e-10,19,2,1,5.76460752303767552e+17,19,2,1,5.76460752303767552e+17,16,5,2,3.32306998945331719e+35,5.10240716000000020e+02,0,8.13564667749057661e-10,nan,0.00000000000000000e+00
43,2,8.57929100807626142e-11,1.00000000000000000e+00,4.48641810575310332e-10,2,18,3.16623554055602006e-10,2.05611472371820759e-10,4.48641810575310332e-10,3.55641914936575177e-10,-1.21971131823086127e-10,5.60008266281825172e-10,6.43148770809768458e-11,-5.78215151140129921e-10,3.62848900494547718e-10,9.33857066076704994e-10,6.64008061220892535e-10,1.13822341742195509e-09,19,2,1,5.76460752303767552e+17,19,2,1,5.76460752303767552e+17,16,5,2,3.32306998945331719e+35,5.14137088999999946e+02,0,9.33857066076704994e-10,nan,0.00000000000000000e+00
43,3,7.26062588700778438e-11,1.00000000000000000e+00,9.08319711329314372e-10,2,18,-4.65689255662584453e-10,-2.97047495598785324e-10,-4.32856605000985912e-10,9.08319711329314372e-10,6.31511813902087793e-11,-8.02824399421472032e-10,2.79078706176845111e-10,5.62897535361515637e-11,8.35713452459236567e-10,8.52029957793162808e-10,8.75430658291549837e-10,1.08190310559831714e-09,19,2,1,5.76460752303767552e+17,19,2,1,5.76460752303767552e+17,16,5,2,3.32306998945331719e+35,5.27986855999999989e+02,0,8.52029957793162808e-10,nan,0.00000000000000000e+00
44,0,3.60597623400169668e-11,1.00000000000000000e+00,5.76146084661539359e-10,2,18,5.76146084661539359e-10,3.44929475820699141e-10,2.34511847778173819e-10,2.79890068527615257e-10,-2.66203700501322800e-10,-6.58300588692688949e-10,2.77062937888477442e-10,9.53915069764106608e-11,5.40086322321522392e-10,1.00323006451338809e-09,6.94360351032705916e-10,9.35363526581166340e-10,19,2,1,5.76460752303767552e+17,19,2,1,5.76460752303767552e+17,16,5,2,3.32306998945331719e+35,5.30356251000000043e+02,0,1.00323006451338809e-09,nan,0.00000000000000000e+00
44,1,4.81375430798690749e-11,1.00000000000000000e+00,8.42591626361545889e-10,2,18,2.46748578930148928e-10,-8.42591626361545889e-10,4.70124613636051454e-10,-3.58294725954948447e-10,-1.99157289265524091e-10,-2.01267067879633441e-11,-4.36952547992148400e-11,-4.10054370201010237e-10,8.90729169441414970e-10,8.22464919573582571e-10,4.58191913280879319e-10,3.89927663413046919e-10,19,2,1,5.76460752303767552e+17,19,2,1,5.76460752303767552e+17,16,5,2,3.32306998945331719e+35,5.20917473999999970e+02,0,8.22464919573582571e-10,nan,0.00000000000000000e+00
44,2,9.50173669631781816e-11,1.00000000000000000e+00,7.70289870536834091e-10,2,18,6.38757133394102518e-11,7.80584225571230158e-12,2.70514850531988725e-10,7.70289870536834091e-10,3.90788060970737388e-10,1.33256590908507637e-10,2.35414368856990295e-10,2.20654602840083663e-10,6.75272503573655948e-10,5.49635267696750427e-10,2.95770694007559193e-10,2.57531470062229751e-10,19,2,1,5.76460752303767552e+17,19,2,1,5.76460752303767552e+17,16,5,2,3.32306998945331719e+35,5.25113164999999981e+02,0,5.49635267696750427e-10,nan,0.00000000000000000e+00
44,3,3.45099677173326292e-11,1.00000000000000000e+00,4.57215139995732741e-10,2,18,8.64961752255782865e-12,7.85899878529231283e-11,4.20795476055638116e-10,4.57215139995732741e-10,8.13586512947801054e-10,5.26414065850172158e-10,-2.11370546900351570e-10,-1.13756196952454138e-09,4.22705172278400106e-10,1.59477710952027402e-09,1.17207193724187401e-09,1.95114848247234243e-09,19,2,1,5.76460752303767552e+17,19,2,1,5.76460752303767552e+17,16,5,2,3.32306998945331719e+35,5.24015309999999999e+02,0,1.59477710952027402e-09,nan,0.00000000000000000e+00
45,0,-1.82888267872695983e-10,1.00000000000000000e+00,3.91335902906319091e-10,2,18,3.91335902906319091e-10,2.35011785350611761e-10,-1.43957316387397284e-10,-3.26695908359284151e-10,-3.76944105486378197e-10,1.35517133486559477e-09,7.45213917351351386e-10,-2.62490809171638670e-10,5.74224170779015099e-10,1.12015954951498290e-09,1.53805960273829067e-09,1.73211544035197297e-09,19,2,1,5.76460752303767552e+17,19,2,1,5.76460752303767552e+17,16,5,2,3.32306998945331719e+35,5.27523141000000010e+02,0,1.12015954951498290e-09,nan,0.00000000000000000e+00
45,1,3.84768439475656152e-11,1.00000000000000000e+00,7.60610875519401175e-10,2,18,4.19831507703645902e-11,2.13585060079062699e-10,6.17611286631847992e-10,7.60610875519401175e-10,-1.38743961553688526e-10,-3.01734352984382753e-10,1.23790241817310633e-09,2.97532592423528212e-10,7.22134031571835514e-10,6.20291131541258342e-10,1.19942557422554067e-09,1.53963677115748909e-09,19,2,1,5.76460752303767552e+17,19,2,1,5.76460752303767552e+17,16,5,2,3.32306998945331719e+35,5.13792174000000045e+02,0,6.20291131541258342e-10,nan,0.00000000000000000e+00
45,2,5.38158182354200202e-11,1.00000000000000000e+00,1.49051513500245950e-09,2,18,-1.49051513500245950e-09,4.30798883587759294e-10,-8.49778344119692788e-10,-5.45918028610670054e-10,2.04244904111105657e-10,-1.08869213596888119e-09,1.54679033889967882e-09,8.17109111163679598e-10,1.54433095323787947e-09,2.39656868301937140e-09,1.49297452066425885e-09,2.63548247486855981e-09,19,2,1,5.76460752303767552e+17,19,2,1,5.76460752303767552e+17,16,5,2,3.32306998945331719e+35,5.20399475000000052e+02,0,2.39656868301937140e-09,nan,0.00000000000000000e+00
45,3,3.33580003666759216e-11,1.00000000000000000e+00,7.88817272160162845e-10,2,18,7.55915358756835759e-10,4.33015723587869572e-10,-7.88817272160162845e-10,7.31685670734910402e-10,-9.32959167473931083e-11,7.48795544114878638e-10,-8.69039243719732036e-11,8.08823975835533307e-10,8.22175272526838734e-10,8.49211275504228829e-10,7.75465975468857418e-10,9.02119892582926376e-10,19,2,1,5.76460752303767552e+17,19,2,1,5.76460752303767552e+17,16,5,2,3.32306998945331719e+35,5.23562797000000046e+02,0,8.49211275504228829e-10,nan,0.00000000000000000e+00
46,0,-1.96904704002825353e-10,1.00000000000000000e+00,5.51320378965308156e-10,2,18,5.51320378965308156e-10,-5.18596959557490116e-11,-4.77805704799100704e-10,3.19518011900460046e-10,7.34665730207797087e-10,6.43474800882181022e-10,-1.28427518819048483e-09,-1.88779909105820064e-10,7.48225082968133535e-10,8.06469483391384126e-10,1.08737048418765955e-09,2.01894091839828181e-09,19,2,1,5.76460752303767552e+17,19,2,1,5.76460752303767552e+17,16,5,2,3.32306998945331719e+35,5.19209551000000033e+02,0,8.06469483391384126e-10,nan,0.00000000000000000e+00
46,1,8.79855116379718602e-11,1.00000000000000000e+00,1.06436511908244607e-09,2,18,7.91913410964365311e-10,-7.63996197295232180e-10,1.49277679224823954e-10,1.06436511908244607e-09,-6.06354566705698688e-10,-3.29930698196748987e-10,1.19841119090265518e-10,-6.59501043993809799e-10,9.76379607444474314e-10,1.72386616307625577e-09,7.47486555631781660e-10,7.79342163084075318e-10,19,2,1,5.76460752303767552e+17,19,2,1,5.76460752303767552e+17,16,5,2,3.32306998945331719e+35,5.20195791999999983e+02,0,1.72386616307625577e-09,nan,0.00000000000000000e+00
46,2,2.38674551490574376e-11,1.00000000000000000e+00,1.19911488257972201e-09,2,18,4.19032011330329360e-10,-1.19911488257972201e-09,7.79587563145726646e-11,-6.61347454215447036e-10,1.36009865289331904e-10,-6.56431262551300259e-10,-1.24583684225651221e-09,3.64829642230154742e-10,1.22298233772877952e-09,1.32379559857108495e-09,1.26970429740556972e-09,1.61066648448666695e-09,19,2,1,5.76460752303767552e+17,19,2,1,5.76460752303767552e+17,16,5,2,3.32306998945331719e+35,5.13789868999999953e+02,0,1.32379559857108495e-09,nan,0.00000000000000000e+00
46,3,-5.77164922207196786e-11,1.00000000000000000e+00,7.83487767276947834e-10,2,18,-9.32756105757063316e-11,5.35479376119533644e-10,5.26695101839814023e-10,7.83487767276947834e-10,-7.95792110444531814e-10,4.89586546993983776e-10,-8.78094110970527313e-10,1.58504365629919591e-09,8.41204259497667487e-10,1.40478921281034123e-09,1.64276014851991567e-09,2.46313776726972333e-09,19,2,1,5.76460752303767552e+17,19,2,1,5.76460752303767552e+17,16,5,2,3.32306998945331719e+35,5.27721077000000037e+02,0,1.40478921281034123e-09,nan,0.00000000000000000e+00
47,0,3.96231500708693037e-10,1.00000000000000000e+00,6.52639818364146896e-10,2,18,5.57649586674427536e-10,4.79660314557755985e-10,-3.75083535912925732e-10,-6.52639818364146896e-10,-1.08003589283641020e-09,-3.91764880910648590e-11,1.86940018188984947e-10,-1.91379026965288222e-10,1.04887131907283993e-09,1.63768547951083773e-09,1.47626739354510323e-09,1.26697591102539509e-09,19,2,1,5.76460752303767552e+17,19,2,1,5.76460752303767552e+17,16,5,2,3.32306998945331719e+35,5.11646933999999987e+02,0,1.63768547951083773e-09,nan,0.00000000000000000e+00
47,1,4.57155412921307940e-10,1.00000000000000000e+00,1.44022856892741117e-09,2,18,4.64626788468548557e-10,1.26072507886398660e-09,-2.63275668747974348e-10,1.44022856892741117e-09,-3.14951327024864305e-10,2.45375715482287680e-10,-4.71654925885656428e-11,3.27143986167476500e-10,9.83073156006103181e-10,1.11308458275993462e-09,7.72106739946172245e-10,6.42095313192340805e-10,19,2,1,5.76460752303767552e+17,19,2,1,5.76460752303767552e+17,16,5,2,3.32306998945331719e+35,5.20593995999999947e+02,0,1.11308458275993462e-09,nan,0.00000000000000000e+00
47,2,6.70641997393325059e-11,1.00000000000000000e+00,1.14786166287209057e-09,2,18,-1.14786166287209057e-09,9.73338774410949687e-10,8.28340956196339191e-12,3.27837731675192215e-10,-1.15354130507732200e-09,-9.06522298390853809e-10,1.45239279645111129e-09,1.06626016175086786e-09,1.21492586261142308e-09,1.87986107280180360e-09,1.38532859671177879e-09,2.60593410152843330e-09,19,2,1,5.76460752303767552e+17,19,2,1,5.76460752303767552e+17,16,5,2,3.32306998945331719e+35,5.09796520999999984e+02,0,1.87986107280180360e-09,nan,0.00000000000000000e+00
47,3,3.46117874088318478e-10,1.00000000000000000e+00,1.63579579434590679e-09,2,18,-1.63579579434590679e-09,-4.86779902183640720e-10,-7.58003926411856973e-10,3.14076723083533472e-10,3.64265360720506195e-10,-1.27052623321124574e-09,-1.41921367068816145e-09,4.61645839546443460e-10,1.98191366843422511e-09,2.00006115506641277e-09,1.76533154477647998e-09,1.88085951023460512e-09,19,2,1,5.76460752303767552e+17,19,2,1,5.76460752303767552e+17,16,5,2,3.32306998945331719e+35,5.19191838999999959e+02,0,2.00006115506641277e-09,nan,0.00000000000000000e+00
48,0,-1.90726433141571211e-10,1.00000000000000000e+00,1.13637411103894607e-09,2,18,-7.78194079464421497e-10,-1.73347096622619989e-11,-1.13637411103894607e-09,1.20211774871243096e-10,1.79798226587112261e-09,1.96057198292153008e-09,3.74334403346335020e-11,2.20290607661395075e-09,9.45647677897374858e-10,2.57617634533554400e-09,2.39363250975552175e-09,2.16547263627931735e-09,19,2,1,5.76460752303767552e+17,19,2,1,5.76460752303767552e+17,16,5,2,3.32306998945331719e+35,5.16635401000000002e+02,0,2.57617634533554400e-09,nan,0.00000000000000000e+00
48,1,3.63148626000395343e-10,1.00000000000000000e+00,1.48938358552809281e-09,2,18,1.39386943074893963e-10,-1.48938358552809281e-09,-9.16541702237854734e-11,-8.34701714420069991e-10,9.60669525429446124e-10,2.10331921087014657e-09,-6.25930602101457633e-10,-4.70822736700643962e-10,1.85253221152848805e-09,3.59270279639823959e-09,1.74017058486975113e-09,2.72924981297160421e-09,19,2,1,5.76460752303767552e+17,19,2,1,5.76460752303767552e+17,16,5,2,3.32306998945331719e+35,5.18939743000000021e+02,0,3.59270279639823959e-09,nan,0.00000000000000000e+00
48,2,9.68507360980178963e-11,1.00000000000000000e+00,7.31545556784282835e-10,2,18,4.99641430012822545e-11,-5.88846116969309365e-10,-2.46826276275907293e-10,7.31545556784282835e-10,-1.11442110123232329e-10,-1.39467645745119528e-10,-2.73064851681564281e-10,-1.05616103852678211e-09,6.85696853067327210e-10,1.78770659531106505e-09,1.15301177462480006e-09,9.44718928403549701e-10,19,2,1,5.76460752303767552e+17,19,2,1,5.76460752303767552e+17,16,5,2,3.32306998945331719e+35,5.11916269000000000e+02,0,1.78770659531106505e-09,nan,0.00000000000000000e+00
48,3,-1.35892832977110474e-11,1.00000000000000000e+00,2.58906004787302269e-09,2,18,-2.58906004787302269e-09,1.49190338434144354e-10,6.80790363841311615e-10,2.88656613863225258e-10,-1.50594740097762942e-10,5.53049191123531486e-10,6.51819962089374224e-10,-4.89639713048823674e-10,2.57547076457531182e-09,2.43846530777525985e-09,6.65409245387085297e-10,1.14145967513819790e-09,19,2,1,5.76460752303767552e+17,19,2,1,5.76460752303767552e+17,16,5,2,3.32306998945331719e+35,5.17759216000000038e+02,0,2.43846530777525985e-09,nan,0.00000000000000000e+00
49,0,-5.52937952359346709e-10,1.00000000000000000e+00,1.64611001325097434e-09,2,18,2.57915068149832028e-10,6.15872485588712580e-10,8.41579795402143647e-11,1.64611001325097434e-09,1.08038239775225030e-09,1.11390820820134231e-09,-2.47250861069051754e-09,-1.27032394124206482e-09,2.19904796561032085e-09,2.91643395449303917e-09,1.91957065833117083e-09,3.58641681889186006e-09,19,2,1,5.76460752303767552e+17,19,2,1,5.76460752303767552e+17,16,5,2,3.32306998945331719e+35,5.22266625999999974e+02,0,2.91643395449303917e-09,nan,0.00000000000000000e+00
49,1,-6.56302461063691295e-11,1.00000000000000000e+00,1.22331399640286285e-09,2,18,-6.67585698909515227e-10,-7.63842573705176152e-10,-4.13742434932750889e-10,-1.22331399640286285e-09,-7.63987521705547452e-10,-1.41220843485472205e-11,9.89670370762829011e-10,-9.34175912266546381e-10,1.15768375029649383e-09,1.40341280569557990e-09,1.05530061686919804e-09,1.92384628302937539e-09,19,2,1,5.76460752303767552e+17,19,2,1,5.76460752303767552e+17,16,5,2,3.32306998945331719e+35,5.11029387999999983e+02,0,1.40341280569557990e-09,nan,0.00000000000000000e+00
49,2,-2.37925477133515034e-10,1.00000000000000000e+00,2.34963296562932372e-09,2,18,-7.04564045716883545e-10,1.22457874310378855e-11,2.34963296562932372e-09,6.41079447865832509e-10,7.04777218077300498e-10,-3.18481960376353245e-09,-8.50553388891158939e-10,-4.02596169742087664e-09,2.58755844276283886e-09,4.66704114528670874e-09,3.78803622028736192e-09,4.73073891549817735e-09,19,2,1,5.76460752303767552e+17,19,2,1,5.76460752303767552e+17,16,5,2,3.32306998945331719e+35,5.19271254999999996e+02,0,4.66704114528670874e-09,nan,0.00000000000000000e+00
49,3,-1.13163943811830617e-10,1.00000000000000000e+00,2.50067804375390573e-09,2,18,6.47150818566666621e-10,2.50067804375390573e-09,-2.83289106322743385e-10,1.08222319331493412e-09,-1.91232474240645978e-09,-7.53524866528338200e-11,8.70417345359224109e-10,3.03472247739050255e-10,2.61384198756573620e-09,2.57603053040673952e-09,1.79916079859462910e-09,2.78274208776568410e-09,19,2,1,5.76460752303767552e+17,19,2,1,5.76460752303767552e+17,16,5,2,3.32306998945331719e+35,5.19578350999999998e+02,0,2.57603053040673952e-09,nan,0.00000000000000000e+00
50,0,5.54937523644480711e-10,1.00000000000000000e+00,3.33150295285128003e-09,2,18,6.49283887810494293e-10,8.51090837653106647e-10,9.07701629041764925e-10,3.33150295285128003e-09,-6.99015597004060259e-10,-5.74234769483884836e-11,1.67695285413434007e-10,-5.45742399046174271e-10,2.77656542920679931e-09,3.87724535189745409e-09,1.25395312064854107e-09,8.66710882417494266e-10,19,2,1,5.76460752303767552e+17,19,2,1,5.76460752303767552e+17,16,5,2,3.32306998945331719e+35,5.20475175000000036e+02,0,3.87724535189745409e-09,nan,0.00000000000000000e+00
50,1,2.93223188215585293e-10,1.00000000000000000e+00,1.82891667451210272e-09,2,18,-1.05062254629325905e-10,1.82891667451210272e-09,-1.43605630027564870e-10,8.66675156101175480e-10,2.55324478471671244e-09,-3.83041477627863375e-10,4.78768307283170681e-10,-6.36154133146895331e-10,1.53569348629651732e-09,2.65830703934603819e-09,2.26002159650112725e-09,3.18939891786360787e-09,19,2,1,5.76460752303767552e+17,19,2,1,5.76460752303767552e+17,16,5,2,3.32306998945331719e+35,5.27276483999999982e+02,0,2.65830703934603819e-09,nan,0.00000000000000000e+00
50,2,5.38717890513460047e-10,1.00000000000000000e+00,2.17944384539504713e-09,2,18,-2.17944384539504713e-09,6.53385308026067522e-10,-4.50623827311251116e-10,1.02514848055292410e-09,1.36583168230031490e-09,1.33215872235611454e-09,2.75010077201071328e-09,-1.17055298091879034e-09,2.71816173590850697e-09,3.54527552769536203e-09,2.21138288149725303e-09,3.92065375292950363e-09,19,2,1,5.76460752303767552e+17,19,2,1,5.76460752303767552e+17,16,5,2,3.32306998945331719e+35,5.61880768999999987e+02,0,3.54527552769536203e-09,nan,0.00000000000000000e+00
50,3,4.28104998109133560e-10,1.00000000000000000e+00,2.63937827713172582e-09,2,18,1.44966534878529622e-09,2.63937827713172582e-09,-4.90945545269164728e-10,-8.04977888658676339e-10,1.23273573575849975e-09,7.35620077555915727e-10,4.03033404998002124e-09,3.45565909761107733e-09,2.21127327902259231e-09,4.52127959524918597e-09,3.60222905187088773e-09,3.29471397242410551e-09,19,2,1,5.76460752303767552e+17,19,2,1,5.76460752303767552e+17,16,5,2,3.32306998945331719e+35,5.26615781999999967e+02,0,4.52127959524918597e-09,nan,0.00000000000000000e+00
51,0,-1.13551568913961758e-10,1.00000000000000000e+00,2.38587180011048187e-09,2,18,1.59095038847336710e-09,-6.12267660688002940e-10,2.38587180011048187e-09,8.22175906837123582e-10,-7.17524269240249927e-10,-8.25455877979625117e-10,-2.12113292196506171e-09,-1.42019664220764377e-09,2.49942336902444382e-09,4.50700472207554317e-09,2.00758135305109976e-09,1.40360865272481179e-09,19,2,1,5.76460752303767552e+17,19,2,1,5.76460752303767552e+17,16,5,2,3.32306998945331719e+35,5.09213668999999982e+02,0,4.50700472207554317e-09,nan,0.00000000000000000e+00
51,1,2.56131926008039716e-12,1.00000000000000000e+00,3.28444474262358106e-09,2,18,7.08427684738538061e-10,1.13128616115461591e-09,-1.55577323840900666e-09,-3.28444474262358106e-09,2.08848601599974644e-09,-1.74623992477745650e-10,-7.29297262590803245e-10,-4.64591588192002751e-09,3.28700606188366151e-09,1.38005833126120837e-09,4.64847720118010756e-09,6.73440189791977395e-09,19,2,1,5.76460752303767552e+17,19,2,1,5.76460752303767552e+17,16,5,2,3.32306998945331719e+35,5.18947694999999953e+02,0,1.38005833126120837e-09,nan,0.00000000000000000e+00
51,2,1.83697575920868018e-10,1.00000000000000000e+00,4.61910672608241502e-09,2,18,-1.21372870812038214e-09,-4.61910672608241502e-09,2.61156842389435960e-09,3.35807352781288894e-09,1.48258497868915522e-09,1.04637383007243442e-09,1.31162551142256475e-10,-1.53705261602874772e-10,4.80280430200328309e-09,5.66548055615484904e-09,1.29888740276828715e-09,1.63629024029203009e-09,19,2,1,5.76460752303767552e+17,19,2,1,5.76460752303767552e+17,16,5,2,3.32306998945331719e+35,5.13149277999999981e+02,0,5.66548055615484904e-09,nan,0.00000000000000000e+00
51,3,5.85927039259535016e-10,1.00000000000000000e+00,3.11703987173385231e-09,2,18,-5.47804617700026597e-10,3.11703987173385231e-09,2.70366840079205546e-10,-2.61653611504320148e-09,9.50605494860175643e-10,-1.05321843752548495e-09,-2.29880211295535260e-09,7.42283393201749954e-10,3.20246315430273660e-09,4.17025830925933726e-09,2.88472915221488772e-09,3.24940760781552824e-09,19,2,1,5.76460752303767552e+17,19,2,1,5.76460752303767552e+17,16,5,2,3.32306998945331719e+35,5.20013820000000010e+02,0,4.17025830925933726e-09,nan,0.00000000000000000e+00
52,0,1.43210585989922737e-09,1.00000000000000000e+00,6.12736721531314267e-09,2,18,-9.09212417280682647e-11,2.37840510725213805e-09,-3.13785026680328901e-09,-6.12736721531314267e-09,-2.68691578371401394e-09,-9.41307727654142614e-10,-9.64546268512960945e-10,-3.17812216916844001e-09,7.55947307521237025e-09,3.31971283490628066e-09,4.61022802906766718e-09,2.23681444151429740e-09,19,2,1,5.76460752303767552e+17,19,2,1,5.76460752303767552e+17,16,5,2,3.32306998945331719e+35,5.16468360999999959e+02,0,3.31971283490628066e-09,nan,0.00000000000000000e+00
52,1,1.52203441019557400e-09,1.00000000000000000e+00,2.23002284865837281e-09,2,18,-2.23002284865837281e-09,1.59548074735014799e-09,2.11468593235671463e-09,2.44827752473843451e-10,-3.74420204554684441e-09,-1.05114489328467323e-09,7.25732864369793403e-11,1.91236212670063335e-09,3.75205725885394639e-09,2.64662564063482101e-09,5.26623645574241841e-09,5.65656417224747735e-09,19,2,1,5.76460752303767552e+17,19,2,1,5.76460752303767552e+17,16,5,2,3.32306998945331719e+35,5.09158089000000018e+02,0,2.64662564063482101e-09,nan,0.00000000000000000e+00
52,2,9.85225656373652003e-10,1.00000000000000000e+00,5.34539495026918630e-09,2,18,1.43872758736912587e-09,2.02194291312195467e-09,5.34539495026918630e-09,-3.17369485219084113e-09,-1.59510241797357338e-09,3.46420171974753155e-09,-2.40808638269329398e-09,4.11032596562873867e-09,4.36016929389553450e-09,7.75348133296248028e-09,3.39331203906694578e-09,6.51841234832203265e-09,19,2,1,5.76460752303767552e+17,19,2,1,5.76460752303767552e+17,16,5,2,3.32306998945331719e+35,5.26911298999999985e+02,0,7.75348133296248028e-09,nan,0.00000000000000000e+00
52,3,8.63586528154146838e-10,1.00000000000000000e+00,4.07913153045486636e-09,2,18,1.13775667153016612e-09,4.07913153045486636e-09,2.25712265091620073e-09,1.50634926653981967e-09,2.10696613747888086e-09,1.61538462150088713e-09,-2.57866196031649120e-09,-8.99860512182675930e-10,3.21554500230071952e-09,4.83578461123269193e-09,3.44224848847063804e-09,4.68562809779537207e-09,19,2,1,5.76460752303767552e+17,19,2,1,5.76460752303767552e+17,16,5,2,3.32306998945331719e+35,5.30078575000000001e+02,0,4.83578461123269193e-09,nan,0.00000000000000000e+00
53,0,-1.83144607441422761e-09,1.00000000000000000e+00,3.66861708902189507e-09,2,18,-4.48187603372181720e-10,2.01111694975802634e-10,-9.22238053658885696e-11,-3.66861708902189507e-09,2.13809388724746983e-09,-2.65329293746304772e-09,2.40385430488343802e-10,5.03985595041822826e-10,2.03255776939003045e-09,4.17260268406371810e-09,3.96953996166169723e-09,4.79138682471051755e-09,19,2,1,5.76460752303767552e+17,19,2,1,5.76460752303767552e+17,16,5,2,3.32306998945331719e+35,5.17564738000000034e+02,0,4.17260268406371810e-09,nan,0.00000000000000000e+00
53,1,-6.03578324618232761e-10,1.00000000000000000e+00,6.19830170042313402e-09,2,18,-2.09741736526266720e-09,6.19830170042313402e-09,1.67171650439119852e-10,-1.32742543134227709e-09,1.10478387071640247e-10,1.97648714954058636e-09,-5.38690931952583653e-11,-1.24159887088494063e-10,6.80188002504136699e-09,4.22181455088254808e-09,2.58006547415881891e-09,2.10064703662908042e-09,19,2,1,5.76460752303767552e+17,19,2,1,5.76460752303767552e+17,16,5,2,3.32306998945331719e+35,5.15684545999999955e+02,0,4.22181455088254808e-09,nan,0.00000000000000000e+00
53,2,-5.75429983349011689e-10,1.00000000000000000e+00,5.31990469609344853e-09,2,18,-1.44779521962846264e-09,-5.31990469609344853e-09,-1.29992931606536254e-09,2.90151780871980244e-10,-2.18350218680743252e-09,-3.56168833700967341e-09,-5.36861289173211536e-09,3.18422137747679508e-09,4.74447471274443715e-09,4.06868357566675261e-09,4.79318290838310398e-09,8.55283426920891044e-09,19,2,1,5.76460752303767552e+17,19,2,1,5.76460752303767552e+17,16,5,2,3.32306998945331719e+35,5.20679092999999966e+02,0,4.06868357566675261e-09,nan,0.00000000000000000e+00
53,3,-1.07619950539307026e-09,1.00000000000000000e+00,3.49055137293986753e-09,2,18,-1.02637967418435341e-09,-1.84239914498191678e-09,-3.49055137293986753e-09,1.86239880194843751e-09,-4.87075747676385994e-10,5.46277952314202442e-09,2.09318457571292610e-09,2.42070636225838125e-09,2.93859830734150757e-09,7.30517866812394141e-09,6.53897902853509469e-09,5.94985527081841021e-09,19,2,1,5.76460752303767552e+17,19,2,1,5.76460752303767552e+17,16,5,2,3.32306998945331719e+35,5.26071720000000028e+02,0,7.30517866812394141e-09,nan,0.00000000000000000e+00
54,0,5.80644091698353992e-10,1.00000000000000000e+00,4.23050877150711419e-09,2,18,-4.23050877150711419e-09,-1.29363305527076731e-09,-9.01782871888409422e-10,-2.41250585449148350e-09,-5.64015447792871277e-09,-6.62557629607408113e-10,1.97606965283714190e-09,-3.66127713004948012e-09,4.81115286320546777e-09,2.87785252472555132e-09,6.22079856962706635e-09,7.61622413076585508e-09,19,2,1,5.76460752303767552e+17,19,2,1,5.76460752303767552e+17,16,5,2,3.32306998945331719e+35,5.08227399999999989e+02,0,2.87785252472555132e-09,nan,0.00000000000000000e+00
54,1,4.17423025155138525e-10,1.00000000000000000e+00,4.26185078318851520e-09,2,18,3.90641444977059731e-10,1.60447332608840670e-09,-4.26185078318851520e-09,-1.15871837475861671e-09,2.06569655426358433e-09,-7.54074569617234529e-09,-1.13312980556894315e-11,3.80859387088100737e-10,4.67927380834365388e-09,9.14521902226075261e-09,7.95816872132748397e-09,9.60644225043593045e-09,19,2,1,5.76460752303767552e+17,19,2,1,5.76460752303767552e+17,16,5,2,3.32306998945331719e+35,5.14415910000000054e+02,0,9.14521902226075261e-09,nan,0.00000000000000000e+00
54,2,-9.19396328313730632e-11,1.00000000000000000e+00,4.08690843382946133e-09,2,18,-4.08690843382946133e-09,-4.08045520909071525e-09,-1.52407913293227796e-09,-2.40620819027048362e-09,-1.17517307836482657e-08,-1.98158783278288211e-10,9.00373760515945122e-09,1.55314414653989497e-09,3.99496880099808806e-09,1.05278167380917296e-08,1.16597911508168924e-08,2.07554683888077169e-08,19,2,1,5.76460752303767552e+17,19,2,1,5.76460752303767552e+17,16,5,2,3.32306998945331719e+35,5.09903127999999981e+02,0,1.05278167380917296e-08,nan,0.00000000000000000e+00
54,3,6.68062278013397122e-10,1.00000000000000000e+00,5.27311288251398160e-09,2,18,-5.02197570591560111e-09,5.27311288251398160e-09,-2.01723247180870249e-09,1.50950567348582930e-09,6.66332080048497056e-10,-3.88479870478779755e-09,-4.49470052986147111e-09,-1.29356365217079381e-10,5.69003798392899792e-09,9.15791158730177832e-09,5.16276280787486793e-09,5.16103260990996817e-09,19,2,1,5.76460752303767552e+17,19,2,1,5.76460752303767552e+17,16,5,2,3.32306998945331719e+35,5.26685440999999969e+02,0,9.15791158730177832e-09,nan,0.00000000000000000e+00
55,0,-2.33968113480125964e-09,1.00000000000000000e+00,8.96724970769632865e-09,2,18,6.16122822007216920e-10,1.64600903482288153e-09,-8.96724970769632865e-09,3.15816554343516616e-09,-7.30238170320122525e-09,-3.82460397413420353e-09,-4.69759678092607349e-09,-1.01714401866245803e-09,6.62756857289506942e-09,7.91850452520844217e-09,4.96270056839996520e-09,6.28523768453876701e-09,19,2,1,5.76460752303767552e+17,19,2,1,5.76460752303767552e+17,16,5,2,3.32306998945331719e+35,5.25384969999999953e+02,0,7.91850452520844217e-09,nan,0.00000000000000000e+00
55,1,-1.59334124906891329e-09,1.00000000000000000e+00,4.44240331850977394e-09,2,18,-1.17618374226681700e-09,1.21993822235176584e-09,-5.27275686427485511e-10,-4.44240331850977394e-09,-2.11646799330380669e-09,-2.47336169287816099e-09,6.54273753717591429e-10,-5.35221543521122386e-09,2.84906206944086065e-09,3.69329991522992704e-09,3.75887418614231057e-09,6.00648918892881508e-09,19,2,1,5.76460752303767552e+17,19,2,1,5.76460752303767552e+17,16,5,2,3.32306998945331719e+35,5.53541822000000025e+02,0,3.69329991522992704e-09,nan,0.00000000000000000e+00
55,2,-2.80559098275924358e-09,1.00000000000000000e+00,4.06014043462890111e-09,2,18,-3.99992871092083700e-09,-3.68547322612801450e-09,-3.99299381465433944e-09,-4.06014043462890111e-09,-7.88215950496815951e-09,-4.12955018523871478e-09,-6.19774296309747882e-09,-6.41740158288072493e-09,1.25454945186965753e-09,3.88223079404732251e-09,5.07656852220891552e-09,3.75260931972944473e-09,19,2,1,5.76460752303767552e+17,19,2,1,5.76460752303767552e+17,16,5,2,3.32306998945331719e+35,6.17603910000000042e+02,0,3.88223079404732251e-09,nan,0.00000000000000000e+00
55,3,-1.41320048897816637e-09,1.00000000000000000e+00,7.34018105894300250e-09,2,18,6.58893935134321558e-10,1.89845529848087105e-09,-2.70324636809180094e-10,7.34018105894300250e-09,7.36865932388057633e-09,-4.36784142451825593e-09,-1.54385077514649662e-09,-1.34487851598861909e-09,8.75338154792116846e-09,8.68505957493162200e-09,8.78185981285874311e-09,1.17365007483988331e-08,19,2,1,5.76460752303767552e+17,19,2,1,5.76460752303767552e+17,16,5,2,3.32306998945331719e+35,5.41634820999999988e+02,0,8.68505957493162200e-09,nan,0.00000000000000000e+00
56,0,-1.36481196148326761e-09,1.00000000000000000e+00,5.74853563583896812e-09,2,18,-2.86440713101919433e-09,-5.74853563583896812e-09,3.47818583919017574e-09,6.93841402374010619e-10,-4.86481013407597821e-09,-1.87302033300927049e-09,-1.42451281703047808e-10,6.56071491822194320e-10,4.84299780067344335e-09,3.87551530282969763e-09,3.49999817259271060e-09,5.52088162589817273e-09,19,2,1,5.76460752303767552e+17,19,2,1,5.76460752303767552e+17,16,5,2,3.32306998945331719e+35,5.32787514999999985e+02,0,3.87551530282969763e-09,nan,0.00000000000000000e+00
56,1,-2.07833938091295532e-09,1.00000000000000000e+00,8.93256025778708252e-09,2,18,-6.60902961278540312e-10,8.93256025778708252e-09,3.68544328041434632e-10,-7.43346512746747819e-09,1.62601252731476964e-09,4.19138747628709299e-09,-8.73071806169522132e-09,-2.65190121342542825e-09,1.10108996387000383e-08,9.09926238973665585e-09,6.65237868078226558e-09,1.29221055379823143e-08,19,2,1,5.76460752303767552e+17,19,2,1,5.76460752303767552e+17,16,5,2,3.32306998945331719e+35,5.25603879000000006e+02,0,9.09926238973665585e-09,nan,0.00000000000000000e+00
56,2,-1.66402346332281152e-09,1.00000000000000000e+00,8.64938665709294659e-09,2,18,-8.64938665709294659e-09,2.67452819118725923e-09,-6.75397865773530780e-10,-1.98011309615461668e-09,-1.71083133701139453e-09,-7.06422304481156542e-09,-9.54398714574052873e-09,3.08262327960352694e-10,6.98536319377013486e-09,9.73875123599882464e-09,7.87996368241771700e-09,9.85224947370088060e-09,19,2,1,5.76460752303767552e+17,19,2,1,5.76460752303767552e+17,16,5,2,3.32306998945331719e+35,5.38738808999999947e+02,0,9.73875123599882464e-09,nan,0.00000000000000000e+00
56,3,-2.05887034833266492e-09,1.00000000000000000e+00,1.28848759223904005e-08,2,18,1.89141783532516102e-09,-3.87347753663936406e-09,1.28848759223904005e-08,1.83651807166775624e-09,-3.93779115078398427e-09,1.81817115473319973e-09,1.44771805430470378e-09,-3.52422528345139457e-09,1.49437462707230654e-08,1.14371578680856969e-08,3.87704150306586444e-09,5.75596230551718380e-09,19,2,1,5.76460752303767552e+17,19,2,1,5.76460752303767552e+17,16,5,2,3.32306998945331719e+35,5.44107542999999964e+02,0,1.14371578680856969e-08,nan,0.00000000000000000e+00
57,0,-1.95830363750530664e-09,1.00000000000000000e+00,1.68530557642690600e-08,2,18,5.85977812966515971e-09,-1.68530557642690600e-08,-2.59510149345702320e-10,7.19289711961333798e-10,6.89648495323114209e-09,-1.37980013878953071e-09,-5.02590045350369918e-09,-5.67728630923060628e-10,1.48947521267637537e-08,1.54732556254795297e-08,8.85478859073644832e-09,1.19223854067348413e-08,19,2,1,5.76460752303767552e+17,19,2,1,5.76460752303767552e+17,16,5,2,3.32306998945331719e+35,5.41046760999999947e+02,0,1.54732556254795297e-08,nan,0.00000000000000000e+00
57,1,-3.46694222186684654e-09,1.00000000000000000e+00,8.22311810693198182e-09,2,18,-2.27036873927745118e-09,5.17544111251992452e-09,-1.32945601074049238e-09,8.22311810693198182e-09,-4.25755122241493281e-09,-4.45352832551588722e-09,-5.18208745887485662e-09,6.31244263110973197e-09,1.16900603287988275e-08,9.62896943803581257e-09,9.77938485297657851e-09,1.14945300899845886e-08,19,2,1,5.76460752303767552e+17,19,2,1,5.76460752303767552e+17,16,5,2,3.32306998945331719e+35,5.30899928000000045e+02,0,9.62896943803581257e-09,nan,0.00000000000000000e+00
57,2,-3.66437654296121065e-09,1.00000000000000000e+00,9.46994327055367372e-09,2,18,-3.01636947176271187e-09,-4.73304252759697159e-10,-9.46994327055367372e-09,-7.56130962284413210e-10,5.06038163964290088e-10,-2.46701914652787150e-09,5.64840286853821658e-09,5.58340597804911990e-10,5.80556672759246307e-09,1.51183461390918903e-08,9.31277941149942640e-09,8.11542201506608807e-09,19,2,1,5.76460752303767552e+17,19,2,1,5.76460752303767552e+17,16,5,2,3.32306998945331719e+35,5.37832449999999994e+02,0,1.51183461390918903e-08,nan,0.00000000000000000e+00
57,3,-4.61318987515017405e-09,1.00000000000000000e+00,1.93304654700747126e-08,2,18,-2.23010271813989714e-09,-1.93304654700747126e-08,2.71177191526689229e-09,6.10524404666561670e-09,6.29182699257257907e-10,-3.50866493550803233e-09,-2.69546667337262035e-09,8.06506640736594020e-09,1.47172755949245394e-08,1.58218005345666786e-08,1.26782562825161151e-08,1.15737313428739725e-08,19,2,1,5.76460752303767552e+17,19,2,1,5.76460752303767552e+17,16,5,2,3.32306998945331719e+35,5.31593013000000042e+02,0,1.58218005345666786e-08,nan,0.00000000000000000e+00
58,0,-5.53213532495718766e-09,1.00000000000000000e+00,1.38226955541840719e-08,2,18,2.08769689666169714e-10,-4.20660082187954364e-09,-1.38226955541840719e-08,-1.25802119053420190e-08,1.28321354911808593e-09,-1.11070428871828863e-08,7.92846222837724281e-10,-7.54514851362483110e-09,8.29056022922688510e-09,1.46155417770217956e-08,6.81534887407527339e-09,1.23902564363009728e-08,19,2,1,5.76460752303767552e+17,19,2,1,5.76460752303767552e+17,16,5,2,3.32306998945331719e+35,5.43364928999999961e+02,0,1.46155417770217956e-08,nan,0.00000000000000000e+00
58,1,-6.22331876331726829e-09,1.00000000000000000e+00,6.30452734662194981e-09,2,18,1.06385791478127401e-09,-4.09063701955381114e-10,-5.45336764037256462e-09,-6.30452734662194981e-09,-1.22715901778993626e-08,-1.04795748727783235e-08,-6.24512468914901979e-09,-7.89523996346806716e-09,7.28717667809854230e-09,1.33354480926806366e-08,6.04827141458209433e-09,6.02646548875034283e-09,19,2,1,5.76460752303767552e+17,19,2,1,5.76460752303767552e+17,16,5,2,3.32306998945331719e+35,6.71145767999999975e+02,0,1.33354480926806366e-08,nan,0.00000000000000000e+00
58,2,-4.08970763739800099e-09,1.00000000000000000e+00,7.03318408749579685e-09,2,18,-2.25637440987772010e-09,-7.03318408749579685e-09,-1.11653658846416327e-09,2.43665157572666322e-09,-5.95127542970470093e-10,-1.33121526357861620e-08,-8.58015231152730643e-09,1.41880487038034807e-10,6.52635921312466420e-09,7.46361572306314357e-09,9.22244499838816019e-09,1.34540331228241976e-08,19,2,1,5.76460752303767552e+17,19,2,1,5.76460752303767552e+17,16,5,2,3.32306998945331719e+35,5.92222704000000022e+02,0,7.46361572306314357e-09,nan,0.00000000000000000e+00
58,3,-4.30609559899042905e-09,1.00000000000000000e+00,1.12895603448135529e-08,2,18,-4.02000570560954511e-09,-1.12895603448135529e-08,7.18751585101008837e-10,1.97318539289920872e-09,-6.26901181955022870e-09,3.73700693129893482e-09,3.27285458010993153e-09,5.78418267502842834e-09,6.98346474582312385e-09,1.50265672761124885e-08,1.00902782740188566e-08,1.20531944945786579e-08,19,2,1,5.76460752303767552e+17,19,2,1,5.76460752303767552e+17,16,5,2,3.32306998945331719e+35,5.86537497000000030e+02,0,1.50265672761124885e-08,nan,0.00000000000000000e+00
59,0,-6.69346658975366309e-09,1.00000000000000000e+00,9.06024319663336614e-09,2,18,-1.17678303704065883e-09,2.51242656326732098e-09,-9.06024319663336614e-09,-6.47579930807174763e-09,-9.91675760452138830e-09,-7.19194874670070098e-10,-2.12301531477757086e-08,-9.83575873054846530e-09,9.20589315302098407e-09,1.21699099511423424e-08,1.45366865580220455e-08,2.05109582731056376e-08,19,2,1,5.76460752303767552e+17,19,2,1,5.76460752303767552e+17,16,5,2,3.32306998945331719e+35,6.11872766999999953e+02,0,1.21699099511423424e-08,nan,0.00000000000000000e+00
59,1,-4.62721439162313402e-09,1.00000000000000000e+00,5.95524377042841488e-09,2,18,-5.50849492398081731e-09,-5.95524377042841488e-09,-2.41531304351470769e-09,-1.92184026854359614e-09,-4.80127639206664628e-10,6.15313585022142057e-09,7.59168730194030664e-09,4.86855589364751462e-09,2.70537412307953788e-09,1.21083796206498363e-08,1.22189016935634415e-08,8.07181494114697127e-09,19,2,1,5.76460752303767552e+17,19,2,1,5.76460752303767552e+17,16,5,2,3.32306998945331719e+35,6.76670716999999968e+02,0,1.21083796206498363e-08,nan,0.00000000000000000e+00
59,2,-6.12119690375404150e-09,1.00000000000000000e+00,4.41056974367589808e-09,2,18,-1.65813643320669659e-09,9.35556588327372489e-11,-1.71413552211035026e-09,-4.41056974367589808e-09,1.95617416876447966e-09,-1.58405600892650115e-09,-7.12999596016522703e-09,1.88935787672184668e-09,6.21475256258677834e-09,6.29992762039774476e-09,8.07737107251852157e-09,9.08617012892970628e-09,19,2,1,5.76460752303767552e+17,19,2,1,5.76460752303767552e+17,16,5,2,3.32306998945331719e+35,6.20015427000000045e+02,0,6.29992762039774476e-09,nan,0.00000000000000000e+00
59,3,-5.93158842430975966e-09,1.00000000000000000e+00,1.00047682387232260e-08,2,18,-1.00047682387232260e-08,-7.73805476116949057e-10,-7.95755529979332864e-09,3.04169376998602862e-09,-8.81602886154156946e-09,-1.11880698811661544e-08,1.22826383214036296e-08,-9.79876075361956991e-10,8.97328219429578828e-09,2.02401936211969566e-08,1.82142267457133901e-08,2.34707082025697840e-08,19,2,1,5.76460752303767552e+17,19,2,1,5.76460752303767552e+17,16,5,2,3.32306998945331719e+35,7.19800378000000023e+02,0,2.02401936211969566e-08,nan,0.00000000000000000e+00
60,0,-3.70545086621988160e-09,1.00000000000000000e+00,1.80532883518838589e-08,2,18,-1.13581040987514205e-09,3.32388463836485572e-09,-1.80532883518838589e-08,3.51449226671678026e-09,-1.47532505482731441e-08,-2.75782360142975254e-09,5.45915863409692455e-09,-2.88903570866698014e-09,1.43478374856639773e-08,2.35124469859807834e-08,1.10477996820532625e-08,2.02124091823700687e-08,19,2,1,5.76460752303767552e+17,19,2,1,5.76460752303767552e+17,16,5,2,3.32306998945331719e+35,7.54637975999999981e+02,0,2.35124469859807834e-08,nan,0.00000000000000000e+00
60,1,-5.78061089806682001e-09,1.00000000000000000e+00,9.08725655622541634e-09,2,18,-2.16214676117553125e-09,-8.16710560686158910e-09,-2.26446913635808138e-09,9.08725655622541634e-09,-9.90115365992300649e-09,-1.25888423080230320e-08,1.05588504119327941e-08,3.88258293484875870e-09,1.48678674542922364e-08,1.28233195482908763e-08,1.63394613099996158e-08,2.31476927199558278e-08,19,2,1,5.76460752303767552e+17,19,2,1,5.76460752303767552e+17,16,5,2,3.32306998945331719e+35,6.30574726000000055e+02,0,1.28233195482908763e-08,nan,0.00000000000000000e+00
60,2,-5.09424273139629322e-09,1.00000000000000000e+00,1.41197244456792360e-08,2,18,3.70116488509966225e-09,-9.95879820966793999e-09,-1.41197244456792360e-08,-5.58660573679787885e-09,-3.66053754897466817e-09,7.28475806054687725e-10,-7.54279488604361936e-09,-1.17360016315721213e-08,9.02548171428294363e-09,1.06872740157226285e-08,6.64175890017582808e-09,1.24644774376268099e-08,19,2,1,5.76460752303767552e+17,19,2,1,5.76460752303767552e+17,16,5,2,3.32306998945331719e+35,5.42677252999999951e+02,0,1.06872740157226285e-08,nan,0.00000000000000000e+00
60,3,-5.00691843826247031e-09,1.00000000000000000e+00,1.68949976643421539e-08,2,18,-7.49179776279887734e-09,-1.55403178482995467e-08,-6.50819566428515501e-09,-1.68949976643421539e-08,-1.10543407698752207e-08,-1.31208944061649489e-08,-1.57219436020499441e-08,-2.26805303055922196e-09,1.18880792260796836e-08,1.46269446337829311e-08,1.07150251637874738e-08,1.34538905714907213e-08,19,2,1,5.76460752303767552e+17,19,2,1,5.76460752303767552e+17,16,5,2,3.32306998945331719e+35,5.29920827000000031e+02,0,1.46269446337829311e-08,nan,0.00000000000000000e+00
61,0,-3.83060830377938465e-09,1.00000000000000000e+00,2.27205131253081309e-08,2,18,-4.23812375197301291e-09,-2.05070169094916527e-08,-2.27205131253081309e-08,-4.26866237683879061e-09,-2.37128933428800927e-09,1.66429052188239226e-09,5.93464197566478138e-09,-1.41587910388123888e-08,1.88899048215287471e-08,2.86551551009729123e-08,1.03281827350330034e-08,2.00934330144771719e-08,19,2,1,5.76460752303767552e+17,19,2,1,5.76460752303767552e+17,16,5,2,3.32306998945331719e+35,5.35959149000000025e+02,0,2.86551551009729123e-08,nan,0.00000000000000000e+00
61,1,-4.79254612342369067e-09,1.00000000000000000e+00,2.40758950280101252e-08,2,18,2.40758950280101252e-08,2.15178422699625926e-09,1.89860620559628335e-09,-1.23917167107618647e-08,-4.06577738213778078e-09,-4.77141116589466561e-09,-8.08048252533897259e-09,-2.46749372572065141e-09,2.88684411514338167e-08,2.81416724101479076e-08,3.28793640191528192e-09,5.61298879961832077e-09,19,2,1,5.76460752303767552e+17,19,2,1,5.76460752303767552e+17,16,5,2,3.32306998945331719e+35,5.31067874999999958e+02,0,2.81416724101479076e-08,nan,0.00000000000000000e+00
61,2,-4.70943668387306799e-09,1.00000000000000000e+00,2.00679525963542705e-08,2,18,-5.01143755072272493e-11,2.00679525963542705e-08,-1.72706057455032233e-08,-8.97207437858441613e-09,-2.96318546380558340e-10,2.90820471333173284e-08,7.34235567607343159e-09,-8.85807388902030337e-09,2.47773892802273368e-08,2.46129614215766566e-08,3.37914838171903947e-08,3.79401210223376317e-08,19,2,1,5.76460752303767552e+17,19,2,1,5.76460752303767552e+17,16,5,2,3.32306998945331719e+35,5.58774814999999990e+02,0,2.46129614215766566e-08,nan,0.00000000000000000e+00
61,3,-4.43947561138210149e-09,1.00000000000000000e+00,2.10309303578581877e-08,2,18,1.72396698680676088e-09,9.04659248008969054e-10,2.10309303578581877e-08,-4.62791646070656592e-09,-5.82895924241405385e-09,1.57673135912408047e-08,7.47211116629042768e-09,-6.22930618951590666e-10,2.54704059692402892e-08,1.48626543432318365e-08,2.02067892026229062e-08,2.15962728336548602e-08,19,2,1,5.76460752303767552e+17,19,2,1,5.76460752303767552e+17,16,5,2,3.32306998945331719e+35,5.36392831000000001e+02,0,1.48626543432318365e-08,nan,0.00000000000000000e+00
62,0,1.56520016166976542e-09,1.00000000000000000e+00,1.33476882018789950e-08,2,18,-6.45628307669175362e-09,8.70401551600043057e-10,4.22574659787250094e-09,-1.33476882018789950e-08,-6.91510816541797820e-09,9.31880856731650991e-10,5.06105767325133975e-09,-3.40382306291358129e-10,1.49128883635487611e-08,1.30073058955876368e-08,8.48030832708774424e-09,1.19761658386693180e-08,19,2,1,5.76460752303767552e+17,19,2,1,5.76460752303767552e+17,16,5,2,3.32306998945331719e+35,5.46084240000000023e+02,0,1.30073058955876368e-08,nan,0.00000000000000000e+00
62,1,-5.45064320624008500e-09,1.00000000000000000e+00,1.36748011825569458e-08,2,18,-1.36748011825569458e-08,9.19396589630047626e-09,-1.33850839314890477e-10,-1.05194040485822409e-08,7.67730260013197538e-09,-1.17848114943701728e-08,7.54991507561006928e-09,-2.63773248846525765e-09,1.46446091025405621e-08,2.13521037826889212e-08,1.31279458063720595e-08,1.94621140945021482e-08,19,2,1,5.76460752303767552e+17,19,2,1,5.76460752303767552e+17,16,5,2,3.32306998945331719e+35,5.30215109999999981e+02,0,2.13521037826889212e-08,nan,0.00000000000000000e+00
62,2,-7.81416087890895851e-10,1.00000000000000000e+00,9.75130853541340181e-09,2,18,6.49059159866391607e-09,-4.78040969156865922e-09,9.75130853541340181e-09,2.56905876809356284e-10,-1.40733990531762465e-08,2.29881009065470497e-08,3.87593943444868270e-09,5.05682321370549777e-09,1.05327246233042973e-08,2.77685105981157106e-08,2.37695169944379469e-08,3.70614999597232962e-08,19,2,1,5.76460752303767552e+17,19,2,1,5.76460752303767552e+17,16,5,2,3.32306998945331719e+35,5.86399758000000020e+02,0,2.77685105981157106e-08,nan,0.00000000000000000e+00
62,3,-2.60258949411488131e-09,1.00000000000000000e+00,3.02935772431665765e-08,2,18,2.32682034411624220e-08,1.51951549792373542e-08,-1.68126713747638817e-08,3.02935772431665765e-08,1.11288430684206608e-08,3.09636839974106769e-09,1.22653158066206071e-08,1.32252176623771548e-08,3.28961667372814578e-08,2.90779871813844888e-08,1.58278071564920361e-08,1.01288492626360871e-08,19,2,1,5.76460752303767552e+17,19,2,1,5.76460752303767552e+17,16,5,2,3.32306998945331719e+35,5.24056215999999949e+02,0,2.90779871813844888e-08,nan,0.00000000000000000e+00
63,0,1.44636615100743958e-08,1.00000000000000000e+00,1.91011814281463308e-08,2,18,-6.10681403171372993e-09,-8.59592118428950359e-09,-3.90514188167017291e-09,1.91011814281463308e-08,1.39623275119149078e-08,1.11967442501898839e-08,-7.53346584428634997e-10,-1.15238320383614742e-08,2.30595826943638994e-08,3.06250134665078083e-08,2.59874935484358683e-08,2.54861595502763820e-08,19,2,1,5.76460752303767552e+17,19,2,1,5.76460752303767552e+17,16,5,2,3.32306998945331719e+35,5.61140671999999995e+02,0,3.06250134665078083e-08,nan,0.00000000000000000e+00
63,1,5.24620435764272873e-09,1.00000000000000000e+00,2.58596396571399614e-08,2,18,7.70256346316507264e-09,2.58596396571399614e-08,-1.34826050705689971e-08,-1.26097585007337117e-08,2.64063854332423064e-09,9.32816164959406472e-09,-4.53585824433998890e-09,2.06739174449358726e-09,2.06134352994972318e-08,1.65314780075458967e-08,9.78206260198271680e-09,1.38640198939340536e-08,19,2,1,5.76460752303767552e+17,19,2,1,5.76460752303767552e+17,16,5,2,3.32306998945331719e+35,6.47621358999999984e+02,0,1.65314780075458967e-08,nan,0.00000000000000000e+00
63,2,1.16543333252458683e-08,1.00000000000000000e+00,3.05689570671005771e-08,2,18,8.99205892998559760e-09,3.05689570671005771e-08,2.79215401345110744e-08,-1.42538917945333056e-08,-8.17841204817929805e-09,-1.34298860068285532e-08,-3.48152205366680317e-09,3.76113319668693701e-08,2.59082251197791723e-08,5.18652237614026774e-08,2.59569986416235018e-08,5.10412179736979232e-08,19,2,1,5.76460752303767552e+17,19,2,1,5.76460752303767552e+17,16,5,2,3.32306998945331719e+35,5.89191819000000010e+02,0,5.18652237614026774e-08,nan,0.00000000000000000e+00
63,3,6.78231460843897203e-09,1.00000000000000000e+00,2.24882852664369771e-08,2,18,2.24882852664369771e-08,-7.74862867212325685e-09,-3.11135370724803028e-09,-9.23947423457821739e-09,-1.60421687397187561e-08,4.98933422652359584e-09,-1.58763136354324371e-08,-4.17868613355366976e-09,1.60217888430171886e-08,3.85304540061557332e-08,2.28244833481577273e-08,2.10315029662423520e-08,19,2,1,5.76460752303767552e+17,19,2,1,5.76460752303767552e+17,16,5,2,3.32306998945331719e+35,5.92532078999999953e+02,0,3.85304540061557332e-08,nan,0.00000000000000000e+00
64,0,8.48411014735259979e-09,1.00000000000000000e+00,4.30668471800785547e-08,2,18,-1.49666909479338658e-08,4.30668471800785547e-08,1.96709205004604690e-08,1.08558600049622033e-08,1.33828407078543747e-08,-2.60701206534362662e-09,3.09014145167210736e-08,1.13234926030840533e-08,3.45827370327259566e-08,4.56738592454221789e-08,2.24173043693684755e-08,3.35084265820646977e-08,19,2,1,5.76460752303767552e+17,19,2,1,5.76460752303767552e+17,16,5,2,3.32306998945331719e+35,5.50469683000000032e+02,0,4.56738592454221789e-08,nan,0.00000000000000000e+00
64,1,5.45123408578832122e-09,1.00000000000000000e+00,3.37602731663086097e-08,2,18,-1.11873923099802737e-08,3.37602731663086097e-08,-2.42805028817898897e-08,-1.61320459616057600e-08,-3.59867083895353344e-08,9.39545254835718481e-09,2.47891989004715757e-08,1.01075819816539291e-08,2.97317369675782092e-08,4.90697017822614654e-08,4.14379424753236539e-08,6.07759072900069101e-08,19,2,1,5.76460752303767552e+17,19,2,1,5.76460752303767552e+17,16,5,2,3.32306998945331719e+35,5.45931675000000041e+02,0,4.90697017822614654e-08,nan,0.00000000000000000e+00
64,2,2.86890092155687825e-09,1.00000000000000000e+00,4.25662554234986701e-08,2,18,-2.41631682228558143e-08,-2.05746230178596272e-09,-4.25662554234986701e-08,-4.04668553573135409e-09,-2.38047650030699898e-08,-3.38878831975789098e-08,-1.67629648153816068e-09,1.49334868229022308e-08,4.54351563450555467e-08,4.08899589419605094e-08,3.67567841191357864e-08,4.88213700204811406e-08,19,2,1,5.76460752303767552e+17,19,2,1,5.76460752303767552e+17,16,5,2,3.32306998945331719e+35,5.45266989999999964e+02,0,4.08899589419605094e-08,nan,0.00000000000000000e+00
64,3,4.11799521753582622e-10,1.00000000000000000e+00,1.57912720706203723e-08,2,18,-6.92060106248162500e-09,-2.77068067610245226e-09,-1.54692393753646833e-08,1.57912720706203723e-08,-2.20165451265514225e-08,2.32213454092952081e-08,4.34597873086435809e-08,2.76100735226590733e-08,1.58810388971182674e-08,5.89290266840082609e-08,4.30479877868899968e-08,6.54763324351950033e-08,19,2,1,5.76460752303767552e+17,19,2,1,5.76460752303767552e+17,16,5,2,3.32306998945331719e+35,5.63987101000000052e+02,0,5.89290266840082609e-08,nan,0.00000000000000000e+00
65,0,1.15237165213605283e-08,1.00000000000000000e+00,2.02655243433243521e-08,2,18,-2.02655243433243521e-08,-5.83518736972565858e-09,4.81805120195037969e-09,-1.86109057528208936e-08,2.06702401860682300e-08,-4.85401217046058912e-08,-2.54741820786126072e-08,2.54148323261532316e-08,3.17892408646848803e-08,4.40257380789741252e-08,6.00638382259664161e-08,7.39549540307591227e-08,19,2,1,5.76460752303767552e+17,19,2,1,5.76460752303767552e+17,16,5,2,3.32306998945331719e+35,5.70627420000000029e+02,0,4.40257380789741252e-08,nan,0.00000000000000000e+00
65,1,5.81607757443036961e-09,1.00000000000000000e+00,3.85424073190608431e-08,2,18,-2.80813150758905154e-08,-1.70165711751153781e-08,-1.23848150739690219e-08,3.85424073190608431e-08,1.97385620681738719e-08,2.91325395033025490e-08,-2.00377570148010297e-08,-1.19301846829848511e-08,3.38973926503208825e-08,5.04725920020456974e-08,2.58538345892314001e-08,4.91702965181035820e-08,19,2,1,5.76460752303767552e+17,19,2,1,5.76460752303767552e+17,16,5,2,3.32306998945331719e+35,5.78032454000000030e+02,0,5.04725920020456974e-08,nan,0.00000000000000000e+00
65,2,7.62499252705976919e-09,1.00000000000000000e+00,4.00841866680456904e-08,2,18,2.38598883845894406e-08,-4.00841866680456904e-08,-1.43636672935297439e-08,-2.74309821162619591e-08,-4.51667382672210667e-08,-1.03424610121480843e-08,-1.41160986287385942e-08,2.35554660253170847e-08,4.77091791951054580e-08,6.90266266518105073e-08,5.27917307942808343e-08,6.87222042925381514e-08,19,2,1,5.76460752303767552e+17,19,2,1,5.76460752303767552e+17,16,5,2,3.32306998945331719e+35,5.40348531999999977e+02,0,6.90266266518105073e-08,nan,0.00000000000000000e+00
65,3,1.27527447413165377e-09,1.00000000000000000e+00,3.85738125745926462e-08,2,18,-2.30890611863417017e-08,3.85738125745926462e-08,-2.34448291851523968e-09,1.68449784612419075e-08,4.54522127100052977e-09,-2.21275124762397992e-08,-1.46843999814700205e-08,-2.83100979004064764e-08,3.72985381004609931e-08,6.07013250508324421e-08,2.95853723745381295e-08,3.28553191714070078e-08,19,2,1,5.76460752303767552e+17,19,2,1,5.76460752303767552e+17,16,5,2,3.32306998945331719e+35,5.49414364999999975e+02,0,6.07013250508324421e-08,nan,0.00000000000000000e+00
66,0,-2.79256229036251441e-08,1.00000000000000000e+00,2.71152727292071494e-08,2,18,-1.86222984978713835e-08,-2.71152727292071494e-08,-1.13458648384129667e-08,-1.91294613444098500e-08,4.20746903321679060e-10,-3.97011661064677063e-08,2.69912733041249473e-08,-4.50556436251670914e-08,1.65797580652121758e-08,3.83371381425379157e-08,5.49168962077500914e-08,7.20469169292920453e-08,19,2,1,5.76460752303767552e+17,19,2,1,5.76460752303767552e+17,16,5,2,3.32306998945331719e+35,5.40892310999999950e+02,0,3.83371381425379157e-08,nan,0.00000000000000000e+00
66,1,-1.39589148715000185e-08,1.00000000000000000e+00,4.99406930049457808e-08,2,18,7.48525352728811626e-09,-2.62560062622999572e-08,8.39225846930070496e-09,-4.99406930049457808e-08,-6.76122684559724630e-08,-7.74605694992928215e-09,-1.92285364495364298e-09,-1.73303588409672867e-08,3.59817781334457655e-08,7.50975219832605792e-08,5.36533535844724477e-08,6.56894148110188200e-08,19,2,1,5.76460752303767552e+17,19,2,1,5.76460752303767552e+17,16,5,2,3.32306998945331719e+35,5.22867975999999999e+02,0,7.50975219832605792e-08,nan,0.00000000000000000e+00
66,2,-2.88981900235278682e-08,1.00000000000000000e+00,6.69274847437243983e-08,2,18,-3.27474166441116619e-08,2.07867057960423064e-08,-6.69274847437243983e-08,2.11374972827529441e-09,-5.46613913658941369e-08,-3.88860230849937532e-08,-2.38119649088808349e-08,-3.44848619573320816e-08,4.96848958195701745e-08,5.96727288810360530e-08,2.57632013423662687e-08,3.08494264570133021e-08,19,2,1,5.76460752303767552e+17,19,2,1,5.76460752303767552e+17,16,5,2,3.32306998945331719e+35,5.41130041000000006e+02,0,5.96727288810360530e-08,nan,0.00000000000000000e+00
66,3,-1.99639034082736474e-08,1.00000000000000000e+00,3.85695970315886590e-08,2,18,3.28581394702540809e-08,7.57227362385640116e-09,-3.85695970315886590e-08,1.67045559901253631e-08,-3.71575592509362860e-08,-1.70172798929271071e-08,-1.84535725126646071e-08,-3.49405686107669251e-09,5.28220428785277249e-08,7.00156987211903735e-08,1.71936558426626386e-08,3.36635023898595959e-08,19,2,1,5.76460752303767552e+17,19,2,1,5.76460752303767552e+17,16,5,2,3.32306998945331719e+35,5.39122239000000036e+02,0,7.00156987211903735e-08,nan,0.00000000000000000e+00
67,0,-3.69997972599923562e-09,1.00000000000000000e+00,4.01939977053693452e-08,2,18,-4.01939977053693452e-08,-1.24845000560748203e-08,-2.90438901468994813e-08,-2.38384056051137116e-08,-3.78251870695745050e-08,-2.23908993890686588e-08,-2.98178722763042732e-08,-4.13339881554974623e-08,3.64940179793701104e-08,1.74955825503837507e-08,3.76340084294982275e-08,1.89430887664288035e-08,19,2,1,5.76460752303767552e+17,19,2,1,5.76460752303767552e+17,16,5,2,3.32306998945331719e+35,5.51765523000000030e+02,0,1.74955825503837507e-08,nan,0.00000000000000000e+00
67,1,-1.74636286150901475e-08,1.00000000000000000e+00,1.93041035310453625e-08,2,18,6.60938606055332540e-09,-2.97239187890715959e-09,1.93041035310453625e-08,-1.00685437579613057e-08,9.18837054473162790e-09,-8.83166705875320061e-08,9.92361636059228864e-09,-2.19824115841390798e-08,3.67677321461355067e-08,8.53442787086248411e-08,7.08530419724418619e-08,9.82402869481242947e-08,19,2,1,5.76460752303767552e+17,19,2,1,5.76460752303767552e+17,16,5,2,3.32306998945331719e+35,5.40382984999999962e+02,0,8.53442787086248411e-08,nan,0.00000000000000000e+00
67,2,2.36066581485957756e-10,1.00000000000000000e+00,4.36216264134970185e-08,2,18,-2.14771396273163551e-08,-4.36216264134970185e-08,-9.81257489341744234e-09,-3.36314180213860792e-08,2.92876239852367946e-08,2.88513368254694730e-08,2.90651860936877424e-08,-7.57756934783045245e-08,4.38576929949829770e-08,7.24729632389664849e-08,7.60117600597904764e-08,1.05063317463541326e-07,19,2,1,5.76460752303767552e+17,19,2,1,5.76460752303767552e+17,16,5,2,3.32306998945331719e+35,5.33101890000000026e+02,0,7.24729632389664849e-08,nan,0.00000000000000000e+00
67,3,-7.91998128784527385e-09,1.00000000000000000e+00,4.35750106785560175e-08,2,18,1.22542752811185588e-08,7.45403963162991209e-10,-4.28317175489882666e-08,4.35750106785560175e-08,2.07050336297395153e-08,8.57568575021867189e-09,4.97325664112124797e-08,-2.42371583898563848e-08,5.14949919664012897e-08,9.25642839602007462e-08,5.76525476990577519e-08,7.39697248010688612e-08,19,2,1,5.76460752303767552e+17,19,2,1,5.76460752303767552e+17,16,5,2,3.32306998945331719e+35,6.02782582000000048e+02,0,9.25642839602007462e-08,nan,0.00000000000000000e+00
68,0,-1.83661506463301662e-09,1.00000000000000000e+00,3.49686033369438594e-08,2,18,-3.49686033369438594e-08,-2.23179016200895338e-08,2.50091450959045898e-09,-7.81451752335810899e-09,1.52754866116032023e-08,3.02886309317801275e-09,-3.60843414818286505e-08,1.59946968378029162e-08,3.31319882723108401e-08,5.02440899485470617e-08,3.42477264171956312e-08,5.20790383196315668e-08,19,2,1,5.76460752303767552e+17,19,2,1,5.76460752303767552e+17,16,5,2,3.32306998945331719e+35,5.17755780999999956e+02,0,5.02440899485470617e-08,nan,0.00000000000000000e+00
68,1,-1.30366966411913926e-09,1.00000000000000000e+00,3.43169906208122505e-08,2,18,2.97140837701532266e-09,-1.49259037240031782e-08,-3.43169906208122505e-08,2.57557739440260510e-08,2.43932381439297362e-08,-6.07974988201176333e-08,-1.62808123186802397e-08,-5.74750857713683882e-09,3.30133209566931102e-08,4.58715950961144584e-08,5.94938291559984930e-08,8.51907369640473661e-08,19,2,1,5.76460752303767552e+17,19,2,1,5.76460752303767552e+17,16,5,2,3.32306998945331719e+35,5.17936593000000016e+02,0,4.58715950961144584e-08,nan,0.00000000000000000e+00
68,2,-4.54938732252884643e-09,1.00000000000000000e+00,6.85862766230627567e-08,2,18,-1.92472467578678528e-08,-2.88512901306807472e-08,-6.61331026597086646e-09,6.85862766230627567e-08,1.91186692072893218e-08,-9.16606218566552723e-08,5.26677410374780901e-09,3.52186101764081314e-08,7.31356639455916056e-08,6.28093317259745217e-08,8.71112345341264234e-08,1.26879232033063404e-07,19,2,1,5.76460752303767552e+17,19,2,1,5.76460752303767552e+17,16,5,2,3.32306998945331719e+35,5.40080661999999961e+02,0,6.28093317259745217e-08,nan,0.00000000000000000e+00
68,3,-1.01290154697708492e-08,1.00000000000000000e+00,6.41834067812557072e-08,2,18,1.50677823584117276e-08,-6.41834067812557072e-08,-3.19610838858987107e-08,-1.38720957531405368e-08,2.93913143085034705e-08,-1.20893429930299148e-08,-4.23376487333502850e-08,-6.92587897603391786e-08,5.40543913114848564e-08,5.53866940071986418e-08,5.91297742905683278e-08,9.86501040688426491e-08,19,2,1,5.76460752303767552e+17,19,2,1,5.76460752303767552e+17,16,5,2,3.32306998945331719e+35,5.54717385000000036e+02,0,5.53866940071986418e-08,nan,0.00000000000000000e+00
69,0,-1.99440426150262356e-08,1.00000000000000000e+00,7.55649588015818692e-08,2,18,5.99821267481249277e-09,-7.55649588015818692e-08,7.66958430533713643e-09,-6.95684884232216149e-08,-6.78850837015533565e-08,-9.27839777443464299e-09,5.10261858979386406e-08,1.87849416739964678e-08,5.56209161865556369e-08,8.83534300972180826e-08,7.09702285129648728e-08,1.18911269599491997e-07,19,2,1,5.76460752303767552e+17,19,2,1,5.76460752303767552e+17,16,5,2,3.32306998945331719e+35,5.27055962000000022e+02,0,8.83534300972180826e-08,nan,0.00000000000000000e+00
69,1,-1.75983271627948238e-08,1.00000000000000000e+00,4.58373903130925609e-08,2,18,-1.98225450428919837e-08,-1.52037243445649525e-08,-4.58373903130925609e-08,-1.91595925802307109e-08,3.17365076069702442e-08,-5.02983048702097166e-08,1.39966873772838378e-08,-3.32534072054431040e-08,2.82390631502977371e-08,5.98340776903763937e-08,4.93348347697650713e-08,8.20348124771799674e-08,19,2,1,5.76460752303767552e+17,19,2,1,5.76460752303767552e+17,16,5,2,3.32306998945331719e+35,5.25249189999999999e+02,0,5.98340776903763937e-08,nan,0.00000000000000000e+00
69,2,-2.12214263369856081e-08,1.00000000000000000e+00,2.49140467160412297e-08,2,18,-1.63752484373185172e-08,7.62266580296846254e-09,2.49140467160412297e-08,-1.83881782419929152e-08,-5.63085444936048088e-08,-6.25959859016308434e-09,-4.57992087678863926e-08,-6.53820101466352528e-08,4.61354730530268345e-08,7.07132554839276223e-08,4.41605838096496414e-08,5.91224115564721651e-08,19,2,1,5.76460752303767552e+17,19,2,1,5.76460752303767552e+17,16,5,2,3.32306998945331719e+35,5.12250479000000041e+02,0,7.07132554839276223e-08,nan,0.00000000000000000e+00
69,3,-1.44460844976158119e-08,1.00000000000000000e+00,4.78157482674012425e-08,2,18,1.10178338447935736e-08,-4.78157482674012425e-08,4.27339744512095697e-08,-3.60164082216471685e-08,4.63088366360006312e-09,1.47925525391913279e-09,1.28316619603607707e-08,2.39178848459726197e-08,5.71800589488253816e-08,5.99342930676197949e-08,3.83639693435884317e-08,2.24386295920534886e-08,19,2,1,5.76460752303767552e+17,19,2,1,5.76460752303767552e+17,16,5,2,3.32306998945331719e+35,5.22970321000000013e+02,0,5.99342930676197949e-08,nan,0.00000000000000000e+00
70,0,-2.24170329679043851e-08,1.00000000000000000e+00,1.19858036027439909e-07,2,18,-3.30055871444139644e-09,3.42655725086699066e-08,1.19858036027439909e-07,-2.03658733655869319e-08,1.50805397043277246e-08,-5.60901883153030665e-08,8.91099092005698011e-08,1.62103684134785069e-08,1.42275068995344291e-07,9.03557608239729731e-08,1.11526942168474183e-07,1.45200097515872854e-07,19,2,1,5.76460752303767552e+17,19,2,1,5.76460752303767552e+17,16,5,2,3.32306998945331719e+35,5.27447223000000008e+02,0,9.03557608239729731e-08,nan,0.00000000000000000e+00
70,1,1.42070617547304508e-08,1.00000000000000000e+00,6.44995238438890177e-08,2,18,-3.64429027584809128e-08,4.52923067389925294e-08,-6.44995238438890177e-08,5.60953802707511657e-08,-3.98429955656363830e-09,-2.13881536727188095e-08,-3.70407653923932556e-08,-3.41193593152457391e-08,7.87065855986194735e-08,9.02147395859968982e-08,5.12478271471237048e-08,3.30564658358296206e-08,19,2,1,5.76460752303767552e+17,19,2,1,5.76460752303767552e+17,16,5,2,3.32306998945331719e+35,5.25070590000000038e+02,0,9.02147395859968982e-08,nan,0.00000000000000000e+00
70,2,3.68995730814991601e-09,1.00000000000000000e+00,7.57783610700461882e-08,2,18,5.41249935988710519e-08,4.41806855603057028e-08,9.70150804255470212e-09,-7.57783610700461882e-08,5.37634711714473542e-08,-4.29862390334508187e-08,2.77719937508442033e-08,-2.57207542584488338e-09,7.94683183781961042e-08,8.71669245937565215e-08,5.00735138632974382e-08,9.67497102048981663e-08,19,2,1,5.76460752303767552e+17,19,2,1,5.76460752303767552e+17,16,5,2,3.32306998945331719e+35,7.07008264000000054e+02,0,8.71669245937565215e-08,nan,0.00000000000000000e+00
70,3,1.82840257758321566e-08,1.00000000000000000e+00,1.10690728547124403e-07,2,18,-3.04027475465779397e-08,-1.10690728547124403e-07,9.60228889280649659e-08,3.78940231191925829e-09,-2.25823299945574520e-08,1.71535619595124716e-07,-1.15797208714741278e-07,8.93677139378688675e-09,1.28974754322956573e-07,2.82226348142249119e-07,1.53251593819292546e-07,2.87332828309865994e-07,19,2,1,5.76460752303767552e+17,19,2,1,5.76460752303767552e+17,16,5,2,3.32306998945331719e+35,6.97167227000000025e+02,0,2.82226348142249119e-07,nan,0.00000000000000000e+00
71,0,1.31457206971145303e-08,1.00000000000000000e+00,7.43583992510911924e-08,2,18,3.32942387869006655e-08,5.94984403606266157e-08,-3.33995990839937219e-08,-7.43583992510911924e-08,-1.32139426165389800e-08,8.73295859799254868e-08,1.91492225410391593e-07,-2.81713126254321692e-08,8.75041199482057211e-08,2.24891824494385308e-07,1.78346504713277051e-07,2.19663538035823769e-07,19,2,1,5.76460752303767552e+17,19,2,1,5.76460752303767552e+17,16,5,2,3.32306998945331719e+35,1.16565077599999995e+03,0,2.24891824494385308e-07,nan,0.00000000000000000e+00
71,1,1.74057378162902134e-08,1.00000000000000000e+00,8.81569263504979548e-08,2,18,4.60098623231202942e-08,8.81569263504979548e-08,4.23073495150762536e-08,7.59505659824629011e-08,1.15255298829912947e-07,9.53432299534867170e-08,3.58944466526097759e-08,3.94730861570688595e-08,7.07511885342077349e-08,6.92454365067926525e-08,9.78495610136227400e-08,7.93608521773031708e-08,19,2,1,5.76460752303767552e+17,19,2,1,5.76460752303767552e+17,16,5,2,3.32306998945331719e+35,8.10307014999999978e+02,0,6.92454365067926525e-08,nan,0.00000000000000000e+00
71,2,2.75487278628259350e-09,1.00000000000000000e+00,1.45712077574238856e-07,2,18,1.45712077574238856e-07,9.47471057000562188e-08,-1.37074884157187958e-07,1.45662600743239545e-07,-5.42532612366505995e-08,-4.62850353764554969e-08,3.75787841112039439e-08,7.53461120239876830e-08,1.42957204787956264e-07,1.99965338810889455e-07,7.25912392377050908e-08,1.29599373260638283e-07,19,2,1,5.76460752303767552e+17,19,2,1,5.76460752303767552e+17,16,5,2,3.32306998945331719e+35,5.94756910999999945e+02,0,1.99965338810889455e-07,nan,0.00000000000000000e+00
71,3,2.24558756326085494e-09,1.00000000000000000e+00,2.14812061818128478e-08,2,18,-2.53235476192074684e-09,1.25131628709814204e-09,2.14812061818128478e-08,-1.56098034834154728e-08,8.44541313861131879e-08,1.78654002956042025e-07,-2.02691067442233986e-08,4.61051602847457950e-08,1.92356186185519921e-08,1.77402686668943889e-07,1.76408415392781166e-07,1.98923109700265417e-07,19,2,1,5.76460752303767552e+17,19,2,1,5.76460752303767552e+17,16,5,2,3.32306998945331719e+35,6.03985507999999982e+02,0,1.77402686668943889e-07,nan,0.00000000000000000e+00
72,0,6.58758063692497575e-08,1.00000000000000000e+00,1.31107204636219506e-07,2,18,1.31107204636219506e-07,6.19581475150415287e-08,4.71818327805757791e-08,1.05548032014042493e-07,-1.38707753762768685e-07,-1.18469935250157884e-07,9.49416760182098783e-09,1.73216966338057669e-08,6.52313982669697482e-08,2.69814958398988190e-07,2.04583560132018442e-07,1.56029450396574438e-07,19,2,1,5.76460752303767552e+17,19,2,1,5.76460752303767552e+17,16,5,2,3.32306998945331719e+35,5.56894449000000009e+02,0,2.69814958398988190e-07,nan,0.00000000000000000e+00
72,1,1.17279188175587029e-10,1.00000000000000000e+00,1.25003339685128909e-07,2,18,5.74558786904023701e-08,5.12893326226208093e-08,1.16128033723993550e-08,-1.25003339685128909e-07,1.60025363948046707e-07,1.13270248704996726e-07,-1.20553030599215443e-09,-8.50820556148637656e-08,1.25120618873304485e-07,1.02569485257644337e-07,1.59908084759871131e-07,2.45107419562910473e-07,19,2,1,5.76460752303767552e+17,19,2,1,5.76460752303767552e+17,16,5,2,3.32306998945331719e+35,5.56244597999999996e+02,0,1.02569485257644337e-07,nan,0.00000000000000000e+00
72,2,1.08028340095464807e-08,1.00000000000000000e+00,7.37026219140091228e-08,2,18,-5.46105735884965066e-09,-3.46127387883649203e-08,7.37026219140091228e-08,1.90178374420520456e-08,-1.25138500459758928e-07,-2.83464649025635904e-08,-1.46619729664971045e-07,-8.99213810941512928e-08,6.28997879044626371e-08,2.20322351578980168e-07,1.57422563674517531e-07,1.18273264762407455e-07,19,2,1,5.76460752303767552e+17,19,2,1,5.76460752303767552e+17,16,5,2,3.32306998945331719e+35,5.94479745999999977e+02,0,2.20322351578980168e-07,nan,0.00000000000000000e+00
72,3,9.42728653449890018e-10,1.00000000000000000e+00,5.76947204129708918e-08,2,18,-1.97213821409040542e-08,-1.91643228330183393e-08,-5.41970116662461847e-08,5.76947204129708918e-08,-1.58093733831026642e-07,1.34951705012799957e-07,-6.73063972276495193e-08,-9.46357596970080073e-08,5.67519917595210018e-08,1.54116027845818296e-07,1.59036462484476539e-07,2.93045438843826572e-07,19,2,1,5.76460752303767552e+17,19,2,1,5.76460752303767552e+17,16,5,2,3.32306998945331719e+35,5.55340073999999959e+02,0,1.54116027845818296e-07,nan,0.00000000000000000e+00
73,0,3.17065684767167091e-08,1.00000000000000000e+00,8.23284748542402116e-08,2,18,-8.23284748542402116e-08,-3.37026373365771120e-08,-3.39760153594198171e-08,-1.61413149319280416e-09,-1.06422147018925180e-07,-3.78585457289005499e-08,2.07451214874593220e-08,4.37568784440979186e-08,1.14035043330956921e-07,5.47211368468791391e-08,1.38128715495641889e-07,1.50179025463023092e-07,19,2,1,5.76460752303767552e+17,19,2,1,5.76460752303767552e+17,16,5,2,3.32306998945331719e+35,5.44713419000000044e+02,0,5.47211368468791391e-08,nan,0.00000000000000000e+00
73,1,3.81486596333949592e-08,1.00000000000000000e+00,1.15587943619086807e-07,2,18,5.20419883372166607e-08,-4.75783509073456470e-08,1.15587943619086807e-07,1.04510862572465064e-08,1.51305614085407782e-07,-3.67767058377689952e-08,-1.08853370187891145e-07,-9.94118803426895245e-08,8.57270105407406129e-08,2.24441313806977939e-07,1.47002029821286091e-07,2.60158984273298928e-07,19,2,1,5.76460752303767552e+17,19,2,1,5.76460752303767552e+17,16,5,2,3.32306998945331719e+35,5.40230771000000004e+02,0,2.24441313806977939e-07,nan,0.00000000000000000e+00
73,2,4.14112840126870420e-08,1.00000000000000000e+00,2.33755048428213675e-07,2,18,1.47049837083036547e-07,-2.33755048428213675e-07,-1.14226540539556553e-07,1.31659134879490969e-07,3.60416753183628175e-08,2.63976827706021380e-07,1.66568576251478548e-08,-8.83531649422236445e-08,2.75166332440900743e-07,4.97731876134235055e-07,2.22565543693334338e-07,3.52329992648245011e-07,19,2,1,5.76460752303767552e+17,19,2,1,5.76460752303767552e+17,16,5,2,3.32306998945331719e+35,5.30047490000000039e+02,0,4.97731876134235055e-07,nan,0.00000000000000000e+00
73,3,2.64645052283383543e-08,1.00000000000000000e+00,1.45662003979129385e-07,2,18,-1.43670505053151868e-07,-7.31532263320183791e-08,3.82670132287884979e-08,1.45662003979129385e-07,6.97497452937327097e-08,-1.94280382472981424e-07,-8.98953128222731606e-08,-6.02125546820656787e-08,1.70135010281490215e-07,2.13420250346884577e-07,2.20744887701319771e-07,2.64030127766714160e-07,19,2,1,5.76460752303767552e+17,19,2,1,5.76460752303767552e+17,16,5,2,3.32306998945331719e+35,5.23041614999999979e+02,0,2.13420250346884577e-07,nan,0.00000000000000000e+00
74,0,1.37278674547035877e-08,1.00000000000000000e+00,1.09570218155849739e-07,2,18,9.34957924379337871e-08,1.09570218155849739e-07,9.17568117858467232e-08,8.14644897708921972e-08,-6.09386504366047356e-08,-2.39618298381972338e-08,1.84539917615964662e-07,8.22212699484051376e-08,9.58423507011461512e-08,1.54434442874538523e-07,1.70812050161261075e-07,2.45478568052569398e-07,19,2,1,5.76460752303767552e+17,19,2,1,5.76460752303767552e+17,16,5,2,3.32306998945331719e+35,5.21537384999999972e+02,0,1.54434442874538523e-07,nan,0.00000000000000000e+00
74,1,-4.67633678084711448e-08,1.00000000000000000e+00,2.57978523166375932e-07,2,18,2.57978523166375932e-07,-2.18676140361011554e-07,-6.40469754168348590e-08,1.36176349975594268e-07,5.82550143467891776e-08,-6.66323558345352951e-08,8.70443399328550871e-08,1.63994788818961857e-07,3.04741890974847084e-07,1.99723508819586761e-07,2.10758156627433009e-07,2.30627144653497153e-07,19,2,1,5.76460752303767552e+17,19,2,1,5.76460752303767552e+17,16,5,2,3.32306998945331719e+35,5.33750476000000049e+02,0,1.99723508819586761e-07,nan,0.00000000000000000e+00
74,2,-4.43292024210693352e-09,1.00000000000000000e+00,1.50901043910860539e-07,2,18,-1.50901043910860539e-07,-5.44882472093447030e-08,6.10246422137940314e-08,-6.19425905294150035e-08,7.32416676860978235e-08,1.22718596121238677e-07,-4.12723634442678549e-08,1.40509606214733605e-07,1.46468123668753616e-07,2.24142711596958362e-07,1.44942526456840527e-07,1.81781969659001453e-07,19,2,1,5.76460752303767552e+17,19,2,1,5.76460752303767552e+17,16,5,2,3.32306998945331719e+35,5.70911855999999943e+02,0,2.24142711596958362e-07,nan,0.00000000000000000e+00
74,3,-4.52449353288338288e-08,1.00000000000000000e+00,1.89732226022584248e-07,2,18,2.00999986024618260e-08,1.16057133634696065e-07,-1.89732226022584248e-07,2.50095277898937475e-08,-6.93283660806539757e-08,3.66719741294886041e-08,-6.13607574909532743e-08,8.03256884153520493e-09,1.61302068963529894e-07,1.28371468531630974e-07,8.19169094583224263e-08,1.06000340210142586e-07,19,2,1,5.76460752303767552e+17,19,2,1,5.76460752303767552e+17,16,5,2,3.32306998945331719e+35,5.71868521999999984e+02,0,1.28371468531630974e-07,nan,0.00000000000000000e+00
75,0,-5.36520288812707587e-08,1.00000000000000000e+00,2.74557999729572968e-07,2,18,-4.92131174924022747e-08,-6.49002472714077013e-08,-1.39009291092760081e-07,-2.74557999729572968e-07,-1.00908268632366501e-07,6.29322733147114205e-09,5.50230289772269518e-08,3.54249996548742378e-07,2.20905970848302203e-07,6.28807996278315346e-07,4.07902025430013144e-07,4.55158265181108892e-07,19,2,1,5.76460752303767552e+17,19,2,1,5.76460752303767552e+17,16,5,2,3.32306998945331719e+35,5.84784740000000056e+02,0,6.28807996278315346e-07,nan,0.00000000000000000e+00
75,1,7.23407896551826197e-08,1.00000000000000000e+00,1.39808596369926785e-07,2,18,2.71150096896490387e-08,-1.39808596369926785e-07,-7.99410805937205049e-08,6.64125602443469089e-08,1.16125857283999455e-07,3.99973037155395347e-07,-1.24514999732048751e-07,1.74537237247420133e-07,2.12149386025109392e-07,5.39781633525322079e-07,3.27632247500212741e-07,5.24488036887444071e-07,19,2,1,5.76460752303767552e+17,19,2,1,5.76460752303767552e+17,16,5,2,3.32306998945331719e+35,5.35506211000000008e+02,0,5.39781633525322079e-07,nan,0.00000000000000000e+00
75,2,3.60342595645570051e-08,1.00000000000000000e+00,2.35498287601139300e-07,2,18,-1.89278225407494268e-07,5.76156497644944853e-08,-1.59340462826603788e-07,2.35498287601139300e-07,2.26110579730955486e-07,-2.16380434540295816e-07,-7.99749127874687151e-08,-1.02049756489279641e-07,2.25312484972051260e-07,4.15388805138449781e-07,2.52414694104852835e-07,4.42491014271251303e-07,19,2,1,5.76460752303767552e+17,19,2,1,5.76460752303767552e+17,16,5,2,3.32306998945331719e+35,5.42094511000000011e+02,0,4.15388805138449781e-07,nan,0.00000000000000000e+00
75,3,9.03741723038151682e-08,1.00000000000000000e+00,2.74004227309972633e-07,2,18,-2.74004227309972633e-07,-2.54868612424544718e-07,1.27212489583662467e-07,2.56129181662678713e-07,-6.48840237266631775e-08,2.56424240881166354e-07,-8.89510608803352581e-08,-4.15462394622867734e-08,3.64378399613787814e-07,5.11292853305711019e-07,1.79325233184150440e-07,3.45375301761501612e-07,19,2,1,5.76460752303767552e+17,19,2,1,5.76460752303767552e+17,16,5,2,3.32306998945331719e+35,5.37740812000000005e+02,0,5.11292853305711019e-07,nan,0.00000000000000000e+00
76,0,8.34338978938783176e-08,1.00000000000000000e+00,2.36851320207417859e-07,2,18,1.65289714016381499e-07,8.74192740503037496e-08,-2.36851320207417859e-07,1.21694342359435626e-07,-1.13932338732561817e-07,1.66175719027277272e-07,-3.90646950755662823e-08,1.13128658374488999e-07,3.20285218101296176e-07,2.79222052748943316e-07,1.97366236626440135e-07,2.80108057759839089e-07,19,2,1,5.76460752303767552e+17,19,2,1,5.76460752303767552e+17,16,5,2,3.32306998945331719e+35,5.19398457000000008e+02,0,2.79222052748943316e-07,nan,0.00000000000000000e+00
76,1,9.83363868044591376e-08,1.00000000000000000e+00,1.16463662743612204e-07,2,18,1.14096774959662687e-07,1.16463662743612204e-07,-4.22353087162594772e-08,2.19919201728805663e-08,-2.69256836330276438e-07,1.16662725434956897e-07,2.27886788041394771e-07,6.28798119547071342e-09,1.40571695520718615e-07,3.83353611289939138e-07,3.67593223134735588e-07,4.97143624371671209e-07,19,2,1,5.76460752303767552e+17,19,2,1,5.76460752303767552e+17,16,5,2,3.32306998945331719e+35,5.20879918999999973e+02,0,3.83353611289939138e-07,nan,0.00000000000000000e+00
76,2,1.15411930399150908e-07,1.00000000000000000e+00,1.40410142177958880e-07,2,18,3.83984943104914307e-08,-1.40410142177958880e-07,-1.20491830337440784e-07,5.63380346927918894e-08,-1.81960917919648249e-07,-1.74526840460114663e-07,-1.02955044716261263e-07,4.19535966512680549e-07,2.55822072577109774e-07,3.63197931819888647e-07,3.04124036113529655e-07,6.01496884432328798e-07,19,2,1,5.76460752303767552e+17,19,2,1,5.76460752303767552e+17,16,5,2,3.32306998945331719e+35,5.46627055000000041e+02,0,3.63197931819888647e-07,nan,0.00000000000000000e+00
76,3,1.09280245911778450e-07,1.00000000000000000e+00,3.89619081626897256e-07,2,18,3.89619081626897256e-07,-2.96335627096817438e-07,1.06508425547940448e-07,-9.80498768870988048e-08,-1.67663357434033402e-08,-2.22523880835578656e-08,-3.09886165521455653e-07,-7.06378725208590608e-08,4.05615873008595862e-07,4.16394591069396102e-07,4.19166411433234130e-07,2.93119829778052313e-07,19,2,1,5.76460752303767552e+17,19,2,1,5.76460752303767552e+17,16,5,2,3.32306998945331719e+35,5.66328354999999988e+02,0,4.16394591069396102e-07,nan,0.00000000000000000e+00
77,0,4.16208175964592044e-08,1.00000000000000000e+00,3.85039749605269523e-07,2,18,6.05430265004284714e-08,2.85033409003318023e-07,1.99999886077594651e-07,3.85039749605269523e-07,1.60385668701649858e-07,-1.62851786365476849e-07,2.71352239639142131e-07,1.28672978881621435e-07,3.43418932008810338e-07,4.47885195368794872e-07,2.29731422042682920e-07,4.34204026004618980e-07,19,2,1,5.76460752303767552e+17,19,2,1,5.76460752303767552e+17,16,5,2,3.32306998945331719e+35,6.26983855999999946e+02,0,4.47885195368794872e-07,nan,0.00000000000000000e+00
77,1,-6.49742366500322950e-09,1.00000000000000000e+00,2.34605826203272721e-07,2,18,-1.88895241109791774e-07,1.44802614665506460e-07,-8.72573213488359988e-08,-2.34605826203272721e-07,-6.34059288019326737e-08,2.93437607091895836e-07,-1.00958684834743084e-07,1.11517779464442140e-07,2.28108402538269502e-07,3.46123605667714834e-07,2.99935030756899055e-07,3.94396291926638933e-07,19,2,1,5.76460752303767552e+17,19,2,1,5.76460752303767552e+17,16,5,2,3.32306998945331719e+35,5.34181923999999981e+02,0,3.46123605667714834e-07,nan,0.00000000000000000e+00
77,2,-1.40721659228277631e-08,1.00000000000000000e+00,3.21291230484517830e-07,2,18,3.21291230484517830e-07,-9.42284068749988175e-08,1.54640113192477252e-07,-2.50046926369926828e-07,1.00225212768023713e-07,2.30919102099015085e-07,-6.86203118541571027e-07,-3.98380870626057805e-08,3.35363396407345599e-07,8.40843231734048253e-07,6.72130952618743310e-07,9.17122220640586139e-07,19,2,1,5.76460752303767552e+17,19,2,1,5.76460752303767552e+17,16,5,2,3.32306998945331719e+35,5.39319910000000050e+02,0,8.40843231734048253e-07,nan,0.00000000000000000e+00
77,3,1.47820962795664639e-08,1.00000000000000000e+00,2.81907913863310129e-07,2,18,-8.34968445379027407e-08,-6.81172307906079543e-08,-4.59257800635372580e-08,2.81907913863310129e-07,1.66093405597369077e-07,1.88977752706597280e-07,1.14680619665483122e-07,-3.28795944512806224e-08,2.67125817583743665e-07,3.14787508314590725e-07,1.74195656427030816e-07,2.21857347157877903e-07,19,2,1,5.76460752303767552e+17,19,2,1,5.76460752303767552e+17,16,5,2,3.32306998945331719e+35,5.42777692000000002e+02,0,3.14787508314590725e-07,nan,0.00000000000000000e+00
78,0,5.75344795271952334e-08,1.00000000000000000e+00,4.19863000281839234e-07,2,18,-2.27310294459787930e-07,3.58990981821686835e-07,-2.83857166803199355e-07,-4.19863000281839234e-07,-4.15812177674849928e-08,3.13277086881347973e-07,-7.88979214280131606e-08,4.36139795429201637e-07,4.77397479809034454e-07,8.56002795711040871e-07,3.78605315902006417e-07,5.15037716857214771e-07,19,2,1,5.76460752303767552e+17,19,2,1,5.76460752303767552e+17,16,5,2,3.32306998945331719e+35,5.06776274999999998e+02,0,8.56002795711040871e-07,nan,0.00000000000000000e+00
78,1,-2.27084022398717067e-08,1.00000000000000000e+00,4.38928512404429727e-07,2,18,2.33721683665756721e-07,4.38928512404429727e-07,1.82649762556979400e-07,-2.88759216818383237e-07,-1.55321261734073228e-07,3.72732165215285701e-07,-1.29914824865610397e-07,3.14222792525304880e-07,4.61636914644301460e-07,6.02982009343688117e-07,3.95440567455157434e-07,5.28053426949358875e-07,19,2,1,5.76460752303767552e+17,19,2,1,5.76460752303767552e+17,16,5,2,3.32306998945331719e+35,5.07960980000000006e+02,0,6.02982009343688117e-07,nan,0.00000000000000000e+00
78,2,-2.19118475156040052e-08,1.00000000000000000e+00,4.32962389897121517e-07,2,18,4.32962389897121517e-07,-1.11100924390316487e-07,2.86455381378133307e-07,3.42674806049548569e-07,-1.06898058989159074e-07,4.83608575256638853e-08,2.17158402874667762e-07,3.28526157488348508e-07,4.54874237412725499e-07,5.39860448886280644e-07,3.50438005003952490e-07,4.35424216477507582e-07,19,2,1,5.76460752303767552e+17,19,2,1,5.76460752303767552e+17,16,5,2,3.32306998945331719e+35,5.17136837000000014e+02,0,5.39860448886280644e-07,nan,0.00000000000000000e+00
78,3,1.63059832109164764e-08,1.00000000000000000e+00,2.31982505938171176e-07,2,18,-6.17589596812971612e-08,9.42234128661080581e-08,2.31982505938171176e-07,1.88234341647188662e-08,-2.59325700162814131e-07,-1.53065809638641902e-07,2.18732282359149348e-07,2.20148443347327434e-07,2.15676522727254699e-07,2.47289222504749974e-07,2.75631683373730634e-07,4.79474143510141618e-07,19,2,1,5.76460752303767552e+17,19,2,1,5.76460752303767552e+17,16,5,2,3.32306998945331719e+35,5.21081920999999966e+02,0,2.47289222504749974e-07,nan,0.00000000000000000e+00
79,0,5.43950785697572249e-08,1.00000000000000000e+00,3.52621761919604585e-07,2,18,2.20942415704069658e-07,3.52621761919604585e-07,-1.09524854840999964e-07,1.87105488044077375e-07,1.50935145379581342e-07,5.12401198071153375e-08,-1.37816073670132573e-07,1.62802583242557574e-07,2.98226683349847347e-07,3.01381642112489248e-07,1.92211152239889784e-07,3.00618656912690120e-07,19,2,1,5.76460752303767552e+17,19,2,1,5.76460752303767552e+17,16,5,2,3.32306998945331719e+35,5.15688777999999957e+02,0,3.01381642112489248e-07,nan,0.00000000000000000e+00
79,1,1.10833560090538892e-07,1.00000000000000000e+00,5.41386160552114180e-07,2,18,5.41386160552114180e-07,-2.75580380952711569e-07,-7.37689276566028712e-08,-2.75476947823663803e-08,2.57222827576855491e-07,-1.53228381096717881e-07,-3.17500177542414658e-08,3.42638104354161820e-08,4.30552600461575314e-07,2.84163332975258689e-07,2.64061941187256800e-07,4.10451208673573372e-07,19,2,1,5.76460752303767552e+17,19,2,1,5.76460752303767552e+17,16,5,2,3.32306998945331719e+35,5.20464595000000031e+02,0,2.84163332975258689e-07,nan,0.00000000000000000e+00
79,2,1.00193771822317525e-07,1.00000000000000000e+00,1.05818643246339500e-06,2,18,1.45828440477693371e-07,2.72438858164744159e-08,-1.05818643246339500e-06,3.62973511049661440e-07,3.45998483206104614e-07,-1.24851011147258025e-07,-2.96149269342397144e-07,3.56607450061668422e-07,1.15838020428571244e-06,7.62037163120997907e-07,3.96343041164714643e-07,6.52756719404065566e-07,19,2,1,5.76460752303767552e+17,19,2,1,5.76460752303767552e+17,16,5,2,3.32306998945331719e+35,5.28495302000000038e+02,0,7.62037163120997907e-07,nan,0.00000000000000000e+00
79,3,7.19996854479495807e-08,1.00000000000000000e+00,3.71110355150374192e-07,2,18,1.05840498580134778e-07,3.71110355150374192e-07,2.32903196919437668e-07,2.08622583302760940e-08,-1.82470950181899449e-07,4.38332796345847271e-07,2.90113338364487840e-07,5.50928020437808872e-07,2.99110669702424598e-07,5.30065762107532752e-07,4.78928334989859278e-07,7.33398970619708268e-07,19,2,1,5.76460752303767552e+17,19,2,1,5.76460752303767552e+17,16,5,2,3.32306998945331719e+35,5.19239847000000054e+02,0,5.30065762107532752e-07,nan,0.00000000000000000e+00
80,0,-7.35215832790267059e-08,1.00000000000000000e+00,5.43312844725057191e-07,2,18,-5.43312844725057191e-07,-1.63335479002648583e-07,-1.90566314246327413e-07,1.37631771502553317e-07,5.48151568502511049e-08,-1.98058120749985548e-07,2.40183391729616912e-07,2.34825216050582084e-08,4.69791261446030498e-07,5.98128001575308243e-07,3.13704975008643605e-07,4.38241512479602460e-07,19,2,1,5.76460752303767552e+17,19,2,1,5.76460752303767552e+17,16,5,2,3.32306998945331719e+35,5.24395949999999971e+02,0,5.98128001575308243e-07,nan,0.00000000000000000e+00
80,1,1.89055799496322484e-07,1.00000000000000000e+00,6.33217814596042963e-07,2,18,-6.03881426366262780e-07,-6.33217814596042963e-07,3.49160819744141834e-07,-4.57005525589363996e-07,-6.45685510784214415e-07,-1.98978037018056147e-07,7.86408606404832711e-07,2.49818607558150957e-07,8.22273614092365500e-07,7.06824133147514953e-07,8.34741310280536845e-07,1.43209411718904713e-06,19,2,1,5.76460752303767552e+17,19,2,1,5.76460752303767552e+17,16,5,2,3.32306998945331719e+35,5.17727496999999971e+02,0,7.06824133147514953e-07,nan,0.00000000000000000e+00
80,2,8.26242185325376699e-08,1.00000000000000000e+00,7.41963817945822596e-07,2,18,-7.41963817945822596e-07,-2.46552319637618916e-07,-5.00779279975525562e-07,3.03794543074354310e-07,-2.08058754094822379e-07,6.26680029801846754e-07,-1.04546269381166082e-07,2.86194866967099146e-07,8.24588036478360292e-07,8.73232349439465670e-07,5.44055811269309057e-07,8.34738783896669079e-07,19,2,1,5.76460752303767552e+17,19,2,1,5.76460752303767552e+17,16,5,2,3.32306998945331719e+35,5.53168661000000043e+02,0,8.73232349439465670e-07,nan,0.00000000000000000e+00
80,3,1.13271411594561269e-07,1.00000000000000000e+00,5.16354095065613680e-07,2,18,-5.16354095065613680e-07,-3.91896879722480951e-07,-3.49824041906194214e-07,-2.17544661409314690e-07,9.05957118852874267e-08,2.88593324043121593e-08,1.30553205985056483e-07,7.98764021944097406e-09,6.29625506660175002e-07,6.06949806950901107e-07,1.05283771375120288e-07,1.22565565765615503e-07,19,2,1,5.76460752303767552e+17,19,2,1,5.76460752303767552e+17,16,5,2,3.32306998945331719e+35,5.69586492000000021e+02,0,6.06949806950901107e-07,nan,0.00000000000000000e+00
81,0,-4.89396528046958534e-09,1.00000000000000000e+00,1.20063879652131544e-06,2,18,-5.55160568010896230e-07,-1.20063879652131544e-06,-1.19834211621090413e-07,-6.61076928157669745e-07,-1.23700118638309028e-07,4.58714773497129102e-07,8.27155640140368516e-07,-1.48509451513287479e-07,1.19574483124084592e-06,1.65935357001844464e-06,8.32049605420838141e-07,9.75665091653656101e-07,19,2,1,5.76460752303767552e+17,19,2,1,5.76460752303767552e+17,16,5,2,3.32306998945331719e+35,5.57277650999999992e+02,0,1.65935357001844464e-06,nan,0.00000000000000000e+00
81,1,1.53379541244664240e-07,1.00000000000000000e+00,7.72626909215462538e-07,2,18,3.76529300165423310e-07,-2.43404260078451944e-07,6.28931728836290163e-07,7.72626909215462538e-07,-6.63355844513693921e-07,3.35482641928078683e-07,-3.86219452665164912e-07,5.31602496635790842e-07,6.19247367970798352e-07,1.03988514467911723e-06,8.16735385758358214e-07,1.19495834114948476e-06,19,2,1,5.76460752303767552e+17,19,2,1,5.76460752303767552e+17,16,5,2,3.32306998945331719e+35,5.30839446999999950e+02,0,1.03988514467911723e-06,nan,0.00000000000000000e+00
81,2,1.60228244028219150e-07,1.00000000000000000e+00,4.93379613129235483e-07,2,18,1.81708496126133106e-07,1.51723433010628831e-07,-3.96511663286166315e-07,4.93379613129235483e-07,3.83775225072639113e-07,-3.61726410304656414e-08,-2.32642455061149647e-07,3.85991414404636451e-07,5.56739907314385518e-07,2.02066728946506007e-07,3.92870699089368796e-07,6.18633869465786098e-07,19,2,1,5.76460752303767552e+17,19,2,1,5.76460752303767552e+17,16,5,2,3.32306998945331719e+35,5.50351646999999957e+02,0,2.02066728946506007e-07,nan,0.00000000000000000e+00
81,3,1.81165313672929631e-07,1.00000000000000000e+00,5.52700472331416289e-07,2,18,4.72338573185033677e-07,2.41413385736811660e-07,1.26369135857344672e-07,-5.52700472331416289e-07,-1.45518976347367351e-07,2.17060576596171737e-07,9.91689937319553759e-07,-5.84621317593232458e-07,7.33865786004345974e-07,8.65320801462209113e-07,8.10524623646624074e-07,1.57631125491278622e-06,19,2,1,5.76460752303767552e+17,19,2,1,5.76460752303767552e+17,16,5,2,3.32306998945331719e+35,6.01560682000000043e+02,0,8.65320801462209113e-07,nan,0.00000000000000000e+00
82,0,-1.79639917445154621e-07,1.00000000000000000e+00,1.06467016086079799e-06,2,18,-1.06467016086079799e-06,8.13867871171330811e-07,2.46476636601668302e-07,-5.90850448913846228e-07,-1.57581765807030131e-07,-2.90747543941175803e-07,6.04026953915872057e-07,2.52790771641949350e-07,9.93507788616485379e-07,1.10461541511250661e-06,7.83666871361026625e-07,8.94774497857047860e-07,19,2,1,5.76460752303767552e+17,19,2,1,5.76460752303767552e+17,16,5,2,3.32306998945331719e+35,7.30301127999999949e+02,0,1.10461541511250661e-06,nan,0.00000000000000000e+00
82,1,1.30746749728073644e-07,1.00000000000000000e+00,5.64128121099558105e-07,2,18,4.20015323499477859e-07,4.83316337304807840e-07,3.09887991418533745e-07,5.64128121099558105e-07,-3.46843115055281339e-08,4.88418195507303801e-07,-1.89378413680221329e-07,1.06266509618899954e-06,4.33381371371484435e-07,4.99266405098755074e-07,9.31918346460925874e-07,1.25204350986922077e-06,19,2,1,5.76460752303767552e+17,19,2,1,5.76460752303767552e+17,16,5,2,3.32306998945331719e+35,5.73306837999999971e+02,0,4.99266405098755074e-07,nan,0.00000000000000000e+00
82,2,1.28934137226077569e-07,1.00000000000000000e+00,8.31317142799317164e-07,2,18,1.40388937204133204e-07,-8.31317142799317164e-07,6.68287068811254926e-07,5.90656911367533089e-07,7.78482752320739928e-08,6.74051849343146349e-07,3.64933403596162364e-07,-8.55180322405512115e-08,9.60251280025394706e-07,1.50536899214246351e-06,5.45117712117068806e-07,7.59569881583697614e-07,19,2,1,5.76460752303767552e+17,19,2,1,5.76460752303767552e+17,16,5,2,3.32306998945331719e+35,5.44710874999999987e+02,0,1.50536899214246351e-06,nan,0.00000000000000000e+00
82,3,3.02984337264569603e-08,1.00000000000000000e+00,5.96914173564790041e-07,2,18,-5.96914173564790041e-07,2.18743953914073916e-08,-4.58015569193069343e-07,1.70767777404828726e-07,4.17671191109151775e-07,-1.12241988425874630e-07,4.00597658895622041e-07,1.17572625311635297e-06,6.27212607291246982e-07,1.01458536467394182e-06,1.14542781938989592e-06,1.28796824154222760e-06,19,2,1,5.76460752303767552e+17,19,2,1,5.76460752303767552e+17,16,5,2,3.32306998945331719e+35,5.65797145000000000e+02,0,1.01458536467394182e-06,nan,0.00000000000000000e+00
83,0,-6.61612484798132006e-08,1.00000000000000000e+00,7.24496752312555031e-07,2,18,-7.24496752312555031e-07,-2.83517682248930432e-07,1.03640705115559339e-07,-2.49319321272318906e-07,-3.07528929354718798e-07,-1.56354020344833457e-07,-5.36135470577725082e-08,3.39601796643314430e-08,6.58335503832741857e-07,4.16967822957836234e-07,2.41367680874905624e-07,3.41489109019050214e-07,19,2,1,5.76460752303767552e+17,19,2,1,5.76460752303767552e+17,16,5,2,3.32306998945331719e+35,5.27329549000000043e+02,0,4.16967822957836234e-07,nan,0.00000000000000000e+00
83,1,2.05209974940114014e-07,1.00000000000000000e+00,5.50270011287285204e-07,2,18,-8.13011686107015652e-08,3.70207931183868873e-07,-5.50270011287285204e-07,-2.26358757017037632e-07,-8.72278111532857736e-08,-1.02129686978566990e-06,8.45742758404822986e-07,-6.14960337887530281e-08,7.55479986227399165e-07,1.39601276969210819e-06,1.22650684472578386e-06,1.86703962819049289e-06,19,2,1,5.76460752303767552e+17,19,2,1,5.76460752303767552e+17,16,5,2,3.32306998945331719e+35,5.61249459000000002e+02,0,1.39601276969210819e-06,nan,0.00000000000000000e+00
83,2,-5.54957555486732686e-08,1.00000000000000000e+00,1.02167341660104147e-06,2,18,-5.03152667650328963e-07,-5.09034300301235548e-07,-1.02167341660104147e-06,-5.40674529883203267e-07,-7.07922248347978344e-07,6.10975776737478195e-07,-5.29491883205752416e-07,1.34137121103501385e-07,9.66177661052368155e-07,1.12001007703871374e-06,6.66471532286151510e-07,1.31889802508545643e-06,19,2,1,5.76460752303767552e+17,19,2,1,5.76460752303767552e+17,16,5,2,3.32306998945331719e+35,5.60482184999999959e+02,0,1.12001007703871374e-06,nan,0.00000000000000000e+00
83,3,-5.47328297842466495e-08,1.00000000000000000e+00,1.00916780762954815e-06,2,18,-3.03190067259270732e-07,-4.38694650360126910e-08,-1.00916780762954815e-06,-4.42755370262312143e-07,-1.28484603224315571e-06,1.81633285405661255e-07,-1.25745845597632765e-07,1.37497065712179480e-07,9.54434977845301459e-07,9.81655964983884872e-07,1.23011320245890902e-06,1.46647931764881696e-06,19,2,1,5.76460752303767552e+17,19,2,1,5.76460752303767552e+17,16,5,2,3.32306998945331719e+35,5.31366036000000008e+02,0,9.81655964983884872e-07,nan,0.00000000000000000e+00
84,0,3.60405150775427447e-07,1.00000000000000000e+00,8.86380714665232912e-07,2,18,-8.86380714665232912e-07,-8.19143651724134790e-09,-2.06785956128691471e-07,-8.86710640374956680e-08,3.31600440213049260e-07,-6.01564271739632746e-07,1.09888831447536499e-06,1.65467683981537145e-07,1.24678586544066036e-06,1.30567427060405657e-06,9.61969422515060087e-07,1.70045258621499773e-06,19,2,1,5.76460752303767552e+17,19,2,1,5.76460752303767552e+17,16,5,2,3.32306998945331719e+35,6.01147142000000031e+02,0,1.30567427060405657e-06,nan,0.00000000000000000e+00
84,1,1.33979274418959277e-07,1.00000000000000000e+00,1.58703415451187834e-06,2,18,-7.79987762084056605e-07,-4.54223496931880161e-07,-2.22643647860795838e-07,1.58703415451187834e-06,-6.75644132837659483e-08,5.46635903853240313e-07,7.44195560386821465e-09,-7.32717977504242187e-07,1.45305488009291901e-06,2.31975213201612053e-06,8.66697251923201517e-07,1.27935388135748250e-06,19,2,1,5.76460752303767552e+17,19,2,1,5.76460752303767552e+17,16,5,2,3.32306998945331719e+35,5.54418125000000032e+02,0,2.31975213201612053e-06,nan,0.00000000000000000e+00
84,2,3.30044003168977751e-07,1.00000000000000000e+00,7.68966538590271768e-07,2,18,-7.68966538590271768e-07,-4.26059673194963714e-07,1.35180649683994029e-07,-3.79021421869840614e-07,-8.26249327669164523e-07,-9.62182533087230345e-07,-3.38417898210812135e-07,1.11089725005505439e-06,1.09901054175924941e-06,1.48991867192489496e-06,1.29222653625620820e-06,2.07307978314228474e-06,19,2,1,5.76460752303767552e+17,19,2,1,5.76460752303767552e+17,16,5,2,3.32306998945331719e+35,5.20795474000000013e+02,0,1.48991867192489496e-06,nan,0.00000000000000000e+00
84,3,2.67048354534012144e-07,1.00000000000000000e+00,1.51786252714583326e-06,2,18,-6.72389820058336148e-07,-1.85967991455788676e-07,-1.31516503273765571e-07,1.51786252714583326e-06,-2.12686722537400399e-07,-7.59527185909205832e-07,2.70398036947256329e-08,-6.73564152564475333e-07,1.25081417261182112e-06,2.19142667971030849e-06,1.02657554044321787e-06,7.86566989603931439e-07,19,2,1,5.76460752303767552e+17,19,2,1,5.76460752303767552e+17,16,5,2,3.32306998945331719e+35,5.57168381999999951e+02,0,2.19142667971030849e-06,nan,0.00000000000000000e+00
85,0,-3.20927127917964714e-07,1.00000000000000000e+00,9.61217950105024147e-07,2,18,-9.61217950105024147e-07,1.45131547104606693e-07,-3.32351918042043384e-07,-3.92863917713477457e-07,1.43586487418107928e-06,-5.69073971498073271e-07,8.86252660876075483e-07,2.82670786156221855e-07,6.40290822187059380e-07,2.39708282428610343e-06,1.75679200209904405e-06,2.00493884567915255e-06,19,2,1,5.76460752303767552e+17,19,2,1,5.76460752303767552e+17,16,5,2,3.32306998945331719e+35,5.10470745000000022e+02,0,2.39708282428610343e-06,nan,0.00000000000000000e+00
85,1,-5.40162002833618176e-09,1.00000000000000000e+00,1.17557439820775082e-06,2,18,7.55719293257701327e-08,9.63742871748364367e-07,-1.17557439820775082e-06,-5.73122882148626818e-07,-6.12417543207333186e-07,-8.79789013320052125e-08,-3.04083774482626177e-07,2.04362625569245818e-06,1.17017277817941468e-06,2.61674913784108479e-06,2.04902787572079433e-06,2.65604379889979158e-06,19,2,1,5.76460752303767552e+17,19,2,1,5.76460752303767552e+17,16,5,2,3.32306998945331719e+35,5.74789413999999965e+02,0,2.61674913784108479e-06,nan,0.00000000000000000e+00
85,2,-3.73695121930331015e-07,1.00000000000000000e+00,1.17416617473715586e-06,2,18,-2.45653180905684924e-08,1.96747132815775880e-07,1.17416617473715586e-06,-2.83191202973549020e-07,-2.67883675916620493e-07,1.14180217584175632e-06,-2.78476515389841303e-07,-5.42706027199145554e-07,1.54786129666748677e-06,1.45264269012699727e-06,1.51549729777208745e-06,1.68450820304090188e-06,19,2,1,5.76460752303767552e+17,19,2,1,5.76460752303767552e+17,16,5,2,3.32306998945331719e+35,5.57142778000000021e+02,0,1.45264269012699727e-06,nan,0.00000000000000000e+00
85,3,-2.05267273495447562e-07,1.00000000000000000e+00,1.40555546291083925e-06,2,18,-1.40555546291083925e-06,1.07786359253996873e-07,6.78688863535609958e-08,-2.11628053606809614e-07,-1.08299431520539053e-07,-5.51751555515229790e-07,-9.72491070640038436e-07,-8.43310799447625187e-07,1.20028818941539174e-06,1.29725603139030020e-06,7.67223797144590926e-07,8.64191639119499383e-07,19,2,1,5.76460752303767552e+17,19,2,1,5.76460752303767552e+17,16,5,2,3.32306998945331719e+35,5.59903769000000011e+02,0,1.29725603139030020e-06,nan,0.00000000000000000e+00
86,0,-3.30394688371253477e-07,1.00000000000000000e+00,2.19321209502597380e-06,2,18,-1.01802111726779824e-06,2.19321209502597380e-06,-4.52791735790822002e-07,2.52678084019785255e-07,1.34964982604182677e-07,-7.79571750131619319e-07,3.35133318898579378e-07,6.61593031738673472e-08,2.52360678339722712e-06,2.97278384515759333e-06,6.65528007269832802e-07,1.11470506903019859e-06,19,2,1,5.76460752303767552e+17,19,2,1,5.76460752303767552e+17,16,5,2,3.32306998945331719e+35,5.63054139999999961e+02,0,2.97278384515759333e-06,nan,0.00000000000000000e+00
86,1,-9.97116550395593559e-08,1.00000000000000000e+00,1.68463781114515855e-06,2,18,1.68463781114515855e-06,-7.01351585101537859e-10,1.56715177347738340e-06,-5.61480599079931824e-07,3.96657381305084150e-07,-1.67365982277972825e-06,1.42387699240181868e-07,2.01086704460976036e-06,1.78434946618471786e-06,2.57234764368969240e-06,2.11057869964931988e-06,3.68452686738948882e-06,19,2,1,5.76460752303767552e+17,19,2,1,5.76460752303767552e+17,16,5,2,3.32306998945331719e+35,5.49190937999999960e+02,0,2.57234764368969240e-06,nan,0.00000000000000000e+00
86,2,-4.26422419823163893e-07,1.00000000000000000e+00,1.06943479502237881e-06,2,18,1.14636657338829613e-07,-5.37232502513143436e-07,1.61507904908488723e-08,1.06943479502237881e-06,-1.92325600156710743e-06,-3.77606481695625117e-07,6.02769642564991161e-07,4.66103266848905433e-07,1.49585721484554276e-06,2.03789265890593715e-06,1.49683358174394349e-06,2.52602564413209849e-06,19,2,1,5.76460752303767552e+17,19,2,1,5.76460752303767552e+17,16,5,2,3.32306998945331719e+35,5.54087594999999965e+02,0,2.03789265890593715e-06,nan,0.00000000000000000e+00
86,3,-1.94603390035291916e-07,1.00000000000000000e+00,2.22191147884726523e-06,2,18,1.05629657569888129e-06,-5.28334692641030240e-07,9.87481805873269192e-07,2.22191147884726523e-06,-2.20549651570343419e-07,-6.98678111868616601e-07,1.33137371992867568e-07,-1.37815386124948468e-08,2.41651486888255730e-06,2.23569301745976018e-06,5.04074721833324632e-07,8.31815483861484143e-07,19,2,1,5.76460752303767552e+17,19,2,1,5.76460752303767552e+17,16,5,2,3.32306998945331719e+35,6.07869356000000039e+02,0,2.23569301745976018e-06,nan,0.00000000000000000e+00
87,0,-2.35915315501904989e-07,1.00000000000000000e+00,1.67506216761247655e-06,2,18,-9.79821402113541854e-07,-3.92611241096271298e-07,1.03876825659916882e-07,1.67506216761247655e-06,-2.31136524250201899e-06,-2.54283693913726665e-06,1.75321816428135368e-06,1.67657691573333251e-06,1.91097748311438138e-06,2.15022569804099556e-06,2.30692162363536161e-06,4.29605510341862033e-06,19,2,1,5.76460752303767552e+17,19,2,1,5.76460752303767552e+17,16,5,2,3.32306998945331719e+35,5.42177282999999989e+02,0,2.15022569804099556e-06,nan,0.00000000000000000e+00
87,1,-3.55606695943283493e-07,1.00000000000000000e+00,1.52151800051064994e-06,2,18,1.52151800051064994e-06,2.12739933966893648e-07,-7.78427428493992795e-07,5.94950121053946290e-07,8.87094757491432511e-07,-7.80622792617503193e-07,2.77406110076966778e-07,-2.27063082103462778e-07,1.87712469645393343e-06,1.05583353857095952e-06,1.24270145343471600e-06,1.66771755010893570e-06,19,2,1,5.76460752303767552e+17,19,2,1,5.76460752303767552e+17,16,5,2,3.32306998945331719e+35,5.71794290000000046e+02,0,1.05583353857095952e-06,nan,0.00000000000000000e+00
87,2,-3.04018736406037908e-07,1.00000000000000000e+00,1.28437734830275936e-06,2,18,5.01177673293543895e-08,1.85630838291976940e-07,-1.14576494316998098e-06,-1.28437734830275936e-06,1.53404469053700085e-06,-2.57616048307314628e-08,-2.18895436360394028e-06,-1.38939000547417735e-06,9.80358611896721451e-07,1.48392692320764656e-06,1.88493562719790237e-06,3.72299905414094113e-06,19,2,1,5.76460752303767552e+17,19,2,1,5.76460752303767552e+17,16,5,2,3.32306998945331719e+35,5.32131744000000026e+02,0,1.48392692320764656e-06,nan,0.00000000000000000e+00
87,3,-7.18879941075831776e-07,1.00000000000000000e+00,1.82149162123517429e-06,2,18,-3.72401427735029477e-07,-1.82149162123517429e-06,6.94699540337517238e-07,-3.10361205004478698e-08,3.61591723969581886e-07,-2.69755533875075812e-06,-1.54063118438573939e-07,-2.01059752813356968e-06,1.41357948141334901e-06,1.97956140763312192e-06,1.97867539767492624e-06,3.05914706272034001e-06,19,2,1,5.76460752303767552e+17,19,2,1,5.76460752303767552e+17,16,5,2,3.32306998945331719e+35,5.30915880000000016e+02,0,1.97956140763312192e-06,nan,0.00000000000000000e+00
88,0,-5.90889968399020343e-07,1.00000000000000000e+00,1.99372321560003994e-06,2,18,7.17426838565562579e-07,-1.99372321560003994e-06,-8.59537325361197153e-07,-1.32834984328176352e-06,2.42128579628598918e-07,1.51599417137664305e-06,1.36824892219192548e-06,-3.78324219243151945e-07,1.40283324720101950e-06,3.50971738697668299e-06,2.10688413977566350e-06,1.89431839061979499e-06,19,2,1,5.76460752303767552e+17,19,2,1,5.76460752303767552e+17,16,5,2,3.32306998945331719e+35,5.14114333999999985e+02,0,3.50971738697668299e-06,nan,0.00000000000000000e+00
88,1,-6.87204109100725177e-07,1.00000000000000000e+00,3.35638431778926565e-06,2,18,-1.94130422915101702e-06,-3.35638431778926565e-06,-3.29288029753606116e-06,-2.78358192444764843e-07,9.05455242169140100e-08,2.38540814009776830e-07,6.23276061956405876e-07,-5.39492384265342037e-06,2.66918020868854037e-06,5.11656565020865553e-06,4.70771973355269509e-06,6.01819990460982635e-06,19,2,1,5.76460752303767552e+17,19,2,1,5.76460752303767552e+17,16,5,2,3.32306998945331719e+35,5.15205306999999948e+02,0,5.11656565020865553e-06,nan,0.00000000000000000e+00
88,2,-3.25896312079546441e-07,1.00000000000000000e+00,1.99933063048153019e-06,2,18,-3.94842336647879471e-07,1.99933063048153019e-06,-1.26931576719256715e-07,-7.38825264351613731e-07,-1.76149623755552232e-06,3.26662674217313439e-06,7.34080090864435320e-07,6.08670855331507984e-07,2.32522694256107663e-06,1.36665390090764285e-06,3.59252305425268083e-06,5.02812297972865650e-06,19,2,1,5.76460752303767552e+17,19,2,1,5.76460752303767552e+17,16,5,2,3.32306998945331719e+35,5.19225558999999976e+02,0,1.36665390090764285e-06,nan,0.00000000000000000e+00
88,3,-3.24039029853096598e-07,1.00000000000000000e+00,3.08831654198643796e-06,2,18,-1.79562630625295446e-06,-3.08831654198643796e-06,1.26744038795219188e-06,-9.18231815433766899e-07,-8.15519285493099635e-07,3.33747042613298438e-07,1.58520746425521850e-06,-1.21897044985992897e-06,2.76427751213334130e-06,3.42206358459973645e-06,1.90924649410831493e-06,2.80417791411514768e-06,19,2,1,5.76460752303767552e+17,19,2,1,5.76460752303767552e+17,16,5,2,3.32306998945331719e+35,5.24075338999999985e+02,0,3.42206358459973645e-06,nan,0.00000000000000000e+00
89,0,3.99389616582537607e-07,1.00000000000000000e+00,3.20784866324284778e-06,2,18,-7.07642744107933018e-07,-4.69742299498095128e-07,3.20784866324284778e-06,-7.03249904319105975e-07,1.92202562748085116e-06,-1.82855339266171725e-06,-2.54034548038657003e-06,1.01872118711056530e-07,2.80845904666031022e-06,5.74819414362941738e-06,2.93973509696910758e-06,4.46237110786742119e-06,19,2,1,5.76460752303767552e+17,19,2,1,5.76460752303767552e+17,16,5,2,3.32306998945331719e+35,5.13225621000000046e+02,0,5.74819414362941738e-06,nan,0.00000000000000000e+00
89,1,4.92705496994593634e-08,1.00000000000000000e+00,3.36519092033149024e-06,2,18,-6.29466833550943194e-07,-2.06072742595616201e-06,-3.36519092033149024e-06,1.84499724501604934e-06,2.93342157311923805e-06,2.12677576403432503e-06,-1.58393167213412544e-06,-1.28547409835971125e-06,3.41446147003094961e-06,4.18750318999048704e-06,2.88415102341977868e-06,4.51735324525336350e-06,19,2,1,5.76460752303767552e+17,19,2,1,5.76460752303767552e+17,16,5,2,3.32306998945331719e+35,5.19586860999999999e+02,0,4.18750318999048704e-06,nan,0.00000000000000000e+00
89,2,3.49346789387498767e-07,1.00000000000000000e+00,4.54778113566266243e-06,2,18,1.67746469798119299e-06,3.05458785860520435e-06,-4.54778113566266243e-06,2.90343615604999473e-06,7.07653420986356452e-08,1.33658127518253643e-07,-2.10140272689359175e-07,1.55246453758726484e-06,4.89712792505016093e-06,4.33764086297330352e-06,1.20311774819976613e-06,1.76260481027662397e-06,19,2,1,5.76460752303767552e+17,19,2,1,5.76460752303767552e+17,16,5,2,3.32306998945331719e+35,5.26458529999999996e+02,0,4.33764086297330352e-06,nan,0.00000000000000000e+00
89,3,4.05548452289406142e-07,1.00000000000000000e+00,1.08130161481574911e-06,2,18,1.08130161481574911e-06,4.24211085620398036e-07,-7.15641126903658453e-07,-1.37002302238089217e-07,2.09919164913481741e-06,-2.30815493573280874e-06,4.16173552106432781e-07,-5.89128405182469233e-07,1.12118957919306459e-06,2.73236602135320657e-06,2.71370338802221510e-06,4.40734658486762573e-06,19,2,1,5.76460752303767552e+17,19,2,1,5.76460752303767552e+17,16,5,2,3.32306998945331719e+35,5.29100927999999953e+02,0,2.73236602135320657e-06,nan,0.00000000000000000e+00
90,0,-9.97871088529609631e-07,1.00000000000000000e+00,3.71585102204715037e-06,2,18,4.46369513961467019e-07,-6.78617104212806388e-07,-6.46560619257139148e-07,3.71585102204715037e-06,-2.34516871382986477e-06,1.03996208967469902e-08,-2.33313022311952291e-06,5.54373499227664716e-07,4.71372211057676022e-06,3.16147752281948545e-06,1.55224458775727435e-06,2.89954221305752928e-06,19,2,1,5.76460752303767552e+17,19,2,1,5.76460752303767552e+17,16,5,2,3.32306998945331719e+35,5.21592978000000016e+02,0,3.16147752281948545e-06,nan,0.00000000000000000e+00
90,1,1.46786814378473898e-07,1.00000000000000000e+00,3.85018954670724285e-06,2,18,3.85018954670724285e-06,-7.86638718610258085e-07,-1.70139642082496018e-07,1.46380305914314798e-06,-9.75680134477241413e-07,2.97960554828661693e-06,1.12535952711939934e-06,-1.15898701134269221e-06,3.70340273232876879e-06,4.82586968118448405e-06,2.83281873390814287e-06,4.13859255962930934e-06,19,2,1,5.76460752303767552e+17,19,2,1,5.76460752303767552e+17,16,5,2,3.32306998945331719e+35,5.24019739999999956e+02,0,4.82586968118448405e-06,nan,0.00000000000000000e+00
90,2,-5.39978470886703580e-07,1.00000000000000000e+00,2.36609725953199895e-06,2,18,2.10797869898667818e-06,6.19117175336859151e-07,1.91805222168903685e-06,-2.36609725953199895e-06,1.99663365054190792e-06,1.45713911239718285e-06,-3.56308465629579350e-07,1.18755541883903264e-06,2.64795716987338187e-06,3.55365267837103181e-06,2.53661212142861161e-06,2.35294211617148716e-06,19,2,1,5.76460752303767552e+17,19,2,1,5.76460752303767552e+17,16,5,2,3.32306998945331719e+35,5.37084196000000020e+02,0,3.55365267837103181e-06,nan,0.00000000000000000e+00
90,3,1.61490082405417979e-07,1.00000000000000000e+00,4.59636458810666985e-06,2,18,-2.08405325924119861e-07,2.26058301393430371e-08,2.04569601220294157e-06,-4.59636458810666985e-06,5.16497151250545303e-06,-8.92802629572240909e-07,3.67554948569406223e-06,-3.86292811081112172e-08,4.75785467051208807e-06,5.37337683842957289e-06,5.00348143010003482e-06,6.05777414207769352e-06,19,2,1,5.76460752303767552e+17,19,2,1,5.76460752303767552e+17,16,5,2,3.32306998945331719e+35,5.47343474000000015e+02,0,5.37337683842957289e-06,nan,0.00000000000000000e+00
91,0,6.69274933305871126e-07,1.00000000000000000e+00,2.68198172389053718e-06,2,18,2.68198172389053718e-06,-6.38886334103881088e-07,1.18196410508164275e-06,-2.01497610323922329e-06,4.44462729122866732e-06,3.68205297577937287e-06,3.09323773685956731e-06,2.87142909097041982e-06,2.68425103654509420e-06,4.88640519420964353e-06,3.77535235792279598e-06,1.57319820025824750e-06,19,2,1,5.76460752303767552e+17,19,2,1,5.76460752303767552e+17,16,5,2,3.32306998945331719e+35,5.23391392999999994e+02,0,4.88640519420964353e-06,nan,0.00000000000000000e+00
91,1,2.37163245332136104e-07,1.00000000000000000e+00,3.95631326805972174e-06,2,18,-1.07258726063940639e-06,2.29639123962308361e-06,-3.95631326805972174e-06,-2.21718053622987441e-06,-1.27355496812735531e-06,-2.02569985305231967e-07,-1.05543463504606933e-06,4.58590930951302096e-06,4.19347651339185818e-06,6.80308984574289494e-06,4.34874606418088451e-06,5.85946427764037669e-06,19,2,1,5.76460752303767552e+17,19,2,1,5.76460752303767552e+17,16,5,2,3.32306998945331719e+35,5.28267433999999980e+02,0,6.80308984574289494e-06,nan,0.00000000000000000e+00
91,2,2.59082247602402910e-07,1.00000000000000000e+00,5.93209775222918999e-06,2,18,2.13463485592503513e-07,-3.57882178847649435e-06,5.93209775222918999e-06,9.21521001957436956e-07,2.53248242101029184e-06,1.08456702816066182e-06,-7.09219842446035165e-07,7.28154500036103175e-07,5.67301550462678750e-06,6.64131759467522537e-06,2.27340017340788893e-06,3.24170226345632722e-06,19,2,1,5.76460752303767552e+17,19,2,1,5.76460752303767552e+17,16,5,2,3.32306998945331719e+35,5.16027031999999963e+02,0,6.64131759467522537e-06,nan,0.00000000000000000e+00
91,3,2.18933615869943494e-07,1.00000000000000000e+00,4.19500551987289019e-06,2,18,-4.19500551987289019e-06,-3.37214855945843153e-06,-4.08930761426784521e-06,3.31394211637296474e-06,-6.67233994674247341e-07,-2.99898039359364127e-06,2.90491151388402718e-07,-2.02920751580235644e-06,4.41393913574283389e-06,5.34314963217532076e-06,3.21791400946358497e-06,3.28947154498204378e-06,19,2,1,5.76460752303767552e+17,19,2,1,5.76460752303767552e+17,16,5,2,3.32306998945331719e+35,5.18848898999999960e+02,0,5.34314963217532076e-06,nan,0.00000000000000000e+00
92,0,8.85426223940159315e-07,1.00000000000000000e+00,3.91693305382725311e-06,2,18,-3.91693305382725311e-06,3.49177465101152200e-06,1.36261848915559183e-06,3.50960422232364758e-06,4.04506519275789583e-06,5.71300291881027932e-06,1.04515495760916232e-06,-3.96399098220986615e-06,4.80235927776741222e-06,7.96199824658514894e-06,4.84941720615002526e-06,9.67699390102014547e-06,19,2,1,5.76460752303767552e+17,19,2,1,5.76460752303767552e+17,16,5,2,3.32306998945331719e+35,5.21665730000000053e+02,0,7.96199824658514894e-06,nan,0.00000000000000000e+00
92,1,-1.16035351462899616e-06,1.00000000000000000e+00,5.84792392335251480e-06,2,18,-1.40929832073886985e-06,3.90575571424825796e-07,5.84792392335251480e-06,-8.21806634129359551e-08,-4.16058070525183329e-06,-2.62819482151346825e-06,-2.70832421589573420e-06,4.31186305710162732e-06,7.00827743798151096e-06,8.55624813924824815e-06,5.47221657173062348e-06,8.47244376235346061e-06,19,2,1,5.76460752303767552e+17,19,2,1,5.76460752303767552e+17,16,5,2,3.32306998945331719e+35,5.14937339999999949e+02,0,8.55624813924824815e-06,nan,0.00000000000000000e+00
92,2,-1.21682088311151484e-06,1.00000000000000000e+00,4.27478168269862046e-06,2,18,-3.58007912075776658e-06,-1.79126806259967125e-06,-4.33646729225317079e-07,-4.27478168269862046e-06,-2.71623103937021690e-06,-4.27394249799701724e-07,-2.86600114233876943e-07,6.11259842672882245e-06,3.05796079958710562e-06,1.03873801094274429e-05,7.32941930984033729e-06,8.82882946609903935e-06,19,2,1,5.76460752303767552e+17,19,2,1,5.76460752303767552e+17,16,5,2,3.32306998945331719e+35,5.40193978000000016e+02,0,1.03873801094274429e-05,nan,0.00000000000000000e+00
92,3,-1.29357107567237601e-06,1.00000000000000000e+00,7.77703916623614540e-06,2,18,-7.77703916623614540e-06,5.90024295704874647e-06,-2.93555486415457723e-06,-1.45085986343569653e-06,-3.81403078091089805e-06,-8.79176144378600490e-07,-5.48157101999860544e-06,8.13384128924607971e-07,7.19381403272112206e-06,6.77941910142734717e-06,4.18799994432622985e-06,6.29495514892321362e-06,19,2,1,5.76460752303767552e+17,19,2,1,5.76460752303767552e+17,16,5,2,3.32306998945331719e+35,5.47928912999999966e+02,0,6.77941910142734717e-06,nan,0.00000000000000000e+00
93,0,7.54289005606478823e-07,1.00000000000000000e+00,5.11587169244766604e-06,2,18,-5.11587169244766604e-06,-1.43245637666524061e-06,-3.92781830068675971e-06,-4.60264481040778041e-07,2.94672257428162578e-06,-1.36086242144379605e-06,-5.83647465327895188e-06,-5.18332794212843891e-06,5.87016069805414455e-06,8.06259426672929267e-06,6.59076365888543039e-06,8.78319722756057766e-06,19,2,1,5.76460752303767552e+17,19,2,1,5.76460752303767552e+17,16,5,2,3.32306998945331719e+35,5.24071794999999952e+02,0,8.06259426672929267e-06,nan,0.00000000000000000e+00
93,1,-3.60885327677145283e-07,1.00000000000000000e+00,5.82810914076286906e-06,2,18,-5.82810914076286906e-06,-7.92095082604223918e-07,-3.45361021275032428e-06,3.70179643139931223e-06,-3.10925527466213433e-06,-3.45168518114960577e-06,-2.34680703064149236e-06,-4.22497165674754034e-06,5.46722381308572378e-06,7.92676808814685215e-06,3.86408632907039505e-06,1.87816462610604797e-06,19,2,1,5.76460752303767552e+17,19,2,1,5.76460752303767552e+17,16,5,2,3.32306998945331719e+35,5.22468790000000013e+02,0,7.92676808814685215e-06,nan,0.00000000000000000e+00
93,2,5.28251503695309873e-09,1.00000000000000000e+00,7.45829754160370124e-06,2,18,-7.45829754160370124e-06,8.45969422488445220e-07,-1.46607981948209980e-06,-5.75035139686419925e-06,1.92656870152035201e-06,5.91369204820611930e-07,-2.71711402205391877e-07,-3.24200172598411152e-06,7.46358005664065471e-06,9.38486624312405239e-06,3.24728424102106457e-06,5.16857042750446353e-06,19,2,1,5.76460752303767552e+17,19,2,1,5.76460752303767552e+17,16,5,2,3.32306998945331719e+35,5.15723600000000033e+02,0,9.38486624312405239e-06,nan,0.00000000000000000e+00
93,3,-5.38182304889209430e-07,1.00000000000000000e+00,8.06104978832931557e-06,2,18,-8.06104978832931557e-06,-3.20304627393660341e-07,-5.99433046021823751e-06,-3.07923012060687379e-06,-2.02035401677824733e-06,5.46837740041562487e-06,-2.94161242209831965e-08,-4.81085313377791770e-06,7.52286748344010593e-06,6.04069577155106825e-06,6.00655970530483451e-06,1.02792305341935426e-05,19,2,1,5.76460752303767552e+17,19,2,1,5.76460752303767552e+17,16,5,2,3.32306998945331719e+35,5.23346534000000020e+02,0,6.04069577155106825e-06,nan,0.00000000000000000e+00
94,0,-6.42557516728425723e-07,1.00000000000000000e+00,7.76193873696667728e-06,2,18,-3.63139529733160139e-06,-7.76193873696667728e-06,-5.34042532384188659e-06,-1.18809711891171284e-06,-3.97632379305777079e-06,-4.27110430088579953e-06,3.42556959696109197e-07,-1.07347446751911900e-05,7.11938122023825177e-06,9.54664755627947718e-06,1.00921871584627637e-05,1.10773016348872988e-05,19,2,1,5.76460752303767552e+17,19,2,1,5.76460752303767552e+17,16,5,2,3.32306998945331719e+35,5.15683828999999946e+02,0,9.54664755627947718e-06,nan,0.00000000000000000e+00
94,1,-9.59037539301924004e-07,1.00000000000000000e+00,8.25462826111054251e-06,2,18,8.25462826111054251e-06,-1.18133813358578614e-06,-2.42041876701327570e-06,-1.62961317304010941e-06,-3.25547538010012697e-06,-3.11160926744228825e-06,-1.07460192426574994e-05,-2.11651476720014867e-06,9.21366580041246609e-06,1.15101036412106699e-05,9.78698170335557583e-06,8.62950447545735074e-06,19,2,1,5.76460752303767552e+17,19,2,1,5.76460752303767552e+17,16,5,2,3.32306998945331719e+35,5.23542164999999954e+02,0,1.15101036412106699e-05,nan,0.00000000000000000e+00
94,2,-1.38365464148132508e-07,1.00000000000000000e+00,3.27900492212878091e-06,2,18,-3.24532448098713722e-06,1.30137454206272504e-06,-2.09193202828355356e-06,3.27900492212878091e-06,-2.04768474410315382e-07,-8.77581173071657197e-06,-1.36221617497886290e-06,3.83629180334126537e-06,3.41737038627691331e-06,1.00771862727792974e-05,8.63744626656844000e-06,1.26121035340578365e-05,19,2,1,5.76460752303767552e+17,19,2,1,5.76460752303767552e+17,16,5,2,3.32306998945331719e+35,5.63191562999999974e+02,0,1.00771862727792974e-05,nan,0.00000000000000000e+00
94,3,2.15495231919670022e-07,1.00000000000000000e+00,1.12653642089885649e-05,2,18,-8.33817930777414625e-06,6.77124096762736228e-07,-6.29605009871632707e-06,1.12653642089885649e-05,-3.25794230792161252e-07,-3.33063732147792065e-06,-8.91695600011610363e-06,-9.41896102943815482e-06,1.10498689770688946e-05,2.06843252384267197e-05,9.63445626135782513e-06,9.09316679864599357e-06,19,2,1,5.76460752303767552e+17,19,2,1,5.76460752303767552e+17,16,5,2,3.32306998945331719e+35,5.28016954000000055e+02,0,2.06843252384267197e-05,nan,0.00000000000000000e+00
95,0,1.10836198396837216e-07,1.00000000000000000e+00,6.78658986901702870e-06,2,18,-1.92912659883874093e-06,3.32919406023629665e-06,3.56786486932019974e-06,-6.78658986901702870e-06,4.87868135890245507e-06,6.52812159056930946e-06,-4.27479408732711181e-06,6.56779411479598870e-06,6.89742606741386626e-06,1.33543839838130174e-05,6.45695791639915113e-06,1.08425882021231005e-05,19,2,1,5.76460752303767552e+17,19,2,1,5.76460752303767552e+17,16,5,2,3.32306998945331719e+35,5.20478354999999965e+02,0,1.33543839838130174e-05,nan,0.00000000000000000e+00
95,1,-1.14546061275246419e-06,1.00000000000000000e+00,4.69995809453238279e-06,2,18,-2.25724845810992072e-06,4.18302240251998608e-06,4.69995809453238279e-06,-5.73315542648508253e-07,-9.06314039149864171e-07,-1.04462302771462534e-05,1.80337005400537926e-08,4.55046225926605928e-07,5.84541870728484719e-06,1.46292526796662395e-05,9.30076966439378988e-06,1.09012765030728585e-05,19,2,1,5.76460752303767552e+17,19,2,1,5.76460752303767552e+17,16,5,2,3.32306998945331719e+35,5.20095224000000030e+02,0,1.46292526796662395e-05,nan,0.00000000000000000e+00
95,2,-8.85804778839359171e-07,1.00000000000000000e+00,5.66492633685923657e-06,2,18,-8.69275934585680647e-07,2.89337489279145794e-06,1.94588091893449662e-06,-5.66492633685923657e-06,2.52228001054025592e-08,-3.95549584508669608e-06,4.92032368091348995e-06,7.32793995424509455e-06,4.77912155801987750e-06,1.29928662911043320e-05,8.21374473308445361e-06,1.12834357993317906e-05,19,2,1,5.76460752303767552e+17,19,2,1,5.76460752303767552e+17,16,5,2,3.32306998945331719e+35,5.22452750000000037e+02,0,1.29928662911043320e-05,nan,0.00000000000000000e+00
95,3,-2.82694041792517508e-06,1.00000000000000000e+00,1.46739679352119555e-05,2,18,-8.10421494193543623e-06,-1.37808245562404591e-05,8.39667291220637831e-06,-1.46739679352119555e-05,1.73201171486016940e-06,1.92173138387988573e-06,8.11300185970009110e-07,-9.49846120131210534e-06,1.18470275172867808e-05,1.57025559401203448e-05,6.67152078338693068e-06,1.14201925851919911e-05,19,2,1,5.76460752303767552e+17,19,2,1,5.76460752303767552e+17,16,5,2,3.32306998945331719e+35,5.14007774000000040e+02,0,1.57025559401203448e-05,nan,0.00000000000000000e+00
96,0,-3.14193586708954168e-06,1.00000000000000000e+00,9.09127694567389116e-06,2,18,-9.09127694567389116e-06,-3.54606170848976994e-06,-8.93428892993993650e-06,8.55021116402232286e-06,-7.31894308799947055e-06,-2.43717436474394851e-06,-4.85678964267795685e-06,5.36841005459079402e-06,1.16921470311118637e-05,4.07749928726197965e-06,8.51034592168033654e-06,1.26873531425902646e-05,19,2,1,5.76460752303767552e+17,19,2,1,5.76460752303767552e+17,16,5,2,3.32306998945331719e+35,5.24583546999999953e+02,0,4.07749928726197965e-06,nan,0.00000000000000000e+00
96,1,-9.69299661343385375e-07,1.00000000000000000e+00,5.21300522635134842e-06,2,18,3.15189825457758252e-06,-2.28525210421358938e-06,-5.21300522635134842e-06,-3.12173406802340058e-06,3.18900861300269557e-07,-1.41740567929691839e-05,-6.65303445846669158e-07,-1.09747803743784853e-05,4.24370556500796326e-06,1.18888046887555945e-05,1.32047571316257979e-05,1.44929576542694538e-05,19,2,1,5.76460752303767552e+17,19,2,1,5.76460752303767552e+17,16,5,2,3.32306998945331719e+35,5.31428777999999966e+02,0,1.18888046887555945e-05,nan,0.00000000000000000e+00
96,2,-1.29924231898776384e-06,1.00000000000000000e+00,7.65591471840934484e-06,2,18,-1.63686875549780105e-06,4.58927444875699324e-06,7.65591471840934484e-06,-1.41572120792022952e-06,-3.49352649538476108e-06,4.08065852267095158e-06,1.08457199398888719e-05,-8.65592927062482664e-06,8.95515703739710868e-06,7.24020806270459712e-06,1.21449622588766358e-05,1.95016492105136986e-05,19,2,1,5.76460752303767552e+17,19,2,1,5.76460752303767552e+17,16,5,2,3.32306998945331719e+35,5.56389918999999963e+02,0,7.24020806270459712e-06,nan,0.00000000000000000e+00
96,3,-2.82241808499922256e-06,1.00000000000000000e+00,1.16976607899044074e-05,2,18,-1.00621872371572578e-05,-3.63641653160898319e-06,-1.16976607899044074e-05,4.71531505855524341e-07,-2.43826193173604250e-06,1.34710574444006736e-06,-3.43933412157261486e-06,-6.31821056455753965e-06,8.87524270490518522e-06,8.25832666833179207e-06,4.16952382943928949e-06,7.66531630899760701e-06,19,2,1,5.76460752303767552e+17,19,2,1,5.76460752303767552e+17,16,5,2,3.32306998945331719e+35,5.27708008999999947e+02,0,8.25832666833179207e-06,nan,0.00000000000000000e+00
97,0,5.94200171955539719e-07,1.00000000000000000e+00,2.17642978328152005e-05,2,18,2.17642978328152005e-05,-3.49086964548734190e-06,4.03492844405254437e-06,-7.31603307241641710e-06,5.97556772377535101e-06,-1.18094005939102334e-05,3.66632341702450559e-06,3.61020285287355984e-06,2.11700976608596600e-05,1.57887301090398478e-05,1.24036007658657738e-05,1.77849683176855844e-05,19,2,1,5.76460752303767552e+17,19,2,1,5.76460752303767552e+17,16,5,2,3.32306998945331719e+35,5.19366220999999996e+02,0,1.57887301090398478e-05,nan,0.00000000000000000e+00
97,1,-2.20028904923681634e-06,1.00000000000000000e+00,1.04424720514111616e-05,2,18,8.51746258734168557e-06,6.82036936236080002e-06,-6.15198464001789771e-06,-1.04424720514111616e-05,-4.35229184185049241e-06,-6.77591625107750391e-06,4.13508293404521774e-06,6.43098359992637393e-06,1.07177516365785011e-05,1.68734556513375355e-05,8.63127264916319111e-06,1.32068998510038778e-05,19,2,1,5.76460752303767552e+17,19,2,1,5.76460752303767552e+17,16,5,2,3.32306998945331719e+35,5.18456237999999985e+02,0,1.68734556513375355e-05,nan,0.00000000000000000e+00
97,2,-2.13411274029440475e-07,1.00000000000000000e+00,1.55424381475934813e-05,2,18,-3.68806431349792316e-07,-8.44583041316829421e-06,-1.55424381475934813e-05,-2.09733021833653164e-06,1.03598135345143401e-05,6.13080487603843765e-06,-5.97956777757586699e-06,-1.10810345379843748e-05,1.53290268735640414e-05,1.45766352892067327e-05,1.08676232639549349e-05,2.14408480724987132e-05,19,2,1,5.76460752303767552e+17,19,2,1,5.76460752303767552e+17,16,5,2,3.32306998945331719e+35,5.23735852000000023e+02,0,1.45766352892067327e-05,nan,0.00000000000000000e+00
97,3,1.11030187070406140e-06,1.00000000000000000e+00,1.52219879118337498e-05,2,18,2.05154686910292577e-06,3.38149500819185914e-06,1.52219879118337498e-05,5.49286125544726147e-06,6.17029928083666353e-06,-9.17994396893775379e-06,3.12970073489934929e-06,-4.83842517566324847e-08,1.41116860411296879e-05,1.25614389771296138e-05,1.02902458396418156e-05,1.53502432497744156e-05,19,2,1,5.76460752303767552e+17,19,2,1,5.76460752303767552e+17,16,5,2,3.32306998945331719e+35,5.44192524000000049e+02,0,1.25614389771296138e-05,nan,0.00000000000000000e+00
98,0,4.30633553295250496e-08,1.00000000000000000e+00,1.15259376029685981e-05,2,18,7.44090955394764989e-06,-8.92793636231868352e-06,-3.46132758026107662e-06,1.15259376029685981e-05,-1.17973296267270111e-06,8.89836495040904187e-06,-3.53296979595759373e-06,-2.88557728642334064e-06,1.14828742476390729e-05,1.78263013127277271e-05,8.85530159507951661e-06,1.24313347463666360e-05,19,2,1,5.76460752303767552e+17,19,2,1,5.76460752303767552e+17,16,5,2,3.32306998945331719e+35,5.62983276000000046e+02,0,1.78263013127277271e-05,nan,0.00000000000000000e+00
98,1,-9.73182901578549177e-08,1.00000000000000000e+00,1.86284059834847981e-05,2,18,1.07184193738819481e-06,-1.86284059834847981e-05,-2.12075360085003347e-06,-1.08741186810190643e-05,6.57427253610649004e-06,-7.55838230803898142e-06,-5.93849003204053754e-07,2.92908832490119312e-06,1.85310876933269442e-05,1.38032070059202582e-05,7.46106401788112670e-06,1.41326548441454715e-05,19,2,1,5.76460752303767552e+17,19,2,1,5.76460752303767552e+17,16,5,2,3.32306998945331719e+35,5.25044460999999956e+02,0,1.38032070059202582e-05,nan,0.00000000000000000e+00
98,2,1.86208456678838804e-06,1.00000000000000000e+00,2.00746288657105616e-05,2,18,2.00746288657105616e-05,-2.27030097631370653e-06,6.03247534799503320e-06,-1.01441362252527949e-05,-7.61400903544274383e-07,9.90342462900221435e-06,1.95140314343157656e-06,1.84496879285231597e-05,1.82125442989221750e-05,2.85938241537759546e-05,1.65876033617347732e-05,1.92110888320674339e-05,19,2,1,5.76460752303767552e+17,19,2,1,5.76460752303767552e+17,16,5,2,3.32306998945331719e+35,5.49424716999999987e+02,0,2.85938241537759546e-05,nan,0.00000000000000000e+00
98,3,3.95661228614912549e-06,1.00000000000000000e+00,1.43612528427772195e-05,2,18,1.52453378910022183e-06,-6.75382781837836913e-06,-1.43612528427772195e-05,1.32486026550632086e-05,1.49549853611989457e-05,3.11040688610177281e-06,-9.78610056431369625e-07,-3.14440059559543119e-06,1.83178651289263433e-05,1.63930032506586403e-05,1.09983730750498202e-05,1.80993859567943773e-05,19,2,1,5.76460752303767552e+17,19,2,1,5.76460752303767552e+17,16,5,2,3.32306998945331719e+35,5.55992651000000023e+02,0,1.63930032506586403e-05,nan,0.00000000000000000e+00
99,0,-4.53788316467066165e-07,1.00000000000000000e+00,2.36096768054903583e-05,2,18,-1.26422311644116705e-06,-5.09384662038446864e-06,2.36096768054903583e-05,1.09728556073521557e-05,-1.34696605504556209e-06,-1.22633002761681993e-05,1.27919150202263146e-05,1.09884761391020877e-05,2.40634651219574251e-05,1.08177617852640436e-05,1.32457033366933815e-05,2.50552152963945122e-05,19,2,1,5.76460752303767552e+17,19,2,1,5.76460752303767552e+17,16,5,2,3.32306998945331719e+35,5.13770840000000021e+02,0,1.08177617852640436e-05,nan,0.00000000000000000e+00
99,1,2.98131255986883057e-06,1.00000000000000000e+00,8.85731225424089159e-06,2,18,7.55149139850641894e-06,5.80996715555413132e-07,-1.39557947444249605e-06,-8.85731225424089159e-06,-4.66099477341190484e-06,9.25443973414576696e-06,3.22900972253253282e-06,-2.27507999993937098e-07,1.18386248141097230e-05,1.22124861719183238e-05,7.64230733328073456e-06,1.39154345075576718e-05,19,2,1,5.76460752303767552e+17,19,2,1,5.76460752303767552e+17,16,5,2,3.32306998945331719e+35,5.21014455999999996e+02,0,1.22124861719183238e-05,nan,0.00000000000000000e+00
99,2,1.79959975493004202e-06,1.00000000000000000e+00,1.28160178565809132e-05,2,18,5.57295485001468348e-06,-1.28160178565809132e-05,-7.33225894391551293e-07,-5.66545736501607969e-06,5.94383274138492632e-06,-6.13754574202569328e-07,-1.14728662588029958e-05,1.55790081926160237e-05,1.46156176115109548e-05,2.12444655576321034e-05,1.37794084376859821e-05,2.70518744514190195e-05,19,2,1,5.76460752303767552e+17,19,2,1,5.76460752303767552e+17,16,5,2,3.32306998945331719e+35,5.24650889000000006e+02,0,2.12444655576321034e-05,nan,0.00000000000000000e+00
99,3,2.23231614114072415e-06,1.00000000000000000e+00,2.05984504288503952e-05,2,18,8.81420012789757156e-06,2.44507854084431670e-06,2.05984504288503952e-05,-1.40557654244202741e-05,1.14939844674444510e-05,7.42331624326091271e-06,-4.59173531365871645e-06,3.15354042823069882e-06,1.83661342877096719e-05,2.51901857425091125e-05,9.26166832630372766e-06,1.60857197811031683e-05,19,2,1,5.76460752303767552e+17,19,2,1,5.76460752303767552e+17,16,5,2,3.32306998945331719e+35,5.22640930000000026e+02,0,2.51901857425091125e-05,nan,0.00000000000000000e+00
100,0,2.72830416035765166e-06,1.00000000000000000e+00,1.97310414967430379e-05,2,18,6.69226045230572000e-06,4.50647511624912162e-07,1.97310414967430379e-05,-3.61071029836217126e-06,3.20457002657731320e-05,6.90521096219682942e-06,-4.67829010824830842e-06,-9.41861092418875721e-07,1.70027373363853862e-05,2.53534398134674103e-05,2.93173961054154803e-05,3.67239903740214404e-05,19,2,1,5.76460752303767552e+17,19,2,1,5.76460752303767552e+17,16,5,2,3.32306998945331719e+35,5.63767988999999943e+02,0,2.53534398134674103e-05,nan,0.00000000000000000e+00
100,1,1.42371918712001807e-06,1.00000000000000000e+00,2.17493179961543903e-05,2,18,-8.73138363969853579e-06,-2.17493179961543903e-05,-1.01728753554681544e-05,-5.24865169900057731e-06,4.07034726327156724e-05,1.63287612740792062e-05,1.35005005353496312e-05,2.23311056416268281e-05,2.31730371832744071e-05,4.94348562724142082e-05,3.92797534455956556e-05,2.72029720973660412e-05,19,2,1,5.76460752303767552e+17,19,2,1,5.76460752303767552e+17,16,5,2,3.32306998945331719e+35,5.34477065000000039e+02,0,4.94348562724142082e-05,nan,0.00000000000000000e+00
100,2,1.26428223564652320e-07,1.00000000000000000e+00,4.06871707145205756e-05,2,18,-4.06871707145205756e-05,-6.63047243585461764e-06,5.67343828967907738e-07,7.76956274988718949e-06,-1.91948325139828302e-05,-1.08282666500459076e-05,2.10592268768897721e-05,2.62651459623984519e-05,4.08135989380852278e-05,2.14923382005377453e-05,2.61387177388337996e-05,4.54599784763812855e-05,19,2,1,5.76460752303767552e+17,19,2,1,5.76460752303767552e+17,16,5,2,3.32306998945331719e+35,5.67508806000000050e+02,0,2.14923382005377453e-05,nan,0.00000000000000000e+00
100,3,-3.63393838952795593e-06,1.00000000000000000e+00,2.00667352395288909e-05,2,18,-4.32545187803174135e-06,-4.07224167853393351e-06,-2.00667352395288909e-05,-9.66741891576347831e-06,-9.44155527850268963e-06,-2.91805072245945548e-06,4.19955224165374539e-06,-3.03750783039792545e-06,1.64327968500009358e-05,2.42662874811826354e-05,7.83349063118170132e-06,1.36411075201564342e-05,19,2,1,5.76460752303767552e+17,19,2,1,5.76460752303767552e+17,16,5,2,3.32306998945331719e+35,5.21271661999999992e+02,0,2.42662874811826354e-05,nan,0.00000000000000000e+00
101,0,1.43463930915973344e-06,1.00000000000000000e+00,1.04895593088818076e-05,2,18,-7.92391818582184373e-07,-9.83637046370418642e-07,-7.29039434590288951e-06,-1.04895593088818076e-05,-5.95007913628702698e-06,-8.91913054887742887e-06,-2.25824939614148164e-05,-1.67621782613882960e-05,1.19241986180415419e-05,1.52920996155119269e-05,2.40171332705745490e-05,1.66324148251277894e-05,19,2,1,5.76460752303767552e+17,19,2,1,5.76460752303767552e+17,16,5,2,3.32306998945331719e+35,5.57554395000000000e+02,0,1.52920996155119269e-05,nan,0.00000000000000000e+00
101,1,-4.90698134676689567e-06,1.00000000000000000e+00,1.28980467968689050e-05,2,18,-6.59166868274650669e-06,1.28980467968689050e-05,-1.18539604644292840e-05,7.46913569105086959e-06,2.37882605757373214e-05,1.09696590476545231e-05,1.14929461520970651e-05,1.89287079812858564e-05,1.78050281436358015e-05,3.03799292584838298e-05,2.86952419225042179e-05,1.28186015280827983e-05,19,2,1,5.76460752303767552e+17,19,2,1,5.76460752303767552e+17,16,5,2,3.32306998945331719e+35,5.67922880999999961e+02,0,3.03799292584838298e-05,nan,0.00000000000000000e+00
101,2,-4.08436093537200044e-06,1.00000000000000000e+00,2.66450751716093274e-05,2,18,2.66450751716093274e-05,-3.59465167068058238e-06,-6.30806405927204832e-06,2.37736085186092076e-07,5.70947954782468034e-06,-1.47280215412322636e-05,1.76557754483628125e-05,-1.75326541002963275e-05,3.07294361069813279e-05,2.39638395076348608e-05,2.17401363837348129e-05,3.51884295486591366e-05,19,2,1,5.76460752303767552e+17,19,2,1,5.76460752303767552e+17,16,5,2,3.32306998945331719e+35,5.69816815000000020e+02,0,2.39638395076348608e-05,nan,0.00000000000000000e+00
101,3,-3.29279800543218915e-06,1.00000000000000000e+00,2.03003825717769707e-05,2,18,2.03003825717769707e-05,-1.43182158817969503e-06,5.20358874375488504e-06,-1.02451913997385445e-05,2.28944097641145137e-06,-3.18816190624490780e-05,2.74995747230106667e-05,1.56178551643833404e-06,2.35931805772091602e-05,3.04497974742693829e-05,3.07923727284428563e-05,5.93811937854597446e-05,19,2,1,5.76460752303767552e+17,19,2,1,5.76460752303767552e+17,16,5,2,3.32306998945331719e+35,6.14726540000000000e+02,0,3.04497974742693829e-05,nan,0.00000000000000000e+00
102,0,-2.41194006645349468e-06,1.00000000000000000e+00,5.39077191517674782e-05,2,18,5.39077191517674782e-05,1.08156475866460683e-05,2.81053242134009411e-05,3.74425651004641474e-06,-1.81776607504518673e-06,-8.70319436914737713e-06,-2.86254381354614834e-06,3.60799139398691623e-06,5.63196592182209729e-05,5.57254852268126679e-05,6.29125430269388245e-06,1.23111857631342938e-05,19,2,1,5.76460752303767552e+17,19,2,1,5.76460752303767552e+17,16,5,2,3.32306998945331719e+35,6.19467371999999955e+02,0,5.57254852268126679e-05,nan,0.00000000000000000e+00
102,1,-5.36018955524167572e-06,1.00000000000000000e+00,2.50003366504575459e-05,2,18,2.64982142187709850e-06,-2.50003366504575459e-05,-1.06541950991802195e-05,2.19485519936954259e-05,-3.85303463108653592e-05,6.09139532273147606e-06,3.11931677369883998e-07,2.84072195379197081e-06,2.73087415489371000e-05,4.11801677327424586e-05,3.31701567556236818e-05,4.46217416335968387e-05,19,2,1,5.76460752303767552e+17,19,2,1,5.76460752303767552e+17,16,5,2,3.32306998945331719e+35,5.48021627999999964e+02,0,4.11801677327424586e-05,nan,0.00000000000000000e+00
102,2,-6.40542265694901119e-06,1.00000000000000000e+00,9.40140462890313253e-06,2,18,-9.40140462890313253e-06,-6.70129117609703850e-06,-4.69730099776695278e-07,9.87811070591499855e-07,-1.59835788734151237e-05,1.88207189449597139e-05,-1.99850796293007636e-06,-2.51318622796971657e-05,7.39323372754051105e-06,2.61196733502886655e-05,2.52261416019087251e-05,4.39525812246568796e-05,19,2,1,5.76460752303767552e+17,19,2,1,5.76460752303767552e+17,16,5,2,3.32306998945331719e+35,5.91811951000000022e+02,0,2.61196733502886655e-05,nan,0.00000000000000000e+00
102,3,-3.03028094363230759e-06,1.00000000000000000e+00,1.76818189059487236e-05,2,18,2.02495550656426524e-06,-1.73915600656000881e-05,4.94947857204121111e-06,1.76818189059487236e-05,-3.48267785711669370e-05,-2.68963524705539454e-05,-2.25923123002371064e-05,-2.52793038704050480e-05,2.07120998495810308e-05,4.29611227763537716e-05,3.17964976275346298e-05,1.22344662709298306e-05,19,2,1,5.76460752303767552e+17,19,2,1,5.76460752303767552e+17,16,5,2,3.32306998945331719e+35,5.54329009000000042e+02,0,4.29611227763537716e-05,nan,0.00000000000000000e+00
103,0,-5.99955298082168826e-06,1.00000000000000000e+00,3.20051062534273511e-05,2,18,-3.20051062534273511e-05,2.20755146456389689e-05,1.96362340468872613e-05,-6.87054138893168151e-06,-4.41127995041698492e-06,-3.96524290693075351e-05,-1.50444924526859619e-05,-3.03494981751155331e-05,2.80750676264606563e-05,6.17279437149465074e-05,3.36528760884858443e-05,3.52411491188905519e-05,19,2,1,5.76460752303767552e+17,19,2,1,5.76460752303767552e+17,16,5,2,3.32306998945331719e+35,5.61648777999999993e+02,0,6.17279437149465074e-05,nan,0.00000000000000000e+00
103,1,6.57586470161248928e-07,1.00000000000000000e+00,7.51176523000817566e-06,2,18,-2.18499784439724157e-06,7.51176523000817566e-06,-7.50001691499096283e-06,4.51026157537869985e-06,8.24587795974046465e-06,4.18484733601645658e-05,-2.71195348215581771e-05,3.26401824771715694e-05,8.15760338515221133e-06,3.43367081301563918e-05,4.11908868900033156e-05,6.89680081817227496e-05,19,2,1,5.76460752303767552e+17,19,2,1,5.76460752303767552e+17,16,5,2,3.32306998945331719e+35,5.52294567000000029e+02,0,3.43367081301563918e-05,nan,0.00000000000000000e+00
103,2,-6.77221833528002851e-06,1.00000000000000000e+00,3.71789162099548778e-05,2,18,3.62224164580750090e-05,-3.71789162099548778e-05,-1.70877824900876661e-05,-3.20446483514937630e-05,8.18133889649299476e-06,-1.90721190399840465e-05,-6.05541337896680140e-06,-1.18997023508777803e-05,4.29946347933550359e-05,2.80410775615820126e-05,1.49535572317730233e-05,2.72534579364770396e-05,19,2,1,5.76460752303767552e+17,19,2,1,5.76460752303767552e+17,16,5,2,3.32306998945331719e+35,5.49622774000000049e+02,0,2.80410775615820126e-05,nan,0.00000000000000000e+00
103,3,-2.81925778328290150e-06,1.00000000000000000e+00,4.94616710103166530e-05,2,18,-3.04458512040554398e-06,-4.94616710103166530e-05,-2.51971506501126133e-05,2.39356499214732646e-05,-1.25424617981278032e-06,-8.07643741180621501e-06,3.98870921989291413e-05,-1.78262842720466186e-05,4.66424132270337524e-05,6.50842428490417546e-05,4.27063499822120420e-05,5.77133764709757599e-05,19,2,1,5.76460752303767552e+17,19,2,1,5.76460752303767552e+17,16,5,2,3.32306998945331719e+35,5.99050290000000018e+02,0,6.50842428490417546e-05,nan,0.00000000000000000e+00
104,0,1.06689090032457084e-05,1.00000000000000000e+00,2.78834757128399872e-05,2,18,2.78834757128399872e-05,-2.31305213325057131e-05,-4.44529474233351521e-06,-3.21389485018561415e-06,5.71900315374320893e-05,6.05267711005800890e-06,-2.99193610467523835e-05,4.31606926876235249e-06,3.37994303357514215e-05,2.93065558245921020e-05,4.65211225341863809e-05,8.71093925841844762e-05,19,2,1,5.76460752303767552e+17,19,2,1,5.76460752303767552e+17,16,5,2,3.32306998945331719e+35,5.46553073000000040e+02,0,2.93065558245921020e-05,nan,0.00000000000000000e+00
104,1,-4.51605509980023651e-07,1.00000000000000000e+00,4.64386901035200765e-05,2,18,1.41377946321639165e-05,6.30389965912478282e-06,9.14947789800107944e-06,4.64386901035200765e-05,1.84891304079922140e-05,-3.63968740849639362e-05,-1.65363976386509379e-05,-1.99757132447684133e-06,4.68902956135001025e-05,4.84362614279969212e-05,3.59452685749839102e-05,5.48860044929561536e-05,19,2,1,5.76460752303767552e+17,19,2,1,5.76460752303767552e+17,16,5,2,3.32306998945331719e+35,5.90568833000000041e+02,0,4.84362614279969212e-05,nan,0.00000000000000000e+00
104,2,1.14340904026532768e-06,1.00000000000000000e+00,2.19968597406706276e-05,2,18,1.93621843121624242e-05,1.85347547583306084e-05,2.19968597406706276e-05,1.43278980226042262e-05,-9.66766247473415546e-06,5.95199170548878102e-06,-7.50781404721054969e-07,-1.84737179103917356e-05,2.08534507004052991e-05,3.28016159329959584e-05,1.96171269506570641e-05,2.44257096158805158e-05,19,2,1,5.76460752303767552e+17,19,2,1,5.76460752303767552e+17,16,5,2,3.32306998945331719e+35,5.50286620999999968e+02,0,3.28016159329959584e-05,nan,0.00000000000000000e+00
104,3,-1.68482371358240100e-07,1.00000000000000000e+00,3.75472072864217765e-05,2,18,3.59952159794694064e-05,3.75472072864217765e-05,-2.12385521851830107e-05,-2.02136952660492665e-05,-2.39759852635766745e-05,-2.23687093045732436e-05,-1.02722117307012591e-05,1.43645879995626313e-05,3.77156896577800153e-05,5.99712012430460843e-05,2.38075028922184356e-05,3.83405732631393058e-05,19,2,1,5.76460752303767552e+17,19,2,1,5.76460752303767552e+17,16,5,2,3.32306998945331719e+35,5.42960003000000029e+02,0,5.99712012430460843e-05,nan,0.00000000000000000e+00
105,0,1.20716379093724369e-05,1.00000000000000000e+00,2.06376806116266442e-05,2,18,3.79490389118246583e-06,-1.18105136389867921e-05,-1.39728150243162988e-05,-2.06376806116266442e-05,-2.05900873052183638e-05,1.17675689603362482e-05,7.40250320205846585e-06,2.07950840288225624e-05,3.27093185209990811e-05,4.14327646404492032e-05,3.26617252145908042e-05,4.13851713340409263e-05,19,2,1,5.76460752303767552e+17,19,2,1,5.76460752303767552e+17,16,5,2,3.32306998945331719e+35,5.65076965999999970e+02,0,4.14327646404492032e-05,nan,0.00000000000000000e+00
105,1,-6.26470768339942892e-06,1.00000000000000000e+00,7.14670802903115616e-05,2,18,4.08555336728152910e-05,5.12757549419606704e-06,-1.54163394063588016e-05,-7.14670802903115616e-05,-2.47216413159140356e-05,-2.12752825452179068e-05,-3.19230525348971741e-05,-2.44124054017102683e-05,6.52023726069121386e-05,6.55771749887293300e-05,2.56583448514977443e-05,1.06477699896792673e-05,19,2,1,5.76460752303767552e+17,19,2,1,5.76460752303767552e+17,16,5,2,3.32306998945331719e+35,5.42990465999999969e+02,0,6.55771749887293300e-05,nan,0.00000000000000000e+00
105,2,-4.13862869240994019e-06,1.00000000000000000e+00,3.57643967609125952e-05,2,18,3.57643967609125952e-05,2.32340388962480065e-05,-2.14266715051664043e-05,1.26812850451706516e-05,8.47957453265610117e-06,2.92292227729917439e-06,8.77216848822727301e-06,1.29599685837723497e-05,3.99030254533225354e-05,3.01988399933936773e-05,1.70985972761822899e-05,1.00370463064731745e-05,19,2,1,5.76460752303767552e+17,19,2,1,5.76460752303767552e+17,16,5,2,3.32306998945331719e+35,5.47610580000000027e+02,0,3.01988399933936773e-05,nan,0.00000000000000000e+00
105,3,-9.01017241532785102e-06,1.00000000000000000e+00,9.37719907053676579e-05,2,18,2.33995044531908460e-05,-1.80580731073189680e-06,-2.59298803522249385e-05,9.37719907053676579e-05,-3.02238452519282898e-05,-5.62287355520289442e-05,-4.19642039477510147e-06,4.66348539704465704e-06,1.02782163120695506e-04,8.91085053083230042e-05,4.72185631367010966e-05,6.08922209490735979e-05,19,2,1,5.76460752303767552e+17,19,2,1,5.76460752303767552e+17,16,5,2,3.32306998945331719e+35,5.83364157999999975e+02,0,8.91085053083230042e-05,nan,0.00000000000000000e+00
106,0,1.46298492219190966e-07,1.00000000000000000e+00,3.80667439418480639e-05,2,18,-2.41331669356394324e-05,-3.80667439418480639e-05,2.62846193515474868e-05,-5.37758536309044060e-06,-3.33075747699434368e-06,-7.40228140342453968e-05,9.35135294890889171e-06,-2.42559737486493850e-05,3.82130424340672547e-05,3.59560700923973329e-05,7.41691125264645876e-05,8.33741669831542919e-05,19,2,1,5.76460752303767552e+17,19,2,1,5.76460752303767552e+17,16,5,2,3.32306998945331719e+35,5.39059303000000000e+02,0,3.59560700923973329e-05,nan,0.00000000000000000e+00
106,1,-7.44990469492183009e-06,1.00000000000000000e+00,3.66367777877363228e-05,2,18,-3.66367777877363228e-05,7.18592107986407950e-06,1.97064506702247180e-05,-1.29677272968803945e-05,-2.47052923215094344e-05,3.71618739469017844e-05,-2.83857721051898490e-05,4.10015191730920932e-05,2.91868730928144919e-05,5.39692464699724876e-05,4.84514238680139241e-05,6.93872912782819489e-05,19,2,1,5.76460752303767552e+17,19,2,1,5.76460752303767552e+17,16,5,2,3.32306998945331719e+35,5.73018145000000004e+02,0,5.39692464699724876e-05,nan,0.00000000000000000e+00
106,2,-4.71527011123970946e-07,1.00000000000000000e+00,1.02477295616721953e-04,2,18,-7.40133215137262575e-05,1.59857977451178656e-05,2.74541686795382209e-05,1.02477295616721953e-04,9.13190586660448895e-06,5.17138277359690656e-05,-1.67776978024318028e-05,1.35228758068625119e-05,1.02948822627845919e-04,8.89544198098594447e-05,5.21853547470930385e-05,6.84915255384008616e-05,19,2,1,5.76460752303767552e+17,19,2,1,5.76460752303767552e+17,16,5,2,3.32306998945331719e+35,5.27774736999999959e+02,0,8.89544198098594447e-05,nan,0.00000000000000000e+00
106,3,-1.42788609210402716e-06,1.00000000000000000e+00,1.27341742621828749e-04,2,18,-8.81103258796659121e-05,-1.59552425880505713e-05,2.14182228715159852e-05,1.27341742621828749e-04,2.33488973382289374e-05,7.89729390428804305e-05,-2.49905474385207535e-05,-6.23541112978079039e-05,1.28769628713932790e-04,1.89695853919636640e-04,8.04008251349844574e-05,1.41327050340688334e-04,19,2,1,5.76460752303767552e+17,19,2,1,5.76460752303767552e+17,16,5,2,3.32306998945331719e+35,5.26600114999999960e+02,0,1.89695853919636640e-04,nan,0.00000000000000000e+00
107,0,1.37303879469156595e-05,1.00000000000000000e+00,7.29314121002924725e-05,2,18,5.05136621247656220e-05,7.13969234814836176e-05,7.29314121002924725e-05,-2.16921883116703868e-05,5.95071424144960265e-05,-4.89978603825264939e-05,8.48310777220740445e-06,1.48272287779848026e-05,5.92010241533768130e-05,1.20394783864010118e-04,6.27282483294421466e-05,1.08505002797022520e-04,19,2,1,5.76460752303767552e+17,19,2,1,5.76460752303767552e+17,16,5,2,3.32306998945331719e+35,5.45829147000000034e+02,0,1.20394783864010118e-04,nan,0.00000000000000000e+00
107,1,8.69628261837758644e-06,1.00000000000000000e+00,9.52616087896893636e-05,2,18,7.69279153642980491e-06,2.35197815867226796e-05,-3.53849165115547652e-05,9.52616087896893636e-05,-6.67676356778656175e-05,-9.15017550756847475e-05,2.99178473316933133e-05,-2.92043715528583048e-05,8.65653261713117839e-05,1.24465980342547682e-04,1.00198037694062327e-04,1.21419602407378061e-04,19,2,1,5.76460752303767552e+17,19,2,1,5.76460752303767552e+17,16,5,2,3.32306998945331719e+35,5.36949110000000019e+02,0,1.24465980342547682e-04,nan,0.00000000000000000e+00
107,2,1.94190753609909918e-05,1.00000000000000000e+00,6.37163489410449610e-05,2,18,-4.46398950881141395e-06,6.37163489410449610e-05,3.67676503692207539e-05,4.87877855184124136e-05,-3.27631524350873506e-05,6.61851341233460192e-05,3.94211978298732250e-05,4.84131338599721846e-05,4.42972735800539692e-05,2.82991629262759367e-05,5.21822277960783424e-05,9.89482865584333698e-05,19,2,1,5.76460752303767552e+17,19,2,1,5.76460752303767552e+17,16,5,2,3.32306998945331719e+35,5.21125096999999982e+02,0,2.82991629262759367e-05,nan,0.00000000000000000e+00
107,3,6.46137471348238923e-06,1.00000000000000000e+00,7.02034879164126950e-05,2,18,-7.02034879164126950e-05,9.94754395131491745e-06,-2.46986499775161519e-05,-5.67631911473390579e-05,1.59798514227029783e-06,-8.69470497141132035e-05,-1.54949054885057474e-05,-8.09843995369797631e-05,7.66648626298950834e-05,9.68945936654281209e-05,9.34084244275955918e-05,8.85450348563834996e-05,19,2,1,5.76460752303767552e+17,19,2,1,5.76460752303767552e+17,16,5,2,3.32306998945331719e+35,5.45263510999999994e+02,0,9.68945936654281209e-05,nan,0.00000000000000000e+00
108,0,-7.80978962526081343e-06,1.00000000000000000e+00,2.06678984809076114e-05,2,18,-2.06678984809076114e-05,-2.17170753033283132e-06,1.00302984516090471e-05,9.15591375096823403e-06,5.16693144545275171e-05,4.72693707786686162e-05,1.46933749852707973e-05,5.39886231717209305e-05,1.78400880768698588e-05,7.23372129354351353e-05,6.17984127969817439e-05,3.92952481864501332e-05,19,2,1,5.76460752303767552e+17,19,2,1,5.76460752303767552e+17,16,5,2,3.32306998945331719e+35,5.24849874000000000e+02,0,7.23372129354351353e-05,nan,0.00000000000000000e+00
108,1,3.17298518056922119e-05,1.00000000000000000e+00,6.24197640083998527e-05,2,18,6.24197640083998527e-05,1.83176868576603791e-05,2.38512379859366580e-05,-3.40669071927659182e-05,-3.41717151296516380e-05,-1.62489163657528992e-05,5.92664160577360927e-05,-3.90636279306406865e-05,6.57967589984581234e-05,9.65914791380514839e-05,7.07934797363328917e-05,9.83300439883767860e-05,19,2,1,5.76460752303767552e+17,19,2,1,5.76460752303767552e+17,16,5,2,3.32306998945331719e+35,5.39660856999999965e+02,0,9.65914791380514839e-05,nan,0.00000000000000000e+00
108,2,2.19102796284681859e-05,1.00000000000000000e+00,1.08158481485046999e-04,2,18,7.33127277670922147e-05,-1.57343490799638914e-06,1.08158481485046999e-04,5.45553876215805058e-05,-3.21322686103096372e-05,7.46068304501536006e-05,1.37665820933644282e-04,-6.33024769059864473e-05,8.62482018565788203e-05,1.17857864527566960e-04,1.15755541305176103e-04,2.00968297839630716e-04,19,2,1,5.76460752303767552e+17,19,2,1,5.76460752303767552e+17,16,5,2,3.32306998945331719e+35,5.31494283999999993e+02,0,1.17857864527566960e-04,nan,0.00000000000000000e+00
108,3,1.95155840197944514e-05,1.00000000000000000e+00,1.23436699012515231e-04,2,18,-1.23436699012515231e-04,9.73704238120517350e-05,1.01023828827781416e-06,-9.89344001445153939e-05,-2.07252437733292126e-05,1.22750207522931489e-05,4.72844507580221657e-05,3.05145902209141346e-05,1.42952283032309676e-04,1.29448990365429529e-04,4.02408277931236606e-05,6.80096945313513816e-05,19,2,1,5.76460752303767552e+17,19,2,1,5.76460752303767552e+17,16,5,2,3.32306998945331719e+35,5.29139133000000015e+02,0,1.29448990365429529e-04,nan,0.00000000000000000e+00
109,0,7.44406329057187993e-05,1.00000000000000000e+00,1.39575908515223276e-04,2,18,1.39575908515223276e-04,3.31831908890574946e-05,-1.80898932181862329e-05,1.03942634411450662e-04,-1.03626771324519460e-04,-3.55748648624233720e-05,9.85573611529175746e-05,8.24529998056588932e-05,9.25305261239050322e-05,2.43202679839742749e-04,1.78067404230238273e-04,2.02184132477437034e-04,19,2,1,5.76460752303767552e+17,19,2,1,5.76460752303767552e+17,16,5,2,3.32306998945331719e+35,5.35852483000000007e+02,0,2.43202679839742749e-04,nan,0.00000000000000000e+00
109,1,2.99226663077604642e-05,1.00000000000000000e+00,7.99732722315891201e-05,2,18,3.45884991438910974e-05,-9.78461900620470585e-07,-8.24432236421209728e-07,-7.99732722315891201e-05,-7.54024302386143959e-05,2.79909793218503237e-05,-2.00684358613210394e-05,-2.64119869946293046e-06,1.09895938539349581e-04,1.09990929382505493e-04,1.05325096546374857e-04,1.03393409560464716e-04,19,2,1,5.76460752303767552e+17,19,2,1,5.76460752303767552e+17,16,5,2,3.32306998945331719e+35,5.33869836999999961e+02,0,1.09990929382505493e-04,nan,0.00000000000000000e+00
109,2,2.73905084226679024e-05,1.00000000000000000e+00,6.32006472487484582e-05,2,18,5.80822075565630931e-05,4.66443803243259090e-05,1.77196083852930488e-05,6.32006472487484582e-05,9.46037727057422347e-05,-7.45466662302339051e-06,-1.36908139444696957e-04,7.52896095056723095e-05,3.58101388260805524e-05,1.54627747829989999e-04,1.64298647867364850e-04,2.31511912150439192e-04,19,2,1,5.76460752303767552e+17,19,2,1,5.76460752303767552e+17,16,5,2,3.32306998945331719e+35,5.45064552000000049e+02,0,1.54627747829989999e-04,nan,0.00000000000000000e+00
109,3,2.48470198020898328e-05,1.00000000000000000e+00,1.24611441573818258e-04,2,18,1.24611441573818258e-04,-1.33963544383492947e-05,9.98902956271112858e-05,8.15261774136919105e-05,3.49475016022619332e-05,6.42191850266766545e-05,-3.63544518864294846e-05,-8.08734706813442382e-06,9.97644217717284256e-05,1.36244747513540777e-04,6.12014716885193107e-05,1.00573636913106146e-04,19,2,1,5.76460752303767552e+17,19,2,1,5.76460752303767552e+17,16,5,2,3.32306998945331719e+35,5.75816049000000021e+02,0,1.36244747513540777e-04,nan,0.00000000000000000e+00
110,0,-6.24436976613500657e-06,1.00000000000000000e+00,1.39704327375152584e-04,2,18,6.13786978245728734e-05,7.75863570927171433e-05,-4.91696497077379031e-06,1.39704327375152584e-04,3.49332032590303607e-05,-4.60921134318285783e-05,-3.99184539221859240e-05,-5.59177376098697084e-05,1.45948697141287588e-04,1.95622064985022305e-04,4.96733678437347035e-05,9.08509408689000690e-05,19,2,1,5.76460752303767552e+17,19,2,1,5.76460752303767552e+17,16,5,2,3.32306998945331719e+35,5.35507018000000016e+02,0,1.95622064985022305e-04,nan,0.00000000000000000e+00
110,1,-1.46824519302908681e-05,1.00000000000000000e+00,1.86570292472921747e-04,2,18,1.04316517337493477e-05,3.02200611435322390e-05,-1.86570292472921747e-04,-5.83857724494540347e-05,9.40513324006075929e-05,-1.24227906793785556e-05,4.91569159798935256e-05,-1.02995329759964004e-04,1.71887840542630875e-04,2.35727208452815259e-04,1.08733784330898464e-04,1.97046662160571583e-04,19,2,1,5.76460752303767552e+17,19,2,1,5.76460752303767552e+17,16,5,2,3.32306998945331719e+35,5.82288607999999954e+02,0,2.35727208452815259e-04,nan,0.00000000000000000e+00
110,2,-2.20438720212070089e-05,1.00000000000000000e+00,1.26236186511817413e-04,2,18,-2.54378964873053779e-05,-5.11963700007215310e-05,-1.26236186511817413e-04,5.59393617056725895e-05,1.11389715111829745e-05,2.96868422246999007e-05,-4.58493293800532896e-05,-9.40259416005785901e-05,1.04192314490610401e-04,1.49965303306251186e-04,7.19820695793715778e-05,1.23712783825278498e-04,19,2,1,5.76460752303767552e+17,19,2,1,5.76460752303767552e+17,16,5,2,3.32306998945331719e+35,5.45823529000000008e+02,0,1.49965303306251186e-04,nan,0.00000000000000000e+00
110,3,-2.86525488443996490e-05,1.00000000000000000e+00,9.04384252050382566e-05,2,18,-9.04384252050382566e-05,1.93855156826377507e-05,7.87537915108689284e-05,3.15183517465316738e-05,-7.96369042366572928e-05,-1.11078063625160149e-04,1.50926094918189233e-04,-3.80991883524398349e-05,1.07406340355268581e-04,1.30463579307797900e-04,1.79578643762588871e-04,2.62004158543349382e-04,19,2,1,5.76460752303767552e+17,19,2,1,5.76460752303767552e+17,16,5,2,3.32306998945331719e+35,5.45317638999999986e+02,0,1.30463579307797900e-04,nan,0.00000000000000000e+00
111,0,-1.01386459087946134e-05,1.00000000000000000e+00,7.72538161710925706e-05,2,18,6.31749825667343034e-05,-5.23924375018377999e-05,6.92156618504775070e-05,-7.72538161710925706e-05,6.57046375261226929e-05,1.95668808618363685e-05,1.51052687913348535e-04,1.05680023524119669e-04,7.93543077592721272e-05,1.82933839695212239e-04,1.61191333822143141e-04,1.31485807051512159e-04,19,2,1,5.76460752303767552e+17,19,2,1,5.76460752303767552e+17,16,5,2,3.32306998945331719e+35,5.31408715000000029e+02,0,1.82933839695212239e-04,nan,0.00000000000000000e+00
111,1,3.19560975978840426e-05,1.00000000000000000e+00,1.20894472426158359e-04,2,18,-1.20894472426158359e-04,-2.25722593179044266e-05,1.18646077120982833e-04,5.57050500691556860e-05,2.10718374464657535e-04,1.06731281613647215e-04,-1.55989252202082094e-04,-3.53990745762500531e-05,1.52850570024042401e-04,3.31612846890815894e-04,1.87945349799966137e-04,3.66707626666739630e-04,19,2,1,5.76460752303767552e+17,19,2,1,5.76460752303767552e+17,16,5,2,3.32306998945331719e+35,6.49323859999999968e+02,0,3.31612846890815894e-04,nan,0.00000000000000000e+00
111,2,4.57266814876747862e-05,1.00000000000000000e+00,1.92816960397795503e-04,2,18,8.22572179999999644e-05,-1.92816960397795503e-04,-8.95051368762816350e-05,-5.88443615185694016e-05,1.26347216019765296e-04,1.35809896202171041e-04,-1.52767409954151405e-05,-6.20733218097422251e-05,2.38543641885470282e-04,3.28626856599966571e-04,1.07800003297417018e-04,1.97883218011913253e-04,19,2,1,5.76460752303767552e+17,19,2,1,5.76460752303767552e+17,16,5,2,3.32306998945331719e+35,5.42519773999999984e+02,0,3.28626856599966571e-04,nan,0.00000000000000000e+00
111,3,4.72277467802174308e-05,1.00000000000000000e+00,3.72508300977697862e-04,2,18,2.30870319505268587e-04,3.07257604400395390e-05,-3.72508300977697862e-04,-2.86830201290872632e-05,6.03003382223905399e-05,2.13737100795609059e-05,8.01402976294882092e-07,1.64710925357940379e-04,4.19736047757915279e-04,3.73309703953992754e-04,1.17483178577722949e-04,1.63909522381645487e-04,19,2,1,5.76460752303767552e+17,19,2,1,5.76460752303767552e+17,16,5,2,3.32306998945331719e+35,5.43473400999999967e+02,0,3.73309703953992754e-04,nan,0.00000000000000000e+00
112,0,5.00848435669756550e-05,1.00000000000000000e+00,2.95085798602778794e-04,2,18,8.31176141298227037e-05,-4.81598103928339993e-05,2.95085798602778794e-04,1.22472366325834239e-04,7.00015144327710629e-05,2.72325046606164910e-06,1.64837373608254828e-04,1.03217008012608844e-04,2.45000955035803145e-04,1.30248424994523966e-04,1.14752530041279180e-04,1.62114123142193179e-04,19,2,1,5.76460752303767552e+17,19,2,1,5.76460752303767552e+17,16,5,2,3.32306998945331719e+35,5.36019592999999986e+02,0,1.30248424994523966e-04,nan,0.00000000000000000e+00
112,1,7.64447501029440072e-05,1.00000000000000000e+00,1.52862001371693558e-04,2,18,-4.42394980015067395e-05,1.00046603928786033e-04,6.55527811113950189e-05,1.52862001371693558e-04,-1.21963319544207552e-04,-2.33154674898275528e-05,2.25159476140854341e-04,1.19541618127422361e-05,1.20684248104450747e-04,1.59606695029459322e-04,1.98408069647151560e-04,3.47122795685061894e-04,19,2,1,5.76460752303767552e+17,19,2,1,5.76460752303767552e+17,16,5,2,3.32306998945331719e+35,5.23819290000000024e+02,0,1.59606695029459322e-04,nan,0.00000000000000000e+00
112,2,7.41580430073386746e-05,1.00000000000000000e+00,1.45573851020594025e-04,2,18,-4.61038842655938963e-05,1.44906559427053819e-04,7.54714685911450628e-05,1.45573851020594025e-04,5.60328609669956900e-05,1.21080688408739680e-04,9.85072566896656547e-05,-1.14764424826623235e-04,1.20261927272932571e-04,2.60338275847217288e-04,1.88922467833961896e-04,2.35845113235362916e-04,19,2,1,5.76460752303767552e+17,19,2,1,5.76460752303767552e+17,16,5,2,3.32306998945331719e+35,5.27455771000000027e+02,0,2.60338275847217288e-04,nan,0.00000000000000000e+00
112,3,6.54774381336872591e-05,1.00000000000000000e+00,2.25230194037859467e-04,2,18,4.89928175424872818e-05,2.25230194037859467e-04,1.43226117199455612e-04,1.69048124701328106e-04,7.67461085997276130e-05,-1.06841686010395546e-04,-1.61487907763934213e-05,1.62405904001824150e-04,1.59752755904172194e-04,3.32071880048254999e-04,1.72319124144082805e-04,2.69247590012219710e-04,19,2,1,5.76460752303767552e+17,19,2,1,5.76460752303767552e+17,16,5,2,3.32306998945331719e+35,5.23694472000000019e+02,0,3.32071880048254999e-04,nan,0.00000000000000000e+00
113,0,5.73838442281088981e-05,1.00000000000000000e+00,3.83251932759466271e-04,2,18,-1.62374200870671510e-04,-1.99552514790986182e-04,3.83251932759466271e-04,-1.04289514563497840e-04,4.42681289311172511e-05,2.30339573115772618e-04,3.11401499775933307e-04,6.15356411837165399e-05,3.25868088531357366e-04,4.29892087906758773e-04,2.54017655547824402e-04,2.67133370844816029e-04,19,2,1,5.76460752303767552e+17,19,2,1,5.76460752303767552e+17,16,5,2,3.32306998945331719e+35,5.82757850999999960e+02,0,4.29892087906758773e-04,nan,0.00000000000000000e+00
113,1,4.84535593035028970e-05,1.00000000000000000e+00,2.82196472961831991e-04,2,18,-6.40632053490989444e-05,3.05800504962775308e-05,2.82196472961831991e-04,1.31279159356986172e-04,1.68132219453458778e-04,-2.00535859776212495e-04,2.90757309642029188e-05,-2.00267575731872887e-05,2.33742913658329087e-04,2.53120741997629045e-04,2.48989419079715399e-04,3.68668079229671273e-04,19,2,1,5.76460752303767552e+17,19,2,1,5.76460752303767552e+17,16,5,2,3.32306998945331719e+35,8.39167429999999968e+02,0,2.53120741997629045e-04,nan,0.00000000000000000e+00
113,2,7.21791279242394536e-05,1.00000000000000000e+00,3.57748318774517868e-04,2,18,3.13504640183241094e-04,3.57748318774517868e-04,3.76932825965691854e-05,7.51414078504123828e-05,7.72168229633502450e-05,-1.56315067408129937e-04,2.81443741899976981e-04,-1.57545268671577861e-04,2.85569190850278401e-04,5.14063386182647859e-04,2.29724396595817329e-04,4.38989010571554843e-04,19,2,1,5.76460752303767552e+17,19,2,1,5.76460752303767552e+17,16,5,2,3.32306998945331719e+35,6.30558769999999981e+02,0,5.14063386182647859e-04,nan,0.00000000000000000e+00
113,3,6.98997758546615524e-05,1.00000000000000000e+00,1.59285074503992199e-04,2,18,-1.35263739197619614e-04,1.30449203624920267e-04,3.13370494112512018e-05,-1.59285074503992199e-04,2.19112081089152793e-04,3.57120157249995194e-04,1.47614959748714597e-04,2.21421609777417870e-04,2.29184850358653752e-04,3.80706684281410042e-04,2.87220381395333641e-04,2.09505197501280596e-04,19,2,1,5.76460752303767552e+17,19,2,1,5.76460752303767552e+17,16,5,2,3.32306998945331719e+35,6.18890419999999949e+02,0,3.80706684281410042e-04,nan,0.00000000000000000e+00
114,0,-6.39058176940938781e-05,1.00000000000000000e+00,2.45203781864162542e-04,2,18,-2.35420267557080569e-04,1.82002015166203806e-04,1.24833318358110953e-04,2.45203781864162542e-04,9.16003255074587732e-05,-1.67368764768249597e-05,2.52365526111699887e-04,-6.41754655891363650e-05,3.09109599558256406e-04,3.27020593064539342e-04,3.16271343805793752e-04,3.16540991700836279e-04,19,2,1,5.76460752303767552e+17,19,2,1,5.76460752303767552e+17,16,5,2,3.32306998945331719e+35,5.67098386000000005e+02,0,3.27020593064539342e-04,nan,0.00000000000000000e+00
114,1,-3.36083444904715856e-06,1.00000000000000000e+00,3.77193644876888169e-04,2,18,-8.98219264380072617e-05,2.50460588467193849e-05,-5.47919516597331790e-05,3.77193644876888169e-04,2.96890268468714936e-04,-9.28596881387585676e-05,-2.25849468869551175e-04,-1.49919330067586041e-04,3.80554479325935350e-04,5.27112974944474264e-04,3.00251102917762117e-04,5.22739737338266111e-04,19,2,1,5.76460752303767552e+17,19,2,1,5.76460752303767552e+17,16,5,2,3.32306998945331719e+35,7.37135802000000012e+02,0,5.27112974944474264e-04,nan,0.00000000000000000e+00
114,2,-4.31163897455524330e-05,1.00000000000000000e+00,2.98306424067839790e-04,2,18,-2.98306424067839790e-04,2.07258943501445795e-04,2.48664579756752266e-04,1.50243840416501844e-04,-1.45426626395471259e-05,1.56192500310534468e-04,6.55627933808053821e-05,-1.81543956267647905e-05,2.91780969502304719e-04,2.83763761428292678e-04,1.99308890056086894e-04,1.74346895937299259e-04,19,2,1,5.76460752303767552e+17,19,2,1,5.76460752303767552e+17,16,5,2,3.32306998945331719e+35,6.07579753999999980e+02,0,2.83763761428292678e-04,nan,0.00000000000000000e+00
114,3,-4.84558424655313468e-05,1.00000000000000000e+00,1.65129685733979986e-04,2,18,9.19188514768864046e-05,1.65129685733979986e-04,5.44478623204483529e-05,1.07910968026267491e-04,6.29942761987333725e-05,-6.38618560510170237e-05,-1.76342627104191614e-05,1.72287354385165824e-04,2.13585528199511333e-04,2.28991541784997023e-04,2.20743196850697171e-04,2.36149210436182862e-04,19,2,1,5.76460752303767552e+17,19,2,1,5.76460752303767552e+17,16,5,2,3.32306998945331719e+35,5.82178979000000027e+02,0,2.28991541784997023e-04,nan,0.00000000000000000e+00
115,0,5.93605331817883076e-06,1.00000000000000000e+00,3.69061445919090995e-04,2,18,-1.84631574895593033e-04,-7.73932156729947586e-05,-3.69061445919090995e-04,4.95881566019325395e-05,-1.80216447091407730e-04,-2.01064892992727911e-05,-2.13507434271450900e-04,8.89697605652658183e-05,3.74997499237269812e-04,1.55554011647640096e-04,2.19443487589629743e-04,3.02477194836716745e-04,19,2,1,5.76460752303767552e+17,19,2,1,5.76460752303767552e+17,16,5,2,3.32306998945331719e+35,5.63631404999999972e+02,0,1.55554011647640096e-04,nan,0.00000000000000000e+00
115,1,-4.95603807349945434e-05,1.00000000000000000e+00,2.77529648675796880e-04,2,18,1.09614852183097686e-04,-2.44828605795574248e-05,2.77529648675796880e-04,3.88202017122584256e-07,1.27045727888969463e-05,-9.60408542516561837e-05,7.51598461516481413e-05,-9.13702213308873075e-05,3.27090029410791443e-04,2.02369802524148738e-04,1.24720226886642678e-04,1.71200700403304325e-04,19,2,1,5.76460752303767552e+17,19,2,1,5.76460752303767552e+17,16,5,2,3.32306998945331719e+35,5.64036425000000008e+02,0,2.02369802524148738e-04,nan,0.00000000000000000e+00
115,2,-2.93653183804895487e-05,1.00000000000000000e+00,2.02759213680115107e-04,2,18,-2.02759213680115107e-04,-7.40132800283776267e-05,-1.16399344422679879e-04,-3.10468660392503780e-06,-3.92780243168631190e-04,7.15615155214635048e-05,9.16185474713467020e-05,-4.48315935048352622e-04,1.73393895299625545e-04,4.45211248444427564e-04,4.18950616667863060e-04,5.39934482519699270e-04,19,2,1,5.76460752303767552e+17,19,2,1,5.76460752303767552e+17,16,5,2,3.32306998945331719e+35,5.31541322000000036e+02,0,4.45211248444427564e-04,nan,0.00000000000000000e+00
115,3,-4.77745660241704378e-06,1.00000000000000000e+00,2.99331690070055959e-04,2,18,-2.99331690070055959e-04,-6.25884756638990611e-05,6.60596772122922920e-05,-2.89903895915613065e-04,-2.60914956515874972e-04,7.69094463903446425e-05,1.38879107844407568e-05,1.54147361322560427e-04,2.94554233467638924e-04,4.44051257238173465e-04,2.56137499913457938e-04,4.15062317838435372e-04,19,2,1,5.76460752303767552e+17,19,2,1,5.76460752303767552e+17,16,5,2,3.32306998945331719e+35,5.33126294000000030e+02,0,4.44051257238173465e-04,nan,0.00000000000000000e+00
116,0,6.56557674801270792e-05,1.00000000000000000e+00,3.48819266534175097e-04,2,18,1.73748889370959302e-05,6.49156182369652274e-06,-3.48819266534175097e-04,-3.47396126267290385e-04,3.98622018813767607e-05,-7.96860110907593694e-05,2.61214828136350358e-04,-1.72875224890662747e-04,4.14475034014302204e-04,6.10034094670525509e-04,2.38530992370789826e-04,4.34090053027013105e-04,19,2,1,5.76460752303767552e+17,19,2,1,5.76460752303767552e+17,16,5,2,3.32306998945331719e+35,5.34124525999999946e+02,0,6.10034094670525509e-04,nan,0.00000000000000000e+00
116,1,1.71005638868639862e-05,1.00000000000000000e+00,3.93750172522405002e-04,2,18,-9.81222825640546672e-05,-2.04663966763097259e-04,3.93750172522405002e-04,-1.43308040104405234e-04,-1.29340358100142562e-04,6.29871520434228672e-05,1.07349713659255801e-04,-2.13757182101367914e-04,3.76649608635541006e-04,2.86400458863149215e-04,2.30857745988231910e-04,3.21106895760623701e-04,19,2,1,5.76460752303767552e+17,19,2,1,5.76460752303767552e+17,16,5,2,3.32306998945331719e+35,5.56467771999999968e+02,0,2.86400458863149215e-04,nan,0.00000000000000000e+00
116,2,1.24020554733741946e-05,1.00000000000000000e+00,2.70840675859075793e-04,2,18,8.32631769804514314e-05,-2.26493281280779160e-04,2.31488209266946237e-04,-2.70840675859075793e-04,-2.45710155440656227e-04,-5.45721712257938923e-04,4.87328158200121386e-05,-1.93194278374277806e-04,2.83242731332450013e-04,3.28973332421107659e-04,5.58123767731313089e-04,5.94454528077951062e-04,19,2,1,5.76460752303767552e+17,19,2,1,5.76460752303767552e+17,16,5,2,3.32306998945331719e+35,5.88396527999999989e+02,0,3.28973332421107659e-04,nan,0.00000000000000000e+00
116,3,7.02027387834065235e-07,1.00000000000000000e+00,2.05688162520561827e-04,2,18,2.05688162520561827e-04,-1.57082446330470885e-05,1.42480991761001426e-05,-1.53208000008177813e-04,2.52129896311940058e-04,4.85919019784396527e-04,1.28282395591917503e-04,-6.58398165942852809e-04,2.04986135132727754e-04,5.05190165934675051e-04,6.59100193330686883e-04,1.14431718572724928e-03,19,2,1,5.76460752303767552e+17,19,2,1,5.76460752303767552e+17,16,5,2,3.32306998945331719e+35,5.80466666000000032e+02,0,5.05190165934675051e-04,nan,0.00000000000000000e+00
117,0,-6.22702233414116881e-07,1.00000000000000000e+00,3.11620153109456728e-04,2,18,-1.76713212676870147e-05,3.11620153109456728e-04,-2.95594160542528479e-04,-7.34270345584351475e-05,1.01802201046264081e-04,-3.82583142087020785e-04,3.40717461325050437e-05,-2.86544075203456106e-04,3.12242855342870869e-04,6.94203295196477513e-04,3.81960439853606644e-04,4.84385343133284852e-04,19,2,1,5.76460752303767552e+17,19,2,1,5.76460752303767552e+17,16,5,2,3.32306998945331719e+35,5.37913486000000034e+02,0,6.94203295196477513e-04,nan,0.00000000000000000e+00
117,1,-6.48455746485473544e-05,1.00000000000000000e+00,2.06194970855223998e-04,2,18,1.89373919573759076e-04,9.45758651504165931e-05,1.52603904562644937e-04,-2.06194970855223998e-04,-2.73646060443050090e-06,6.38946426182713758e-05,2.41748349417796255e-04,-1.10756687580937290e-04,2.54219494222306444e-04,1.92110380178189577e-04,3.06593924066343596e-04,3.52505036998733532e-04,19,2,1,5.76460752303767552e+17,19,2,1,5.76460752303767552e+17,16,5,2,3.32306998945331719e+35,5.37671296999999981e+02,0,1.92110380178189577e-04,nan,0.00000000000000000e+00
117,2,-3.77619016800630525e-05,1.00000000000000000e+00,5.57255009509166773e-04,2,18,2.64256663851522621e-04,-5.57255009509166773e-04,-9.45633726269892239e-05,-5.92665160192049978e-05,1.37747478342586916e-04,1.28180002138714643e-04,-9.97171088978557199e-05,3.55494926433456678e-04,5.19493107829103714e-04,6.85435011647881416e-04,3.93256828113519737e-04,4.55212035331312398e-04,19,2,1,5.76460752303767552e+17,19,2,1,5.76460752303767552e+17,16,5,2,3.32306998945331719e+35,5.27152694999999994e+02,0,6.85435011647881416e-04,nan,0.00000000000000000e+00
117,3,2.95668087263361002e-05,1.00000000000000000e+00,4.53900090020043694e-04,2,18,5.76725754881631181e-05,4.53900090020043694e-04,-1.38769396345155493e-04,-5.37180185291785879e-05,-6.21221500744495599e-04,-6.02050380140161452e-04,-1.18582507500865006e-05,-5.51426227823595318e-05,4.24333281293707610e-04,1.05595047016020520e-03,6.50788309470831682e-04,6.09363249994409099e-04,19,2,1,5.76460752303767552e+17,19,2,1,5.76460752303767552e+17,16,5,2,3.32306998945331719e+35,5.27707708000000025e+02,0,1.05595047016020520e-03,nan,0.00000000000000000e+00
118,0,-5.01706166639474067e-05,1.00000000000000000e+00,4.01702358139638751e-04,2,18,-1.58638501521462930e-05,-9.11417475315560516e-05,-4.01702358139638751e-04,-1.27176114337540307e-04,-1.95277174574508489e-04,8.76032831533103771e-04,-1.75526859570486905e-04,4.71414384067389515e-04,3.51531741475691372e-04,9.67174579064659836e-04,9.26203448197051205e-04,1.07131000610761226e-03,19,2,1,5.76460752303767552e+17,19,2,1,5.76460752303767552e+17,16,5,2,3.32306998945331719e+35,5.62986745000000042e+02,0,9.67174579064659836e-04,nan,0.00000000000000000e+00
118,1,-4.36154681549235003e-05,1.00000000000000000e+00,1.25104161186402347e-04,2,18,-1.25104161186402347e-04,-7.43606033810631576e-05,1.85262534404124335e-05,-1.17521859019568967e-04,6.40235022499319097e-04,-4.54140523735105427e-04,-6.42702502997942546e-04,-4.91850162385025404e-04,8.14886930314788466e-05,7.65339183685721444e-04,6.83850490654242557e-04,1.28293752549726164e-03,19,2,1,5.76460752303767552e+17,19,2,1,5.76460752303767552e+17,16,5,2,3.32306998945331719e+35,5.47658815000000004e+02,0,7.65339183685721444e-04,nan,0.00000000000000000e+00
118,2,1.34744607828972067e-05,1.00000000000000000e+00,2.90166180214651266e-04,2,18,2.90166180214651266e-04,2.65939484488954953e-04,-8.32759172524718172e-05,-1.70117131953081529e-04,1.77885192805856237e-04,2.53082979657881090e-04,1.17735985432382203e-04,-6.41176697992283358e-04,2.76691719431754050e-04,4.71059566039201856e-04,6.54651158775180521e-04,8.94259677650164394e-04,19,2,1,5.76460752303767552e+17,19,2,1,5.76460752303767552e+17,16,5,2,3.32306998945331719e+35,5.58592668000000003e+02,0,4.71059566039201856e-04,nan,0.00000000000000000e+00
118,3,1.04572745166671221e-04,1.00000000000000000e+00,3.72186587808226075e-04,2,18,2.24140731051212491e-04,1.00260455907584572e-04,2.13963651050318160e-05,3.72186587808226075e-04,7.03074429667967910e-05,-7.92670396243264856e-04,-2.05700834702341763e-04,-4.47592948141710455e-04,2.67613842641554827e-04,8.92930852150849454e-04,8.97243141409936103e-04,8.62977839210061701e-04,19,2,1,5.76460752303767552e+17,19,2,1,5.76460752303767552e+17,16,5,2,3.32306998945331719e+35,6.01799377000000050e+02,0,8.92930852150849454e-04,nan,0.00000000000000000e+00
119,0,1.83012508819790376e-06,1.00000000000000000e+00,5.36632650361186774e-04,2,18,1.81125942461437747e-04,-1.02803856712946608e-04,-5.36632650361186774e-04,1.97652659090291659e-04,-3.73622624771364359e-04,1.33405007203012344e-04,4.65392554660426440e-05,-1.83665363606513453e-04,5.38462775449384686e-04,5.83171905827229364e-04,3.75452749859562270e-04,5.07027631974376648e-04,19,2,1,5.76460752303767552e+17,19,2,1,5.76460752303767552e+17,16,5,2,3.32306998945331719e+35,5.79632415000000037e+02,0,5.83171905827229364e-04,nan,0.00000000000000000e+00
119,1,1.45368525269238825e-04,1.00000000000000000e+00,7.16856018726655950e-04,2,18,-1.70778313516188227e-04,1.48392659777378413e-04,7.16856018726655950e-04,9.25048807119694793e-05,4.24838660348716003e-04,4.81386317028330334e-04,5.83611025199047974e-04,4.17523543576058995e-04,5.71487493457417152e-04,5.95616973864904285e-04,4.38242499929809176e-04,1.66087481622988978e-04,19,2,1,5.76460752303767552e+17,19,2,1,5.76460752303767552e+17,16,5,2,3.32306998945331719e+35,5.61722553999999946e+02,0,5.95616973864904285e-04,nan,0.00000000000000000e+00
119,2,7.12205303847574206e-05,1.00000000000000000e+00,3.70447467453331725e-04,2,18,8.97072606289940405e-05,2.66795444380984765e-04,2.05385757959858871e-04,-3.70447467453331725e-04,-9.34783161531604971e-05,4.58127240034563094e-04,-1.01420977856107395e-04,1.45010865068945645e-04,4.41667997838089146e-04,5.15458332522277397e-04,3.86906709649805674e-04,5.59548217890670448e-04,19,2,1,5.76460752303767552e+17,19,2,1,5.76460752303767552e+17,16,5,2,3.32306998945331719e+35,5.51549484000000007e+02,0,5.15458332522277397e-04,nan,0.00000000000000000e+00
119,3,1.86494380028185373e-04,1.00000000000000000e+00,1.10425557052784562e-03,2,18,-4.53201656364917685e-04,1.10425557052784562e-03,-1.99656536955232841e-04,3.48128474608603027e-04,9.45329058942329494e-04,4.58078813285502312e-04,1.13896256207640461e-03,1.02929435692013178e-04,9.17761190499660220e-04,1.39853071530724729e-03,9.52468182048219207e-04,1.03603312638439146e-03,19,2,1,5.76460752303767552e+17,19,2,1,5.76460752303767552e+17,16,5,2,3.32306998945331719e+35,5.44383009000000015e+02,0,1.39853071530724729e-03,nan,0.00000000000000000e+00
120,0,1.98416020581621103e-04,1.00000000000000000e+00,7.11894889937054087e-04,2,18,-1.05354086285080095e-04,-7.11894889937054087e-04,1.31141221121339104e-04,2.30701321543635074e-04,3.59525805851172329e-04,-1.25957825217093823e-04,1.01584417097659412e-03,3.01080736553914930e-04,9.10310910518675217e-04,8.84702949855255012e-04,8.17428150394972986e-04,1.14180199619368788e-03,19,2,1,5.76460752303767552e+17,19,2,1,5.76460752303767552e+17,16,5,2,3.32306998945331719e+35,5.42686369000000013e+02,0,8.84702949855255012e-04,nan,0.00000000000000000e+00
120,1,2.86330404330938527e-04,1.00000000000000000e+00,1.11093458948541865e-03,2,18,5.81039806968013887e-04,1.11093458948541865e-03,-4.56420842920552121e-04,2.43310184868011361e-04,2.04556912919619509e-04,-5.84551127025496127e-04,3.35311672406892348e-04,4.43611080340287054e-04,8.24604185154480121e-04,1.69548571651091488e-03,8.70881531356434654e-04,1.02816220736578318e-03,19,2,1,5.76460752303767552e+17,19,2,1,5.76460752303767552e+17,16,5,2,3.32306998945331719e+35,5.52229592000000025e+02,0,1.69548571651091488e-03,nan,0.00000000000000000e+00
120,2,2.01779519990380636e-04,1.00000000000000000e+00,2.90223525586901410e-04,2,18,2.90223525586901410e-04,-8.45787745171203088e-05,-1.59353424425363660e-04,-2.63811383318104443e-04,3.32521422971129377e-04,-9.76515173760082573e-06,-5.18039994266065291e-04,-6.00789865380564364e-05,4.65590903308485079e-04,3.58686569840701631e-04,7.19819514256445927e-04,8.50561417237194668e-04,19,2,1,5.76460752303767552e+17,19,2,1,5.76460752303767552e+17,16,5,2,3.32306998945331719e+35,6.00283373999999981e+02,0,3.58686569840701631e-04,nan,0.00000000000000000e+00
120,3,2.33193067634228948e-04,1.00000000000000000e+00,3.40052919363514872e-04,2,18,-2.08503620557157627e-04,-3.40052919363514872e-04,1.58608005351309345e-04,8.71660697451450014e-05,5.25970585268651638e-04,4.11176396494669855e-04,4.96223431218765186e-04,-1.08640118325832358e-04,5.73245986997743848e-04,7.51229315858184727e-04,3.41833185960061306e-04,6.34610703594483969e-04,19,2,1,5.76460752303767552e+17,19,2,1,5.76460752303767552e+17,16,5,2,3.32306998945331719e+35,5.44875823999999966e+02,0,7.51229315858184727e-04,nan,0.00000000000000000e+00
121,0,1.46598108049599414e-04,1.00000000000000000e+00,9.19300563011078795e-04,2,18,-2.16947487664791925e-04,1.17676403028394664e-04,1.54442933108189345e-04,-9.19300563011078795e-04,3.21843319242239457e-04,-4.69400258200655652e-04,7.11234051145087827e-05,2.79411476259345897e-04,1.06589867106067818e-03,1.19871203927042480e-03,6.15998366250255038e-04,7.91243577442895109e-04,19,2,1,5.76460752303767552e+17,19,2,1,5.76460752303767552e+17,16,5,2,3.32306998945331719e+35,5.58080562999999984e+02,0,1.19871203927042480e-03,nan,0.00000000000000000e+00
121,1,2.67853263367005774e-05,1.00000000000000000e+00,5.06685879096675654e-04,2,18,4.92355375990722157e-04,3.95086214646245119e-04,-5.06685879096675654e-04,-8.18394057302857404e-06,-1.08091068350384535e-03,9.50327313102553918e-04,-6.02741263562590760e-04,-7.44477022147044406e-04,5.33471205433376245e-04,1.57326605949456751e-03,1.10769600984054594e-03,2.03123799660639938e-03,19,2,1,5.76460752303767552e+17,19,2,1,5.76460752303767552e+17,16,5,2,3.32306998945331719e+35,5.61406970999999999e+02,0,1.57326605949456751e-03,nan,0.00000000000000000e+00
121,2,-3.48897286657935741e-06,1.00000000000000000e+00,1.22565698796330003e-03,2,18,-1.09378739117528241e-03,4.36449235444781342e-05,1.22565698796330003e-03,-2.10157768964564726e-04,8.52164724481201466e-04,-4.29689634808746719e-04,4.10870576143468032e-04,-6.44399108244194242e-04,1.22914596082987948e-03,1.94595211565648388e-03,8.55653697347780813e-04,1.49656383272539582e-03,19,2,1,5.76460752303767552e+17,19,2,1,5.76460752303767552e+17,16,5,2,3.32306998945331719e+35,5.36768746999999962e+02,0,1.94595211565648388e-03,nan,0.00000000000000000e+00
121,3,-9.79733051780028148e-05,1.00000000000000000e+00,8.43098102520153090e-04,2,18,8.43098102520153090e-04,-3.18372279618756244e-04,7.31887763971655219e-04,-3.39021823783901017e-04,-1.52835274983785996e-03,-3.14507767332252212e-04,-7.35062203216654310e-04,5.39863231986195571e-04,9.41071407698155864e-04,2.37145085235801294e-03,1.43037944465985718e-03,2.06821598182405563e-03,19,2,1,5.76460752303767552e+17,19,2,1,5.76460752303767552e+17,16,5,2,3.32306998945331719e+35,5.39408012999999983e+02,0,2.37145085235801294e-03,nan,0.00000000000000000e+00
122,0,2.62680885820532695e-05,1.00000000000000000e+00,7.64298665954587109e-04,2,18,2.20720469440196989e-04,-7.64298665954587109e-04,-6.12444925294037103e-04,-3.59718555577945819e-04,-6.66214835695386740e-04,-4.51602993659014937e-04,-3.82607760567917001e-04,-5.35686408560758528e-04,7.90566754536640342e-04,8.86935305135583729e-04,6.92482924277439973e-04,2.83607075127469740e-04,19,2,1,5.76460752303767552e+17,19,2,1,5.76460752303767552e+17,16,5,2,3.32306998945331719e+35,5.91663406000000009e+02,0,8.86935305135583729e-04,nan,0.00000000000000000e+00
122,1,-1.72139142960804815e-04,1.00000000000000000e+00,7.35150588252818913e-04,2,18,7.35150588252818913e-04,-6.19198713048584753e-04,-1.07729032726384196e-04,-6.56997569910799635e-05,-1.00833110326158625e-03,-1.02931728928744195e-04,-2.61415567146586832e-04,-1.51271094128515183e-03,9.07289731213623755e-04,1.74348169151440505e-03,1.34057179832434699e-03,1.40977921235640753e-03,19,2,1,5.76460752303767552e+17,19,2,1,5.76460752303767552e+17,16,5,2,3.32306998945331719e+35,5.69857902999999965e+02,0,1.74348169151440505e-03,nan,0.00000000000000000e+00
122,2,-3.27453461659346721e-04,1.00000000000000000e+00,1.33437187356754035e-03,2,18,1.33051228009904059e-03,-1.08795871002726353e-03,1.41604221863051620e-05,-1.33437187356754035e-03,6.57150967883196775e-04,-9.72169270461556195e-04,-2.86457303496618406e-04,-2.02923195533574871e-03,1.65796574175838731e-03,6.94860081768208359e-04,1.70177849367640199e-03,2.68638292321894548e-03,19,2,1,5.76460752303767552e+17,19,2,1,5.76460752303767552e+17,16,5,2,3.32306998945331719e+35,5.73807321000000002e+02,0,6.94860081768208359e-04,nan,0.00000000000000000e+00
122,3,-3.12704415165368141e-04,1.00000000000000000e+00,1.76819728939161635e-03,2,18,-1.02951014229294736e-03,-1.76819728939161635e-03,-7.51004490518879524e-04,6.11823365553160713e-06,6.48908237692448746e-04,-1.45822082470423295e-03,3.78406728296950656e-04,-1.52778151658809107e-03,1.45549287422624832e-03,1.67841837998539611e-03,1.21507710142272282e-03,2.17668975428053982e-03,19,2,1,5.76460752303767552e+17,19,2,1,5.76460752303767552e+17,16,5,2,3.32306998945331719e+35,5.38214330000000018e+02,0,1.67841837998539611e-03,nan,0.00000000000000000e+00
123,0,-4.35553425525252494e-04,1.00000000000000000e+00,7.80790751806503184e-04,2,18,-7.80790751806503184e-04,-5.02371550469120852e-04,1.40813930016639812e-04,8.94785243550525551e-05,1.16874820912658020e-04,-3.19286543209136749e-04,-2.63729756682309674e-04,-5.28130401587869648e-05,5.76367355541892307e-04,8.97665572719161232e-04,5.52428246437910542e-04,4.36161364121794796e-04,19,2,1,5.76460752303767552e+17,19,2,1,5.76460752303767552e+17,16,5,2,3.32306998945331719e+35,5.28765021000000047e+02,0,8.97665572719161232e-04,nan,0.00000000000000000e+00
123,1,3.76060112032119206e-05,1.00000000000000000e+00,1.19890600386798754e-03,2,18,-4.89014991275084441e-04,-7.77412951532019522e-04,-1.19890600386798754e-03,-2.06051401940813758e-04,7.09429269582584690e-04,7.68000101843266478e-04,-1.33095805169460577e-03,1.29651151976333857e-04,1.23651201507119944e-03,1.54541305337528600e-03,1.36856406289781766e-03,2.09895815353787225e-03,19,2,1,5.76460752303767552e+17,19,2,1,5.76460752303767552e+17,16,5,2,3.32306998945331719e+35,5.19130716000000007e+02,0,1.54541305337528600e-03,nan,0.00000000000000000e+00
123,2,-1.78361091869718520e-04,1.00000000000000000e+00,1.72339729853030334e-03,2,18,1.28487642102152744e-04,-1.64708301533941705e-05,1.72339729853030334e-03,-4.23927935121012683e-04,1.13342024279386553e-03,2.88940110167932836e-04,-3.92603611812172371e-04,1.18230650140824819e-03,1.90175839040002191e-03,2.11600091034247571e-03,1.36066759327796677e-03,1.57491011322042056e-03,19,2,1,5.76460752303767552e+17,19,2,1,5.76460752303767552e+17,16,5,2,3.32306998945331719e+35,5.36459741000000008e+02,0,2.11600091034247571e-03,nan,0.00000000000000000e+00
123,3,-1.31778118589978967e-04,1.00000000000000000e+00,1.83273487797623027e-03,2,18,-3.61305612235115602e-05,-1.83273487797623027e-03,-1.70254964067845737e-03,1.45357643676843635e-06,-7.47740876285112174e-04,5.73242815894259771e-04,-1.60677740465424456e-03,-1.12065619482841494e-04,1.70095675938625136e-03,2.40597769387048983e-03,1.47499928606426565e-03,2.18002022054850433e-03,19,2,1,5.76460752303767552e+17,19,2,1,5.76460752303767552e+17,16,5,2,3.32306998945331719e+35,5.42395957999999951e+02,0,2.40597769387048983e-03,nan,0.00000000000000000e+00
124,0,-1.01093458564183538e-03,1.00000000000000000e+00,1.28763276608984470e-03,2,18,3.59226284815750011e-04,3.35806277318341051e-04,1.28763276608984470e-03,-7.90225655567367295e-04,-8.80117763325091967e-04,-7.83235369962349782e-04,-1.56135039992348016e-03,-3.03086215109425435e-04,2.29856735173167986e-03,2.84898316601332486e-03,7.07848370532409947e-04,1.25826418481405473e-03,19,2,1,5.76460752303767552e+17,19,2,1,5.76460752303767552e+17,16,5,2,3.32306998945331719e+35,7.12989298999999960e+02,0,2.84898316601332486e-03,nan,0.00000000000000000e+00
124,1,1.38534871262416622e-04,1.00000000000000000e+00,6.80941310333646596e-04,2,18,-4.26692619340718251e-04,6.80941310333646596e-04,-1.25147471933452915e-05,-1.52242143734537913e-04,-6.55033895824354436e-05,-5.58827628787887773e-05,-3.21469334102969745e-04,-9.07791262470039324e-05,5.65227490603134900e-04,7.36824073212435319e-04,4.60004205365386340e-04,2.65586571224180968e-04,19,2,1,5.76460752303767552e+17,19,2,1,5.76460752303767552e+17,16,5,2,3.32306998945331719e+35,6.08289433000000031e+02,0,7.36824073212435319e-04,nan,0.00000000000000000e+00
124,2,-2.52046153580924039e-04,1.00000000000000000e+00,1.10930401723045814e-03,2,18,-3.62621158341072333e-04,1.10930401723045814e-03,-7.42007665964262292e-04,5.28725650580638912e-04,-5.12061810500952284e-05,2.80952245935178800e-04,-2.02219260918338892e-04,-1.08003933528509990e-03,1.36135017081138229e-03,1.60876498586573881e-03,8.27993181704175861e-04,1.36099158122027870e-03,19,2,1,5.76460752303767552e+17,19,2,1,5.76460752303767552e+17,16,5,2,3.32306998945331719e+35,5.65350332999999978e+02,0,1.60876498586573881e-03,nan,0.00000000000000000e+00
124,3,-5.19254363330330800e-04,1.00000000000000000e+00,1.78244161579213392e-03,2,18,-1.21527757648692489e-03,-1.37015870023189613e-03,-1.75035936818466282e-03,1.78244161579213392e-03,-1.30946368077295176e-03,-1.15005847876894661e-03,-1.66706267997646486e-03,1.56640302474402200e-03,2.30169597912246483e-03,2.20100221462949525e-04,2.08565738807435291e-03,3.23346570472048686e-03,19,2,1,5.76460752303767552e+17,19,2,1,5.76460752303767552e+17,16,5,2,3.32306998945331719e+35,5.80650017000000048e+02,0,2.20100221462949525e-04,nan,0.00000000000000000e+00
125,0,-7.95102732682513949e-04,1.00000000000000000e+00,1.21461991709915108e-03,2,18,-1.21461991709915108e-03,-3.96128175461895975e-04,8.76392946374901006e-04,-9.44489184460163469e-04,-9.16458117650561805e-04,-5.80823588508514008e-04,-2.80774685453467768e-04,9.17340694054534652e-04,1.67149567905741495e-03,1.86182987851469823e-03,1.71244342673704860e-03,1.83379881170509657e-03,19,2,1,5.76460752303767552e+17,19,2,1,5.76460752303767552e+17,16,5,2,3.32306998945331719e+35,5.48718328000000042e+02,0,1.86182987851469823e-03,nan,0.00000000000000000e+00
125,1,-6.91556149905987218e-04,1.00000000000000000e+00,1.92686413530737677e-03,2,18,-1.35158229667689078e-03,-1.92686413530737677e-03,9.03698892749722543e-04,2.78884973984199359e-04,-1.34088145771935757e-03,1.05165295810974381e-03,3.15819065786748397e-04,-1.70243801820027735e-04,1.59525504265570976e-03,2.97851709341712036e-03,1.74320910801573103e-03,2.39253441582910117e-03,19,2,1,5.76460752303767552e+17,19,2,1,5.76460752303767552e+17,16,5,2,3.32306998945331719e+35,5.38217055999999957e+02,0,2.97851709341712036e-03,nan,0.00000000000000000e+00
125,2,-1.01769097141376076e-03,1.00000000000000000e+00,1.38844399684307949e-03,2,18,-1.38844399684307949e-03,1.71067088494803777e-04,-6.14939076844007613e-05,6.29304892295678119e-04,2.48595613369090047e-03,-6.53683871421838398e-04,-9.15310878887539586e-04,1.26790860572814678e-03,1.64699586370943888e-03,3.87440013053397996e-03,3.50364710510466144e-03,3.40126701257843994e-03,19,2,1,5.76460752303767552e+17,19,2,1,5.76460752303767552e+17,16,5,2,3.32306998945331719e+35,5.98840658999999960e+02,0,3.87440013053397996e-03,nan,0.00000000000000000e+00
125,3,-8.88131871139587561e-04,1.00000000000000000e+00,2.34655897093121206e-03,2,18,-1.32967520289498792e-03,9.75310049206938503e-04,6.01034385730178124e-04,-2.34655897093121206e-03,-1.52339557478351384e-03,-2.55249913436799650e-04,-2.09209270161019815e-03,-3.18323324436180265e-03,1.86344192034652596e-03,2.69312708734037627e-03,2.29510137322221520e-03,2.92798333092500300e-03,19,2,1,5.76460752303767552e+17,19,2,1,5.76460752303767552e+17,16,5,2,3.32306998945331719e+35,5.89127607000000012e+02,0,2.69312708734037627e-03,nan,0.00000000000000000e+00
126,0,-8.67508390637070992e-04,1.00000000000000000e+00,3.11406738942802269e-03,2,18,-5.90058830534398926e-04,-2.60008330774178040e-03,6.29624067640566177e-04,-3.11406738942802269e-03,-1.12098755221817846e-03,-1.60098661884489632e-03,7.98472033795989168e-04,6.75307283316735839e-04,2.24655899879095192e-03,3.78937467274475864e-03,1.66598042443306016e-03,2.39945865264088549e-03,19,2,1,5.76460752303767552e+17,19,2,1,5.76460752303767552e+17,16,5,2,3.32306998945331719e+35,5.43234629000000041e+02,0,3.78937467274475864e-03,nan,0.00000000000000000e+00
126,1,-4.97843305551319256e-04,1.00000000000000000e+00,2.43413365895373381e-03,2,18,-4.90184844003040045e-04,1.65554398434371395e-03,-2.43413365895373381e-03,-3.67317932563924446e-04,9.83345949202243334e-04,-2.01663357411778488e-03,-7.87923189220790130e-05,-3.85233480390897434e-04,2.15338728989503299e-03,3.67217755846149883e-03,1.51879026856646562e-03,2.99997952332002821e-03,19,2,1,5.76460752303767552e+17,19,2,1,5.76460752303767552e+17,16,5,2,3.32306998945331719e+35,5.28297746999999958e+02,0,3.67217755846149883e-03,nan,0.00000000000000000e+00
126,2,-2.51857638620068582e-04,1.00000000000000000e+00,3.04543977036263180e-03,2,18,-2.14307252903319159e-03,1.91413745550370789e-03,-3.04543977036263180e-03,-8.99613224662874737e-04,-2.38278133479091075e-03,1.05789258596501994e-03,-1.41549297639553210e-03,2.34870355171557291e-04,2.79358213174256322e-03,1.62994679396709970e-03,2.13092369617084217e-03,3.44067392075593070e-03,19,2,1,5.76460752303767552e+17,19,2,1,5.76460752303767552e+17,16,5,2,3.32306998945331719e+35,5.21542181000000028e+02,0,1.62994679396709970e-03,nan,0.00000000000000000e+00
126,3,-8.19167518174806597e-05,1.00000000000000000e+00,2.30342844628248986e-03,2,18,8.18430599502467616e-04,-5.21393738311818678e-04,2.30342844628248986e-03,1.43860727947495506e-03,7.31793613057751704e-04,2.84415954511427899e-03,2.47875582588161095e-03,-4.85309410224205257e-04,2.38534519809997054e-03,3.36555328342609756e-03,2.92607629693175967e-03,3.32946895533848403e-03,19,2,1,5.76460752303767552e+17,19,2,1,5.76460752303767552e+17,16,5,2,3.32306998945331719e+35,5.19566308000000049e+02,0,3.36555328342609756e-03,nan,0.00000000000000000e+00
127,0,-1.50204701561008804e-04,1.00000000000000000e+00,1.67748619939913713e-03,2,18,1.64049614694948163e-03,-9.11345971537697876e-04,1.49989699353462970e-03,1.67748619939913713e-03,-1.47204763826130187e-03,-3.29844927567385241e-04,-7.71021993296468070e-04,1.52612211399590688e-03,1.82769090096014599e-03,3.11254378521078328e-03,1.67632681555691574e-03,2.99816975225720896e-03,19,2,1,5.76460752303767552e+17,19,2,1,5.76460752303767552e+17,16,5,2,3.32306998945331719e+35,5.29889314000000013e+02,0,3.11254378521078328e-03,nan,0.00000000000000000e+00
127,1,9.16524996781675912e-04,1.00000000000000000e+00,1.30981945849613086e-03,2,18,2.48262383475559645e-04,1.30981945849613086e-03,7.22625485692322800e-04,-7.54767603656258815e-04,-2.14615999818550574e-04,-1.19468070106559842e-03,1.42309410341436189e-03,5.97387661237946781e-04,1.67129260043793462e-03,2.50450015956172906e-03,2.11120569784727444e-03,2.61777480447996031e-03,19,2,1,5.76460752303767552e+17,19,2,1,5.76460752303767552e+17,16,5,2,3.32306998945331719e+35,5.29813180999999986e+02,0,2.50450015956172906e-03,nan,0.00000000000000000e+00
127,2,8.28359805816949709e-04,1.00000000000000000e+00,8.84743751964550532e-04,2,18,7.38573013596196181e-04,8.84743751964550532e-04,1.32441045019617010e-04,-7.31370830058362931e-04,-7.42212410915544444e-04,2.33902134121515871e-03,6.47454604472008362e-04,3.42365425453719854e-03,1.55973063587531253e-03,4.15502508459556115e-03,2.59529444872024905e-03,4.16586666545274310e-03,19,2,1,5.76460752303767552e+17,19,2,1,5.76460752303767552e+17,16,5,2,3.32306998945331719e+35,5.35015528000000018e+02,0,4.15502508459556115e-03,nan,0.00000000000000000e+00
127,3,1.20400680769278405e-03,1.00000000000000000e+00,5.69123719935398474e-03,2,18,5.69123719935398474e-03,2.99881060817062516e-03,-6.89692684112586888e-04,1.85085571819142754e-03,1.40696940162936940e-03,2.29131496815985830e-03,1.75204153117594305e-03,-1.15396682301430664e-03,4.48723039166120091e-03,4.28426779772461512e-03,2.35797363070709091e-03,3.44528179117416494e-03,19,2,1,5.76460752303767552e+17,19,2,1,5.76460752303767552e+17,16,5,2,3.32306998945331719e+35,5.41917185000000018e+02,0,4.28426779772461512e-03,nan,0.00000000000000000e+00
128,0,8.92632803938317584e-04,1.00000000000000000e+00,3.97396441378034416e-03,2,18,5.27293919548399307e-04,1.55385754356375267e-03,3.97396441378034416e-03,1.40155406834055647e-03,2.36120707909121680e-03,8.71859891903801467e-04,-1.64993617421550971e-03,-8.99408003526756231e-05,3.08133160984202636e-03,5.62390058799585365e-03,2.54256897815382729e-03,4.01114325330672629e-03,19,2,1,5.76460752303767552e+17,19,2,1,5.76460752303767552e+17,16,5,2,3.32306998945331719e+35,5.54037180000000035e+02,0,5.62390058799585365e-03,nan,0.00000000000000000e+00
128,1,7.96010184475236943e-04,1.00000000000000000e+00,3.62411207685473099e-03,2,18,3.62411207685473099e-03,-1.10603322177286740e-03,1.46130389328092162e-03,-1.48954167211215308e-03,-4.39109193342645415e-04,3.41475648614126322e-05,1.66868519959882189e-03,2.34820486775799871e-03,2.82810189237949405e-03,4.06322127019737630e-03,1.55219468328276176e-03,2.78731406110064401e-03,19,2,1,5.76460752303767552e+17,19,2,1,5.76460752303767552e+17,16,5,2,3.32306998945331719e+35,6.93982231999999954e+02,0,4.06322127019737630e-03,nan,0.00000000000000000e+00
128,2,1.21347759539543773e-03,1.00000000000000000e+00,2.66398636440065345e-03,2,18,1.57128988295364641e-03,2.50149638717826750e-04,2.66398636440065345e-03,-2.76299334359091878e-04,1.93858910971785731e-04,-7.36696655011934674e-04,3.18261896009841647e-03,-3.31172120874429540e-03,1.48977692975452961e-03,3.03542187438520352e-03,4.52519880413973334e-03,6.49434016884271187e-03,19,2,1,5.76460752303767552e+17,19,2,1,5.76460752303767552e+17,16,5,2,3.32306998945331719e+35,8.21660291000000029e+02,0,3.03542187438520352e-03,nan,0.00000000000000000e+00
128,3,1.46975564653968843e-03,1.00000000000000000e+00,3.80898028701917623e-03,2,18,-2.75932006675255140e-03,3.80898028701917623e-03,-1.13208205024060288e-04,3.50946526360329568e-03,-6.66458849353247220e-05,1.07863089208131780e-03,2.00062786575394167e-03,2.50246311278645326e-03,4.22907571329224005e-03,2.73034939493785843e-03,1.53640153147501304e-03,2.56910899772177809e-03,19,2,1,5.76460752303767552e+17,19,2,1,5.76460752303767552e+17,16,5,2,3.32306998945331719e+35,6.73800586999999950e+02,0,2.73034939493785843e-03,nan,0.00000000000000000e+00
129,0,1.17648289573727728e-03,1.00000000000000000e+00,4.43173944448751241e-03,2,18,-4.43173944448751241e-03,2.10162518556747196e-04,-2.41548900475044553e-03,-9.94598545965580004e-05,1.13621248822892945e-03,-1.21833700405898286e-03,-1.42016524378189542e-04,3.23285258489621613e-03,5.60822234022478969e-03,5.56795193271644208e-03,2.39481989979626036e-03,4.45118958895519921e-03,19,2,1,5.76460752303767552e+17,19,2,1,5.76460752303767552e+17,16,5,2,3.32306998945331719e+35,5.36383420000000001e+02,0,5.56795193271644208e-03,nan,0.00000000000000000e+00
129,1,7.43359498918267888e-04,1.00000000000000000e+00,2.67176059110270543e-03,2,18,7.59598783463069594e-04,1.49930175442483833e-04,2.67176059110270543e-03,2.43257202889633891e-03,2.88368955156976040e-03,1.52350734693243580e-03,3.53299246679185646e-03,-2.04449651591683728e-03,1.92840109218443754e-03,4.47706854481317619e-03,2.78963296787358879e-03,5.57748898270869417e-03,19,2,1,5.76460752303767552e+17,19,2,1,5.76460752303767552e+17,16,5,2,3.32306998945331719e+35,5.34565929999999980e+02,0,4.47706854481317619e-03,nan,0.00000000000000000e+00
129,2,2.27829589467455835e-04,1.00000000000000000e+00,5.38010130401452881e-03,2,18,-2.50152860060479619e-03,5.38010130401452881e-03,1.41377798315526029e-03,1.60106459925593732e-03,2.31940470183726166e-03,-4.87865734535600139e-03,2.77211190345652385e-03,-4.44539297744916267e-05,5.15227171454707335e-03,1.02587586493705293e-02,5.10648693482345685e-03,7.65076924881252524e-03,19,2,1,5.76460752303767552e+17,19,2,1,5.76460752303767552e+17,16,5,2,3.32306998945331719e+35,5.48032762000000048e+02,0,1.02587586493705293e-02,nan,0.00000000000000000e+00
129,3,4.91385963384956118e-04,1.00000000000000000e+00,6.60629308306117952e-03,2,18,6.60629308306117952e-03,3.18126264666156915e-03,7.51467812786323075e-04,8.61158024425062122e-04,4.22285464457948338e-03,1.35138141526264157e-03,-4.24510467133017936e-04,-3.09677582190460727e-03,6.11490711967622308e-03,3.95793384632966982e-03,3.73146868119452737e-03,7.31963046648409065e-03,19,2,1,5.76460752303767552e+17,19,2,1,5.76460752303767552e+17,16,5,2,3.32306998945331719e+35,5.48893199999999979e+02,0,3.95793384632966982e-03,nan,0.00000000000000000e+00
130,0,-7.02605089369325118e-04,1.00000000000000000e+00,1.72325365976481017e-03,2,18,9.90510592587424878e-04,6.14453794388793292e-05,-1.72325365976481017e-03,1.37371411708152660e-03,-4.72409018978178601e-03,-1.69303190120831696e-03,-4.34156862976601849e-04,-1.94035061557562864e-03,2.07631920645085172e-03,5.71460078236921132e-03,4.02148510041246132e-03,4.28993332680518459e-03,19,2,1,5.76460752303767552e+17,19,2,1,5.76460752303767552e+17,16,5,2,3.32306998945331719e+35,5.65329177999999956e+02,0,5.71460078236921132e-03,nan,0.00000000000000000e+00
130,1,-2.02493010239061918e-04,1.00000000000000000e+00,5.19606323516485884e-03,2,18,-1.87499265576624580e-03,1.02395398309744479e-03,-1.05787847514291367e-04,-5.19606323516485884e-03,-1.93818481020235477e-04,-2.06816097969544444e-04,-3.38786060886571080e-03,2.44828008186944715e-04,4.99357022492579686e-03,5.44089124335180377e-03,3.18536759862664883e-03,3.63268861705265574e-03,19,2,1,5.76460752303767552e+17,19,2,1,5.76460752303767552e+17,16,5,2,3.32306998945331719e+35,6.00393918999999983e+02,0,5.44089124335180377e-03,nan,0.00000000000000000e+00
130,2,2.06282684999710994e-04,1.00000000000000000e+00,5.30166410375474892e-03,2,18,4.00090833175050951e-04,-2.14974399721713349e-04,2.35926362869301812e-03,-5.30166410375474892e-03,4.57637010668730023e-03,-3.22965091792405895e-03,6.30054014556825654e-03,4.69151707581602975e-03,5.50794678875445986e-03,9.99318117957077867e-03,6.09425746056854560e-03,9.53019106349231593e-03,19,2,1,5.76460752303767552e+17,19,2,1,5.76460752303767552e+17,16,5,2,3.32306998945331719e+35,5.58396494999999959e+02,0,9.99318117957077867e-03,nan,0.00000000000000000e+00
130,3,-4.56003674555799799e-04,1.00000000000000000e+00,4.99652472784744943e-03,2,18,-2.08494761393287998e-03,-4.99652472784744943e-03,-1.24005547983643653e-04,1.38968578480668111e-03,-2.65738763882357714e-04,-3.39922201793959634e-03,-4.84738184065103273e-03,7.21887048469824558e-03,4.54052105329164936e-03,5.82918469989156425e-03,7.67487415925404565e-03,1.20662523253492783e-02,19,2,1,5.76460752303767552e+17,19,2,1,5.76460752303767552e+17,16,5,2,3.32306998945331719e+35,5.48479064999999991e+02,0,5.82918469989156425e-03,nan,0.00000000000000000e+00
131,0,-2.86008067856778766e-04,1.00000000000000000e+00,4.34637143830340390e-03,2,18,4.34637143830340390e-03,-1.21670827253073728e-03,2.88806677242365792e-03,1.56826654018110928e-03,-2.34430765155991291e-04,1.04850052158471005e-03,-1.86259216275620450e-03,-2.14575743013426228e-03,4.63237950616018305e-03,4.75065893517986199e-03,1.85974936227748357e-03,3.19425795171897255e-03,19,2,1,5.76460752303767552e+17,19,2,1,5.76460752303767552e+17,16,5,2,3.32306998945331719e+35,5.18301578999999947e+02,0,4.75065893517986199e-03,nan,0.00000000000000000e+00
131,1,-4.72013607689116877e-04,1.00000000000000000e+00,6.19119612471370675e-03,2,18,5.05728610735207106e-03,1.63014128906217772e-03,2.29739454934333506e-03,6.19119612471370675e-03,-7.20464911531918436e-03,2.67761204318660165e-03,9.61912870596989995e-04,-4.84083639634665976e-03,6.66320973240282395e-03,1.22619352226712545e-02,6.73263550763006716e-03,9.88226115850578644e-03,19,2,1,5.76460752303767552e+17,19,2,1,5.76460752303767552e+17,16,5,2,3.32306998945331719e+35,5.21920106000000033e+02,0,1.22619352226712545e-02,nan,0.00000000000000000e+00
131,2,-1.90541639701710718e-03,1.00000000000000000e+00,5.04390735736171599e-03,2,18,4.31960437601049650e-03,-5.04390735736171599e-03,4.53334996379202784e-06,-4.65590659890005153e-03,-1.11430517927372597e-03,-7.78118261894044684e-03,1.20862433622643964e-03,1.94174173394560598e-03,6.22502077302760325e-03,6.59764833284565751e-03,5.87576622192334010e-03,9.72292435288605282e-03,19,2,1,5.76460752303767552e+17,19,2,1,5.76460752303767552e+17,16,5,2,3.32306998945331719e+35,5.22830936999999949e+02,0,6.59764833284565751e-03,nan,0.00000000000000000e+00
131,3,-1.91420973711480934e-03,1.00000000000000000e+00,2.48225503591394158e-03,2,18,-2.48225503591394158e-03,-2.71002462598059473e-04,1.42625307313858562e-03,1.33972958066488771e-03,-2.56073080832862126e-03,-5.20107575774568943e-03,-3.57808919257198614e-03,-5.21247903631416685e-03,3.34046281025339497e-03,6.55220861697905499e-03,3.29826929919935750e-03,2.65174822798554559e-03,19,2,1,5.76460752303767552e+17,19,2,1,5.76460752303767552e+17,16,5,2,3.32306998945331719e+35,5.29353430000000003e+02,0,6.55220861697905499e-03,nan,0.00000000000000000e+00
132,0,-4.51602133774603324e-04,1.00000000000000000e+00,3.27813884214644448e-03,2,18,-6.73487268041035180e-04,-3.60276176647604833e-04,-1.73629982492645892e-03,3.27813884214644448e-03,1.99681671429389682e-04,-3.72252274076178159e-03,-8.32282441475821512e-03,-3.99161637727776016e-03,3.72974097592104759e-03,7.26975521942420464e-03,7.87122228098361201e-03,8.52250608618760480e-03,19,2,1,5.76460752303767552e+17,19,2,1,5.76460752303767552e+17,16,5,2,3.32306998945331719e+35,6.13212806999999998e+02,0,7.26975521942420464e-03,nan,0.00000000000000000e+00
132,1,-2.57177277416713963e-03,1.00000000000000000e+00,3.93248375971655927e-03,2,18,1.87613110196738447e-03,2.68948201554633504e-03,-3.93248375971655927e-03,-4.90780743724275213e-04,5.26111686715587286e-04,-4.31080752625482688e-03,4.64224005212950964e-03,-9.50255715806051912e-04,5.26125478971347510e-03,8.57472381184606891e-03,7.21401282629664971e-03,8.95304757838433565e-03,19,2,1,5.76460752303767552e+17,19,2,1,5.76460752303767552e+17,16,5,2,3.32306998945331719e+35,5.43858973999999989e+02,0,8.57472381184606891e-03,nan,0.00000000000000000e+00
132,2,-2.15922102181819635e-03,1.00000000000000000e+00,7.22780057633362269e-03,2,18,-5.30473734166823137e-03,-6.47409991911381422e-04,-4.86607190208660032e-03,7.22780057633362269e-03,-1.06418413423867934e-03,-6.54954682118244827e-03,-6.16165098217964172e-03,-3.93306381294474157e-03,9.38702159815181861e-03,1.11608643892783643e-02,4.39032579936425235e-03,5.48536268694376893e-03,19,2,1,5.76460752303767552e+17,19,2,1,5.76460752303767552e+17,16,5,2,3.32306998945331719e+35,5.55082772999999975e+02,0,1.11608643892783643e-02,nan,0.00000000000000000e+00
132,3,-2.23388043177789831e-03,1.00000000000000000e+00,4.54253488587801069e-03,2,18,-2.16204647107875927e-03,-1.38937814602835838e-03,-4.51306853296316261e-03,-4.54253488587801069e-03,1.31731781452780819e-03,-5.55478831166301545e-03,-6.79382701469073182e-03,-5.50906444084029844e-03,2.30865445410011237e-03,4.16541016563465663e-03,4.55994658291283307e-03,8.11114482921854001e-03,19,2,1,5.76460752303767552e+17,19,2,1,5.76460752303767552e+17,16,5,2,3.32306998945331719e+35,5.52418138999999996e+02,0,4.16541016563465663e-03,nan,0.00000000000000000e+00
133,0,-1.33234702354914929e-04,1.00000000000000000e+00,6.66468708498152169e-03,2,18,1.04386927114971748e-04,-5.43887435514872185e-03,-4.39659026759716548e-03,-6.66468708498152169e-03,6.20995709073544617e-04,-1.93865709992919587e-04,-8.00890000616398816e-04,-1.83940970448168714e-03,6.53145238262660670e-03,5.24500864515580270e-03,1.70617500212677216e-03,2.46040541355523187e-03,19,2,1,5.76460752303767552e+17,19,2,1,5.76460752303767552e+17,16,5,2,3.32306998945331719e+35,5.36534546999999975e+02,0,5.24500864515580270e-03,nan,0.00000000000000000e+00
133,1,-1.85115668437687685e-03,1.00000000000000000e+00,4.46801806909898937e-03,2,18,-1.52800572214235398e-03,1.19862027096163341e-03,4.46801806909898937e-03,3.26799590731573827e-03,-1.09554802201117553e-02,2.96607489836474714e-04,2.73964255607448900e-03,-4.41677802208195226e-03,6.31917475347586622e-03,9.42747449796940175e-03,9.10432353573487757e-03,1.36951227761862443e-02,19,2,1,5.76460752303767552e+17,19,2,1,5.76460752303767552e+17,16,5,2,3.32306998945331719e+35,5.32113460000000032e+02,0,9.42747449796940175e-03,nan,0.00000000000000000e+00
133,2,-1.30787281485743507e-03,1.00000000000000000e+00,4.30387557332978943e-03,2,18,-4.30387557332978943e-03,-3.87431386918946682e-03,5.16382774262703556e-04,1.25504978193384607e-03,-5.43579102738230707e-03,2.30036141989152162e-03,7.94961776478871063e-04,-3.89652809571589768e-03,2.99600275847235458e-03,6.17467528908098844e-03,4.12791821252487222e-03,7.73615244727382870e-03,19,2,1,5.76460752303767552e+17,19,2,1,5.76460752303767552e+17,16,5,2,3.32306998945331719e+35,5.23626017000000047e+02,0,6.17467528908098844e-03,nan,0.00000000000000000e+00
133,3,-8.71329709528834021e-04,1.00000000000000000e+00,5.92234789470876162e-03,2,18,5.92234789470876162e-03,-3.63487065168674461e-03,-1.69456582822482800e-03,-3.11346663161003213e-04,-3.18667106914644060e-03,-3.76153387955088965e-03,-3.34335713946685899e-03,-8.80050390436260162e-03,6.79367760423759542e-03,9.10901896385520222e-03,7.92917419483376781e-03,5.61383283521616101e-03,19,2,1,5.76460752303767552e+17,19,2,1,5.76460752303767552e+17,16,5,2,3.32306998945331719e+35,5.33699660999999992e+02,0,9.10901896385520222e-03,nan,0.00000000000000000e+00
134,0,-2.06268857283518545e-04,1.00000000000000000e+00,7.67627137087427761e-03,2,18,7.37451662601421726e-03,7.67627137087427761e-03,-1.71332314710327107e-03,3.84943932150719897e-03,2.38948184076612008e-03,4.28017407884700822e-03,1.14984383483883413e-03,-1.53986923501104244e-03,7.88254022815779685e-03,5.38930855651824185e-03,4.48644293613052660e-03,5.82004331385805110e-03,19,2,1,5.76460752303767552e+17,19,2,1,5.76460752303767552e+17,16,5,2,3.32306998945331719e+35,5.47661015000000020e+02,0,5.38930855651824185e-03,nan,0.00000000000000000e+00
134,1,1.48815206291636934e-03,1.00000000000000000e+00,1.11467240076024345e-02,2,18,-2.43550854695196101e-03,1.11467240076024345e-02,1.48608103327381577e-03,1.43910640263443350e-03,9.65459734755125948e-03,-6.83442700387305695e-04,4.93792858711227921e-03,-2.71346403329508854e-03,9.65857194468606496e-03,1.20901058945032201e-02,8.16644528463488992e-03,1.23680613808463472e-02,19,2,1,5.76460752303767552e+17,19,2,1,5.76460752303767552e+17,16,5,2,3.32306998945331719e+35,5.80143588000000022e+02,0,1.20901058945032201e-02,nan,0.00000000000000000e+00
134,2,2.22624173803798089e-03,1.00000000000000000e+00,1.16485379169887840e-02,2,18,3.55543996179816420e-04,-5.33702293314755605e-03,1.16485379169887840e-02,8.03856574417054041e-03,5.71427577862890050e-03,-6.75453561048952426e-03,7.26646479847804783e-05,6.15248009962579903e-03,9.42229617895080224e-03,1.15758732690040035e-02,8.98077734852750428e-03,1.29070157101153233e-02,19,2,1,5.76460752303767552e+17,19,2,1,5.76460752303767552e+17,16,5,2,3.32306998945331719e+35,5.97906354999999962e+02,0,1.15758732690040035e-02,nan,0.00000000000000000e+00
134,3,1.52334333255236165e-03,1.00000000000000000e+00,1.36172736443377108e-02,2,18,-2.50417193346683456e-03,8.58682400378511790e-03,7.71956891841973220e-03,1.36172736443377108e-02,1.19411537714431398e-02,4.33596978410497654e-04,1.20265878560702703e-02,3.04804540425835562e-03,1.20939303117853485e-02,1.44453257049099743e-02,1.05032445235179080e-02,1.15929908776597722e-02,19,2,1,5.76460752303767552e+17,19,2,1,5.76460752303767552e+17,16,5,2,3.32306998945331719e+35,6.55382164999999986e+02,0,1.44453257049099743e-02,nan,0.00000000000000000e+00
135,0,3.82902662312857231e-03,1.00000000000000000e+00,1.07965825973903272e-02,2,18,1.07965825973903272e-02,8.76740480535354721e-03,-2.38775945635873611e-03,6.74347402769290109e-03,-2.22864089357974714e-04,-8.30898625939401579e-03,7.08226424461295013e-03,-3.58373718490671150e-03,6.96755597426175488e-03,1.70763910647475647e-02,1.21380128825225881e-02,1.53912505040069668e-02,19,2,1,5.76460752303767552e+17,19,2,1,5.76460752303767552e+17,16,5,2,3.32306998945331719e+35,5.47595366000000013e+02,0,1.70763910647475647e-02,nan,0.00000000000000000e+00
135,1,5.04980703691977183e-03,1.00000000000000000e+00,1.90711606449891144e-02,2,18,1.52172654747477487e-05,5.65937148342738738e-03,8.20206846356839880e-03,1.90711606449891144e-02,8.06142742938563070e-03,6.36839628821955946e-03,-1.55659169081859413e-03,1.36684204301379484e-02,1.40213536080693417e-02,9.75866015438699337e-03,8.61861339321817743e-03,1.52250121209565430e-02,19,2,1,5.76460752303767552e+17,19,2,1,5.76460752303767552e+17,16,5,2,3.32306998945331719e+35,5.31009338999999954e+02,0,9.75866015438699337e-03,nan,0.00000000000000000e+00
135,2,3.83415192264223307e-03,1.00000000000000000e+00,1.39486216058173039e-02,2,18,9.34901283850807230e-03,-7.17340301831782476e-03,-1.39486216058173039e-02,3.04800514361441930e-04,1.52325626944488260e-03,-4.40136332817914547e-04,3.14032645941974067e-03,4.70637613521213312e-04,1.77827735284595383e-02,1.70889480652370446e-02,4.27428825546014718e-03,3.58046279223765522e-03,19,2,1,5.76460752303767552e+17,19,2,1,5.76460752303767552e+17,16,5,2,3.32306998945331719e+35,5.20632617999999979e+02,0,1.70889480652370446e-02,nan,0.00000000000000000e+00
135,3,2.48791439372577500e-03,1.00000000000000000e+00,1.34005786534982570e-02,2,18,-1.34005786534982570e-02,7.12566545070437464e-03,5.71537638848893838e-03,4.96213325903729040e-03,-1.72970588861890567e-02,3.75000940884894635e-03,-5.70681330044423788e-03,1.16164563537052654e-02,1.58884930472240338e-02,1.14221896889331771e-02,1.97849732799148317e-02,2.89135152398943204e-02,19,2,1,5.76460752303767552e+17,19,2,1,5.76460752303767552e+17,16,5,2,3.32306998945331719e+35,5.36121233999999959e+02,0,1.14221896889331771e-02,nan,0.00000000000000000e+00
136,0,2.77084608555328319e-03,1.00000000000000000e+00,5.61182094139028517e-03,2,18,1.35545702121333189e-03,-5.62838550941195843e-04,-5.61182094139028517e-03,2.92136439252523982e-03,4.04234533162207803e-03,8.67721886953608072e-03,-1.13963071495255461e-03,2.15824432790534234e-03,8.38266702694356880e-03,9.24005742047727743e-03,5.90637278398279710e-03,9.81684958448863533e-03,19,2,1,5.76460752303767552e+17,19,2,1,5.76460752303767552e+17,16,5,2,3.32306998945331719e+35,5.73105763000000024e+02,0,9.24005742047727743e-03,nan,0.00000000000000000e+00
136,1,-9.71504980263291750e-04,1.00000000000000000e+00,3.45889313681610293e-03,2,18,2.09570173143376094e-03,-3.45889313681610293e-03,2.69663688538002502e-03,-9.98583368900556956e-04,-1.03341081471689522e-02,1.45620513401097662e-02,2.05542952076997153e-03,2.38253816583552155e-03,3.66814186564331677e-03,1.80209444769258709e-02,1.55335563203730584e-02,2.48961594872787184e-02,19,2,1,5.76460752303767552e+17,19,2,1,5.76460752303767552e+17,16,5,2,3.32306998945331719e+35,6.04633371000000011e+02,0,1.80209444769258709e-02,nan,0.00000000000000000e+00
136,2,-9.88856564278712278e-04,1.00000000000000000e+00,1.38388590336395532e-02,2,18,7.05383412533179977e-03,7.54356792031794614e-03,-2.76220901192600430e-03,-1.38388590336395532e-02,2.97852539341513824e-03,2.07991771182943841e-03,-3.12397008784798692e-03,-6.13082502340644118e-03,1.28500024693608411e-02,7.70803401023311199e-03,5.14196845912772912e-03,9.10935041682157942e-03,19,2,1,5.76460752303767552e+17,19,2,1,5.76460752303767552e+17,16,5,2,3.32306998945331719e+35,5.64595913999999993e+02,0,7.70803401023311199e-03,nan,0.00000000000000000e+00
136,3,-1.64553923246313474e-04,1.00000000000000000e+00,1.41205605872576911e-02,2,18,1.99225625946011786e-03,3.11606078319385214e-03,1.41205605872576911e-02,1.39176872678494577e-02,-1.04019031281555804e-02,-2.84833161463713281e-03,1.16016568966541278e-02,1.09450887233014590e-02,1.42851145105040052e-02,1.23941593876156983e-02,1.17662108199004418e-02,2.20035600248097082e-02,19,2,1,5.76460752303767552e+17,19,2,1,5.76460752303767552e+17,16,5,2,3.32306998945331719e+35,6.17010160000000042e+02,0,1.23941593876156983e-02,nan,0.00000000000000000e+00
137,0,-3.34631033298810748e-03,1.00000000000000000e+00,1.56480405266884934e-02,2,18,-4.16476757854003770e-03,1.01758497031355670e-03,-1.56480405266884934e-02,-6.72735334511758397e-03,2.09568087315488219e-02,-1.98480798791012651e-02,2.92182891014931972e-02,4.03241176539717930e-03,1.23017301937003859e-02,4.48663296281816906e-02,3.25645994344813047e-02,4.90663689805944658e-02,19,2,1,5.76460752303767552e+17,19,2,1,5.76460752303767552e+17,16,5,2,3.32306998945331719e+35,5.61063056999999958e+02,0,4.48663296281816906e-02,nan,0.00000000000000000e+00
137,1,9.21120335242690586e-04,1.00000000000000000e+00,1.91066210453327105e-02,2,18,1.17239570170328544e-02,1.01310269169036030e-02,1.91066210453327105e-02,1.25419564159803577e-02,5.16034253562790406e-03,1.10277228382780548e-02,-1.80815892410325467e-03,-5.70319566939023886e-03,1.81855007100900183e-02,2.09147799694359635e-02,1.01066025030353644e-02,1.67309185076682937e-02,19,2,1,5.76460752303767552e+17,19,2,1,5.76460752303767552e+17,16,5,2,3.32306998945331719e+35,5.47720966999999973e+02,0,2.09147799694359635e-02,nan,0.00000000000000000e+00
137,2,-2.04487524624090986e-03,1.00000000000000000e+00,1.20343094443379206e-02,2,18,3.69755811198212766e-03,9.37816479983066831e-03,1.20343094443379206e-02,-1.01521925013177382e-02,-9.12555577709507279e-03,9.93042256586115779e-03,-4.09155057481445494e-03,3.86017126918704410e-03,1.40791846905788300e-02,1.61258600191523764e-02,1.19752978121020672e-02,1.90559783429562306e-02,19,2,1,5.76460752303767552e+17,19,2,1,5.76460752303767552e+17,16,5,2,3.32306998945331719e+35,5.94994738999999981e+02,0,1.61258600191523764e-02,nan,0.00000000000000000e+00
137,3,-1.82999736454417554e-03,1.00000000000000000e+00,2.70368992635360191e-02,2,18,-1.23202640414938579e-02,1.62423102804379986e-02,2.70368992635360191e-02,-1.48376296451832486e-02,2.74117554805119353e-02,8.70604399138998584e-03,-6.36782359616554217e-04,1.27535193073778901e-02,2.88668966280801950e-02,3.97320195220057931e-02,2.92417528450561112e-02,2.80485378401284895e-02,19,2,1,5.76460752303767552e+17,19,2,1,5.76460752303767552e+17,16,5,2,3.32306998945331719e+35,5.54704053000000044e+02,0,3.97320195220057931e-02,nan,0.00000000000000000e+00
138,0,-1.83679460452574293e-03,1.00000000000000000e+00,1.86699738027963427e-02,2,18,2.21517448796988876e-03,6.84551495348446198e-03,-1.86699738027963427e-02,1.24646083392969918e-03,8.94458011206690148e-03,1.90774153920270952e-02,-6.73909085290747088e-03,-3.53140314926055771e-04,1.68331791982705981e-02,1.22319004385426332e-02,2.09142099965528364e-02,2.58165062449345652e-02,19,2,1,5.76460752303767552e+17,19,2,1,5.76460752303767552e+17,16,5,2,3.32306998945331719e+35,5.56187958999999978e+02,0,1.22319004385426332e-02,nan,0.00000000000000000e+00
138,1,-7.34699843706744017e-04,1.00000000000000000e+00,7.63400825946368607e-03,2,18,6.84840024561023282e-05,-5.79316445645232901e-03,3.44791655634534315e-03,-7.63400825946368607e-03,-1.07129327699507018e-02,-5.99768067297731886e-03,1.31570330923361407e-02,-7.44339116559337554e-03,6.89930841575694172e-03,1.07814167724068037e-02,1.38917329360428842e-02,2.38699658622868426e-02,19,2,1,5.76460752303767552e+17,19,2,1,5.76460752303767552e+17,16,5,2,3.32306998945331719e+35,5.65953632999999968e+02,0,1.07814167724068037e-02,nan,0.00000000000000000e+00
138,2,-2.11360569137137482e-03,1.00000000000000000e+00,9.20522903312367621e-03,2,18,3.15693345268036434e-03,6.26202835172728033e-03,-9.20522903312367621e-03,6.57227547145793414e-03,-2.97705825484929666e-02,-1.55127577452742402e-02,-8.58413798932406921e-03,-1.42146013197319357e-02,8.68588116282930853e-03,3.29275160011733292e-02,2.76569768571215922e-02,2.11864445591688974e-02,19,2,1,5.76460752303767552e+17,19,2,1,5.76460752303767552e+17,16,5,2,3.32306998945331719e+35,5.50091478000000052e+02,0,3.29275160011733292e-02,nan,0.00000000000000000e+00
138,3,-9.36470558345716786e-04,1.00000000000000000e+00,1.48188203387516378e-02,2,18,-1.47910132907438513e-02,9.57323727810138921e-04,-1.97590174069578461e-03,-1.48188203387516378e-02,1.49394546199825198e-02,-6.27466378601177887e-03,2.04827021009482413e-02,1.67903872038418535e-04,1.38823497804059209e-02,2.97304679107263728e-02,2.14191726592939564e-02,2.67573658869600210e-02,19,2,1,5.76460752303767552e+17,19,2,1,5.76460752303767552e+17,16,5,2,3.32306998945331719e+35,5.39107766999999967e+02,0,2.97304679107263728e-02,nan,0.00000000000000000e+00
139,0,-1.41645660678181031e-04,1.00000000000000000e+00,4.00908448862142587e-03,2,18,-2.99245585631000705e-03,1.13708854444094509e-03,-2.71258917765257977e-03,-4.00908448862142587e-03,1.56752735833454344e-02,-2.24654383476711218e-02,-3.14873527218496457e-02,-3.46898386077269666e-02,3.86743882794324473e-03,3.06807541191055425e-02,3.45481929470487850e-02,5.03651121910723976e-02,19,2,1,5.76460752303767552e+17,19,2,1,5.76460752303767552e+17,16,5,2,3.32306998945331719e+35,5.65585199999999986e+02,0,3.06807541191055425e-02,nan,0.00000000000000000e+00
139,1,-1.32645579046650306e-03,1.00000000000000000e+00,1.14091382702446245e-02,2,18,-2.30239617394589584e-03,1.91573245280176295e-03,-1.14091382702446245e-02,-3.36296773570048807e-03,-4.20769237163030017e-03,5.43418476828681600e-03,8.67206097240409528e-03,-8.01329577454584427e-03,1.00826824797781208e-02,2.00811992426487215e-02,9.99851676287059898e-03,1.66853567469499378e-02,19,2,1,5.76460752303767552e+17,19,2,1,5.76460752303767552e+17,16,5,2,3.32306998945331719e+35,5.98618651999999997e+02,0,2.00811992426487215e-02,nan,0.00000000000000000e+00
139,2,-3.15418246174794517e-03,1.00000000000000000e+00,2.61106095290774762e-02,2,18,1.53910070488501947e-02,7.63335890389822691e-03,-1.95791454149169854e-03,-2.61106095290774762e-02,-2.21212443147754748e-04,-2.35444600546549365e-02,-2.00329946750077356e-02,-1.34475594699681993e-02,2.29564270673295323e-02,3.11778189585531634e-02,2.03902775929069927e-02,2.33232476115071835e-02,19,2,1,5.76460752303767552e+17,19,2,1,5.76460752303767552e+17,16,5,2,3.32306998945331719e+35,5.40469598000000019e+02,0,3.11778189585531634e-02,nan,0.00000000000000000e+00
139,3,-1.03976393463664561e-03,1.00000000000000000e+00,2.08568805272982896e-02,2,18,2.08568805272982896e-02,1.86550906540696206e-02,3.38892511149088693e-07,-1.20219288131899853e-02,-1.68948284064745179e-02,-7.17031030050971352e-03,7.32451591182627440e-03,-3.48110496181340545e-02,2.18966444619349346e-02,3.77517089337728040e-02,3.37712856834974096e-02,4.21355655299603254e-02,19,2,1,5.76460752303767552e+17,19,2,1,5.76460752303767552e+17,16,5,2,3.32306998945331719e+35,5.43497809999999959e+02,0,3.77517089337728040e-02,nan,0.00000000000000000e+00
140,0,4.66338204332963826e-03,1.00000000000000000e+00,3.65930844878921621e-02,2,18,3.65930844878921621e-02,-1.09066874942601380e-02,3.16749771422862800e-02,-1.28649772687184707e-02,1.56621660625834540e-02,1.41689002833810182e-02,-2.11680202286682780e-02,2.41390340546214013e-02,3.19297024445625230e-02,5.28429973709545614e-02,2.58314022719979171e-02,4.53070542832896828e-02,19,2,1,5.76460752303767552e+17,19,2,1,5.76460752303767552e+17,16,5,2,3.32306998945331719e+35,5.34710696999999982e+02,0,5.28429973709545614e-02,nan,0.00000000000000000e+00
140,1,9.62098947028159658e-04,1.00000000000000000e+00,2.31360787829814861e-02,2,18,-2.31360787829814861e-02,2.06511744710843326e-02,-1.69175390298254742e-02,-1.23970567192272525e-02,1.24017860518841287e-02,4.01122107353023543e-03,1.70332574185823836e-03,9.98018208620926953e-03,2.40981777300096449e-02,3.55378648348656165e-02,1.14396871048559681e-02,1.06984603100258903e-02,19,2,1,5.76460752303767552e+17,19,2,1,5.76460752303767552e+17,16,5,2,3.32306998945331719e+35,5.14867858999999953e+02,0,3.55378648348656165e-02,nan,0.00000000000000000e+00
140,2,-1.82018710528045863e-03,1.00000000000000000e+00,3.74040869125178699e-02,2,18,-3.23735311967147249e-03,-3.74040869125178699e-02,-3.20847481055596059e-02,-2.78228585453617755e-02,-2.64467367934492249e-02,2.16757093426057576e-03,-4.69097704426912204e-03,-2.25813495413795043e-02,3.55838998072374110e-02,3.95716578467784491e-02,2.46265496881687661e-02,2.86143077277098007e-02,19,2,1,5.76460752303767552e+17,19,2,1,5.76460752303767552e+17,16,5,2,3.32306998945331719e+35,5.41671908000000030e+02,0,3.95716578467784491e-02,nan,0.00000000000000000e+00
140,3,-1.99157006472585468e-03,1.00000000000000000e+00,1.29042939170532899e-02,2,18,-1.29042939170532899e-02,-6.55565584284890923e-03,-2.18291800802385659e-03,1.16942553435586995e-02,6.98375981305085925e-03,-2.85399953561056314e-03,-1.78198851587548744e-02,1.18225175185283915e-02,1.36858254082845542e-02,1.98880537301041500e-02,1.58283150940290197e-02,2.96424026772832659e-02,19,2,1,5.76460752303767552e+17,19,2,1,5.76460752303767552e+17,16,5,2,3.32306998945331719e+35,5.29912661999999955e+02,0,1.98880537301041500e-02,nan,0.00000000000000000e+00
141,0,-1.18922107329089213e-02,1.00000000000000000e+00,3.18187332344173207e-02,2,18,2.75444778963648516e-02,-2.81533248570194662e-02,-3.18187332344173207e-02,5.25434389391131115e-03,-1.69934138038405347e-02,-8.86449004109418799e-03,-3.85289242269235520e-03,-2.24131403893938763e-02,3.94366886292737695e-02,4.45378917002053898e-02,1.05209296564849550e-02,1.85602479667015194e-02,19,2,1,5.76460752303767552e+17,19,2,1,5.76460752303767552e+17,16,5,2,3.32306998945331719e+35,5.31961336999999958e+02,0,4.45378917002053898e-02,nan,0.00000000000000000e+00
141,1,-6.69014874450426372e-03,1.00000000000000000e+00,5.12986992596443855e-02,2,18,-1.41600742934712507e-02,-5.12986992596443855e-02,-1.83936988152984086e-03,-2.32108564947325138e-02,-9.84117849240895293e-03,3.43718760520421857e-02,3.97812499185927135e-03,-2.00263539154466874e-02,4.46085505151401218e-02,8.56705753116865643e-02,4.10620247965464494e-02,5.43982299674888731e-02,19,2,1,5.76460752303767552e+17,19,2,1,5.76460752303767552e+17,16,5,2,3.32306998945331719e+35,5.63980533000000037e+02,0,8.56705753116865643e-02,nan,0.00000000000000000e+00
141,2,-8.48213769660807922e-03,1.00000000000000000e+00,2.00886209448969365e-02,2,18,-1.41020867857334885e-02,9.01658185814840571e-04,-2.00886209448969365e-02,-8.49220799087608072e-03,-2.86285842648151753e-02,-4.37135062037630057e-02,-8.57363516401527491e-03,-1.46857813507753933e-02,1.16064832482888573e-02,4.46151643895778480e-02,3.52313685071549282e-02,3.51398710397477290e-02,19,2,1,5.76460752303767552e+17,19,2,1,5.76460752303767552e+17,16,5,2,3.32306998945331719e+35,5.29573397000000000e+02,0,4.46151643895778480e-02,nan,0.00000000000000000e+00
141,3,-1.38514939479329365e-02,1.00000000000000000e+00,3.05793035849739672e-02,2,18,-3.05793035849739672e-02,-2.86374487795697970e-02,7.73479025478378442e-03,-2.66870995425350747e-02,-5.48875638628735438e-02,-2.17312890872641412e-02,-3.31664054761959190e-02,4.31746707783026845e-05,2.15862842027167226e-02,4.09011957309797017e-02,4.10360699149406039e-02,5.49307385336518447e-02,19,2,1,5.76460752303767552e+17,19,2,1,5.76460752303767552e+17,16,5,2,3.32306998945331719e+35,5.47150072000000023e+02,0,4.09011957309797017e-02,nan,0.00000000000000000e+00
142,0,-2.44571911352902266e-02,1.00000000000000000e+00,2.42332796103517864e-02,2,18,-2.42332796103517864e-02,-1.74714505121716726e-02,-6.75451370804420678e-04,2.04647141601927429e-02,-7.09757332042121325e-03,-1.22204762680598773e-02,-5.65892202490626828e-02,2.08681119761413882e-02,4.49219052954829695e-02,5.59137688782582604e-02,4.53253031114316113e-02,7.74573322252040675e-02,19,2,1,5.76460752303767552e+17,19,2,1,5.76460752303767552e+17,16,5,2,3.32306998945331719e+35,5.37470988000000034e+02,0,5.59137688782582604e-02,nan,0.00000000000000000e+00
142,1,-1.22738714533389831e-02,1.00000000000000000e+00,4.29990196484801301e-02,2,18,-2.44060775507787021e-02,-1.60039362490050907e-02,-7.75958505650157712e-03,-4.29990196484801301e-02,-2.46822570600993829e-02,3.82949563139801680e-03,-1.02113049393002669e-02,2.75122711623046554e-03,3.07251481951411470e-02,4.57502467647105948e-02,1.61033670847369990e-02,2.85117526914973989e-02,19,2,1,5.76460752303767552e+17,19,2,1,5.76460752303767552e+17,16,5,2,3.32306998945331719e+35,5.26955862000000025e+02,0,4.57502467647105948e-02,nan,0.00000000000000000e+00
142,2,-1.88641818241229928e-02,1.00000000000000000e+00,3.73749779077503508e-02,2,18,-3.06720468018561628e-02,-1.17913553831655027e-02,3.73749779077503508e-02,3.30456379487270094e-02,1.03273707876479475e-02,-5.32171843788955233e-03,-2.73747356598798147e-02,-2.18937284453805669e-02,5.62391597318733436e-02,6.47497135676301655e-02,2.91915526117709420e-02,3.77021064475277640e-02,19,2,1,5.76460752303767552e+17,19,2,1,5.76460752303767552e+17,16,5,2,3.32306998945331719e+35,5.37675854999999956e+02,0,6.47497135676301655e-02,nan,0.00000000000000000e+00
142,3,-1.89148792010586757e-02,1.00000000000000000e+00,9.09572736655007708e-02,2,18,-1.34342699776245841e-02,-2.02950680486304255e-02,-8.25440800032951200e-03,-9.09572736655007708e-02,3.82455814505012620e-02,-4.12929192645936291e-02,-4.20786294422407781e-02,-1.38893288638419609e-02,7.20423944644420916e-02,7.70679448016588081e-02,5.71604606515599412e-02,8.03242108927420401e-02,19,2,1,5.76460752303767552e+17,19,2,1,5.76460752303767552e+17,16,5,2,3.32306998945331719e+35,6.56564560000000029e+02,0,7.70679448016588081e-02,nan,0.00000000000000000e+00
143,0,-1.91583032399415924e-02,1.00000000000000000e+00,4.97186691783602502e-02,2,18,-4.97186691783602502e-02,1.00121213918132404e-02,-1.23428271040830380e-02,-4.48998483327397932e-02,-5.67858605710643352e-03,-5.78635785905554645e-02,-2.72848794635111823e-02,2.59529150711611256e-03,3.05603659384186578e-02,6.78756999823686979e-02,3.87052753506138686e-02,6.04588700976715770e-02,19,2,1,5.76460752303767552e+17,19,2,1,5.76460752303767552e+17,16,5,2,3.32306998945331719e+35,6.15664915999999948e+02,0,6.78756999823686979e-02,nan,0.00000000000000000e+00
143,1,-1.23982388995421289e-02,1.00000000000000000e+00,6.38623450497987771e-02,2,18,2.39367286327840656e-03,-3.82169594623588040e-03,-6.38623450497987771e-02,-1.44991071558538721e-02,-4.78706613701221570e-02,2.79250389325045451e-03,-1.75566515781565985e-03,-5.95376041499386041e-02,5.14641061502566499e-02,6.21066798919831173e-02,4.71393652503964769e-02,6.23301080431890586e-02,19,2,1,5.76460752303767552e+17,19,2,1,5.76460752303767552e+17,16,5,2,3.32306998945331719e+35,5.52671720000000050e+02,0,6.21066798919831173e-02,nan,0.00000000000000000e+00
143,2,-6.46905402180805895e-03,1.00000000000000000e+00,4.37800801216240987e-02,2,18,3.12378313494250243e-02,-2.47499272474019719e-02,-4.37800801216240987e-02,4.16630721675863500e-02,-1.30610325392407460e-02,1.27482639931993172e-02,-1.62770173117091875e-02,-1.38644498582893433e-02,4.81321261893944072e-02,5.55275220258756932e-02,1.92173180150073744e-02,2.90252813049085047e-02,19,2,1,5.76460752303767552e+17,19,2,1,5.76460752303767552e+17,16,5,2,3.32306998945331719e+35,5.49438810999999987e+02,0,5.55275220258756932e-02,nan,0.00000000000000000e+00
143,3,-5.36218098812451692e-04,1.00000000000000000e+00,3.21228262348708798e-02,2,18,-3.21228262348708798e-02,-9.69372616142758631e-03,8.71359805596924261e-03,7.55364495250996758e-03,6.20707946177375021e-03,-8.60612512759123260e-02,2.17054928478076156e-02,4.41437374402000454e-03,3.15866081360584305e-02,7.63675251144847467e-02,8.55250331770998767e-02,1.07766744123719949e-01,19,2,1,5.76460752303767552e+17,19,2,1,5.76460752303767552e+17,16,5,2,3.32306998945331719e+35,5.30868652999999995e+02,0,7.63675251144847467e-02,nan,0.00000000000000000e+00
144,0,-3.81889617383108148e-03,1.00000000000000000e+00,9.77575044343666488e-02,2,18,2.36976069599636741e-02,3.75023075557416874e-02,8.98053270037548097e-03,-9.77575044343666488e-02,-2.01544614523674129e-02,-6.50544210102746295e-02,6.50489147557219149e-02,-2.47665746013880639e-02,9.39386082605355721e-02,1.02556728566016317e-01,6.88678109295529917e-02,1.30103335765996531e-01,19,2,1,5.76460752303767552e+17,19,2,1,5.76460752303767552e+17,16,5,2,3.32306998945331719e+35,5.18593633999999952e+02,0,1.02556728566016317e-01,nan,0.00000000000000000e+00
144,1,1.13199263706388279e-02,1.00000000000000000e+00,1.13765503922425265e-01,2,18,-1.62623180410935778e-03,1.13765503922425265e-01,5.58726589877641122e-02,-2.11690741509734034e-02,2.01804618150067186e-02,-4.86339670673510346e-02,-8.04138956022573681e-03,-4.77708376444422947e-02,1.02445577551786432e-01,1.62399470989776307e-01,5.99538934379898608e-02,6.88144288823577532e-02,19,2,1,5.76460752303767552e+17,19,2,1,5.76460752303767552e+17,16,5,2,3.32306998945331719e+35,5.44446110999999974e+02,0,1.62399470989776307e-01,nan,0.00000000000000000e+00
144,2,2.56339644552061596e-03,1.00000000000000000e+00,3.37646199438708175e-02,2,18,-5.74677387449744163e-03,8.65190546795258433e-03,3.37646199438708175e-02,1.59174760536201290e-02,1.00614370482536367e-02,-2.86208648513000020e-02,-6.57597330102223376e-03,2.28369417404250090e-02,3.12012234983502015e-02,4.03405932448930513e-02,3.11842612968206180e-02,5.14578065917250110e-02,19,2,1,5.76460752303767552e+17,19,2,1,5.76460752303767552e+17,16,5,2,3.32306998945331719e+35,5.23235320000000002e+02,0,4.03405932448930513e-02,nan,0.00000000000000000e+00
144,3,9.49403775595885312e-03,1.00000000000000000e+00,3.46552865970577786e-02,2,18,3.06694074597936781e-02,-3.36419629529542408e-02,-3.46552865970577786e-02,-1.15764815755130257e-03,7.16479348891910228e-02,1.90784734985939217e-02,5.59293258891399789e-02,1.19404615946964218e-02,4.41493243530166335e-02,9.05846124861977575e-02,6.21538971332321680e-02,5.97074732944945993e-02,19,2,1,5.76460752303767552e+17,19,2,1,5.76460752303767552e+17,16,5,2,3.32306998945331719e+35,5.19392899000000057e+02,0,9.05846124861977575e-02,nan,0.00000000000000000e+00
145,0,1.92564993250187583e-03,1.00000000000000000e+00,5.08261056355478469e-02,2,18,2.26608715204860110e-02,1.75292237525602745e-02,1.13401747909555144e-02,5.08261056355478469e-02,3.00333991126738760e-02,-2.96547599335158403e-02,-5.88084762508739312e-02,3.52790917304717302e-02,4.89004557030459711e-02,7.01486510418294490e-02,6.07341261833758070e-02,9.40875679813456545e-02,19,2,1,5.76460752303767552e+17,19,2,1,5.76460752303767552e+17,16,5,2,3.32306998945331719e+35,5.18525227999999970e+02,0,7.01486510418294490e-02,nan,0.00000000000000000e+00
145,1,-9.21266312897765956e-03,1.00000000000000000e+00,3.69007113505421050e-02,2,18,3.69007113505421050e-02,-1.48750087893541882e-02,3.25456738512798424e-02,1.78716875215981577e-02,-8.51903892519306760e-02,-7.19110389479967888e-02,-3.15267882129851434e-03,-5.58437254768764241e-02,4.61133744795197628e-02,1.22091100602472774e-01,7.59777261229530182e-02,8.20377104306321547e-02,19,2,1,5.76460752303767552e+17,19,2,1,5.76460752303767552e+17,16,5,2,3.32306998945331719e+35,5.15837120000000027e+02,0,1.22091100602472774e-01,nan,0.00000000000000000e+00
145,2,-1.46254842288707728e-03,1.00000000000000000e+00,9.11815080378300391e-02,2,18,2.52944243593136650e-02,3.90831325617579453e-02,9.11815080378300391e-02,-8.34826517129509948e-02,3.64639007776643986e-02,-1.03330467588656581e-02,2.02157376398688256e-02,1.22627976331409119e-02,9.26440564607171196e-02,9.57454493460919015e-02,3.79264492005514792e-02,4.67969475365300550e-02,19,2,1,5.76460752303767552e+17,19,2,1,5.76460752303767552e+17,16,5,2,3.32306998945331719e+35,5.14990905999999995e+02,0,9.57454493460919015e-02,nan,0.00000000000000000e+00
145,3,-1.25835515149071262e-03,1.00000000000000000e+00,2.73683428805595180e-02,2,18,-8.71724904378669112e-03,-1.00763072974790167e-02,-2.73683428805595180e-02,3.07284982179628716e-03,-2.20702886437413627e-02,-2.27014235093935535e-02,-8.86275278140851927e-03,3.14823392085586129e-02,2.61099877290688065e-02,2.84094893867623266e-02,3.27406943600493244e-02,5.41837627179521664e-02,19,2,1,5.76460752303767552e+17,19,2,1,5.76460752303767552e+17,16,5,2,3.32306998945331719e+35,5.11139589000000001e+02,0,2.84094893867623266e-02,nan,0.00000000000000000e+00
146,0,-2.43199653057086657e-02,1.00000000000000000e+00,4.67672512743308941e-02,2,18,-3.83954798232159639e-02,4.67672512743308941e-02,-1.12180952886782662e-02,3.41123178698024623e-02,5.35200758937807788e-02,6.83617276663923690e-02,-4.15550390116264864e-02,-2.75244762769681628e-04,7.10872165800395528e-02,9.19155557169967496e-02,9.26816929721010346e-02,1.09916766678018862e-01,19,2,1,5.76460752303767552e+17,19,2,1,5.76460752303767552e+17,16,5,2,3.32306998945331719e+35,5.27409113000000048e+02,0,9.19155557169967496e-02,nan,0.00000000000000000e+00
146,1,4.36199553194869735e-03,1.00000000000000000e+00,6.07501024077733154e-02,2,18,5.15252013003745027e-03,6.07501024077733154e-02,-5.62386478694701722e-03,2.36204339610456560e-02,1.40236738598124334e-02,7.31781078183277589e-02,-1.73109485854857602e-02,-2.75933025021154812e-02,5.63881068758246146e-02,5.12137364631611372e-02,6.88161122863790581e-02,1.00771410320443233e-01,19,2,1,5.76460752303767552e+17,19,2,1,5.76460752303767552e+17,16,5,2,3.32306998945331719e+35,5.32464688000000024e+02,0,5.12137364631611372e-02,nan,0.00000000000000000e+00
146,2,-1.93518282387750706e-02,1.00000000000000000e+00,6.36770274459448615e-02,2,18,4.24322843109440073e-02,6.36770274459448615e-02,3.38017025076053634e-02,1.58794518501820733e-02,-1.55825559763120847e-02,-5.43479641936405744e-02,-5.03170602369533149e-02,-1.08287384682725446e-01,8.30288556847199322e-02,1.24166836532907526e-01,8.89355564439503754e-02,9.27048287064133614e-02,19,2,1,5.76460752303767552e+17,19,2,1,5.76460752303767552e+17,16,5,2,3.32306998945331719e+35,5.56392315000000053e+02,0,1.24166836532907526e-01,nan,0.00000000000000000e+00
146,3,-2.25790099951750714e-02,1.00000000000000000e+00,1.71782207049465702e-01,2,18,1.71782207049465702e-01,-2.82067007749388851e-02,-1.61807911892817013e-02,-9.45984664213930515e-02,-2.08279382136685398e-01,-7.50855421606324153e-02,-1.15476576166430048e-01,6.15810854078388953e-02,1.94361217044640766e-01,3.80061589186151072e-01,1.85700372141510334e-01,2.69860467544524307e-01,19,2,1,5.76460752303767552e+17,19,2,1,5.76460752303767552e+17,16,5,2,3.32306998945331719e+35,5.32390353000000005e+02,0,3.80061589186151072e-01,nan,0.00000000000000000e+00
147,0,-4.26495856605379683e-02,1.00000000000000000e+00,6.57263928592084767e-02,2,18,4.09996249408815516e-02,-6.57263928592084767e-02,2.40662814774405265e-02,-2.31270376024270696e-02,-7.53057866582880348e-02,-1.55924005494722351e-01,-7.86292089499492225e-02,-2.21488954752418477e-02,8.36492106014195269e-02,1.16305411599169586e-01,1.13274419834184376e-01,1.33775110019480503e-01,19,2,1,5.76460752303767552e+17,19,2,1,5.76460752303767552e+17,16,5,2,3.32306998945331719e+35,5.20536836999999991e+02,0,1.16305411599169586e-01,nan,0.00000000000000000e+00
147,1,-3.29367045268985636e-02,1.00000000000000000e+00,4.83686328230042983e-02,2,18,4.83686328230042983e-02,3.26039033795965244e-02,-2.07573881677013405e-02,1.44140914902011735e-02,3.59324686538934762e-02,2.40732195509964914e-03,-3.39058641463807625e-02,-7.98475159179734273e-02,8.13053373499028620e-02,9.42616074081746025e-02,6.88691731807920399e-02,1.15779984571866904e-01,19,2,1,5.76460752303767552e+17,19,2,1,5.76460752303767552e+17,16,5,2,3.32306998945331719e+35,5.05678989999999999e+02,0,9.42616074081746025e-02,nan,0.00000000000000000e+00
147,2,-4.74210915132898814e-02,1.00000000000000000e+00,1.47682762589536193e-01,2,18,-8.43847041077458726e-02,5.05535589202604288e-02,-1.47682762589536193e-01,-1.10678962995166774e-01,-4.45539654788683834e-02,-1.75156658523042373e-02,-3.01903352738310884e-02,-3.14800539553824060e-02,1.00261671076246311e-01,1.17492427315705111e-01,2.99054256609856441e-02,2.70382996265641461e-02,19,2,1,5.76460752303767552e+17,19,2,1,5.76460752303767552e+17,16,5,2,3.32306998945331719e+35,5.11819437999999991e+02,0,1.17492427315705111e-01,nan,0.00000000000000000e+00
147,3,-2.65806275228614129e-02,1.00000000000000000e+00,1.09920402385421112e-01,2,18,1.09920402385421112e-01,-6.70026233431401802e-02,1.08000937236081007e-02,9.47288050829364209e-02,-6.58500620595884323e-02,1.02310422813427143e-01,-8.35536518773948578e-02,-2.85796819799433166e-02,1.36501029908282528e-01,1.75770464445009544e-01,1.28891050336288560e-01,1.85864074690822001e-01,19,2,1,5.76460752303767552e+17,19,2,1,5.76460752303767552e+17,16,5,2,3.32306998945331719e+35,5.27355379999999968e+02,0,1.75770464445009544e-01,nan,0.00000000000000000e+00
148,0,-1.53259169487216678e-03,1.00000000000000000e+00,1.17916740820789762e-01,2,18,2.45093891459962979e-02,1.17916740820789762e-01,-9.30804598976215647e-02,-2.75607468425435112e-02,1.02083297926521072e-01,1.07306120730588372e-02,5.44151946692683908e-02,-7.42713423429225694e-02,1.19449332515661935e-01,1.47495654566889955e-01,1.03615889621393245e-01,1.76354640269443641e-01,19,2,1,5.76460752303767552e+17,19,2,1,5.76460752303767552e+17,16,5,2,3.32306998945331719e+35,5.16757663999999977e+02,0,1.47495654566889955e-01,nan,0.00000000000000000e+00
148,1,-2.43380435250606679e-04,1.00000000000000000e+00,7.49237275783099232e-02,2,18,-9.30297737884726306e-03,-7.49237275783099232e-02,1.76328569293083548e-02,-5.40949105539610745e-02,7.14762120111515770e-02,-3.50040307519685970e-02,-9.46968773386102219e-02,-3.84444700236699008e-02,7.46803471430593224e-02,1.12329734267918577e-01,9.44534969033596211e-02,1.66173089349761799e-01,19,2,1,5.76460752303767552e+17,19,2,1,5.76460752303767552e+17,16,5,2,3.32306998945331719e+35,5.08893564000000026e+02,0,1.12329734267918577e-01,nan,0.00000000000000000e+00
148,2,-2.11821167027159262e-03,1.00000000000000000e+00,1.43862398759516036e-01,2,18,1.43862398759516036e-01,6.30322010181286752e-02,-7.00579765351207195e-02,-2.06399496167261123e-02,7.90924051232693576e-02,1.50257635076700771e-02,-5.12500607682154358e-02,1.13122345448381983e-01,1.45980610429787633e-01,1.33762295065108089e-01,1.15240557118653580e-01,1.64372406216597433e-01,19,2,1,5.76460752303767552e+17,19,2,1,5.76460752303767552e+17,16,5,2,3.32306998945331719e+35,5.22275662000000011e+02,0,1.33762295065108089e-01,nan,0.00000000000000000e+00
148,3,6.25239373850554857e-03,1.00000000000000000e+00,1.53394692056499610e-01,2,18,-1.01544464834801007e-02,-4.27953477459729129e-02,-1.53394692056499610e-01,3.56720854553974828e-02,1.36204871570839853e-01,-1.44456395688180687e-02,-7.40849385923004478e-02,-9.30726912985615357e-03,1.59647085795005167e-01,1.46359318054319953e-01,1.29952477832334296e-01,2.10289810163140301e-01,19,2,1,5.76460752303767552e+17,19,2,1,5.76460752303767552e+17,16,5,2,3.32306998945331719e+35,5.36934085999999979e+02,0,1.46359318054319953e-01,nan,0.00000000000000000e+00
