block,within_block_sample,u_semantic,bootstrap_scale,scaled_input_abs_max,num_iterations,iterative_precision_bits,u_pre_0,u_pre_1,u_pre_2,u_pre_3,u_post_0,u_post_1,u_post_2,u_post_3,e_u_pre,e_u_boot,e_u_total,max_slot_spread,before_reduction_level,before_reduction_towers,before_reduction_noiseScaleDegree,before_reduction_scalingFactor,before_bootstrap_level,before_bootstrap_towers,before_bootstrap_noiseScaleDegree,before_bootstrap_scalingFactor,after_bootstrap_level,after_bootstrap_towers,after_bootstrap_noiseScaleDegree,after_bootstrap_scalingFactor,bootstrap_ms,fresh_probe_enabled,e_B_prod,e_B_fresh,fresh_bootstrap_ms
0,0,5.97519082627754536e-02,1.00000000000000000e+00,5.97519082627745238e-02,2,18,5.97519082627656281e-02,5.97519082627711931e-02,5.97519082627727058e-02,5.97519082627745238e-02,5.97519082629382609e-02,5.97519082628234985e-02,5.97519082629489467e-02,5.97519082629712553e-02,9.82547376793263538e-15,1.96731519963577739e-13,1.95801708180454170e-13,1.47756806789800521e-13,1,20,1,5.76460752303439872e+17,19,2,1,5.76460752303439872e+17,16,5,2,3.32306998945331719e+35,5.39893892000000051e+02,0,1.96731519963577739e-13,nan,0.00000000000000000e+00
0,1,-5.00386380946317266e-01,1.00000000000000000e+00,5.00386380946316489e-01,2,18,-5.00386380946315934e-01,-5.00386380946316489e-01,-5.00386380946310605e-01,-5.00386380946314935e-01,-5.00386380948066090e-01,-5.00386380948194209e-01,-5.00386380948265930e-01,-5.00386380948072085e-01,6.66133814775093924e-15,1.95532479096982570e-12,1.94866345282207476e-12,1.99840144432528177e-13,1,20,1,5.76460752303439872e+17,19,2,1,5.76460752303439872e+17,16,5,2,3.32306998945331719e+35,5.45101021999999944e+02,0,1.95532479096982570e-12,nan,0.00000000000000000e+00
0,2,-3.81110471075002455e-01,1.00000000000000000e+00,3.81110471075007007e-01,2,18,-3.81110471075001345e-01,-3.81110471075001900e-01,-3.81110471075007007e-01,-3.81110471074997792e-01,-3.81110471076329338e-01,-3.81110471076284485e-01,-3.81110471076465340e-01,-3.81110471076502200e-01,4.66293670342565747e-15,1.50440770951831837e-12,1.49974477281489271e-12,2.17714735128993198e-13,1,20,1,5.76460752303439872e+17,19,2,1,5.76460752303439872e+17,16,5,2,3.32306998945331719e+35,5.28482017000000042e+02,0,1.50440770951831837e-12,nan,0.00000000000000000e+00
0,3,-3.84685388081328294e-01,1.00000000000000000e+00,3.84685388081327517e-01,2,18,-3.84685388081322743e-01,-3.84685388081327517e-01,-3.84685388081322632e-01,-3.84685388081324742e-01,-3.84685388082848412e-01,-3.84685388082699531e-01,-3.84685388082823432e-01,-3.84685388082713853e-01,5.66213742558829836e-15,1.52566848043989012e-12,1.52011736531676434e-12,1.48880907602233492e-13,1,20,1,5.76460752303439872e+17,19,2,1,5.76460752303439872e+17,16,5,2,3.32306998945331719e+35,5.74111730999999963e+02,0,1.52566848043989012e-12,nan,0.00000000000000000e+00
1,0,-3.33722736288928123e-01,1.00000000000000000e+00,3.33722736289066402e-01,2,18,-3.33722736289034261e-01,-3.33722736289066402e-01,-3.33722736289041255e-01,-3.33722736289046196e-01,-3.33722736290182731e-01,-3.33722736290331945e-01,-3.33722736290681443e-01,-3.33722736290541333e-01,1.38278277717063247e-13,1.64018798542997501e-12,1.75331971163927847e-12,4.98712182661620318e-13,19,2,1,5.76460752303767552e+17,19,2,1,5.76460752303767552e+17,16,5,2,3.32306998945331719e+35,4.95740707999999984e+02,0,1.64018798542997501e-12,nan,0.00000000000000000e+00
1,1,-3.02406983930070206e-01,1.00000000000000000e+00,3.02406983930247952e-01,2,18,-3.02406983930247952e-01,-3.02406983930025297e-01,-3.02406983930025797e-01,-3.02406983930151196e-01,-3.02406983931330975e-01,-3.02406983931131856e-01,-3.02406983931697460e-01,-3.02406983931093443e-01,1.77746706242487562e-13,1.67166280817809820e-12,1.62725388719309194e-12,6.04016836547316416e-13,19,2,1,5.76460752303767552e+17,19,2,1,5.76460752303767552e+17,16,5,2,3.32306998945331719e+35,4.96843117000000007e+02,0,1.67166280817809820e-12,nan,0.00000000000000000e+00
1,2,-2.59386855035563857e-01,1.00000000000000000e+00,2.59386855035746156e-01,2,18,-2.59386855035736996e-01,-2.59386855035736608e-01,-2.59386855035735775e-01,-2.59386855035746156e-01,-2.59386855036653707e-01,-2.59386855037049224e-01,-2.59386855036652597e-01,-2.59386855036736030e-01,1.82298620643450704e-13,1.31261668201432258e-12,1.48536738464599694e-12,3.96627175547337174e-13,19,2,1,5.76460752303767552e+17,19,2,1,5.76460752303767552e+17,16,5,2,3.32306998945331719e+35,4.57353723000000002e+02,0,1.31261668201432258e-12,nan,0.00000000000000000e+00
1,3,-2.26573858838443914e-01,1.00000000000000000e+00,2.26573858838796605e-01,2,18,-2.26573858838507447e-01,-2.26573858838528680e-01,-2.26573858838796605e-01,-2.26573858838546999e-01,-2.26573858839273917e-01,-2.26573858839715980e-01,-2.26573858840097370e-01,-2.26573858839281161e-01,3.52690099347796604e-13,1.30076505122644903e-12,1.65345515057424564e-12,8.23452417364478606e-13,19,2,1,5.76460752303767552e+17,19,2,1,5.76460752303767552e+17,16,5,2,3.32306998945331719e+35,4.63836015999999972e+02,0,1.30076505122644903e-12,nan,0.00000000000000000e+00
2,0,-1.91554719718939948e-01,1.00000000000000000e+00,1.91554719718970506e-01,2,18,-1.91554719718970506e-01,-1.91554719718807942e-01,-1.91554719718792149e-01,-1.91554719718901534e-01,-1.91554719719700339e-01,-1.91554719719541883e-01,-1.91554719719512601e-01,-1.91554719719561367e-01,1.47798440153223964e-13,7.33940686004075360e-13,7.60391749565769715e-13,1.87738713464113971e-13,19,2,1,5.76460752303767552e+17,19,2,1,5.76460752303767552e+17,16,5,2,3.32306998945331719e+35,5.08622486999999978e+02,0,7.33940686004075360e-13,nan,0.00000000000000000e+00
2,1,-1.63395048397382919e-01,1.00000000000000000e+00,1.63395048397443537e-01,2,18,-1.63395048397407455e-01,-1.63395048397321191e-01,-1.63395048397189296e-01,-1.63395048397443537e-01,-1.63395048398476322e-01,-1.63395048398421228e-01,-1.63395048397916326e-01,-1.63395048397467935e-01,1.93622895494627301e-13,1.10003672837422073e-12,1.09340314580208542e-12,1.00838781769141406e-12,19,2,1,5.76460752303767552e+17,19,2,1,5.76460752303767552e+17,16,5,2,3.32306998945331719e+35,5.25476675999999998e+02,0,1.10003672837422073e-12,nan,0.00000000000000000e+00
2,2,-1.36398215899479092e-01,1.00000000000000000e+00,1.36398215899659697e-01,2,18,-1.36398215899659697e-01,-1.36398215899123071e-01,-1.36398215899422554e-01,-1.36398215899595582e-01,-1.36398215900207509e-01,-1.36398215899860786e-01,-1.36398215900017883e-01,-1.36398215899888653e-01,3.56020768421672074e-13,7.37715444287800892e-13,7.28417326456565206e-13,3.46722650590436388e-13,19,2,1,5.76460752303767552e+17,19,2,1,5.76460752303767552e+17,16,5,2,3.32306998945331719e+35,5.27229296999999974e+02,0,7.37715444287800892e-13,nan,0.00000000000000000e+00
2,3,-1.14313691578752319e-01,1.00000000000000000e+00,1.14313691579011431e-01,2,18,-1.14313691578809898e-01,-1.14313691578905349e-01,-1.14313691578733570e-01,-1.14313691579011431e-01,-1.14313691579077642e-01,-1.14313691579768326e-01,-1.14313691579066762e-01,-1.14313691578853585e-01,2.59112176159703722e-13,8.62976357041134179e-13,1.01600672319790419e-12,9.14740505564282103e-13,19,2,1,5.76460752303767552e+17,19,2,1,5.76460752303767552e+17,16,5,2,3.32306998945331719e+35,5.29301908000000026e+02,0,8.62976357041134179e-13,nan,0.00000000000000000e+00
3,0,-9.43700290339489628e-02,1.00000000000000000e+00,9.43700290341390191e-02,2,18,-9.43700290334849867e-02,-9.43700290338186504e-02,-9.43700290341390191e-02,-9.43700290336656894e-02,-9.43700290339965914e-02,-9.43700290334952147e-02,-9.43700290345188958e-02,-9.43700290343655185e-02,4.63976079778660733e-13,6.99829083572467425e-13,5.69932989691324110e-13,1.02368113985562559e-12,19,2,1,5.76460752303767552e+17,19,2,1,5.76460752303767552e+17,16,5,2,3.32306998945331719e+35,5.05909265000000005e+02,0,6.99829083572467425e-13,nan,0.00000000000000000e+00
3,1,-7.79982185720046739e-02,1.00000000000000000e+00,7.79982185724069355e-02,2,18,-7.79982185721579402e-02,-7.79982185719581278e-02,-7.79982185724069355e-02,-7.79982185717293386e-02,-7.79982185724545363e-02,-7.79982185723567534e-02,-7.79982185723690213e-02,-7.79982185723278598e-02,4.02261557397309844e-13,5.98521232575421891e-13,4.49862369578113430e-13,1.26676447109730361e-13,19,2,1,5.76460752303767552e+17,19,2,1,5.76460752303767552e+17,16,5,2,3.32306998945331719e+35,5.58135883000000035e+02,0,5.98521232575421891e-13,nan,0.00000000000000000e+00
3,2,-6.37584658485071398e-02,1.00000000000000000e+00,6.37584658485377265e-02,2,18,-6.37584658484285915e-02,-6.37584658484701694e-02,-6.37584658482302502e-02,-6.37584658485377265e-02,-6.37584658485886580e-02,-6.37584658490999712e-02,-6.37584658488260514e-02,-6.37584658491056611e-02,2.76889622341514041e-13,6.29801766294235676e-13,5.98521232575421891e-13,5.17003106992319772e-13,19,2,1,5.76460752303767552e+17,19,2,1,5.76460752303767552e+17,16,5,2,3.32306998945331719e+35,5.19511909999999943e+02,0,6.29801766294235676e-13,nan,0.00000000000000000e+00
3,3,-5.20974199161230167e-02,1.00000000000000000e+00,5.20974199166592683e-02,2,18,-5.20974199158842216e-02,-5.20974199163123652e-02,-5.20974199166592683e-02,-5.20974199163266039e-02,-5.20974199170896185e-02,-5.20974199165634214e-02,-5.20974199166376745e-02,-5.20974199163711724e-02,5.36251598681758423e-13,1.20539689341114808e-12,9.66601798602084727e-13,7.18446135916650519e-13,19,2,1,5.76460752303767552e+17,19,2,1,5.76460752303767552e+17,16,5,2,3.32306998945331719e+35,5.20229915000000005e+02,0,1.20539689341114808e-12,nan,0.00000000000000000e+00
4,0,-4.22116991276161729e-02,1.00000000000000000e+00,4.22116991281783829e-02,2,18,-4.22116991281783829e-02,-4.22116991274063894e-02,-4.22116991272650996e-02,-4.22116991277177375e-02,-4.22116991275853573e-02,-4.22116991284697540e-02,-4.22116991276658762e-02,-4.22116991280113013e-02,5.62210000776275365e-13,1.06336467409207103e-12,8.53581094695243792e-13,8.84396722522495793e-13,19,2,1,5.76460752303767552e+17,19,2,1,5.76460752303767552e+17,16,5,2,3.32306998945331719e+35,5.03532577000000003e+02,0,1.06336467409207103e-12,nan,0.00000000000000000e+00
4,1,-3.41568792086229950e-02,1.00000000000000000e+00,3.41568792091308457e-02,2,18,-3.41568792091308457e-02,-3.41568792088947568e-02,-3.41568792083183012e-02,-3.41568792090142168e-02,-3.41568792090202050e-02,-3.41568792089406020e-02,-3.41568792088401268e-02,-3.41568792088339651e-02,5.07850705933066138e-13,5.21825638255535296e-13,3.97210042635265381e-13,1.86239912380870010e-13,19,2,1,5.76460752303767552e+17,19,2,1,5.76460752303767552e+17,16,5,2,3.32306998945331719e+35,5.30717011999999954e+02,0,5.21825638255535296e-13,nan,0.00000000000000000e+00
4,2,-2.74549032673084697e-02,1.00000000000000000e+00,2.74549032676867956e-02,2,18,-2.74549032676867956e-02,-2.74549032670698481e-02,-2.74549032676712594e-02,-2.74549032674580515e-02,-2.74549032678194915e-02,-2.74549032672738516e-02,-2.74549032668769816e-02,-2.74549032675824797e-02,3.78325842875781859e-13,7.94277837945500664e-13,5.11021780447151741e-13,9.42509958967718831e-13,19,2,1,5.76460752303767552e+17,19,2,1,5.76460752303767552e+17,16,5,2,3.32306998945331719e+35,5.20363526999999976e+02,0,7.94277837945500664e-13,nan,0.00000000000000000e+00
4,3,-2.20274569904869849e-02,1.00000000000000000e+00,2.20274569908263766e-02,2,18,-2.20274569899210626e-02,-2.20274569908263766e-02,-2.20274569902337083e-02,-2.20274569897156540e-02,-2.20274569906741234e-02,-2.20274569901395233e-02,-2.20274569898249971e-02,-2.20274569906371530e-02,7.71330915805279460e-13,9.21498988226687743e-13,6.61987825667509355e-13,8.49126324808935351e-13,19,2,1,5.76460752303767552e+17,19,2,1,5.76460752303767552e+17,16,5,2,3.32306998945331719e+35,5.15418861999999990e+02,0,9.21498988226687743e-13,nan,0.00000000000000000e+00
5,0,-1.75762265379904963e-02,1.00000000000000000e+00,1.75762265386664764e-02,2,18,-1.75762265380499418e-02,-1.75762265381261551e-02,-1.75762265386664764e-02,-1.75762265383105840e-02,-1.75762265387496806e-02,-1.75762265373931442e-02,-1.75762265379373027e-02,-1.75762265378699642e-02,6.75980105224738281e-13,7.33010874220951791e-13,7.59184382026489857e-13,1.35653641097910338e-12,19,2,1,5.76460752303767552e+17,19,2,1,5.76460752303767552e+17,16,5,2,3.32306998945331719e+35,5.18101166000000035e+02,0,7.33010874220951791e-13,nan,0.00000000000000000e+00
5,1,-1.39947240008320133e-02,1.00000000000000000e+00,1.39947240014968687e-02,2,18,-1.39947240010661160e-02,-1.39947240011087833e-02,-1.39947240008946906e-02,-1.39947240014968687e-02,-1.39947240008613059e-02,-1.39947240009030711e-02,-1.39947240003719647e-02,-1.39947240009551301e-02,6.64855323573299017e-13,5.41738529036273064e-13,4.60048665829049241e-13,5.83165460366075195e-13,19,2,1,5.76460752303767552e+17,19,2,1,5.76460752303767552e+17,16,5,2,3.32306998945331719e+35,5.30204977999999983e+02,0,5.41738529036273064e-13,nan,0.00000000000000000e+00
5,2,-1.10914025667162627e-02,1.00000000000000000e+00,1.10914025675936442e-02,2,18,-1.10914025675936442e-02,-1.10914025664713631e-02,-1.10914025663699702e-02,-1.10914025665676576e-02,-1.10914025671301972e-02,-1.10914025675806025e-02,-1.10914025667710296e-02,-1.10914025668708161e-02,8.77381500785645585e-13,1.10923943641427769e-12,8.64339849693251949e-13,8.09572894833188172e-13,19,2,1,5.76460752303767552e+17,19,2,1,5.76460752303767552e+17,16,5,2,3.32306998945331719e+35,5.23402370000000019e+02,0,1.10923943641427769e-12,nan,0.00000000000000000e+00
5,3,-8.77043356660745475e-03,1.00000000000000000e+00,8.77043356745848927e-03,2,18,-8.77043356680957779e-03,-8.77043356745848927e-03,-8.77043356702595332e-03,-8.77043356676734769e-03,-8.77043356665952595e-03,-8.77043356622520150e-03,-8.77043356734292720e-03,-8.77043356613389953e-03,8.51034520632509839e-13,1.23328777745790319e-12,7.35472446833362881e-13,1.20902766964636754e-12,19,2,1,5.76460752303767552e+17,19,2,1,5.76460752303767552e+17,16,5,2,3.32306998945331719e+35,5.19080591000000027e+02,0,1.23328777745790319e-12,nan,0.00000000000000000e+00
6,0,-6.90722910605673802e-03,1.00000000000000000e+00,6.90722910587677520e-03,2,18,-6.90722910555758088e-03,-6.90722910556292383e-03,-6.90722910553898638e-03,-6.90722910587677520e-03,-6.90722910527738748e-03,-6.90722910572416464e-03,-6.90722910536980834e-03,-6.90722910468295585e-03,5.17751640172203764e-13,1.19381934893247887e-12,1.37378216441552681e-12,1.04120878585689525e-12,19,2,1,5.76460752303767552e+17,19,2,1,5.76460752303767552e+17,16,5,2,3.32306998945331719e+35,5.02846183999999994e+02,0,1.19381934893247887e-12,nan,0.00000000000000000e+00
6,1,-5.42713818615400256e-03,1.00000000000000000e+00,5.42713818655257522e-03,2,18,-5.42713818513915376e-03,-5.42713818552198034e-03,-5.42713818655257522e-03,-5.42713818594583747e-03,-5.42713818636013888e-03,-5.42713818515609247e-03,-5.42713818499408231e-03,-5.42713818669818358e-03,1.01484879527768967e-12,1.55849291805232326e-12,1.15992025012667810e-12,1.70410126981712651e-12,19,2,1,5.76460752303767552e+17,19,2,1,5.76460752303767552e+17,16,5,2,3.32306998945331719e+35,5.07200261000000012e+02,0,1.55849291805232326e-12,nan,0.00000000000000000e+00
6,2,-4.24895806586287565e-03,1.00000000000000000e+00,4.24895806605121284e-03,2,18,-4.24895806577228058e-03,-4.24895806563571534e-03,-4.24895806596276536e-03,-4.24895806605121284e-03,-4.24895806596565107e-03,-4.24895806640035283e-03,-4.24895806576311343e-03,-4.24895806507951355e-03,2.27160304455686912e-13,9.71699283536242575e-13,7.83362090472916606e-13,1.32083927129045264e-12,19,2,1,5.76460752303767552e+17,19,2,1,5.76460752303767552e+17,16,5,2,3.32306998945331719e+35,5.25873842999999965e+02,0,9.71699283536242575e-13,nan,0.00000000000000000e+00
6,3,-3.31873787043946702e-03,1.00000000000000000e+00,3.31873787095253014e-03,2,18,-3.31873787056817613e-03,-3.31873787095253014e-03,-3.31873787083202410e-03,-3.31873786923368459e-03,-3.31873787044184966e-03,-3.31873787013512280e-03,-3.31873787094952343e-03,-3.31873787036191881e-03,1.20578243570368393e-12,1.12823422479535473e-12,5.10056406832770648e-13,8.14400630266831627e-13,19,2,1,5.76460752303767552e+17,19,2,1,5.76460752303767552e+17,16,5,2,3.32306998945331719e+35,5.25597898999999984e+02,0,1.12823422479535473e-12,nan,0.00000000000000000e+00
7,0,-2.58379571553289666e-03,1.00000000000000000e+00,2.58379571604946175e-03,2,18,-2.58379571604946175e-03,-2.58379571522012515e-03,-2.58379571467393966e-03,-2.58379571531726186e-03,-2.58379571596485148e-03,-2.58379571583714244e-03,-2.58379571525979481e-03,-2.58379571507960431e-03,8.58957002747295917e-13,6.17017287957155602e-13,4.53292351570988572e-13,8.85247170706593423e-13,19,2,1,5.76460752303767552e+17,19,2,1,5.76460752303767552e+17,16,5,2,3.32306998945331719e+35,5.38018856000000028e+02,0,6.17017287957155602e-13,nan,0.00000000000000000e+00
7,1,-2.00693048998967435e-03,1.00000000000000000e+00,2.00693049037069899e-03,2,18,-2.00693048749450926e-03,-2.00693048923048780e-03,-2.00693049037069899e-03,-2.00693049003188755e-03,-2.00693048958677485e-03,-2.00693048948511485e-03,-2.00693048998417745e-03,-2.00693048949177966e-03,2.49516509884251114e-12,2.09226559688691083e-12,5.04559501818269140e-13,4.99062596803767633e-13,19,2,1,5.76460752303767552e+17,19,2,1,5.76460752303767552e+17,16,5,2,3.32306998945331719e+35,5.46562642999999980e+02,0,2.09226559688691083e-12,nan,0.00000000000000000e+00
7,2,-1.55424938370978807e-03,1.00000000000000000e+00,1.55424938439604511e-03,2,18,-1.55424938368083597e-03,-1.55424938344371163e-03,-1.55424938439604511e-03,-1.55424938361238530e-03,-1.55424938219508803e-03,-1.55424938371697828e-03,-1.55424938399483892e-03,-1.55424938341772417e-03,6.86257040777293881e-13,1.48574793960853935e-12,1.51470004074172326e-12,1.79975088651640469e-12,19,2,1,5.76460752303767552e+17,19,2,1,5.76460752303767552e+17,16,5,2,3.32306998945331719e+35,5.36224185000000034e+02,0,1.48574793960853935e-12,nan,0.00000000000000000e+00
7,3,-1.20093493429411524e-03,1.00000000000000000e+00,1.20093493528201077e-03,2,18,-1.20093493454019877e-03,-1.20093493362382806e-03,-1.20093493528201077e-03,-1.20093493414565977e-03,-1.20093493330290855e-03,-1.20093493374777167e-03,-1.20093493472000069e-03,-1.20093493449899410e-03,9.87895529269700035e-13,1.23729021819785068e-12,9.91206682704470765e-13,1.41709213807850176e-12,19,2,1,5.76460752303767552e+17,19,2,1,5.76460752303767552e+17,16,5,2,3.32306998945331719e+35,5.33004789999999957e+02,0,1.23729021819785068e-12,nan,0.00000000000000000e+00
8,0,-9.25406956527091403e-04,1.00000000000000000e+00,9.25406958837429738e-04,2,18,-9.25406958837429738e-04,-9.25406955756173460e-04,-9.25406956883108702e-04,-9.25406957220718958e-04,-9.25406957272542738e-04,-9.25406957268019338e-04,-9.25406958061797250e-04,-9.25406956161491925e-04,2.31033833557325874e-12,1.56488700036455652e-12,1.53470584764864304e-12,1.90030532542379005e-12,19,2,1,5.76460752303767552e+17,19,2,1,5.76460752303767552e+17,16,5,2,3.32306998945331719e+35,5.41150143999999955e+02,0,1.56488700036455652e-12,nan,0.00000000000000000e+00
8,1,-7.11521909626983769e-04,1.00000000000000000e+00,7.11521910992937126e-04,2,18,-7.11521910111326153e-04,-7.11521909146008050e-04,-7.11521910992937126e-04,-7.11521909379074871e-04,-7.11521910145840970e-04,-7.11521910209861590e-04,-7.11521908621142850e-04,-7.11521910359118716e-04,1.36595335736844348e-12,2.37179427573647184e-12,1.00584091836802836e-12,1.73797586565382911e-12,19,2,1,5.76460752303767552e+17,19,2,1,5.76460752303767552e+17,16,5,2,3.32306998945331719e+35,5.38816777999999999e+02,0,2.37179427573647184e-12,nan,0.00000000000000000e+00
8,2,-5.45693215765500174e-04,1.00000000000000000e+00,5.45693216682645549e-04,2,18,-5.45693215762851360e-04,-5.45693216682645549e-04,-5.45693216225419928e-04,-5.45693215366271672e-04,-5.45693216379476709e-04,-5.45693215552296804e-04,-5.45693216422269952e-04,-5.45693216612551770e-04,9.17145374403072200e-13,1.24628009735144873e-12,8.47051595531667090e-13,1.06025496542094810e-12,19,2,1,5.76460752303767552e+17,19,2,1,5.76460752303767552e+17,16,5,2,3.32306998945331719e+35,5.49877214999999978e+02,0,1.24628009735144873e-12,nan,0.00000000000000000e+00
8,3,-4.17632437365045577e-04,1.00000000000000000e+00,4.17632438505771654e-04,2,18,-4.17632436537092257e-04,-4.17632438505771654e-04,-4.17632435843390975e-04,-4.17632436848910590e-04,-4.17632436883956233e-04,-4.17632437713371545e-04,-4.17632435899815404e-04,-4.17632437493128559e-04,1.52165460136702291e-12,7.92400108202973019e-13,1.46523017243577192e-12,1.81355614119887987e-12,19,2,1,5.76460752303767552e+17,19,2,1,5.76460752303767552e+17,16,5,2,3.32306998945331719e+35,5.41728104000000030e+02,0,7.92400108202973019e-13,nan,0.00000000000000000e+00
9,0,-3.18884142635885055e-04,1.00000000000000000e+00,3.18884143539933918e-04,2,18,-3.18884141226768471e-04,-3.18884141173419490e-04,-3.18884142466221673e-04,-3.18884143539933918e-04,-3.18884143229047673e-04,-3.18884143586816067e-04,-3.18884141346201797e-04,-3.18884143453184680e-04,1.46246556531615113e-12,2.41339657676767350e-12,1.28968325819114882e-12,2.24061426964267119e-12,19,2,1,5.76460752303767552e+17,19,2,1,5.76460752303767552e+17,16,5,2,3.32306998945331719e+35,5.36231029000000035e+02,0,2.41339657676767350e-12,nan,0.00000000000000000e+00
9,1,-2.43004444005495463e-04,1.00000000000000000e+00,2.43004446090850517e-04,2,18,-2.43004445330821921e-04,-2.43004444740014083e-04,-2.43004441785119561e-04,-2.43004446090850517e-04,-2.43004444596139370e-04,-2.43004444189525120e-04,-2.43004443464495004e-04,-2.43004444497178763e-04,2.22037590136975327e-12,1.67937544296239971e-12,5.90643907481119834e-13,1.13164436588847339e-12,19,2,1,5.76460752303767552e+17,19,2,1,5.76460752303767552e+17,16,5,2,3.32306998945331719e+35,5.38797852000000034e+02,0,1.67937544296239971e-12,nan,0.00000000000000000e+00
9,2,-1.84791772644092600e-04,1.00000000000000000e+00,1.84791773653288988e-04,2,18,-1.84791771357494601e-04,-1.84791772727022167e-04,-1.84791773525850808e-04,-1.84791773653288988e-04,-1.84791773088710141e-04,-1.84791772941048229e-04,-1.84791771055727635e-04,-1.84791774754043784e-04,1.28659799827901544e-12,2.47012317284439620e-12,2.10995118403965731e-12,3.69831614876851844e-12,19,2,1,5.76460752303767552e+17,19,2,1,5.76460752303767552e+17,16,5,2,3.32306998945331719e+35,5.38806296999999972e+02,0,2.47012317284439620e-12,nan,0.00000000000000000e+00
9,3,-1.40271448948175374e-04,1.00000000000000000e+00,1.40271449700458105e-04,2,18,-1.40271449023949153e-04,-1.40271449700458105e-04,-1.40271449474551002e-04,-1.40271448576050788e-04,-1.40271449546049501e-04,-1.40271448274637461e-04,-1.40271449219201414e-04,-1.40271449443900932e-04,7.52282730467207505e-13,1.42582064319336788e-12,6.73537912726160370e-13,1.27141203923493429e-12,19,2,1,5.76460752303767552e+17,19,2,1,5.76460752303767552e+17,16,5,2,3.32306998945331719e+35,5.29414310999999998e+02,0,1.42582064319336788e-12,nan,0.00000000000000000e+00
10,0,-1.06279892534311707e-04,1.00000000000000000e+00,1.06279894435245382e-04,2,18,-1.06279891946164839e-04,-1.06279891619603023e-04,-1.06279891608321127e-04,-1.06279894435245382e-04,-1.06279893043079160e-04,-1.06279890937920814e-04,-1.06279892695811698e-04,-1.06279891230968220e-04,1.90093367479285402e-12,3.20427716207338092e-12,1.59639089328342948e-12,2.10515834636344074e-12,19,2,1,5.76460752303767552e+17,19,2,1,5.76460752303767552e+17,16,5,2,3.32306998945331719e+35,5.49125680999999986e+02,0,3.20427716207338092e-12,nan,0.00000000000000000e+00
10,1,-8.03991151664768872e-05,1.00000000000000000e+00,8.03991151389393176e-05,2,18,-8.03991146432543358e-05,-8.03991151389393176e-05,-8.03991133470860036e-05,-8.03991143176797262e-05,-8.03991153185504992e-05,-8.03991187381309952e-05,-8.03991156674915358e-05,-8.03991165906728128e-05,1.81939088361032786e-12,3.59919167765895137e-12,3.57165410799515498e-12,3.41958049604549480e-12,19,2,1,5.76460752303767552e+17,19,2,1,5.76460752303767552e+17,16,5,2,3.32306998945331719e+35,5.32414094999999975e+02,0,3.59919167765895137e-12,nan,0.00000000000000000e+00
10,2,-6.07263865878196525e-05,1.00000000000000000e+00,6.07263868650435818e-05,2,18,-6.07263868650435818e-05,-6.07263861682401338e-05,-6.07263851210488220e-05,-6.07263867851892661e-05,-6.07263854594348388e-05,-6.07263848329923103e-05,-6.07263859242232435e-05,-6.07263875657842355e-05,1.46677083049913740e-12,1.40560874300598576e-12,1.75482734219396461e-12,2.73279192515313990e-12,19,2,1,5.76460752303767552e+17,19,2,1,5.76460752303767552e+17,16,5,2,3.32306998945331719e+35,5.40479458000000022e+02,0,1.40560874300598576e-12,nan,0.00000000000000000e+00
10,3,-4.58093383514597934e-05,1.00000000000000000e+00,4.58093405238079441e-05,2,18,-4.58093360734850689e-05,-4.58093393884010443e-05,-4.58093395216996424e-05,-4.58093405238079441e-05,-4.58093372715489406e-05,-4.58093365465114653e-05,-4.58093387940010404e-05,-4.58093393683637142e-05,2.27797472454171340e-12,2.84188957902411360e-12,1.80494832811460212e-12,2.82185224893902881e-12,19,2,1,5.76460752303767552e+17,19,2,1,5.76460752303767552e+17,16,5,2,3.32306998945331719e+35,5.48646933999999987e+02,0,2.84188957902411360e-12,nan,0.00000000000000000e+00
11,0,-3.45159435771291820e-05,1.00000000000000000e+00,3.45159459453635341e-05,2,18,-3.45159430949011821e-05,-3.45159429479953791e-05,-3.45159459453635341e-05,-3.45159405559588320e-05,-3.45159412329570844e-05,-3.45159452623721916e-05,-3.45159454214556856e-05,-3.45159419256975999e-05,3.02117035002550521e-12,2.31437681248291421e-12,2.34417209764564011e-12,4.18849860123107071e-12,19,2,1,5.76460752303767552e+17,19,2,1,5.76460752303767552e+17,16,5,2,3.32306998945331719e+35,5.37566431999999963e+02,0,2.31437681248291421e-12,nan,0.00000000000000000e+00
11,1,-2.59841428029156655e-05,1.00000000000000000e+00,2.59841443155457949e-05,2,18,-2.59841443155457949e-05,-2.59841421092659888e-05,-2.59841417374280829e-05,-2.59841426833603633e-05,-2.59841411255792849e-05,-2.59841433277777136e-05,-2.59841403646550837e-05,-2.59841437804521173e-05,1.51263012938785898e-12,3.18996650993633342e-12,2.43826058180115178e-12,3.41579703365120328e-12,19,2,1,5.76460752303767552e+17,19,2,1,5.76460752303767552e+17,16,5,2,3.32306998945331719e+35,5.28965330999999992e+02,0,3.18996650993633342e-12,nan,0.00000000000000000e+00
11,2,-1.95475021330288055e-05,1.00000000000000000e+00,1.95475047513224794e-05,2,18,-1.95475035948548881e-05,-1.95475047513224794e-05,-1.95475009310355141e-05,-1.95475017330728007e-05,-1.95475048267761574e-05,-1.95475043833625546e-05,-1.95475028688121812e-05,-1.95475014884930502e-05,2.61829367391376751e-12,1.93777666710002322e-12,2.69374735191452164e-12,3.33828310724844715e-12,19,2,1,5.76460752303767552e+17,19,2,1,5.76460752303767552e+17,16,5,2,3.32306998945331719e+35,5.38529320999999982e+02,0,1.93777666710002322e-12,nan,0.00000000000000000e+00
11,3,-1.47000318828954257e-05,1.00000000000000000e+00,1.47000340270876304e-05,2,18,-1.47000306444212639e-05,-1.47000340270876304e-05,-1.47000333818736795e-05,-1.47000323615622603e-05,-1.47000322981198534e-05,-1.47000314454064067e-05,-1.47000309407676480e-05,-1.47000315397512166e-05,2.14419220463527623e-12,2.58168122364605020e-12,9.42127777701917690e-13,1.35735220535126294e-12,19,2,1,5.76460752303767552e+17,19,2,1,5.76460752303767552e+17,16,5,2,3.32306998945331719e+35,5.41541006000000039e+02,0,2.58168122364605020e-12,nan,0.00000000000000000e+00
12,0,-1.10533687554530806e-05,1.00000000000000000e+00,1.10533689396769123e-05,2,18,-1.10533689396769123e-05,-1.10533673785784972e-05,-1.10533672575143616e-05,-1.10533674936446942e-05,-1.10533655394103023e-05,-1.10533688075119441e-05,-1.10533669604564918e-05,-1.10533680979083680e-05,1.49793871900036173e-12,3.40026661002439633e-12,3.21604277835952669e-12,3.26810164183227638e-12,19,2,1,5.76460752303767552e+17,19,2,1,5.76460752303767552e+17,16,5,2,3.32306998945331719e+35,5.51839409000000046e+02,0,3.40026661002439633e-12,nan,0.00000000000000000e+00
12,1,-8.31363215888620852e-06,1.00000000000000000e+00,8.31363412868764637e-06,2,18,-8.31363386523756885e-06,-8.31363412868764637e-06,-8.31363139775517030e-06,-8.31363264992654951e-06,-8.31363304333751554e-06,-8.31362968223359242e-06,-8.31363072464480931e-06,-8.31363237331078816e-06,1.96980143784761252e-12,4.44645405395141090e-12,2.47665261610379838e-12,3.36110392312348114e-12,19,2,1,5.76460752303767552e+17,19,2,1,5.76460752303767552e+17,16,5,2,3.32306998945331719e+35,5.36036223999999947e+02,0,4.44645405395141090e-12,nan,0.00000000000000000e+00
12,2,-6.25669995080592282e-06,1.00000000000000000e+00,6.25670273726711167e-06,2,18,-6.25669983637106692e-06,-6.25669883027060156e-06,-6.25670178111805623e-06,-6.25670273726711167e-06,-6.25670224174680411e-06,-6.25669862704893813e-06,-6.25669966575312718e-06,-6.25670008443267676e-06,2.78646118884103315e-12,2.65283443490546425e-12,2.29094088128158416e-12,3.61469786597907149e-12,19,2,1,5.76460752303767552e+17,19,2,1,5.76460752303767552e+17,16,5,2,3.32306998945331719e+35,5.34784226999999987e+02,0,2.65283443490546425e-12,nan,0.00000000000000000e+00
12,3,-4.71356439953429080e-06,1.00000000000000000e+00,4.71356767983144270e-06,2,18,-4.71356340432017071e-06,-4.71356624645378416e-06,-4.71356767983144270e-06,-4.71356476383467245e-06,-4.71356577700446038e-06,-4.71356627891303961e-06,-4.71356276831765314e-06,-4.71356673057397523e-06,3.28029715190310918e-12,4.91151378956630616e-12,2.33103968443184933e-12,3.96225632209504632e-12,19,2,1,5.76460752303767552e+17,19,2,1,5.76460752303767552e+17,16,5,2,3.32306998945331719e+35,5.38926610999999980e+02,0,4.91151378956630616e-12,nan,0.00000000000000000e+00
13,0,-3.55606474769405059e-06,1.00000000000000000e+00,3.55606627778259544e-06,2,18,-3.55606627778259544e-06,-3.55606457804420641e-06,-3.55606577242431953e-06,-3.55606237057657131e-06,-3.55606364457442426e-06,-3.55606534329014552e-06,-3.55606784807300066e-06,-3.55606749609130504e-06,2.37711747928096343e-12,5.12551473372553482e-12,3.10037895006890960e-12,4.20349857640389029e-12,19,2,1,5.76460752303767552e+17,19,2,1,5.76460752303767552e+17,16,5,2,3.32306998945331719e+35,5.37111271999999985e+02,0,5.12551473372553482e-12,nan,0.00000000000000000e+00
13,1,-2.68789558826937406e-06,1.00000000000000000e+00,2.68789550585350240e-06,2,18,-2.68789508763681397e-06,-2.68789508091932432e-06,-2.68789550585350240e-06,-2.68789518125688552e-06,-2.68789732883380459e-06,-2.68789435583011864e-06,-2.68789703524194529e-06,-2.68789510127817668e-06,5.07350049745416065e-13,2.24119699061741599e-12,1.74056443052789025e-12,2.97300368595461786e-12,19,2,1,5.76460752303767552e+17,19,2,1,5.76460752303767552e+17,16,5,2,3.32306998945331719e+35,5.31195021999999994e+02,0,2.24119699061741599e-12,nan,0.00000000000000000e+00
13,2,-2.03638193629195596e-06,1.00000000000000000e+00,2.03638453244918570e-06,2,18,-2.03638062234088619e-06,-2.03638453244918570e-06,-2.03638166990660434e-06,-2.03638373446679495e-06,-2.03638465500349785e-06,-2.03638199568339604e-06,-2.03637835419571939e-06,-2.03637999411495228e-06,2.59615722974341242e-12,4.03266261165475853e-12,3.58209623657176532e-12,6.30080777845918412e-12,19,2,1,5.76460752303767552e+17,19,2,1,5.76460752303767552e+17,16,5,2,3.32306998945331719e+35,5.41696969999999965e+02,0,4.03266261165475853e-12,nan,0.00000000000000000e+00
13,3,-1.54709446456917375e-06,1.00000000000000000e+00,1.54709530215037618e-06,2,18,-1.54709311390330122e-06,-1.54709530215037618e-06,-1.54709318372549550e-06,-1.54709511334516946e-06,-1.54709264582819163e-06,-1.54709771931591329e-06,-1.54709506122822282e-06,-1.54709006709782537e-06,1.35066587253178795e-12,5.04624734408987683e-12,4.39747134838650163e-12,7.65221808791952313e-12,19,2,1,5.76460752303767552e+17,19,2,1,5.76460752303767552e+17,16,5,2,3.32306998945331719e+35,5.35596641999999974e+02,0,5.04624734408987683e-12,nan,0.00000000000000000e+00
14,0,-1.17913224067530541e-06,1.00000000000000000e+00,1.17913237089548108e-06,2,18,-1.17912900023616975e-06,-1.17913003898247392e-06,-1.17913077159823797e-06,-1.17913237089548108e-06,-1.17913014702505719e-06,-1.17913126275862936e-06,-1.17912778056478679e-06,-1.17913046335131108e-06,3.24043913565579293e-12,2.99103345118119574e-12,4.46011051861461315e-12,3.48219384256838514e-12,19,2,1,5.76460752303767552e+17,19,2,1,5.76460752303767552e+17,16,5,2,3.32306998945331719e+35,5.26163438000000042e+02,0,2.99103345118119574e-12,nan,0.00000000000000000e+00
14,1,-9.01943232218589465e-07,1.00000000000000000e+00,9.01945795248510672e-07,2,18,-9.01943301462268494e-07,-9.01942950377761708e-07,-9.01941547661122386e-07,-9.01945795248510672e-07,-9.01940658196878508e-07,-9.01943673205734269e-07,-9.01942266966761481e-07,-9.01941600834124505e-07,2.56302992120700752e-12,4.19441438616672521e-12,2.57402171095655222e-12,3.01500885576080793e-12,19,2,1,5.76460752303767552e+17,19,2,1,5.76460752303767552e+17,16,5,2,3.32306998945331719e+35,5.47683312999999998e+02,0,4.19441438616672521e-12,nan,0.00000000000000000e+00
14,2,-6.92647941061602053e-07,1.00000000000000000e+00,6.92647526828244139e-07,2,18,-6.92645148284190274e-07,-6.92647526828244139e-07,-6.92646922571070252e-07,-6.92647195393620275e-07,-6.92645027110128906e-07,-6.92646905998822781e-07,-6.92652126642811009e-07,-6.92646333778693360e-07,2.79277741177887568e-12,5.20407174075701140e-12,4.18558120895540215e-12,7.09953268210282147e-12,19,2,1,5.76460752303767552e+17,19,2,1,5.76460752303767552e+17,16,5,2,3.32306998945331719e+35,5.47555021000000011e+02,0,5.20407174075701140e-12,nan,0.00000000000000000e+00
14,3,-5.34189854654847042e-07,1.00000000000000000e+00,5.34194249072136398e-07,2,18,-5.34194249072136398e-07,-5.34187097423638869e-07,-5.34185298321247341e-07,-5.34188701767978191e-07,-5.34189887179350394e-07,-5.34189451455083236e-07,-5.34188164692509208e-07,-5.34185680413314538e-07,4.55633359970083031e-12,4.36189278600480733e-12,4.17424153250414563e-12,4.20676603585583514e-12,19,2,1,5.76460752303767552e+17,19,2,1,5.76460752303767552e+17,16,5,2,3.32306998945331719e+35,5.46601963999999953e+02,0,4.36189278600480733e-12,nan,0.00000000000000000e+00
15,0,-4.13821625765840129e-07,1.00000000000000000e+00,4.13824395578044602e-07,2,18,-4.13821976336429526e-07,-4.13822367808139199e-07,-4.13824395578044602e-07,-4.13823272122763443e-07,-4.13820661559264036e-07,-4.13819904557942248e-07,-4.13820356808880999e-07,-4.13820287717417495e-07,2.76981220447372430e-12,4.03876916360378820e-12,1.72120789788020518e-12,7.57001321788069862e-13,19,2,1,5.76460752303767552e+17,19,2,1,5.76460752303767552e+17,16,5,2,3.32306998945331719e+35,5.44897838999999976e+02,0,4.03876916360378820e-12,nan,0.00000000000000000e+00
15,1,-3.22054786312873906e-07,1.00000000000000000e+00,3.22064470283404600e-07,2,18,-3.22054064365660233e-07,-3.22064470283404600e-07,-3.22050719135417026e-07,-3.22057937917739864e-07,-3.22057150643003567e-07,-3.22051419234893580e-07,-3.22055905076876427e-07,-3.22052799001796071e-07,9.68397053069469533e-12,1.30510485110207120e-11,3.36707798032601671e-12,5.73140810998702755e-12,19,2,1,5.76460752303767552e+17,19,2,1,5.76460752303767552e+17,16,5,2,3.32306998945331719e+35,6.14165151000000037e+02,0,1.30510485110207120e-11,nan,0.00000000000000000e+00
15,2,-2.51796581718475213e-07,1.00000000000000000e+00,2.51798845214369279e-07,2,18,-2.51798434882229656e-07,-2.51797175694511683e-07,-2.51794654843293933e-07,-2.51798845214369279e-07,-2.51797054673284439e-07,-2.51799610788672251e-07,-2.51799862994721818e-07,-2.51799894373737146e-07,2.26349589406592812e-12,5.20815142788419360e-12,3.31265526193211813e-12,2.83970045270630228e-12,19,2,1,5.76460752303767552e+17,19,2,1,5.76460752303767552e+17,16,5,2,3.32306998945331719e+35,5.29241446999999994e+02,0,5.20815142788419360e-12,nan,0.00000000000000000e+00
15,3,-1.97767280570375294e-07,1.00000000000000000e+00,1.97770138525312947e-07,2,18,-1.97768208557262355e-07,-1.97767063798475106e-07,-1.97768248698940778e-07,-1.97770138525312947e-07,-1.97768706108955854e-07,-1.97770342470687288e-07,-1.97768127604042976e-07,-1.97773130527505255e-07,2.85795493765314108e-12,3.27867221218213754e-12,5.84995712996054862e-12,5.00292346227825686e-12,19,2,1,5.76460752303767552e+17,19,2,1,5.76460752303767552e+17,16,5,2,3.32306998945331719e+35,5.45582010999999966e+02,0,3.27867221218213754e-12,nan,0.00000000000000000e+00
16,0,-1.56017223770874999e-07,1.00000000000000000e+00,1.56022050415759652e-07,2,18,-1.56016749505504951e-07,-1.56019641967973673e-07,-1.56017329448314596e-07,-1.56022050415759652e-07,-1.56020021957500351e-07,-1.56011322294062691e-07,-1.56021311709688018e-07,-1.56014593184882216e-07,4.82664488465309486e-12,8.31967391098170076e-12,5.90147681230785276e-12,9.98941562532730862e-12,19,2,1,5.76460752303767552e+17,19,2,1,5.76460752303767552e+17,16,5,2,3.32306998945331719e+35,5.42800529999999981e+02,0,8.31967391098170076e-12,nan,0.00000000000000000e+00
16,1,-1.23594020580971039e-07,1.00000000000000000e+00,1.23597276225540879e-07,2,18,-1.23595195391189496e-07,-1.23591501140876404e-07,-1.23594597234151230e-07,-1.23597276225540879e-07,-1.23600823404571486e-07,-1.23587076590320599e-07,-1.23598460949427339e-07,-1.23586933763152123e-07,3.25564456984021603e-12,1.03424623887557330e-11,7.08681781891551694e-12,1.38896414193624077e-11,19,2,1,5.76460752303767552e+17,19,2,1,5.76460752303767552e+17,16,5,2,3.32306998945331719e+35,5.43019333999999958e+02,0,1.03424623887557330e-11,nan,0.00000000000000000e+00
16,2,-9.82881954291613980e-08,1.00000000000000000e+00,9.82953761198715023e-08,2,18,-9.82953761198715023e-08,-9.82918586185809669e-08,-9.82917132484913646e-08,-9.82914658056938575e-08,-9.82877680838060406e-08,-9.82888333280154582e-08,-9.82837351181116771e-08,-9.82871431663636512e-08,7.18069071010430458e-12,7.97813037968743085e-12,4.46031104972087845e-12,5.09820990378111153e-12,19,2,1,5.76460752303767552e+17,19,2,1,5.76460752303767552e+17,16,5,2,3.32306998945331719e+35,5.44461386999999945e+02,0,7.97813037968743085e-12,nan,0.00000000000000000e+00
16,3,-7.84389245354641802e-08,1.00000000000000000e+00,7.84455824113747118e-08,2,18,-7.84433314824595304e-08,-7.84455824113747118e-08,-7.84367617890057999e-08,-7.84363414402419279e-08,-7.84396172545413614e-08,-7.84393242466585246e-08,-7.84395512593076675e-08,-7.84374544420774622e-08,6.65787591053167442e-12,6.25816471618722983e-12,1.47009338671791384e-12,2.16281246389913719e-12,19,2,1,5.76460752303767552e+17,19,2,1,5.76460752303767552e+17,16,5,2,3.32306998945331719e+35,5.44430378000000019e+02,0,6.25816471618722983e-12,nan,0.00000000000000000e+00
17,0,-6.27943179255728181e-08,1.00000000000000000e+00,6.27954018044777072e-08,2,18,-6.27942699680468067e-08,-6.27932978380472551e-08,-6.27954018044777072e-08,-6.27923308802637075e-08,-6.27884427334829874e-08,-6.27933921422428163e-08,-6.27916630642851213e-08,-6.27838007412793525e-08,1.98704530911065270e-12,8.53013898435494305e-12,1.05171842934655958e-11,9.59140096346378482e-12,19,2,1,5.76460752303767552e+17,19,2,1,5.76460752303767552e+17,16,5,2,3.32306998945331719e+35,5.29766053000000056e+02,0,8.53013898435494305e-12,nan,0.00000000000000000e+00
17,1,-5.04016139692696576e-08,1.00000000000000000e+00,5.04054620896897467e-08,2,18,-5.04054620896897467e-08,-5.03971309810558930e-08,-5.04042725908060431e-08,-5.03995528130402619e-08,-5.04066610992743100e-08,-5.03975325177919442e-08,-5.04063405984812642e-08,-5.03962059519462555e-08,4.48298821376452433e-12,3.34686109400639869e-12,5.40801732340210262e-12,1.04551473280545110e-11,19,2,1,5.76460752303767552e+17,19,2,1,5.76460752303767552e+17,16,5,2,3.32306998945331719e+35,5.43080451000000039e+02,0,3.34686109400639869e-12,nan,0.00000000000000000e+00
17,2,-4.05477255436192888e-08,1.00000000000000000e+00,4.05542680783028819e-08,2,18,-4.05542680783028819e-08,-4.05408245324006753e-08,-4.05391704439583213e-08,-4.05459422525804133e-08,-4.05528649392609143e-08,-4.05462159722286424e-08,-4.05461129033052441e-08,-4.05440851119020450e-08,8.55509966096752389e-12,6.94245934692289167e-12,5.13939564162553261e-12,8.77982735886928887e-12,19,2,1,5.76460752303767552e+17,19,2,1,5.76460752303767552e+17,16,5,2,3.32306998945331719e+35,5.33587343000000033e+02,0,6.94245934692289167e-12,nan,0.00000000000000000e+00
17,3,-3.26797153601471237e-08,1.00000000000000000e+00,3.26813303365188769e-08,2,18,-3.26738147164696002e-08,-3.26782642137085050e-08,-3.26813303365188769e-08,-3.26712203725834354e-08,-3.26753628183410323e-08,-3.26841110818423440e-08,-3.26851363145381294e-08,-3.26797454724020143e-08,8.49498756368833314e-12,8.52509981857888084e-12,5.42095439100562652e-12,9.77349619709703966e-12,19,2,1,5.76460752303767552e+17,19,2,1,5.76460752303767552e+17,16,5,2,3.32306998945331719e+35,5.37552234999999996e+02,0,8.52509981857888084e-12,nan,0.00000000000000000e+00
18,0,-2.63756813683378738e-08,1.00000000000000000e+00,2.63772048459580632e-08,2,18,-2.63688500699798384e-08,-2.63772048459580632e-08,-2.63747979874671199e-08,-2.63764883934196633e-08,-2.63783084730623079e-08,-2.63743113572354325e-08,-2.63737320963707392e-08,-2.63721853674195848e-08,6.83129835803538639e-12,9.45840308246952042e-12,3.49600091828897885e-12,6.12310564272311288e-12,19,2,1,5.76460752303767552e+17,19,2,1,5.76460752303767552e+17,16,5,2,3.32306998945331719e+35,5.74142985999999951e+02,0,9.45840308246952042e-12,nan,0.00000000000000000e+00
18,1,-2.13111825384056037e-08,1.00000000000000000e+00,2.13160031405943118e-08,2,18,-2.13140469072932331e-08,-2.13052365951531125e-08,-2.13160031405943118e-08,-2.13065932506654605e-08,-2.13143479296161181e-08,-2.13081616829678531e-08,-2.13116077149987481e-08,-2.13151914859156412e-08,5.94594325249120170e-12,8.59823525018061821e-12,4.00894751003740776e-12,7.02980294778804622e-12,19,2,1,5.76460752303767552e+17,19,2,1,5.76460752303767552e+17,16,5,2,3.32306998945331719e+35,5.38772498000000041e+02,0,8.59823525018061821e-12,nan,0.00000000000000000e+00
18,2,-1.72292181027849153e-08,1.00000000000000000e+00,1.72376708579587583e-08,2,18,-1.72293741067394210e-08,-1.72376708579587583e-08,-1.72346388329817945e-08,-1.72216146610967974e-08,-1.72344590494552806e-08,-1.72231627418067359e-08,-1.72272957028805367e-08,-1.72324382284990116e-08,8.45275517384304459e-12,1.45081161520224663e-11,6.05536097817942168e-12,1.12963076485447779e-11,19,2,1,5.76460752303767552e+17,19,2,1,5.76460752303767552e+17,16,5,2,3.32306998945331719e+35,5.56207613000000038e+02,0,1.45081161520224663e-11,nan,0.00000000000000000e+00
18,3,-1.39338410637450177e-08,1.00000000000000000e+00,1.39384663257985889e-08,2,18,-1.39384663257985889e-08,-1.39348837858148068e-08,-1.39252447029797999e-08,-1.39365099066378120e-08,-1.39220534137970345e-08,-1.39335503043446932e-08,-1.39509374128984806e-08,-1.39291194265845842e-08,8.59636076521782506e-12,2.56927099186807184e-11,1.70963491534628934e-11,2.88839991014461504e-11,19,2,1,5.76460752303767552e+17,19,2,1,5.76460752303767552e+17,16,5,2,3.32306998945331719e+35,5.54377685000000042e+02,0,2.56927099186807184e-11,nan,0.00000000000000000e+00
19,0,-1.12643170618833645e-08,1.00000000000000000e+00,1.12760804921430783e-08,2,18,-1.12760804921430783e-08,-1.12635692582228122e-08,-1.12687232659875584e-08,-1.12730595074586646e-08,-1.12748169348840060e-08,-1.12660607125069652e-08,-1.12635856853883337e-08,-1.12697642061180911e-08,1.17634302597137704e-11,5.13758059922475117e-12,1.04998730006414659e-11,1.12312494956722786e-11,19,2,1,5.76460752303767552e+17,19,2,1,5.76460752303767552e+17,16,5,2,3.32306998945331719e+35,5.37212315999999987e+02,0,5.13758059922475117e-12,nan,0.00000000000000000e+00
19,1,-9.11626807349790887e-09,1.00000000000000000e+00,9.11951123425043529e-09,2,18,-9.11951123425043529e-09,-9.10745991102315057e-09,-9.11812119632032004e-09,-9.10802885715435261e-09,-9.10954311554826594e-09,-9.11017348489129389e-09,-9.11385975978197046e-09,-9.11535020825820730e-09,8.80816247475830142e-12,9.96811870216935406e-12,6.72495794964293392e-12,5.80709270994136275e-12,19,2,1,5.76460752303767552e+17,19,2,1,5.76460752303767552e+17,16,5,2,3.32306998945331719e+35,5.46276105000000030e+02,0,9.96811870216935406e-12,nan,0.00000000000000000e+00
19,2,-7.36672212165383215e-09,1.00000000000000000e+00,7.37915786736282228e-09,2,18,-7.35423990121603698e-09,-7.36667822395857330e-09,-7.37915786736282228e-09,-7.36858571832673485e-09,-7.36357329063127985e-09,-7.36176715837877074e-09,-7.36150751296917476e-09,-7.35954636644656779e-09,1.24822204377951689e-11,1.76503543936475206e-11,7.17575520726435201e-12,4.02692418471206041e-12,19,2,1,5.76460752303767552e+17,19,2,1,5.76460752303767552e+17,16,5,2,3.32306998945331719e+35,5.40198218999999995e+02,0,1.76503543936475206e-11,nan,0.00000000000000000e+00
19,3,-5.95221541603267946e-09,1.00000000000000000e+00,5.95995678739241872e-09,2,18,-5.94131458178796885e-09,-5.94771959573240450e-09,-5.95995678739241872e-09,-5.95170157495055251e-09,-5.95985659568660288e-09,-5.95747959244890297e-09,-5.95101811815138729e-09,-5.95179457779312298e-09,1.09008342447106171e-11,1.85420138986340379e-11,7.64117965392342080e-12,8.83847753521559444e-12,19,2,1,5.76460752303767552e+17,19,2,1,5.76460752303767552e+17,16,5,2,3.32306998945331719e+35,5.40660269999999969e+02,0,1.85420138986340379e-11,nan,0.00000000000000000e+00
20,0,-4.80255784409760615e-09,1.00000000000000000e+00,4.81313985706318000e-09,2,18,-4.81313985706318000e-09,-4.80526812716964730e-09,-4.80142894501688998e-09,-4.80249459538610012e-09,-4.80323707198299763e-09,-4.79946482293982001e-09,-4.80497920052474667e-09,-4.80335573995543264e-09,1.05820129655738506e-11,9.90278508018237584e-12,3.09302115778614118e-12,5.51437758492665848e-12,19,2,1,5.76460752303767552e+17,19,2,1,5.76460752303767552e+17,16,5,2,3.32306998945331719e+35,5.35653827999999976e+02,0,9.90278508018237584e-12,nan,0.00000000000000000e+00
20,1,-3.87243241103018171e-09,1.00000000000000000e+00,3.87969073682377685e-09,2,18,-3.87969073682377685e-09,-3.86801351856421146e-09,-3.87162388351476345e-09,-3.86961840156252518e-09,-3.88156789633218110e-09,-3.87442621599018774e-09,-3.87732784908898797e-09,-3.87884391941008199e-09,7.25832579359513308e-12,9.22551784755680495e-12,9.13548530199938116e-12,7.14168034199335344e-12,19,2,1,5.76460752303767552e+17,19,2,1,5.76460752303767552e+17,16,5,2,3.32306998945331719e+35,5.30518046000000027e+02,0,9.22551784755680495e-12,nan,0.00000000000000000e+00
20,2,-3.11821907293048523e-09,1.00000000000000000e+00,3.12794223665661817e-09,2,18,-3.12326254883922139e-09,-3.12095990580534329e-09,-3.12794223665661817e-09,-3.11593785606133306e-09,-3.10942756792449488e-09,-3.11340911560099158e-09,-3.11286786130272448e-09,-3.10832630890282315e-09,9.72316372613294307e-12,1.50743753538936942e-11,9.89276402766207991e-12,5.08280669816843304e-12,19,2,1,5.76460752303767552e+17,19,2,1,5.76460752303767552e+17,16,5,2,3.32306998945331719e+35,5.39395077000000015e+02,0,1.50743753538936942e-11,nan,0.00000000000000000e+00
20,3,-2.50789952651819639e-09,1.00000000000000000e+00,2.51592768964999865e-09,2,18,-2.51592768964999865e-09,-2.50276727157394280e-09,-2.50432441209589813e-09,-2.50672591509590558e-09,-2.49731815873715027e-09,-2.49137224081399029e-09,-2.51221477302733701e-09,-2.50432397663850533e-09,8.02816313180226381e-12,1.86095309128483750e-11,1.65272857042060974e-11,2.08425322133467245e-11,19,2,1,5.76460752303767552e+17,19,2,1,5.76460752303767552e+17,16,5,2,3.32306998945331719e+35,5.59786885999999981e+02,0,1.86095309128483750e-11,nan,0.00000000000000000e+00
21,0,-2.01095004295473065e-09,1.00000000000000000e+00,2.02969477006201518e-09,2,18,-2.02400319128884540e-09,-2.02969477006201518e-09,-2.01434787746656400e-09,-2.01402380065183240e-09,-1.99473635391970799e-09,-2.00251858608064409e-09,-2.01831072110689477e-09,-2.01499588179286271e-09,1.87447271072845238e-11,2.92668373691374093e-11,1.62136890350226639e-11,2.35743671871867815e-11,19,2,1,5.76460752303767552e+17,19,2,1,5.76460752303767552e+17,16,5,2,3.32306998945331719e+35,5.28355980000000045e+02,0,2.92668373691374093e-11,nan,0.00000000000000000e+00
21,1,-1.61601712252818527e-09,1.00000000000000000e+00,1.63451386449649033e-09,2,18,-1.63451386449649033e-09,-1.61203189106084591e-09,-1.62189722970985174e-09,-1.61440816539624289e-09,-1.62540805606253975e-09,-1.61972608880762546e-09,-1.60768543823901210e-09,-1.62903051206846718e-09,1.84967419683050567e-11,1.46223466722242940e-11,1.30133895402819097e-11,2.13450738294550767e-11,19,2,1,5.76460752303767552e+17,19,2,1,5.76460752303767552e+17,16,5,2,3.32306998945331719e+35,5.47503090000000043e+02,0,1.46223466722242940e-11,nan,0.00000000000000000e+00
21,2,-1.29313208395813184e-09,1.00000000000000000e+00,1.30379416045112820e-09,2,18,-1.29505071726977034e-09,-1.30379416045112820e-09,-1.28726764439214467e-09,-1.29382944467149492e-09,-1.29348336728638694e-09,-1.28783399393007310e-09,-1.28793797767290922e-09,-1.28758518497998270e-09,1.06620764929963637e-11,1.59601665210550988e-11,5.54689897814914156e-12,5.89818230640424024e-12,19,2,1,5.76460752303767552e+17,19,2,1,5.76460752303767552e+17,16,5,2,3.32306998945331719e+35,5.56431788999999981e+02,0,1.59601665210550988e-11,nan,0.00000000000000000e+00
21,3,-1.03592015676278728e-09,1.00000000000000000e+00,1.03994833043178840e-09,2,18,-1.02180360860148251e-09,-1.02666120176403609e-09,-1.03656709250590265e-09,-1.03994833043178840e-09,-1.03017433984464314e-09,-1.02375667419879075e-09,-1.03897466515298621e-09,-1.02069361943523139e-09,1.41165481613047654e-11,1.92547109965570128e-11,1.52265373275558903e-11,1.82810457177548178e-11,19,2,1,5.76460752303767552e+17,19,2,1,5.76460752303767552e+17,16,5,2,3.32306998945331719e+35,5.62372974999999997e+02,0,1.92547109965570128e-11,nan,0.00000000000000000e+00
22,0,-8.25921362059595081e-10,1.00000000000000000e+00,8.38339524248433286e-10,2,18,-8.27518317923886692e-10,-8.21696470121932996e-10,-8.17352258452173446e-10,-8.38339524248433286e-10,-8.35544772239048818e-10,-8.41397955682097268e-10,-8.13283245271626455e-10,-8.43261890973419615e-10,1.24181621888382055e-11,1.97014855601642727e-11,1.73405289138245339e-11,2.99786457017931592e-11,19,2,1,5.76460752303767552e+17,19,2,1,5.76460752303767552e+17,16,5,2,3.32306998945331719e+35,5.70961858000000007e+02,0,1.97014855601642727e-11,nan,0.00000000000000000e+00
22,1,-6.56838651951916560e-10,1.00000000000000000e+00,6.63224373111337447e-10,2,18,-6.61264481254009583e-10,-6.63224373111337447e-10,-6.61532435625253811e-10,-6.58470237283309053e-10,-6.56114970071845945e-10,-6.68854983578822539e-10,-6.52731154373515278e-10,-6.57359304898675646e-10,6.38572115942088625e-12,8.80128125173853266e-12,1.20163316269059781e-11,1.61238292053072606e-11,19,2,1,5.76460752303767552e+17,19,2,1,5.76460752303767552e+17,16,5,2,3.32306998945331719e+35,5.48429335000000037e+02,0,8.80128125173853266e-12,nan,0.00000000000000000e+00
22,2,-5.21336937547522185e-10,1.00000000000000000e+00,5.28595126000856707e-10,2,18,-5.28595126000856707e-10,-5.28257347806571453e-10,-5.03975119031024528e-10,-5.18245139337498336e-10,-5.18834781236670533e-10,-5.41135818777435891e-10,-5.24925923926033474e-10,-5.30296120540739033e-10,1.73618185164976568e-11,2.09508048950089460e-11,1.97988812299137065e-11,2.23010375407653583e-11,19,2,1,5.76460752303767552e+17,19,2,1,5.76460752303767552e+17,16,5,2,3.32306998945331719e+35,5.76906401999999957e+02,0,2.09508048950089460e-11,nan,0.00000000000000000e+00
22,3,-4.12949168745716393e-10,1.00000000000000000e+00,4.22637457003401340e-10,2,18,-4.22637457003401340e-10,-4.18257522485922976e-10,-4.01594349328533188e-10,-4.19640171791127726e-10,-4.08255969603207542e-10,-4.22138729830483686e-10,-4.24162032773174193e-10,-3.87118238948929844e-10,1.13548194171832054e-11,3.25219328421978812e-11,2.58309297967865487e-11,3.70437938242443485e-11,19,2,1,5.76460752303767552e+17,19,2,1,5.76460752303767552e+17,16,5,2,3.32306998945331719e+35,5.75589376000000016e+02,0,3.25219328421978812e-11,nan,0.00000000000000000e+00
23,0,-3.18581959241772279e-10,1.00000000000000000e+00,3.44056499410476721e-10,2,18,-3.44056499410476721e-10,-3.30053442404353151e-10,-3.37371097942956379e-10,-3.23448472416775987e-10,-3.33519244180004639e-10,-3.38564331899500514e-10,-3.24449509872660446e-10,-3.20259158027080633e-10,2.54745401687044430e-11,1.29215880702959327e-11,1.99823726577282351e-11,1.83051738724198810e-11,19,2,1,5.76460752303767552e+17,19,2,1,5.76460752303767552e+17,16,5,2,3.32306998945331719e+35,5.59800218999999970e+02,0,1.29215880702959327e-11,nan,0.00000000000000000e+00
23,1,-2.60685552398227777e-10,1.00000000000000000e+00,2.75789050018629186e-10,2,18,-2.47798117279774641e-10,-2.75789050018629186e-10,-2.48699532596838515e-10,-2.34996387150217580e-10,-2.52378939507447078e-10,-2.46368715188587163e-10,-2.60939163483172475e-10,-2.64921313070704946e-10,2.56891652480101962e-11,2.99249259204873657e-11,1.43168372096406142e-11,1.85525978821177837e-11,19,2,1,5.76460752303767552e+17,19,2,1,5.76460752303767552e+17,16,5,2,3.32306998945331719e+35,5.46033155999999963e+02,0,2.99249259204873657e-11,nan,0.00000000000000000e+00
23,2,-2.03932379650172231e-10,1.00000000000000000e+00,2.29318604559586481e-10,2,18,-2.04243299380483289e-10,-2.16537055738452640e-10,-2.02170724083654161e-10,-2.29318604559586481e-10,-1.99777380881636879e-10,-1.99690005008064191e-10,-1.89153709128369697e-10,-1.99644652492275544e-10,2.53862249094142500e-11,2.96739520673109365e-11,1.47786705218025337e-11,1.06236717532671820e-11,19,2,1,5.76460752303767552e+17,19,2,1,5.76460752303767552e+17,16,5,2,3.32306998945331719e+35,5.46491483000000017e+02,0,2.96739520673109365e-11,nan,0.00000000000000000e+00
23,3,-1.61902965821952318e-10,1.00000000000000000e+00,1.81695495124521954e-10,2,18,-1.81695495124521954e-10,-1.53192709026812410e-10,-1.47941731131073391e-10,-1.60974262317016691e-10,-1.56745634542797134e-10,-1.77145009450632344e-10,-1.65541403870020006e-10,-1.69300160496225043e-10,1.97925293025696364e-11,2.49498605817248197e-11,1.52420436286800264e-11,2.03993749078352096e-11,19,2,1,5.76460752303767552e+17,19,2,1,5.76460752303767552e+17,16,5,2,3.32306998945331719e+35,5.46348311999999964e+02,0,2.49498605817248197e-11,nan,0.00000000000000000e+00
24,0,-1.24782596324769649e-10,1.00000000000000000e+00,1.45743511181318064e-10,2,18,-1.39264967397679562e-10,-1.45743511181318064e-10,-1.26650756283625311e-10,-1.28895899150229525e-10,-1.29184562949641132e-10,-1.22551266272718010e-10,-1.18837625959261910e-10,-1.32648141672045947e-10,2.09609148565484151e-11,2.31922449086000544e-11,7.86554534727629769e-12,1.38105157127840367e-11,19,2,1,5.76460752303767552e+17,19,2,1,5.76460752303767552e+17,16,5,2,3.32306998945331719e+35,5.50806707999999958e+02,0,2.31922449086000544e-11,nan,0.00000000000000000e+00
24,1,-1.01566367439300845e-10,1.00000000000000000e+00,1.16472839225652884e-10,2,18,-1.09624213503916155e-10,-1.14922627960066157e-10,-1.16472839225652884e-10,-1.10317946639034340e-10,-1.22665841697701409e-10,-1.24113032979203501e-10,-9.01071552291605452e-11,-9.25190295637915803e-11,1.49064717863520391e-11,2.63656839964923389e-11,2.25466655399026563e-11,3.40058777500429560e-11,19,2,1,5.76460752303767552e+17,19,2,1,5.76460752303767552e+17,16,5,2,3.32306998945331719e+35,5.59973609000000010e+02,0,2.63656839964923389e-11,nan,0.00000000000000000e+00
24,2,-8.12302668719862967e-11,1.00000000000000000e+00,1.15257569801837463e-10,2,18,-1.15257569801837463e-10,-8.41552302649573460e-11,-9.16588916101984034e-11,-8.73193590054825404e-11,-1.09107194114942557e-10,-9.75329189915350826e-11,-9.20541070748195532e-11,-1.03108984427044788e-10,3.40273029298511662e-11,1.57896254215622477e-11,2.78769272429562599e-11,1.70530870401230034e-11,19,2,1,5.76460752303767552e+17,19,2,1,5.76460752303767552e+17,16,5,2,3.32306998945331719e+35,5.54189799999999991e+02,0,1.57896254215622477e-11,nan,0.00000000000000000e+00
24,3,-6.77887122668253165e-11,1.00000000000000000e+00,8.80229456881162720e-11,2,18,-7.83922383595347250e-11,-7.20961352680927780e-11,-5.36704431676965981e-11,-8.80229456881162720e-11,-4.82985938692739592e-11,-7.32007557857886429e-11,-5.99985417684097442e-11,-5.89363017396429667e-11,2.02342334212909555e-11,3.00936444902607657e-11,1.94901183975513572e-11,2.49021619165146836e-11,19,2,1,5.76460752303767552e+17,19,2,1,5.76460752303767552e+17,16,5,2,3.32306998945331719e+35,6.08331698999999958e+02,0,3.00936444902607657e-11,nan,0.00000000000000000e+00
25,0,-4.54664384724651880e-11,1.00000000000000000e+00,7.39194198333159233e-11,2,18,-4.47229932629076261e-11,-7.00787104177419100e-11,-7.39194198333159233e-11,-4.37295126899724451e-11,-5.36411502589076673e-11,-5.37596496320630990e-11,-3.58038055886155275e-11,-5.63242373120564926e-11,2.84529813608507353e-11,3.81156142447003958e-11,1.08577988395913046e-11,2.05204317234409651e-11,19,2,1,5.76460752303767552e+17,19,2,1,5.76460752303767552e+17,16,5,2,3.32306998945331719e+35,5.30036252999999988e+02,0,3.81156142447003958e-11,nan,0.00000000000000000e+00
25,1,-3.86727243057658557e-11,1.00000000000000000e+00,6.20684036062852620e-11,2,18,-5.47066303883784138e-11,-4.81299986639818698e-11,-6.20684036062852620e-11,-4.71507105139545885e-11,-2.73422389251496537e-11,-1.87784292541177002e-11,-3.69104145890912506e-11,-4.83309979909895898e-11,2.33956793005194063e-11,2.93515694098641696e-11,1.98942950516481555e-11,2.95525687368718896e-11,19,2,1,5.76460752303767552e+17,19,2,1,5.76460752303767552e+17,16,5,2,3.32306998945331719e+35,5.29528821999999991e+02,0,2.93515694098641696e-11,nan,0.00000000000000000e+00
25,2,-3.01567914264865542e-11,1.00000000000000000e+00,4.52768794069192294e-11,2,18,-4.16705227817098424e-11,-2.21218776930834923e-11,-4.52768794069192294e-11,-3.67746920929450770e-11,-6.37681064522578288e-11,-5.89157430687450485e-11,-2.51212999414583928e-11,-4.30216449714652320e-11,1.51200879804326752e-11,3.67938653756615530e-11,3.36113150257712746e-11,3.86468065107994360e-11,19,2,1,5.76460752303767552e+17,19,2,1,5.76460752303767552e+17,16,5,2,3.32306998945331719e+35,5.29021473000000015e+02,0,3.67938653756615530e-11,nan,0.00000000000000000e+00
25,3,-2.63583452260589919e-11,1.00000000000000000e+00,4.31970314749035654e-11,2,18,-3.75205078184830462e-11,-2.28294206905738361e-11,-3.88238233293040315e-11,-4.31970314749035654e-11,-5.08224548472616305e-11,-3.99471106766632488e-11,-5.03001306357437550e-11,-4.35566135640743305e-11,1.68386862488445736e-11,1.71176899860894126e-11,2.44641096212026386e-11,1.08753441705983817e-11,19,2,1,5.76460752303767552e+17,19,2,1,5.76460752303767552e+17,16,5,2,3.32306998945331719e+35,5.44253854000000047e+02,0,1.71176899860894126e-11,nan,0.00000000000000000e+00
26,0,-2.30547282880270385e-11,1.00000000000000000e+00,3.60139510126302594e-11,2,18,-3.60139510126302594e-11,-1.60341674470733593e-11,2.35821705439688373e-12,-2.61743119395540479e-11,-4.40620061284389402e-11,-2.35611115161960017e-11,-5.87402938323166061e-11,-4.10804537273163590e-12,2.54129453424239223e-11,6.10985108867134930e-11,3.56855655442895676e-11,5.46322484595849686e-11,19,2,1,5.76460752303767552e+17,19,2,1,5.76460752303767552e+17,16,5,2,3.32306998945331719e+35,5.27091265000000021e+02,0,6.10985108867134930e-11,nan,0.00000000000000000e+00
26,1,-2.42508765532922893e-11,1.00000000000000000e+00,3.95722737537993903e-11,2,18,-2.47776820438783419e-11,-3.95722737537993903e-11,-2.08263071415174663e-11,-3.87096774606377309e-11,-6.42599263522907062e-13,-5.85392977689786953e-12,-5.27157100908502663e-11,-1.43562513506715159e-11,1.53213972005071010e-11,3.37183439769015192e-11,2.84648335375579770e-11,5.20731108273273592e-11,19,2,1,5.76460752303767552e+17,19,2,1,5.76460752303767552e+17,16,5,2,3.32306998945331719e+35,5.14065968999999996e+02,0,3.37183439769015192e-11,nan,0.00000000000000000e+00
26,2,-1.86921563426615683e-11,1.00000000000000000e+00,3.38743470084653377e-11,2,18,-3.12362479388861184e-11,1.97055547309317260e-11,-1.56509638574276210e-11,-3.38743470084653377e-11,-3.91999027046317297e-11,-1.76665012364772160e-11,-3.74909062860255406e-11,5.03496871983719661e-13,3.83977110735932976e-11,3.73720559674089420e-11,2.05077463619701614e-11,3.97033995766154494e-11,19,2,1,5.76460752303767552e+17,19,2,1,5.76460752303767552e+17,16,5,2,3.32306998945331719e+35,5.24693109000000049e+02,0,3.73720559674089420e-11,nan,0.00000000000000000e+00
26,3,-1.61390238748661533e-11,1.00000000000000000e+00,5.24318847809268655e-11,2,18,1.30155080563878189e-12,4.42191309527103940e-12,-5.24318847809268655e-11,-3.60337978939024339e-11,-3.72968355293952156e-11,-3.28151254876643557e-11,-3.33437557434828795e-11,-3.70924811782640997e-11,3.62928609060607122e-11,3.85983863350339975e-11,2.11578116545290623e-11,4.48171004173085992e-12,19,2,1,5.76460752303767552e+17,19,2,1,5.76460752303767552e+17,16,5,2,3.32306998945331719e+35,5.23703962000000047e+02,0,3.85983863350339975e-11,nan,0.00000000000000000e+00
27,0,-3.23763885523868231e-11,1.00000000000000000e+00,3.52035485951658969e-11,2,18,3.67276180670480941e-12,1.58186333676025597e-11,-3.52035485951658969e-11,-8.27811496185534821e-12,-5.85493969431331536e-12,-2.09975006154791957e-11,9.66538038121175681e-12,-2.23963688793587636e-11,4.81950219199893860e-11,4.48689289763776521e-11,4.20417689335985783e-11,3.20617492605705188e-11,19,2,1,5.76460752303767552e+17,19,2,1,5.76460752303767552e+17,16,5,2,3.32306998945331719e+35,5.47281073999999990e+02,0,4.48689289763776521e-11,nan,0.00000000000000000e+00
27,1,-8.21733657935599596e-12,1.00000000000000000e+00,3.59247693463198919e-11,2,18,3.59247693463198919e-11,1.93422413668834455e-12,-3.02629795409657047e-11,-2.91665762408538645e-11,-1.72092867360946171e-11,-6.94065892907978869e-12,-2.32946257624266900e-11,-2.47327875779726681e-12,4.41421059256758862e-11,5.31340560824145090e-11,1.50772891830706956e-11,2.08213470046294240e-11,19,2,1,5.76460752303767552e+17,19,2,1,5.76460752303767552e+17,16,5,2,3.32306998945331719e+35,5.49397789999999986e+02,0,5.31340560824145090e-11,nan,0.00000000000000000e+00
27,2,-1.19876684390199967e-11,1.00000000000000000e+00,4.67244244941298735e-11,2,18,-7.12296877149707185e-12,4.67244244941298735e-11,-1.44421354742818310e-11,1.07427226846848653e-11,1.98250981509235861e-11,-7.13342115064061961e-11,-4.48704951981278842e-12,9.35447834309591823e-13,5.87120929331498703e-11,1.18058636000536083e-10,5.93465430673861993e-11,9.11593096573297821e-11,19,2,1,5.76460752303767552e+17,19,2,1,5.76460752303767552e+17,16,5,2,3.32306998945331719e+35,5.48459075999999982e+02,0,1.18058636000536083e-10,nan,0.00000000000000000e+00
27,3,-7.70461038958407594e-12,1.00000000000000000e+00,2.94737879362832648e-11,2,18,2.55926845393263838e-11,-3.55026995097607226e-12,-2.14759724569093359e-11,2.94737879362832648e-11,2.32672150543605576e-12,2.08498242186735116e-11,-5.63795128506357157e-12,-3.29960831786072707e-11,3.71783983258673375e-11,6.24698711148905290e-11,2.85544346082575875e-11,5.38459073972807823e-11,19,2,1,5.76460752303767552e+17,19,2,1,5.76460752303767552e+17,16,5,2,3.32306998945331719e+35,5.51397217999999953e+02,0,6.24698711148905290e-11,nan,0.00000000000000000e+00
28,0,1.72355604544210328e-12,1.00000000000000000e+00,4.00979622453865106e-11,2,18,1.77498278729898268e-11,-2.31794790224914810e-11,-4.00979622453865106e-11,-5.45105087709790894e-12,3.98526428531679876e-11,-2.16427056569717224e-11,-6.85941204860585910e-12,1.77179461031835385e-12,4.18215182908286139e-11,3.32385501967806547e-11,3.81290868077258843e-11,6.14953485101397036e-11,19,2,1,5.76460752303767552e+17,19,2,1,5.76460752303767552e+17,16,5,2,3.32306998945331719e+35,5.51955175000000054e+02,0,3.32385501967806547e-11,nan,0.00000000000000000e+00
28,1,-1.71483395844231823e-11,1.00000000000000000e+00,8.66002258037902818e-11,2,18,4.56404337893475957e-11,-8.66002258037902818e-11,1.11944980102114551e-11,-2.83993771815829748e-11,6.18374804538652480e-12,7.14175061096350988e-12,-2.20087388230763801e-11,-2.70148320638856466e-11,6.94518862193671027e-11,9.37419764147537949e-11,2.42900901953866922e-11,3.41565826748491564e-11,19,2,1,5.76460752303767552e+17,19,2,1,5.76460752303767552e+17,16,5,2,3.32306998945331719e+35,5.43756136999999967e+02,0,9.37419764147537949e-11,nan,0.00000000000000000e+00
28,2,-2.10095329171743202e-11,1.00000000000000000e+00,3.28756565535210967e-11,2,18,-3.28756565535210967e-11,1.37811924032391568e-11,-5.03945629511216623e-12,2.95659925147604253e-12,-7.23622675149169646e-11,-3.63138703892847412e-11,-4.89604989677064960e-12,-8.46510560718463831e-12,3.47907253204134786e-11,5.00950627925238964e-11,5.13527345977426411e-11,6.74662176181463150e-11,19,2,1,5.76460752303767552e+17,19,2,1,5.76460752303767552e+17,16,5,2,3.32306998945331719e+35,5.43470107999999982e+02,0,5.00950627925238964e-11,nan,0.00000000000000000e+00
28,3,-2.16683314044215138e-11,1.00000000000000000e+00,3.96880933451029037e-11,2,18,3.96880933451029037e-11,2.48943541580181642e-11,-1.65259144591148150e-11,1.35408907710890906e-11,-2.87550704774690611e-11,2.69238760878423974e-11,-2.51897008103318292e-11,2.72655983041142723e-12,6.13564247495244175e-11,6.84431638225719712e-11,4.85922074922639112e-11,5.56789465653114585e-11,19,2,1,5.76460752303767552e+17,19,2,1,5.76460752303767552e+17,16,5,2,3.32306998945331719e+35,5.51102980000000002e+02,0,6.84431638225719712e-11,nan,0.00000000000000000e+00
29,0,-3.02836493135335094e-11,1.00000000000000000e+00,6.95279282169176053e-11,2,18,6.69880528982148957e-12,-5.30862401137112411e-11,-6.95279282169176053e-11,-1.57356015497754312e-11,2.29534622942125153e-11,-1.62725410492370655e-11,-3.96694294376820357e-12,-1.00734134079352721e-10,3.92442789033840959e-11,8.49985325295772838e-11,7.04504847658192121e-11,1.23687596373565230e-10,19,2,1,5.76460752303767552e+17,19,2,1,5.76460752303767552e+17,16,5,2,3.32306998945331719e+35,5.31548971000000051e+02,0,8.49985325295772838e-11,nan,0.00000000000000000e+00
29,1,-2.20132585335650932e-11,1.00000000000000000e+00,5.53916030990011408e-11,2,18,-2.35149250467702339e-11,4.21737558373421558e-11,-5.53916030990011408e-11,-2.25422177495734102e-11,1.99258818751566774e-11,6.12416815721160919e-11,-9.01898752866541548e-11,-4.99543865222479353e-12,6.41870143709072522e-11,4.34408069219269081e-11,8.32549401056811818e-11,1.51431556858770234e-10,19,2,1,5.76460752303767552e+17,19,2,1,5.76460752303767552e+17,16,5,2,3.32306998945331719e+35,5.48148143000000005e+02,0,4.34408069219269081e-11,nan,0.00000000000000000e+00
29,2,-2.86382483516040479e-11,1.00000000000000000e+00,2.87038324004638260e-11,2,18,2.87038324004638260e-11,-1.35946340649184864e-11,-1.29233040301781288e-11,1.51769147243751795e-11,3.92865389999336573e-11,-8.76185090953662109e-11,-1.63395749426677584e-11,1.90446865290679221e-11,5.73420807520678740e-11,7.40238750304477309e-11,6.79247873515377117e-11,1.26905048095299855e-10,19,2,1,5.76460752303767552e+17,19,2,1,5.76460752303767552e+17,16,5,2,3.32306998945331719e+35,5.29740308000000027e+02,0,7.40238750304477309e-11,nan,0.00000000000000000e+00
29,3,-3.06680979399072250e-11,1.00000000000000000e+00,9.18784626494274745e-11,2,18,1.17260337820649529e-11,-9.18784626494274745e-11,3.07230742644613732e-11,2.44964283675464984e-11,-2.86580611414625540e-11,-8.49004970267781191e-11,4.94812003099277682e-11,-2.44552904111262714e-11,6.13911722043686046e-11,4.89517187786727698e-11,8.01492982498349867e-11,1.34381697336705881e-10,19,2,1,5.76460752303767552e+17,19,2,1,5.76460752303767552e+17,16,5,2,3.32306998945331719e+35,5.31743153000000007e+02,0,4.89517187786727698e-11,nan,0.00000000000000000e+00
30,0,-2.20961260216864780e-11,1.00000000000000000e+00,4.75779514914596079e-11,2,18,-4.75779514914596079e-11,-1.84160296636293322e-11,2.75345034361114511e-11,-4.25363478692025902e-11,-7.66290886170757820e-11,-3.35333331031975452e-11,-7.05306344743231398e-11,3.18367837434655540e-11,4.96306294577979292e-11,9.80651379104345909e-11,5.45329625953893039e-11,1.08465872360541336e-10,19,2,1,5.76460752303767552e+17,19,2,1,5.76460752303767552e+17,16,5,2,3.32306998945331719e+35,6.27225004000000013e+02,0,9.80651379104345909e-11,nan,0.00000000000000000e+00
30,1,-2.90373135392142878e-11,1.00000000000000000e+00,7.43678207268573877e-11,2,18,-1.14347942959566681e-12,-7.43678207268573877e-11,-3.90478238623309035e-11,-3.06572026942714235e-11,-1.39015479902741302e-11,-8.73308024196531474e-12,-1.57186946573674418e-11,1.03497352995751259e-10,4.53305071876430999e-11,1.34154555690022689e-10,1.32534666534965541e-10,1.19216047653118705e-10,19,2,1,5.76460752303767552e+17,19,2,1,5.76460752303767552e+17,16,5,2,3.32306998945331719e+35,5.77283906000000002e+02,0,1.34154555690022689e-10,nan,0.00000000000000000e+00
30,2,-1.78019012341279807e-11,1.00000000000000000e+00,6.76259682727347108e-11,2,18,4.88922930652008162e-11,-6.76259682727347108e-11,-1.86728675636567628e-11,-3.14812046548108047e-11,3.05907258941232017e-11,9.28874195973859786e-12,2.34866689890184834e-11,-7.26525425709547451e-11,6.66941942993287937e-11,7.69147102324733087e-11,5.48506413368267677e-11,1.03243268465077953e-10,19,2,1,5.76460752303767552e+17,19,2,1,5.76460752303767552e+17,16,5,2,3.32306998945331719e+35,5.80252733000000035e+02,0,7.69147102324733087e-11,nan,0.00000000000000000e+00
30,3,-2.38027637952818074e-11,1.00000000000000000e+00,5.38156425588613934e-11,2,18,4.65710941071062880e-12,5.38156425588613934e-11,2.14447089386590420e-11,8.74555615043000219e-12,-1.02589063446414649e-11,-3.67914948520504692e-11,-3.29774185389933633e-11,-9.10285008837930941e-11,7.76184063541431976e-11,9.97740570342230898e-11,6.72257370885112834e-11,8.07695945391516260e-11,19,2,1,5.76460752303767552e+17,19,2,1,5.76460752303767552e+17,16,5,2,3.32306998945331719e+35,6.30301008000000024e+02,0,9.97740570342230898e-11,nan,0.00000000000000000e+00
31,0,6.53915699536846193e-12,1.00000000000000000e+00,7.73922479028883070e-11,2,18,-7.73922479028883070e-11,-6.66851737460327114e-11,5.80372906911346310e-12,3.89866226129946015e-11,5.73359853372546041e-11,-7.31946880642007895e-12,-7.74367655145667185e-11,3.88721205086940011e-11,8.39314048982567633e-11,1.34728233240142905e-10,8.39759225099351748e-11,1.34772750851821329e-10,19,2,1,5.76460752303767552e+17,19,2,1,5.76460752303767552e+17,16,5,2,3.32306998945331719e+35,5.90126766999999973e+02,0,1.34728233240142905e-10,nan,0.00000000000000000e+00
31,1,4.15595718187116961e-12,1.00000000000000000e+00,9.70142767854874488e-11,2,18,-5.80730340404007480e-11,8.90967427130964193e-12,-1.67741986367037043e-11,-9.70142767854874488e-11,-3.33116971711625548e-11,3.87738085545293909e-11,3.71812056395942464e-11,-5.11459181311893991e-11,1.01170233967358617e-10,5.39554042762979540e-11,5.53018753130605671e-11,8.99197266857187900e-11,19,2,1,5.76460752303767552e+17,19,2,1,5.76460752303767552e+17,16,5,2,3.32306998945331719e+35,5.83910834000000023e+02,0,5.39554042762979540e-11,nan,0.00000000000000000e+00
31,2,8.88411363050323087e-12,1.00000000000000000e+00,4.33758074192001154e-11,2,18,-1.29273548058650569e-11,2.88363469324202409e-11,-3.29973170084663726e-11,-4.33758074192001154e-11,-2.44493498355309904e-11,4.31581266844655260e-11,4.24391350556979505e-11,-3.10528092466730505e-11,5.22599210497033462e-11,7.54364520641643166e-11,3.99369228771762814e-11,7.42109359311385765e-11,19,2,1,5.76460752303767552e+17,19,2,1,5.76460752303767552e+17,16,5,2,3.32306998945331719e+35,6.00873635000000036e+02,0,7.54364520641643166e-11,nan,0.00000000000000000e+00
31,3,4.61110040592367891e-12,1.00000000000000000e+00,9.44683841305197776e-11,2,18,-2.63170212578583099e-11,-3.43041466344780090e-11,-4.76059232688902734e-11,-9.44683841305197776e-11,-4.82415492111199591e-11,2.47498443713609320e-13,8.75678610683618900e-11,-1.52967646164946807e-12,9.90794845364434500e-11,1.35173784337252157e-10,8.29567606624382175e-11,1.35809410279481843e-10,19,2,1,5.76460752303767552e+17,19,2,1,5.76460752303767552e+17,16,5,2,3.32306998945331719e+35,5.91846459999999979e+02,0,1.35173784337252157e-10,nan,0.00000000000000000e+00
32,0,-2.92467629871175875e-11,1.00000000000000000e+00,9.77858025662339764e-11,2,18,-6.62152916401790716e-11,5.06813387326851698e-11,9.77858025662339764e-11,-2.64977540836731331e-11,6.84112663649461087e-11,-5.24590434014950281e-11,-7.24803019677038166e-11,2.89651069711362990e-11,1.27032565553351570e-10,1.70266104533937793e-10,9.76580293520637026e-11,1.40891568332649925e-10,19,2,1,5.76460752303767552e+17,19,2,1,5.76460752303767552e+17,16,5,2,3.32306998945331719e+35,5.61553552999999965e+02,0,1.70266104533937793e-10,nan,0.00000000000000000e+00
32,1,-4.47127481330914119e-11,1.00000000000000000e+00,7.57457566741464504e-11,2,18,-1.54350772291296198e-11,-1.97387489337565165e-12,-7.57457566741464504e-11,7.27822798604921163e-11,-6.30814276748446464e-11,-1.01394518822315946e-10,-2.69685672630323340e-11,-1.02071764485502494e-10,1.17495027993583515e-10,1.74854044345994610e-10,5.73590163524110816e-11,7.51031972224701563e-11,19,2,1,5.76460752303767552e+17,19,2,1,5.76460752303767552e+17,16,5,2,3.32306998945331719e+35,5.45615694999999960e+02,0,1.74854044345994610e-10,nan,0.00000000000000000e+00
32,2,-3.05593799334803709e-11,1.00000000000000000e+00,1.32637979096383831e-10,2,18,2.40745381973415739e-11,-1.32637979096383831e-10,2.06263248150751942e-11,4.78588591386154541e-11,1.08081495276608105e-11,4.65101073307256465e-11,9.61530490941902239e-11,-8.11117537350484238e-11,1.02078599162903461e-10,1.79148086427109478e-10,1.26712429027670582e-10,1.77264802829238648e-10,19,2,1,5.76460752303767552e+17,19,2,1,5.76460752303767552e+17,16,5,2,3.32306998945331719e+35,5.43487151000000040e+02,0,1.79148086427109478e-10,nan,0.00000000000000000e+00
32,3,-2.57314016875355637e-11,1.00000000000000000e+00,7.80853227227275659e-11,2,18,7.80853227227275659e-11,-4.41168809548926274e-11,-3.33928448891069471e-11,-4.03721138456574204e-11,4.22324960201269834e-11,7.63246106383108638e-11,9.21228775554089562e-12,-8.29886534595609402e-12,1.03816724410263133e-10,1.20441491593203491e-10,1.02056012325846431e-10,8.46234759842669514e-11,19,2,1,5.76460752303767552e+17,19,2,1,5.76460752303767552e+17,16,5,2,3.32306998945331719e+35,6.36187898000000018e+02,0,1.20441491593203491e-10,nan,0.00000000000000000e+00
33,0,-2.26327673005267056e-11,1.00000000000000000e+00,1.44896293994759505e-10,2,18,1.33493160714958800e-11,-1.26242886551430152e-10,-6.41844051317820805e-11,1.44896293994759505e-10,6.48737422936269320e-12,4.84800807704717443e-11,-7.08859023572060049e-11,9.49572780117419515e-11,1.67529061295286221e-10,1.74722967321901890e-10,1.17590045312268667e-10,1.65843180368947956e-10,19,2,1,5.76460752303767552e+17,19,2,1,5.76460752303767552e+17,16,5,2,3.32306998945331719e+35,5.70130092999999988e+02,0,1.74722967321901890e-10,nan,0.00000000000000000e+00
33,1,-1.88028031754741514e-11,1.00000000000000000e+00,9.44811024982897972e-11,2,18,-5.47609517405895234e-11,-6.01859587059272380e-11,-9.44811024982897972e-11,3.91923895863955791e-11,2.41487641738392751e-11,-1.46933266356930543e-11,-1.39860906963342776e-10,3.16367273228347872e-11,7.56782993228156458e-11,7.89097159144287921e-11,1.21058103787868638e-10,1.71497634286177550e-10,19,2,1,5.76460752303767552e+17,19,2,1,5.76460752303767552e+17,16,5,2,3.32306998945331719e+35,5.54056719000000044e+02,0,7.89097159144287921e-11,nan,0.00000000000000000e+00
33,2,-1.92991123018755370e-11,1.00000000000000000e+00,1.46243710975984782e-10,2,18,3.55869702359493202e-11,-6.29113892567237357e-11,2.73073388468218889e-11,1.46243710975984782e-10,8.18861577451809439e-11,-9.06353478334980936e-11,6.11254511325431990e-11,-4.68560126235908153e-11,1.65542823277860319e-10,1.93099723599575598e-10,1.01185270047056481e-10,1.72521505578679038e-10,19,2,1,5.76460752303767552e+17,19,2,1,5.76460752303767552e+17,16,5,2,3.32306998945331719e+35,5.49315438999999969e+02,0,1.93099723599575598e-10,nan,0.00000000000000000e+00
33,3,-2.98159387341902423e-11,1.00000000000000000e+00,1.72283698897768304e-10,2,18,-6.46186526848426842e-11,1.72283698897768304e-10,-2.82406798304286683e-11,-1.60599597507209794e-10,-3.32379367642070978e-12,-9.64610297518083304e-11,8.10405455453767441e-11,-1.06839723518448805e-11,2.02099637631958539e-10,2.68744728649576647e-10,1.10856484279566993e-10,1.77501575297185074e-10,19,2,1,5.76460752303767552e+17,19,2,1,5.76460752303767552e+17,16,5,2,3.32306998945331719e+35,5.71574983999999972e+02,0,2.68744728649576647e-10,nan,0.00000000000000000e+00
34,0,2.22884661101788755e-11,1.00000000000000000e+00,1.69095112859043932e-10,2,18,2.52623893457564889e-11,3.44420710294801736e-11,-5.56102695774819430e-11,-1.69095112859043932e-10,-6.08120086770687544e-12,6.57575654064283156e-11,-3.43143060272369185e-11,1.01491846552413569e-10,1.91383578969222801e-10,2.70586959411457475e-10,7.92033804422346998e-11,1.35806152579650481e-10,19,2,1,5.76460752303767552e+17,19,2,1,5.76460752303767552e+17,16,5,2,3.32306998945331719e+35,5.96043473999999946e+02,0,2.70586959411457475e-10,nan,0.00000000000000000e+00
34,1,1.84641760981019246e-11,1.00000000000000000e+00,4.42616008138396792e-11,2,18,-7.91232126343578389e-12,4.42616008138396792e-11,3.65128150302439219e-11,-7.39359327164282334e-13,-2.39030759519643565e-11,3.82040354012634063e-11,-6.10691570020786016e-11,-2.39284428688297741e-11,2.63764973615377085e-11,9.75819720323225235e-11,7.95333331001805295e-11,9.92731924033420080e-11,19,2,1,5.76460752303767552e+17,19,2,1,5.76460752303767552e+17,16,5,2,3.32306998945331719e+35,5.75610379999999964e+02,0,9.75819720323225235e-11,nan,0.00000000000000000e+00
34,2,2.93252144118564972e-11,1.00000000000000000e+00,7.33612712882723234e-11,2,18,9.14326033516582773e-12,7.33612712882723234e-11,1.73849478441733985e-11,-5.21161628097034925e-11,-1.37431161359596737e-11,6.71403926804124770e-11,2.34559185182433020e-11,-3.51762220036241288e-11,8.14413772215599833e-11,2.28863764711254998e-11,6.45014364154806325e-11,1.02316614684036606e-10,19,2,1,5.76460752303767552e+17,19,2,1,5.76460752303767552e+17,16,5,2,3.32306998945331719e+35,5.37369139000000018e+02,0,2.28863764711254998e-11,nan,0.00000000000000000e+00
34,3,3.14443480239451010e-11,1.00000000000000000e+00,1.42584759315167240e-10,2,18,1.42584759315167240e-10,1.41042210553099649e-10,-9.12864763149604537e-11,6.21837755953038700e-11,7.82508065399071589e-12,1.04674903875046846e-10,7.94503914710540980e-11,-2.33235146234875831e-12,1.22730824338905548e-10,1.70736867786014552e-10,7.32305558511017510e-11,1.07007255337395597e-10,19,2,1,5.76460752303767552e+17,19,2,1,5.76460752303767552e+17,16,5,2,3.32306998945331719e+35,5.36761530999999991e+02,0,1.70736867786014552e-10,nan,0.00000000000000000e+00
35,0,-1.98497980558471978e-12,1.00000000000000000e+00,1.22556618196273067e-10,2,18,6.53230490043061434e-11,-1.22556618196273067e-10,-1.11963999735197555e-10,1.09912905821169867e-10,5.46671554099946130e-11,8.30252470162687033e-11,-8.67196111830068997e-11,1.53060319060401732e-10,1.20571638390688343e-10,2.05581865212541771e-10,1.55045298865986457e-10,2.39779930243408619e-10,19,2,1,5.76460752303767552e+17,19,2,1,5.76460752303767552e+17,16,5,2,3.32306998945331719e+35,5.84993505000000027e+02,0,2.05581865212541771e-10,nan,0.00000000000000000e+00
35,1,-3.80158556744211055e-12,1.00000000000000000e+00,1.49956596952749296e-11,2,18,3.19908505367280089e-12,7.22959376686452787e-12,1.49956596952749296e-11,-1.33600217419615259e-11,-5.64473327170086213e-11,-7.54671815837187854e-11,-1.14734872802014439e-10,-1.34064623256255681e-10,1.87972452627170394e-11,1.29730532497289376e-10,1.30263037688813575e-10,7.76172905392470663e-11,19,2,1,5.76460752303767552e+17,19,2,1,5.76460752303767552e+17,16,5,2,3.32306998945331719e+35,5.57783828999999969e+02,0,1.29730532497289376e-10,nan,0.00000000000000000e+00
35,2,-4.18657850318530224e-11,1.00000000000000000e+00,1.90033760130333590e-10,2,18,-7.41068087648530532e-11,-1.50393724187874858e-10,1.90033760130333590e-10,-6.13218181625697129e-11,-1.88776420336517566e-10,7.89868279747456794e-12,-1.25062061937046948e-10,8.26141258535952387e-11,2.31899545162186606e-10,3.15095822067380538e-10,1.46910635304664550e-10,2.71390546190112805e-10,19,2,1,5.76460752303767552e+17,19,2,1,5.76460752303767552e+17,16,5,2,3.32306998945331719e+35,5.50009754000000044e+02,0,3.15095822067380538e-10,nan,0.00000000000000000e+00
35,3,-1.95644019493368835e-11,1.00000000000000000e+00,1.62590662768932556e-10,2,18,1.62590662768932556e-10,-2.32127730209317872e-11,2.36969874868070789e-11,-5.49446048321176286e-11,2.26044449130707802e-11,5.29826354725264177e-11,-1.59032120086715310e-10,1.87456703515343766e-10,1.82155064718269426e-10,2.42401308347461420e-10,2.07021105464680636e-10,3.46488823602059075e-10,19,2,1,5.76460752303767552e+17,19,2,1,5.76460752303767552e+17,16,5,2,3.32306998945331719e+35,5.49729917999999998e+02,0,2.42401308347461420e-10,nan,0.00000000000000000e+00
36,0,-5.77284596940698679e-11,1.00000000000000000e+00,9.46136310520729251e-11,2,18,-9.46136310520729251e-11,-5.47170484988931145e-11,-2.09942482881504018e-11,6.95950735342591199e-11,-3.28826450002204071e-11,9.79064974384813486e-11,-1.27515632287575339e-11,2.53023363820697305e-10,1.27323533228328988e-10,1.83428290286438185e-10,3.10751823514767173e-10,2.85906008820917738e-10,19,2,1,5.76460752303767552e+17,19,2,1,5.76460752303767552e+17,16,5,2,3.32306998945331719e+35,5.48528402000000028e+02,0,1.83428290286438185e-10,nan,0.00000000000000000e+00
36,1,-4.64030350579824691e-11,1.00000000000000000e+00,1.92149735960319558e-10,2,18,-1.92149735960319558e-10,-1.51090676331305398e-11,4.74192361126109480e-12,-1.43005203006488207e-10,1.03706257314065267e-10,-2.22135630771744408e-13,3.25286649939561028e-11,-2.27762503638559006e-10,1.45746700902337075e-10,2.95855993274384812e-10,1.81359468580576524e-10,3.31468760952624260e-10,19,2,1,5.76460752303767552e+17,19,2,1,5.76460752303767552e+17,16,5,2,3.32306998945331719e+35,5.47812446000000023e+02,0,2.95855993274384812e-10,nan,0.00000000000000000e+00
36,2,-5.74855192169268795e-11,1.00000000000000000e+00,1.26563282372272578e-10,2,18,-1.02891223094475162e-10,1.04624989621320575e-10,-4.17502409845184891e-11,-1.26563282372272578e-10,-4.25000758582441461e-11,-8.19964562775064526e-11,-4.00153255713302794e-10,-4.31231159648567319e-11,1.62110508838247442e-10,3.58403014728784292e-10,3.42667736496375889e-10,3.57653179855058622e-10,19,2,1,5.76460752303767552e+17,19,2,1,5.76460752303767552e+17,16,5,2,3.32306998945331719e+35,5.35604283000000009e+02,0,3.58403014728784292e-10,nan,0.00000000000000000e+00
36,3,-6.92079413963276994e-11,1.00000000000000000e+00,2.99865538970140083e-10,2,18,-2.12560159314163489e-10,1.34543474812500364e-10,-1.68105924486218936e-10,-2.99865538970140083e-10,-3.46446192874560228e-11,2.01924568595184141e-11,-7.44178435089216073e-11,5.38764125465710238e-11,2.30657597573812383e-10,3.53741951516711094e-10,1.23084353942898710e-10,1.28294256055492631e-10,19,2,1,5.76460752303767552e+17,19,2,1,5.76460752303767552e+17,16,5,2,3.32306998945331719e+35,5.46591681999999992e+02,0,3.53741951516711094e-10,nan,0.00000000000000000e+00
37,0,-5.35806683204206453e-11,1.00000000000000000e+00,1.29086429539335812e-10,2,18,2.00184066164017736e-11,5.61975230355498853e-11,-1.29086429539335812e-10,-1.05562674736086702e-10,-1.18835706831251339e-10,2.64080654248627005e-11,-3.63055576337625234e-11,4.74317294588952285e-11,1.09778191355970537e-10,1.52994404194981918e-10,1.01012397779315874e-10,1.66267436290146555e-10,19,2,1,5.76460752303767552e+17,19,2,1,5.76460752303767552e+17,16,5,2,3.32306998945331719e+35,5.35781370000000038e+02,0,1.52994404194981918e-10,nan,0.00000000000000000e+00
37,1,-6.65979778050375659e-11,1.00000000000000000e+00,1.34635810280750746e-10,2,18,-1.08175298531163866e-10,2.94305753625228874e-11,-4.98780803085335313e-11,-1.34635810280750746e-10,-1.20681982049574935e-10,-1.31836967968631697e-10,-2.20940739591609948e-10,-8.92407022739300476e-11,9.60285531675604533e-11,1.71062659283076423e-10,1.54342761786572395e-10,1.31700037317679913e-10,19,2,1,5.76460752303767552e+17,19,2,1,5.76460752303767552e+17,16,5,2,3.32306998945331719e+35,5.81883953000000020e+02,0,1.71062659283076423e-10,nan,0.00000000000000000e+00
37,2,-8.55453704610939259e-11,1.00000000000000000e+00,2.93151626174783430e-10,2,18,-1.19239859442987681e-10,-2.93151626174783430e-10,-1.80749323608777168e-11,-2.01801073353566833e-10,6.11763152517244386e-11,1.91781795380087674e-10,5.53446337081262570e-11,-1.49796364427487649e-11,2.07606255713689504e-10,4.84933421554871078e-10,2.77327165841181574e-10,2.06761431822836438e-10,19,2,1,5.76460752303767552e+17,19,2,1,5.76460752303767552e+17,16,5,2,3.32306998945331719e+35,5.55187299000000053e+02,0,4.84933421554871078e-10,nan,0.00000000000000000e+00
37,3,-5.34539772444517576e-11,1.00000000000000000e+00,2.03730983168088434e-10,2,18,-5.13878388161227544e-11,-1.06079436442209044e-10,-2.03730983168088434e-10,-9.67169858149528549e-11,-1.99790126600970210e-10,-2.79922859337435823e-11,2.56956308308329349e-11,8.46092014008461316e-11,1.50277005923636664e-10,2.29426613998921382e-10,1.46336149356518465e-10,2.84399328001816328e-10,19,2,1,5.76460752303767552e+17,19,2,1,5.76460752303767552e+17,16,5,2,3.32306998945331719e+35,5.43526383000000010e+02,0,2.29426613998921382e-10,nan,0.00000000000000000e+00
38,0,-9.35717071767698181e-11,1.00000000000000000e+00,2.55719027371501713e-10,2,18,-2.55719027371501713e-10,1.04877270974119146e-10,-1.13917202197304606e-10,-5.17504682149843973e-11,-5.75100691704831890e-11,-2.84335686256170056e-11,-2.82858461444939627e-10,6.33060900554129751e-11,1.98448978150888951e-10,1.98208958201018524e-10,1.89286754268169809e-10,3.46164551500352577e-10,19,2,1,5.76460752303767552e+17,19,2,1,5.76460752303767552e+17,16,5,2,3.32306998945331719e+35,5.73727845000000002e+02,0,1.98208958201018524e-10,nan,0.00000000000000000e+00
38,1,-6.35910673043691187e-11,1.00000000000000000e+00,2.55974214087165099e-10,2,18,-1.01308432380048711e-10,-2.55974214087165099e-10,4.87633906737639222e-11,-1.17800260693207459e-11,-1.59830320408680611e-10,-1.49787270853988730e-10,-1.59489594448011044e-10,-1.15317284995161819e-10,1.92383146782795968e-10,2.08252985121774960e-10,9.62392531043114920e-11,4.45130354135187914e-11,19,2,1,5.76460752303767552e+17,19,2,1,5.76460752303767552e+17,16,5,2,3.32306998945331719e+35,5.34651894999999968e+02,0,2.08252985121774960e-10,nan,0.00000000000000000e+00
38,2,-3.49056626427397720e-11,1.00000000000000000e+00,2.31467286610067235e-10,2,18,-1.33176328768092774e-10,-2.31467286610067235e-10,-1.71813403543674519e-10,2.96224414075787879e-11,-1.12981263877611856e-10,-2.94263700220128339e-11,1.83132886019482162e-10,-1.96366181083635613e-10,1.96561623967327450e-10,3.54946289563156681e-10,2.18038548662221947e-10,3.79499067103117775e-10,19,2,1,5.76460752303767552e+17,19,2,1,5.76460752303767552e+17,16,5,2,3.32306998945331719e+35,5.45810467000000017e+02,0,3.54946289563156681e-10,nan,0.00000000000000000e+00
38,3,-1.08371584830545906e-11,1.00000000000000000e+00,4.62919347818151891e-10,2,18,-3.86978565331678290e-10,4.01894473042758709e-11,-1.87653099876732717e-10,-4.62919347818151891e-10,-3.35448179546063997e-11,-1.16365902924651253e-10,-8.58465733237001225e-11,-2.83264143653296785e-10,4.52082189335097323e-10,3.53433747377071897e-10,2.72426985170242217e-10,2.49719325698690392e-10,19,2,1,5.76460752303767552e+17,19,2,1,5.76460752303767552e+17,16,5,2,3.32306998945331719e+35,5.78628266000000053e+02,0,3.53433747377071897e-10,nan,0.00000000000000000e+00
39,0,-3.23263782641916805e-11,1.00000000000000000e+00,1.60862707057985845e-10,2,18,-8.96697170728154399e-12,-1.48339246191934459e-10,-1.60862707057985845e-10,-1.55485202771582398e-10,6.54879253113709798e-11,-1.79915311167926788e-10,-6.95518196183193479e-11,-4.15386956197362606e-11,1.28536328793794158e-10,1.13946507151846138e-10,1.47588932903735101e-10,2.45403236479297793e-10,19,2,1,5.76460752303767552e+17,19,2,1,5.76460752303767552e+17,16,5,2,3.32306998945331719e+35,5.41622876000000019e+02,0,1.13946507151846138e-10,nan,0.00000000000000000e+00
39,1,-2.88431083354517220e-11,1.00000000000000000e+00,2.94220056347791785e-10,2,18,-1.47635606576802221e-10,8.66423782323612770e-11,2.94220056347791785e-10,1.26392062163481085e-10,1.92563503373895219e-10,-1.73169900107398858e-10,-2.05446663811344025e-10,-1.63737776269848291e-10,3.23063164683243494e-10,4.99666720159135758e-10,2.21406611709346928e-10,3.98010167185239243e-10,19,2,1,5.76460752303767552e+17,19,2,1,5.76460752303767552e+17,16,5,2,3.32306998945331719e+35,5.44668062999999961e+02,0,4.99666720159135758e-10,nan,0.00000000000000000e+00
39,2,-3.23408690735717305e-11,1.00000000000000000e+00,3.00488135942736481e-10,2,18,-3.00488135942736481e-10,-1.83715476289635132e-10,1.58642638778239146e-10,3.75785757600575416e-11,-2.53864799216477846e-11,-3.35969185994425067e-12,-1.39679787070599648e-11,1.71372987003003568e-11,2.68147266869164744e-10,2.75101656021088697e-10,4.94781677738720873e-11,4.25237786219481414e-11,19,2,1,5.76460752303767552e+17,19,2,1,5.76460752303767552e+17,16,5,2,3.32306998945331719e+35,5.40928743000000054e+02,0,2.75101656021088697e-10,nan,0.00000000000000000e+00
39,3,-4.03443554890866671e-11,1.00000000000000000e+00,5.43426110945697805e-10,2,18,7.52216654343038116e-11,-5.43426110945697805e-10,-3.90158547059652590e-10,2.26330817752171754e-10,-1.09091976819601194e-10,-1.72782937050706668e-10,5.90628246923377675e-11,1.17136485642207804e-10,5.03081755456611086e-10,4.49221371751990383e-10,1.57480841131294472e-10,2.89919422692914473e-10,19,2,1,5.76460752303767552e+17,19,2,1,5.76460752303767552e+17,16,5,2,3.32306998945331719e+35,5.37925742000000014e+02,0,4.49221371751990383e-10,nan,0.00000000000000000e+00
40,0,-1.01424264967811705e-11,1.00000000000000000e+00,3.84564472041207512e-10,2,18,3.84564472041207512e-10,-9.05784928554181232e-11,-2.28990410281898674e-10,2.64921134494135309e-10,4.79740067241043528e-11,-2.45846642035676813e-10,-1.55785408107717603e-10,1.50867960112735131e-10,3.94706898537988686e-10,3.36590465317103179e-10,2.35704215538895640e-10,3.96714602148411944e-10,19,2,1,5.76460752303767552e+17,19,2,1,5.76460752303767552e+17,16,5,2,3.32306998945331719e+35,5.35268678000000023e+02,0,3.36590465317103179e-10,nan,0.00000000000000000e+00
40,1,-1.13110041682288789e-10,1.00000000000000000e+00,3.52027731160169296e-10,2,18,3.00362652593359598e-10,-1.41391631860175432e-11,-3.52027731160169296e-10,3.13514823413216922e-10,-2.39514058824098368e-10,-5.26992427084501236e-11,-6.12460471917176226e-11,-4.48776576408259025e-11,4.26624865095505737e-10,5.39876711417457966e-10,1.26404017141809579e-10,1.94636401183272459e-10,19,2,1,5.76460752303767552e+17,19,2,1,5.76460752303767552e+17,16,5,2,3.32306998945331719e+35,5.83063319999999976e+02,0,5.39876711417457966e-10,nan,0.00000000000000000e+00
40,2,1.64811093479125450e-11,1.00000000000000000e+00,1.99407097195968222e-10,2,18,-1.21702456431675938e-10,-5.36428033064912622e-11,-1.99407097195968222e-10,1.57490173142263711e-11,5.52162397764143650e-10,3.46081664026522034e-10,1.73489194039545101e-10,6.77355678168158038e-11,2.15888206543880767e-10,6.73864854195819562e-10,5.35681288416231105e-10,4.84426829947327821e-10,19,2,1,5.76460752303767552e+17,19,2,1,5.76460752303767552e+17,16,5,2,3.32306998945331719e+35,5.35649450000000002e+02,0,6.73864854195819562e-10,nan,0.00000000000000000e+00
40,3,4.08643405080503380e-11,1.00000000000000000e+00,6.93786090554304373e-10,2,18,3.71846717034066864e-10,1.40251385803081712e-11,-1.49739239434246607e-10,6.93786090554304373e-10,2.48716221218818848e-10,4.16654821418742777e-10,-8.38326975211337079e-11,-1.93052046619370380e-10,6.52921750046254073e-10,8.86838137173674804e-10,3.75790480910692426e-10,6.09706868038113156e-10,19,2,1,5.76460752303767552e+17,19,2,1,5.76460752303767552e+17,16,5,2,3.32306998945331719e+35,5.45330343999999968e+02,0,8.86838137173674804e-10,nan,0.00000000000000000e+00
41,0,1.41506389125089342e-10,1.00000000000000000e+00,5.87573002664217431e-10,2,18,-6.53699335483544518e-11,1.18584568017550181e-11,5.87573002664217431e-10,-1.17059906088672513e-10,3.61912422825730264e-10,2.93498601419956994e-10,6.07111586562301724e-10,-2.17009401959950228e-10,4.46066613539128115e-10,4.27282356374084716e-10,4.65605197437212408e-10,8.24120988522251978e-10,19,2,1,5.76460752303767552e+17,19,2,1,5.76460752303767552e+17,16,5,2,3.32306998945331719e+35,5.35912043000000040e+02,0,4.27282356374084716e-10,nan,0.00000000000000000e+00
41,1,1.37530119087608314e-10,1.00000000000000000e+00,6.23384514247005312e-10,2,18,1.61987920196227212e-10,8.39775741460963028e-11,6.23384514247005312e-10,7.17616762595215236e-11,3.91045864877922560e-11,-4.28197445868967887e-10,1.08480987157504576e-10,5.40367407779183535e-10,4.85854395159397050e-10,5.14903527089500762e-10,5.65727564956576201e-10,9.68564853648151370e-10,19,2,1,5.76460752303767552e+17,19,2,1,5.76460752303767552e+17,16,5,2,3.32306998945331719e+35,5.50550380000000018e+02,0,5.14903527089500762e-10,nan,0.00000000000000000e+00
41,2,1.77337930638534305e-10,1.00000000000000000e+00,5.94624882985069615e-10,2,18,5.94624882985069615e-10,-1.87751586289155584e-10,5.14258322674248867e-10,4.04324804947604474e-10,3.92927927779082237e-10,-1.86992783207746543e-10,4.40951064690368772e-10,1.46432269170824548e-11,4.17286952346535284e-10,3.89681578030521994e-10,3.64330713846280848e-10,6.27943847898115340e-10,19,2,1,5.76460752303767552e+17,19,2,1,5.76460752303767552e+17,16,5,2,3.32306998945331719e+35,5.43658106999999973e+02,0,3.89681578030521994e-10,nan,0.00000000000000000e+00
41,3,1.68673632773961286e-10,1.00000000000000000e+00,5.11160314812513081e-10,2,18,3.50156990872486500e-11,5.11160314812513081e-10,1.22205815068202726e-11,3.36927432962669602e-10,3.47701444082890559e-10,2.35203538221487987e-10,4.90422509776828803e-11,5.12161143740193329e-10,3.42486682038551795e-10,3.12685744995641896e-10,3.43487510966232044e-10,4.63118892762510449e-10,19,2,1,5.76460752303767552e+17,19,2,1,5.76460752303767552e+17,16,5,2,3.32306998945331719e+35,5.64451995000000011e+02,0,3.12685744995641896e-10,nan,0.00000000000000000e+00
42,0,1.77520503480569302e-10,1.00000000000000000e+00,6.28710365785796007e-10,2,18,-3.63410193113521172e-10,-1.83551784124248730e-10,-1.09265417977188613e-10,6.28710365785796007e-10,2.20204083670644215e-10,-1.49610075262852859e-10,1.41439949609763292e-10,1.98042072189797137e-10,5.40930696594090474e-10,5.83614276784165438e-10,3.27130578743422161e-10,3.69814158933497074e-10,19,2,1,5.76460752303767552e+17,19,2,1,5.76460752303767552e+17,16,5,2,3.32306998945331719e+35,5.56294110000000046e+02,0,5.83614276784165438e-10,nan,0.00000000000000000e+00
42,1,1.72157885123228318e-10,1.00000000000000000e+00,6.10998974332208037e-10,2,18,2.10737589232005820e-10,6.10998974332208037e-10,3.14123877659131018e-11,1.87122627197032632e-10,2.67620421481460585e-10,-2.25300085685787455e-10,1.45878263118494919e-11,7.15989906277614439e-11,4.38841089208979694e-10,8.36299060017995466e-10,3.97457970809015773e-10,4.92920507167248014e-10,19,2,1,5.76460752303767552e+17,19,2,1,5.76460752303767552e+17,16,5,2,3.32306998945331719e+35,5.44110675000000015e+02,0,8.36299060017995466e-10,nan,0.00000000000000000e+00
42,2,1.17548343396003804e-10,1.00000000000000000e+00,6.61436705660778185e-10,2,18,1.18879886220953441e-10,5.25843397074786323e-11,6.61436705660778185e-10,-4.60261909771669005e-11,6.53397429122408277e-10,1.13876860769217684e-10,1.94993744560649480e-10,1.61576013161165614e-10,5.43888362264774407e-10,5.34517542901454836e-10,5.35849085726404499e-10,5.39520568353190593e-10,19,2,1,5.76460752303767552e+17,19,2,1,5.76460752303767552e+17,16,5,2,3.32306998945331719e+35,5.34621295000000032e+02,0,5.34517542901454836e-10,nan,0.00000000000000000e+00
42,3,1.27192533407499114e-10,1.00000000000000000e+00,4.05545796927754906e-10,2,18,-1.57445400572581597e-10,-1.99240672175262616e-10,4.05545796927754906e-10,-1.91379420320292415e-10,4.19577472133925092e-10,-4.60977795166101791e-10,5.46014596839382819e-11,-3.75689821725708962e-10,3.26433205582761756e-10,5.77022872706506741e-10,5.88170328573600930e-10,8.80555267300026883e-10,19,2,1,5.76460752303767552e+17,19,2,1,5.76460752303767552e+17,16,5,2,3.32306998945331719e+35,5.90913767000000007e+02,0,5.77022872706506741e-10,nan,0.00000000000000000e+00
43,0,7.40592066319752368e-11,1.00000000000000000e+00,5.44937766783259077e-10,2,18,3.34127748226316699e-10,2.91124065923421254e-10,5.44937766783259077e-10,-2.07459061646878007e-10,1.01179472263179383e-09,-5.64550343855544095e-11,1.63664669902839677e-10,-6.47764484093187813e-10,4.70878560151283814e-10,6.77666974405477134e-10,9.37735515999818673e-10,1.65955920672498165e-09,19,2,1,5.76460752303767552e+17,19,2,1,5.76460752303767552e+17,16,5,2,3.32306998945331719e+35,5.45298435000000040e+02,0,6.77666974405477134e-10,nan,0.00000000000000000e+00
43,1,5.34963008694865317e-11,1.00000000000000000e+00,7.62427879640026909e-10,2,18,-2.13418268642308699e-10,1.46823897341627335e-10,-4.05858287445985679e-10,7.62427879640026909e-10,5.04882254742659183e-10,3.49979237852360567e-10,1.39594749507689702e-10,1.25677570006697015e-10,7.08931578770540423e-10,7.18300523384967856e-10,4.51385953873172644e-10,3.79204684735962168e-10,19,2,1,5.76460752303767552e+17,19,2,1,5.76460752303767552e+17,16,5,2,3.32306998945331719e+35,5.68976070000000050e+02,0,7.18300523384967856e-10,nan,0.00000000000000000e+00
43,2,4.64852206487176419e-11,1.00000000000000000e+00,5.93821708480581391e-10,2,18,-5.95991672668245003e-11,-2.00960707379880859e-11,5.72843424856638138e-10,5.93821708480581391e-10,5.16720772929075984e-10,5.07509281004924703e-10,-6.91021673295143508e-10,7.44071817019560241e-10,5.47336487831863736e-10,1.26386509815178175e-09,7.37506893943861163e-10,1.43509349031470365e-09,19,2,1,5.76460752303767552e+17,19,2,1,5.76460752303767552e+17,16,5,2,3.32306998945331719e+35,5.42237845999999990e+02,0,1.26386509815178175e-09,nan,0.00000000000000000e+00
43,3,3.68284946022812484e-11,1.00000000000000000e+00,6.71401248540095250e-10,2,18,-3.40955827479468553e-11,2.89183874809799199e-10,-1.68804739362154048e-10,6.71401248540095250e-10,-2.96741065609668807e-10,-9.06207951118449812e-10,1.05047204926538051e-09,5.77301480715141313e-10,6.34572753937814047e-10,1.21927678862753461e-09,1.01364355466309931e-09,1.95668000038383032e-09,19,2,1,5.76460752303767552e+17,19,2,1,5.76460752303767552e+17,16,5,2,3.32306998945331719e+35,5.62986299000000031e+02,0,1.21927678862753461e-09,nan,0.00000000000000000e+00
44,0,1.49748177325712733e-10,1.00000000000000000e+00,8.59915617614021091e-10,2,18,-1.00344006353214689e-11,-2.22505006460684919e-11,-8.59915617614021091e-10,3.68904084899385460e-10,-4.28112693091052894e-10,2.52850153990899653e-10,3.13748566166743263e-10,9.04945689800884489e-10,1.00966379493973375e-09,1.17366418378076430e-09,7.55197512475171730e-10,1.33305838289193733e-09,19,2,1,5.76460752303767552e+17,19,2,1,5.76460752303767552e+17,16,5,2,3.32306998945331719e+35,5.56258633000000032e+02,0,1.17366418378076430e-09,nan,0.00000000000000000e+00
44,1,-7.70272996266231406e-11,1.00000000000000000e+00,7.78143623943041725e-10,2,18,-7.78143623943041725e-10,5.53223796938684117e-10,6.01853955292693397e-10,3.00528504642664752e-10,7.64393069210309292e-10,-5.39049078505353032e-10,5.38792878096139146e-11,-3.15594094542785466e-10,7.01116324316418584e-10,1.54253669315335091e-09,8.41420368836932432e-10,1.30344214771566222e-09,19,2,1,5.76460752303767552e+17,19,2,1,5.76460752303767552e+17,16,5,2,3.32306998945331719e+35,5.55875324999999975e+02,0,1.54253669315335091e-09,nan,0.00000000000000000e+00
44,2,-1.32613303859171715e-10,1.00000000000000000e+00,9.14824555151008516e-10,2,18,1.34403833635706969e-10,-9.14824555151008516e-10,4.84759850501458852e-10,1.82481417431148982e-10,-8.19038338756211986e-10,-3.53492202488742615e-10,-9.93126593344330478e-10,5.90927569983474354e-10,7.82211251291836827e-10,1.47788644384578933e-09,8.60513289485158789e-10,1.58405416332780473e-09,19,2,1,5.76460752303767552e+17,19,2,1,5.76460752303767552e+17,16,5,2,3.32306998945331719e+35,5.58826779999999985e+02,0,1.47788644384578933e-09,nan,0.00000000000000000e+00
44,3,-8.58612295722144089e-11,1.00000000000000000e+00,8.54900158141425257e-10,2,18,-2.49293362247778374e-10,5.25237785533592598e-11,-5.18307721752312768e-10,-8.54900158141425257e-10,-6.17431980869306995e-10,-1.17042751470077429e-09,-1.45531501366514289e-10,-1.59298900984552364e-10,7.69038928569210861e-10,1.22295129325413345e-09,1.08456628512855979e-09,1.02489601333426006e-09,19,2,1,5.76460752303767552e+17,19,2,1,5.76460752303767552e+17,16,5,2,3.32306998945331719e+35,5.47900556000000051e+02,0,1.22295129325413345e-09,nan,0.00000000000000000e+00
45,0,-2.38243785384618050e-10,1.00000000000000000e+00,1.63241146634965970e-09,2,18,-4.66459012453762419e-10,2.38702132304794526e-10,-4.12826012656005985e-10,1.63241146634965970e-09,-1.33471794122949277e-09,2.58775854621575522e-10,-5.00596000810742853e-10,-6.01129689175821883e-10,1.87065525173427759e-09,2.23354115552548179e-09,1.09647415584487467e-09,1.59349379585106824e-09,19,2,1,5.76460752303767552e+17,19,2,1,5.76460752303767552e+17,16,5,2,3.32306998945331719e+35,5.65398605999999972e+02,0,2.23354115552548179e-09,nan,0.00000000000000000e+00
45,1,-8.62424209354824190e-11,1.00000000000000000e+00,7.98089440845390445e-10,2,18,3.94425148358347223e-10,2.76230930931218833e-10,2.31804820236421642e-11,7.98089440845390445e-10,6.39780845840629512e-10,-1.04061745367718688e-10,-1.29972307657979594e-09,-1.33446485432306439e-11,8.84331861780872915e-10,1.32290355860343808e-09,1.21348065564431347e-09,1.93950392242042545e-09,19,2,1,5.76460752303767552e+17,19,2,1,5.76460752303767552e+17,16,5,2,3.32306998945331719e+35,5.78131612000000018e+02,0,1.32290355860343808e-09,nan,0.00000000000000000e+00
45,2,-1.16634298685371484e-10,1.00000000000000000e+00,7.66213487189778380e-10,2,18,5.04542138053424419e-10,-7.66213487189778380e-10,-1.93685826547703826e-10,-6.72636833887849597e-10,4.26677218156022707e-10,7.38003204242918543e-10,-3.59912265055710469e-10,-6.87948293239974663e-10,6.49579188504406844e-10,1.50421669143269703e-09,8.54637502928289976e-10,1.42595149748289321e-09,19,2,1,5.76460752303767552e+17,19,2,1,5.76460752303767552e+17,16,5,2,3.32306998945331719e+35,5.55949639000000047e+02,0,1.50421669143269703e-09,nan,0.00000000000000000e+00
45,3,-2.12502102438382358e-10,1.00000000000000000e+00,3.89084877782067429e-10,2,18,-3.89084877782067429e-10,2.04269841936629702e-10,2.91894244148233668e-10,-2.56403234188825850e-10,9.61940638326253535e-11,-9.42854416957823628e-10,-5.96179919751833986e-10,1.25833562740679704e-09,5.04396346586616052e-10,1.51473886159562289e-09,1.47083772984517938e-09,2.20119004436462067e-09,19,2,1,5.76460752303767552e+17,19,2,1,5.76460752303767552e+17,16,5,2,3.32306998945331719e+35,5.56647630000000049e+02,0,1.51473886159562289e-09,nan,0.00000000000000000e+00
46,0,-1.71502864617821976e-10,1.00000000000000000e+00,6.99153698873900665e-10,2,18,-2.07269443554484051e-10,6.99153698873900665e-10,7.16986632328360710e-11,7.79180041508928257e-11,-6.12666449942238826e-10,7.05084695370054174e-10,3.08964135902684109e-10,1.45652690772919258e-09,8.70656563491722667e-10,1.37860890357829970e-09,1.62802977234701458e-09,2.06919335767143161e-09,19,2,1,5.76460752303767552e+17,19,2,1,5.76460752303767552e+17,16,5,2,3.32306998945331719e+35,5.48570847999999955e+02,0,1.37860890357829970e-09,nan,0.00000000000000000e+00
46,1,-1.77641432632454845e-10,1.00000000000000000e+00,1.16653992797167837e-09,2,18,-5.15074257629117779e-10,-1.16653992797167837e-09,-6.98503234092065420e-10,-7.92568621686133376e-10,7.17430301975675466e-11,-8.66396047699944906e-10,6.82468320145591629e-10,2.64457506438287924e-09,9.88898495339223443e-10,3.43714368606901282e-09,2.82221649701533416e-09,3.51097111208282394e-09,19,2,1,5.76460752303767552e+17,19,2,1,5.76460752303767552e+17,16,5,2,3.32306998945331719e+35,5.46158707000000049e+02,0,3.43714368606901282e-09,nan,0.00000000000000000e+00
46,2,-1.50962830713981573e-10,1.00000000000000000e+00,9.03525434379731498e-10,2,18,-6.39641933658202527e-10,-1.32092592133475780e-11,-6.60135916701111362e-11,-9.03525434379731498e-10,8.90453946034194718e-10,-1.10011008399987423e-09,6.13393461976783091e-10,-5.54960565785211070e-10,7.52562603665749873e-10,1.53009587969239735e-09,1.04141677674817624e-09,1.99056403003406884e-09,19,2,1,5.76460752303767552e+17,19,2,1,5.76460752303767552e+17,16,5,2,3.32306998945331719e+35,5.64997523999999999e+02,0,1.53009587969239735e-09,nan,0.00000000000000000e+00
46,3,-2.29335084876364732e-10,1.00000000000000000e+00,7.70932140136119150e-10,2,18,-7.70932140136119150e-10,-6.95215101934319876e-11,3.59939483193944016e-10,-5.67212140825809735e-10,-6.90341776950996530e-10,2.35650448866861974e-10,3.16775470945223938e-10,1.04522335386825727e-09,5.89274568070308773e-10,1.61243549469406700e-09,1.27455843874462197e-09,1.73556513081925380e-09,19,2,1,5.76460752303767552e+17,19,2,1,5.76460752303767552e+17,16,5,2,3.32306998945331719e+35,5.51327752000000032e+02,0,1.61243549469406700e-09,nan,0.00000000000000000e+00
47,0,-2.34149871300624160e-10,1.00000000000000000e+00,1.57101824137451179e-09,2,18,-5.63584604477580096e-10,-2.34301326703263332e-10,1.34350964220825925e-09,-1.57101824137451179e-09,-5.75402516521322700e-10,-1.16875071966908001e-09,-3.96472317491782231e-10,9.96930058991803575e-10,1.57765951350888341e-09,2.56794830036631557e-09,1.23107993029242773e-09,2.16568077866088358e-09,19,2,1,5.76460752303767552e+17,19,2,1,5.76460752303767552e+17,16,5,2,3.32306998945331719e+35,5.84108252999999991e+02,0,2.56794830036631557e-09,nan,0.00000000000000000e+00
47,1,-8.43491365058137749e-11,1.00000000000000000e+00,1.09748959038029663e-09,2,18,-1.09748959038029663e-09,5.36022237369684793e-10,6.88171041457048036e-10,5.73125903417485535e-10,-4.41071250430701358e-11,-1.43456554212129344e-09,-2.14412885624650089e-09,1.50586915173195700e-09,1.01314045387448278e-09,2.83229989770354872e-09,2.05977971974068724e-09,3.64999800797845789e-09,19,2,1,5.76460752303767552e+17,19,2,1,5.76460752303767552e+17,16,5,2,3.32306998945331719e+35,5.27787929999999960e+02,0,2.83229989770354872e-09,nan,0.00000000000000000e+00
47,2,-7.44445570325224709e-11,1.00000000000000000e+00,2.35564104780752829e-09,2,18,-1.92276199500197322e-10,-1.49245116516726943e-09,2.35564104780752829e-09,-2.52286751276826856e-12,7.76493663461094126e-10,-1.30034926165237266e-10,-7.59107477770073705e-10,4.96208940983238181e-10,2.43008560484005056e-09,3.11474852557760178e-09,8.50938220493616609e-10,1.53560114123116783e-09,19,2,1,5.76460752303767552e+17,19,2,1,5.76460752303767552e+17,16,5,2,3.32306998945331719e+35,5.71946760000000040e+02,0,3.11474852557760178e-09,nan,0.00000000000000000e+00
47,3,-1.47218172331595422e-10,1.00000000000000000e+00,8.52639418077538026e-10,2,18,-7.14257790817710792e-10,3.95083768903433738e-10,-8.40540150801486957e-10,8.52639418077538026e-10,-7.66895537427174122e-10,-1.57882951149786683e-09,7.22396052669570630e-10,3.26643113696631507e-10,9.99857590409133370e-10,1.97391328040130046e-09,1.43161133916627138e-09,2.30122556416743766e-09,19,2,1,5.76460752303767552e+17,19,2,1,5.76460752303767552e+17,16,5,2,3.32306998945331719e+35,5.50024793000000045e+02,0,1.97391328040130046e-09,nan,0.00000000000000000e+00
48,0,-9.47824613413376102e-10,1.00000000000000000e+00,1.15371499525791735e-09,2,18,-1.15371499525791735e-09,5.10524509508726724e-10,-4.93994928818738840e-10,-3.24750286599093482e-10,-1.10124186100980206e-09,-2.49353842197128053e-10,1.03700593397970922e-09,-5.68640477474399711e-10,1.45834912292210283e-09,1.53100086279844806e-09,1.98483054739308553e-09,2.13824779498951128e-09,19,2,1,5.76460752303767552e+17,19,2,1,5.76460752303767552e+17,16,5,2,3.32306998945331719e+35,5.35741417999999953e+02,0,1.53100086279844806e-09,nan,0.00000000000000000e+00
48,1,-1.72210122349199981e-10,1.00000000000000000e+00,7.66423103549456392e-10,2,18,3.53101014524952163e-10,-1.63382453146531139e-10,7.66423103549456392e-10,-1.75716979069358276e-10,-1.18870985280029969e-11,-1.03466330705534960e-09,4.97628301772213827e-10,-2.61101255270807853e-09,9.38633225898656347e-10,2.43529557363872034e-09,2.43880243035887868e-09,3.10864085448029226e-09,19,2,1,5.76460752303767552e+17,19,2,1,5.76460752303767552e+17,16,5,2,3.32306998945331719e+35,5.34190676000000053e+02,0,2.43529557363872034e-09,nan,0.00000000000000000e+00
48,2,-3.02407846982334004e-10,1.00000000000000000e+00,1.99957467796465936e-09,2,18,-8.74474680864700226e-10,-1.99957467796465936e-09,-1.08813736217518408e-09,1.37499878866764498e-09,-5.75118691306258323e-10,1.57342878456090573e-09,1.82765540015770142e-09,-1.25723025267700677e-09,1.69716683098232535e-09,3.57300346252556529e-09,2.13006324714003563e-09,3.08488565283470820e-09,19,2,1,5.76460752303767552e+17,19,2,1,5.76460752303767552e+17,16,5,2,3.32306998945331719e+35,5.61185906000000045e+02,0,3.57300346252556529e-09,nan,0.00000000000000000e+00
48,3,9.90823643694719463e-11,1.00000000000000000e+00,1.35302135177357735e-09,2,18,1.35302135177357735e-09,-7.78808225595724594e-10,-7.16299185989199328e-10,6.89809747197094919e-10,-5.69435601060461565e-11,-5.01392326272663983e-10,1.46635156057855176e-09,1.29367275787813949e-10,1.25393898740410537e-09,2.18265074656775129e-09,1.36726919620907978e-09,1.96774388685121564e-09,19,2,1,5.76460752303767552e+17,19,2,1,5.76460752303767552e+17,16,5,2,3.32306998945331719e+35,5.52505895000000010e+02,0,2.18265074656775129e-09,nan,0.00000000000000000e+00
49,0,6.36178639998078470e-10,1.00000000000000000e+00,1.49869930123103127e-09,2,18,-6.87419505439815714e-10,1.49869930123103127e-09,-6.69079229051400660e-10,9.98933447860007082e-10,1.02224568125141823e-09,2.49574725954942974e-09,1.23603113072520743e-09,1.55152241351766767e-09,1.32359814543789429e-09,1.90511035977660809e-09,1.85956861955135138e-09,1.47350157829801151e-09,19,2,1,5.76460752303767552e+17,19,2,1,5.76460752303767552e+17,16,5,2,3.32306998945331719e+35,5.30477016000000049e+02,0,1.90511035977660809e-09,nan,0.00000000000000000e+00
49,1,6.81287584075932888e-10,1.00000000000000000e+00,1.11224435954914134e-09,2,18,3.71248274560701389e-10,1.11224435954914134e-09,-7.87064316451958049e-10,-3.87490136047076036e-10,7.90659705061616442e-10,-7.03177691702799261e-10,-4.23216869935810296e-10,2.08145188606493890e-09,1.46835190052789094e-09,2.46894202211201488e-09,1.40016430198900601e-09,2.78462957776773806e-09,19,2,1,5.76460752303767552e+17,19,2,1,5.76460752303767552e+17,16,5,2,3.32306998945331719e+35,5.29576135000000022e+02,0,2.46894202211201488e-09,nan,0.00000000000000000e+00
49,2,5.84752713417672733e-10,1.00000000000000000e+00,3.85323298698865459e-09,2,18,1.49861134989285765e-09,-3.85323298698865459e-09,1.36266557641375118e-09,-5.85957887268856434e-10,4.44434292729888100e-10,2.77191401615536451e-09,1.68825797487021070e-09,-1.84838909288224358e-09,4.43798570040632701e-09,6.62514700314401951e-09,2.43314180629991621e-09,4.62030310903760830e-09,19,2,1,5.76460752303767552e+17,19,2,1,5.76460752303767552e+17,16,5,2,3.32306998945331719e+35,5.32388928999999962e+02,0,6.62514700314401951e-09,nan,0.00000000000000000e+00
49,3,7.04710784186934109e-10,1.00000000000000000e+00,1.95043412494629646e-09,2,18,8.81762793464024145e-10,4.11142305872371991e-10,1.95043412494629646e-09,5.51888813545466574e-11,1.61903226538816856e-09,1.19295959660135171e-09,1.28538175696734323e-09,7.07886290912394628e-10,1.24572334075936225e-09,7.81817290728979715e-10,9.14321481201234455e-10,9.11145974475773936e-10,19,2,1,5.76460752303767552e+17,19,2,1,5.76460752303767552e+17,16,5,2,3.32306998945331719e+35,5.41931681000000026e+02,0,7.81817290728979715e-10,nan,0.00000000000000000e+00
50,0,5.43524561211940724e-10,1.00000000000000000e+00,1.27441472972065276e-09,2,18,3.21286274561900007e-10,-4.96977415311404795e-10,-1.27441472972065276e-09,-9.69216746057908133e-10,3.00551690063143207e-09,2.32518776386735997e-10,-2.81545485484217027e-10,4.02358036824192446e-09,1.81793929093259359e-09,4.99279711429983218e-09,3.48005580702998384e-09,4.30512585372614169e-09,19,2,1,5.76460752303767552e+17,19,2,1,5.76460752303767552e+17,16,5,2,3.32306998945331719e+35,5.30827198999999951e+02,0,4.99279711429983218e-09,nan,0.00000000000000000e+00
50,1,5.87325717037260356e-10,1.00000000000000000e+00,1.81293409860528036e-09,2,18,1.81293409860528036e-09,6.71464302672664918e-10,7.57444510899173711e-10,1.31165342852189059e-09,1.48729276071547021e-10,2.33905711011622646e-10,8.90909697248933649e-10,-1.52825986090754809e-09,1.22560838156802000e-09,2.83991328942943888e-09,2.11558557794480844e-09,2.41916955815648173e-09,19,2,1,5.76460752303767552e+17,19,2,1,5.76460752303767552e+17,16,5,2,3.32306998945331719e+35,5.62927950000000010e+02,0,2.83991328942943888e-09,nan,0.00000000000000000e+00
50,2,4.06099686353168186e-10,1.00000000000000000e+00,2.32899399932135773e-09,2,18,-2.04699131189649894e-12,-1.44615845553349194e-09,2.32899399932135773e-09,1.35951937619575170e-09,1.50924914729612636e-09,1.49457494627517496e-09,-2.03340280258988646e-10,-1.58369760476534313e-10,1.92289431296818970e-09,2.94073340180866669e-09,1.10314946094295812e-09,1.71258942755511500e-09,19,2,1,5.76460752303767552e+17,19,2,1,5.76460752303767552e+17,16,5,2,3.32306998945331719e+35,5.55064054000000056e+02,0,2.94073340180866669e-09,nan,0.00000000000000000e+00
50,3,-1.14938445458427392e-10,1.00000000000000000e+00,2.23527640252182372e-09,2,18,-2.23527640252182372e-09,-1.36673146730282089e-10,1.80563992986501372e-09,-1.03663132168281671e-09,2.92040718278353359e-09,2.83558272850982483e-09,1.80229388486682457e-10,1.25196459902194878e-10,2.12033795706339649e-09,5.15568358530535731e-09,3.03534562824196083e-09,2.79521072288133871e-09,19,2,1,5.76460752303767552e+17,19,2,1,5.76460752303767552e+17,16,5,2,3.32306998945331719e+35,5.52836783999999966e+02,0,5.15568358530535731e-09,nan,0.00000000000000000e+00
51,0,-5.96587682898098320e-10,1.00000000000000000e+00,2.36558798855413816e-09,2,18,1.28862664428892222e-09,-9.27012585514093292e-10,-2.36558798855413816e-09,-6.11289937033193490e-10,-3.80218343341953919e-10,3.85687682618479979e-10,3.87170241772041783e-10,9.30710786880125043e-10,1.88521432718702054e-09,2.75275823032617974e-09,1.52729846977822326e-09,1.31092913022207896e-09,19,2,1,5.76460752303767552e+17,19,2,1,5.76460752303767552e+17,16,5,2,3.32306998945331719e+35,5.42027698999999984e+02,0,2.75275823032617974e-09,nan,0.00000000000000000e+00
51,1,1.03149128269302944e-10,1.00000000000000000e+00,2.64013452537037328e-09,2,18,-1.60917219067750535e-09,1.85733185241141409e-10,-2.64013452537037328e-09,-1.31612656161950307e-09,-1.34240779483866392e-09,-1.85353206879073663e-09,-1.32456817750499297e-09,-3.46103320227880874e-09,2.74328365363967616e-09,2.14490664065930567e-09,3.56418233054811162e-09,2.13646502477381556e-09,19,2,1,5.76460752303767552e+17,19,2,1,5.76460752303767552e+17,16,5,2,3.32306998945331719e+35,5.57518073999999956e+02,0,2.14490664065930567e-09,nan,0.00000000000000000e+00
51,2,4.51645096719395824e-11,1.00000000000000000e+00,3.06196690774405680e-09,2,18,2.09859122258625706e-10,-2.25071137369300583e-10,4.55229441473443462e-11,-3.06196690774405680e-09,6.59540815283717770e-10,1.63417150620345612e-09,3.24253758320848866e-09,-6.02670158662493656e-10,3.10713141741599646e-09,3.19701463906114452e-09,3.19737307353654900e-09,3.84520774187098252e-09,19,2,1,5.76460752303767552e+17,19,2,1,5.76460752303767552e+17,16,5,2,3.32306998945331719e+35,5.47226663000000030e+02,0,3.19701463906114452e-09,nan,0.00000000000000000e+00
51,3,3.95758706753836138e-11,1.00000000000000000e+00,3.29017388096157217e-09,2,18,3.29017388096157217e-09,-2.84859872758836278e-10,9.27089552207012599e-10,-1.21853793237251932e-09,7.03585566932284440e-10,6.74471287812617450e-10,-2.81166458244849796e-09,3.21553205661600001e-09,3.25059801028618872e-09,4.43406998898851975e-09,3.17595618594061657e-09,6.02719663906449756e-09,19,2,1,5.76460752303767552e+17,19,2,1,5.76460752303767552e+17,16,5,2,3.32306998945331719e+35,5.37755527000000029e+02,0,4.43406998898851975e-09,nan,0.00000000000000000e+00
52,0,6.90717591285243753e-10,1.00000000000000000e+00,1.35255823438750256e-09,2,18,4.90714038629493825e-10,-1.35255823438750256e-09,-5.06584709205243331e-10,-7.17971483535558049e-10,-2.17652679417226354e-10,3.31081741877160539e-09,4.05733622330485175e-09,3.03167269660935541e-09,2.04327582567274632e-09,4.66337565315910775e-09,3.36661863201960779e-09,4.27498890272207769e-09,19,2,1,5.76460752303767552e+17,19,2,1,5.76460752303767552e+17,16,5,2,3.32306998945331719e+35,5.40319529999999986e+02,0,4.66337565315910775e-09,nan,0.00000000000000000e+00
52,1,7.22083984096269841e-10,1.00000000000000000e+00,4.98673127257557850e-09,2,18,1.83754879938341436e-09,-6.42225223709803894e-10,4.98673127257557850e-09,2.02598034270395823e-09,1.36464855889362218e-09,4.34484355167427038e-10,1.37331405319746245e-09,-1.68134891700258463e-10,4.26464728847930855e-09,3.61341721937811584e-09,8.90218875796528304e-10,1.54144894489772081e-09,19,2,1,5.76460752303767552e+17,19,2,1,5.76460752303767552e+17,16,5,2,3.32306998945331719e+35,5.46505932000000030e+02,0,3.61341721937811584e-09,nan,0.00000000000000000e+00
52,2,4.24616420870212620e-10,1.00000000000000000e+00,2.34706632838189393e-09,2,18,-1.65791804828628836e-09,1.87837499648694775e-09,-2.34087061395942122e-09,2.34706632838189393e-09,3.62751728396885702e-09,2.60190651440777554e-09,4.87388964921622931e-10,1.31849742087768829e-09,2.76548703482963373e-09,5.28543533225514579e-09,3.20290086309864450e-09,3.14012831904723388e-09,19,2,1,5.76460752303767552e+17,19,2,1,5.76460752303767552e+17,16,5,2,3.32306998945331719e+35,5.38547522999999956e+02,0,5.28543533225514579e-09,nan,0.00000000000000000e+00
52,3,1.06298673397675184e-09,1.00000000000000000e+00,3.09950875554975304e-09,2,18,3.09950875554975304e-09,-2.97916918152903036e-09,1.69638499821407635e-09,-1.23336959821694243e-09,1.49061813618404684e-09,-2.05179990592590646e-09,3.15011656405459850e-10,1.81680789842617164e-09,4.04215591550578261e-09,3.05017749664311407e-09,3.11478663990265829e-09,3.86860780435207810e-09,19,2,1,5.76460752303767552e+17,19,2,1,5.76460752303767552e+17,16,5,2,3.32306998945331719e+35,5.53729833999999983e+02,0,3.05017749664311407e-09,nan,0.00000000000000000e+00
53,0,-1.12144708263862619e-10,1.00000000000000000e+00,3.40094895927246099e-09,2,18,5.01860554417719704e-10,1.80572870127550271e-09,-3.16141783780209014e-10,-3.40094895927246099e-09,4.18856896961158649e-09,5.02983379371548471e-09,2.77891128905320745e-09,1.40557009572901417e-09,3.28880425100859845e-09,4.80651905500147496e-09,5.14197850197934766e-09,3.62426369798647074e-09,19,2,1,5.76460752303767552e+17,19,2,1,5.76460752303767552e+17,16,5,2,3.32306998945331719e+35,5.46586384999999950e+02,0,4.80651905500147496e-09,nan,0.00000000000000000e+00
53,1,9.95036595210741776e-10,1.00000000000000000e+00,7.95868940633653991e-09,2,18,7.95868940633653991e-09,1.17057050647712464e-09,-2.97051912514497325e-09,3.21882516710475570e-09,-1.33905923400082696e-09,4.86006322096120221e-09,2.83381373599556021e-09,2.54018845318776426e-10,6.96365281112579813e-09,9.29774864033736749e-09,3.86502662575046044e-09,6.19912245496202897e-09,19,2,1,5.76460752303767552e+17,19,2,1,5.76460752303767552e+17,16,5,2,3.32306998945331719e+35,5.40495864999999981e+02,0,9.29774864033736749e-09,nan,0.00000000000000000e+00
53,2,1.31948892710099505e-10,1.00000000000000000e+00,5.49884015245692458e-09,2,18,5.49884015245692458e-09,-4.76521313381081903e-10,-4.88503236544270926e-09,6.50091093192941847e-10,2.45769837416150501e-09,2.01249901274716831e-09,2.02357494577873748e-09,2.02509838484384868e-09,5.36689125974682492e-09,6.90860731122144674e-09,2.32574948145140535e-09,4.45199361414336692e-10,19,2,1,5.76460752303767552e+17,19,2,1,5.76460752303767552e+17,16,5,2,3.32306998945331719e+35,5.37145946999999978e+02,0,6.90860731122144674e-09,nan,0.00000000000000000e+00
53,3,3.49499537019806703e-10,1.00000000000000000e+00,4.67680826572411900e-09,2,18,6.22022734224742933e-10,-2.57314333324515674e-10,-3.99993455076450851e-09,4.67680826572411900e-09,-2.81754178835273483e-09,3.28669689187422111e-09,3.06354380141988398e-09,-8.75097575446240221e-10,4.34943408778431501e-09,7.06347835218439249e-09,3.16704132537254133e-09,6.10423868022695594e-09,19,2,1,5.76460752303767552e+17,19,2,1,5.76460752303767552e+17,16,5,2,3.32306998945331719e+35,5.58747353999999973e+02,0,7.06347835218439249e-09,nan,0.00000000000000000e+00
54,0,1.23717955578212082e-09,1.00000000000000000e+00,5.18815299536890758e-09,2,18,-4.19581879156175079e-10,-5.18815299536890758e-09,2.71278953256027565e-09,3.57199889065047983e-09,-2.70829126119844594e-09,3.41368091017046276e-10,4.31756151307852722e-09,1.32664478352397726e-09,6.42533255115102820e-09,5.52952108638595386e-09,3.94547081698056655e-09,7.02585277427697316e-09,19,2,1,5.76460752303767552e+17,19,2,1,5.76460752303767552e+17,16,5,2,3.32306998945331719e+35,5.53793531000000030e+02,0,5.52952108638595386e-09,nan,0.00000000000000000e+00
54,1,6.36323542324545317e-10,1.00000000000000000e+00,4.54938889242710918e-09,2,18,4.54938889242710918e-09,1.52470223423896886e-09,1.11825264359947986e-09,1.69691378526985536e-09,4.70552632813121202e-09,-1.13886337181369302e-09,-3.79846012199120018e-09,7.58318212079816539e-09,3.91306535010256396e-09,5.88626833552830982e-09,6.94685857847362018e-09,1.13816422427893656e-08,19,2,1,5.76460752303767552e+17,19,2,1,5.76460752303767552e+17,16,5,2,3.32306998945331719e+35,5.60040768999999955e+02,0,5.88626833552830982e-09,nan,0.00000000000000000e+00
54,2,1.86196743532906877e-09,1.00000000000000000e+00,3.51031054719839905e-09,2,18,2.95279021135553148e-10,-2.83192894911821620e-10,-3.51031054719839905e-09,2.65751983609759085e-10,4.60919247379311189e-09,5.07520124180020615e-09,-2.88791662549314838e-09,4.95692607949073310e-10,5.37227798252746823e-09,5.35839413671202818e-09,4.74988406082221715e-09,7.96311786729335412e-09,19,2,1,5.76460752303767552e+17,19,2,1,5.76460752303767552e+17,16,5,2,3.32306998945331719e+35,5.66033321999999998e+02,0,5.35839413671202818e-09,nan,0.00000000000000000e+00
54,3,1.86630247914955901e-09,1.00000000000000000e+00,9.08635264453290378e-09,2,18,3.35275936017573944e-09,2.01572703361328149e-09,9.08635264453290378e-09,3.64451077226737690e-10,-4.46110871000819152e-09,4.52204288782927591e-09,-2.33115783923020374e-09,1.69915652772287187e-09,7.22005016538334477e-09,1.14175104837631075e-08,6.32741118915775053e-09,8.98315159783746743e-09,19,2,1,5.76460752303767552e+17,19,2,1,5.76460752303767552e+17,16,5,2,3.32306998945331719e+35,5.62675161000000003e+02,0,1.14175104837631075e-08,nan,0.00000000000000000e+00
55,0,1.23432107739695085e-10,1.00000000000000000e+00,3.03924677826895371e-09,2,18,-1.12840274595335097e-09,-1.96978038212055384e-09,-1.05058476776721790e-10,-3.03924677826895371e-09,-1.28878644861166808e-09,5.08362177845724357e-09,8.45591725097189322e-09,7.43578219795360275e-09,3.16267888600864871e-09,1.04750289762225565e-08,8.33248514323219821e-09,9.74470369958356130e-09,19,2,1,5.76460752303767552e+17,19,2,1,5.76460752303767552e+17,16,5,2,3.32306998945331719e+35,5.37516594000000055e+02,0,1.04750289762225565e-08,nan,0.00000000000000000e+00
55,1,1.74148068575181879e-09,1.00000000000000000e+00,6.99863748198395970e-09,2,18,5.25005582587557386e-09,6.99863748198395970e-09,-2.93246641877122618e-09,6.78708599372253289e-09,1.06210146581526207e-09,2.25857892118477205e-09,1.80578383229303114e-09,5.58665610906427516e-09,5.25715679623214090e-09,4.74005856079918806e-09,3.84517542331245636e-09,4.52455464324901288e-09,19,2,1,5.76460752303767552e+17,19,2,1,5.76460752303767552e+17,16,5,2,3.32306998945331719e+35,5.41490684999999985e+02,0,4.74005856079918806e-09,nan,0.00000000000000000e+00
55,2,1.14914586693188424e-09,1.00000000000000000e+00,1.25441965602102844e-09,2,18,1.25441965602102844e-09,7.27583393457075007e-10,-6.51686737285441493e-10,5.58058204591123280e-10,4.80027965623513751e-09,2.22812066075021890e-09,3.94378375072283112e-10,-2.71094308269145362e-10,1.80083260421732563e-09,3.54586000021410908e-09,3.65113378930325307e-09,5.07137396450428329e-09,19,2,1,5.76460752303767552e+17,19,2,1,5.76460752303767552e+17,16,5,2,3.32306998945331719e+35,5.58210739999999987e+02,0,3.54586000021410908e-09,nan,0.00000000000000000e+00
55,3,2.59622726945441036e-10,1.00000000000000000e+00,5.03662094694821786e-09,2,18,-9.13861378523517070e-10,-3.59101566036008782e-09,2.33165896845308287e-09,-5.03662094694821786e-09,4.76272775588157289e-09,-1.55515378373040738e-09,-1.08119163663264113e-09,9.87941784456476776e-10,5.29624367389365858e-09,6.02456273140469505e-09,4.50310502893613216e-09,6.31788153961197985e-09,19,2,1,5.76460752303767552e+17,19,2,1,5.76460752303767552e+17,16,5,2,3.32306998945331719e+35,5.63578626999999983e+02,0,6.02456273140469505e-09,nan,0.00000000000000000e+00
56,0,1.09886313651413268e-09,1.00000000000000000e+00,5.24914182662076497e-09,2,18,4.20619437504568857e-09,5.24914182662076497e-09,-2.55325125735776124e-09,-5.20214721262930737e-09,8.02217992999705234e-10,-4.01669394700644549e-09,1.03130995665784710e-09,-1.62916994322151260e-09,6.30101034914344005e-09,9.26583577362721129e-09,5.11555708352057817e-09,5.04800390366429218e-09,19,2,1,5.76460752303767552e+17,19,2,1,5.76460752303767552e+17,16,5,2,3.32306998945331719e+35,5.19063173000000006e+02,0,9.26583577362721129e-09,nan,0.00000000000000000e+00
56,1,3.43828706778325367e-10,1.00000000000000000e+00,5.39181154091992664e-09,2,18,2.04390874993033427e-09,-1.62912174757415305e-09,-3.67158910954808941e-09,-5.39181154091992664e-09,-1.60313681962752285e-09,8.80577301022084052e-10,3.77955160882537021e-09,-2.52422797648818752e-09,5.73564024769825200e-09,7.45114071837346004e-09,3.43572290204704485e-09,6.30377958531355773e-09,19,2,1,5.76460752303767552e+17,19,2,1,5.76460752303767552e+17,16,5,2,3.32306998945331719e+35,5.94789628999999991e+02,0,7.45114071837346004e-09,nan,0.00000000000000000e+00
56,2,7.52153559885797346e-10,1.00000000000000000e+00,2.15767688678026392e-09,2,18,-1.36927521916505015e-09,-1.09624885056718064e-09,-2.15767688678026392e-09,-1.28007233531050072e-09,-2.43090734608692680e-09,-1.88746198082849226e-09,1.20060298962040712e-08,1.89991636130807417e-09,2.90983044666606117e-09,1.41637067829843351e-08,1.12538763363182744e-08,1.44369372422909972e-08,19,2,1,5.76460752303767552e+17,19,2,1,5.76460752303767552e+17,16,5,2,3.32306998945331719e+35,5.65071518999999967e+02,0,1.41637067829843351e-08,nan,0.00000000000000000e+00
56,3,-2.17801774705115033e-10,1.00000000000000000e+00,7.02637489122589580e-09,2,18,-3.25865751433374468e-09,-2.13684977600921499e-09,-3.07038011551360564e-09,-7.02637489122589580e-09,-1.26267097004853412e-09,5.97544520674937545e-09,9.72894707662290012e-10,-3.42336443230255788e-09,6.80857311652078077e-09,8.11229498275858962e-09,6.19324698145449048e-09,9.39880963905193375e-09,19,2,1,5.76460752303767552e+17,19,2,1,5.76460752303767552e+17,16,5,2,3.32306998945331719e+35,5.42382563000000005e+02,0,8.11229498275858962e-09,nan,0.00000000000000000e+00
57,0,-1.20940226792098323e-09,1.00000000000000000e+00,5.01705780874585647e-09,2,18,-3.36549992273728258e-09,4.54146763684701774e-09,-5.01705780874585647e-09,-1.03639117894568951e-09,4.42140439349313861e-10,2.73123349744210129e-09,6.61328509373896997e-09,4.82804744931012610e-09,5.75086990476800097e-09,1.16303429024848264e-08,7.82268736165995320e-09,6.17114465438965569e-09,19,2,1,5.76460752303767552e+17,19,2,1,5.76460752303767552e+17,16,5,2,3.32306998945331719e+35,5.18199767999999949e+02,0,1.16303429024848264e-08,nan,0.00000000000000000e+00
57,1,3.87361416966115145e-10,1.00000000000000000e+00,6.80623940119592871e-09,2,18,-3.12491818950142226e-09,5.60216997630082702e-09,-4.06748264741765971e-09,-6.80623940119592871e-09,8.44462331365465538e-09,3.10368702181050855e-09,3.41857319563028968e-10,-7.96513056111466040e-09,7.19360081816204396e-09,1.15695415031560776e-08,8.35249197808077482e-09,1.64097538747693158e-08,19,2,1,5.76460752303767552e+17,19,2,1,5.76460752303767552e+17,16,5,2,3.32306998945331719e+35,5.34312217000000032e+02,0,1.15695415031560776e-08,nan,0.00000000000000000e+00
57,2,1.88965834041492363e-09,1.00000000000000000e+00,9.01701313410439178e-09,2,18,4.29978171261634269e-09,-5.85812313085762346e-09,-4.16928119578208805e-09,9.01701313410439178e-09,8.06213856438206026e-09,8.82892388396629636e-10,1.38175693100133274e-08,5.10905198384961832e-09,7.74778147127254751e-09,1.79868505057954138e-08,1.19279109695984034e-08,1.29346769216166986e-08,19,2,1,5.76460752303767552e+17,19,2,1,5.76460752303767552e+17,16,5,2,3.32306998945331719e+35,5.28965265000000045e+02,0,1.79868505057954138e-08,nan,0.00000000000000000e+00
57,3,1.75815264378818089e-09,1.00000000000000000e+00,8.62811232714475134e-09,2,18,-1.41236330539123162e-09,3.67761847771107566e-09,-8.62811232714475134e-09,5.64964116485074980e-09,6.53664172871554850e-09,-2.58457817309565613e-09,5.84706240600036673e-09,-6.50222693243971211e-09,1.03862649709329324e-08,1.44751747331451172e-08,8.26037957622789237e-09,1.30388686611552606e-08,19,2,1,5.76460752303767552e+17,19,2,1,5.76460752303767552e+17,16,5,2,3.32306998945331719e+35,5.28252235000000042e+02,0,1.44751747331451172e-08,nan,0.00000000000000000e+00
58,0,2.32053225129520927e-09,1.00000000000000000e+00,3.66178163108975397e-09,2,18,2.72147960182130971e-09,3.66178163108975397e-09,2.56929560354892583e-09,-3.27021241783543796e-10,-1.87943553869847997e-09,6.40582873678821543e-09,-4.57026589133378435e-09,-9.84276526339152271e-09,2.64755349307875307e-09,9.51574402160797933e-09,1.21632975146867324e-08,1.62485940001797381e-08,19,2,1,5.76460752303767552e+17,19,2,1,5.76460752303767552e+17,16,5,2,3.32306998945331719e+35,5.49108924000000002e+02,0,9.51574402160797933e-09,nan,0.00000000000000000e+00
58,1,-5.02565120939649598e-10,1.00000000000000000e+00,1.26340838516819099e-08,2,18,1.26340838516819099e-08,5.39155758615220411e-09,-2.24894721597965924e-09,-9.01683300362212164e-09,-1.50645589640222934e-09,-3.64287342198101794e-09,5.93231114363940845e-09,-1.23667697410098895e-08,1.31366489726215602e-08,1.41405397480841393e-08,1.18642046200702392e-08,1.82990808846492996e-08,19,2,1,5.76460752303767552e+17,19,2,1,5.76460752303767552e+17,16,5,2,3.32306998945331719e+35,5.60815144000000032e+02,0,1.41405397480841393e-08,nan,0.00000000000000000e+00
58,2,3.45920293055717762e-10,1.00000000000000000e+00,1.01969581804672665e-08,2,18,-4.23274422753951118e-09,1.21695401397455352e-09,-7.36454526361736147e-09,-1.01969581804672665e-08,-9.02793673614471021e-09,4.66159578795251558e-09,-6.23757801257788306e-09,1.10769708401668114e-09,1.05428784735229840e-08,1.13046552644839469e-08,9.37385702920042771e-09,1.36895325240972258e-08,19,2,1,5.76460752303767552e+17,19,2,1,5.76460752303767552e+17,16,5,2,3.32306998945331719e+35,5.59978758999999968e+02,0,1.13046552644839469e-08,nan,0.00000000000000000e+00
58,3,-1.65647604129004482e-09,1.00000000000000000e+00,6.99295573200545185e-09,2,18,2.33773615073414042e-09,-6.99295573200545185e-09,5.65028450121818541e-09,5.19437096651763549e-09,-2.29354128771309343e-09,6.19746049650701518e-09,-8.56487374292792958e-09,-4.28617137380420694e-09,7.30676054250823044e-09,1.42151582441461158e-08,7.85393653779706021e-09,1.47623342394349448e-08,19,2,1,5.76460752303767552e+17,19,2,1,5.76460752303767552e+17,16,5,2,3.32306998945331719e+35,5.57892044000000055e+02,0,1.42151582441461158e-08,nan,0.00000000000000000e+00
59,0,-1.80055247438007581e-09,1.00000000000000000e+00,1.33864914439374330e-08,2,18,9.12189148137713102e-09,-1.02250183920250159e-09,4.28692043360463429e-09,-1.33864914439374330e-08,-1.09075366846961664e-08,-2.91047091031053219e-09,4.83103310582822957e-09,4.11937208418001513e-09,1.15859389695573570e-08,2.00294281660732974e-08,9.10698421031609038e-09,1.57385697905243960e-08,19,2,1,5.76460752303767552e+17,19,2,1,5.76460752303767552e+17,16,5,2,3.32306998945331719e+35,6.34594852999999944e+02,0,2.00294281660732974e-08,nan,0.00000000000000000e+00
59,1,-1.37085067499415688e-09,1.00000000000000000e+00,5.54554696046469419e-09,2,18,5.54554696046469419e-09,-5.00968934009157494e-09,3.91342380210277861e-09,2.66116207788647009e-09,4.69560062015163882e-09,-1.57140589090878337e-09,4.74775013890403912e-09,1.95842788762720815e-09,6.91639763545885128e-09,3.43828344918279157e-09,6.11860081389819621e-09,6.31915602981282208e-09,19,2,1,5.76460752303767552e+17,19,2,1,5.76460752303767552e+17,16,5,2,3.32306998945331719e+35,5.70599610999999982e+02,0,3.43828344918279157e-09,nan,0.00000000000000000e+00
59,2,-7.93895677274169814e-10,1.00000000000000000e+00,2.37423304933830196e-09,2,18,2.07158683669531777e-09,-1.66828279407032333e-09,8.50917073833639243e-10,2.37423304933830196e-09,-1.17269178432170967e-08,1.28410449227389469e-08,-1.49284167447970631e-08,-1.16770882706553187e-08,3.16812872661247187e-09,1.57793338186307038e-08,1.41345210675228940e-08,2.77694616675360117e-08,19,2,1,5.76460752303767552e+17,19,2,1,5.76460752303767552e+17,16,5,2,3.32306998945331719e+35,5.57123375000000010e+02,0,1.57793338186307038e-08,nan,0.00000000000000000e+00
59,3,-7.14546461022014555e-10,1.00000000000000000e+00,1.89665928406735721e-08,2,18,1.89665928406735721e-08,-7.67801872203787360e-09,-5.08778793864867990e-09,9.29007346391999741e-10,1.35383466021189136e-09,1.82854909311107730e-08,3.86483105669540223e-10,-9.21127437206322254e-10,1.96811393016955870e-08,2.59635096531486466e-08,1.90000373921327878e-08,1.92066183683170952e-08,19,2,1,5.76460752303767552e+17,19,2,1,5.76460752303767552e+17,16,5,2,3.32306998945331719e+35,5.44769837000000052e+02,0,2.59635096531486466e-08,nan,0.00000000000000000e+00
60,0,-1.91418046943979682e-09,1.00000000000000000e+00,1.62051884590761200e-08,2,18,3.75535640913840421e-09,-1.62051884590761200e-08,1.04856756875467574e-08,-1.46168124299141043e-08,2.55136087934635067e-09,6.31879660140142582e-09,-7.04949896743682854e-10,2.15379382690732613e-09,1.42910079896363232e-08,2.25239850604775459e-08,8.23297707084122264e-09,7.02374649814510868e-09,19,2,1,5.76460752303767552e+17,19,2,1,5.76460752303767552e+17,16,5,2,3.32306998945331719e+35,5.50386309999999980e+02,0,2.25239850604775459e-08,nan,0.00000000000000000e+00
60,1,1.02957649551744932e-09,1.00000000000000000e+00,1.38954737718759040e-08,2,18,1.34390570027060556e-08,9.90648084649230231e-09,-5.08111284542759096e-09,1.38954737718759040e-08,-9.21041562260525255e-09,-5.68510053317110547e-09,4.77453912413666546e-09,9.56271890971622054e-10,1.28658972763584547e-08,2.26494726253113081e-08,1.02399921181227019e-08,1.39849547467419180e-08,19,2,1,5.76460752303767552e+17,19,2,1,5.76460752303767552e+17,16,5,2,3.32306998945331719e+35,5.85047646999999984e+02,0,2.26494726253113081e-08,nan,0.00000000000000000e+00
60,2,-3.88858572798643002e-10,1.00000000000000000e+00,1.68473112842068393e-08,2,18,-1.68473112842068393e-08,-2.07310095627742786e-09,9.57677793951887041e-09,-7.78340732772272339e-09,6.81684140386369430e-09,-1.98163970548005512e-09,3.32570866434970765e-08,8.16837051488844509e-09,1.64584527114081950e-08,2.36803087039782045e-08,3.36459452162957208e-08,3.52387263489771317e-08,19,2,1,5.76460752303767552e+17,19,2,1,5.76460752303767552e+17,16,5,2,3.32306998945331719e+35,5.80910417000000052e+02,0,2.36803087039782045e-08,nan,0.00000000000000000e+00
60,3,-6.61170770547119715e-10,1.00000000000000000e+00,1.28159867138631114e-08,2,18,4.40241510542801075e-09,-6.38893399154204992e-09,-3.49067161814349784e-09,-1.28159867138631114e-08,1.94964832356273306e-08,-7.13953240375665026e-09,-8.72387706769344186e-09,4.46493787055725288e-09,1.21548159433159923e-08,1.72809245844203643e-08,2.01576540061744498e-08,2.82203603033207708e-08,19,2,1,5.76460752303767552e+17,19,2,1,5.76460752303767552e+17,16,5,2,3.32306998945331719e+35,5.61218781000000035e+02,0,1.72809245844203643e-08,nan,0.00000000000000000e+00
61,0,-3.28783135288386473e-10,1.00000000000000000e+00,1.36819382912022409e-08,2,18,4.56920163005609145e-10,-1.36819382912022409e-08,8.00034752471742437e-09,9.06876048975259352e-09,-4.00411359425376369e-09,-2.84624802261217396e-09,-1.32022390365819863e-08,6.36351043371174856e-09,1.33531551559138545e-08,2.12025865612994106e-08,1.28734559012935999e-08,1.95657494702937365e-08,19,2,1,5.76460752303767552e+17,19,2,1,5.76460752303767552e+17,16,5,2,3.32306998945331719e+35,5.34407958000000008e+02,0,2.12025865612994106e-08,nan,0.00000000000000000e+00
61,1,-6.22184498969532600e-09,1.00000000000000000e+00,1.71667101243756687e-08,2,18,1.25647789041736798e-08,-1.13971430404289871e-09,-3.60703178154104179e-10,1.71667101243756687e-08,-8.71451504307225058e-09,1.14705988356331492e-08,1.92441500491978821e-08,-5.80372889811403962e-09,2.33885551140709947e-08,2.29704390224897083e-08,2.54659950388932081e-08,2.79586650922701327e-08,19,2,1,5.76460752303767552e+17,19,2,1,5.76460752303767552e+17,16,5,2,3.32306998945331719e+35,5.46272765000000049e+02,0,2.29704390224897083e-08,nan,0.00000000000000000e+00
61,2,-6.26466355391902835e-09,1.00000000000000000e+00,2.00857436237616131e-08,2,18,-1.97949799366831488e-08,-2.00857436237616131e-08,6.76853147175965566e-09,-1.33531893480729062e-08,1.38148808773585645e-08,-3.94384797643252416e-09,-1.31156264254436536e-08,-2.21385049699741196e-08,1.38210800698425856e-08,3.36098608140417117e-08,2.00795444312775937e-08,3.59533858473326825e-08,19,2,1,5.76460752303767552e+17,19,2,1,5.76460752303767552e+17,16,5,2,3.32306998945331719e+35,5.57055866000000037e+02,0,3.36098608140417117e-08,nan,0.00000000000000000e+00
61,3,-8.44523287511306059e-09,1.00000000000000000e+00,1.10844318044004227e-08,2,18,-9.53080043711095560e-09,-1.02117141762467946e-08,5.70498593739828068e-10,-1.10844318044004227e-08,2.01601121893531888e-08,-5.43691117294350198e-09,-9.12960386796888247e-09,-1.63008924778008988e-09,9.01573146885288948e-09,2.96909126264641444e-08,2.86053450644662494e-08,2.92897160573220696e-08,19,2,1,5.76460752303767552e+17,19,2,1,5.76460752303767552e+17,16,5,2,3.32306998945331719e+35,5.52847986999999989e+02,0,2.96909126264641444e-08,nan,0.00000000000000000e+00
62,0,-1.13874971557494083e-08,1.00000000000000000e+00,2.23481421352431285e-08,2,18,-2.23481421352431285e-08,-7.73265903517805352e-09,1.23827975541494754e-08,-5.76223464703064918e-09,1.22173720106070716e-08,-1.09914678673474598e-08,-2.29195186028935157e-08,-1.97554526017447779e-08,2.37702947098988837e-08,3.53023161570429943e-08,2.36048691663564799e-08,3.51368906135005873e-08,19,2,1,5.76460752303767552e+17,19,2,1,5.76460752303767552e+17,16,5,2,3.32306998945331719e+35,5.60059598000000051e+02,0,3.53023161570429943e-08,nan,0.00000000000000000e+00
62,1,-1.49525657755265237e-08,1.00000000000000000e+00,1.07464980631555200e-08,2,18,-1.56080543241296962e-09,-7.26133554491501958e-09,1.07464980631555200e-08,-3.93068310383062097e-09,-1.35921915378960589e-08,-8.76824017528607500e-09,-3.27450204251405264e-08,1.17548476420309356e-09,2.56990638386820437e-08,4.34915184882960465e-08,1.77924546496140027e-08,3.39205051893436217e-08,19,2,1,5.76460752303767552e+17,19,2,1,5.76460752303767552e+17,16,5,2,3.32306998945331719e+35,5.55217076000000020e+02,0,4.34915184882960465e-08,nan,0.00000000000000000e+00
62,2,-1.36891896957673369e-08,1.00000000000000000e+00,2.07856408169048880e-08,2,18,-1.51706722223943289e-08,1.18261606045557942e-08,2.07856408169048880e-08,-1.76447052230611921e-08,-2.66159160305271580e-08,-2.15020945902660429e-09,-1.27041016109321167e-08,-2.80950582859017692e-10,3.44748305126722249e-08,3.34897424278370047e-08,1.34082391129083190e-08,2.63349654476681418e-08,19,2,1,5.76460752303767552e+17,19,2,1,5.76460752303767552e+17,16,5,2,3.32306998945331719e+35,6.12771139999999946e+02,0,3.34897424278370047e-08,nan,0.00000000000000000e+00
62,3,-1.07105965466217683e-08,1.00000000000000000e+00,3.40699002517542669e-08,2,18,-2.53841058225951314e-08,-1.66064129255397714e-08,1.20831966979972183e-08,3.40699002517542669e-08,8.27100506782051197e-09,-1.22272161581027233e-08,6.96178259298641161e-09,2.20022978973486328e-08,4.47804967983760335e-08,3.36551108904156401e-08,3.27128944439704027e-08,3.42295140554513560e-08,19,2,1,5.76460752303767552e+17,19,2,1,5.76460752303767552e+17,16,5,2,3.32306998945331719e+35,5.44585840999999959e+02,0,3.36551108904156401e-08,nan,0.00000000000000000e+00
63,0,-2.83322721926616110e-09,1.00000000000000000e+00,1.46373423697744240e-08,2,18,1.31983159717793950e-08,2.26811898119173837e-09,-4.24543000418413999e-10,1.46373423697744240e-08,-3.76774103406778480e-08,-5.64078401952158454e-09,-1.14547780620902987e-08,2.01120668219466930e-08,1.74705695890405847e-08,5.08757263124572429e-08,3.48441831214116840e-08,5.77894771626245409e-08,19,2,1,5.76460752303767552e+17,19,2,1,5.76460752303767552e+17,16,5,2,3.32306998945331719e+35,5.37650499999999965e+02,0,5.08757263124572429e-08,nan,0.00000000000000000e+00
63,1,-1.10279527593713597e-09,1.00000000000000000e+00,1.59917971616087082e-08,2,18,4.56716104068310463e-09,-6.80724522477618413e-09,-1.59917971616087082e-08,-2.83770543596690150e-09,4.94319480841084117e-09,1.13102183752165308e-08,1.32029810455126682e-08,-5.04218491385741878e-08,1.48890018856715716e-08,4.75841437026072855e-08,4.93190538626370545e-08,6.36248301840868560e-08,19,2,1,5.76460752303767552e+17,19,2,1,5.76460752303767552e+17,16,5,2,3.32306998945331719e+35,5.56152726000000030e+02,0,4.75841437026072855e-08,nan,0.00000000000000000e+00
63,2,-3.39261965814407642e-10,1.00000000000000000e+00,1.14243716444572451e-08,2,18,-5.92769178340105473e-09,-9.89974456851728482e-09,1.14243716444572451e-08,-2.95819765364939602e-09,2.85975347047279837e-08,1.00716030900778312e-08,-6.01374760308031379e-10,1.84425746603780191e-08,1.17636336102716536e-08,3.45252264881290392e-08,2.89367966705423904e-08,2.91989094650360134e-08,19,2,1,5.76460752303767552e+17,19,2,1,5.76460752303767552e+17,16,5,2,3.32306998945331719e+35,5.42929823000000056e+02,0,3.45252264881290392e-08,nan,0.00000000000000000e+00
63,3,6.17126852797508026e-10,1.00000000000000000e+00,3.17072527512185207e-08,2,18,6.98146474597621286e-09,3.17072527512185207e-08,2.82420860648511188e-08,1.44776494875711148e-08,-1.29433387546323025e-08,-1.40260515282139884e-08,-1.04528312681947816e-10,2.75868524307765518e-08,3.10901258984210127e-08,4.57333042794325108e-08,2.69697255779790437e-08,4.16129039589905418e-08,19,2,1,5.76460752303767552e+17,19,2,1,5.76460752303767552e+17,16,5,2,3.32306998945331719e+35,5.50068189999999959e+02,0,4.57333042794325108e-08,nan,0.00000000000000000e+00
64,0,7.93733832636934053e-09,1.00000000000000000e+00,3.17630146734330442e-08,2,18,3.43837977206058454e-09,-1.83719919646850836e-08,3.17630146734330442e-08,8.09279281199455418e-09,1.43645031362654000e-09,1.13053487629116910e-08,2.83845471448291644e-08,3.02622377158404173e-08,2.63093302910544241e-08,2.96773407275967729e-08,2.23248993894710768e-08,2.88257874022138773e-08,19,2,1,5.76460752303767552e+17,19,2,1,5.76460752303767552e+17,16,5,2,3.32306998945331719e+35,5.51975513999999976e+02,0,2.96773407275967729e-08,nan,0.00000000000000000e+00
64,1,5.01733410540069132e-09,1.00000000000000000e+00,4.16406271538129964e-08,2,18,-1.13006182287339421e-10,4.16406271538129964e-08,6.59985636850792888e-09,-1.41324801428144860e-08,2.38864389691823810e-08,-5.25270604190970928e-09,1.59872613298537904e-09,-6.35654654510301351e-09,3.66232930484123076e-08,4.68933331957227041e-08,1.88691048637816889e-08,3.02429855142853978e-08,19,2,1,5.76460752303767552e+17,19,2,1,5.76460752303767552e+17,16,5,2,3.32306998945331719e+35,5.58906535999999960e+02,0,4.68933331957227041e-08,nan,0.00000000000000000e+00
64,2,1.39655825697048443e-08,1.00000000000000000e+00,7.97816147069277375e-08,2,18,7.97816147069277375e-08,1.09179934902708755e-08,-2.18101117768448860e-09,2.03971773123306086e-08,9.76306681285747798e-09,-4.53670636418479694e-10,2.10814885375597244e-09,-4.93919202918302755e-09,6.58160321372228931e-08,7.00185478940702595e-08,1.89047745988878727e-08,1.47022588420405064e-08,19,2,1,5.76460752303767552e+17,19,2,1,5.76460752303767552e+17,16,5,2,3.32306998945331719e+35,5.64324567000000002e+02,0,7.00185478940702595e-08,nan,0.00000000000000000e+00
64,3,4.78663292458170567e-09,1.00000000000000000e+00,3.93528749257751430e-08,2,18,9.06255946680141385e-09,-3.53747767871163633e-08,3.93528749257751430e-08,-6.98910218169545264e-09,-1.11974777888324672e-08,9.74537706550566519e-09,1.15013080390703580e-08,-1.98946139381117890e-09,4.01614097116980723e-08,4.51201538526220301e-08,1.59841107134141729e-08,2.26987858279028252e-08,19,2,1,5.76460752303767552e+17,19,2,1,5.76460752303767552e+17,16,5,2,3.32306998945331719e+35,5.59833407999999963e+02,0,4.51201538526220301e-08,nan,0.00000000000000000e+00
65,0,-4.86501352472718655e-09,1.00000000000000000e+00,1.36155194346140361e-08,2,18,1.54504522956739840e-09,-1.36155194346140361e-08,1.16228839067234186e-08,-1.32859512858326345e-08,-1.22660047326308047e-08,-4.12149238312960354e-08,8.87951474403774578e-09,2.56019131484895826e-09,1.64878974314506035e-08,2.75994043966819976e-08,3.63499103065688472e-08,5.00944385753337811e-08,19,2,1,5.76460752303767552e+17,19,2,1,5.76460752303767552e+17,16,5,2,3.32306998945331719e+35,5.47809796000000006e+02,0,2.75994043966819976e-08,nan,0.00000000000000000e+00
65,1,2.95653382874393929e-09,1.00000000000000000e+00,2.87869999556239951e-08,2,18,6.03872056805588182e-09,-2.53307914038418403e-09,-1.06753100760745908e-08,2.87869999556239951e-08,6.79505005390168641e-08,1.94803357432959593e-08,-4.19350269709853330e-08,5.61251623620099835e-08,2.58304661268800563e-08,6.19117799709609856e-08,6.49939667102729286e-08,1.09885527510002204e-07,19,2,1,5.76460752303767552e+17,19,2,1,5.76460752303767552e+17,16,5,2,3.32306998945331719e+35,5.27055982999999969e+02,0,6.19117799709609856e-08,nan,0.00000000000000000e+00
65,2,3.01913844659277802e-09,1.00000000000000000e+00,2.49136939921518020e-08,2,18,1.24562363500755126e-08,2.49136939921518020e-08,7.56185049321556269e-09,-2.24342003967839700e-08,-6.92442951569777302e-09,-2.05319651145818859e-09,2.37980920343004655e-08,-2.28706113731481278e-08,2.54533388433767476e-08,2.69668905036099906e-08,2.58897498197409054e-08,4.66687034074485900e-08,19,2,1,5.76460752303767552e+17,19,2,1,5.76460752303767552e+17,16,5,2,3.32306998945331719e+35,5.38440957000000026e+02,0,2.69668905036099906e-08,nan,0.00000000000000000e+00
65,3,3.84656698621618049e-09,1.00000000000000000e+00,1.70953516342897216e-08,2,18,8.01865385039996850e-09,1.70953516342897216e-08,5.58033899265776029e-09,6.83120620381404921e-09,2.86883762513124447e-08,2.77501797243140441e-08,7.10385285369748794e-09,-2.03675155166731423e-08,1.32487846480735411e-08,2.71987217204871924e-08,2.48418092650962658e-08,4.90558917679855837e-08,19,2,1,5.76460752303767552e+17,19,2,1,5.76460752303767552e+17,16,5,2,3.32306998945331719e+35,5.39246813999999972e+02,0,2.71987217204871924e-08,nan,0.00000000000000000e+00
66,0,-1.27759043838505830e-08,1.00000000000000000e+00,6.89295633500013183e-08,2,18,-3.50691227059856830e-08,2.77061536249342638e-08,-6.89295633500013183e-08,-2.48252154351413867e-08,2.57516386398125654e-08,-3.71686594320724732e-08,-4.02222780793469301e-09,4.87108430417067689e-08,5.61536589661507320e-08,7.35360584768481589e-08,6.14867474255573552e-08,8.58795024737792421e-08,19,2,1,5.76460752303767552e+17,19,2,1,5.76460752303767552e+17,16,5,2,3.32306998945331719e+35,5.33846271000000002e+02,0,7.35360584768481589e-08,nan,0.00000000000000000e+00
66,1,3.51745613163761981e-09,1.00000000000000000e+00,4.14443634704169033e-08,2,18,-1.75683492998345997e-08,4.14443634704169033e-08,-2.57135244986674287e-08,1.37980467850629617e-09,2.92073067954691049e-08,-1.44796952213740096e-08,2.00258420051297401e-09,1.58609175330582276e-08,3.79269073387792839e-08,5.59240586917909096e-08,2.56898506638314855e-08,4.36870020168431112e-08,19,2,1,5.76460752303767552e+17,19,2,1,5.76460752303767552e+17,16,5,2,3.32306998945331719e+35,6.04003002000000038e+02,0,5.59240586917909096e-08,nan,0.00000000000000000e+00
66,2,-7.33081311154398166e-09,1.00000000000000000e+00,2.21846349203603502e-08,2,18,-1.33792688862631422e-08,-2.18630045931388910e-08,2.21846349203603502e-08,1.58702105949974732e-08,4.06557901217405476e-08,-5.65477032752461876e-08,1.59656470717409664e-08,1.22113843697122651e-08,2.95154480319043302e-08,5.40350590080036898e-08,4.92168901637022076e-08,9.72034933969867287e-08,19,2,1,5.76460752303767552e+17,19,2,1,5.76460752303767552e+17,16,5,2,3.32306998945331719e+35,5.46257366000000047e+02,0,5.40350590080036898e-08,nan,0.00000000000000000e+00
66,3,8.81662852647445764e-09,1.00000000000000000e+00,4.15746107663147984e-08,2,18,1.68720740001389143e-08,4.05181281911992586e-08,4.15746107663147984e-08,3.19771815842439173e-08,3.60971092366028652e-08,2.23741784949960847e-08,-1.14428679178053666e-08,-7.57494860673242482e-09,3.27579822398403391e-08,5.30174786841201667e-08,2.72804807101284059e-08,4.75399771544082334e-08,19,2,1,5.76460752303767552e+17,19,2,1,5.76460752303767552e+17,16,5,2,3.32306998945331719e+35,5.31496852999999987e+02,0,5.30174786841201667e-08,nan,0.00000000000000000e+00
67,0,7.66250232779525947e-09,1.00000000000000000e+00,2.71949980798362127e-08,2,18,-1.16798792566233391e-08,1.78995204677184982e-08,2.71949980798362127e-08,1.25108304883197143e-08,3.60703835673989075e-08,4.45731256467972321e-08,4.07670534812360026e-08,4.93676718062508322e-08,1.95324957520409532e-08,4.77502628240222499e-08,4.17051694784555727e-08,1.32972882388519247e-08,19,2,1,5.76460752303767552e+17,19,2,1,5.76460752303767552e+17,16,5,2,3.32306998945331719e+35,5.39772860000000037e+02,0,4.77502628240222499e-08,nan,0.00000000000000000e+00
67,1,2.10747182638021558e-08,1.00000000000000000e+00,6.30712810244640284e-08,2,18,6.30712810244640284e-08,1.63335449717387356e-08,4.33551709374651308e-08,-3.87839687955256097e-10,3.64536717032995238e-08,-2.61195757506167504e-08,3.78963229277990020e-08,-2.60756159085854429e-09,4.19965627606618726e-08,4.24531207223554826e-08,4.71942940144189095e-08,6.40158986784157490e-08,19,2,1,5.76460752303767552e+17,19,2,1,5.76460752303767552e+17,16,5,2,3.32306998945331719e+35,5.48374638000000004e+02,0,4.24531207223554826e-08,nan,0.00000000000000000e+00
67,2,1.71245820698105979e-08,1.00000000000000000e+00,5.96843214813179821e-08,2,18,5.96843214813179821e-08,1.66931993353254512e-08,1.22677696078136510e-08,1.19004008417041960e-08,-1.02371141950036481e-08,1.38571773229948897e-09,-5.45253907363066287e-09,-9.17191248199660214e-10,4.25597394115073842e-08,6.99214356763216335e-08,2.73616962648142460e-08,1.16228319273031362e-08,19,2,1,5.76460752303767552e+17,19,2,1,5.76460752303767552e+17,16,5,2,3.32306998945331719e+35,5.63931605999999988e+02,0,6.99214356763216335e-08,nan,0.00000000000000000e+00
67,3,2.11673604931385213e-08,1.00000000000000000e+00,3.19822194023582872e-08,2,18,-2.22665106883948195e-08,-3.10785308292128090e-08,2.19986561295234610e-08,-3.19822194023582872e-08,4.72897637737340934e-08,3.10274393016477702e-08,2.12128752692347916e-08,9.31194678584836960e-08,5.31495798954968085e-08,1.25101687260841977e-07,7.19521073653451748e-08,7.19065925892489110e-08,19,2,1,5.76460752303767552e+17,19,2,1,5.76460752303767552e+17,16,5,2,3.32306998945331719e+35,5.62885000999999988e+02,0,1.25101687260841977e-07,nan,0.00000000000000000e+00
68,0,2.54184595629297691e-08,1.00000000000000000e+00,4.12093500594972165e-08,2,18,4.12093500594972165e-08,1.07101188203766178e-08,-2.59611296125563022e-08,5.49252882479029306e-09,9.61345590779950009e-08,5.48115487112288724e-08,1.82224096190566871e-08,-3.95656433317274046e-09,5.13795891754860680e-08,5.49252090184977844e-08,7.07160995150652350e-08,1.00091123411167741e-07,19,2,1,5.76460752303767552e+17,19,2,1,5.76460752303767552e+17,16,5,2,3.32306998945331719e+35,5.50628472999999985e+02,0,5.49252090184977844e-08,nan,0.00000000000000000e+00
68,1,3.37126509515716689e-08,1.00000000000000000e+00,9.36267984404572553e-08,2,18,4.05666001679330897e-08,5.41418437670360941e-08,2.78960091838838781e-08,9.36267984404572553e-08,2.70263805874256028e-10,-1.08442460576609010e-08,8.70402500305994333e-08,7.65998349472992459e-08,5.99141474888855864e-08,6.49860898246969951e-08,5.33275990790277644e-08,9.78844960882603343e-08,19,2,1,5.76460752303767552e+17,19,2,1,5.76460752303767552e+17,16,5,2,3.32306998945331719e+35,5.44750861999999984e+02,0,6.49860898246969951e-08,nan,0.00000000000000000e+00
68,2,2.36571556240799039e-08,1.00000000000000000e+00,6.10674632833550058e-08,2,18,6.10674632833550058e-08,2.71331974809292027e-08,6.66848897144148770e-09,3.73065699779888295e-08,5.03659748117460981e-08,-2.15028437949068675e-08,-6.61853676332274132e-09,-2.29388567053728988e-08,3.74103076592751019e-08,6.02454266833617283e-08,4.65960123294528028e-08,7.33048315171189903e-08,19,2,1,5.76460752303767552e+17,19,2,1,5.76460752303767552e+17,16,5,2,3.32306998945331719e+35,5.53056503000000021e+02,0,6.02454266833617283e-08,nan,0.00000000000000000e+00
68,3,3.05982936509010368e-08,1.00000000000000000e+00,1.06384413131150569e-07,2,18,1.06384413131150569e-07,1.37691474368572356e-08,4.97507082913285709e-09,5.96590753279655183e-08,7.62284540822954896e-08,3.25490864063377291e-08,7.02758547084794931e-08,8.06256553229830490e-08,7.57861194802495321e-08,6.53007838793466360e-08,5.00273616720820122e-08,4.80765689166453199e-08,19,2,1,5.76460752303767552e+17,19,2,1,5.76460752303767552e+17,16,5,2,3.32306998945331719e+35,5.60744738999999981e+02,0,6.53007838793466360e-08,nan,0.00000000000000000e+00
69,0,4.14035435026065749e-08,1.00000000000000000e+00,6.82900576416237051e-08,2,18,-6.82900576416237051e-08,2.45403878672018185e-08,-2.56445146083842926e-08,-2.48348321683961881e-09,-1.20124105750562136e-08,5.95001702725905529e-08,1.24372766776844326e-07,-9.85480411245367064e-09,1.09693601144230280e-07,1.50017281385228625e-07,8.29692232742377510e-08,1.36385177351900546e-07,19,2,1,5.76460752303767552e+17,19,2,1,5.76460752303767552e+17,16,5,2,3.32306998945331719e+35,5.34994831999999974e+02,0,1.50017281385228625e-07,nan,0.00000000000000000e+00
69,1,3.32359222505614602e-08,1.00000000000000000e+00,9.25825626407035053e-08,2,18,9.25825626407035053e-08,8.41397457658315109e-08,2.05017081653266568e-08,-1.21864795845322533e-09,4.81837497199713274e-08,4.62761037642367737e-08,3.07177198949793107e-08,-1.59186959089271672e-08,5.93466403901420451e-08,4.43988129207321779e-08,4.91546181594886242e-08,6.41024456288984980e-08,19,2,1,5.76460752303767552e+17,19,2,1,5.76460752303767552e+17,16,5,2,3.32306998945331719e+35,5.45927187000000004e+02,0,4.43988129207321779e-08,nan,0.00000000000000000e+00
69,2,2.91269598757240081e-08,1.00000000000000000e+00,4.27896572209204346e-08,2,18,2.61821815726336964e-08,2.70240092041863518e-08,4.27896572209204346e-08,-3.70370248023544313e-08,8.78313493271121297e-08,2.58890222737275988e-08,6.80291354511809997e-08,3.93757994653004767e-08,6.61639846780784394e-08,7.64128242676549014e-08,5.87043894513881216e-08,6.19423270533845242e-08,19,2,1,5.76460752303767552e+17,19,2,1,5.76460752303767552e+17,16,5,2,3.32306998945331719e+35,5.42143141000000014e+02,0,7.64128242676549014e-08,nan,0.00000000000000000e+00
69,3,2.02677001288323847e-08,1.00000000000000000e+00,8.51506125218897036e-08,2,18,8.51506125218897036e-08,4.04649367006071473e-08,6.59230115497807776e-08,4.97008553313889943e-08,-3.13237475978655717e-08,-1.77870757439291255e-08,1.04088194757522186e-07,-3.93329405728072478e-08,6.48829123930573122e-08,1.16474360119755275e-07,8.38204946286898076e-08,1.43421135330329440e-07,19,2,1,5.76460752303767552e+17,19,2,1,5.76460752303767552e+17,16,5,2,3.32306998945331719e+35,5.49301810000000046e+02,0,1.16474360119755275e-07,nan,0.00000000000000000e+00
70,0,3.59906319182254901e-08,1.00000000000000000e+00,9.29154057995875302e-08,2,18,-2.65050274557525592e-08,9.29154057995875302e-08,-1.00305529735112982e-08,5.76647379301600587e-08,-1.92616603257215848e-08,3.99372387875364385e-08,7.69060361118737811e-08,-3.77209853585269667e-09,6.24956593739780558e-08,8.69365890853850744e-08,5.52522922439470748e-08,9.61676964375953659e-08,19,2,1,5.76460752303767552e+17,19,2,1,5.76460752303767552e+17,16,5,2,3.32306998945331719e+35,5.27378154999999992e+02,0,8.69365890853850744e-08,nan,0.00000000000000000e+00
70,1,2.50717030613113408e-08,1.00000000000000000e+00,5.08012887252128526e-08,2,18,5.08012887252128526e-08,7.83795440243011019e-09,-2.00663375274726294e-08,1.41432748682492806e-08,1.36112931889422589e-08,-2.89088354747796600e-08,6.84549449239531162e-08,-5.78854195284324326e-09,4.51380405887839735e-08,8.85212824514257522e-08,5.39805385360910008e-08,9.73637803987327729e-08,19,2,1,5.76460752303767552e+17,19,2,1,5.76460752303767552e+17,16,5,2,3.32306998945331719e+35,5.25339575999999965e+02,0,8.85212824514257522e-08,nan,0.00000000000000000e+00
70,2,4.03763605645357590e-08,1.00000000000000000e+00,9.96166374458635632e-08,2,18,4.54223339340128531e-08,9.24509898334964061e-08,9.96166374458635632e-08,9.62542524288013475e-08,6.11741169735138786e-08,7.05554736247478188e-08,3.69909582526820083e-08,8.47505508516452248e-08,5.92402768813278042e-08,6.26256791931815549e-08,4.43741902871094658e-08,4.77595925989632165e-08,19,2,1,5.76460752303767552e+17,19,2,1,5.76460752303767552e+17,16,5,2,3.32306998945331719e+35,5.34690223999999944e+02,0,6.26256791931815549e-08,nan,0.00000000000000000e+00
70,3,3.10896306200632266e-08,1.00000000000000000e+00,8.63754643255527787e-08,2,18,8.63754643255527787e-08,7.91588121289547648e-08,2.16231949343565749e-08,-2.39380415732637846e-08,3.83817910855887241e-08,7.69671032651784674e-08,-5.32998937970589991e-09,2.34668079789441797e-08,5.52858337054895522e-08,4.79936732399640546e-08,4.58774726451152408e-08,8.22970926448843673e-08,19,2,1,5.76460752303767552e+17,19,2,1,5.76460752303767552e+17,16,5,2,3.32306998945331719e+35,5.26600931999999943e+02,0,4.79936732399640546e-08,nan,0.00000000000000000e+00
71,0,4.76758401331187366e-08,1.00000000000000000e+00,1.48239519170839463e-07,2,18,1.48239519170839463e-07,3.48905732829411626e-08,8.04575561042800482e-08,2.89510301353860557e-08,2.96884498702079491e-08,6.10076669858224643e-08,1.98774248184847831e-08,-1.81809349572264656e-08,1.00563679037720733e-07,1.18551069300631514e-07,6.58567750903452056e-08,7.91886019430489266e-08,19,2,1,5.76460752303767552e+17,19,2,1,5.76460752303767552e+17,16,5,2,3.32306998945331719e+35,5.34685231000000044e+02,0,1.18551069300631514e-07,nan,0.00000000000000000e+00
71,1,4.58679101177977673e-08,1.00000000000000000e+00,6.47801211609677100e-08,2,18,-6.47801211609677100e-08,1.57142241436612178e-08,3.49835031088621843e-08,5.49961753689575043e-08,6.09145819848008993e-08,9.42382334943814318e-08,6.04530461046848286e-08,1.10319366070350018e-07,1.10648031278765484e-07,1.25694703145768623e-07,6.44514559525522441e-08,4.98663199656651893e-08,19,2,1,5.76460752303767552e+17,19,2,1,5.76460752303767552e+17,16,5,2,3.32306998945331719e+35,5.16515137999999979e+02,0,1.25694703145768623e-07,nan,0.00000000000000000e+00
71,2,3.51569425551390771e-08,1.00000000000000000e+00,1.67023758668827138e-07,2,18,-6.48437786098024281e-08,-1.56888880215267333e-08,1.67023758668827138e-07,2.01776444530616738e-09,9.09110528385382020e-08,8.75870439163642079e-09,5.16746674667255574e-08,3.00035100535222694e-08,1.31866816113688067e-07,1.55754831448340630e-07,5.57541102833991249e-08,8.21523484469017812e-08,19,2,1,5.76460752303767552e+17,19,2,1,5.76460752303767552e+17,16,5,2,3.32306998945331719e+35,5.17887588000000051e+02,0,1.55754831448340630e-07,nan,0.00000000000000000e+00
71,3,2.76339527356221370e-08,1.00000000000000000e+00,5.55001580992313174e-08,2,18,3.18469647237447034e-08,2.14552120746241095e-09,8.86476864396693191e-09,-5.55001580992313174e-08,3.76963157692867047e-08,4.48009590127972670e-08,3.06725038235716134e-08,-1.01454770029294903e-07,8.31341108348534577e-08,4.59546119300635855e-08,1.29088722764917043e-07,1.46255729042092170e-07,19,2,1,5.76460752303767552e+17,19,2,1,5.76460752303767552e+17,16,5,2,3.32306998945331719e+35,5.11924331999999993e+02,0,4.59546119300635855e-08,nan,0.00000000000000000e+00
72,0,-3.68841135262075528e-08,1.00000000000000000e+00,9.13097929849791994e-08,2,18,-2.00554057646463108e-09,-9.13097929849791994e-08,1.14952093233763262e-08,-1.40162830984594395e-08,-5.86651963653177125e-09,-1.13251408008281160e-08,-1.45859494392103729e-07,-1.75759906985618638e-08,5.44256794587716466e-08,1.57354703715480052e-07,1.08975380865896169e-07,1.39992974755571957e-07,19,2,1,5.76460752303767552e+17,19,2,1,5.76460752303767552e+17,16,5,2,3.32306998945331719e+35,5.32855782999999974e+02,0,1.57354703715480052e-07,nan,0.00000000000000000e+00
72,1,7.47958197180868771e-09,1.00000000000000000e+00,1.09547872051696599e-07,2,18,8.17102189200691623e-08,4.87290893691630421e-08,1.09547872051696599e-07,8.51008505773027703e-08,8.79648802182860769e-08,1.82486991728267201e-08,5.64158555849926217e-09,7.27085525163663349e-09,1.02068290079887917e-07,1.03906286493197331e-07,8.04852982464773941e-08,8.23232946597868081e-08,19,2,1,5.76460752303767552e+17,19,2,1,5.76460752303767552e+17,16,5,2,3.32306998945331719e+35,5.40113770000000045e+02,0,1.03906286493197331e-07,nan,0.00000000000000000e+00
72,2,1.17729468948191182e-08,1.00000000000000000e+00,1.21503021219233669e-07,2,18,1.09618797368060011e-07,-3.96239547423546204e-08,1.21503021219233669e-07,-3.48521529621212813e-08,-4.12507244587345365e-08,1.60947023849122971e-07,5.41784695788199821e-09,-8.44586061228560697e-08,1.09730074324414553e-07,2.00570978591477604e-07,1.49174076954303841e-07,2.45405629971979040e-07,19,2,1,5.76460752303767552e+17,19,2,1,5.76460752303767552e+17,16,5,2,3.32306998945331719e+35,5.39232483000000002e+02,0,2.00570978591477604e-07,nan,0.00000000000000000e+00
72,3,-1.35696971524163041e-08,1.00000000000000000e+00,8.19138298696712162e-08,2,18,-6.40450013797213952e-08,4.94340063855238627e-08,-8.19138298696712162e-08,-6.86861996903802828e-08,-1.08808041620127069e-08,-3.38105846795055903e-09,-7.19419568523477837e-08,-1.05912809185180446e-07,6.83441327172549088e-08,5.31641972177086883e-08,9.23431120327641387e-08,1.02531750717229887e-07,19,2,1,5.76460752303767552e+17,19,2,1,5.76460752303767552e+17,16,5,2,3.32306998945331719e+35,5.45819312999999966e+02,0,5.31641972177086883e-08,nan,0.00000000000000000e+00
73,0,-1.66395929491655275e-08,1.00000000000000000e+00,1.36288900197527466e-07,2,18,-3.76387574477943659e-08,-1.71951242264368737e-08,1.36288900197527466e-07,2.19810954799385498e-08,-1.11440432510663269e-08,-8.40984602353937291e-08,-2.09885996858323416e-08,-3.50947641210207937e-08,1.52928493146692997e-07,1.57277499883359804e-07,6.74588672862281983e-08,7.29544169843273989e-08,19,2,1,5.76460752303767552e+17,19,2,1,5.76460752303767552e+17,16,5,2,3.32306998945331719e+35,5.52401697000000013e+02,0,1.57277499883359804e-07,nan,0.00000000000000000e+00
73,1,1.39316889399804634e-08,1.00000000000000000e+00,1.27651130520754590e-07,2,18,1.12256868594901211e-07,-1.27651130520754590e-07,-1.07457874371745530e-08,-3.34209420669563663e-08,7.36275789845488591e-08,8.32162177144269369e-08,1.03388121919448905e-07,-8.43502344708420170e-08,1.41582819460735058e-07,2.10867348235181527e-07,9.82819234108224853e-08,1.87738356390290922e-07,19,2,1,5.76460752303767552e+17,19,2,1,5.76460752303767552e+17,16,5,2,3.32306998945331719e+35,5.59806793999999968e+02,0,2.10867348235181527e-07,nan,0.00000000000000000e+00
73,2,2.98259815625522889e-08,1.00000000000000000e+00,1.49330871951394617e-07,2,18,-3.26920112965941842e-08,1.49330871951394617e-07,1.20449009036510358e-08,-4.01878111000765373e-09,-1.11306735904347508e-07,-1.31667934411317754e-07,-5.56334123608667586e-08,-5.52955571753782796e-08,1.19504890388842315e-07,2.80998806362712370e-07,1.61493915973870056e-07,7.63723772359394740e-08,19,2,1,5.76460752303767552e+17,19,2,1,5.76460752303767552e+17,16,5,2,3.32306998945331719e+35,5.71578960000000052e+02,0,2.80998806362712370e-07,nan,0.00000000000000000e+00
73,3,2.93090503285569010e-08,1.00000000000000000e+00,1.02672390508812870e-07,2,18,1.02672390508812870e-07,8.99382418153767139e-08,-9.90152119462526278e-08,4.39338080169040842e-08,5.44569898773476830e-08,-1.46197911961510527e-07,-5.35284090278836920e-08,2.24544857830319810e-08,1.28324262274809519e-07,2.36136153776887254e-07,1.75506962290067418e-07,2.00654901838858210e-07,19,2,1,5.76460752303767552e+17,19,2,1,5.76460752303767552e+17,16,5,2,3.32306998945331719e+35,5.49959353999999962e+02,0,2.36136153776887254e-07,nan,0.00000000000000000e+00
74,0,8.48500221421814641e-08,1.00000000000000000e+00,1.77594236633751776e-07,2,18,1.77594236633751776e-07,3.86974564017499756e-08,-1.48542495040863387e-08,-4.40862081557550474e-08,-9.05358284044368139e-10,1.68133912055518020e-07,1.24993769815353038e-07,-1.40405417315133654e-09,1.28936230297936505e-07,1.78499594917796144e-07,8.62540763153328006e-08,1.69537966228669357e-07,19,2,1,5.76460752303767552e+17,19,2,1,5.76460752303767552e+17,16,5,2,3.32306998945331719e+35,5.33628361000000041e+02,0,1.78499594917796144e-07,nan,0.00000000000000000e+00
74,1,3.40892045532737227e-08,1.00000000000000000e+00,2.00828048521242601e-07,2,18,-2.00828048521242601e-07,-9.27705449831881906e-08,-1.49044590189634018e-07,5.50642215048728800e-08,4.34100582213743387e-08,1.23132975140030226e-09,-1.98234560733382083e-08,2.32274870900295264e-07,2.34917253074516324e-07,2.44238106742616953e-07,1.98185666347021542e-07,2.52098326973633459e-07,19,2,1,5.76460752303767552e+17,19,2,1,5.76460752303767552e+17,16,5,2,3.32306998945331719e+35,5.43820413000000030e+02,0,2.44238106742616953e-07,nan,0.00000000000000000e+00
74,2,5.10181315145515640e-08,1.00000000000000000e+00,1.83040116484426799e-07,2,18,1.83040116484426799e-07,1.23892457664951541e-07,-6.20396942146414775e-08,7.78324960179191716e-08,1.50309518158546647e-07,-1.22173405202501972e-07,2.96860595737539473e-08,-1.92037020869468687e-07,1.32021984969875235e-07,2.69869516887387832e-07,2.43055152384020277e-07,3.42346539028015334e-07,19,2,1,5.76460752303767552e+17,19,2,1,5.76460752303767552e+17,16,5,2,3.32306998945331719e+35,5.24827880000000050e+02,0,2.69869516887387832e-07,nan,0.00000000000000000e+00
74,3,2.22376295384445686e-08,1.00000000000000000e+00,2.34403666040278156e-07,2,18,4.01574585048473602e-08,-6.56820483734588324e-08,9.46881024766864324e-08,-2.34403666040278156e-07,1.79699498942893234e-07,3.37795556132420492e-08,1.01877406331932383e-07,5.60644308249324446e-08,2.56641295578722701e-07,2.90468096865210600e-07,1.57461869404448662e-07,1.45919943329651172e-07,19,2,1,5.76460752303767552e+17,19,2,1,5.76460752303767552e+17,16,5,2,3.32306998945331719e+35,5.43265259000000015e+02,0,2.90468096865210600e-07,nan,0.00000000000000000e+00
75,0,3.73021042865416033e-08,1.00000000000000000e+00,1.65202236067217155e-07,2,18,-1.65202236067217155e-07,-9.05540753484920777e-08,-1.13487976548115876e-08,7.76654199338300930e-08,9.69223815491269912e-08,-1.84810299013908014e-08,5.76636946250237137e-08,-2.78607775915343580e-08,2.02504340353758745e-07,2.62124617616344146e-07,6.51628818780759679e-08,1.24783159140661343e-07,19,2,1,5.76460752303767552e+17,19,2,1,5.76460752303767552e+17,16,5,2,3.32306998945331719e+35,5.55077072000000044e+02,0,2.62124617616344146e-07,nan,0.00000000000000000e+00
75,1,-1.97075913727231136e-09,1.00000000000000000e+00,2.32991019527291656e-07,2,18,2.32991019527291656e-07,1.91176423596232146e-07,-1.01770370533436505e-07,-2.29335422885782935e-08,7.89096406987623718e-08,1.66594555161472635e-07,-2.78593312131866995e-07,-5.08443688443669707e-08,2.34961778664563970e-07,1.76822941598430490e-07,2.76622552994594707e-07,4.45187867293339603e-07,19,2,1,5.76460752303767552e+17,19,2,1,5.76460752303767552e+17,16,5,2,3.32306998945331719e+35,5.38485930000000053e+02,0,1.76822941598430490e-07,nan,0.00000000000000000e+00
75,2,1.13696526828247282e-08,1.00000000000000000e+00,1.87112215034934869e-07,2,18,-6.06273603122083635e-08,-3.81585742754669606e-08,-1.87112215034934869e-07,-6.13308723737135641e-08,-6.68271217451895792e-09,-2.80437791439670619e-08,2.93874713362914887e-07,-1.38280474627142020e-07,1.98481867717759584e-07,4.80986928397849729e-07,2.82505060680090145e-07,4.32155187990056933e-07,19,2,1,5.76460752303767552e+17,19,2,1,5.76460752303767552e+17,16,5,2,3.32306998945331719e+35,6.07090785999999980e+02,0,4.80986928397849729e-07,nan,0.00000000000000000e+00
75,3,6.80322717001500826e-09,1.00000000000000000e+00,2.00369824890357105e-07,2,18,2.00369824890357105e-07,-1.44586020427248489e-07,5.73737147393124218e-08,-1.09409688658315838e-07,2.19067246479932340e-07,7.72608203599500407e-08,-2.00015904849500174e-07,9.91283188607177718e-08,1.93566597720342093e-07,2.57389619588812622e-07,2.12264019309917328e-07,4.19083151329432514e-07,19,2,1,5.76460752303767552e+17,19,2,1,5.76460752303767552e+17,16,5,2,3.32306998945331719e+35,5.84060397999999964e+02,0,2.57389619588812622e-07,nan,0.00000000000000000e+00
76,0,-1.64311974570895542e-08,1.00000000000000000e+00,1.80292280539856443e-07,2,18,-2.27054468745779231e-08,1.80292280539856443e-07,-1.18959393727164758e-07,1.59126403296480402e-08,-1.86310976189429388e-07,-1.40516953877248573e-07,8.60506117921403675e-08,-2.53427851932546270e-07,1.96723477996945991e-07,3.20809234417105016e-07,2.36996654475456723e-07,3.39478463724686664e-07,19,2,1,5.76460752303767552e+17,19,2,1,5.76460752303767552e+17,16,5,2,3.32306998945331719e+35,5.48574751999999989e+02,0,3.20809234417105016e-07,nan,0.00000000000000000e+00
76,1,-5.19225967694239817e-08,1.00000000000000000e+00,1.87426421501522880e-07,2,18,5.80253564831990233e-08,-4.29475592085331028e-08,-7.87885597266275381e-08,1.87426421501522880e-07,9.53851119305344966e-08,-1.55358501301750006e-07,-1.80230604641123116e-07,7.45243918872073775e-08,2.39349018270946855e-07,1.12902029614315502e-07,1.47307708699958472e-07,2.75615716571657613e-07,19,2,1,5.76460752303767552e+17,19,2,1,5.76460752303767552e+17,16,5,2,3.32306998945331719e+35,5.36694591999999943e+02,0,1.12902029614315502e-07,nan,0.00000000000000000e+00
76,2,-2.68366125087490707e-08,1.00000000000000000e+00,3.87185974965139961e-07,2,18,3.87185974965139961e-07,-1.55623582718805272e-07,-7.21379095884850286e-08,1.18783154692638179e-07,-1.12027721404462252e-07,-1.43370999782383492e-07,-1.68414013726375363e-07,-2.03019173694567168e-07,4.14022587473889058e-07,4.99213696369602239e-07,1.76182561185818097e-07,9.09914522901049157e-08,19,2,1,5.76460752303767552e+17,19,2,1,5.76460752303767552e+17,16,5,2,3.32306998945331719e+35,5.49504353000000037e+02,0,4.99213696369602239e-07,nan,0.00000000000000000e+00
76,3,-4.96305091898994549e-08,1.00000000000000000e+00,1.19757511131457322e-07,2,18,-8.72261326156350790e-08,2.98342564681994633e-08,8.57507419472341109e-09,1.19757511131457322e-07,-1.04625370773520696e-07,-4.87549995686964370e-08,-3.28515938203945961e-07,2.42924556483145228e-07,1.69388020321356784e-07,3.37091012398669372e-07,2.92555065673044663e-07,5.71440494687091189e-07,19,2,1,5.76460752303767552e+17,19,2,1,5.76460752303767552e+17,16,5,2,3.32306998945331719e+35,5.39803453999999988e+02,0,3.37091012398669372e-07,nan,0.00000000000000000e+00
77,0,1.41098671565778545e-08,1.00000000000000000e+00,2.38151807589780983e-07,2,18,5.55681214148323218e-08,7.99970393436457475e-08,-2.19014032324253783e-07,-2.38151807589780983e-07,8.08620153821092824e-08,-2.53853046638105705e-07,-1.63586251524796922e-08,-5.77798836890446045e-08,2.52261674746358841e-07,3.33850085981751452e-07,2.67962913794683562e-07,3.34715062020214974e-07,19,2,1,5.76460752303767552e+17,19,2,1,5.76460752303767552e+17,16,5,2,3.32306998945331719e+35,5.49961739999999963e+02,0,3.33850085981751452e-07,nan,0.00000000000000000e+00
77,1,-1.53238401319295115e-07,1.00000000000000000e+00,1.31118872970812582e-07,2,18,6.09223858737816404e-08,1.31118872970812582e-07,3.22156214414417988e-08,-1.12189941862023669e-07,1.85973379520315762e-07,-1.91743722596334459e-07,-3.53790371594119989e-07,2.21134103594281866e-07,2.84357274290107723e-07,3.86005993035561802e-07,3.74372504913576981e-07,5.74924475188401882e-07,19,2,1,5.76460752303767552e+17,19,2,1,5.76460752303767552e+17,16,5,2,3.32306998945331719e+35,5.58259859000000006e+02,0,3.86005993035561802e-07,nan,0.00000000000000000e+00
77,2,-8.71959562076640183e-08,1.00000000000000000e+00,2.83747452287408078e-07,2,18,8.67307758094245937e-08,-2.83747452287408078e-07,-3.16017475934250850e-08,-2.83461562822612114e-07,1.50287902952851996e-07,-2.64192070919222048e-07,-1.20652539398309260e-07,5.30306791379246053e-08,1.96551496079744046e-07,3.36492241960536733e-07,2.37483859160516028e-07,4.14479973872074045e-07,19,2,1,5.76460752303767552e+17,19,2,1,5.76460752303767552e+17,16,5,2,3.32306998945331719e+35,5.59924486000000002e+02,0,3.36492241960536733e-07,nan,0.00000000000000000e+00
77,3,-1.45861308705962195e-07,1.00000000000000000e+00,3.92104797912765782e-07,2,18,-2.47210104994459927e-08,-2.17512113366583348e-07,-8.32753933142192918e-08,-3.92104797912765782e-07,7.69724215537867804e-08,1.03059681271536507e-07,-2.83684897649696173e-07,2.67672294727747650e-07,2.46243489206803588e-07,6.59777092640513433e-07,4.13533603433709845e-07,5.51357192377443877e-07,19,2,1,5.76460752303767552e+17,19,2,1,5.76460752303767552e+17,16,5,2,3.32306998945331719e+35,5.57367506000000049e+02,0,6.59777092640513433e-07,nan,0.00000000000000000e+00
78,0,-1.81532047780737345e-07,1.00000000000000000e+00,1.95183626953626646e-07,2,18,7.26770921460448375e-08,1.95183626953626646e-07,-1.34142335210482217e-07,1.83495299617264741e-07,-2.21237724063397230e-07,-1.43860439359280112e-07,-2.06287449645098745e-07,-1.56466633503712851e-07,3.76715674734363991e-07,3.39961933120977592e-07,3.97056762826598850e-08,7.73772847041171178e-08,19,2,1,5.76460752303767552e+17,19,2,1,5.76460752303767552e+17,16,5,2,3.32306998945331719e+35,5.54463167999999996e+02,0,3.39961933120977592e-07,nan,0.00000000000000000e+00
78,1,1.23832910342295569e-08,1.00000000000000000e+00,3.99788040411545879e-07,2,18,-3.99788040411545879e-07,1.46341862393304665e-07,-3.49542410449438540e-07,1.94424546264757131e-07,-2.41103664001069020e-07,2.79795538594993176e-07,1.01237621929568868e-08,-6.59340926314519477e-08,4.12171331445775416e-07,3.59666172642395427e-07,2.67412247560763639e-07,5.20899202596062196e-07,19,2,1,5.76460752303767552e+17,19,2,1,5.76460752303767552e+17,16,5,2,3.32306998945331719e+35,5.45054973000000018e+02,0,3.59666172642395427e-07,nan,0.00000000000000000e+00
78,2,-2.46671108309077863e-08,1.00000000000000000e+00,1.72755953008075616e-07,2,18,7.77460259291683010e-10,1.07350096477125185e-07,-9.45144783825345004e-08,1.72755953008075616e-07,8.65863031992176022e-08,-2.07097496581223041e-07,4.04238010282983629e-08,-1.27428439268345807e-07,1.97423063838983405e-07,3.14447593058348252e-07,1.82430385750315251e-07,2.93683799780440630e-07,19,2,1,5.76460752303767552e+17,19,2,1,5.76460752303767552e+17,16,5,2,3.32306998945331719e+35,5.60733218999999963e+02,0,3.14447593058348252e-07,nan,0.00000000000000000e+00
78,3,2.70520814741522379e-08,1.00000000000000000e+00,4.52776332960309830e-07,2,18,2.65770509904855569e-07,-1.25263376376541365e-07,-3.53584158346383446e-07,4.52776332960309830e-07,-2.41505405377159476e-07,3.48690160771798560e-07,4.02896726683782246e-07,-1.41088027721859336e-07,4.25724251486157569e-07,7.56480885030165691e-07,3.75844645209629985e-07,6.44402132060941722e-07,19,2,1,5.76460752303767552e+17,19,2,1,5.76460752303767552e+17,16,5,2,3.32306998945331719e+35,5.70520092999999974e+02,0,7.56480885030165691e-07,nan,0.00000000000000000e+00
79,0,-9.35498932185286998e-08,1.00000000000000000e+00,2.98558156554772622e-07,2,18,9.31437758510128452e-08,-5.99864739684441226e-08,6.09249131272749324e-08,-2.98558156554772622e-07,7.24976417458067633e-07,-1.16373760624418749e-07,-8.47593739491856778e-08,8.01177374060319421e-08,2.05008263336243922e-07,6.31832641607054814e-07,8.18526310676596385e-07,8.41350178082486408e-07,19,2,1,5.76460752303767552e+17,19,2,1,5.76460752303767552e+17,16,5,2,3.32306998945331719e+35,5.99882084999999961e+02,0,6.31832641607054814e-07,nan,0.00000000000000000e+00
79,1,-2.88708968537921122e-08,1.00000000000000000e+00,4.10449372654792491e-07,2,18,-4.10449372654792491e-07,3.66707708911163112e-08,2.41241246550721104e-07,-3.27626029106322035e-07,-4.44297479017333618e-07,1.81274456771410056e-07,-4.63798134889846934e-07,-1.50268709058054060e-07,3.81578475801000392e-07,7.05039381440568038e-07,4.34927238036054835e-07,6.45072591661256990e-07,19,2,1,5.76460752303767552e+17,19,2,1,5.76460752303767552e+17,16,5,2,3.32306998945331719e+35,5.77925267999999960e+02,0,7.05039381440568038e-07,nan,0.00000000000000000e+00
79,2,-4.06671475848905901e-08,1.00000000000000000e+00,3.64463455028879438e-07,2,18,-2.49161805621540838e-07,-1.40331459707255132e-08,-3.61153380933853302e-07,3.64463455028879438e-07,2.38691263541279045e-07,6.80193296093778667e-08,-5.29039223273699127e-07,-5.16724220734293966e-07,4.05130602613770015e-07,8.81187675763173405e-07,4.88372075688808551e-07,7.67730486814978172e-07,19,2,1,5.76460752303767552e+17,19,2,1,5.76460752303767552e+17,16,5,2,3.32306998945331719e+35,5.38899858999999992e+02,0,8.81187675763173405e-07,nan,0.00000000000000000e+00
79,3,-7.99721474308326316e-09,1.00000000000000000e+00,5.24423724212120756e-07,2,18,3.16333923387687474e-07,-1.93816415346428154e-07,-5.24423724212120756e-07,-4.55302662265941745e-07,-1.80604088936302513e-07,-2.67135713104810409e-08,-3.73264444737228012e-07,6.40278967399791291e-08,5.16426509469037468e-07,5.19330559005920914e-07,3.65267229994144724e-07,4.37292341477207128e-07,19,2,1,5.76460752303767552e+17,19,2,1,5.76460752303767552e+17,16,5,2,3.32306998945331719e+35,5.51322920999999951e+02,0,5.19330559005920914e-07,nan,0.00000000000000000e+00
80,0,-1.35360472300544238e-07,1.00000000000000000e+00,5.51186491794635731e-07,2,18,3.47283468781644972e-07,-1.59545883349780658e-07,-5.51186491794635731e-07,1.68132317943174388e-07,-1.10557545901364890e-07,9.98791749152803371e-08,-4.87163749173857718e-07,-2.84222623436112567e-07,4.82643941082189183e-07,4.57841014683009889e-07,3.51803276873313507e-07,5.87042924089138055e-07,19,2,1,5.76460752303767552e+17,19,2,1,5.76460752303767552e+17,16,5,2,3.32306998945331719e+35,5.63359488000000056e+02,0,4.57841014683009889e-07,nan,0.00000000000000000e+00
80,1,-1.61317930648395939e-07,1.00000000000000000e+00,5.57658664596861187e-07,2,18,2.10582046955097656e-08,1.84836429824331878e-07,5.57658664596861187e-07,-5.49980701429619565e-07,-5.76522256310971584e-08,9.09589292474735345e-08,-2.20383029094145801e-07,-1.46619130926664651e-07,7.18976595245257152e-07,7.78041693691006988e-07,2.52276859895869500e-07,3.11341958341619336e-07,19,2,1,5.76460752303767552e+17,19,2,1,5.76460752303767552e+17,16,5,2,3.32306998945331719e+35,5.56116592999999966e+02,0,7.78041693691006988e-07,nan,0.00000000000000000e+00
80,2,-1.45799724228150548e-07,1.00000000000000000e+00,4.73903008834829460e-07,2,18,2.32113903549292160e-07,-6.82897036691755955e-08,-4.73903008834829460e-07,-2.55041358119006583e-07,2.36658695158954501e-07,-3.07402640633063591e-07,-2.61108838501590154e-07,3.37176997883254000e-07,3.77913627777442734e-07,5.92218356002260635e-07,4.82976722111404548e-07,6.44579638516317591e-07,19,2,1,5.76460752303767552e+17,19,2,1,5.76460752303767552e+17,16,5,2,3.32306998945331719e+35,5.57433778999999959e+02,0,5.92218356002260635e-07,nan,0.00000000000000000e+00
80,3,-1.44124136677639928e-07,1.00000000000000000e+00,6.80399524247482962e-07,2,18,-3.88756124722702133e-07,6.80399524247482962e-07,-2.99890335593569103e-07,2.47214721037729786e-07,2.06492825334401933e-07,4.31449626886753534e-07,-4.18576184010386855e-07,-5.12989083088424733e-07,8.24523660925122889e-07,7.60203804126154519e-07,5.75573763564393462e-07,9.44438709975178266e-07,19,2,1,5.76460752303767552e+17,19,2,1,5.76460752303767552e+17,16,5,2,3.32306998945331719e+35,5.54692503999999985e+02,0,7.60203804126154519e-07,nan,0.00000000000000000e+00
81,0,-9.87707867836918858e-08,1.00000000000000000e+00,4.31945918078047061e-07,2,18,3.51622356047408267e-09,4.31945918078047061e-07,1.40001565621366134e-07,3.14364209675165077e-07,6.95981971893341898e-08,-4.02995459626537606e-07,-3.41917329849906539e-07,2.90656389368279139e-07,5.30716704861738907e-07,8.34941377704584667e-07,3.89427176151971038e-07,6.93651848994816745e-07,19,2,1,5.76460752303767552e+17,19,2,1,5.76460752303767552e+17,16,5,2,3.32306998945331719e+35,5.69381492999999978e+02,0,8.34941377704584667e-07,nan,0.00000000000000000e+00
81,1,-2.12943781050643720e-09,1.00000000000000000e+00,6.05931481294501761e-07,2,18,-2.24961327478881055e-07,4.55208564426114631e-07,4.18279631573590087e-08,-6.05931481294501761e-07,1.03280090258819193e-07,8.22170351953903927e-08,-1.05670222155993562e-07,9.86921780335363820e-08,6.03802043483995307e-07,7.04623659328038130e-07,1.05409528069325634e-07,2.08950312414812755e-07,19,2,1,5.76460752303767552e+17,19,2,1,5.76460752303767552e+17,16,5,2,3.32306998945331719e+35,5.61296419000000014e+02,0,7.04623659328038130e-07,nan,0.00000000000000000e+00
81,2,-1.61027300616859267e-07,1.00000000000000000e+00,4.50804180419249713e-07,2,18,-4.50804180419249713e-07,2.09899146387858497e-07,3.72176663714552236e-07,3.64933975352293172e-07,-6.17366184614276290e-07,5.11117515542443154e-07,5.87164873539691403e-08,-3.50948906792666989e-08,5.33203964331411504e-07,4.00028866031559897e-07,6.72144816159302369e-07,1.12848370015671934e-06,19,2,1,5.76460752303767552e+17,19,2,1,5.76460752303767552e+17,16,5,2,3.32306998945331719e+35,5.69939967000000024e+02,0,4.00028866031559897e-07,nan,0.00000000000000000e+00
81,3,-1.10005273310187180e-07,1.00000000000000000e+00,5.24236951271926156e-07,2,18,4.91050557842434249e-07,-2.97628353689959905e-07,-2.96889135840899362e-07,5.24236951271926156e-07,2.68147409555630426e-07,4.69721756574735748e-07,-2.97133694834513980e-07,-2.10297836347532968e-07,6.34242224582113296e-07,7.67350110264695600e-07,5.79727029884922888e-07,7.66855451409249780e-07,19,2,1,5.76460752303767552e+17,19,2,1,5.76460752303767552e+17,16,5,2,3.32306998945331719e+35,5.64284651000000054e+02,0,7.67350110264695600e-07,nan,0.00000000000000000e+00
82,0,-9.52057418852352871e-10,1.00000000000000000e+00,9.59149281869055375e-07,2,18,-9.59149281869055375e-07,3.14255049569896098e-07,-3.55730021055840164e-07,-4.99835965211960236e-07,4.27003263820281877e-07,3.39927123407465722e-07,-2.02155667890243814e-07,1.25996110961361710e-07,9.58197224450202967e-07,1.38615254568933730e-06,4.27955321239134232e-07,6.29158931710525690e-07,19,2,1,5.76460752303767552e+17,19,2,1,5.76460752303767552e+17,16,5,2,3.32306998945331719e+35,5.60992101000000048e+02,0,1.38615254568933730e-06,nan,0.00000000000000000e+00
82,1,-5.25526895911822492e-08,1.00000000000000000e+00,5.13074352902031894e-07,2,18,-3.60335575907645829e-07,3.39894748777053335e-08,5.13074352902031894e-07,-1.04680981840205405e-07,2.81148910352256667e-07,-3.09338035623701443e-07,6.00945576322968670e-07,-5.69693758379210762e-07,5.65627042493214136e-07,6.41484486259902496e-07,6.53498265914150913e-07,1.17063933470217933e-06,19,2,1,5.76460752303767552e+17,19,2,1,5.76460752303767552e+17,16,5,2,3.32306998945331719e+35,5.63817293999999947e+02,0,6.41484486259902496e-07,nan,0.00000000000000000e+00
82,2,5.00647392092190751e-08,1.00000000000000000e+00,8.92268739936429347e-07,2,18,-7.61882031869697219e-07,5.13934410561540658e-07,7.60977733143127191e-07,-8.92268739936429347e-07,3.37690050788711418e-07,5.97355860082791396e-07,-6.55176527595727135e-07,-4.31143714218220735e-07,9.42333479145648442e-07,1.41615426073885433e-06,7.05241266804946230e-07,1.25253238767851843e-06,19,2,1,5.76460752303767552e+17,19,2,1,5.76460752303767552e+17,16,5,2,3.32306998945331719e+35,5.64177048000000013e+02,0,1.41615426073885433e-06,nan,0.00000000000000000e+00
82,3,6.23307044856741492e-08,1.00000000000000000e+00,6.61621384289293101e-07,2,18,-6.61621384289293101e-07,3.65241418162653211e-08,2.56268826844897929e-07,3.62177171382924841e-07,-3.98297610442769664e-07,-4.37008554836493438e-07,-8.35284363847362864e-07,-7.90983615266516049e-07,7.23952088774967197e-07,1.15316078664944100e-06,8.97615068333036960e-07,4.36986753404593200e-07,19,2,1,5.76460752303767552e+17,19,2,1,5.76460752303767552e+17,16,5,2,3.32306998945331719e+35,5.63956217000000038e+02,0,1.15316078664944100e-06,nan,0.00000000000000000e+00
83,0,4.93904814047873364e-08,1.00000000000000000e+00,6.81918796262560819e-07,2,18,6.81918796262560819e-07,4.42972143924003460e-07,1.92911835535420151e-07,-7.04362940268088217e-08,4.44543491632344764e-07,-4.01553564759685960e-07,9.56912891703519694e-07,-1.13096480143839118e-06,6.32528314857773522e-07,1.06052850741158243e-06,1.18035528284317847e-06,2.08787769314191087e-06,19,2,1,5.76460752303767552e+17,19,2,1,5.76460752303767552e+17,16,5,2,3.32306998945331719e+35,5.58190056000000027e+02,0,1.06052850741158243e-06,nan,0.00000000000000000e+00
83,1,3.22955783132062843e-07,1.00000000000000000e+00,9.20348837522252162e-07,2,18,-7.99310800229606299e-07,-2.23138094179805209e-07,9.20348837522252162e-07,1.70691000186244337e-07,8.34697751579337949e-07,-4.81339723162884166e-07,2.56052803073307707e-08,1.71061919617726647e-07,1.12226658336166914e-06,1.63400855180894414e-06,8.04295506294947009e-07,1.31603747474222212e-06,19,2,1,5.76460752303767552e+17,19,2,1,5.76460752303767552e+17,16,5,2,3.32306998945331719e+35,5.57004854000000023e+02,0,1.63400855180894414e-06,nan,0.00000000000000000e+00
83,2,2.64542907606778426e-07,1.00000000000000000e+00,5.45010818796948350e-07,2,18,-4.83188728864822723e-07,-3.95583367514121613e-07,-5.45010818796948350e-07,-1.34206809290837975e-07,-3.31284723125100274e-07,4.19266376207983915e-07,4.07502615494803480e-07,3.44001208300164493e-07,8.09553726403726723e-07,9.52513434291751830e-07,5.95827630731878753e-07,7.50551099333084189e-07,19,2,1,5.76460752303767552e+17,19,2,1,5.76460752303767552e+17,16,5,2,3.32306998945331719e+35,5.62222645000000057e+02,0,9.52513434291751830e-07,nan,0.00000000000000000e+00
83,3,2.30667388390810958e-07,1.00000000000000000e+00,3.52627109112048056e-07,2,18,3.13557104930104208e-07,4.09199651960582733e-08,1.11149457664551903e-07,3.52627109112048056e-07,-3.06434395220483450e-07,-1.30759386702413437e-07,-2.53412107479675033e-08,-6.00595676802429042e-07,1.89747423194752685e-07,9.53222785914477098e-07,8.31263065193240026e-07,5.75254466054461486e-07,19,2,1,5.76460752303767552e+17,19,2,1,5.76460752303767552e+17,16,5,2,3.32306998945331719e+35,5.59249026999999955e+02,0,9.53222785914477098e-07,nan,0.00000000000000000e+00
84,0,2.16116434185543481e-07,1.00000000000000000e+00,6.16872199290328828e-07,2,18,6.71265070024183067e-08,6.16872199290328828e-07,-3.04725697314420547e-07,3.29622137931434360e-07,4.29868772925248833e-07,6.76956410616506679e-07,-7.83660898919190035e-08,-5.87223498965235730e-07,5.20842131499964054e-07,9.16845636896670143e-07,8.03339933150779184e-07,1.26417990958174241e-06,19,2,1,5.76460752303767552e+17,19,2,1,5.76460752303767552e+17,16,5,2,3.32306998945331719e+35,5.47156604000000016e+02,0,9.16845636896670143e-07,nan,0.00000000000000000e+00
84,1,8.32317873126123674e-08,1.00000000000000000e+00,1.73492747280392175e-06,2,18,1.25617617675383700e-07,3.92636489479633965e-07,1.73492747280392175e-06,-7.68453071831338855e-07,-2.95373106532966069e-07,9.06756011632481232e-07,-6.96692251490260115e-07,7.90302312202140494e-07,1.65169568549130930e-06,2.43161972429418186e-06,8.23524224319868892e-07,1.60344826312274145e-06,19,2,1,5.76460752303767552e+17,19,2,1,5.76460752303767552e+17,16,5,2,3.32306998945331719e+35,5.54599646000000007e+02,0,2.43161972429418186e-06,nan,0.00000000000000000e+00
84,2,7.98098729097361793e-10,1.00000000000000000e+00,1.21570961618693298e-06,2,18,4.94151817014993001e-07,1.66943459884070560e-07,-1.21570961618693298e-06,1.12180128249570824e-07,1.45751384914347761e-06,-5.04237690569712989e-07,5.42614092020291290e-07,2.77505591849841810e-07,1.21650771491603029e-06,1.75832370820722427e-06,1.45671575041438030e-06,1.96175153971319081e-06,19,2,1,5.76460752303767552e+17,19,2,1,5.76460752303767552e+17,16,5,2,3.32306998945331719e+35,5.50415738000000033e+02,0,1.75832370820722427e-06,nan,0.00000000000000000e+00
84,3,8.07187057791044369e-08,1.00000000000000000e+00,1.20859366515758154e-06,2,18,2.19949754744231062e-07,-3.62133773256383270e-07,-1.20859366515758154e-06,3.80160502118451210e-07,1.46658146849178391e-07,1.10297202588391014e-06,-1.15954423967621111e-06,-9.57121796582023218e-08,1.28931237093668595e-06,1.46510579914029335e-06,1.24026294545531553e-06,2.26251626556012125e-06,19,2,1,5.76460752303767552e+17,19,2,1,5.76460752303767552e+17,16,5,2,3.32306998945331719e+35,5.62219415000000026e+02,0,1.46510579914029335e-06,nan,0.00000000000000000e+00
85,0,-1.23817350134990690e-07,1.00000000000000000e+00,8.85937860686641935e-07,2,18,2.76738043846820789e-07,7.97449972193191263e-07,5.22801819206513862e-07,8.85937860686641935e-07,7.16439990458747795e-07,4.47733755372235579e-07,6.45314853311750239e-07,2.72028422346887231e-07,1.00975521082163255e-06,6.13909438339754758e-07,8.40257340593738511e-07,4.44411568111860565e-07,19,2,1,5.76460752303767552e+17,19,2,1,5.76460752303767552e+17,16,5,2,3.32306998945331719e+35,5.45053899000000001e+02,0,6.13909438339754758e-07,nan,0.00000000000000000e+00
85,1,-2.76109027427355882e-07,1.00000000000000000e+00,9.53685360445638766e-07,2,18,-3.25402963851697389e-07,-9.53685360445638766e-07,4.55941280956069569e-07,-1.23954898374773461e-07,6.03516044202264364e-07,7.32844526078573155e-07,3.12495193889988429e-07,-3.01293273213033161e-07,7.32050308383425451e-07,1.68652988652421181e-06,1.00895355350592893e-06,1.03413779929160632e-06,19,2,1,5.76460752303767552e+17,19,2,1,5.76460752303767552e+17,16,5,2,3.32306998945331719e+35,5.37401478999999995e+02,0,1.68652988652421181e-06,nan,0.00000000000000000e+00
85,2,-1.36502444913311247e-07,1.00000000000000000e+00,7.08102922119763636e-07,2,18,-7.08102922119763636e-07,5.66963731681461588e-07,-4.47098545101944481e-08,-4.69535287135200128e-07,-2.92595015062197823e-07,1.02455341021191460e-06,4.94303882983072340e-08,-3.54598776467574117e-07,7.03466176594772808e-07,4.57589678530453013e-07,1.16105585512522582e-06,1.37915218667948882e-06,19,2,1,5.76460752303767552e+17,19,2,1,5.76460752303767552e+17,16,5,2,3.32306998945331719e+35,5.92904782999999952e+02,0,4.57589678530453013e-07,nan,0.00000000000000000e+00
85,3,-1.65993221340547456e-07,1.00000000000000000e+00,1.17407034882818257e-06,2,18,-9.52281407811659763e-07,6.00462322919908509e-07,1.76217513161648618e-08,-1.17407034882818257e-06,-1.36850657990248655e-07,-3.99091352965266772e-09,-7.21565162694563465e-07,-9.02761991142484218e-07,1.00807712748763503e-06,8.15430749821411161e-07,7.36768769801936788e-07,8.98771077612831497e-07,19,2,1,5.76460752303767552e+17,19,2,1,5.76460752303767552e+17,16,5,2,3.32306998945331719e+35,6.45451042000000029e+02,0,8.15430749821411161e-07,nan,0.00000000000000000e+00
86,0,8.47436699670588771e-08,1.00000000000000000e+00,1.76073709131182640e-06,2,18,-1.76073709131182640e-06,-5.77877850290302140e-07,8.92741945709092520e-07,1.86368983696715235e-07,-8.45858020861806680e-07,-6.21704182953231230e-07,-2.79535761672923792e-08,4.13005744316906826e-07,1.84548076127888532e-06,9.20695521876384846e-07,9.30601690828865597e-07,1.25886376517871345e-06,19,2,1,5.76460752303767552e+17,19,2,1,5.76460752303767552e+17,16,5,2,3.32306998945331719e+35,5.52632872000000020e+02,0,9.20695521876384846e-07,nan,0.00000000000000000e+00
86,1,-2.50922886772906725e-07,1.00000000000000000e+00,1.21885017872392687e-06,2,18,1.09106055631467579e-06,9.02265774336959197e-07,-1.16819457793487091e-06,1.21885017872392687e-06,3.51969001167443191e-07,-8.14215680622341676e-07,2.16331979174950272e-07,-4.95852002754375953e-07,1.46977306549683365e-06,1.71648145495930087e-06,6.02891887940349915e-07,1.16618468178978492e-06,19,2,1,5.76460752303767552e+17,19,2,1,5.76460752303767552e+17,16,5,2,3.32306998945331719e+35,5.64107028000000014e+02,0,1.71648145495930087e-06,nan,0.00000000000000000e+00
86,2,1.49781950665118687e-08,1.00000000000000000e+00,1.56594792045272629e-06,2,18,1.15486185904967380e-06,-8.59706611976675100e-07,-1.56594792045272629e-06,1.05478713560568919e-06,1.33174292756561521e-06,1.08396220965258779e-08,-7.64016050438517427e-07,-1.20050576384951838e-06,1.58092611551923813e-06,2.25529289945520737e-06,1.31676473249910337e-06,2.53224869141513360e-06,19,2,1,5.76460752303767552e+17,19,2,1,5.76460752303767552e+17,16,5,2,3.32306998945331719e+35,5.47343623999999977e+02,0,2.25529289945520737e-06,nan,0.00000000000000000e+00
86,3,-2.10557573307977088e-07,1.00000000000000000e+00,1.37018448821494973e-06,2,18,-1.15672082900474777e-06,1.37018448821494973e-06,6.63509583540050856e-07,1.06235520820624969e-06,7.23904955962673953e-07,2.45697871223758195e-07,-8.83624404063830188e-07,1.42158781374618205e-06,1.58074206152292677e-06,1.88062578496742172e-06,1.63214538705415908e-06,2.30521221781001224e-06,19,2,1,5.76460752303767552e+17,19,2,1,5.76460752303767552e+17,16,5,2,3.32306998945331719e+35,5.52458106000000043e+02,0,1.88062578496742172e-06,nan,0.00000000000000000e+00
87,0,2.00341208374754872e-07,1.00000000000000000e+00,1.04553819089879664e-06,2,18,-1.04553819089879664e-06,2.50643594297581243e-08,-7.36210404558450816e-08,-2.82225398600502885e-07,-1.29008738085809531e-06,-4.43650109161429713e-07,-2.62015726746958301e-07,3.14240336748280223e-07,1.24587939927355154e-06,5.96465735348783108e-07,1.49042858923285021e-06,1.60432771760637553e-06,19,2,1,5.76460752303767552e+17,19,2,1,5.76460752303767552e+17,16,5,2,3.32306998945331719e+35,5.58092184999999972e+02,0,5.96465735348783108e-07,nan,0.00000000000000000e+00
87,1,-3.84733140585518843e-08,1.00000000000000000e+00,1.92131729060295063e-06,2,18,1.92131729060295063e-06,1.01413176933935666e-06,5.39641283857333744e-07,-1.05237180242379712e-06,-8.25714369729276117e-08,6.50620910003264363e-07,-8.45121423310178238e-07,1.39303907295769559e-06,1.95979060466150231e-06,2.44541087538149271e-06,1.43151238701624748e-06,2.23816049626787404e-06,19,2,1,5.76460752303767552e+17,19,2,1,5.76460752303767552e+17,16,5,2,3.32306998945331719e+35,5.57642433999999980e+02,0,2.44541087538149271e-06,nan,0.00000000000000000e+00
87,2,-2.08968131376796195e-07,1.00000000000000000e+00,2.53401977734889781e-06,2,18,2.53401977734889781e-06,7.08467456742320061e-07,-5.32456511414317366e-07,5.06886785357236032e-07,-1.05648971947852750e-06,-1.11242910035949543e-06,-1.09519275350463807e-06,-2.00685331364024780e-06,2.74298790872569422e-06,3.59050949682742531e-06,1.79788518226345161e-06,9.50363594161720304e-07,19,2,1,5.76460752303767552e+17,19,2,1,5.76460752303767552e+17,16,5,2,3.32306998945331719e+35,6.00800109000000020e+02,0,3.59050949682742531e-06,nan,0.00000000000000000e+00
87,3,-1.92111349391883487e-07,1.00000000000000000e+00,6.53170066131668935e-07,2,18,-2.93073444920198187e-07,-2.24320143935491327e-07,-2.19068418412675320e-07,6.53170066131668935e-07,-1.13371230962679286e-07,3.34683994692031542e-07,6.55343368320981103e-07,3.17313585052171595e-06,8.45281415523552448e-07,2.51996578439004680e-06,3.36524719991359935e-06,3.28650708148439523e-06,19,2,1,5.76460752303767552e+17,19,2,1,5.76460752303767552e+17,16,5,2,3.32306998945331719e+35,5.63795342000000005e+02,0,2.51996578439004680e-06,nan,0.00000000000000000e+00
88,0,-5.81786660604150569e-07,1.00000000000000000e+00,1.05215537318875141e-06,2,18,-1.05215537318875141e-06,-2.75761746983797279e-07,-8.19680249032348924e-07,2.82300902215177043e-07,8.79897659593395300e-07,-5.51009925272438196e-08,-1.36076665067080044e-07,-1.13635429057792659e-06,8.64087562819327665e-07,1.93205303278214682e-06,1.46168432019754587e-06,2.01625195017132178e-06,19,2,1,5.76460752303767552e+17,19,2,1,5.76460752303767552e+17,16,5,2,3.32306998945331719e+35,5.51665047999999956e+02,0,1.93205303278214682e-06,nan,0.00000000000000000e+00
88,1,-4.13372802557438684e-07,1.00000000000000000e+00,6.53380021973592602e-07,2,18,-6.53380021973592602e-07,4.32140812885765525e-07,4.84452059943878491e-07,-3.06822079047536245e-07,-1.30664434217316872e-06,-1.15070361433373292e-06,9.27677480017874271e-07,-5.34179639216756840e-07,8.97824862501317174e-07,1.58284442721949845e-06,1.34105028257531285e-06,2.23432182219104289e-06,19,2,1,5.76460752303767552e+17,19,2,1,5.76460752303767552e+17,16,5,2,3.32306998945331719e+35,5.62714022999999997e+02,0,1.58284442721949845e-06,nan,0.00000000000000000e+00
88,2,-6.34850057848856019e-07,1.00000000000000000e+00,1.48800407614366351e-06,2,18,1.53574429952870657e-07,7.75491263096501398e-07,-1.48800407614366351e-06,-1.26137277453882691e-06,-8.52955905641031945e-07,2.57703583417165697e-06,9.50178607879107575e-07,-1.29166578965945554e-06,1.41034132094535742e-06,2.43818268402277087e-06,3.21188589202051320e-06,3.86870162383111251e-06,19,2,1,5.76460752303767552e+17,19,2,1,5.76460752303767552e+17,16,5,2,3.32306998945331719e+35,5.61029392000000030e+02,0,2.43818268402277087e-06,nan,0.00000000000000000e+00
88,3,-6.42597929988647223e-07,1.00000000000000000e+00,2.66499497430460711e-06,2,18,-1.06377389507070157e-06,-2.66499497430460711e-06,1.50023517870058516e-06,-1.56880528456815118e-06,-3.31959700533557411e-06,1.95726634349458622e-06,-1.63454852662429360e-06,-3.20131139688179899e-06,2.14283310868923227e-06,4.62226131779919333e-06,2.67699907534692700e-06,5.27686334883016075e-06,19,2,1,5.76460752303767552e+17,19,2,1,5.76460752303767552e+17,16,5,2,3.32306998945331719e+35,5.67523202999999967e+02,0,4.62226131779919333e-06,nan,0.00000000000000000e+00
89,0,-2.42209363846665879e-07,1.00000000000000000e+00,2.53513633014572900e-06,2,18,-2.53513633014572900e-06,1.26898817533067238e-06,-8.49414095201792430e-07,-7.30811572925137010e-07,-1.70459995912583915e-07,-2.33682864108230136e-06,3.35930505329021104e-07,3.94871190849594286e-07,2.29292696629906307e-06,3.60581681641297374e-06,2.09461927723563543e-06,2.73169983193189586e-06,19,2,1,5.76460752303767552e+17,19,2,1,5.76460752303767552e+17,16,5,2,3.32306998945331719e+35,5.40225093000000015e+02,0,3.60581681641297374e-06,nan,0.00000000000000000e+00
89,1,-3.99753279641999569e-07,1.00000000000000000e+00,1.64782587886572970e-06,2,18,-1.64782587886572970e-06,4.29346593894675737e-07,1.64168939382395538e-06,-1.25580192186532631e-06,4.44106944382708441e-07,-3.14920458656116078e-06,3.16215193151557052e-06,-3.59988655617177741e-06,2.04144267346595510e-06,3.57855118045583657e-06,3.56190521115757025e-06,6.76203848768734794e-06,19,2,1,5.76460752303767552e+17,19,2,1,5.76460752303767552e+17,16,5,2,3.32306998945331719e+35,5.43326078000000052e+02,0,3.57855118045583657e-06,nan,0.00000000000000000e+00
89,2,-4.80078810772907366e-07,1.00000000000000000e+00,1.89310098270290658e-06,2,18,-1.89310098270290658e-06,-6.33583123736317733e-07,1.16137036721511861e-06,-5.45752514066480480e-07,5.57567865952281205e-07,1.59543503963421534e-07,-1.37987788467501998e-06,-1.70620912155889268e-08,1.64144917798802587e-06,2.54124825189013859e-06,1.03764667672518847e-06,1.93744575062730118e-06,19,2,1,5.76460752303767552e+17,19,2,1,5.76460752303767552e+17,16,5,2,3.32306998945331719e+35,5.97498069999999984e+02,0,2.54124825189013859e-06,nan,0.00000000000000000e+00
89,3,-3.00971235081514700e-07,1.00000000000000000e+00,3.72697009079808353e-06,2,18,9.97500016329276683e-07,-1.49366797115577799e-07,5.68563558733803693e-07,-3.72697009079808353e-06,6.79188916578646344e-07,-6.14822269545317503e-07,-3.13920184880777496e-07,-7.54335101215068528e-07,3.42599885571656878e-06,2.97263498958301522e-06,9.80160151660161096e-07,1.43352401779371487e-06,19,2,1,5.76460752303767552e+17,19,2,1,5.76460752303767552e+17,16,5,2,3.32306998945331719e+35,5.48586680999999999e+02,0,2.97263498958301522e-06,nan,0.00000000000000000e+00
90,0,-7.37901028935231927e-07,1.00000000000000000e+00,3.36008404975262252e-06,2,18,-1.27997146254240374e-06,-3.36008404975262252e-06,-2.20979332387997154e-06,2.96593366697296705e-07,-2.49206527067439857e-08,-9.32136277447997660e-07,5.79287236251346731e-07,4.55043077270874858e-07,2.62218302081739049e-06,2.78908056013131838e-06,1.31718826518657866e-06,1.51142351369934439e-06,19,2,1,5.76460752303767552e+17,19,2,1,5.76460752303767552e+17,16,5,2,3.32306998945331719e+35,5.55148997000000008e+02,0,2.78908056013131838e-06,nan,0.00000000000000000e+00
90,1,-5.97864047322024613e-07,1.00000000000000000e+00,2.49542757168310415e-06,2,18,-2.49542757168310415e-06,-1.56892463516592256e-06,4.41126205967095187e-07,3.65313429788501096e-07,2.67897446047924975e-08,-1.21605382895567689e-07,-1.81110366222931305e-06,-1.13026641623821631e-06,1.89756352436107964e-06,2.52221731628789665e-06,1.21323961490728834e-06,1.83789340683410555e-06,19,2,1,5.76460752303767552e+17,19,2,1,5.76460752303767552e+17,16,5,2,3.32306998945331719e+35,5.55752881000000002e+02,0,2.52221731628789665e-06,nan,0.00000000000000000e+00
90,2,-1.25628701015160941e-06,1.00000000000000000e+00,2.72646265287609519e-06,2,18,2.72646265287609519e-06,7.48673295655845681e-07,-1.54600693799298876e-06,1.14152334212660556e-06,-3.40411592435719538e-06,-3.01851499119893738e-06,5.54978996261879315e-07,1.25407995759293600e-06,3.98274966302770502e-06,6.13057857723329057e-06,2.51036696774454520e-06,4.65819588195013160e-06,19,2,1,5.76460752303767552e+17,19,2,1,5.76460752303767552e+17,16,5,2,3.32306998945331719e+35,5.49453238000000056e+02,0,6.13057857723329057e-06,nan,0.00000000000000000e+00
90,3,-5.60807936059201867e-07,1.00000000000000000e+00,5.46499259193709468e-06,2,18,-1.79990515417327602e-07,-5.46499259193709468e-06,-1.38819503628744391e-06,-4.72072403346088313e-06,2.57293793442653205e-06,1.11206665447817770e-06,1.22659224228721623e-06,-1.18233057945095776e-06,4.90418465587789323e-06,6.57705924641527216e-06,3.13374587048573392e-06,3.75526851387748959e-06,19,2,1,5.76460752303767552e+17,19,2,1,5.76460752303767552e+17,16,5,2,3.32306998945331719e+35,5.47892841999999973e+02,0,6.57705924641527216e-06,nan,0.00000000000000000e+00
91,0,-1.20944150241052278e-06,1.00000000000000000e+00,1.39538892075504840e-06,2,18,4.23767012297951836e-07,-1.39538892075504840e-06,6.07225724431171023e-07,7.61771515542433720e-07,7.89107000151872557e-07,-1.64807753777848838e-06,-2.54527970583767956e-06,-3.88988042810261673e-06,1.97121301795295650e-06,4.65165194364505003e-06,2.68043892569209395e-06,4.67898742825448950e-06,19,2,1,5.76460752303767552e+17,19,2,1,5.76460752303767552e+17,16,5,2,3.32306998945331719e+35,5.52089875000000006e+02,0,4.65165194364505003e-06,nan,0.00000000000000000e+00
91,1,1.01701095731891108e-06,1.00000000000000000e+00,3.47359795237008930e-06,2,18,-2.40033361619825366e-06,-2.47446497905327657e-06,2.30037382211146630e-06,3.47359795237008930e-06,-2.05262580623934807e-06,2.32829582431933216e-06,-2.11211648538118521e-06,-3.62845379012458409e-06,3.49147593637218744e-06,7.10205174249467382e-06,4.64546474744349539e-06,5.95674961444391626e-06,19,2,1,5.76460752303767552e+17,19,2,1,5.76460752303767552e+17,16,5,2,3.32306998945331719e+35,5.49566944000000035e+02,0,7.10205174249467382e-06,nan,0.00000000000000000e+00
91,2,3.93393724397498811e-07,1.00000000000000000e+00,2.39529909464084105e-06,2,18,1.92866807623455113e-06,3.82435312037760851e-07,2.39529909464084105e-06,2.70890112103367820e-07,3.43378232374830066e-07,4.43876991973213420e-06,-2.40906674220567421e-06,3.31158179951530893e-07,2.00190537024334245e-06,4.80436583684651568e-06,4.04537619533463518e-06,6.84783666193780841e-06,19,2,1,5.76460752303767552e+17,19,2,1,5.76460752303767552e+17,16,5,2,3.32306998945331719e+35,5.52458051999999952e+02,0,4.80436583684651568e-06,nan,0.00000000000000000e+00
91,3,1.04710775600280841e-06,1.00000000000000000e+00,1.63902944488961454e-06,2,18,-1.29108066889789768e-06,1.63902944488961454e-06,4.98150148678099695e-07,1.12337620842661577e-07,7.17551818815605848e-07,-1.84540599724078350e-06,-1.09939577494407892e-06,1.97193537637381101e-06,2.33818842490070630e-06,3.48443544213039783e-06,2.89251375324359192e-06,3.81734137361459431e-06,19,2,1,5.76460752303767552e+17,19,2,1,5.76460752303767552e+17,16,5,2,3.32306998945331719e+35,5.59089452000000051e+02,0,3.48443544213039783e-06,nan,0.00000000000000000e+00
92,0,2.39775128982924097e-06,1.00000000000000000e+00,2.35186244809762142e-06,2,18,-1.22725636001878081e-06,2.21370848403357717e-06,4.54287644012869716e-07,-2.35186244809762142e-06,-3.47494379076299012e-06,-3.72691786954642834e-06,-6.70225074194898534e-07,-7.11760269498407618e-07,4.74961373792686197e-06,5.94062635358000551e-06,6.12466915937566888e-06,3.05669279535152980e-06,19,2,1,5.76460752303767552e+17,19,2,1,5.76460752303767552e+17,16,5,2,3.32306998945331719e+35,5.35421169999999961e+02,0,5.94062635358000551e-06,nan,0.00000000000000000e+00
92,1,1.42570777092414448e-06,1.00000000000000000e+00,3.75112104049635332e-06,2,18,-1.29008329513949850e-06,1.01119047604944292e-06,-3.75112104049635332e-06,1.55011195941258473e-06,-4.65587605985430922e-06,2.12579590146436156e-06,1.11750500834769882e-06,-1.21174863570522513e-06,5.17682881142049822e-06,4.86862604884405214e-06,6.08158383077845413e-06,6.78167196131867079e-06,19,2,1,5.76460752303767552e+17,19,2,1,5.76460752303767552e+17,16,5,2,3.32306998945331719e+35,5.30995332999999960e+02,0,4.86862604884405214e-06,nan,0.00000000000000000e+00
92,2,1.60633611379274280e-06,1.00000000000000000e+00,4.32854240452879697e-06,2,18,-3.56407893855035070e-06,1.88706524238220183e-06,-1.95815383141671699e-06,-4.32854240452879697e-06,-3.69586464571921655e-06,-1.49654112033124671e-06,1.61085813571273394e-06,5.96671696879126823e-06,5.93487851832153956e-06,1.02952593733200652e-05,5.30220075951195913e-06,9.66258161451048478e-06,19,2,1,5.76460752303767552e+17,19,2,1,5.76460752303767552e+17,16,5,2,3.32306998945331719e+35,6.10761868000000050e+02,0,1.02952593733200652e-05,nan,0.00000000000000000e+00
92,3,2.16833743293396468e-06,1.00000000000000000e+00,6.78171498695443985e-06,2,18,-1.66888122835474175e-06,-5.52283126238221005e-07,6.54637050337005806e-07,6.78171498695443985e-06,-3.18452995365326514e-06,3.46013881188124841e-06,-2.34571657048127905e-06,-4.16925344720238439e-06,4.61337755402047559e-06,1.09509684341568234e-05,6.33759088013634949e-06,7.62939225908363279e-06,19,2,1,5.76460752303767552e+17,19,2,1,5.76460752303767552e+17,16,5,2,3.32306998945331719e+35,5.41422760000000039e+02,0,1.09509684341568234e-05,nan,0.00000000000000000e+00
93,0,-5.74410717093750004e-07,1.00000000000000000e+00,4.36416101032444188e-06,2,18,4.36416101032444188e-06,2.60030519040233757e-06,3.95499889558858726e-06,2.93669500492674623e-06,-1.02597204990190368e-06,-1.50848672739599348e-06,-4.08443236896792817e-06,-8.27719781779534165e-07,4.93857172741819209e-06,8.03943126455651543e-06,3.51002165187417796e-06,3.25671258718839422e-06,19,2,1,5.76460752303767552e+17,19,2,1,5.76460752303767552e+17,16,5,2,3.32306998945331719e+35,5.48688838000000032e+02,0,8.03943126455651543e-06,nan,0.00000000000000000e+00
93,1,6.45653518917318435e-07,1.00000000000000000e+00,3.57877502177163628e-06,2,18,2.88596786118125592e-07,3.31698790133835601e-06,-3.57877502177163628e-06,-2.03631570514296010e-06,1.76874338439749916e-06,1.04302112417580506e-06,1.30033496900640905e-06,-2.55027821305265540e-06,4.22442854068895493e-06,4.87910999077804511e-06,3.19593173196997405e-06,4.31902159745015477e-06,19,2,1,5.76460752303767552e+17,19,2,1,5.76460752303767552e+17,16,5,2,3.32306998945331719e+35,5.56791319000000044e+02,0,4.87910999077804511e-06,nan,0.00000000000000000e+00
93,2,5.53411873773880265e-07,1.00000000000000000e+00,4.69433340379156694e-06,2,18,4.48055168182976564e-06,2.51808602263861624e-06,8.31328030511081702e-07,-4.69433340379156694e-06,5.36880500547467430e-06,4.11023727249125597e-06,3.24731822699724287e-06,-1.65183718046632995e-06,5.24774527756544742e-06,3.04249622332523698e-06,4.81539313170079382e-06,7.02064218594100468e-06,19,2,1,5.76460752303767552e+17,19,2,1,5.76460752303767552e+17,16,5,2,3.32306998945331719e+35,5.74990124000000037e+02,0,3.04249622332523698e-06,nan,0.00000000000000000e+00
93,3,1.00585736335878621e-06,1.00000000000000000e+00,7.26750173816575126e-06,2,18,3.42503853463567583e-06,7.26750173816575126e-06,2.60549686920362360e-06,-4.49348646130291863e-06,1.82758763318887396e-06,3.84017495791095746e-06,2.50190555679649172e-06,-1.49527637340533751e-06,6.26164437480696462e-06,3.42732678025479380e-06,2.83431759455217124e-06,5.33545133131629454e-06,19,2,1,5.76460752303767552e+17,19,2,1,5.76460752303767552e+17,16,5,2,3.32306998945331719e+35,5.63274265000000014e+02,0,3.42732678025479380e-06,nan,0.00000000000000000e+00
94,0,-2.30741847526010256e-07,1.00000000000000000e+00,8.26452573712970775e-06,2,18,-2.34070638455361921e-06,3.79516057080115977e-06,-8.26452573712970775e-06,-5.49537098713408599e-06,7.64581896619058591e-06,3.00464456063474305e-06,4.26747883970746162e-06,-4.21186254851055710e-07,8.03378388960369770e-06,1.25320045768371694e-05,7.87656081371659596e-06,8.06700522104164120e-06,19,2,1,5.76460752303767552e+17,19,2,1,5.76460752303767552e+17,16,5,2,3.32306998945331719e+35,5.57841198999999961e+02,0,1.25320045768371694e-05,nan,0.00000000000000000e+00
94,1,2.06605998273456211e-06,1.00000000000000000e+00,1.24152949702181547e-05,2,18,1.24152949702181547e-05,4.38994390290428465e-07,6.81383021821877423e-06,-1.49914754230829231e-06,6.86157152909972038e-07,3.13990379117676697e-06,-6.97130835703433723e-06,-2.04796638552569284e-06,1.03492349874835922e-05,1.37851385752531106e-05,9.03736833976889977e-06,1.01112121482111046e-05,19,2,1,5.76460752303767552e+17,19,2,1,5.76460752303767552e+17,16,5,2,3.32306998945331719e+35,5.62022182000000043e+02,0,1.37851385752531106e-05,nan,0.00000000000000000e+00
94,2,1.34532175726590048e-06,1.00000000000000000e+00,8.19910761019762577e-06,2,18,-7.39061659207268735e-07,3.72688184679768592e-06,8.19910761019762577e-06,-1.64115332044521293e-08,-2.26537256546053505e-06,5.94637840344261331e-07,5.70261441238590781e-06,-1.64313525792927655e-06,6.85378585293172550e-06,3.13224400645342438e-06,4.35729265512000754e-06,7.96798697784644285e-06,19,2,1,5.76460752303767552e+17,19,2,1,5.76460752303767552e+17,16,5,2,3.32306998945331719e+35,5.59919006999999965e+02,0,3.13224400645342438e-06,nan,0.00000000000000000e+00
94,3,1.56698183864739085e-06,1.00000000000000000e+00,3.06533883198751891e-06,2,18,-3.06533883198751891e-06,-1.49901749442734432e-06,-5.34656056157573947e-07,2.57400000670201759e-06,6.97997629325295237e-06,-9.51573862113113809e-07,-3.70553984424420981e-06,7.39217227657475330e-06,4.63232067063490997e-06,1.00453151252404717e-05,5.82519043792736267e-06,1.10977121208189635e-05,19,2,1,5.76460752303767552e+17,19,2,1,5.76460752303767552e+17,16,5,2,3.32306998945331719e+35,5.86299141999999961e+02,0,1.00453151252404717e-05,nan,0.00000000000000000e+00
95,0,9.33041902101066978e-07,1.00000000000000000e+00,6.60539279214026146e-06,2,18,-1.95683317036437991e-06,4.14644928124894569e-06,-6.60539279214026146e-06,-8.37053722647098069e-08,3.74642836496362853e-06,2.95439004519196628e-06,-9.68606159062130725e-06,5.76607369425973780e-07,7.53843469424132855e-06,5.70326153532800843e-06,1.06191034927223735e-05,1.34324899555849362e-05,19,2,1,5.76460752303767552e+17,19,2,1,5.76460752303767552e+17,16,5,2,3.32306998945331719e+35,5.95986497999999983e+02,0,5.70326153532800843e-06,nan,0.00000000000000000e+00
95,1,2.53058604704821466e-06,1.00000000000000000e+00,7.67424490767041186e-06,2,18,-3.16955485908959697e-06,7.67424490767041186e-06,-2.52529126905631941e-06,-1.99035303044182733e-06,-3.18032108967252131e-06,5.82201062641821968e-06,4.21122243779143665e-06,4.64581205413660392e-06,5.70014090613781121e-06,6.73651370684775564e-06,5.71090713672073555e-06,9.00233171609074056e-06,19,2,1,5.76460752303767552e+17,19,2,1,5.76460752303767552e+17,16,5,2,3.32306998945331719e+35,5.75494800000000055e+02,0,6.73651370684775564e-06,nan,0.00000000000000000e+00
95,2,1.63690041097232241e-06,1.00000000000000000e+00,7.47911259784575303e-06,2,18,3.61773306274681622e-06,7.46665564801082938e-06,-4.50107116228594327e-06,-7.47911259784575303e-06,-5.35618528888017698e-06,3.62437711743518253e-06,-1.64327460283349396e-07,-6.62707208539246499e-07,9.11601300881807481e-06,8.97391835162699320e-06,6.99308569985249961e-06,8.98056240631535994e-06,19,2,1,5.76460752303767552e+17,19,2,1,5.76460752303767552e+17,16,5,2,3.32306998945331719e+35,5.92886358999999970e+02,0,8.97391835162699320e-06,nan,0.00000000000000000e+00
95,3,2.34434931147811875e-06,1.00000000000000000e+00,8.60724822741967017e-06,2,18,3.04082973089489436e-06,8.60724822741967017e-06,2.31870841053509458e-07,-2.94377609792383606e-06,9.49200563214232400e-07,-5.25599672202858474e-06,4.29887234997566422e-06,-7.64387738122888842e-07,6.26289891594155100e-06,1.38632449494482549e-05,7.60034603350670391e-06,9.55486907200424896e-06,19,2,1,5.76460752303767552e+17,19,2,1,5.76460752303767552e+17,16,5,2,3.32306998945331719e+35,5.78549099999999953e+02,0,1.38632449494482549e-05,nan,0.00000000000000000e+00
96,0,-6.76976999533809624e-07,1.00000000000000000e+00,2.28940862141994696e-06,2,18,-2.28940862141994696e-06,-7.40510966596732185e-07,1.07951079236747526e-06,2.27828242532044098e-06,-9.76906454698455142e-07,9.17011988790919915e-07,5.73219328618565473e-06,1.90502251690752943e-06,2.95525942485425060e-06,4.65268249381817990e-06,6.40917028571946393e-06,6.70909974088411030e-06,19,2,1,5.76460752303767552e+17,19,2,1,5.76460752303767552e+17,16,5,2,3.32306998945331719e+35,5.90423112999999944e+02,0,4.65268249381817990e-06,nan,0.00000000000000000e+00
96,1,4.59755543542304997e-08,1.00000000000000000e+00,1.57540484480289226e-05,2,18,1.57540484480289226e-05,-3.65972506693300040e-07,7.40511814561808218e-06,-3.72535779402139006e-06,-1.02400454387852555e-05,-2.17698856812281523e-06,-9.61420856666769166e-07,-5.32888609287876521e-06,1.57080728936746908e-05,2.59940938868141782e-05,1.02860209931394857e-05,9.27862458211848551e-06,19,2,1,5.76460752303767552e+17,19,2,1,5.76460752303767552e+17,16,5,2,3.32306998945331719e+35,6.34097687999999948e+02,0,2.59940938868141782e-05,nan,0.00000000000000000e+00
96,2,2.84358867210000067e-07,1.00000000000000000e+00,4.11284051822907207e-06,2,18,-4.76095217292320701e-07,3.54907780116874620e-06,3.04550454698938454e-06,-4.11284051822907207e-06,8.68277425819298260e-06,7.69741894183229985e-06,-3.67891830052833377e-07,2.87099982102502835e-06,4.39719938543907203e-06,9.15886947548530246e-06,8.39841539098298179e-06,9.05066608824581513e-06,19,2,1,5.76460752303767552e+17,19,2,1,5.76460752303767552e+17,16,5,2,3.32306998945331719e+35,5.75622172999999975e+02,0,9.15886947548530246e-06,nan,0.00000000000000000e+00
96,3,-2.85166950498684830e-07,1.00000000000000000e+00,1.18137600035834009e-05,2,18,1.18137600035834009e-05,-5.90709761540054672e-06,4.13663855720249373e-06,5.33081019030741173e-06,-5.69075182203127472e-06,7.62439598168017332e-06,-6.53805565478901245e-06,-1.20607241917357080e-05,1.20989269540820856e-05,1.75045118256146739e-05,1.17755572412370233e-05,1.96851201734158813e-05,19,2,1,5.76460752303767552e+17,19,2,1,5.76460752303767552e+17,16,5,2,3.32306998945331719e+35,5.67167955000000006e+02,0,1.75045118256146739e-05,nan,0.00000000000000000e+00
97,0,-1.03777951573891804e-06,1.00000000000000000e+00,9.94389802995084037e-06,2,18,-3.83269999408921834e-06,1.58379108746482452e-06,-9.94389802995084037e-06,-3.61917253979055366e-06,2.62679815029374367e-06,-3.61913552930654655e-06,8.44631325836721710e-06,-6.61692822503993963e-06,8.90611851421192191e-06,1.83902112883180575e-05,9.48409277410613557e-06,1.50632414834071567e-05,19,2,1,5.76460752303767552e+17,19,2,1,5.76460752303767552e+17,16,5,2,3.32306998945331719e+35,5.75836795000000052e+02,0,1.83902112883180575e-05,nan,0.00000000000000000e+00
97,1,-4.98994281523818821e-08,1.00000000000000000e+00,9.81259228290934115e-06,2,18,-2.51876687970264110e-06,9.81259228290934115e-06,4.54425717041223411e-06,-7.83679004434519723e-06,-1.04496370910487525e-05,1.66449418052511321e-05,-1.47802729500052060e-06,-4.21178469481049429e-06,9.86249171106172257e-06,7.93087021134611142e-06,1.66948412334035136e-05,2.70945788962998830e-05,19,2,1,5.76460752303767552e+17,19,2,1,5.76460752303767552e+17,16,5,2,3.32306998945331719e+35,5.69233820000000037e+02,0,7.93087021134611142e-06,nan,0.00000000000000000e+00
97,2,-4.42907083295684213e-07,1.00000000000000000e+00,6.90132297607530273e-06,2,18,1.90006871201273073e-06,-4.81732988036035449e-06,6.90132297607530273e-06,4.04526211393101472e-06,-1.22563502463492768e-05,4.38766784174427775e-06,9.24206063053380917e-07,2.43452265395324501e-06,7.34423005937098668e-06,1.41564189583620075e-05,1.18134431630535920e-05,1.66440180880935554e-05,19,2,1,5.76460752303767552e+17,19,2,1,5.76460752303767552e+17,16,5,2,3.32306998945331719e+35,5.76849363000000039e+02,0,1.41564189583620075e-05,nan,0.00000000000000000e+00
97,3,-5.16067445878591262e-07,1.00000000000000000e+00,1.44230812233962329e-05,2,18,-1.44230812233962329e-05,1.73639797115394481e-06,6.69580537002153847e-06,-6.90024240445199848e-06,-7.49031920965381775e-07,3.27845865020325717e-06,-1.02295611810639781e-05,-3.02745893757432628e-06,1.39070137775176408e-05,1.69253665510855165e-05,9.71349373518538595e-06,1.35080198312672352e-05,19,2,1,5.76460752303767552e+17,19,2,1,5.76460752303767552e+17,16,5,2,3.32306998945331719e+35,5.72775409999999965e+02,0,1.69253665510855165e-05,nan,0.00000000000000000e+00
98,0,1.13925775486429220e-06,1.00000000000000000e+00,2.25142320175339509e-05,2,18,4.24955579124807835e-06,-2.79839351697958254e-06,-2.25142320175339509e-05,-1.64125387744039651e-06,-1.07436037589589338e-06,5.34726452914709829e-06,-1.81291258871069677e-05,-1.33503188179540732e-05,2.36534897723982414e-05,1.17090649405136761e-05,1.92683836419712583e-05,2.34763904162540643e-05,19,2,1,5.76460752303767552e+17,19,2,1,5.76460752303767552e+17,16,5,2,3.32306998945331719e+35,5.79940615999999977e+02,0,1.17090649405136761e-05,nan,0.00000000000000000e+00
98,1,-9.57364153674723597e-07,1.00000000000000000e+00,1.56370731489415205e-05,2,18,-1.56370731489415205e-05,3.94161275375632469e-06,-3.25765971670703464e-06,2.15433948117459491e-06,-1.22689295873547631e-06,-1.08550067274879534e-05,-2.85727757616170168e-06,-2.14324004357973485e-05,1.46797089952667975e-05,2.35867399169719451e-05,2.04750362821226239e-05,2.02055074770618722e-05,19,2,1,5.76460752303767552e+17,19,2,1,5.76460752303767552e+17,16,5,2,3.32306998945331719e+35,5.72531166999999982e+02,0,2.35867399169719451e-05,nan,0.00000000000000000e+00
98,2,-6.70975685552274595e-07,1.00000000000000000e+00,2.70909244032880537e-05,2,18,-2.70909244032880537e-05,-7.89746093952675206e-06,6.27968973699701307e-06,1.14004729279329222e-06,9.33957064235276077e-08,-2.81356411845288119e-05,-4.28236093457061626e-06,-3.98322973712026853e-06,2.64199487177357791e-05,2.71843201097115813e-05,2.74646654989765373e-05,2.82290368909523395e-05,19,2,1,5.76460752303767552e+17,19,2,1,5.76460752303767552e+17,16,5,2,3.32306998945331719e+35,5.74800034999999980e+02,0,2.71843201097115813e-05,nan,0.00000000000000000e+00
98,3,-6.96928341175953994e-07,1.00000000000000000e+00,2.18103337220608021e-05,2,18,2.18103337220608021e-05,-3.17511848721234453e-06,1.38159120953117628e-06,-9.93093894257682445e-06,-6.45707086614268054e-06,1.03257954683731311e-05,-2.73159931480353238e-06,-1.11644340282112902e-05,2.25072620632367556e-05,2.82674045882034809e-05,1.10227238095490847e-05,2.14902294965844213e-05,19,2,1,5.76460752303767552e+17,19,2,1,5.76460752303767552e+17,16,5,2,3.32306998945331719e+35,6.27357773999999949e+02,0,2.82674045882034809e-05,nan,0.00000000000000000e+00
99,0,2.64264687808764750e-06,1.00000000000000000e+00,1.10047296654000022e-05,2,18,1.10047296654000022e-05,-1.00024075071879502e-05,-3.32172426643769373e-06,-6.02292780233669498e-06,-8.41252078776684227e-06,-9.53400432490873815e-06,-5.21860925543174848e-06,1.62281725477851330e-05,1.26450543852755986e-05,2.22511003501218288e-05,1.35855256696974847e-05,2.57621768726938712e-05,19,2,1,5.76460752303767552e+17,19,2,1,5.76460752303767552e+17,16,5,2,3.32306998945331719e+35,5.65150830000000042e+02,0,2.22511003501218288e-05,nan,0.00000000000000000e+00
99,1,-1.33262944053303680e-06,1.00000000000000000e+00,1.42663257190352161e-05,2,18,9.87466432463733073e-06,-8.60786666694532454e-06,1.31269869864770065e-05,-1.42663257190352161e-05,-2.86030116218331756e-06,4.05137680823985137e-06,-4.28707935060045557e-06,-3.26696186453698581e-06,1.44596164270100441e-05,1.74140663370774629e-05,5.38400624877288817e-06,8.33845615884030695e-06,19,2,1,5.76460752303767552e+17,19,2,1,5.76460752303767552e+17,16,5,2,3.32306998945331719e+35,5.71394090000000006e+02,0,1.74140663370774629e-05,nan,0.00000000000000000e+00
99,2,-1.74380985141213678e-06,1.00000000000000000e+00,1.77138856260559619e-05,2,18,-1.09145087922709718e-05,-1.77138856260559619e-05,9.43512301624744558e-06,5.61277984852390896e-06,-7.42747481932579160e-06,5.10620910468402772e-06,-9.42057520787543356e-06,-1.48369199035103705e-05,1.59700757746438240e-05,2.28200947307399913e-05,1.30931100520982343e-05,1.99431290081943982e-05,19,2,1,5.76460752303767552e+17,19,2,1,5.76460752303767552e+17,16,5,2,3.32306998945331719e+35,5.76723076999999989e+02,0,2.28200947307399913e-05,nan,0.00000000000000000e+00
99,3,-1.37666460191769250e-07,1.00000000000000000e+00,2.63924579303275254e-05,2,18,-1.62896529076853001e-06,-7.22231710311806810e-06,-2.63924579303275254e-05,1.89668989576295504e-06,-8.30341126326507459e-06,5.28125866415108328e-06,6.24969209849948473e-06,-4.97582690882960149e-06,2.62547914701357577e-05,3.26421500288270118e-05,8.16574480307330521e-06,1.45531033617645593e-05,19,2,1,5.76460752303767552e+17,19,2,1,5.76460752303767552e+17,16,5,2,3.32306998945331719e+35,5.75979719000000046e+02,0,3.26421500288270118e-05,nan,0.00000000000000000e+00
