block,within_block_sample,global_sample,y_nominal,y_physical,y_semantic,u_nominal,u_semantic,u_ckks,e_u_semantic_abs,e_u_nominal_abs,u_slot_spread,plant_nominal_0,plant_nominal_1,plant_nominal_2,plant_nominal_3,plant_ckks_0,plant_ckks_1,plant_ckks_2,plant_ckks_3,plant_error_0,plant_error_1,plant_error_2,plant_error_3,u_slots_0,u_slots_1,u_slots_2,u_slots_3,u_level,u_towers,u_noiseScaleDegree,u_scalingFactor
0,0,0,1.76499999999999990e-01,1.76499999999999990e-01,1.76499999999999629e-01,5.97519082627755022e-02,5.97519082627754536e-02,5.97519082627801651e-02,4.71150896075300807e-15,4.66293670342565747e-15,9.53404022396853179e-15,2.00000000000000011e-01,-1.00000000000000006e-01,5.00000000000000028e-02,8.00000000000000017e-02,2.00000000000000011e-01,-1.00000000000000006e-01,5.00000000000000028e-02,8.00000000000000017e-02,0.00000000000000000e+00,0.00000000000000000e+00,0.00000000000000000e+00,0.00000000000000000e+00,5.97519082627801651e-02,5.97519082627722894e-02,5.97519082627706311e-02,5.97519082627789230e-02,1,20,1,5.76460752303439872e+17
0,1,1,1.25002719459007372e-01,1.25002719459007594e-01,1.25002719459008260e-01,-5.00386380946312714e-01,-5.00386380946317266e-01,-5.00386380946316045e-01,1.22124532708767219e-15,3.33066907387546962e-15,7.66053886991358013e-15,1.40780152661022034e-01,-7.26099236694889849e-02,4.01950381652555200e-02,4.54975190826277520e-02,1.40780152661022395e-01,-7.26099236694888045e-02,4.01950381652556102e-02,4.54975190826277937e-02,3.60822483003175876e-16,1.80411241501587938e-16,9.02056207507939689e-17,4.16333634234433703e-17,-5.00386380946316045e-01,-5.00386380946317488e-01,-5.00386380946309828e-01,-5.00386380946315490e-01,1,20,1,5.76460752303439872e+17
0,2,2,6.13925936990720317e-02,6.13925936990720525e-02,6.13925936990716015e-02,-3.81110471074996238e-01,-3.81110471075002455e-01,-3.81110471074992740e-01,9.71445146547011973e-15,3.49720252756924310e-15,1.22124532708767219e-14,5.55220055466717211e-02,-7.40175086762407952e-02,2.00924689444431127e-02,2.01788461135033043e-02,5.55220055466717349e-02,-7.40175086762408230e-02,2.00924689444430989e-02,2.01788461135032904e-02,1.38777878078144568e-17,-2.77555756156289135e-17,-1.38777878078144568e-17,-1.38777878078144568e-17,-3.81110471074992740e-01,-3.81110471074999846e-01,-3.81110471075004953e-01,-3.81110471074995849e-01,1,20,1,5.76460752303439872e+17
0,3,3,2.09678503451852967e-02,2.09678503451854806e-02,2.09678503451840616e-02,-3.84685388081325019e-01,-3.84685388081328294e-01,-3.84685388081324242e-01,4.05231403988182137e-15,7.77156117237609578e-16,4.32986979603811051e-15,3.56560561350467708e-03,-6.71468768835105922e-02,8.80476397677960355e-03,7.28985196674865939e-03,3.56560561350496505e-03,-6.71468768835104812e-02,8.80476397677966427e-03,7.28985196674868802e-03,2.87964097012149978e-16,1.11022302462515654e-16,6.07153216591882483e-17,2.86229373536173171e-17,-3.84685388081324242e-01,-3.84685388081327906e-01,-3.84685388081323576e-01,-3.84685388081324797e-01,1,20,1,5.76460752303439872e+17
1,0,4,-8.20302214361918851e-03,-8.20302214361899942e-03,-8.20302214361597407e-03,-3.33722736287384192e-01,-3.33722736288928123e-01,-3.33722736289053190e-01,1.25066623724023884e-13,1.66899827291899783e-12,2.10831352376317227e-13,-3.35793451554634859e-02,-6.06972862461086643e-02,8.15613577654710278e-04,1.17117340597583906e-04,-3.35793451554632014e-02,-6.06972862461085741e-02,8.15613577654760585e-04,1.17117340597606458e-04,2.84494650060196363e-16,9.02056207507939689e-17,5.03069808033274057e-17,2.25514051876984922e-17,-3.33722736289053190e-01,-3.33722736288980470e-01,-3.33722736289088384e-01,-3.33722736289191302e-01,19,2,1,5.76460752303767552e+17
1,1,5,-2.65126636478669672e-02,-2.65126636479494429e-02,-2.65126636479510423e-02,-3.02406983928585726e-01,-3.02406983930070206e-01,-3.02406983930200324e-01,1.30118138486068347e-13,1.61459734471236516e-12,1.58983937126322417e-13,-5.57307303146131403e-02,-5.28951600264168029e-02,-3.73502699072753757e-03,-3.29376771265688442e-03,-5.57307303147464433e-02,-5.28951600264835134e-02,-3.73502699076088893e-03,-3.29376771267356292e-03,-1.33303090787961764e-13,-6.67105259921640936e-14,-3.33513598682610990e-14,-1.66784988597790118e-14,-3.02406983930200324e-01,-3.02406983930216533e-01,-3.02406983930092854e-01,-3.02406983930251838e-01,19,2,1,5.76460752303767552e+17
1,2,6,-3.78126007950952900e-02,-3.78126007952392165e-02,-3.78126007952397716e-02,-2.59386855034188069e-01,-2.59386855035563857e-01,-2.59386855035731168e-01,1.67310609811011091e-13,1.54309898192650508e-12,1.27120536319580424e-14,-6.85502973429216594e-02,-4.55025532788198503e-02,-6.41273839739895952e-03,-4.82240430290502373e-03,-6.85502973431521417e-02,-4.55025532789251411e-02,-6.41273839745009483e-03,-4.82240430292984329e-03,-2.30482299912182498e-13,-1.05290776097888283e-13,-5.11353112631063311e-14,-2.48195561325381675e-14,-2.59386855035731168e-01,-2.59386855035734221e-01,-2.59386855035730279e-01,-2.59386855035742991e-01,19,2,1,5.76460752303767552e+17
1,3,7,-4.34521637528100038e-02,-4.34521637529976315e-02,-4.34521637529967711e-02,-2.26573858837269604e-01,-2.26573858838443914e-01,-2.26573858838505171e-01,6.12565553836930121e-14,1.23556720410533671e-12,3.29902771767365266e-13,-7.37473667519442239e-02,-3.82744598676628828e-02,-7.58465299106357398e-03,-5.19848089410482501e-03,-7.37473667522420551e-02,-3.82744598677877412e-02,-7.58465299112316867e-03,-5.19848089413311835e-03,-2.97831204143506056e-13,-1.24858456906906667e-13,-5.95946902937072309e-14,-2.82933398931817237e-14,-2.26573858838505171e-01,-2.26573858838609560e-01,-2.26573858838835074e-01,-2.26573858838630210e-01,19,2,1,5.76460752303767552e+17
2,0,8,-4.54829562621556840e-02,-4.54829562623612696e-02,-4.54829562623622549e-02,-1.91554719716443084e-01,-1.91554719718939948e-01,-1.91554719718775829e-01,1.64118718615213766e-13,2.33274510819114766e-12,1.74971148680924671e-13,-7.42859695577944429e-02,-3.18572979053681551e-02,-7.96290768120353452e-03,-5.05331791722158762e-03,-7.42859695581177121e-02,-3.18572979054911609e-02,-7.96290768126161480e-03,-5.05331791724856517e-03,-3.23269189195229956e-13,-1.23005772234563437e-13,-5.80802766991794783e-14,-2.69775521366533155e-14,-1.91554719718775829e-01,-1.91554719718918326e-01,-1.91554719718838834e-01,-1.91554719718950800e-01,19,2,1,5.76460752303767552e+17
2,1,9,-4.48213946955112325e-02,-4.48213946957843404e-02,-4.48213946957846179e-02,-1.63395048395287151e-01,-1.63395048397382919e-01,-1.63395048397233816e-01,1.49102952207158523e-13,1.94666505137774948e-12,3.61738416998491630e-13,-7.13588594913568963e-02,-2.60886273472905605e-02,-7.74647113632140685e-03,-4.60758435871684580e-03,-7.13588594917861085e-02,-2.60886273474548354e-02,-7.74647113640049984e-03,-4.60758435875407730e-03,-4.29212221320085519e-13,-1.64274843728051678e-13,-7.90929821636865427e-14,-3.72315026031522223e-14,-1.63395048397233816e-01,-1.63395048397595555e-01,-1.63395048397334847e-01,-1.63395048397445286e-01,19,2,1,5.76460752303767552e+17
2,2,10,-4.25750524121994364e-02,-4.25750524125051849e-02,-4.25750524125043314e-02,-1.36398215897485825e-01,-1.36398215899479092e-01,-1.36398215899559250e-01,8.01581023779363022e-14,2.07342476521432673e-12,1.35502720155500356e-13,-6.65370728931831829e-02,-2.11729138255805083e-02,-7.25754719646923546e-03,-4.07395527791900008e-03,-6.65370728936610922e-02,-2.11729138257533631e-02,-7.25754719655249698e-03,-4.07395527795768788e-03,-4.77909378737706447e-13,-1.72854786040232966e-13,-8.32615226764588101e-14,-3.86878029612347518e-14,-1.36398215899559250e-01,-1.36398215899546454e-01,-1.36398215899647623e-01,-1.36398215899681957e-01,19,2,1,5.76460752303767552e+17
2,3,11,-3.92812619053589315e-02,-3.92812619056954540e-02,-3.92812619056968973e-02,-1.14313691577021564e-01,-1.14313691578752319e-01,-1.14313691578786583e-01,3.42642580974938937e-14,1.76501868676126605e-12,6.50396403401032330e-13,-6.05123828609371930e-02,-1.69621092244231740e-02,-6.58442479063337145e-03,-3.50914980427380081e-03,-6.05123828614609963e-02,-1.69621092246047545e-02,-6.58442479072148326e-03,-3.50914980431447660e-03,-5.23803223018148856e-13,-1.81580445124396306e-13,-8.81118095152899627e-14,-4.06757960647041727e-14,-1.14313691578786583e-01,-1.14313691578250623e-01,-1.14313691578901019e-01,-1.14313691578513496e-01,19,2,1,5.76460752303767552e+17
3,0,12,-3.55095128381452962e-02,-3.55095128384896389e-02,-3.55095128384871547e-02,-9.43700290319142016e-02,-9.43700290339489628e-02,-9.43700290336736969e-02,2.75265921167999750e-13,1.75949532721375590e-12,1.07969189144796474e-13,-5.40709797239903589e-02,-1.34762282800797630e-02,-5.86559032296988386e-03,-2.98091105853001866e-03,-5.40709797245232243e-02,-1.34762282802529353e-02,-5.86559032305458434e-03,-2.98091105856861799e-03,-5.32865418456651696e-13,-1.73172240436336722e-13,-8.47004757997815716e-14,-3.85993320639599347e-14,-9.43700290336736969e-02,-9.43700290337164682e-02,-9.43700290336192960e-02,-9.43700290336084990e-02,19,2,1,5.76460752303767552e+17
3,1,13,-3.15393509842547409e-02,-3.15393509846041697e-02,-3.15393509846023726e-02,-7.79982185701884184e-02,-7.79982185720046739e-02,-7.79982185714875875e-02,5.17086373719166659e-13,1.29916910562855037e-12,7.64957541754540671e-13,-4.75588059862325774e-02,-1.05870228249094825e-02,-5.13406300260292256e-03,-2.49666099457745636e-03,-4.75588059867708551e-02,-1.05870228250760576e-02,-5.13406300268562984e-03,-2.49666099461489776e-03,-5.38277755701699334e-13,-1.66575087057196924e-13,-8.27072785258842202e-14,-3.74414041437454159e-14,-7.79982185714875875e-02,-7.79982185721105475e-02,-7.79982185717022214e-02,-7.79982185722525451e-02,19,2,1,5.76460752303767552e+17
3,2,14,-2.76384763181255107e-02,-2.76384763184555453e-02,-2.76384763184555696e-02,-6.37584658469134841e-02,-6.37584658485071398e-02,-6.37584658487273664e-02,2.20226614722207614e-13,1.81388237763258076e-12,6.46704911844153685e-13,-4.13291596216952828e-02,-8.24920774459053131e-03,-4.44443556975007356e-03,-2.07402367247872107e-03,-4.13291596222001081e-02,-8.24920774473381774e-03,-4.44443556982254510e-03,-2.07402367251094790e-03,-5.04825348190962586e-13,-1.43286424392208289e-13,-7.24715426558830700e-14,-3.22268253749591338e-14,-6.37584658487273664e-02,-6.37584658480806615e-02,-6.37584658484622452e-02,-6.37584658484711270e-02,19,2,1,5.76460752303767552e+17
3,3,15,-2.39283512598083212e-02,-2.39283512601483721e-02,-2.39283512601490209e-02,-5.20974199146541084e-02,-5.20974199161230167e-02,-5.20974199160258097e-02,9.72069646998363623e-14,1.37170136360609263e-12,4.95749274964651931e-13,-3.55176088149409264e-02,-6.36000805329834176e-03,-3.80445224402363013e-03,-1.70718532141429097e-03,-3.55176088154609687e-02,-6.36000805344743864e-03,-3.80445224410071994e-03,-1.70718532144894706e-03,-5.20042342522231138e-13,-1.49096880674992605e-13,-7.70898102298023247e-14,-3.46560887626301550e-14,-5.20974199160258097e-02,-5.20974199160206125e-02,-5.20974199158806342e-02,-5.20974199163763835e-02,19,2,1,5.76460752303767552e+17
4,0,16,-2.05138191331959950e-02,-2.05138191335217657e-02,-2.05138191335239757e-02,-4.22116991259831389e-02,-4.22116991276161729e-02,-4.22116991275782172e-02,3.79557496543725392e-14,1.59507823616067412e-12,4.03073407984066989e-13,-3.02492725841936594e-02,-4.86108896672340831e-03,-3.23166773352651397e-03,-1.39700811824612094e-03,-3.02492725846897591e-02,-4.86108896685828566e-03,-3.23166773359751230e-03,-1.39700811827762569e-03,-4.96099689106799246e-13,-1.34877352342410717e-13,-7.09983287439097666e-14,-3.15047467280837878e-14,-4.22116991275782172e-02,-4.22116991277902073e-02,-4.22116991273871339e-02,-4.22116991277033601e-02,19,2,1,5.76460752303767552e+17
4,1,17,-1.74281110983961415e-02,-1.74281110987217283e-02,-1.74281110987200873e-02,-3.41568792071719543e-02,-3.41568792086229950e-02,-3.41568792084840991e-02,1.38895839274510990e-13,1.31214483722885689e-12,4.34340063915072960e-13,-2.55452993080359583e-02,-3.67544489721315093e-03,-2.72327482454947116e-03,-1.13543166783678599e-03,-2.55452993085315445e-02,-3.67544489734812629e-03,-2.72327482462157147e-03,-1.13543166786887967e-03,-4.95586210957910112e-13,-1.34975364218803406e-13,-7.21003118320240333e-14,-3.20936853481779139e-14,-3.41568792084840991e-02,-3.41568792086078959e-02,-3.41568792085512676e-02,-3.41568792089184392e-02,19,2,1,5.76460752303767552e+17
4,2,18,-1.46936330056440800e-02,-1.46936330059554907e-02,-1.46936330059552946e-02,-2.74549032660200698e-02,-2.74549032673084697e-02,-2.74549032678149500e-02,5.06480274387044460e-13,1.79488021667673081e-12,4.81004125418849071e-13,-2.14192014301366959e-02,-2.75170922246299136e-03,-2.28132176286742440e-03,-9.18420914680571172e-04,-2.14192014306092866e-02,-2.75170922258680724e-03,-2.28132176293457511e-03,-9.18420914710144087e-04,-4.72590716560361557e-13,-1.23815888097844606e-13,-6.71507120741932084e-14,-2.95729152971491160e-14,-2.74549032678149500e-02,-2.74549032676813486e-02,-2.74549032674711972e-02,-2.74549032679522013e-02,19,2,1,5.76460752303767552e+17
4,3,19,-1.22998736218832370e-02,-1.22998736222075331e-02,-1.22998736222072469e-02,-2.20274569893798115e-02,-2.20274569904869849e-02,-2.20274569908606443e-02,3.73659436725404248e-13,1.48083281747979356e-12,6.70432459548564452e-13,-1.78383540287770648e-02,-2.03527763618084742e-03,-1.89937023513371333e-03,-7.38793510288909177e-04,-1.78383540292708261e-02,-2.03527763631723702e-03,-1.89937023520777041e-03,-7.38793510321995774e-04,-4.93761281861182511e-13,-1.36389597532593498e-13,-7.40570799129258717e-14,-3.30865976977401388e-14,-2.20274569908606443e-02,-2.20274569904457089e-02,-2.20274569908095186e-02,-2.20274569901902119e-02,19,2,1,5.76460752303767552e+17
5,0,20,-1.02319034466092276e-02,-1.02319034469280611e-02,-1.02319034469255162e-02,-1.75762265370608337e-02,-1.75762265379904963e-02,-1.75762265374863058e-02,5.04190439398755075e-13,4.25472157505879522e-13,1.05974257147423145e-12,-1.47686336707643397e-02,-1.48713158484733835e-03,-1.57368725563771005e-03,-5.91793698807353960e-04,-1.47686336712492244e-02,-1.48713158497907195e-03,-1.57368725570944086e-03,-5.91793698839130841e-04,-4.84884701834609189e-13,-1.31733599723071748e-13,-7.17308157316409734e-14,-3.17768814733776495e-14,-1.75762265374863058e-02,-1.75762265385460484e-02,-1.75762265380999885e-02,-1.75762265383170857e-02,19,2,1,5.76460752303767552e+17
5,1,21,-8.46155425941536206e-03,-8.46155425967770776e-03,-8.46155425967783613e-03,-1.39947240000183395e-02,-1.39947240008320133e-02,-1.39947240016916382e-02,8.59624871285546988e-13,1.67329865241594433e-12,1.33337091368090910e-12,-1.21584848927029782e-02,-1.07028809097866901e-03,-1.29731505078307095e-03,-4.71791993009742356e-04,-1.21584848930966702e-02,-1.07028809106532626e-03,-1.29731505083237309e-03,-4.71791993030275681e-04,-3.93692023425984416e-13,-8.66572438806834100e-14,-4.93021422298678402e-14,-2.05333254739425985e-14,-1.39947240016916382e-02,-1.39947240003582673e-02,-1.39947240015030807e-02,-1.39947240006530037e-02,19,2,1,5.76460752303767552e+17
5,2,22,-6.96062672329431607e-03,-6.96062672357460749e-03,-6.96062672357472111e-03,-1.10914025659401682e-02,-1.10914025667162627e-02,-1.10914025663880547e-02,3.28207946931335925e-13,4.47886519538975847e-13,1.17019588463662672e-12,-9.95931009002590586e-03,-7.57499520278063923e-04,-1.06500788749721111e-03,-3.74667144422341839e-04,-9.95931009045015851e-03,-7.57499520387196245e-04,-1.06500788755880486e-03,-3.74667144449505060e-04,-4.24252646902267827e-13,-1.09132321235438923e-13,-6.15937422593360040e-14,-2.71632217586914582e-14,-1.10914025663880547e-02,-1.10914025672025976e-02,-1.10914025674315880e-02,-1.10914025662613921e-02,19,2,1,5.76460752303767552e+17
5,3,23,-5.69725660024400157e-03,-5.69725660047790648e-03,-5.69725660047771913e-03,-8.77043356610942085e-03,-8.77043356660745475e-03,-8.77043356706390213e-03,4.56447379892921390e-13,9.54481285675434776e-13,7.18263989951672954e-13,-8.11861543171610994e-03,-5.24690745175227695e-04,-8.70566317977068747e-04,-2.96270732799443584e-04,-8.11861543206613377e-03,-5.24690745249836092e-04,-8.70566318021207593e-04,-2.96270732817829321e-04,-3.50023829365220251e-13,-7.46083967176347507e-14,-4.41388462238401225e-14,-1.83857378106833114e-14,-8.77043356706390213e-03,-8.77043356695387036e-03,-8.77043356645414683e-03,-8.77043356634563814e-03,19,2,1,5.76460752303767552e+17
6,0,24,-4.64185064765518587e-03,-4.64185064787831381e-03,-4.64185064787852111e-03,-6.90722910507310904e-03,-6.90722910605673802e-03,-6.90722910608717114e-03,3.04331213007991153e-14,1.01406209818133419e-12,2.52442251130746698e-12,-6.58901305573837172e-03,-3.53910256856350294e-04,-7.08985695300934100e-04,-2.33424371145459425e-04,-6.58901305607271538e-03,-3.53910256930410410e-04,-7.08985695345324806e-04,-2.33424371164343814e-04,-3.34343663865865892e-13,-7.40601156790088311e-14,-4.43907063885085051e-14,-1.88843894948637070e-14,-6.90722910608717114e-03,-6.90722910673859016e-03,-6.90722910451161375e-03,-6.90722910703603626e-03,19,2,1,5.76460752303767552e+17
6,1,25,-3.76542124840455704e-03,-3.76542124862263867e-03,-3.76542124862190965e-03,-5.42713818567807857e-03,-5.42713818615400256e-03,-5.42713818661483185e-03,4.60829291393238805e-13,9.36753279112689796e-13,1.24333789791597482e-12,-5.32498054908598500e-03,-2.30036627796379990e-04,-5.75230521471060269e-04,-1.83188855456069516e-04,-5.32498054941376101e-03,-2.30036627873249626e-04,-5.75230521516845584e-04,-1.83188855475831377e-04,-3.27776000785817700e-13,-7.68696358736248309e-14,-4.57853156429766095e-14,-1.97618614181105379e-14,-5.42713818661483185e-03,-5.42713818551442649e-03,-5.42713818675776439e-03,-5.42713818582521955e-03,19,2,1,5.76460752303767552e+17
6,2,26,-3.04208292657509290e-03,-3.04208292678575815e-03,-3.04208292678635576e-03,-4.24895806538152111e-03,-4.24895806586287565e-03,-4.24895806556513378e-03,2.97741865884493251e-13,1.83612673676503135e-13,6.29489516068559851e-13,-4.28655998041986563e-03,-1.41775238162625869e-04,-4.65143664686567182e-04,-1.43264002377169305e-04,-4.28655998073695400e-03,-1.41775238238725667e-04,-4.65143664731602446e-04,-1.43264002396625151e-04,-3.17088369450324592e-13,-7.60997981210514984e-14,-4.50352645800511375e-14,-1.94558453549265042e-14,-4.24895806556513378e-03,-4.24895806578243392e-03,-4.24895806576680579e-03,-4.24895806515294440e-03,19,2,1,5.76460752303767552e+17
6,3,27,-2.44813125197901934e-03,-2.44813125214690761e-03,-2.44813125214833572e-03,-3.31873787016284151e-03,-3.31873787043946702e-03,-3.31873787106368905e-03,6.24222028233756276e-13,9.00847538926052849e-13,1.47641968095690856e-12,-3.43758185018583524e-03,-7.99461054260471748e-05,-3.74860424005655536e-04,-1.11628392091976382e-04,-3.43758185043491551e-03,-7.99461054719872603e-05,-3.74860424035178470e-04,-1.11628392103745857e-04,-2.49080270298129847e-13,-4.59400855030989153e-14,-2.95229335769975343e-14,-1.17694753682534570e-14,-3.31873787106368905e-03,-3.31873787024602193e-03,-3.31873786958726937e-03,-3.31873786989129007e-03,19,2,1,5.76460752303767552e+17
7,0,28,-1.96294627629070876e-03,-1.96294627646112540e-03,-1.96294627646077064e-03,-2.58379571548167115e-03,-2.58379571553289666e-03,-2.58379571530833194e-03,2.24564724454756615e-13,1.73339207570899489e-13,1.26700429661785741e-12,-2.74695365018091248e-03,-3.77253994272733022e-05,-3.01171795674320193e-04,-8.66860333948050587e-05,-2.74695365043599316e-03,-3.77253994838638173e-05,-3.01171795709392236e-04,-8.66860334097541331e-05,-2.55080678801533622e-13,-5.65905151515486149e-14,-3.50720429261042188e-14,-1.49490744219202276e-14,-2.58379571530833194e-03,-2.58379571579607156e-03,-2.58379571590903892e-03,-2.58379571657533624e-03,19,2,1,5.76460752303767552e+17
7,1,29,-1.56837608289150726e-03,-1.56837608301111384e-03,-1.56837608301168196e-03,-2.00693048974508702e-03,-2.00693048998967435e-03,-2.00693048912855459e-03,8.61119769240970001e-13,6.16532432745620085e-13,1.06508031560981209e-12,-2.18752831732297280e-03,-9.72772546122627213e-06,-2.41227713320361274e-04,-6.70807026535740392e-05,-2.18752831749729083e-03,-9.72772548212455361e-06,-2.41227713337122986e-04,-6.70807026594589395e-05,-1.74318025292219403e-13,-2.08982814777283754e-14,-1.67617113765172743e-14,-5.88490031445260131e-15,-2.00693048912855459e-03,-2.00693049019363490e-03,-2.00693048983926906e-03,-2.00693048998193272e-03,19,2,1,5.76460752303767552e+17
7,2,30,-1.24893647380021323e-03,-1.24893647385871938e-03,-1.24893647385819723e-03,-1.55424938350056307e-03,-1.55424938370978807e-03,-1.55424938370938301e-03,4.05057931640584457e-16,2.08819940505922119e-13,5.14489926356498373e-13,-1.73635304568904537e-03,8.01068016348963031e-06,-1.92664718167755378e-04,-5.17392810369129801e-05,-1.73635304576690366e-03,8.01068018165030130e-06,-1.92664718165275320e-04,-5.17392810336580425e-05,-7.78582927296600502e-14,1.81606709922024767e-14,2.48005825945196712e-15,3.25493755212735714e-15,-1.55424938370938301e-03,-1.55424938401082808e-03,-1.55424938403472043e-03,-1.55424938352023050e-03,19,2,1,5.76460752303767552e+17
7,3,31,-9.91350308898969121e-04,-9.91350308951390296e-04,-9.91350308951502619e-04,-1.20093493401215935e-03,-1.20093493429411524e-03,-1.20093493461148723e-03,3.17371996738646800e-13,5.99327878991751106e-13,1.32811123210174742e-12,-1.37387328916307853e-03,1.85350563655373710e-05,-1.53444504192404817e-04,-3.97713352913824973e-05,-1.37387328923438932e-03,1.85350563735755511e-05,-1.53444504195607279e-04,-3.97713352916572341e-05,-7.13107958100200889e-14,8.03818003911743739e-15,-3.20246216697905872e-15,-2.74736830507826824e-16,-1.20093493461148723e-03,-1.20093493458853012e-03,-1.20093493328337600e-03,-1.20093493332301161e-03,19,2,1,5.76460752303767552e+17
8,0,32,-7.84466198159050740e-04,-7.84466198226769031e-04,-7.84466198225970842e-04,-9.25406956972719529e-04,-9.25406956527091403e-04,-9.25406957775497187e-04,1.24840578413082381e-12,8.02777657717135273e-13,1.77143174261151781e-12,-1.08378075840914615e-03,2.40534351746886715e-05,-1.21884260298724795e-04,-3.04733886833512968e-05,-1.08378075850779293e-03,2.40534351595549168e-05,-1.21884260313032144e-04,-3.04733886894078466e-05,-9.86467851848971122e-14,-1.51337547094759772e-14,-1.43073487085532136e-14,-6.05654984714779077e-15,-9.25406957775497187e-04,-9.25406957769626666e-04,-9.25406956004065444e-04,-9.25406956056237470e-04,19,2,1,5.76460752303767552e+17
8,1,33,-6.18903242909230890e-04,-6.18903242999419055e-04,-6.18903242998189245e-04,-7.11521909505366968e-04,-7.11521909626983769e-04,-7.11521910482879093e-04,8.55895324232414101e-13,9.77512125063806359e-13,1.60380541312787894e-12,-8.52430427798427592e-04,2.62160399424133373e-05,-9.65621873658188657e-05,-2.32721071971092013e-05,-8.52430427934886253e-04,2.62160399040851845e-05,-9.65621873904424523e-05,-2.32721072082205558e-05,-1.36458661210980825e-13,-3.83281527718305759e-14,-2.46235865898614126e-14,-1.11113544851593887e-14,-7.11521910482879093e-04,-7.11521909361644586e-04,-7.11521909955745201e-04,-7.11521910965449999e-04,19,2,1,5.76460752303767552e+17
8,2,34,-4.86883014517672675e-04,-4.86883014634230263e-04,-4.86883014633521737e-04,-5.45693216006277299e-04,-5.45693215765500174e-04,-5.45693216172705910e-04,4.07205736144278241e-13,1.66428611343694133e-13,7.46407601524834430e-13,-6.68574377579904096e-04,2.61938209285986400e-05,-7.63112413144670338e-05,-1.77161756484024402e-05,-6.68574377759421521e-04,2.61938208687805296e-05,-7.63112413483063389e-05,-1.77161756638834412e-05,-1.79517425230590888e-13,-5.98181104801386032e-14,-3.38393050559882003e-14,-1.54810009484005612e-14,-5.45693216172705910e-04,-5.45693216291855934e-04,-5.45693215545448333e-04,-5.45693216083022550e-04,19,2,1,5.76460752303767552e+17
8,3,35,-3.81958189095486453e-04,-3.81958189192420957e-04,-3.81958189191371395e-04,-4.17632437643247680e-04,-4.17632437365045577e-04,-4.17632438322677988e-04,9.57632410869546646e-13,6.79430307588130278e-13,2.00894737043683103e-12,-5.22933503463745251e-04,2.48341139913231655e-05,-6.01603955546591769e-05,-1.34429767967021759e-05,-5.22933503611097542e-04,2.48341139509352150e-05,-6.01603955773494481e-05,-1.34429768063302639e-05,-1.47352290959246179e-13,-4.03879505523046384e-14,-2.26902711572031512e-14,-9.62808798616807127e-15,-4.17632438322677988e-04,-4.17632436835837497e-04,-4.17632436313730617e-04,-4.17632436460075467e-04,19,2,1,5.76460752303767552e+17
9,0,36,-2.98840992794334947e-04,-2.98840992901314964e-04,-2.98840992901101810e-04,-3.18884142619213441e-04,-3.18884142635885055e-04,-3.18884143281103092e-04,6.45218036984807064e-13,6.61889651160790793e-13,1.55500124495583369e-12,-4.07935988386050525e-04,2.27189514482775606e-05,-4.73176073962416823e-05,-1.01684390518799641e-05,-4.07935988549729654e-04,2.27189513996427346e-05,-4.73176074227641338e-05,-1.01684390635778483e-05,-1.63679128844379518e-13,-4.86348259570983793e-14,-2.65224514984889470e-14,-1.16978841435515235e-14,-3.18884143281103092e-04,-3.18884142802693246e-04,-3.18884144357694491e-04,-3.18884142964659281e-04,19,2,1,5.76460752303767552e+17
9,1,37,-2.33200922226045560e-04,-2.33200922339969161e-04,-2.33200922339818755e-04,-2.43004444506859821e-04,-2.43004444005495463e-04,-2.43004444497530315e-04,4.92034852531825218e-13,9.32950548412914138e-15,2.80682587090221036e-12,-3.17407126931631240e-04,2.02512642555882229e-05,-3.71317794485792079e-05,-7.66700785439526320e-06,-3.17407127106322177e-04,2.02512642026335696e-05,-3.71317794769004321e-05,-7.66700786700325883e-06,-1.74690936629445792e-13,-5.29546533305138428e-14,-2.83212242178053353e-14,-1.26079956343878516e-14,-2.43004444497530315e-04,-2.43004445137438445e-04,-2.43004443028002907e-04,-2.43004445834828778e-04,19,2,1,5.76460752303767552e+17
9,2,38,-1.81520079688449399e-04,-1.81520079774487699e-04,-1.81520079775432554e-04,-1.84791773089051529e-04,-1.84791772644092600e-04,-1.84791772060842544e-04,5.83250055240583376e-13,1.02820898496835955e-12,3.68660204902622468e-12,-2.46353385810876185e-04,1.76931314931924076e-05,-2.90751931111995999e-05,-5.76295561716047459e-06,-2.46353385940143712e-04,1.76931314645917032e-05,-2.90751931270843815e-05,-5.76295562353017930e-06,-1.29267527671644844e-13,-2.86007044328177862e-14,-1.58847815543566862e-14,-6.36970470401128364e-15,-1.84791772060842544e-04,-1.84791771528496757e-04,-1.84791770886331535e-04,-1.84791774572933584e-04,19,2,1,5.76460752303767552e+17
9,3,39,-1.40946492471441802e-04,-1.40946492485327722e-04,-1.40946492485442024e-04,-1.40271449515418323e-04,-1.40271448948175374e-04,-1.40271449332157012e-04,3.83981637718661117e-13,1.83261310857454895e-13,1.66973899984323992e-12,-1.90742329111499566e-04,1.52128161956806094e-05,-2.27183282313105005e-05,-4.31817619550760202e-06,-1.90742329124603531e-04,1.52128162228707804e-05,-2.27183282197693446e-05,-4.31817618844339806e-06,-1.31039656122572401e-14,2.71901709589413010e-14,1.15411559432551658e-14,7.06420395812402957e-15,-1.40271449332157012e-04,-1.40271449082846565e-04,-1.40271450275001935e-04,-1.40271448605262935e-04,19,2,1,5.76460752303767552e+17
10,0,40,-1.09182953221415672e-04,-1.09182953221234516e-04,-1.09182953221162091e-04,-1.06279892436328210e-04,-1.06279892534311707e-04,-1.06279892177501667e-04,3.56810040498187209e-13,2.58826543097362416e-13,8.09602439342388402e-13,-1.47339167625858689e-04,1.29078737941424313e-05,-1.77152139513234807e-05,-3.22570684160927718e-06,-1.47339167618457437e-04,1.29078738213098662e-05,-1.77152139412371344e-05,-3.22570683602566098e-06,7.40125192036367174e-15,2.71674349005711011e-14,1.00863463631598038e-14,5.58361620082840383e-15,-1.06279892177501667e-04,-1.06279891996826991e-04,-1.06279891954661176e-04,-1.06279891367899227e-04,19,2,1,5.76460752303767552e+17
10,1,41,-8.43834317766463328e-05,-8.43834317622963479e-05,-8.43834317629743672e-05,-8.03991153199715494e-05,-8.03991151664768872e-05,-8.03991142182855734e-05,9.48191313876814434e-13,1.10168597606142421e-12,2.63047045354503767e-12,-1.13553962181993113e-04,1.08302040267772502e-05,-1.37866307923932826e-05,-2.40225247395695848e-06,-1.13553962153784693e-04,1.08302040558392861e-05,-1.37866307817707339e-05,-2.40225246843278620e-06,2.82084197580217966e-14,2.90620358453421573e-14,1.06225487119578771e-14,5.52417227562304429e-15,-8.03991142182855734e-05,-8.03991168487560269e-05,-8.03991163694546817e-05,-8.03991147504235870e-05,19,2,1,5.76460752303767552e+17
10,2,42,-6.50723616294688050e-05,-6.50723615628389030e-05,-6.50723615630249385e-05,-6.07263864788954439e-05,-6.07263865878196525e-05,-6.07263854121327108e-05,1.17568694173566038e-12,1.06676273310723005e-12,7.11240256550142377e-12,-8.73243656744905719e-05,8.99907438696572682e-06,-1.07090141824522049e-05,-1.78369866432295269e-06,-8.73243655637206717e-05,8.99907445002228312e-06,-1.07090141547187775e-05,-1.78369865042074958e-06,1.10769900196761029e-13,6.30565563007829191e-14,2.77334273981241081e-14,1.39022031090025883e-14,-6.07263854121327108e-05,-6.07263866720194709e-05,-6.07263820900065673e-05,-6.07263892024091328e-05,19,2,1,5.76460752303767552e+17
10,3,43,-5.00732245142209757e-05,-5.00732244091413209e-05,-5.00732244067781464e-05,-4.58093381941078380e-05,-4.58093383514597934e-05,-4.58093365699125123e-05,1.78154728111817179e-12,1.62419532575945602e-12,3.37420097694688878e-12,-6.70117282529875900e-05,7.41399255675827340e-06,-8.30326443139305380e-06,-1.32053866462270089e-06,-6.70117280828477275e-05,7.41399263843275194e-06,-8.30326439469022512e-06,-1.32053864672379844e-06,1.70139862485166327e-13,8.16744785478028430e-14,3.67028286831893452e-14,1.78989024478753500e-14,-4.58093365699125123e-05,-4.58093362721114286e-05,-4.58093396463124056e-05,-4.58093391511908769e-05,19,2,1,5.76460752303767552e+17
11,0,44,-3.84521983803477160e-05,-3.84521982184126687e-05,-3.84521982187998034e-05,-3.45159434877584105e-05,-3.45159435771291820e-05,-3.45159417852073736e-05,1.79192180841877824e-12,1.70255103689332526e-12,2.92658188265002006e-12,-5.13200719931390266e-05,6.06153195759710920e-06,-6.42679734684731621e-06,-9.74907874480453343e-07,-5.13200717341687386e-05,6.06153207179874475e-06,-6.42679729397968959e-06,-9.74907848958221336e-07,2.58970287976643260e-13,1.14201635547836987e-13,5.28676266244140942e-14,2.55222320074489960e-14,-3.45159417852073736e-05,-3.45159410690591635e-05,-3.45159437663831493e-05,-3.45159439956410462e-05,19,2,1,5.76460752303767552e+17
11,1,45,-2.94699743564643558e-05,-2.94699741471581879e-05,-2.94699741448105548e-05,-2.59841429505263760e-05,-2.59841428029156655e-05,-2.59841423789659718e-05,4.23949693710221065e-13,5.71560404257279164e-13,2.06082541778633034e-12,-3.92268047574730023e-05,4.92159975050181087e-06,-4.96613989682841142e-06,-7.17802081670827503e-07,-3.92268044256741845e-05,4.92159988648450733e-06,-4.96613983329141634e-06,-7.17802051428451351e-07,3.31798817750344338e-13,1.35982696457259689e-13,6.35369950825314528e-14,3.02423761514619065e-14,-2.59841423789659718e-05,-2.59841444397913896e-05,-2.59841443035951561e-05,-2.59841435358222361e-05,19,2,1,5.76460752303767552e+17
11,2,46,-2.25435611814344391e-05,-2.25435609921216030e-05,-2.25435609925906763e-05,-1.95475018784282216e-05,-1.95475021330288055e-05,-1.95475037509774496e-05,1.61794864412070395e-12,1.87254922803586563e-12,3.04508501069609624e-12,-2.99283028813825269e-05,3.97069395638412229e-06,-3.83144368914775627e-06,-5.27182439969491405e-07,-2.99283025858839295e-05,3.97069405893705158e-06,-3.83144364225080051e-06,-5.27182418619419071e-07,2.95498597379512118e-13,1.02552929290170101e-13,4.68969557537225225e-14,2.13500723346513478e-14,-1.95475037509774496e-05,-1.95475012875351306e-05,-1.95475007058924389e-05,-1.95475028588327135e-05,19,2,1,5.76460752303767552e+17
11,3,47,-1.72144006572610556e-05,-1.72144006052666734e-05,-1.72144006057827434e-05,-1.47000316137956114e-05,-1.47000318828954257e-05,-1.47000318985332650e-05,1.56378392629800619e-14,2.84737653648368255e-13,3.11516169474855987e-12,-2.27945227083589461e-05,3.18470033792433533e-06,-2.95163200509401281e-06,-3.86297523292154501e-07,-2.27945226371996608e-05,3.18470032079724570e-06,-2.95163201650349833e-06,-3.86297531041513510e-07,7.11592853326788177e-14,-1.71270896262272574e-14,-1.14094855186374321e-14,-7.74935900946046208e-15,-1.47000318985332650e-05,-1.47000309820550934e-05,-1.47000340972167881e-05,-1.47000327015578989e-05,19,2,1,5.76460752303767552e+17
12,0,48,-1.31230862922910528e-05,-1.31230862687322239e-05,-1.31230862699111955e-05,-1.10533674905658192e-05,-1.10533687554530806e-05,-1.10533664610299334e-05,2.29442314723016152e-12,1.02953588579715594e-12,2.59642545839627002e-12,-1.73332828520881412e-05,2.54022318034903058e-06,-2.27071536511578164e-06,-2.82503919494585314e-07,-1.73332828250026364e-05,2.54022315307056999e-06,-2.27071537758679976e-06,-2.82503926494305554e-07,2.70855047917149816e-14,-2.72784605911654057e-14,-1.24710181248390960e-14,-6.99972023982206614e-15,-1.10533664610299334e-05,-1.10533686752527469e-05,-1.10533685194950973e-05,-1.10533660788272885e-05,19,2,1,5.76460752303767552e+17
12,1,49,-9.98863018402132466e-06,-9.98863011700574314e-06,-9.98863011682999397e-06,-8.31363227130258322e-06,-8.31363215888620852e-06,-8.31363419572948591e-06,2.03684327738896335e-12,1.92442690269086815e-12,1.84935314946014367e-12,-1.31610151983208037e-05,2.01563828371216824e-06,-1.74464499937179163e-06,-2.06264487259044215e-07,-1.31610150986386461e-05,2.01563830424171425e-06,-1.74464498577195260e-06,-2.06264480649392573e-07,9.96821576020393008e-14,2.05295460129319499e-14,1.35998390283706416e-14,6.60965164144411020e-15,-8.31363419572948591e-06,-8.31363403126125948e-06,-8.31363234637633645e-06,-8.31363377666014702e-06,19,2,1,5.76460752303767552e+17
12,2,50,-7.59205973764452989e-06,-7.59205978259973207e-06,-7.59205978196520783e-06,-6.25669931057345993e-06,-6.25669995080592282e-06,-6.25669823308411249e-06,1.71772181033072804e-12,1.07748934744005464e-12,4.87481943290665526e-12,-9.97977046179821255e-06,1.59146080202590421e-06,-1.33889130074800145e-06,-1.50430375342117707e-07,-9.97977054233884686e-06,1.59146073484080175e-06,-1.33889133129533837e-06,-1.50430391160783973e-07,-8.05406343153776058e-14,-6.71851024588846803e-14,-3.05473369174727796e-14,-1.58186662653098537e-14,-6.25669823308411249e-06,-6.25669696637431314e-06,-6.25669689639152523e-06,-6.25670177121095814e-06,19,2,1,5.76460752303767552e+17
12,3,51,-5.76314924884248084e-06,-5.76314923195803524e-06,-5.76314923111730591e-06,-4.71356436512397373e-06,-4.71356439953429080e-06,-4.71356174008415503e-06,2.65945013576505008e-12,2.62503981869426344e-12,3.01796993852529146e-12,-7.55865381317851834e-06,1.25058041799970719e-06,-1.02642654352337220e-06,-1.09649871781722817e-07,-7.55865379034343419e-06,1.25058041760760272e-06,-1.02642653901646341e-06,-1.09649869265235669e-07,2.28350841450304827e-14,-3.92104468536461255e-16,4.50690878761844226e-15,2.51648714804501465e-15,-4.71356174008415503e-06,-4.71356250307498878e-06,-4.71356417840472540e-06,-4.71356116043478688e-06,19,2,1,5.76460752303767552e+17
13,0,52,-4.36995963163987609e-06,-4.36995948942240219e-06,-4.36995949004842561e-06,-3.55606536917687041e-06,-3.55606474769405059e-06,-3.55606704976120346e-06,2.30206715286397764e-12,1.68058433304340226e-12,2.85209622947677193e-12,-5.71926946125847432e-06,9.78199207682365500e-07,-7.86161454596044618e-07,-7.99397729789377948e-08,-5.71926923484539692e-06,9.78199311545987644e-07,-7.86161399159456321e-07,-7.99397454041843375e-08,2.26413077400607586e-13,1.03863622143520774e-13,5.54365882973395703e-14,2.75747534572687888e-14,-3.55606704976120346e-06,-3.55606649688820441e-06,-3.55606427857170102e-06,-3.55606419766497398e-06,19,2,1,5.76460752303767552e+17
13,1,53,-3.31047097042646907e-06,-3.31047094388929614e-06,-3.31047094565771416e-06,-2.68789452245517429e-06,-2.68789558826937406e-06,-2.68789294837949698e-06,2.63988987708223201e-12,1.57407567730384222e-12,3.78706144490769748e-12,-4.32410330502566113e-06,7.61726632244094769e-07,-6.01666366189326541e-07,-5.83408783816712860e-08,-4.32410326814590251e-06,7.61726627653526125e-07,-6.01666368206135706e-07,-5.83408808572552594e-08,3.68797586192777180e-14,-4.59056864363197340e-15,-2.01680916433501223e-15,-2.47558397334421879e-15,-2.68789294837949698e-06,-2.68789325349488420e-06,-2.68789673544094189e-06,-2.68789591098893967e-06,19,2,1,5.76460752303767552e+17
13,2,54,-2.50601425085099075e-06,-2.50601415357962571e-06,-2.50601415475161819e-06,-2.03638163978743708e-06,-2.03638193629195596e-06,-2.03638171309745595e-06,2.23194500008290541e-13,7.33100188763042074e-14,3.80909007533639424e-12,-3.26744781083536236e-06,5.90563512307701020e-07,-4.60177146695333322e-07,-4.26666637002412931e-08,-3.26744765872312698e-06,5.90563570184144852e-07,-4.60177116404397937e-07,-4.26666493348189468e-08,1.52112235381505556e-13,5.78764438320160065e-14,3.02909353856576930e-14,1.43654223462081525e-14,-2.03638171309745595e-06,-2.03637917980196324e-06,-2.03638298889203857e-06,-2.03638056752326521e-06,19,2,1,5.76460752303767552e+17
13,3,55,-1.89606619189011898e-06,-1.89606612105657330e-06,-1.89606612132269496e-06,-1.54709354486035324e-06,-1.54709446456917375e-06,-1.54709174702425458e-06,2.71754491917400071e-12,1.79783609865891820e-12,7.60957678366445088e-12,-2.46822787399983995e-06,4.55889684517787382e-07,-3.51793337424175502e-07,-3.13051669431543203e-08,-2.46822776571371606e-06,4.55889715153212709e-07,-3.51793321706782587e-07,-3.13051602530376127e-08,1.08286123886187089e-13,3.06354253264323523e-14,1.57173929150235410e-14,6.69011670755627984e-15,-1.54709174702425458e-06,-1.54709407193131629e-06,-1.54709786479335632e-06,-1.54709025521657266e-06,19,2,1,5.76460752303767552e+17
14,0,56,-1.43418241844001385e-06,-1.43418227574702519e-06,-1.43418227595985259e-06,-1.17913075554061871e-06,-1.17913224067530541e-06,-1.17913119766311356e-06,1.04301219184643312e-12,4.42122494849502934e-13,6.00200870237761904e-12,-1.86442037810729018e-06,3.50425037132222735e-07,-2.68854585828065111e-07,-2.30741321529077718e-08,-1.86442015386355881e-06,3.50425125406493381e-07,-2.68854541017470674e-07,-2.30741107658008836e-08,2.24243731366757467e-13,8.82742706463315744e-14,4.48105944376874139e-14,2.13871068881976291e-14,-1.17913119766311356e-06,-1.17913128669210941e-06,-1.17913539896976987e-06,-1.17912939696106749e-06,19,2,1,5.76460752303767552e+17
14,1,57,-1.08480068378697070e-06,-1.08480059623441956e-06,-1.08480059524228352e-06,-9.01941363635178158e-07,-9.01943232218589465e-07,-9.01942091150832325e-07,1.14106775713975091e-12,7.27515654166740609e-13,1.91209418259994258e-12,-1.40867912970992050e-06,2.68213538783967335e-07,-2.05443166417147066e-07,-1.71086666292507418e-08,-1.40867899656229181e-06,2.68213572602020652e-07,-2.05443149938643855e-07,-1.71086599902715275e-08,1.33147628690163315e-13,3.38180533169789451e-14,1.64785032106852796e-14,6.63897921425689204e-15,-9.01942091150832325e-07,-9.01943915132689884e-07,-9.01942016551353382e-07,-9.01942003038507284e-07,19,2,1,5.76460752303767552e+17
14,2,58,-8.20755361212070692e-07,-8.20755331008583517e-07,-8.20755332362127555e-07,-6.92646126659962519e-07,-6.92647941061602053e-07,-6.92649210250719785e-07,1.26918911773189562e-12,3.08359075726608760e-12,7.73690017770451425e-12,-1.06494719937923970e-06,2.04414918328157890e-07,-1.56997565334155978e-07,-1.27791452888028000e-08,-1.06494715900875497e-06,2.04414906555136683e-07,-1.56997570688570225e-07,-1.27791492077064938e-08,4.03704847329322547e-14,-1.17730212069893411e-14,-5.35441424690841249e-15,-3.91890369378514155e-15,-6.92649210250719785e-07,-6.92648982041101703e-07,-6.92649525441793455e-07,-6.92641788541615751e-07,19,2,1,5.76460752303767552e+17
14,3,59,-6.21337754499528505e-07,-6.21337885425805985e-07,-6.21337885424491390e-07,-5.34188004055938486e-07,-5.34189854654847042e-07,-5.34186987124797834e-07,2.86753004920770277e-12,1.01693114065170317e-12,3.92346969791743778e-12,-8.05820480219596831e-07,1.55123805445661502e-07,-1.20006967037942401e-07,-9.62843857408056958e-09,-8.05820698781950313e-07,1.55123671756587700e-07,-1.20007031754518742e-07,-9.62847152231985583e-09,-2.18562353481893169e-13,-1.33689073802327978e-13,-6.47165763412513436e-14,-3.29482392862593423e-14,-5.34186987124797834e-07,-5.34189419677727953e-07,-5.34185496208030036e-07,-5.34187683742157781e-07,19,2,1,5.76460752303767552e+17
15,0,60,-4.70795411874026600e-07,-4.70795464534130682e-07,-4.70795464086435759e-07,-4.13821810236386868e-07,-4.13821625765840129e-07,-4.13823697567671528e-07,2.07180183139972309e-12,1.88733128466006493e-12,4.21529707085621888e-12,-6.10515881646931926e-07,1.17207273529515602e-07,-9.17744537911735337e-08,-7.32616540238784329e-09,-6.10515968352461026e-07,1.17207230343314126e-07,-9.17744698766770811e-08,-7.32617240155793190e-09,-8.67055290997207598e-14,-4.31862014764832321e-14,-1.60855035474375787e-14,-6.99917008861410202e-15,-4.13823697567671528e-07,-4.13824166129833164e-07,-4.13819950832762308e-07,-4.13823301387503908e-07,19,2,1,5.76460752303767552e+17
15,1,61,-3.57168656053095264e-07,-3.57168790563066177e-07,-3.57168790686146946e-07,-3.22054085650490119e-07,-3.22054786312873906e-07,-3.22052185357588128e-07,2.60095528577785880e-12,1.90029290199155267e-12,3.82235852659431615e-12,-4.63300597722340666e-07,8.81674004454913204e-08,-7.02311967665553394e-08,-5.63416042201361127e-09,-4.63300814591720502e-07,8.81672989557691809e-08,-7.02312431087036789e-08,-5.63418287228000284e-09,-2.16869379836370053e-13,-1.01489722139536384e-13,-4.63421483394728983e-14,-2.24502663915737011e-14,-3.22052185357588128e-07,-3.22053140754201852e-07,-3.22054963757025697e-07,-3.22056007716114722e-07,19,2,1,5.76460752303767552e+17
15,2,62,-2.71394857424792145e-07,-2.71394867559170623e-07,-2.71394867535834760e-07,-2.51796701850005466e-07,-2.51796581718475213e-07,-2.51795907436283636e-07,6.74282191577187660e-13,7.94413721829635396e-13,5.48557860840955647e-12,-3.52287365176485148e-07,6.60228269570382005e-08,-5.37928277471944428e-08,-4.38141799827613548e-09,-3.52287377418184296e-07,6.60228420186833143e-08,-5.37928155363928067e-08,-4.38141062623717295e-09,-1.22416991480234856e-14,1.50616451138452139e-14,1.22108016360389149e-14,7.37203896252374586e-15,-2.51795907436283636e-07,-2.51796776289780899e-07,-2.51801393014892046e-07,-2.51796083714910363e-07,19,2,1,5.76460752303767552e+17
15,3,63,-2.06618173169671866e-07,-2.06618140773221950e-07,-2.06618142146095386e-07,-1.97766768640333911e-07,-1.97767280570375294e-07,-1.97771015329436901e-07,3.73475906160666432e-12,4.24668910298942088e-12,5.58529811590293517e-12,-2.68508812918506691e-07,4.92104528507783421e-08,-4.12474712184560042e-08,-3.44540462508437980e-09,-2.68508756974500713e-07,4.92104962139789599e-08,-4.12474479933484050e-08,-3.44539277148861239e-09,5.59440059784306598e-14,4.33632006178103735e-14,2.32251075991993279e-14,1.18535957674127847e-14,-1.97771015329436901e-07,-1.97768576454446331e-07,-1.97767369085907049e-07,-1.97772954384022952e-07,19,2,1,5.76460752303767552e+17
16,0,64,-1.57660700079226084e-07,-1.57660884389464691e-07,-1.57660884714491562e-07,-1.56015806479370776e-07,-1.56017223770874999e-07,-1.56018107299098351e-07,8.83528223351608125e-13,2.30081972757490513e-12,6.90216848734349504e-12,-2.05210850564489235e-07,3.65030295657338865e-08,-3.16694558735347553e-08,-2.73857823239859924e-09,-2.05211146550877139e-07,3.65028877814523541e-08,-3.16695275495983368e-08,-2.73861452095731162e-09,-2.95986387904317006e-13,-1.41784281532376838e-13,-7.16760635814874595e-14,-3.62885587123819986e-14,-1.56018107299098351e-07,-1.56011874776567271e-07,-1.56018776945054615e-07,-1.56013217857010468e-07,19,2,1,5.76460752303767552e+17
16,1,65,-1.20617221764983547e-07,-1.20617478326166885e-07,-1.20617477662630471e-07,-1.23593571497293196e-07,-1.23594020580971039e-07,-1.23589136313935635e-07,4.88426703540358996e-12,4.43518335756050795e-12,7.85406795089770574e-12,-1.57312834559523185e-07,2.69418030213365952e-08,-2.43524288654282490e-08,-2.19844976337885264e-09,-1.57313243078043216e-07,2.69416250739916236e-08,-2.43525154640388944e-08,-2.19849166865827388e-09,-4.08518520030808110e-13,-1.77947344971567995e-13,-8.65986106454179116e-14,-4.19052794212378325e-14,-1.23589136313935635e-07,-1.23596011451736386e-07,-1.23596990381886533e-07,-1.23596179354549759e-07,19,2,1,5.76460752303767552e+17
16,2,66,-9.25461814262387136e-08,-9.25461596851331159e-08,-9.25461604138406029e-08,-9.82879013577287461e-08,-9.82881954291613980e-08,-9.82910938336949805e-08,2.89840453358251588e-12,3.19247596623446019e-12,6.87006761080470895e-12,-1.20997382360933223e-07,1.97811791906676237e-08,-1.87579719355337841e-08,-1.78046371176981895e-09,-1.20997335915386632e-07,1.97812508238167078e-08,-1.87579319003754091e-08,-1.78044106703998848e-09,4.64455465910214066e-14,7.16331490840400164e-14,4.00351583750840742e-14,2.26447298304676942e-14,-9.82910938336949805e-08,-9.82842237660841758e-08,-9.82847858615834221e-08,-9.82878461012423908e-08,19,2,1,5.76460752303767552e+17
16,3,67,-7.12341123880576202e-08,-7.12342511332487763e-08,-7.12342508849537336e-08,-7.84379925695787438e-08,-7.84389245354641802e-08,-7.84375059774922422e-08,1.41855797193798943e-12,4.86592086501650196e-13,7.70543801177267519e-12,-9.33986530732367980e-08,1.44440765972594677e-08,-1.44759709804007171e-08,-1.45280880833776892e-09,-9.33988692998686316e-08,1.44439976885943716e-08,-1.44760117412113198e-08,-1.45282880020888075e-09,-2.16226631833645042e-13,-7.89086650961008488e-14,-4.07608106026786881e-14,-1.99918711118307357e-14,-7.84375059774922422e-08,-7.84350018955704407e-08,-7.84413259031539441e-08,-7.84427073335822134e-08,19,2,1,5.76460752303767552e+17
17,0,68,-5.50168134376970746e-08,-5.50168954113096223e-08,-5.50168976993353614e-08,-6.27914321082626708e-08,-6.27943179255728181e-08,-6.27939783950292461e-08,3.39530543572015995e-13,2.54628676657535913e-12,1.36603782928553145e-11,-7.23665434905160373e-08,1.04858267781910851e-08,-1.11942653635472864e-08,-1.19272990511967191e-09,-7.23666665590172423e-08,1.04858009496652357e-08,-1.11942787466550813e-08,-1.19273541165973375e-09,-1.23068501205001155e-13,-2.58285258494632535e-14,-1.33831077949492875e-14,-5.50654006183941037e-15,-6.27939783950292461e-08,-6.27999758223754560e-08,-6.27948944337246369e-08,-6.27863154440826007e-08,19,2,1,5.76460752303767552e+17
17,1,69,-4.26436907574416984e-08,-4.26438784888908822e-08,-4.26438773979342308e-08,-5.04011323151871849e-08,-5.04016139692696576e-08,-5.04028229836157933e-08,1.20901434613574459e-12,1.69066842860841064e-12,1.39594153148317664e-11,-5.62883597395772684e-08,7.56537617755239545e-09,-8.67534273394819708e-09,-9.83869705145617769e-10,-5.62886541181215346e-08,7.56526211312275000e-09,-8.67540119939633229e-09,-9.83897960313285450e-10,-2.94378544266218834e-13,-1.14064429645449299e-13,-5.84654481352138529e-14,-2.82551676676809809e-14,-5.04028229836157933e-08,-5.04008777190063455e-08,-5.03952062899542225e-08,-5.04091657052690543e-08,19,2,1,5.76460752303767552e+17
17,2,70,-3.31752139597845628e-08,-3.31754415105787378e-08,-3.31754435467702527e-08,-4.05470249300422225e-08,-4.05477255436192888e-08,-4.05431298671205777e-08,4.59567649871109515e-12,3.89506292164480664e-12,6.93766918158268412e-12,-4.39544795035064153e-08,5.42230793107011420e-09,-6.73854367371100250e-09,-8.14395470117884180e-10,-4.39548358346869483e-08,5.42217395152113605e-09,-6.73861058583861657e-09,-8.14427010835973509e-10,-3.56331180532912798e-13,-1.33979548978143100e-13,-6.69121276140714588e-14,-3.15407180893281546e-14,-4.05431298671205777e-08,-4.05500675363021604e-08,-4.05450127291504263e-08,-4.05451157651301986e-08,19,2,1,5.76460752303767552e+17
17,3,71,-2.59054673750247632e-08,-2.59054488069329781e-08,-2.59054483614720910e-08,-3.26793564690651529e-08,-3.26797153601471237e-08,-3.26818870157625699e-08,2.17165561544619232e-12,2.53054669741704985e-12,1.74332395272344021e-12,-3.44572026024423902e-08,3.85869975067864901e-09,-5.24644966705036512e-09,-6.75663311757464927e-10,-3.44571582742225553e-08,3.85877824893358019e-09,-5.24640946916499819e-09,-6.75640647380911940e-10,4.43282198349298244e-14,7.84982549311842287e-14,4.01978853669376441e-14,2.26643765529875022e-14,-3.26818870157625699e-08,-3.26811791627053486e-08,-3.26829077440578903e-08,-3.26829224866580720e-08,19,2,1,5.76460752303767552e+17
18,0,72,-2.03038323698701552e-08,-2.03039402538087492e-08,-2.03039402042166377e-08,-2.63758108186081359e-08,-2.63756813683378738e-08,-2.63821286151010644e-08,6.44724676319063216e-12,6.31779649292848626e-12,8.07335001652560747e-12,-2.71148384112294431e-08,2.72481472179797276e-09,-4.09451707856754886e-09,-5.61284795498470212e-10,-2.71150026587865540e-08,2.72476707420555939e-09,-4.09454477352393888e-09,-5.61298161563604714e-10,-1.64247557110903808e-13,-4.76475924133723871e-14,-2.76949563900230274e-14,-1.33660651345017112e-14,-2.63821286151010644e-08,-2.63790497463282835e-08,-2.63833343142042241e-08,-2.63752609641876985e-08,19,2,1,5.76460752303767552e+17
18,1,73,-1.59711118930829789e-08,-1.59715063466870784e-08,-1.59715063606838214e-08,-2.13102887591035317e-08,-2.13111825384056037e-08,-2.13162468264931289e-08,5.06428808752519562e-12,5.95806738959720899e-12,1.15095022261890530e-11,-2.14147633438300135e-08,1.90791247392571515e-09,-3.20317363373088571e-09,-4.66467777218167590e-10,-2.14153908375979585e-08,1.90763391238362951e-09,-3.20331592293326649e-09,-4.66537876652183226e-10,-6.27493767945015676e-13,-2.78561542085642187e-13,-1.42289202380783055e-13,-7.00994340156365233e-14,-2.13162468264931289e-08,-2.13057742134517367e-08,-2.13161247515337910e-08,-2.13172837156779257e-08,19,2,1,5.76460752303767552e+17
18,2,74,-1.26066029143837882e-08,-1.26072019556189923e-08,-1.26072001037271593e-08,-1.72293373816818438e-08,-1.72292181027849153e-08,-1.72287645637328147e-08,4.53539052100633204e-13,5.72817949029120187e-13,1.24539279214363876e-11,-1.69708197103718364e-08,1.32351668107299252e-09,-2.51181331591315675e-09,-3.87558989365645944e-10,-1.69717704361992907e-08,1.32311177386504527e-09,-2.51201305907644197e-09,-3.87654959035199560e-10,-9.50725827454311462e-13,-4.04907207947249753e-13,-1.99743163285217275e-13,-9.59696695536157138e-14,-1.72287645637328147e-08,-1.72256420738876533e-08,-1.72220983771740918e-08,-1.72345523050955282e-08,19,2,1,5.76460752303767552e+17
18,3,75,-9.98340220430826595e-09,-9.98383509408964296e-09,-9.98383608182148773e-09,-1.39348612486012624e-08,-1.39338410637450177e-08,-1.39218508626665391e-08,1.19902010784786396e-11,1.30103859347232928e-11,1.18700332862312135e-11,-1.34914558475164303e-08,9.08650034426163521e-10,-1.97422962021099607e-09,-3.21723188171498381e-10,-1.34921269372529094e-08,9.08433161944296353e-10,-1.97433060680841229e-09,-3.21767130105450589e-10,-6.71089736479131867e-13,-2.16872481867168101e-13,-1.00986597416223014e-13,-4.39419339522080349e-14,-1.39218508626665391e-08,-1.39337208959527703e-08,-1.39307708115283423e-08,-1.39289773759390080e-08,19,2,1,5.76460752303767552e+17
19,0,76,-7.92992204349353925e-09,-7.92960795189612838e-09,-7.92960874092579135e-09,-1.12710441840507713e-08,-1.12643170618833645e-08,-1.12715633400312830e-08,7.24627814791854159e-12,5.19155980511746840e-13,1.11629956954115620e-11,-1.07559451073458382e-08,6.16606588628902446e-10,-1.55515175028846424e-09,-2.66721173019151774e-10,-1.07554048108798729e-08,6.17007026069600682e-10,-1.55494767645759085e-09,-2.66613525883574333e-10,5.40296465965310010e-13,4.00437440698236478e-13,2.04073830873381545e-13,1.07647135577441026e-13,-1.12715633400312830e-08,-1.12776775627999209e-08,-1.12665145671045094e-08,-1.12700910218377272e-08,19,2,1,5.76460752303767552e+17
19,1,77,-6.31605955740237237e-09,-6.31583470422310976e-09,-6.31583555004453024e-09,-9.11466185474248764e-09,-9.11626807349790887e-09,-9.11382907622376022e-09,2.43899727414864743e-12,8.32778518727417490e-13,4.83274396068436898e-12,-8.59663548492275276e-09,4.12938863255607024e-10,-1.22761529105597696e-09,-2.20754169682961785e-10,-8.59625596895044252e-09,4.13175624082615461e-10,-1.22750978354129450e-09,-2.20703048119058199e-10,3.79515972310240163e-13,2.36760827008437305e-13,1.05507514682463741e-13,5.11215639035865404e-14,-9.11382907622376022e-09,-9.11866182018444459e-09,-9.11563361209705592e-09,-9.11629084706002435e-09,19,2,1,5.76460752303767552e+17
19,2,78,-5.04286075032223847e-09,-5.04264198182314702e-09,-5.04264170541692458e-09,-7.36771203771513067e-09,-7.36672212165383215e-09,-7.36850956910129491e-09,1.78744744746276500e-12,7.97531386164243997e-13,6.14433542307818987e-12,-6.88571538846333253e-09,2.72386809606892375e-10,-9.70969980563928027e-10,-1.82355578231863402e-10,-6.88535657381560975e-09,2.72568472762272647e-10,-9.70894824689335397e-10,-1.82320765165052510e-10,3.58814647722783104e-13,1.81663155380271951e-13,7.51558745926304076e-14,3.48130668108918298e-14,-7.36850956910129491e-09,-7.36583481023345323e-09,-7.37162607268211099e-09,-7.37197914565653142e-09,19,2,1,5.76460752303767552e+17
19,3,79,-4.03479534327964011e-09,-4.03466427279500731e-09,-4.03466364929310440e-09,-5.95188662057658381e-09,-5.95221541603267946e-09,-5.96372655634489983e-09,1.15111403122203624e-11,1.18399357683160128e-11,1.80600181976143119e-11,-5.52534109794225857e-09,1.76542119613412515e-10,-7.69368879999806829e-10,-1.50314256334714237e-10,-5.52513202085436118e-09,1.76620317923713936e-10,-7.69343759858157293e-10,-1.50304294746063350e-10,2.09077087897396558e-13,7.81983103014214283e-14,2.51201416495352624e-14,9.96158865088712030e-15,-5.96372655634489983e-09,-5.94865862238574529e-09,-5.95013638256110120e-09,-5.94566653814728551e-09,19,2,1,5.76460752303767552e+17
20,0,80,-3.23398530883552896e-09,-3.23447049584857536e-09,-3.23447048164493092e-09,-4.80432745688662240e-09,-4.80255784409760615e-09,-4.80724944291503401e-09,4.69159881742785948e-12,2.92198602841160938e-12,1.41286959250392941e-11,-4.44027315059547965e-09,1.12078098611181695e-10,-6.10623835612684128e-10,-1.23620068479905889e-10,-4.44106355408883427e-09,1.11648729385558144e-10,-6.10847689693207151e-10,-1.23733443720421011e-10,-7.90403493354619927e-13,-4.29369225623550974e-13,-2.23854080523023184e-13,-1.13375240515122351e-13,-4.80724944291503401e-09,-4.79751593768108260e-09,-4.80694272242306189e-09,-4.79312074698999472e-09,19,2,1,5.76460752303767552e+17
20,1,81,-2.59588951915568119e-09,-2.59641213959476934e-09,-2.59641079554666677e-09,-3.87439491245164303e-09,-3.87243241103018171e-09,-3.87935666646711862e-09,6.92425543693690489e-12,4.96175401547558579e-12,1.18564954159057893e-11,-3.57237661709078000e-09,6.94162361731516008e-11,-4.85337454586039155e-10,-1.01424199218831120e-10,-3.57321381602631860e-09,6.90334745884274610e-11,-4.85523177829532454e-10,-1.01512461096198300e-10,-8.37198935538602397e-13,-3.82761584724139772e-13,-1.85723243493299961e-13,-8.82618773671798180e-14,-3.87935666646711862e-09,-3.87451409597632111e-09,-3.88348682715428108e-09,-3.87163033173837529e-09,19,2,1,5.76460752303767552e+17
20,2,82,-2.08607531778184171e-09,-2.08672483585229727e-09,-2.08672490278842700e-09,-3.12115735032468327e-09,-3.11821907293048523e-09,-3.13140632778596096e-09,1.31872548554757341e-11,1.02489774612776960e-11,2.16272461595720651e-11,-2.87650945840764103e-09,4.17258276790540158e-11,-3.86244979500244778e-10,-8.30098610338573006e-11,-2.87753980288924459e-09,4.12977961929899446e-11,-3.86448465621999528e-10,-8.31050987655802254e-11,-1.03034448160356498e-12,-4.28031486064071199e-13,-2.03486121754749282e-13,-9.52377317229247724e-14,-3.13140632778596096e-09,-3.12334657613523189e-09,-3.10977908162638890e-09,-3.11027538474489063e-09,19,2,1,5.76460752303767552e+17
20,3,83,-1.67779912428960929e-09,-1.67880630068588552e-09,-1.67880683750012919e-09,-2.51144830582153412e-09,-2.50789952651819639e-09,-2.50179804701427295e-09,6.10147950392343526e-12,9.65025880726116694e-12,9.14790399667891560e-12,-2.31744133186515181e-09,2.41780429591367627e-11,-3.07714560455500458e-10,-6.77699435178767288e-11,-2.31903734060769406e-09,2.35163305069369932e-11,-3.08033342027357550e-10,-6.79215665932361468e-11,-1.59600874254224730e-12,-6.61712452199769523e-13,-3.18781571857092206e-13,-1.51623075359417925e-13,-2.50179804701427295e-09,-2.50901401718496078e-09,-2.51094595101095187e-09,-2.50453643374251968e-09,19,2,1,5.76460752303767552e+17
21,0,84,-1.35019027101486151e-09,-1.35048743725765859e-09,-1.35048726995076186e-09,-2.01833716986900591e-09,-2.01095004295473065e-09,-2.01746488827008353e-09,6.51484531535287361e-12,8.72281598922382086e-13,1.30986832730140964e-11,-1.86753937997190116e-09,1.33923299452792036e-11,-2.45367612493100296e-10,-5.51896134849188353e-11,-1.86796942255812637e-09,1.33890493728894840e-11,-2.45353364547186426e-10,-5.51714888333989699e-11,-4.30042586225204344e-13,-3.28057238971958750e-15,1.42479459138698375e-14,1.81246515198653995e-14,-2.01746488827008353e-09,-2.00436620499706943e-09,-2.00450925109054448e-09,-2.01405504213652419e-09,19,2,1,5.76460752303767552e+17
21,1,85,-1.08688390250535789e-09,-1.08706069637566698e-09,-1.08706319938375950e-09,-1.61992657489292080e-09,-1.61601712252818527e-09,-1.60873126275134842e-09,7.28585977683685157e-12,1.11953121415723809e-11,1.18777211601265388e-11,-1.50502394077366700e-09,7.02820981703867448e-12,-1.95789837015159409e-10,-4.48323191451499732e-11,-1.50526405135362635e-09,7.08322729783665285e-12,-1.95762520201242792e-10,-4.48135114696566429e-11,-2.40110579959349046e-13,5.50174807979783714e-14,2.73168139166167806e-14,1.88076754933303037e-14,-1.60873126275134842e-09,-1.61717408715176293e-09,-1.62060898391147496e-09,-1.61657027832277068e-09,19,2,1,5.76460752303767552e+17
21,2,86,-8.74988918225300789e-10,-8.74562593270117503e-10,-8.74564063155579492e-10,-1.29839360854436732e-09,-1.29313208395813184e-09,-1.29105210122078174e-09,2.07998273735010033e-12,7.34150732358558008e-12,1.44155732055132145e-11,-1.21264910656311078e-09,3.48592649764326214e-12,-1.56310974797196279e-10,-3.63283157426614128e-11,-1.21192195981089176e-09,3.98479540808173989e-12,-1.56071392445193814e-10,-3.62062736738770557e-11,7.27146752219024608e-13,4.98868910438477750e-13,2.39582352002465543e-13,1.22042068784357011e-13,-1.29105210122078174e-09,-1.30000453648685022e-09,-1.28558896328133701e-09,-1.29725407207335837e-09,19,2,1,5.76460752303767552e+17
21,3,87,-7.04305831439102831e-10,-7.03603937212877797e-10,-7.03603424406466360e-10,-1.03922506168268291e-09,-1.03592015676278728e-09,-1.05643629572627560e-09,2.05161389634883234e-11,1.72112340435926891e-11,2.44681155256753453e-11,-9.76699971289177755e-10,1.68848251694649033e-12,-1.24836529392187846e-10,-2.93650299722714047e-11,-9.75549195528857965e-10,2.29939127249727407e-12,-1.24555010840452915e-10,-2.92280179697006958e-11,1.15077576031978985e-12,6.10908755550783741e-13,2.81518551734931128e-13,1.37012002570708901e-13,-1.05643629572627560e-09,-1.03404778582129142e-09,-1.03196818020060026e-09,-1.03321699607358038e-09,19,2,1,5.76460752303767552e+17
22,0,88,-5.66731611718676899e-10,-5.67035964066994092e-10,-5.67036846429164452e-10,-8.30601041688413135e-10,-8.25921362059595081e-10,-8.31850685972252198e-10,5.92932391265711692e-12,1.24964428383906256e-12,3.38382420480065280e-11,-7.86226905661466918e-10,9.23972445143919034e-13,-9.97189402561015553e-11,-2.36788721189786067e-11,-7.86726373137079984e-10,6.10293362262856992e-13,-9.99062091849912373e-11,-2.37799630544755711e-11,-4.99467475613065484e-13,-3.13679082881062042e-13,-1.87268928889681984e-13,-1.01090935496964438e-13,-8.31850685972252198e-10,-8.32088506230967719e-10,-8.21459013660738992e-10,-7.98250264182961191e-10,19,2,1,5.76460752303767552e+17
22,1,89,-4.55804602793075878e-10,-4.56104809538539955e-10,-4.56105881850467746e-10,-6.62897747719825524e-10,-6.56838651951916560e-10,-6.64629419339260959e-10,7.79076738734439840e-12,1.73167161943543461e-12,2.06753780003973383e-11,-6.32457537615717756e-10,7.32468462868592902e-13,-7.96586662963059101e-11,-1.90481880382086768e-11,-6.32942220067496648e-10,4.82918153203180049e-13,-7.97922733013538947e-11,-1.91136991557686158e-11,-4.84682451778892006e-13,-2.49550309665412853e-13,-1.33607005047984554e-13,-6.55111175599389586e-14,-6.64629419339260959e-10,-6.57222206819211425e-10,-6.51978719892207656e-10,-6.43954041338863621e-10,19,2,1,5.76460752303767552e+17
22,2,90,-3.66354799741255796e-10,-3.66673522027278907e-10,-3.66672596671760314e-10,-5.28283404206903602e-10,-5.21336937547522185e-10,-5.30934958608356936e-10,9.59802106083475188e-12,2.65155440145333459e-12,2.52003195295757211e-11,-5.08342649423873296e-10,8.25525548965154113e-13,-6.36280361985313552e-11,-1.52871665504701106e-11,-5.08850118543482254e-10,6.02782175901320740e-13,-6.37387995175411916e-11,-1.53384715046977867e-11,-5.07469119608958963e-13,-2.22743373063833373e-13,-1.10763319009836415e-13,-5.13049542276761096e-14,-5.30934958608356936e-10,-5.05734639078781215e-10,-5.18405560523616746e-10,-5.20640070646256438e-10,19,2,1,5.76460752303767552e+17
22,3,91,-2.94233596349827977e-10,-2.94610572912943705e-10,-2.94611166607557586e-10,-4.20389713669795973e-10,-4.12949168745716393e-10,-3.95032257224524563e-10,1.79169115211918296e-11,2.53574564452714096e-11,2.84369450477302809e-11,-4.08203337877823870e-10,1.02947150430194070e-12,-5.08124298767096318e-11,-1.22405495553857586e-11,-4.08798659465903646e-10,7.90671491400263169e-13,-5.09277897353136191e-11,-1.22934990732820476e-11,-5.95321588079775293e-13,-2.38800012901677532e-13,-1.15359858603987339e-13,-5.29495178962890399e-14,-3.95032257224524563e-10,-4.16108252867024944e-10,-4.08150250999949235e-10,-4.23469202272254844e-10,19,2,1,5.76460752303767552e+17
23,0,92,-2.36103782365407000e-10,-2.35138173556647549e-10,-2.35138420156090139e-10,-3.34043444810469873e-10,-3.18581959241772279e-10,-3.21856104317124077e-10,3.27414507535179867e-12,1.21873404933457956e-11,8.99535012620582709e-12,-3.27455222645272707e-10,1.24587317742209675e-12,-4.05647071348972571e-11,-9.77904298252041109e-12,-3.25874361674100564e-10,2.12063191434756193e-12,-4.01221765937050480e-11,-9.55271834268942537e-12,1.58086097117214371e-12,8.74758736925465185e-13,4.42530541192209159e-13,2.26324639830985717e-13,-3.21856104317124077e-10,-3.25208399620942586e-10,-3.16213049494736758e-10,-3.17108486926996260e-10,19,2,1,5.76460752303767552e+17
23,1,93,-1.89275412960373912e-10,-1.87918481527018848e-10,-1.87920206235337187e-10,-2.65047148677242197e-10,-2.60685552398227777e-10,-2.60072997890581943e-10,6.12554507645833585e-13,4.97415078666025397e-12,2.88120010441159075e-11,-2.62391566035240166e-10,1.42433467239802959e-12,-3.23697743960686038e-11,-7.79533816391961958e-12,-2.60208378197574474e-10,2.45417301715410582e-12,-3.18753327681479868e-11,-7.55547238411995592e-12,2.18318783766569267e-12,1.02983834475607623e-12,4.94441627920617012e-13,2.39865779799663655e-13,-2.60072997890581943e-10,-2.74109143528692721e-10,-2.78320553740582691e-10,-2.49508552696466783e-10,19,2,1,5.76460752303767552e+17
23,2,94,-1.51576815461695109e-10,-1.50279979195473213e-10,-1.50280549979391588e-10,-2.09999535096783358e-10,-2.03932379650172231e-10,-1.97549581374411662e-10,6.38279827576056878e-12,1.24499537223716962e-11,3.65521835506838791e-11,-2.10011752665760436e-10,1.54405346813886484e-12,-2.58169433941992772e-11,-6.20067438996374350e-12,-2.07959538292127832e-10,2.36381667983135922e-12,-2.54401068139555532e-11,-6.02664397865095442e-12,2.05221437363260411e-12,8.19763211692494380e-13,3.76836580243723964e-13,1.74030411312789079e-13,-1.97549581374411662e-10,-2.09670444778123357e-10,-2.14757050280942777e-10,-1.78204866730258898e-10,19,2,1,5.76460752303767552e+17
23,3,95,-1.21252654440222616e-10,-1.19639604483985513e-10,-1.19639781626884885e-10,-1.66148423784362503e-10,-1.61902965821952318e-10,-1.76509046577713536e-10,1.46060807557612188e-11,1.03606227933510329e-11,2.63600275743890953e-11,-1.67884900449639074e-10,1.60154598409915746e-12,-2.05782914645629630e-11,-4.92187819532082607e-12,-1.65345728745898452e-10,2.57698259307791724e-12,-2.01197427182664784e-11,-4.70774611694300334e-12,2.53917170374062235e-12,9.75436608978759780e-13,4.58548746296484585e-13,2.14132078377822731e-13,-1.76509046577713536e-10,-1.50149019003324441e-10,-1.50857822239987901e-10,-1.70039958606482082e-10,19,2,1,5.76460752303767552e+17
24,0,96,-9.68829714288246936e-11,-9.61584976652384870e-11,-9.61592692561303814e-11,-1.31270231344038053e-10,-1.24782596324769649e-10,-1.09364983520725264e-10,1.54176128040443851e-11,2.19052478233127884e-11,3.14236154639825298e-11,-1.34040878547761185e-10,1.60266185242110335e-12,-1.63916649328462945e-11,-3.89882484719281488e-12,-1.32963489815817700e-10,1.75208817438337625e-12,-1.63428880264497545e-11,-3.89199093205608285e-12,1.07738873194348511e-12,1.49426321962272904e-13,4.87769063965399644e-14,6.83391513673202666e-15,-1.09364983520725264e-10,-1.22750999348710322e-10,-1.08900571585836962e-10,-1.40324187049819492e-10,19,2,1,5.76460752303767552e+17
24,1,97,-7.73185791180243380e-11,-7.56917483581151930e-11,-7.56914752566553557e-11,-1.03571314594906817e-10,-1.01566367439300845e-10,-7.86968470004201748e-11,2.28695204388806702e-11,2.48744675944866419e-11,4.71965307120837321e-11,-1.06882838113717398e-10,1.55754483730210977e-12,-1.30472846017019475e-11,-3.08227077682682394e-12,-1.04342744295096095e-10,2.48442182695558489e-12,-1.25845733203914919e-11,-2.86071793500628792e-12,2.54009381862130346e-12,9.26876989653475123e-13,4.62711281310455560e-13,2.21552841820536018e-13,-7.86968470004201748e-11,-1.25893377712503907e-10,-1.01708250221153911e-10,-1.07686485605506211e-10,19,2,1,5.76460752303767552e+17
24,2,98,-6.16292914940435430e-11,-5.91537880378102834e-11,-5.91523551543714506e-11,-8.16072079321742857e-11,-8.12302668719862967e-11,-9.42454308105881411e-11,1.30151639386018445e-11,1.26382228784138555e-11,1.78233496176211097e-11,-8.51167450224848894e-11,1.47758273515291481e-12,-1.03771580772867673e-11,-2.43201165845756754e-12,-8.12237699063463624e-11,3.00359577784430681e-12,-9.61878516847966531e-12,-2.06864767269610403e-12,3.89297511613852704e-12,1.52601304269139200e-12,7.58372908807102030e-13,3.63363985761463513e-13,-9.42454308105881411e-11,-1.00247452890136417e-10,-8.24241032725153070e-11,-9.01789917085677318e-11,19,2,1,5.76460752303767552e+17
24,3,99,-4.90622865434205535e-11,-4.77890001805354274e-11,-4.77898928859767264e-11,-6.42166074717165448e-11,-6.77887122668253165e-11,-7.56812969755131498e-11,7.89258470868783331e-12,1.14646895037966049e-11,3.78199603832616656e-11,-6.76944264319508305e-11,1.37367570910404938e-12,-8.24668605889027592e-12,-1.91532409890852903e-12,-6.57804611351888861e-11,1.75668928171914111e-12,-8.07213163541773194e-12,-1.85370640321523178e-12,1.91396529676194443e-12,3.83013572615091724e-13,1.74554423472543980e-13,6.16176956932972463e-14,-7.56812969755131498e-11,-8.07122355176551100e-11,-7.67418214213452110e-11,-4.28922751343934443e-11,19,2,1,5.76460752303767552e+17
25,0,100,-3.90085152201603160e-11,-3.86178134442460616e-11,-3.86185194853573262e-11,-5.04674511958428456e-11,-4.54664384724651880e-11,-3.76446844342372657e-11,7.82175403822792235e-12,1.28227667616055799e-11,1.82958467009331380e-11,-5.37674215720135945e-11,1.25535534138621665e-12,-6.54799073925589105e-12,-1.50565347031740400e-12,-5.32759006328395174e-11,9.71991991182870335e-13,-6.68130044489878451e-12,-1.58979873455743405e-12,4.91520939174077089e-13,-2.83363350203346310e-13,-1.33309705642893452e-13,-8.41452642400300467e-14,-3.76446844342372657e-11,-3.34147059046669627e-11,-5.17105526056001007e-11,-5.05729343433072384e-11,19,2,1,5.76460752303767552e+17
25,1,101,-3.09755323603252500e-11,-3.00662007331444034e-11,-3.00652886643794738e-11,-3.96129557931361907e-11,-3.86727243057658557e-11,-2.29611685846489172e-11,1.57115557211169385e-11,1.66517872084872734e-11,7.29834453503926682e-11,-4.26495112002063153e-11,1.13043521855424016e-12,-5.19460016942682841e-12,-1.18151380256484601e-12,-4.12924638510888017e-11,1.41808418158291005e-12,-5.01366958089717914e-12,-1.09809109703872092e-12,1.35704734911751364e-12,2.87648963028669888e-13,1.80930588529649277e-13,8.34227055261250867e-14,-2.29611685846489172e-11,-8.41284965330295085e-11,-1.11450511826368355e-11,-3.40406728786583301e-11,19,2,1,5.76460752303767552e+17
25,2,102,-2.45654782396480748e-11,-2.30579315737979787e-11,-2.30591903621458825e-11,-3.10558171889345235e-11,-3.01567914264865542e-11,-3.77702374683450846e-11,7.61344604185853034e-12,6.71442027941056109e-12,3.83223379806085427e-11,-3.37862497101150977e-11,1.00497726673614182e-12,-4.11720431977776922e-12,-9.25569558336167690e-13,-3.14540207250292152e-11,1.80965351779103199e-12,-3.67932643396448203e-12,-7.16094434702031859e-13,2.33222898508588254e-12,8.04676251054890164e-13,4.37877885813287188e-13,2.09475123634135830e-13,-3.77702374683450846e-11,-5.17347473388037363e-11,-3.43820202435699469e-11,-1.34124093581951968e-11,19,2,1,5.76460752303767552e+17
25,3,103,-1.94572076174773120e-11,-1.86403928003605024e-11,-1.86399650774340240e-11,-2.43191145239875454e-11,-2.63583452260589919e-11,-3.74666846595930703e-12,2.26116767600996848e-11,2.05724460580282384e-11,4.81618491076785265e-11,-2.67301669850587405e-11,8.83432080142283984e-13,-3.26026059062716158e-12,-7.23872386130989418e-13,-2.55237416380653600e-11,1.07169634357769064e-12,-3.14477800087162371e-12,-6.82657353791694879e-13,1.20642534699338051e-12,1.88264263435406658e-13,1.15482589755537866e-13,4.12150323392945389e-14,-3.74666846595930703e-12,-2.85271734381764410e-11,-5.19085175736378335e-11,-3.59709478798870847e-11,19,2,1,5.76460752303767552e+17
26,0,104,-1.53917705436140533e-11,-1.37625687168351426e-11,-1.37622269696465451e-11,-1.90226997313257534e-11,-2.30547282880270385e-11,-3.07343994315411594e-11,7.67967114351412083e-12,1.17116997002154059e-11,2.14467031361343681e-11,-2.11205748247499123e-11,7.68861947352558904e-13,-2.57927475918083167e-12,-5.65229311477034473e-13,-1.85910917491975887e-11,1.66638717684542795e-12,-2.10169645129228492e-12,-3.39064609832627381e-13,2.52948307555232360e-12,8.97525229492869043e-13,4.77578307888546750e-13,2.26164701644407093e-13,-3.07343994315411594e-11,-2.79606884649429123e-11,-3.95318803451998640e-11,-1.80851772090654959e-11,19,2,1,5.76460752303767552e+17
26,1,105,-1.21606093563125055e-11,-1.14967737583260440e-11,-1.14969114168618843e-11,-1.48640767382883346e-11,-2.42508765532922893e-11,-2.38544900728862774e-11,3.96386480406011908e-13,8.99041333459794281e-12,3.74520984600464949e-11,-1.66671208965377914e-11,6.63190390633355764e-13,-2.03862028878658474e-12,-4.40681755194512591e-13,-1.57110270397979225e-11,7.07220103375586903e-13,-2.00134850599748807e-12,-4.40950574479566911e-13,9.56093856739868862e-13,4.40297127422311393e-14,3.72717827890966764e-14,-2.68819285054319807e-16,-2.38544900728862774e-11,-5.88756214323472019e-11,-2.14235229723007070e-11,-2.72993595195141283e-11,19,2,1,5.76460752303767552e+17
26,2,106,-9.59596192463981832e-12,-9.54960699374587926e-12,-9.55061703732926945e-12,-1.16029438263435849e-11,-1.86921563426615683e-11,-3.78507690101139455e-11,1.91586126674523772e-11,2.62478251837703590e-11,3.57857393049031060e-11,-1.31363979533196075e-11,5.67445223598843123e-13,-1.60978781719850917e-12,-3.43077576732103128e-13,-1.31637210662153595e-11,1.92200509009994963e-13,-1.76826220803516990e-12,-4.34255778747086921e-13,-2.73231128957519101e-14,-3.75244714588848160e-13,-1.58474390836660737e-13,-9.11782020149837925e-14,-3.78507690101139455e-11,-2.06502970521084281e-12,-1.52496368889931723e-11,-2.86423457720085290e-11,19,2,1,5.76460752303767552e+17
26,3,107,-7.56305978869185272e-12,-8.84686145262103300e-12,-8.84684416814743899e-12,-9.04872268977535594e-12,-1.61390238748661533e-11,-4.48635076395807244e-11,2.87244837647145711e-11,3.58147849498053684e-11,6.10678815507015289e-11,-1.03410464146096961e-11,4.81977627627539796e-13,-1.26997901097050634e-12,-2.66720798252100375e-13,-1.24905646477633762e-11,-8.31244093449103501e-13,-1.88273875848183831e-12,-5.77328175533394757e-13,-2.14951823315368015e-12,-1.31322172107664330e-12,-6.12759747511331972e-13,-3.10607377281294382e-13,-4.48635076395807244e-11,-1.10665597261021930e-11,1.62043739111208046e-11,-5.00931944591507961e-12,19,2,1,5.76460752303767552e+17
27,0,108,-5.95378826508053696e-12,-8.73747297094596644e-12,-8.73842448691829412e-12,-7.05051573893870467e-12,-3.23763885523868231e-11,-8.57163019448662151e-12,2.38047583579002016e-11,1.52111445554791684e-12,1.02200806005420935e-11,-8.13089302349080698e-12,4.06649459267967231e-13,-1.00097658561492757e-12,-2.07085919554856552e-13,-1.26487866850320169e-11,-1.84822238224936094e-12,-2.06018482808905972e-12,-7.27003255450721076e-13,-4.51789366154120997e-12,-2.25487184151732817e-12,-1.05920824247413215e-12,-5.19917335895864499e-13,-8.57163019448662151e-12,-9.88915579928400716e-12,-1.29429467144564619e-11,-1.87917107950287150e-11,19,2,1,5.76460752303767552e+17
27,1,109,-4.68153805568591790e-12,-6.91974708974896536e-12,-6.92030163781455284e-12,-5.48903516252644417e-12,-8.21733657935599596e-12,-9.20971900821168113e-12,9.92382428855685174e-13,3.72068384568523696e-12,6.17301269017517959e-11,-6.38575227928704006e-12,3.40987058782314249e-13,-7.88236072208490643e-13,-1.60585693162756002e-13,-9.94071461936193190e-12,-1.09082818314277308e-12,-1.41116846478751109e-12,-4.45572645263612637e-13,-3.55496234007489184e-12,-1.43181524192508743e-12,-6.22932392579020447e-13,-2.84986952100856635e-13,-9.20971900821168113e-12,-4.91902140716836409e-11,-1.08526378510835170e-11,1.25399128300681550e-11,19,2,1,5.76460752303767552e+17
27,2,110,-3.67702817717508262e-12,-5.58357859893814922e-12,-5.58293208444976010e-12,-4.27012883655806892e-12,-1.19876684390199967e-11,-2.35875619977457043e-12,9.62891223924542631e-12,1.91137263678349849e-12,2.01251649953871367e-11,-5.00958548938619887e-12,2.84303243102758449e-13,-6.20155835029223400e-13,-1.24382971493408184e-13,-7.98135830124894747e-12,-6.97786301784707081e-13,-1.03776433326996020e-12,-3.08194270391386761e-13,-2.97177281186274859e-12,-9.82089544887465479e-13,-4.17608498240736801e-13,-1.83811298897978576e-13,-2.35875619977457043e-12,-2.00342729390794005e-11,-2.24839211951617088e-11,-6.46384664768347772e-12,19,2,1,5.76460752303767552e+17
27,3,111,-2.88492057168917175e-12,-4.24603370063419504e-12,-4.24539999774907885e-12,-3.31959744027736094e-12,-7.70461038958407594e-12,2.21528585340659647e-11,2.98574689236500406e-11,2.54724559743433256e-11,4.02845737733226684e-11,-3.92576759983448792e-12,2.35790976215109595e-13,-4.87490472748060607e-13,-9.62387367808807401e-14,-5.99110137702398431e-12,-2.32042878138333829e-13,-6.78087272071047896e-13,-1.71207308826651194e-13,-2.06533377718949640e-12,-4.67833854353443423e-13,-1.90596799322987289e-13,-7.49685720457704542e-14,2.21528585340659647e-11,-1.81317152392567037e-11,4.67250365168846730e-12,-5.78920087028731144e-12,19,2,1,5.76460752303767552e+17
28,0,112,-2.26107969081178410e-12,-2.02811496150563032e-12,-2.03040728793233483e-12,-2.57905303907947244e-12,1.72355604544210328e-12,6.04265518691199599e-11,5.87029958236778566e-11,6.30056049081994311e-11,6.77240036570227528e-11,-3.07325718900581179e-12,1.94592917842020922e-13,-3.82879617796993182e-13,-7.43897275532426214e-14,-2.55992773898305798e-12,9.87195016755508030e-13,2.33644116814703881e-14,1.42570964383333409e-13,5.13329450022753808e-13,7.92602098913487134e-13,4.06244029478463571e-13,2.16960691936576031e-13,6.04265518691199599e-11,8.33695388316161879e-12,-7.29745178790278646e-12,3.57428788278638101e-11,19,2,1,5.76460752303767552e+17
28,1,113,-1.77035712951414119e-12,1.55743945601965177e-12,1.55853990740621845e-12,-2.00261624269270592e-12,-1.71483395844231823e-11,-1.42231546882938909e-11,2.92518489612929139e-12,1.22205384456011858e-11,4.37347749615155746e-11,-2.40350198578318052e-12,1.59851144951866343e-13,-3.00469626907068201e-13,-5.74501838377656453e-14,3.06995177880223593e-12,3.21775293780858540e-12,1.19065772017385732e-12,6.86255745683088894e-13,5.47345376458541645e-12,3.05790179285671900e-12,1.49112734708092547e-12,7.43705929520854501e-13,-1.42231546882938909e-11,4.08593424144151699e-12,-3.92832404919636031e-11,-3.96488407200740576e-11,19,2,1,5.76460752303767552e+17
28,2,114,-1.38480327523299471e-12,6.11587234454509850e-13,6.11754828931070900e-13,-1.55428698516314743e-12,-2.10095329171743202e-11,3.64732537988545508e-11,5.74827867160288743e-11,3.80275407840176999e-11,8.84095666667046687e-11,-1.87794263758315698e-12,1.30741050534295826e-13,-2.35610048526199339e-13,-4.43331802456190884e-14,1.32993314069878534e-12,1.53708768444840223e-12,3.59347362513724686e-13,2.20077054008036885e-13,3.20787577828194232e-12,1.40634663391410645e-12,5.94957411039924075e-13,2.64410234253655992e-13,3.64732537988545508e-11,-5.19363128678501179e-11,-2.13732773038121859e-11,2.65159125564482543e-11,19,2,1,5.76460752303767552e+17
28,3,115,-1.08222583393261109e-12,2.34340889378400728e-12,2.34449427748068586e-12,-1.20585543762156815e-12,-2.16683314044215138e-11,-5.48189304412383083e-12,1.61864383602976830e-11,4.27603760650226227e-12,3.32031191953434481e-11,-1.46600237383018120e-12,1.06492963924381162e-13,-1.84610270823159338e-13,-3.41878129383045643e-14,3.99837917996736145e-12,2.45921396209497982e-12,9.01780786058066138e-13,4.81596808437795141e-13,5.46438155379754244e-12,2.35272099817059866e-12,1.08639105688122543e-12,5.15784621376099718e-13,-5.48189304412383083e-12,-5.23770663659271290e-12,-2.56642984188040916e-11,-3.84408258319361610e-11,19,2,1,5.76460752303767552e+17
29,0,116,-8.45029766806701571e-13,1.58526797895903607e-12,1.58626999175320424e-12,-9.35245054060076135e-13,-3.02836493135335094e-11,-1.08132775615193781e-11,1.94703717520141312e-11,9.87803250745930221e-12,1.53196262606397763e-11,-1.14347070705350537e-12,8.64045004058359556e-14,-1.44544585866680617e-13,-2.63491777557375502e-14,2.63701868301419192e-12,1.30717766062474899e-12,3.75177508411614991e-13,1.97453794870940903e-13,3.78048939006769689e-12,1.22077316021891301e-12,5.19722094278295607e-13,2.23802972626678460e-13,-1.08132775615193781e-11,-1.44835859059714138e-11,-2.72995486050058983e-12,8.36040354668361747e-13,19,2,1,5.76460752303767552e+17
29,1,117,-6.59285196224695043e-13,7.05809734112928893e-13,7.03154355164463254e-13,-7.25200708657256721e-13,-2.20132585335650932e-11,3.61894423698903102e-11,5.82027009034554001e-11,3.69146430785475685e-11,4.90076138372705737e-11,-8.91206153370862975e-13,6.98461183142398562e-14,-1.13096183222563831e-13,-2.02986360629281211e-14,1.13816545969864783e-12,3.47009423118041598e-13,-2.60699126966292064e-14,-4.86489984239652695e-15,2.02937161306951101e-12,2.77163304803801717e-13,8.70262705259346245e-14,1.54337362205315941e-14,3.61894423698903102e-11,2.67894169643096170e-11,-1.21554916553404833e-11,3.68521221819300888e-11,19,2,1,5.76460752303767552e+17
29,2,118,-5.13979705725116671e-13,2.33542680930421724e-12,2.33697541881499829e-12,-5.62251834549256018e-13,-2.86382483516040479e-11,-4.58714545977931130e-11,1.72332062461890651e-11,4.53092027632438563e-11,6.52811621762174444e-11,-6.94096797654462742e-13,5.62618687825821495e-14,-8.84324243068507116e-14,-1.56323305063939626e-14,3.74239527442369461e-12,1.62507163476915065e-12,6.93501879609054609e-13,3.59854879171212036e-13,4.43649207207815715e-12,1.56880976598656842e-12,7.81934303915905271e-13,3.75487209677605986e-13,-4.58714545977931130e-11,-1.81460122902256092e-11,-4.89374443602532987e-12,1.94097075784243346e-11,19,2,1,5.76460752303767552e+17
29,3,119,-4.00419546575585473e-13,-4.66510842643377320e-13,-4.65749933284763404e-13,-4.35894309880978350e-13,-3.06680979399072250e-11,-2.37462896886784589e-11,6.92180825122876606e-12,2.33103953787974806e-11,4.40439892206691751e-11,-5.40228891572547082e-13,4.51668918144977199e-14,-6.91052310378555435e-14,-1.20362973099955359e-14,-8.45186039456857390e-13,-8.75319123213343646e-13,-5.34468048030453910e-13,-2.70803772446899845e-13,-3.04957147884310308e-13,-9.20486015027841302e-13,-4.65362816992598404e-13,-2.58767475136904322e-13,-2.37462896886784589e-11,-4.81891625050671421e-11,-4.61950542035333997e-11,-4.14517328439796696e-12,19,2,1,5.76460752303767552e+17
30,0,120,-3.11750892880279484e-13,-1.55771277755209071e-12,-1.55691188639613127e-12,-3.37945997175626182e-13,-2.20961260216864780e-11,-4.19972777532164571e-11,1.99011517315299791e-11,4.16593317560408339e-11,2.43401737928907319e-11,-4.20222995377552336e-13,3.61428447549753443e-14,-5.39716199791696935e-14,-9.26683860747152801e-15,-2.57826265336028137e-12,-1.53487737224119647e-12,-7.84823407246261832e-13,-3.78495043465072851e-13,-2.15803965798272888e-12,-1.57102021699617175e-12,-7.30851787267092095e-13,-3.69228204857601339e-13,-4.19972777532164571e-11,-2.94956469009422743e-11,-1.84463512525741509e-11,-4.27865250454648827e-11,19,2,1,5.76460752303767552e+17
30,1,121,-2.42577713880875498e-13,-3.30020668431666997e-12,-3.30040131250918411e-12,-2.62039892521528194e-13,-2.90373135392142878e-11,5.45728389085649957e-12,3.44945974300707874e-11,5.71932378337802741e-12,5.99304322489432727e-11,-3.26704808865489772e-13,2.88321471164856249e-14,-4.21303800511703214e-14,-7.13507776471465676e-15,-5.33892152045601468e-12,-2.64178399501943362e-12,-1.28406572484061724e-12,-6.15955200524518931e-13,-5.01221671159052496e-12,-2.67061614213591918e-12,-1.24193534478944695e-12,-6.08820122759804258e-13,5.45728389085649957e-12,-5.44731483580867667e-11,-4.69863984505947599e-11,-1.57277458967493752e-12,19,2,1,5.76460752303767552e+17
30,2,122,-1.88657270525145967e-13,-2.29111672608525467e-12,-2.29090315864757318e-12,-2.03226116693672178e-13,-1.78019012341279807e-11,-7.48909525161332175e-11,5.70890512820052400e-11,7.46877263994395419e-11,5.95569573272627069e-11,-2.53884082015556018e-13,2.29316819785533679e-14,-3.28716732550513191e-14,-5.49483262721467385e-15,-3.61878350306136521e-12,-1.38821962844659131e-12,-6.12101471809501299e-13,-2.64159205650437443e-13,-3.36489942104580929e-12,-1.41115131042514471e-12,-5.79229798554450011e-13,-2.58664373023222747e-13,-7.48909525161332175e-11,-3.50077144994255548e-11,-1.53339951888705041e-11,-3.02394095433199095e-11,19,2,1,5.76460752303767552e+17
30,3,123,-1.46657867369702619e-13,-5.46608504706586451e-12,-5.46749940127610213e-12,-1.57659846459291931e-13,-2.38027637952818074e-11,5.45101612649554468e-12,2.92537799217773554e-11,5.60867597295483672e-12,1.40190284283428518e-10,-1.97220093828409816e-13,1.81864027831441252e-14,-2.56369686625081280e-14,-4.23311389306969361e-15,-8.70785789377056664e-12,-3.79541436114451227e-12,-1.83500113798921312e-12,-8.83758820284300874e-13,-8.51063779994215685e-12,-3.81360076392765625e-12,-1.80936416932670489e-12,-8.79525706391231229e-13,5.45101612649554468e-12,3.68097758294715081e-11,-1.03380508453957022e-10,-5.02637030894629062e-11,19,2,1,5.76460752303767552e+17
31,0,124,-1.13966445955864824e-13,-3.94496836453017806e-12,-3.94531493313055847e-12,-1.22356982634091592e-13,6.53915699536846193e-12,-5.20334284802276808e-12,1.17424998433912308e-11,5.08098586538867644e-12,9.66634559346667778e-11,-1.53156343050546909e-13,1.43831466058363330e-14,-1.99872293059201255e-14,-3.26269546269809754e-15,-6.13720954228672497e-12,-2.03754829410927100e-12,-9.21051749591835642e-13,-4.03019920360262650e-13,-5.98405319923617823e-12,-2.05193144071510740e-12,-9.01064520285915548e-13,-3.99757224897564575e-13,-5.20334284802276808e-12,8.51977265808674804e-11,-1.14657293537992974e-11,7.84554460322285991e-11,19,2,1,5.76460752303767552e+17
31,1,125,-8.85360108449867489e-14,-3.26809909021203287e-12,-3.26778927645300226e-12,-9.50031196300195076e-14,4.15595718187116961e-12,1.98721846196843064e-11,1.57162274378131385e-11,1.99671877393143259e-11,3.75032176768461735e-11,-1.18910473878654208e-13,1.13448437807771787e-14,-1.55776824597206666e-14,-2.51631631552820875e-15,-4.99806216181700513e-12,-1.34206918177638887e-12,-6.13768005961035761e-13,-2.58153429801424920e-13,-4.87915168793835123e-12,-1.35341402555716601e-12,-5.98190323501315120e-13,-2.55637113485896709e-13,1.98721846196843064e-11,8.74638457597216982e-12,-1.71236462191915267e-11,2.03795714576546468e-11,19,2,1,5.76460752303767552e+17
31,2,126,-6.87648336873895466e-14,-1.49315351873471389e-12,-1.49329507084866313e-12,-7.38043876800345496e-14,8.88411363050323087e-12,4.55297995779179328e-11,3.66456859474147019e-11,4.56036039655979678e-11,1.26653246328959335e-10,-9.23082032605704269e-14,8.92523173207717308e-15,-1.21378350846347023e-14,-1.94216418551493608e-15,-2.11619552147560964e-12,9.53573689126159186e-14,5.76826244788283153e-14,6.74058970908476835e-14,-2.02388731821503915e-12,8.64321371805387487e-14,6.98204595634630223e-14,6.93480612763626172e-14,4.55297995779179328e-11,-4.44027116185284334e-13,-8.11234467510414020e-11,-1.09533716453708076e-11,19,2,1,5.76460752303767552e+17
31,3,127,-5.34009653588414423e-14,1.15614024401171734e-12,1.15607592783973520e-12,-5.73711384705875100e-14,4.61110040592367891e-12,5.34262993272779184e-11,4.88151989213542394e-11,5.34836704657485074e-11,8.68063429525228160e-11,-7.16522388234472972e-14,7.00412212856153691e-15,-9.45566298463303823e-15,-1.50036405185996742e-15,2.12635178028400465e-12,1.99530572751980607e-12,9.45915218833269924e-13,4.92662937357506146e-13,2.19800401910745211e-12,1.98830160539124459e-12,9.55370881817903012e-13,4.94163301409366093e-13,5.34262993272779184e-11,2.12360536848924693e-11,-3.33800436252448976e-11,1.05472182048382652e-12,19,2,1,5.76460752303767552e+17
32,0,128,-4.14668688682493057e-14,3.59377053536886311e-12,3.59233136179838957e-12,-4.46273520268202596e-14,-2.92467629871175875e-11,-8.48213309845264592e-11,5.55745679974088717e-11,8.47767036324996424e-11,1.52400112635526921e-10,-5.56189732602441233e-14,5.48322967069272777e-15,-7.36511690761969408e-15,-1.16025264524566508e-15,5.96470168618830156e-12,3.44429719192038066e-12,1.59981433998926869e-12,7.91630040375134560e-13,6.02032065944854558e-12,3.43881396224968803e-12,1.60717945689688847e-12,7.92790293020380217e-13,-8.48213309845264592e-11,6.75787816510004752e-11,-8.46266433725918136e-11,-2.76924057367070051e-11,19,2,1,5.76460752303767552e+17
32,1,129,-3.22000218397111888e-14,-1.37992283236537658e-12,-1.38038670776186690e-12,-3.47401579707462313e-14,-4.47127481330914119e-11,-7.60498687262864850e-11,3.13371205931950731e-11,7.60151285683157371e-11,1.52543422745997380e-10,-4.31771905358659678e-14,4.28254374355327060e-15,-5.73626134235060789e-15,-8.98266547282097420e-16,-2.21557748935290951e-12,-1.25297737278525812e-12,-8.02732114555241062e-13,-4.37062316627364563e-13,-2.17240029881704336e-12,-1.25725991652881143e-12,-7.96995853212890430e-13,-4.36164050080082480e-13,-7.60498687262864850e-11,-9.36414980896226910e-11,5.89019246563746894e-11,3.72767805343676150e-11,19,2,1,5.76460752303767552e+17
32,2,130,-2.50061727022187188e-14,-4.83581877178810169e-12,-4.83418284750060707e-12,-2.70650640287055160e-14,-3.05593799334803709e-11,7.88863010295347574e-11,1.09445680963015128e-10,7.89133660935634653e-11,6.41476212095884736e-11,-3.35241863239989339e-14,3.33720727303863713e-15,-4.46750026877853731e-15,-6.96308336860560564e-16,-7.77944348025983372e-12,-3.83140441495110391e-12,-1.99042530646993709e-12,-9.89912867470078972e-13,-7.74591929393583450e-12,-3.83474162222414262e-12,-1.98595780620115868e-12,-9.89216559133218331e-13,7.88863010295347574e-11,1.47386798199462838e-11,3.61300039519401711e-11,6.49313368832367666e-11,19,2,1,5.76460752303767552e+17
32,3,131,-1.94226068033879731e-14,1.58158517594291064e-13,1.56788980856072903e-13,-2.11034339136109839e-14,-2.57314016875355637e-11,-5.40630224355442144e-11,2.83316207480086508e-11,5.40419190016306035e-11,1.88161982199842590e-10,-2.60356426937325797e-14,2.59485768459128737e-15,-3.47945515498137660e-15,-5.40484467602824117e-16,4.03192423379612359e-13,8.19643694639435083e-13,4.47422863803874503e-13,2.74426306356799964e-13,4.29228066073344942e-13,8.17048836954843823e-13,4.50902318958855888e-13,2.74966790824402786e-13,-5.40630224355442144e-11,-1.09335741444758883e-10,-3.58992523982350243e-11,7.88262407550837070e-11,19,2,1,5.76460752303767552e+17
33,0,132,-1.50893183546111507e-14,-2.52198355797758161e-12,-2.52158968087640676e-12,-1.64695055423082217e-14,-2.26327673005267056e-11,-2.64145901602876430e-11,3.78182285976093738e-12,2.63981206547453346e-11,1.29058660066531294e-10,-2.02263488378090307e-14,2.01338069436538257e-15,-2.71014940512446586e-15,-4.20131675696306497e-16,-3.96917175443906187e-12,-1.59847743440770080e-12,-8.22922705620219536e-13,-3.94885652582614443e-13,-3.94894540560125293e-12,-1.60049081510206610e-12,-8.20212556215095096e-13,-3.94465520906918151e-13,-2.64145901602876430e-11,2.78701615035659038e-11,-1.01188498562965386e-10,2.34845757652162031e-11,19,2,1,5.76460752303767552e+17
33,1,133,-1.17264166180514023e-14,-3.24314904527230235e-12,-3.24213078661036169e-12,-1.28648307056825543e-14,-1.88028031754741514e-11,8.23401368970019436e-11,1.01142940072476095e-10,8.23530017277076323e-11,1.45619837739463240e-10,-1.57194611510579278e-14,1.55902712805911497e-15,-2.11122455358276404e-15,-3.27066945173206013e-16,-5.09884907077175250e-12,-1.99446503642400245e-12,-9.94309065943111729e-13,-4.68491898932186208e-13,-5.08312960962069430e-12,-1.99602406355206159e-12,-9.92197841389528970e-13,-4.68164831987013037e-13,8.23401368970019436e-11,-5.09416349060934107e-11,-6.32797008424612960e-11,7.31270838363921217e-12,19,2,1,5.76460752303767552e+17
33,2,134,-9.11644068166770260e-15,1.58845243786319303e-12,1.58789415247557707e-12,-1.00584812307833885e-14,-1.92991123018755370e-11,-1.44511801169784042e-10,1.25212688867908505e-10,1.44501742688553261e-10,1.86939279256678674e-10,-1.22224763149715825e-14,1.20484480319082639e-15,-1.64497026971598989e-15,-2.55010398649802145e-16,2.75648241789057304e-12,2.13265316069375704e-12,1.08668512356566044e-12,5.81505339567644719e-13,2.76870489420554458e-12,2.13144831589056608e-12,1.08833009383537643e-12,5.81760349966294548e-13,-1.44511801169784042e-10,-1.83645146720276730e-11,3.30620683095102459e-12,-1.83633072425727663e-10,19,2,1,5.76460752303767552e+17
33,3,135,-7.09053331917348978e-15,-5.88117301150008706e-12,-5.87977795116695014e-12,-7.87173095538966933e-15,-2.98159387341902423e-11,-1.12209362576967356e-10,8.23934238427771073e-11,1.12201490846011966e-10,1.14464359822256252e-10,-9.50847386098694443e-15,9.29380816504046322e-16,-1.28199550389970445e-15,-1.99141735433239452e-16,-9.40566449984600981e-12,-4.40289091100019569e-12,-2.27272210623433955e-12,-1.14044546845557627e-12,-9.39615602598502302e-12,-4.40382029181669966e-12,-2.27144011073043966e-12,-1.14024632672014310e-12,-1.12209362576967356e-10,-1.24116389341386615e-11,-5.46464542801352173e-11,2.25499724528889744e-12,19,2,1,5.76460752303767552e+17
34,0,136,-5.51764445886367056e-15,-1.00995317531358793e-11,-1.00988817121378755e-11,-6.16620824190566469e-15,2.22884661101788755e-11,-6.01507560017791401e-11,8.24392221119580220e-11,6.01445897935372300e-11,9.72308015199254858e-11,-7.40148919102144909e-15,7.15613679822529700e-16,-9.99404150957434043e-16,-1.55759650988184441e-16,-1.61010587189265307e-11,-7.14842042394058782e-12,-3.53418159438740860e-12,-1.71537033428687748e-12,-1.60936572297355088e-11,-7.14913603762041062e-12,-3.53318219023645134e-12,-1.71521457463588920e-12,-6.01507560017791401e-11,1.90447725963638579e-11,-4.69339459060074053e-11,3.70800455181463392e-11,19,2,1,5.76460752303767552e+17
34,1,137,-4.29610976152492449e-15,-1.07688247087128570e-11,-1.07681085514174376e-11,-4.83473710454524050e-15,1.84641760981019246e-11,-9.63641954256520815e-13,1.94278180523584438e-11,9.58807217151975551e-13,1.94420366120025617e-10,-5.76511978250209416e-15,5.50079183096720033e-16,-7.79367268174032912e-16,-1.22020555463480614e-16,-1.69766963916846781e-11,-6.67395408806768318e-12,-3.19403940831249595e-12,-1.49039690607255787e-12,-1.69709312719021757e-11,-6.67450416725078004e-12,-3.19326004104432200e-12,-1.49027488551709445e-12,-9.63641954256520815e-13,1.73825042080438070e-10,-2.05953240395875335e-11,-1.76361224612394644e-11,19,2,1,5.76460752303767552e+17
34,2,138,-3.34708870259865727e-15,-8.31403297428026317e-12,-8.31528173797847782e-12,-3.79425946451948781e-15,2.93252144118564972e-11,2.65895690854105614e-10,2.36570476442249097e-10,2.65899485113570154e-10,3.97021850034345067e-10,-4.49365887711738860e-15,4.22158313358622881e-16,-6.08006643455848073e-16,-9.57382751690501740e-17,-1.28342290853989029e-11,-3.91964200297080099e-12,-1.80713895401979860e-12,-7.78245442815273827e-13,-1.28297354265217853e-11,-3.92006416128415975e-12,-1.80653094737634276e-12,-7.78149704540104788e-13,2.65895690854105614e-10,1.17546108392516122e-10,-1.31126159180239453e-10,-1.68740589837985234e-11,19,2,1,5.76460752303767552e+17
34,3,139,-2.60945660639592351e-15,6.83666232638091967e-12,6.83583467367431810e-12,-2.98036713124550810e-15,3.14443480239451010e-11,1.04880956794668615e-10,7.34366087707235071e-11,1.04883937161799858e-10,1.70852010145993443e-10,-3.50520248361738892e-15,3.23499819751602654e-16,-4.74522554525812950e-16,-7.52305949395685294e-17,1.17174389666035772e-11,8.50375418917283787e-12,4.31536107356790572e-12,2.26178872032879140e-12,1.17209441690871942e-11,8.50343068935308636e-12,4.31583559612243114e-12,2.26186395092373100e-12,1.04880956794668615e-10,1.82493230977081351e-10,1.16412208310879209e-11,9.62039390574963360e-11,19,2,1,5.76460752303767552e+17
35,0,140,-2.03583212629174534e-15,1.06358944953060489e-11,1.06362613943998469e-11,-2.34307808532999526e-15,-1.98497980558471978e-12,2.44580347407910338e-10,2.46565327213495063e-10,2.44582690485995686e-10,3.22919127670871576e-10,-2.73629517312403236e-15,2.47553963090590159e-16,-3.70512848967956805e-16,-5.92017397416304401e-17,1.75073329346618932e-11,9.65084083650816983e-12,4.54608226995500046e-12,2.23118619353034794e-12,1.75100692298350160e-11,9.65059328254507894e-12,4.54645278280396831e-12,2.23124539527008955e-12,2.44580347407910338e-10,-3.19752392511697874e-12,-7.83387802629612123e-11,1.16930965782458665e-10,19,2,1,5.76460752303767552e+17
35,1,141,-1.58949039415988645e-15,2.04203773467788637e-11,2.04234011841323667e-11,-1.84357407821476375e-15,-3.80158556744211055e-12,-1.41251252939508666e-10,1.37449667372066559e-10,1.41249409365430447e-10,1.43375039210376961e-10,-2.13777445442845569e-15,1.89197559206525756e-16,-2.89441773577438256e-16,-4.66524044344068983e-17,3.29437747725100476e-11,1.57431839546061745e-11,7.43570363174649758e-12,3.60350899822805522e-12,3.29459125469644741e-11,1.57429947570469686e-11,7.43599307352007560e-12,3.60355565063248980e-12,-1.41251252939508666e-10,2.12378627086828823e-12,-6.93155543402141306e-11,-6.76071607552237850e-11,19,2,1,5.76460752303767552e+17
35,2,142,-1.24196623812924085e-15,8.83469998120694834e-12,8.83425090034986828e-12,-1.45168059564162696e-15,-4.18657850318530224e-11,-9.16091077534686635e-11,4.97433227216156411e-11,9.16076560728730206e-11,1.78893997598363368e-10,-1.67154772870914699e-15,1.44433593438623467e-16,-2.26225903772288356e-16,-3.68108821467804873e-17,1.36788723174150341e-11,3.85426845083114063e-12,1.33555928461981003e-12,4.54451580624790247e-13,1.36805438651437436e-11,3.85412401723770163e-12,1.33578551052358232e-12,4.54488391506937046e-13,-9.16091077534686635e-11,1.97011496623368464e-11,-1.15523876836348934e-10,-1.59192847936026508e-10,19,2,1,5.76460752303767552e+17
35,3,143,-9.71194501412107059e-16,2.18673227201464945e-12,2.18562933138900599e-12,-1.14391991530762565e-15,-1.95644019493368835e-11,1.05616702013741902e-10,1.25181103963078785e-10,1.05617845933657210e-10,3.62665675868336691e-10,-1.30809412484682606e-15,1.10151451921718917e-16,-1.76911560096535290e-16,-2.90803404883803010e-17,2.82840092432782212e-12,-1.64727182236713374e-12,-1.13558355760709696e-12,-6.92575939310902572e-13,2.82970901845266907e-12,-1.64738197381905541e-12,-1.13540664604700037e-12,-6.92546858970414186e-13,1.05616702013741902e-10,2.22385368961363430e-10,-1.40280306906973260e-10,-6.16422279684751775e-11,19,2,1,5.76460752303767552e+17
36,0,144,-7.60067992296930153e-16,6.77441728183780954e-12,6.77445095153484516e-12,-9.02006488845807629e-16,-5.77284596940698679e-11,4.40657448031056968e-11,1.01794204497175565e-10,4.40666468095945447e-11,1.01648070407254765e-10,-1.02452924696058721e-15,8.39362033310130419e-17,-1.38423640667292188e-16,-2.29984498334407739e-17,1.03540030808260139e-11,2.89496818166720810e-12,1.43953431048757811e-12,6.88540482065308458e-13,1.03550276100729749e-11,2.89488424546387714e-12,1.43967273412824545e-12,6.88563480515141949e-13,4.40657448031056968e-11,-3.35832566713714581e-11,-5.75823256041490682e-11,-4.35948620543254327e-12,19,2,1,5.76460752303767552e+17
36,1,145,-5.95319873582700747e-16,7.31695687954798498e-12,7.31730384768433992e-12,-7.11683684187517036e-16,-4.64030350579824691e-11,6.52476895532849022e-11,1.11650724611267371e-10,6.52484012369690947e-11,1.81531358755927237e-10,-8.03106680652806316e-16,6.39174026192484034e-17,-1.08370157615549875e-16,-1.82064565718349588e-17,1.12117392569765609e-11,3.29988006024588346e-12,1.69245446540098933e-12,7.96824898314308535e-13,1.12125423636572139e-11,3.29981614284326421e-12,1.69256283555860491e-12,7.96843104770880341e-13,6.52476895532849022e-11,-1.16283669202642347e-10,-7.46367321230536634e-11,4.54365091985365702e-11,19,2,1,5.76460752303767552e+17
36,2,146,-4.66657883961227921e-16,8.78319522727813583e-12,8.78340268873594299e-12,-5.61823974655441926e-16,-5.74855192169268795e-11,-1.21024745310833851e-10,6.35392260939069717e-11,1.21024183486859203e-10,1.63833561143458320e-10,-6.30058112595482019e-16,4.86496109892955608e-17,-8.48901903387529336e-17,-1.44254769250729478e-17,1.35562578341055850e-11,4.39478632817382819e-12,2.26212160212019172e-12,1.06386170259311837e-12,1.35568878922181800e-11,4.39473767856283914e-12,2.26220649231053055e-12,1.06387612807004337e-12,-1.21024745310833851e-10,-1.28381240910500905e-10,-2.84858306454292171e-10,-1.23183332750426723e-10,19,2,1,5.76460752303767552e+17
36,3,147,-3.66093884688406095e-16,6.95591173755242256e-13,6.94723098380757161e-13,-4.43732473049857560e-16,-6.92079413963276994e-11,1.39949792990329272e-10,2.09157734386656971e-10,1.39950236722802309e-10,3.13006668102580531e-10,-4.94695790162038835e-16,3.70182706959522317e-17,-6.65356557889611259e-17,-1.14383106529341407e-17,4.30108921943218122e-13,-2.39462070485321865e-12,-1.14057788089945552e-12,-6.61071313667935686e-13,4.30603617733380155e-13,-2.39465772312391450e-12,-1.14051134524366657e-12,-6.61059875357282794e-13,1.39949792990329272e-10,-1.73056875112251234e-10,-1.78374929367699717e-11,-1.98850973372775719e-11,19,2,1,5.76460752303767552e+17
37,0,148,-2.87424801524862872e-16,7.32563718494966915e-12,7.32455654996403912e-12,-3.50607461111487173e-16,-5.35806683204206453e-11,5.98489907693946448e-11,1.13429659089815290e-10,5.98493413768557513e-11,3.64152683330882386e-10,-3.88718105104980357e-16,2.81657753120174943e-17,-5.21794024106378438e-17,-9.07547523553154308e-18,1.13140922066372015e-11,3.87970952136185364e-12,2.15456883615965470e-12,1.05029390440287378e-12,1.13144809247423060e-11,3.87968135558654184e-12,2.15462101556206525e-12,1.05030297987810922e-12,5.98489907693946448e-11,-2.76143625752459095e-11,-1.50168331646773978e-10,2.13984351684108408e-10,19,2,1,5.76460752303767552e+17
37,1,149,-2.25830842779693750e-16,8.54384876872664597e-12,8.54414414490700530e-12,-2.77122175974441377e-16,-6.65979778050375659e-11,-2.13772794077317166e-10,1.47174816272279587e-10,2.13772516955141195e-10,3.32804789105631865e-10,-3.05672370539543450e-16,2.14335698783231655e-17,-4.09437834910824857e-17,-7.20446817540403183e-18,1.32444424120393051e-11,4.59573162513956611e-12,2.43013880817254859e-12,1.14302330716282370e-12,1.32447480844098445e-11,4.59571019156968794e-12,2.43017975195603972e-12,1.14303051163099903e-12,-2.13772794077317166e-10,-4.89319703406643501e-11,1.19031995028314699e-10,5.56035195469920400e-11,19,2,1,5.76460752303767552e+17
37,2,150,-1.77564518005277854e-16,-4.06486062648900393e-12,-4.06718403720073869e-12,-2.19100297759866260e-16,-8.55453704610939259e-11,1.39144818306889306e-10,2.24690188767983232e-10,1.39145037407187079e-10,3.33922687895986610e-10,-2.40539195276160735e-16,1.63169319957943202e-17,-3.21451554878630945e-17,-5.72149979674627761e-18,-7.19816645950590930e-12,-5.94222805010939494e-12,-2.89544792012680533e-12,-1.54767858686391075e-12,-7.19792592031063301e-12,-5.94224436704139082e-12,-2.89541577497131745e-12,-1.54767286536411393e-12,1.39144818306889306e-10,-1.89926241409896381e-10,1.43996446486090254e-10,-1.46326861949609047e-11,19,2,1,5.76460752303767552e+17
37,3,151,-1.39709930076148441e-16,3.60489086155911244e-12,3.60503880049323660e-12,-1.73263889649275221e-16,-5.34539772444517576e-11,2.30414489889246283e-11,7.64954262333763859e-11,2.30416222528142783e-11,1.87130813718522764e-10,-1.89410889859961454e-16,1.24297522812817404e-17,-2.52507546273415292e-17,-4.54511819507561007e-18,5.47352736969813871e-12,1.71125910596887109e-12,1.14802384832034715e-12,5.80658040291629100e-13,5.47371678058799841e-12,1.71124667621658972e-12,1.14804909907497441e-12,5.80662585409824201e-13,2.30414489889246283e-11,-1.64089364729598135e-10,-1.31206300993254351e-11,-1.63798368608173463e-10,19,2,1,5.76460752303767552e+17
38,0,152,-1.09996436967174885e-16,3.87129536155174448e-12,3.87030385126101380e-12,-1.37037401568143589e-16,-9.35717071767698181e-11,-2.44683042626953183e-10,1.51111335450183365e-10,2.44682905589551622e-10,3.30664528580821051e-10,-1.49242571688611708e-16,9.47717518065815660e-18,-1.98451916629423015e-17,-3.61128481081636051e-18,5.92115635377414008e-12,1.88051921403013116e-12,1.13318630351293431e-12,5.32755437808780742e-13,5.92130559634582849e-12,1.88050973685495046e-12,1.13320614870459717e-12,5.32759049093591601e-13,-2.44683042626953183e-10,-2.42431609986713200e-10,3.40728080689908541e-11,8.59814859538678673e-11,19,2,1,5.76460752303767552e+17
38,1,153,-8.66543697342799226e-17,-9.17306133329469379e-12,-9.17216361697293759e-12,-1.08395092512357289e-16,-6.35910673043691187e-11,-2.25230650826825785e-10,1.61639583522456680e-10,2.25230542431733269e-10,4.96228389645446934e-10,-1.17659469726799270e-16,7.23440014477585382e-18,-1.56044181101542446e-17,-2.86956345606665584e-18,-1.51609692983164643e-11,-8.73663527901556840e-12,-4.23966834103181090e-12,-2.17182786144582700e-12,-1.51608516388467374e-11,-8.73664251341571363e-12,-4.23965273661370099e-12,-2.17182499188237096e-12,-2.25230650826825785e-10,-4.58598342575272306e-11,-4.02158747580523539e-11,2.70997738818621123e-10,19,2,1,5.76460752303767552e+17
38,2,154,-6.83032782621998320e-17,-1.83347679700581709e-11,-1.83343228980302122e-11,-8.57421104463397964e-17,-3.49056626427397720e-11,-2.10552028416719188e-10,1.75646365773979403e-10,2.10551942674608734e-10,3.45935043428492700e-10,-9.28076735927019965e-17,5.53029679768399800e-18,-1.22754952571371454e-17,-2.28016518633760610e-18,-2.96332807832551623e-11,-1.44464696583497034e-11,-6.89233336988790780e-12,-3.38477661767588326e-12,-2.96331879755815675e-11,-1.44464751886465003e-11,-6.89232109439265056e-12,-3.38477433751069681e-12,-2.10552028416719188e-10,1.35383015011773511e-10,7.32493901927079078e-11,-1.41838338093793087e-10,19,2,1,5.76460752303767552e+17
38,3,155,-5.38653349099187862e-17,-2.46451464215185218e-11,-2.46448408371094398e-11,-6.78216903132643958e-17,-1.08371584830545906e-11,1.00462764110778251e-10,1.11299922593832845e-10,1.00462831932468562e-10,4.92698321553135956e-10,-7.32384700786378949e-17,4.23477136877839724e-18,-9.66086939957606641e-18,-1.81165205482509498e-18,-3.93358420099492320e-11,-1.71775564673770829e-11,-8.07566730221469139e-12,-3.86192072132256642e-12,-3.93357687714791520e-11,-1.71775607021484528e-11,-8.07565764134529185e-12,-3.86191890967051153e-12,1.00462764110778251e-10,2.16190524984925646e-11,-3.92235557442357704e-10,-1.24525313876970614e-10,19,2,1,5.76460752303767552e+17
39,0,156,-4.24981978394451509e-17,-1.40414974535177043e-11,-1.40421863861487034e-11,-5.36426423845961946e-17,-3.23263782641916805e-11,2.50444984448032657e-13,3.25768232486397132e-11,2.50498627090417237e-13,2.16267554021008336e-10,-5.78186519721781646e-17,3.24904825819606542e-18,-7.60614629149483941e-18,-1.43914901294391696e-18,-2.16589896356913548e-11,-6.17997577102070597e-12,-2.50365222252858851e-12,-9.93016358192865162e-13,-2.16589318170393842e-11,-6.17997902006896385e-12,-2.50364461638229694e-12,-9.93014919043852317e-13,2.50444984448032657e-13,2.16517999005456375e-10,1.01167987999269470e-10,1.84994370131690128e-10,19,2,1,5.76460752303767552e+17
39,1,157,-3.35429294629228633e-17,-1.06606485196793988e-11,-1.06608612357166004e-11,-4.24226224295749019e-17,-2.88431083354517220e-11,7.26969706436639639e-11,1.01540078979115686e-10,7.26970130662863958e-11,4.76261874853327069e-10,-4.56609169500802868e-17,2.49821094130869429e-18,-5.99058292939376209e-18,-1.14294846260858851e-18,-1.60688350006235895e-11,-3.25963537648330668e-12,-1.34970726534757930e-12,-4.98335471231523748e-13,-1.60687893397066386e-11,-3.25963787469424813e-12,-1.34970127476464987e-12,-4.98334328283061101e-13,7.26969706436639639e-11,-4.03564904209663079e-10,-4.14219984956568471e-12,-2.90796637768591782e-10,19,2,1,5.76460752303767552e+17
39,2,158,-2.64835659409212988e-17,-4.43133883628176058e-12,-4.43302528510758187e-12,-3.35436924203177881e-17,-3.23408690735717305e-11,2.00242709235483875e-10,2.32583578309055612e-10,2.00242742779176289e-10,3.88276770560923696e-10,-3.60698131231190995e-17,1.92548941464730464e-18,-4.71968972559840713e-18,-9.07418844726917448e-19,-6.01457437907453053e-12,1.41378608384823442e-12,7.22589549855536113e-13,4.78426351082783183e-13,-6.01453830926140713e-12,1.41378415835881986e-12,7.22594269545261755e-13,4.78427258501627878e-13,2.00242709235483875e-10,-1.14698869830474448e-10,1.17547169330603577e-10,-1.88034061325439795e-10,19,2,1,5.76460752303767552e+17
39,3,159,-2.09157070344952311e-17,6.70857277268113925e-12,6.71008795030974861e-12,-2.65174653231972013e-17,-4.03443554890866671e-11,-1.64259733948977456e-10,1.23915378459890789e-10,1.64259707431512133e-10,2.58885720036130094e-10,-2.84997216890993888e-17,1.48789437776750629e-18,-3.71947199709960644e-18,-7.20149162376837725e-19,1.18020260726129083e-11,9.31516699838121407e-12,4.42022957982032009e-12,2.25823668948718710e-12,1.18020545723345979e-11,9.31516551048683668e-12,4.42023329929231702e-12,2.25823740963634959e-12,-1.64259733948977456e-10,9.46259860871526121e-11,7.23194029604038592e-11,-2.40214029468329665e-11,19,2,1,5.76460752303767552e+17
40,0,160,-1.65220931634550684e-17,-2.73235720175302622e-12,-2.73564028865577529e-12,-2.09577334871310243e-17,-1.01424264967811705e-11,-6.35722787460461090e-10,6.25580360963679968e-10,6.35722766502727609e-10,1.04498904699024527e-09,-2.25221652917859350e-17,1.15288732858300954e-18,-2.93194517789524251e-18,-5.71277007497549704e-19,-3.89810658376640589e-12,-5.60963327901298401e-13,-8.04347184951839723e-13,-4.65426946981815878e-13,-3.89808406160111419e-12,-5.60964480788627015e-13,-8.04344253006661792e-13,-4.65426375704808363e-13,-6.35722787460461090e-10,-2.04174941053689353e-11,4.09266259529784177e-10,-5.45316265974711938e-10,19,2,1,5.76460752303767552e+17
40,1,161,-1.30535980771330296e-17,-3.34928550736736740e-11,-3.34912493587182942e-11,-1.65589483982834590e-17,-1.13110041682288789e-10,-3.87472526768833391e-10,2.74362485086544576e-10,3.87472510209885004e-10,7.00881294273271935e-10,-1.78003467027697149e-17,8.95845597866787844e-19,-2.31164002355586870e-18,-4.52959643883031749e-19,-5.37093368033808095e-11,-2.56637220633001175e-11,-1.32139838181124019e-11,-6.60304508830550894e-12,-5.37093190030341072e-11,-2.56637229591457165e-11,-1.32139815064723780e-11,-6.60304463534586533e-12,-3.87472526768833391e-10,-1.00844809080695360e-10,-1.60466766024097914e-10,3.13408767504438544e-10,19,2,1,5.76460752303767552e+17
40,2,162,-1.03144219782433576e-17,-4.50929967942161665e-11,-4.50934508486506773e-11,-1.30792817704461317e-17,1.64811093479125450e-11,-1.65213321344931487e-10,1.81694430692844032e-10,1.65213308265649713e-10,5.11756547777878376e-10,-1.40692978500275276e-17,6.98136004343211144e-19,-1.82287758867913070e-18,-3.58956876728316955e-19,-7.17216224050048612e-11,-3.10576042627151220e-11,-1.52457238744896296e-11,-7.30807190436215662e-12,-7.17216083357070089e-11,-3.10576049608511258e-11,-1.52457220516120423e-11,-7.30807154540527995e-12,-1.65213321344931487e-10,9.47019700808887318e-11,-4.17054577696989644e-10,-2.19733200677521215e-10,19,2,1,5.76460752303767552e+17
40,3,163,-8.15054516923202453e-18,-4.29284073681409761e-11,-4.29270998019332053e-11,-1.03272784122124348e-17,4.08643405080503380e-11,-2.80460543921947170e-11,6.89103949002450551e-11,2.80460440649163043e-11,5.02756554490281470e-10,-1.11203861133080535e-17,5.45653449316166961e-19,-1.43764302440012797e-18,-2.84301478546511239e-19,-6.73412421802152195e-11,-2.50563660646626774e-11,-1.18797146537917026e-11,-5.43344320174467552e-12,-6.73412310598291110e-11,-2.50563666103161263e-11,-1.18797132161486782e-11,-5.43344291744319659e-12,-2.80460543921947170e-11,3.91043292631154099e-10,4.74710500098086727e-10,2.09218033458665935e-10,19,2,1,5.76460752303767552e+17
41,0,164,-6.44071481817962261e-18,-3.42703861986140185e-11,-3.42707226094873790e-11,-8.15132875621514554e-18,1.41506389125089342e-10,-1.67879117078301841e-10,3.09385506203391183e-10,1.67879108926973073e-10,9.39268365596594359e-10,-8.78920799861350006e-18,4.27713933247891259e-19,-1.13392545527230029e-18,-2.25038350947097038e-19,-5.27338880063035465e-11,-1.55058918698751518e-11,-7.19576169069547524e-12,-3.07546616132010746e-12,-5.27338792170955471e-11,-1.55058922975890856e-11,-7.19576055677001968e-12,-3.07546593628175652e-12,-1.67879117078301841e-10,1.18737244075894940e-10,-3.69566798356636255e-10,5.69701567239958001e-10,19,2,1,5.76460752303767552e+17
41,1,165,-5.08940157384416857e-18,-3.43490927104730882e-11,-3.43521277078410196e-11,-6.43135773502898362e-18,1.37530119087608314e-10,1.31393661168090763e-10,6.13645791951755100e-12,1.31393667599448486e-10,6.54737881643932154e-10,-6.94611894483910028e-18,3.36217196974297209e-19,-8.94420832270399634e-19,-1.78017767453298734e-19,-5.26392000803927165e-11,-1.50542224557737290e-11,-7.35249222306823194e-12,-3.24668869362781640e-12,-5.26391931342737712e-11,-1.50542227919909276e-11,-7.35249132864739986e-12,-3.24668851561004898e-12,1.31393661168090763e-10,-2.70944789360499724e-10,-1.05584300190268071e-10,3.83793092283432430e-10,19,2,1,5.76460752303767552e+17
41,2,166,-4.02128954871097612e-18,-1.95586237113916295e-11,-1.95578237126078082e-11,-5.07225790458317981e-18,1.77337930638534305e-10,1.59508451972159542e-10,1.78294786663747633e-11,1.59508457044417435e-10,5.28920845226702196e-10,-5.48881688332852657e-18,2.65014081847093881e-19,-7.05517646959864206e-19,-1.40731257505091119e-19,-2.85930689608973913e-11,-2.79031435256696332e-12,-1.49083749139093068e-12,-3.48568063931178859e-13,-2.85930634720805082e-11,-2.79031461758104525e-12,-1.49083678587328379e-12,-3.48567923199921360e-13,1.59508451972159542e-10,4.35508184851298888e-10,2.64793819559786762e-10,-9.34126603754033076e-11,19,2,1,5.76460752303767552e+17
41,3,167,-3.17696116722906820e-18,-6.66458582579846233e-12,-6.66473636062803661e-12,-3.99869686428973712e-18,1.68673632773961286e-10,1.60577222153467945e-10,8.09641062049334048e-12,1.60577226152164802e-10,8.83578315304974465e-10,-4.33652766181542642e-18,2.09429044821531188e-19,-5.56503225355917757e-19,-1.11181178989988708e-19,-8.04955864227871278e-12,5.82312751770226027e-12,2.36003396568693329e-12,1.43764016738323956e-12,-8.04955430575105098e-12,5.82312730827321543e-12,2.36003452219015852e-12,1.43764027856441848e-12,1.60577222153467945e-10,-4.67623833101967503e-11,8.36815931994777662e-10,3.56170414634578964e-10,19,2,1,5.76460752303767552e+17
42,0,168,-2.50951412726145569e-18,3.32521662021997559e-12,3.32679220000938521e-12,-3.15100866091354508e-18,1.77520503480569302e-10,2.70675416608606129e-10,9.31549131280368267e-11,2.70675419759614808e-10,5.61622335781948030e-10,-3.42544134206456370e-18,1.65900065476467998e-19,-4.38942157748824462e-19,-8.77769556964132840e-20,7.51634575125294351e-12,1.09268955682314073e-11,4.51372240945632962e-12,2.36880249964635039e-12,7.51634917669428592e-12,1.09268954023313415e-11,4.51372284839848736e-12,2.36880258742330610e-12,2.70675416608606129e-10,-8.02214271982861385e-11,4.81400908583661891e-10,4.11884390141993867e-10,19,2,1,5.76460752303767552e+17
42,1,169,-1.98190632369944818e-18,1.64011592900208801e-11,1.64015136607773582e-11,-2.48194104579042991e-18,1.72157885123228318e-10,1.02422357136071757e-10,6.97355279871565604e-11,1.02422359618012800e-10,8.37063616186720742e-10,-2.70512645392145212e-18,1.31707235725755177e-19,-3.46189161426421513e-19,-6.92524561805904185e-20,2.79399539150491216e-11,1.81523117077463364e-11,7.89338052828810790e-12,3.94524794359725452e-12,2.79399566201755750e-11,1.81523115760391011e-11,7.89338087447726925e-12,3.94524801284971044e-12,1.02422357136071757e-10,-1.11270656124270120e-10,-3.75479288412026141e-10,4.61584327774694601e-10,19,2,1,5.76460752303767552e+17
42,2,170,-1.56486994900385958e-18,1.80704606307842015e-11,1.80697061944594574e-11,-1.95407908258679429e-18,1.17548343396003804e-10,1.31203114368207531e-10,1.36547709722037270e-11,1.31203116322286613e-10,5.72505230041217552e-10,-2.13570975162861950e-18,1.04768251472383635e-19,-2.73007013238249697e-19,-5.46001601998540962e-20,2.97627403263408148e-11,1.55170713826552094e-11,6.41351299913007168e-12,3.07566596279848220e-12,2.97627424620505682e-11,1.55170712778869591e-11,6.41351327213708516e-12,3.07566601739864243e-12,1.31203114368207531e-10,-7.21310794364165587e-13,4.24363995669203159e-10,-1.48141234372014341e-10,19,2,1,5.76460752303767552e+17
42,3,171,-1.23527113384093492e-18,2.06078565259382714e-11,2.06047537051088059e-11,-1.53780368852238265e-18,1.27192533407499114e-10,3.14228110795878668e-10,1.87035577388379554e-10,3.14228112333682338e-10,6.76851598985613410e-10,-1.68565588766175870e-18,8.34843144848851099e-20,-2.15266667928338731e-19,-4.30186733446358331e-20,3.31667878950344064e-11,1.46964068785646082e-11,6.13354078965851063e-12,2.90351201213129269e-12,3.31667895806902910e-11,1.46964067950802934e-11,6.13354100492517827e-12,2.90351205514996590e-12,3.14228110795878668e-10,-3.62623488189734793e-10,-2.20125916892858044e-10,2.55016873976924253e-11,19,2,1,5.76460752303767552e+17
43,0,172,-9.74818747970939877e-19,3.14965626656051815e-11,3.14975123234446085e-11,-1.20967356616581188e-18,7.40592066319752368e-11,-2.35314922219829837e-10,3.09374128851805099e-10,2.35314921010156256e-10,6.84259378268855426e-10,-1.33001778903946611e-18,6.66239806162141778e-20,-1.69711714132644862e-19,-3.38708673872624497e-20,5.01940486983802360e-11,2.12723541618868713e-11,9.64467683096982977e-12,4.64231185130518084e-12,5.01940500283980234e-11,2.12723540952628916e-11,9.64467700068154385e-12,4.64231188517604830e-12,-2.35314922219829837e-10,3.28289517799570368e-10,2.82996339920842007e-10,-3.55969860469285058e-10,19,2,1,5.76460752303767552e+17
43,1,173,-7.69047140028820044e-19,1.26317171635472234e-11,1.26317780512278557e-11,-9.51142450570127387e-19,5.34963008694865317e-11,2.57421653489274611e-10,2.03925352619788073e-10,2.57421654440417079e-10,6.73096088845540970e-10,-1.04905677495238340e-18,5.32355507764077954e-20,-1.33773236679567754e-19,-2.66504873222909915e-20,1.90163096181983369e-11,3.12158211622905917e-12,6.54622616894482413e-13,5.00513466296115437e-14,1.90163106672551109e-11,3.12158206299350824e-12,6.54622750667719097e-13,5.00513732800988640e-14,2.57421653489274611e-10,3.22528394953241245e-10,-3.50567693892299725e-10,-8.98768557966750748e-12,19,2,1,5.76460752303767552e+17
43,2,174,-6.06514037052546743e-19,2.22416114159154512e-11,2.22414412263564079e-11,-7.47542057656541804e-19,4.64852206487176419e-11,3.68703844991245218e-10,3.22218624342527563e-10,3.68703845738787259e-10,5.11824999613577136e-10,-8.27153429949213526e-19,4.25809210519973251e-20,-1.05424202149905426e-19,-2.09555100522430146e-20,3.45352017735430937e-11,1.15080038547104968e-11,5.43193837494238922e-12,2.58360763743108631e-12,3.45352026006965256e-11,1.15080038121295750e-11,5.43193848036659141e-12,2.58360765838659641e-12,3.68703844991245218e-10,-1.43121154622331867e-10,9.25243850392947486e-11,-4.79681887793141563e-11,19,2,1,5.76460752303767552e+17
43,3,175,-4.78167616530381890e-19,3.52171565449857125e-11,3.52173091184447736e-11,-5.87275662104797312e-19,3.68284946022812484e-11,5.48647301191420114e-10,5.11818806589138911e-10,5.48647301778695808e-10,1.43741126382270491e-09,-6.51947360491797316e-19,3.40855633775628539e-20,-8.30648588307642451e-20,-1.64668903423692039e-20,5.52822931846274890e-11,2.11727526346723373e-11,1.04107389199723206e-11,5.02257272837421071e-12,5.52822938365748519e-11,2.11727526005867737e-11,1.04107390030371790e-11,5.02257274484110115e-12,5.48647301191420114e-10,-1.78551884972822867e-10,3.71356676353435216e-10,1.25885937884988194e-09,19,2,1,5.76460752303767552e+17
44,0,176,-3.76846727771558195e-19,5.41503609546382586e-11,5.41501129079155682e-11,-4.61178702977636528e-19,1.49748177325712733e-10,5.80156236155685125e-10,4.30408058829972367e-10,5.80156236616863856e-10,8.96309674109082825e-10,-5.13657307452272768e-19,2.73006331072948638e-20,-6.54324927693907544e-20,-1.29316072546991836e-20,8.53888553990191903e-11,3.42038935152009600e-11,1.68318226852430563e-11,8.08724302677207483e-12,8.53888559126764950e-11,3.42038934879003291e-11,1.68318227506755501e-11,8.08724303970368177e-12,5.80156236155685125e-10,-2.10913307883803169e-10,-2.82473626110856491e-10,-3.16153437953397700e-10,19,2,1,5.76460752303767552e+17
44,1,177,-2.96886010431022126e-19,7.02994290873739690e-11,7.02992518686487853e-11,-3.62011872700259677e-19,-7.70272996266231406e-11,-2.96741569017221663e-10,2.19714269390598523e-10,2.96741568655209790e-10,1.70529562229380743e-09,-4.04543506955263719e-19,2.18741982003052431e-20,-5.15303252636017478e-20,-1.01491444544201685e-20,1.10628786260964698e-10,4.32053636277276863e-11,2.10750611986949630e-11,9.98720863652736225e-12,1.10628786665508208e-10,4.32053636058534895e-11,2.10750612502252875e-11,9.98720864667650648e-12,-2.96741569017221663e-10,-1.00510644921206990e-09,-3.84993446572859609e-10,7.00189173081737537e-10,19,2,1,5.76460752303767552e+17
44,2,178,-2.33803726480345013e-19,3.92431920990418818e-11,3.92447292634340397e-11,-2.84059305030302157e-19,-1.32613303859171715e-10,-3.40342793324598016e-10,2.07729489465426302e-10,3.40342793040538714e-10,6.56700698588009759e-10,-3.18482338967786219e-19,1.75293357001442617e-20,-4.05714642681714973e-20,-7.96071275265824220e-21,5.93698296767350666e-11,1.32430488650394214e-11,5.90285244956370326e-12,2.19291348305280378e-12,5.93698299952173997e-11,1.32430488475100861e-11,5.90285249013516747e-12,2.19291349101351648e-12,-3.40342793324598016e-10,-3.10352032933122755e-10,-7.41092411833978899e-10,-8.43917132459691529e-11,19,2,1,5.76460752303767552e+17
44,3,179,-1.84054866991866001e-19,1.27599924491843775e-11,1.27586730677188739e-11,-2.22810143296711615e-19,-8.58612295722144089e-11,-2.15750593539636377e-10,1.29889363967421981e-10,2.15750593316826231e-10,5.23004730575878419e-10,-2.50629681603218693e-19,1.40474051671850326e-20,-3.19347030125110544e-20,-6.24066251879965629e-21,1.65782978104845584e-11,-7.22275884162004643e-12,-3.56716362821140149e-12,-2.30862368656226518e-12,1.65782980611142385e-11,-7.22275885566745135e-12,-3.56716359627669848e-12,-2.30862368032160267e-12,-2.15750593539636377e-10,-2.16001138598990486e-10,-3.41056241877043581e-10,-7.38755324115514796e-10,19,2,1,5.76460752303767552e+17
45,0,180,-1.44835810223705156e-19,-1.60738528222001506e-12,-1.60732433502766897e-12,-1.74706257234875585e-19,-2.38243785384618050e-10,1.46195352489843152e-10,3.84439137874461202e-10,1.46195352664549410e-10,1.02117966077105591e-09,-1.97154389804679579e-19,1.12552316812276272e-20,-2.51296480663184681e-20,-4.88964460349558492e-21,-5.90149376695163188e-12,-1.45844444621039996e-11,-6.35317415094710691e-12,-3.38949276475613543e-12,-5.90149356979724213e-12,-1.45844444733592297e-11,-6.35317412581745845e-12,-3.38949275986649069e-12,1.46195352489843152e-10,-1.68673150828112606e-10,8.52506509942943304e-10,8.10189956952250860e-10,19,2,1,5.76460752303767552e+17
45,1,181,-1.13929719974091592e-19,5.32894744460814674e-12,5.32926015770950621e-12,-1.36942433061208729e-19,-8.62424209354824190e-11,4.31399644066633437e-10,5.17642065002115804e-10,4.31399644203575875e-10,8.23957512713715087e-10,-1.55027242703661113e-19,9.01524786009463400e-21,-1.97691984432388443e-20,-3.82916700038664100e-21,6.27979713001395762e-12,-4.15572389534624009e-12,-6.01157783543989909e-13,-3.13357054131713748e-13,6.27979728504120039e-12,-4.15572390436148771e-12,-6.01157763774791504e-13,-3.13357050302546765e-13,4.31399644066633437e-10,2.06314760943776002e-10,-6.90859467607087822e-11,-3.92557868647081599e-10,19,2,1,5.76460752303767552e+17
45,2,182,-8.95841593126040077e-20,2.50390583634751914e-11,2.50384639272470355e-11,-1.07308181877861007e-19,-1.16634298685371484e-10,8.05826211885960701e-11,1.97216919873967554e-10,8.05826212959042464e-11,1.51971229788288770e-09,-1.21853789562725099e-19,7.21788145100472871e-21,-1.55478199604553749e-20,-2.99726523753917321e-21,3.87009675473130304e-11,1.40800341903165570e-11,8.40583615864265956e-12,4.15028408277626021e-12,3.87009676691668224e-11,1.40800341830986759e-11,8.40583617419047883e-12,4.15028408577352573e-12,8.05826211885960701e-11,5.58789095684126231e-10,7.92751183763207388e-10,-7.26961114119680316e-10,19,2,1,5.76460752303767552e+17
45,3,183,-7.04141914943672183e-20,2.30828172193421908e-11,2.30824109079583322e-11,-8.40625495243801652e-20,-2.12502102438382358e-10,2.70029035237002848e-11,2.39505005962082617e-10,2.70029036077628344e-11,1.28735485367420848e-09,-9.57419525193105655e-20,5.77565239207770805e-21,-1.22243905329567001e-20,-2.34506105773766926e-21,3.54377090643783861e-11,1.13670298891120104e-11,6.46758367865652190e-12,2.96081589513691183e-12,3.54377091601203415e-11,1.13670298833363575e-11,6.46758369088091203e-12,2.96081589748197291e-12,2.70029035237002848e-11,5.90240741948021312e-10,-6.97114111726187067e-10,-6.15061412271387523e-10,19,2,1,5.76460752303767552e+17
46,0,184,-5.53256535691086467e-20,1.88790168010708805e-11,1.88793316537770172e-11,-6.58350876079605190e-20,-1.71502864617821976e-10,-4.19302714148600766e-10,2.47799849530778764e-10,4.19302714082765668e-10,5.37603882409566165e-10,-7.51971575844877969e-20,4.61857583962576000e-21,-9.60865226949074926e-21,-1.83402919274294879e-21,2.85847451993774196e-11,7.42586603304465081e-12,4.24331955043341425e-12,1.79327474405671579e-12,2.85847452745745770e-11,7.42586602842607493e-12,4.24331956004206622e-12,1.79327474589074504e-12,-4.19302714148600766e-10,-9.06242214795219454e-11,-6.28228103889088110e-10,-4.96852669409103735e-10,19,2,1,5.76460752303767552e+17
46,1,185,-4.34544017938882474e-20,-6.49249890507643147e-12,-6.49078785887824667e-12,-5.15475562125652890e-20,-1.77641432632454845e-10,4.71701234550782979e-10,6.49342667183237797e-10,4.71701234602330496e-10,4.17117792745203674e-10,-5.90392744022979988e-20,3.69056680968204219e-21,-7.55051065246565345e-21,-1.43382823978579288e-21,-1.23691313056927484e-11,-1.28971577504165350e-11,-5.96256706582224858e-12,-3.28022737644611502e-12,-1.23691312466534738e-11,-1.28971577541071014e-11,-5.96256705827173829e-12,-3.28022737501228669e-12,4.71701234550782979e-10,9.98931653071901950e-11,2.65256966373790088e-10,5.45834418055793172e-11,19,2,1,5.76460752303767552e+17
46,2,186,-3.41182060741365461e-20,1.79323490411477525e-11,1.79324956999155849e-11,-4.03520492759800444e-20,-1.50962830713981573e-10,8.98805749987338564e-10,1.04976858070132019e-09,8.98805750027690606e-10,1.68263004188076364e-09,-4.63368367218852213e-20,2.94661626304813805e-21,-5.93158181315658213e-21,-1.12058062162744322e-21,2.77985516039305371e-11,1.03586846530833790e-11,6.08910805140022187e-12,2.99335747914375102e-12,2.77985516502673727e-11,1.03586846501367630e-11,6.08910805733180399e-12,2.99335748026433154e-12,8.98805749987338564e-10,-7.83824291893424974e-10,-6.65927911619223203e-10,-5.68681141474654744e-10,19,2,1,5.76460752303767552e+17
46,3,187,-2.67786637589763837e-20,5.81808686833542313e-11,5.81792946714804568e-11,-3.15821236560720570e-20,-2.29335084876364732e-10,-7.58687366439747500e-10,5.29352281563382794e-10,7.58687366408165330e-10,1.61670563394703629e-09,-3.63549570807919082e-20,2.35056401513839843e-21,-4.65851539127997927e-21,-8.75509798909020090e-22,9.27481119260637391e-11,4.19715544664777308e-11,2.14866824794487616e-11,1.05415315962347550e-11,9.27481119624187019e-11,4.19715544641271678e-11,2.14866824841072780e-11,1.05415315971102643e-11,-7.58687366439747500e-10,-1.52482265815271376e-09,-1.06130163345624522e-09,9.18829757943226353e-11,19,2,1,5.76460752303767552e+17
47,0,188,-2.10110506701142875e-20,7.34128574800748637e-12,7.34080661766057523e-12,-2.47142198919479999e-20,-2.34149871300624160e-10,-9.55768462775675543e-10,7.21618591475051383e-10,9.55768462750961247e-10,2.08360368165216876e-09,-2.85140938694448631e-20,1.87333551461402543e-21,-3.65772006626601516e-21,-6.83861458189552754e-22,9.44137562890430239e-12,-5.15504226792130812e-12,-3.00378979038409117e-12,-2.11738581296478113e-12,9.44137565741839587e-12,-5.15504226979464360e-12,-3.00378978672637120e-12,-2.11738581228091965e-12,-9.55768462775675543e-10,-1.67967192062144319e-10,1.12783521887649322e-09,4.34104503146772343e-10,19,2,1,5.76460752303767552e+17
47,1,189,-1.64804601582666495e-20,-4.21225378240539052e-11,-4.21234314796525840e-11,-1.93372242075805647e-20,-8.43491365058137749e-11,9.10090042881747203e-10,9.94439179387561056e-10,9.10090042901084411e-10,1.27298640273527645e-09,-2.23574183361870192e-20,1.49154084375589958e-21,-2.87119733241792815e-21,-5.34050242681440055e-22,-7.00760899506766516e-11,-4.23884634220817739e-11,-2.08773865254830341e-11,-1.06956547055648073e-11,-7.00760899283192392e-11,-4.23884634235733163e-11,-2.08773865226118352e-11,-1.06956547050307572e-11,9.10090042881747203e-10,-2.47618090789442400e-10,2.77671858312345321e-10,1.02536831194583410e-09,19,2,1,5.76460752303767552e+17
47,2,190,-1.29229234999543823e-20,1.19542608078192467e-11,1.19534156104398857e-11,-1.51284672567322523e-20,-7.44445570325224709e-11,-3.88456475465844530e-10,3.14011918433322046e-10,3.88456475450716068e-10,1.08842762960140268e-09,-1.75249958711606255e-20,1.18635788231506429e-21,-2.25325097613503509e-21,-4.16985462858503060e-22,1.89613415922860535e-11,9.83060789425913254e-12,6.41857701344049405e-12,3.52374229535437577e-12,1.89613416098110509e-11,9.83060789307277460e-12,6.41857701569374535e-12,3.52374229577136123e-12,-3.88456475465844530e-10,6.99971154135558095e-10,3.90481159706174205e-10,-3.72938732523750626e-10,19,2,1,5.76460752303767552e+17
47,3,191,-1.01304761116091815e-20,-9.99509781514601955e-12,-9.99580332853191519e-12,-1.18348091814513088e-20,-1.47218172331595422e-10,-8.10056500077355360e-10,6.62838327745759912e-10,8.10056500065520577e-10,9.97116218594346426e-10,-1.37333657771890241e-20,9.42639404694882776e-22,-1.76788853877389426e-21,-3.25538711741203207e-22,-1.66379034592808728e-11,-9.41639810934544280e-12,-4.00664896198642979e-12,-2.03335153375612208e-12,-1.66379034455475065e-11,-9.41639811028808296e-12,-4.00664896021854126e-12,-2.03335153343058329e-12,-8.10056500077355360e-10,-6.70732778078201766e-10,1.59967897205657094e-10,1.87059718516991117e-10,19,2,1,5.76460752303767552e+17
48,0,192,-7.93934884315811380e-21,-4.79420320940002698e-11,-4.79437749702596511e-11,-9.25774159790188866e-21,-9.47824613413376102e-10,-1.37019029554661457e-09,4.22365682133238466e-10,1.37019029553735676e-09,1.26313331241087375e-09,-1.07593969417166109e-20,7.48197404467485641e-22,-1.38676958944369625e-21,-2.54123888461194115e-22,-7.75371223456182943e-11,-3.82139144822042601e-11,-1.84102640102926841e-11,-9.15970942149251189e-12,-7.75371223348588976e-11,-3.82139144829524579e-11,-1.84102640089059158e-11,-9.15970942123838811e-12,-1.37019029554661457e-09,-1.79318911226224783e-09,-6.75994124776786481e-10,-5.30055799851374083e-10,19,2,1,5.76460752303767552e+17
48,1,193,-6.22063381355014629e-21,-1.05029388173876641e-10,-1.05027962836529095e-10,-7.24166011668434205e-21,-1.72210122349199981e-10,-1.84392915370000783e-09,1.67171903135080777e-09,1.84392915369276607e-09,2.33652129789464637e-09,-8.42752933351071082e-21,5.93228242841023568e-22,-1.08758606801488873e-21,-1.98366183603200595e-22,-1.68499064891150692e-10,-7.80208333931001267e-11,-3.77475984891002075e-11,-1.84622264996230215e-11,-1.68499064882723169e-10,-7.80208333936933573e-11,-3.77475984880126201e-11,-1.84622264994246565e-11,-1.84392915370000783e-09,4.92592144194638544e-10,-2.87713000300504539e-10,-1.23253634151383275e-09,19,2,1,5.76460752303767552e+17
48,2,194,-4.87290916557973581e-21,-1.72503322668910088e-10,-1.72501009166721050e-10,-5.66463786659244701e-21,-3.02407846982334004e-10,-1.18881097683302030e-09,8.86403129850686294e-10,1.18881097682735556e-09,1.62290558551920536e-09,-6.59969567003517716e-21,4.69850103059164670e-22,-8.52784003396718860e-22,-1.54841405616253091e-22,-2.75075325689077127e-10,-1.20651235520096880e-10,-5.80843721264994240e-11,-2.80149549521084231e-11,-2.75075325682477414e-10,-1.20651235520566719e-10,-5.80843721256466396e-11,-2.80149549519535820e-11,-1.18881097683302030e-09,-1.46369000338569185e-10,-8.99513077206757481e-10,4.34094608686185113e-10,19,2,1,5.76460752303767552e+17
48,3,195,-3.81641408790143636e-21,-1.91910401132660362e-10,-1.91910851210977139e-10,-4.43117069956426985e-21,9.90823643694719463e-11,-5.69722920006144973e-10,6.68805284375616958e-10,5.69722920001713767e-10,2.67966699702225442e-09,-5.16736390350799003e-21,3.71730298714489854e-22,-6.68554913840993855e-22,-1.20870873821449693e-22,-3.02811211484384889e-10,-1.19326575270122792e-10,-5.63632285818915906e-11,-2.63942524767581033e-11,-3.02811211479217543e-10,-1.19326575270494533e-10,-5.63632285812230348e-11,-2.63942524766372315e-11,-5.69722920006144973e-10,1.80524830604421993e-09,1.72962843477507564e-09,-8.74418690978034597e-10,19,2,1,5.76460752303767552e+17
49,0,196,-2.98845027943936581e-21,-1.75559263441490598e-10,-1.75558212065795899e-10,-3.46647585024957294e-21,6.36178639998078470e-10,1.35468059570317547e-09,7.18501955705096998e-10,1.35468059570664198e-09,2.24656479297168087e-09,-4.04525724259373531e-21,2.93784675488222156e-22,-5.24040216212353691e-22,-9.43601663968537040e-23,-2.73148031890858516e-10,-9.21722211246235733e-11,-4.28863097339286795e-11,-1.93149987791244034e-11,-2.73148031886813241e-10,-9.21722211249173517e-11,-4.28863097334046412e-11,-1.93149987790300434e-11,1.35468059570317547e-09,-8.91884197268505399e-10,1.30583895099108809e-10,-6.21850476247526322e-10,19,2,1,5.76460752303767552e+17
49,1,197,-2.33975330405933483e-21,-6.69494025994499731e-11,-6.69490022061771631e-11,-2.71201380349364017e-21,6.81287584075932888e-10,-4.96139614412334028e-10,1.17742719848826692e-09,4.96139614409622013e-10,2.20643859099303923e-09,-3.16640050864839743e-21,2.31934994478953771e-22,-4.10703846396022316e-22,-7.36724485263002681e-23,-9.56659129951339715e-11,2.59433647389019263e-12,3.22523878505645173e-12,3.63069595715746212e-12,-9.56659129919675758e-11,2.59433647365825773e-12,3.22523878546715538e-12,3.63069595723113451e-12,-4.96139614412334028e-10,1.71029897658070520e-09,3.30144163625226394e-10,-2.93492511231297013e-10,19,2,1,5.76460752303767552e+17
49,2,198,-1.83163063394781272e-21,-7.39024241827709733e-11,-7.39062881480157596e-11,-2.12197275685129390e-21,5.84752713417672733e-10,1.20581575739513651e-09,6.21063043977463773e-10,1.20581575739725843e-09,2.73678523664668622e-09,-2.47821467094802120e-21,1.82913038754601475e-22,-3.21837683040879817e-22,-5.75290427883098818e-23,-1.08363079591571955e-10,-1.31046257973879446e-11,-7.84538290260941505e-12,-2.95234965252370607e-12,-1.08363079589093735e-10,-1.31046257975708582e-11,-7.84538290228757717e-12,-2.95234965246617703e-12,1.20581575739513651e-09,3.01729858030855429e-09,2.80513343661868225e-10,6.48631268080787469e-10,19,2,1,5.76460752303767552e+17
49,3,199,-1.43370548647374490e-21,4.58297192333215843e-12,4.58495278770386545e-12,-1.66051014552474403e-21,7.04710784186934109e-10,5.92473197513724527e-10,1.12237586673209582e-10,5.92473197515384989e-10,1.63063324931172781e-09,-1.93943934053031081e-21,1.44102428644025553e-22,-2.52171792311970938e-22,-4.49314418945062788e-23,1.73954732218880749e-11,4.42689157590036884e-11,1.96287452975542245e-11,1.05811562625658970e-11,1.73954732238275129e-11,4.42689157588595845e-11,1.96287452978063950e-11,1.05811562626108280e-11,5.92473197513724527e-10,6.30483603765470272e-10,6.62270093858341178e-10,2.22310644682545234e-09,19,2,1,5.76460752303767552e+17
50,0,200,-1.12213910276567844e-21,3.48877265238006596e-11,3.48877077167487467e-11,-1.29958923846725616e-21,5.43524561211940724e-10,1.66060090794714178e-09,1.11707634673520095e-09,1.66060090794844128e-09,2.56064296176093674e-09,-1.51770894253228124e-21,1.13410905144744877e-22,-1.97567383384403215e-22,-3.51001839847019475e-23,6.34641097815776737e-11,5.41097416734303422e-11,2.27775872175262585e-11,1.14729402484988380e-11,6.34641097830953821e-11,5.41097416733169344e-11,2.27775872177238254e-11,1.14729402485339382e-11,1.66060090794714178e-09,3.20976183001663861e-10,-9.00042053813794960e-10,2.93922242526564508e-10,19,2,1,5.76460752303767552e+17
50,1,201,-8.78230706283770023e-22,1.10647036385967691e-10,1.10647453752682552e-10,-1.01728321215057749e-21,5.87325717037260356e-10,3.59389326267496182e-09,3.00656754563770126e-09,3.59389326267597925e-09,1.85686132465252474e-09,-1.18764470528904322e-21,8.91672500832861663e-23,-1.54775007872699998e-22,-2.74269775942675895e-23,1.82871011012381685e-10,1.01412110399791000e-10,4.57433795792968465e-11,2.25769868070749534e-11,1.82871011013569335e-10,1.01412110399701832e-10,4.57433795794516198e-11,2.25769868071023796e-11,3.59389326267496182e-09,1.73703193802243709e-09,2.99451956222987981e-09,3.19990481449110704e-09,19,2,1,5.76460752303767552e+17
50,2,202,-6.87315452077690925e-22,2.64504568998605230e-10,2.64503479813457599e-10,-7.96446265101203676e-22,4.06099686353168186e-10,-2.79810051516046560e-09,3.20420020151363363e-09,2.79810051515966902e-09,3.49974902662988261e-09,-9.29353464773494305e-22,7.00381363627016697e-23,-1.21244208007130388e-22,-2.14372288899999754e-23,4.27291557774895010e-10,2.06317017802995087e-10,9.73111255170253850e-11,4.76612835874741828e-11,4.27291557775824347e-10,2.06317017802925061e-10,9.73111255171466316e-11,4.76612835874956184e-11,-2.79810051516046560e-09,-4.08449726776074220e-10,-1.92292256271681107e-09,7.01648511469416908e-10,19,2,1,5.76460752303767552e+17
50,3,203,-5.37897371808574074e-22,6.66160099069260339e-11,6.66165718570135822e-11,-6.23672761988412943e-22,-1.14938445458427392e-10,-1.88247095059438005e-09,1.76753250513595260e-09,1.88247095059375635e-09,4.25220358493198715e-09,-7.27247144935996042e-22,5.49611028808358949e-23,-9.49737211654529849e-23,-1.67607291669981095e-23,1.00307241809326737e-10,1.28456411418948179e-11,-1.49872901539967099e-12,-3.25679443638039331e-12,1.00307241810053984e-10,1.28456411418398572e-11,-1.49872901530469728e-12,-3.25679443636363240e-12,-1.88247095059438005e-09,-1.14471687329469002e-09,2.36973263433760710e-09,9.15792887415979428e-10,19,2,1,5.76460752303767552e+17
51,0,204,-4.20967540707321260e-22,-4.31486243635378868e-11,-4.31499608650261132e-11,-4.88482288998332071e-22,-5.96587682898098320e-10,-1.22127299948049747e-09,6.24685316582399155e-10,1.22127299948000902e-09,4.83633589017150428e-09,-5.69114877082523341e-22,4.30905734563045077e-23,-7.43936429359324508e-23,-1.31087389017794435e-23,-7.73488106534835741e-11,-7.16690878786770447e-11,-3.92552963689302118e-11,-2.06686884085824386e-11,-7.73488106529144609e-11,-7.16690878787201357e-11,-3.92552963688558172e-11,-2.06686884085693298e-11,-1.22127299948049747e-09,-1.36795237353712648e-09,-2.37584998367845785e-09,2.46048590649304643e-09,19,2,1,5.76460752303767552e+17
51,1,205,-3.29468158787811050e-22,-9.55608209305040522e-11,-9.55605524430913921e-11,-3.82681812541199080e-22,1.03149128269302944e-10,7.52763156982095443e-10,6.49614028712792460e-10,7.52763156982478118e-10,1.99416787738005846e-09,-4.45394048742778993e-22,3.37544236683239911e-23,-5.82727642835859146e-23,-1.02560821649374242e-23,-1.59126510659242126e-10,-9.60737769861819221e-11,-4.69304146436287237e-11,-2.30229103807148801e-11,-1.59126510658796741e-10,-9.60737769862156814e-11,-4.69304146435704527e-11,-2.30229103807046243e-11,7.52763156982095443e-10,-2.12247968165743866e-10,2.46603776329968462e-10,1.78191990921431469e-09,19,2,1,5.76460752303767552e+17
51,2,206,-2.57871520203348129e-22,-3.78287261956766904e-11,-3.78280501798847114e-11,-2.99866613892210557e-22,4.51645096719395824e-11,-6.98307984902922145e-10,7.43472494574861701e-10,6.98307984902622292e-10,5.53163081928532235e-09,-3.48597906204630903e-22,2.64190721729361499e-23,-4.56457311616270779e-23,-8.02716285256811978e-24,-6.20359372749812410e-11,-3.00791414169755005e-11,-1.13497883789963677e-11,-4.41774401168481230e-12,-6.20359372746326490e-11,-3.00791414170019186e-11,-1.13497883789507226e-11,-4.41774401167678526e-12,-6.98307984902922145e-10,2.57427013655572400e-09,-2.95736068272959835e-09,7.07955754068304822e-10,19,2,1,5.76460752303767552e+17
51,3,207,-2.01849394481091814e-22,-6.40278163526051266e-11,-6.40293276599262857e-11,-2.35029919371186420e-22,3.95758706753836138e-11,4.44256805425336694e-10,4.04680934749953093e-10,4.44256805425571717e-10,8.30929803469950790e-09,-2.72866295804876180e-22,2.06614559624420840e-23,-3.57558066275988524e-23,-6.28504865856280206e-24,-1.02936844943578311e-10,-4.59653259986509465e-11,-2.00207500369414135e-11,-9.20487772443652213e-12,-1.02936844943305445e-10,-4.59653259986716066e-11,-2.00207500369056573e-11,-9.20487772443023750e-12,4.44256805425336694e-10,2.44030782890776950e-09,-5.86899020579173799e-09,1.49047030302664581e-09,19,2,1,5.76460752303767552e+17
52,0,208,-1.58013520990634180e-22,-2.75278948397338571e-11,-2.75283654201618076e-11,-1.84257630945539895e-22,6.90717591285243753e-10,1.58266176317606106e-09,8.91944171890817306e-10,1.58266176317624531e-09,4.33308295476585797e-09,-2.13613210052210400e-22,1.61465596722010454e-23,-2.80099091679608378e-23,-4.92295321685032315e-24,-4.22512100052415108e-11,-9.54055221710674679e-12,-2.14935976067273087e-12,-2.95638524811572555e-13,-4.22512100050278979e-11,-9.54055221712289297e-12,-2.14935976064472103e-12,-2.95638524806649609e-13,1.58266176317606106e-09,2.88225945352602834e-09,2.70326048781788011e-09,-1.45082350123982963e-09,19,2,1,5.76460752303767552e+17
52,1,209,-1.23712008728199089e-22,5.74886567477135194e-11,5.74880701210488586e-11,-1.44489658817911274e-22,7.22083984096269841e-10,-3.16759009110427289e-09,3.88967407520054283e-09,3.16759009110412855e-09,3.42805616078048348e-09,-1.67250396939458604e-22,1.26094212918079861e-23,-2.19433063507770754e-23,-3.85759190018976106e-24,9.54288256729424740e-11,5.88024939340315691e-11,3.06874723743478247e-11,1.57196280801900812e-11,9.54288256731097196e-11,5.88024939340189546e-11,3.06874723743697708e-11,1.57196280801939392e-11,-3.16759009110427289e-09,-9.62309967806249011e-10,2.60466069676210799e-10,-2.99318612588009214e-09,19,2,1,5.76460752303767552e+17
52,2,210,-9.68696637259253003e-23,-1.11641662260105940e-10,-1.11642803894892038e-10,-1.13333360493033427e-22,4.24616420870212620e-10,-1.24661253745301395e-09,1.67122895832322647e-09,1.24661253745290063e-09,5.30345999874155120e-09,-1.30970704798498457e-22,9.84074159163928453e-24,-1.71918995605218210e-23,-3.02400069976586207e-24,-1.79994253289100719e-10,-8.96481007102157073e-11,-4.58916873033415617e-11,-2.34791407957629169e-11,-1.79994253288969740e-10,-8.96481007102255430e-11,-4.58916873033243718e-11,-2.34791407957598925e-11,-1.24661253745301395e-09,2.01178835779453328e-10,3.23723216563244247e-09,-2.06622783310910873e-09,19,2,1,5.76460752303767552e+17
52,3,211,-7.58628157057476880e-23,-1.48284283060269802e-10,-1.48283778272467788e-10,-8.89177328492336501e-23,1.06298673397675184e-09,8.54875861315667277e-10,2.08110872661084560e-10,8.54875861315756199e-10,4.21404753774037102e-09,-1.02578316967030417e-22,7.67539112888699054e-24,-1.34704746360380625e-23,-2.37149702397887972e-24,-2.36496713421210882e-10,-1.04578998554812699e-10,-5.09731298885115664e-11,-2.47072764169723851e-11,-2.36496713421108312e-10,-1.04578998554820377e-10,-5.09731298884980989e-11,-2.47072764169700134e-11,8.54875861315667277e-10,1.15065521987969324e-09,1.36834701799921191e-09,-2.84570051974115952e-09,19,2,1,5.76460752303767552e+17
53,0,212,-5.94212263760068457e-23,-7.20859775460429808e-11,-7.20841552222445985e-11,-6.97794686014427659e-23,-1.12144708263862619e-10,3.45479005214481753e-09,3.56693476040868007e-09,3.45479005214488743e-09,4.35902554539009538e-09,-8.03557755538896292e-23,5.98324402386304582e-24,-1.05556394276826944e-23,-1.86053136331894467e-24,-1.10253884642403457e-10,-2.81522366868960920e-11,-1.15580271832199354e-11,-4.25226781203196276e-12,-1.10253884642323104e-10,-2.81522366869020762e-11,-1.15580271832093792e-11,-4.25226781203010241e-12,3.45479005214481753e-09,1.60564933439117146e-09,2.38278285004881440e-09,-9.04235493245278050e-10,19,2,1,5.76460752303767552e+17
53,1,213,-4.65512468631978309e-23,1.16404847711139121e-10,1.16404093116883423e-10,-5.47739211104859347e-23,9.95036595210741776e-10,5.74037916477493810e-10,4.20998678733247966e-10,5.74037916477548611e-10,3.79740143582818731e-09,-6.29598563650068973e-23,4.66187760420268032e-24,-8.27244214631259453e-24,-1.46023369390893481e-24,1.94748228294103250e-10,1.23867293739830355e-10,6.28433002661742405e-11,3.24283260059662352e-11,1.94748228294166219e-10,1.23867293739825702e-10,6.28433002661825123e-11,3.24283260059676957e-11,5.74037916477493810e-10,3.71224226001068441e-10,-1.72549164675772529e-09,2.07190978907046223e-09,19,2,1,5.76460752303767552e+17
53,2,214,-3.64756405740200173e-23,1.20129407900340682e-10,1.20129220796836880e-10,-4.30055359204283005e-23,1.31948892710099505e-10,9.75093461443070653e-11,3.44395465657924396e-11,9.75093461443500657e-11,8.47178013620158837e-09,-4.93400600633076264e-23,3.63076621590997457e-24,-6.48387934178708036e-24,-1.14650148918266361e-24,1.96051141189140240e-10,1.01224463003449690e-10,4.71103290452829964e-11,2.26635092402501261e-11,1.96051141189189587e-10,1.01224463003446059e-10,4.71103290452894781e-11,2.26635092402512732e-11,9.75093461443070653e-11,6.43787965002286161e-10,3.53539773491234362e-09,-4.93638240128924433e-09,19,2,1,5.76460752303767552e+17
53,3,215,-2.85864710706706596e-23,9.83713497571534425e-11,9.83702998056679099e-11,-3.37734935715055500e-23,3.49499537019806703e-10,-7.83922479697161942e-10,1.13342201671696865e-09,7.83922479697128131e-10,2.82163322748553970e-09,-3.86748248219429515e-23,2.82666983265980797e-24,-5.08267163341208723e-24,-9.00509842676615438e-25,1.57055526388001513e-10,6.57570713713780485e-11,2.82427878728361200e-11,1.27066189494296529e-11,1.57055526388040184e-10,6.57570713713752180e-11,2.82427878728412026e-11,1.27066189494305528e-11,-7.83922479697161942e-10,1.01221777095477140e-09,-1.80941545653076830e-09,-8.07616836586358514e-10,19,2,1,5.76460752303767552e+17
54,0,216,-2.24082283214559512e-23,3.70485329337540293e-11,3.70479643237924238e-11,-2.65292368578951381e-23,1.23717955578212082e-09,-4.60967352698269749e-09,5.84685308276481811e-09,4.60967352698267102e-09,5.02758944540517821e-09,-3.03216197709065773e-23,2.19997668644086996e-24,-3.98481856958582835e-24,-7.07550495465129859e-25,5.56267463332983673e-11,7.19970029762069563e-12,-1.62873020168485925e-13,-1.31666944248750526e-12,5.56267463333286887e-11,7.19970029761849600e-12,-1.62873020164501105e-13,-1.31666944248679763e-12,-4.60967352698269749e-09,-7.89928216249141253e-10,-2.41980922051552789e-09,4.17915918422480403e-10,19,2,1,5.76460752303767552e+17
54,1,217,-1.75689752521697522e-23,-2.00372107360903073e-10,-2.00374456081734274e-10,-2.08432823784381514e-23,6.36323542324545317e-10,-2.70730248156589326e-09,3.34362602389043847e-09,2.70730248156587258e-09,7.78014473724349505e-09,-2.37779070487690767e-23,1.71180654683416583e-24,-3.12454884253200742e-24,-5.56127098861151871e-25,-3.28146648774831327e-10,-1.82282254574800866e-10,-9.26482732961876212e-11,-4.68555173558646774e-11,-3.28146648774807546e-10,-1.82282254574802572e-10,-9.26482732961844934e-11,-4.68555173558641216e-11,-2.70730248156589326e-09,-2.82185910316750963e-09,-6.50563731562671093e-10,4.95828563407598543e-09,19,2,1,5.76460752303767552e+17
54,2,218,-1.37777748796041467e-23,-2.90423165671383317e-10,-2.90422115619088056e-10,-1.63792846505057737e-23,1.86196743532906877e-09,4.39050433282508788e-09,2.52853689749601911e-09,4.39050433282510442e-09,3.29952216536370286e-09,-1.86506111416420557e-23,1.33171957859624025e-24,-2.45036454675503164e-24,-4.37250075847889347e-25,-4.67432366009134081e-10,-2.21395596332530015e-10,-1.06639464759755396e-10,-5.14697766831748181e-11,-4.67432366009115470e-10,-2.21395596332531359e-10,-1.06639464759752940e-10,-5.14697766831743787e-11,4.39050433282508788e-09,3.71293215648042262e-09,4.23470205079921994e-09,1.09098216746138502e-09,19,2,1,5.76460752303767552e+17
54,3,219,-1.08070341098849113e-23,-7.56794691202946480e-12,-7.56952475721270127e-12,-1.28737655240123526e-23,1.86630247914955901e-09,-1.84881575104646963e-09,3.71511823019602864e-09,1.84881575104645681e-09,9.81052689102090718e-09,-1.46322452277350410e-23,1.03590661170201369e-24,-1.92194299893447907e-24,-3.43886954094182592e-25,-3.02260460717190541e-12,4.20444182217544774e-11,2.79759535245958764e-11,1.72517567948021438e-11,-3.02260460715727304e-12,4.20444182217534434e-11,2.79759535245977990e-11,1.72517567948024863e-11,-1.84881575104646963e-09,3.77683819547941019e-09,4.31399393236945291e-09,7.96171113997443714e-09,19,2,1,5.76460752303767552e+17
55,0,220,-8.47869536021092648e-24,-9.53530355753731983e-11,-9.53516491787150994e-11,-1.01202690595191067e-23,1.23432107739695085e-10,3.03477538441873869e-10,1.80045430702178784e-10,3.03477538441884002e-10,5.05654097271434518e-09,-1.14822452769540567e-23,8.05761556447558567e-25,-1.50771058199241368e-24,-2.70533798646715065e-25,-1.46717981943140971e-10,-4.35327382092313885e-11,-2.04504127248100193e-11,-9.32141717521733006e-12,-1.46717981943129494e-10,-4.35327382092321963e-11,-2.04504127248085104e-11,-9.32141717521706025e-12,3.03477538441873869e-10,-4.75306343427247089e-09,2.97662654843075486e-10,-1.76552235760231824e-09,19,2,1,5.76460752303767552e+17
55,1,221,-6.65343873393969629e-24,-5.74384592359951779e-11,-5.74361752880671473e-11,-7.95697352810102133e-24,1.74148068575181879e-09,8.07038602240203731e-09,6.32890533665021852e-09,8.07038602240204558e-09,7.67650109034254191e-09,-9.01237719965264433e-24,6.26756724931733606e-25,-1.18294309421591679e-24,-2.12880976350513374e-25,-8.48413629804500963e-11,-1.13542861109339406e-11,-5.33446645093634418e-12,-1.75813419546301118e-12,-8.48413629804410878e-11,-1.13542861109345674e-11,-5.33446645093516157e-12,-1.75813419546279832e-12,8.07038602240203731e-09,9.21585271311665489e-09,1.66974236477595953e-09,1.53935162277411380e-09,19,2,1,5.76460752303767552e+17
55,2,222,-5.22223912259771162e-24,3.56553799881179378e-10,3.56553795298415357e-10,-6.25700429278601255e-24,1.14914586693188424e-09,3.62996046551020712e-09,2.48081459857832267e-09,3.62996046551021332e-09,1.18983288152364756e-08,-7.07532892800344802e-24,4.87557906159215421e-25,-9.28278506790683927e-25,-1.67552408737830471e-25,5.83636757557364193e-10,3.19016526502612749e-10,1.58466615983124412e-10,7.98441763841799118e-11,5.83636757557371224e-10,3.19016526502612284e-10,1.58466615983125342e-10,7.98441763841800798e-11,3.62996046551020712e-09,1.11929965424063027e-09,1.30176284694771051e-08,5.58092046354125510e-09,19,2,1,5.76460752303767552e+17
55,3,223,-4.09976502123421215e-24,4.57886453701551933e-10,4.57887400214781588e-10,-4.92085699853397492e-24,2.59622726945441036e-10,3.77727614029618957e-09,3.51765341335074843e-09,3.77727614029619454e-09,7.71200739656558138e-09,-5.55579253909262582e-24,3.79328940469557478e-25,-7.28552696749204542e-25,-1.31902084792081265e-25,7.36136624802327784e-10,3.42455815723304247e-10,1.62080058978845773e-10,7.78552284784326856e-11,7.36136624802333367e-10,3.42455815723303885e-10,1.62080058978846497e-10,7.78552284784328149e-11,3.77727614029618957e-09,-3.93473125626939098e-09,2.30233849065596232e-09,2.02812421611118696e-09,19,2,1,5.76460752303767552e+17
56,0,224,-3.21921744812134477e-24,5.41335878119611635e-10,5.41337105399495502e-10,-3.87046987302932022e-24,1.09886313651413268e-09,-4.07021538645453388e-09,5.16907852296866656e-09,4.07021538645452974e-09,1.23450148260592387e-08,-4.36349287279184364e-24,2.95185864727619094e-25,-5.71888073813572670e-25,-1.03855198262270756e-25,8.59596926339235460e-10,3.56878972602308837e-10,1.66229688167797625e-10,7.80663921510874789e-11,8.59596926339239803e-10,3.56878972602308526e-10,1.66229688167798193e-10,7.80663921510875823e-11,-4.07021538645453388e-09,7.03041737190140148e-09,-1.66433458068113393e-09,8.27479943960470485e-09,19,2,1,5.76460752303767552e+17
56,1,225,-2.52829478366256374e-24,2.15246668570789825e-10,2.15246979411088396e-10,-3.04458496061626208e-24,3.43828706778325367e-10,6.18229037946226870e-09,5.83846167268394333e-09,6.18229037946227201e-09,5.94318459500223591e-09,-3.42773758907426344e-24,2.29768952304386004e-25,-4.48980197727219809e-25,-8.17840715080030602e-26,3.21842873856071544e-10,4.68630208844947863e-11,1.12862596384058728e-11,-4.10537061948533374e-13,3.21842873856074957e-10,4.68630208844945536e-11,1.12862596384063220e-11,-4.10537061948451584e-13,6.18229037946226870e-09,2.39105784460032786e-10,4.46969567874449262e-09,5.49742444014636646e-09,19,2,1,5.76460752303767552e+17
56,2,226,-1.98603779832006201e-24,4.67480069883480779e-10,4.67479234011750910e-10,-2.39511698369709421e-24,7.52153559885797346e-10,-1.68865917969118215e-09,2.44081273957697960e-09,1.68865917969117967e-09,8.61196842813078257e-09,-2.69315634479841951e-24,1.78907556732412022e-25,-3.52539383470777160e-25,-6.44112051489878104e-26,7.30059141204112502e-10,2.63743501265447929e-10,1.28748240876579774e-10,6.12462045095403505e-11,7.30059141204115190e-10,2.63743501265447774e-10,1.28748240876580136e-10,6.12462045095404151e-11,-1.68865917969118215e-09,-2.75333340335580918e-09,-1.84400587016314890e-09,5.85863502477497338e-09,19,2,1,5.76460752303767552e+17
56,3,227,-1.56036272141273151e-24,2.73922423777013432e-10,2.73921578793945829e-10,-1.88431010237203410e-24,-2.17801774705115033e-10,-2.47876728468431760e-09,2.26096550997920257e-09,2.47876728468431553e-09,4.16214453471540965e-09,-2.11636932241203644e-24,1.39357913461830787e-25,-2.76853619952569615e-25,-5.07334873192605537e-26,4.11649327392902313e-10,8.30211510652464688e-11,3.85632959245149191e-11,1.47737595923241872e-11,4.11649327392904433e-10,8.30211510652463266e-11,3.85632959245151970e-11,1.47737595923242389e-11,-2.47876728468431760e-09,-2.24242029158760945e-09,-2.02876253521623386e-09,-6.19090706993164309e-09,19,2,1,5.76460752303767552e+17
57,0,228,-1.22613212892217690e-24,8.34446932420759698e-11,8.34444933528904881e-11,-1.48251091606553541e-24,-1.20940226792098323e-09,-1.20610936487863595e-08,1.08516913808653762e-08,1.20610936487863578e-08,9.71103206803010994e-09,-1.66338208724948248e-24,1.08598225982611203e-25,-2.17446437322470119e-25,-3.99629150703143695e-26,1.04727825033363982e-10,-6.09649772771793304e-11,-2.82482602834807540e-11,-1.73757911610305965e-11,1.04727825033365650e-10,-6.09649772771794337e-11,-2.82482602834805376e-11,-1.73757911610305578e-11,-1.20610936487863595e-08,-2.68997735413500912e-09,-2.35006158075624952e-09,-7.20705698797478203e-09,19,2,1,5.76460752303767552e+17
57,1,229,-9.63646224382750565e-25,-5.38411625000994587e-10,-5.38407374831180911e-10,-1.16642358263186409e-24,3.87361416966115145e-10,-9.60871356727610291e-10,1.34823277369372554e-09,9.60871356727609050e-10,1.03205012953239299e-08,-1.30754811802626134e-24,8.46686751486801243e-26,-1.70809084254062369e-25,-3.14802067817635855e-26,-8.94360656061060991e-10,-5.30831217368613332e-10,-2.57165984818449576e-10,-1.29841447552756907e-10,-8.94360656061059647e-10,-5.30831217368613435e-10,-2.57165984818449421e-10,-1.29841447552756881e-10,-9.60871356727610291e-10,1.63725447179899930e-09,8.42365772006406475e-09,9.35962993859632042e-09,19,2,1,5.76460752303767552e+17
57,2,230,-7.57462733811653044e-25,-4.70213075603608087e-10,-4.70213030353395160e-10,-9.17742234325845515e-25,1.88965834041492363e-09,1.19167050591290791e-08,1.00270467187141551e-08,1.19167050591290808e-08,2.11916621216559543e-08,-1.02797503757756286e-24,6.60466166418972615e-26,-1.34190861235191317e-25,-2.47984832321196476e-26,-7.63275878291661853e-10,-3.70112008365815402e-10,-1.63919161404884245e-10,-7.72017736033216134e-11,-7.63275878291660819e-10,-3.70112008365815454e-10,-1.63919161404884115e-10,-7.72017736033215876e-11,1.19167050591290791e-08,-9.27495706252687519e-09,5.19447328812968314e-09,4.50098396833284933e-09,19,2,1,5.76460752303767552e+17
57,3,231,-5.95473687027432727e-25,2.24700669709148972e-10,2.24700259735689769e-10,-7.22078752186418847e-25,1.75815264378818089e-09,-7.99007160823180242e-09,9.74822425201998351e-09,7.99007160823180242e-09,1.72960002431454975e-08,-8.08277676470561102e-25,5.15493101482229752e-26,-1.05434967479617401e-25,-1.95348167808321099e-26,3.74168811691064505e-10,2.53320680906698663e-10,1.47648612766019862e-10,7.93075967435107802e-11,3.74168811691065332e-10,2.53320680906698611e-10,1.47648612766019966e-10,7.93075967435108061e-11,-7.99007160823180242e-09,6.94266283250757082e-09,1.82172103819912841e-09,9.30592863491369503e-09,19,2,1,5.76460752303767552e+17
58,0,232,-4.68183031172750427e-25,-2.18458988920104607e-10,-2.18457789465229561e-10,-5.68121830600405247e-25,2.32053225129520927e-09,5.81397054955237752e-09,3.49343829825716825e-09,5.81397054955237835e-09,1.38732867972909603e-08,-6.35602282421859702e-25,4.02581665880858913e-26,-8.28499681260617060e-26,-1.53879322303582895e-26,-3.49538529768441935e-10,-1.57194325131309065e-10,-7.44267396487961600e-11,-3.83317683540623807e-11,-3.49538529768441315e-10,-1.57194325131309117e-10,-7.44267396487960824e-11,-3.83317683540623678e-11,5.81397054955237752e-09,2.96900438247150819e-09,-8.05931624773858280e-09,-6.17509822242362455e-09,19,2,1,5.76460752303767552e+17
58,1,233,-3.68141271564232645e-25,1.19025455465143377e-10,1.19025552192145726e-10,-4.46977222325252805e-25,-5.02565120939649598e-10,7.81735117212621455e-09,8.31991629306586488e-09,7.81735117212621455e-09,1.06676508383286821e-08,-4.99862736464724503e-25,3.14597960894114778e-26,-6.51091401252077079e-26,-1.21207199558300099e-26,2.00874356520407351e-10,1.38678003002299249e-10,7.45060169963431810e-11,3.81400820396314824e-11,2.00874356520407843e-10,1.38678003002299223e-10,7.45060169963432457e-11,3.81400820396314954e-11,7.81735117212621455e-09,-2.85029966620246711e-09,2.00704559899020712e-09,-1.96555313319218323e-09,19,2,1,5.76460752303767552e+17
58,2,234,-2.89502906917825793e-25,4.81160951097428805e-10,4.81159578354797124e-10,-3.51649959585877594e-25,3.45920293055717762e-10,3.52188185385227236e-09,3.17596156079655444e-09,3.52188185385227277e-09,1.76514954014134658e-08,-3.93142564353468943e-25,2.46001608635134562e-26,-5.11716391655017989e-26,-9.54651559387770365e-27,7.81111870704974356e-10,4.01421732120372292e-10,1.98900637962146664e-10,9.80595787943581090e-11,7.81111870704974769e-10,4.01421732120372292e-10,1.98900637962146715e-10,9.80595787943581219e-11,3.52188185385227236e-09,1.04959545210643070e-09,-2.43385723268751723e-10,-1.41296135475611951e-08,19,2,1,5.76460752303767552e+17
58,3,235,-2.27679905007026593e-25,5.48401898560460242e-10,5.48402401597045600e-10,-2.76637868894827487e-25,-1.65647604129004482e-09,-5.98291421616708839e-09,4.32643817487704337e-09,5.98291421616708839e-09,5.85784627913819564e-09,-3.09226630232286741e-25,1.92489408714973882e-26,-4.02207476885630909e-26,-7.51832946534278986e-27,8.76264833785393075e-10,3.86720496738424145e-10,1.82602142268479385e-10,8.61263551003860318e-11,8.76264833785393385e-10,3.86720496738424145e-10,1.82602142268479437e-10,8.61263551003860447e-11,-5.98291421616708839e-09,-1.25067937028892959e-10,-1.33577567132647268e-09,-3.30082117185259818e-09,19,2,1,5.76460752303767552e+17
59,0,236,-1.79070308153509824e-25,1.27142749185976533e-10,1.27144534224135915e-10,-2.17612358623910589e-25,-1.80055247438007581e-09,-7.50982481565693699e-09,5.70927234127686097e-09,7.50982481565693699e-09,9.50474640290941752e-09,-2.43234288009112834e-25,1.50718516871256764e-26,-3.16154950529327010e-26,-5.92038734819019986e-27,1.83215182771189932e-10,-9.20374401771598002e-12,-1.76074582314022099e-11,-1.53539204715013745e-11,1.83215182771190165e-10,-9.20374401771599456e-12,-1.76074582314021776e-11,-1.53539204715013681e-11,-7.50982481565693699e-09,-5.09367776708401580e-09,-3.61689415221211214e-09,1.99492158725248012e-09,19,2,1,5.76460752303767552e+17
59,1,237,-1.40845623220803718e-25,-2.77908625843484912e-10,-2.77910112519934649e-10,-1.71167666859322752e-25,-1.37085067499415688e-09,-1.01147871430912973e-09,3.59371960685027158e-10,1.01147871430912952e-09,1.48899745344526183e-08,-1.91331927921504018e-25,1.18091494995687155e-26,-2.48527475401910227e-26,-4.66148339660144038e-27,-4.69607353178715484e-10,-3.16868745190767966e-10,-1.61512666679474532e-10,-8.34752982830980980e-11,-4.69607353178715277e-10,-3.16868745190767966e-10,-1.61512666679474506e-10,-8.34752982830980980e-11,-1.01147871430912973e-09,5.07511242874394499e-09,-9.62875805505280914e-09,5.26121647939980828e-09,19,2,1,5.76460752303767552e+17
59,2,238,-1.10784217551742078e-25,-2.69998712240529160e-10,-2.69999407984797783e-10,-1.34623830874349859e-25,-7.93895677274169814e-10,3.49997673379204269e-09,4.29387241106621261e-09,3.49997673379204269e-09,1.07495180313109969e-08,-1.50507669492263218e-25,9.25894652899755699e-27,-1.95374969619177078e-26,-3.66975461241633183e-27,-4.44385091048667009e-10,-2.42140287643920112e-10,-1.11866442733980982e-10,-5.36850801469039560e-11,-4.44385091048666854e-10,-2.42140287643920112e-10,-1.11866442733980956e-10,-5.36850801469039496e-11,3.49997673379204269e-09,6.56636113847388586e-09,-4.18315689283711107e-09,-7.37670758090762168e-10,19,2,1,5.76460752303767552e+17
59,3,239,-8.71407290654538771e-26,-3.77365049811715039e-11,-3.77366578035277573e-11,-1.05871826932813534e-25,-7.14546461022014555e-10,-1.26235552397053890e-08,1.19090087786833741e-08,1.26235552397053890e-08,1.89497014882438048e-08,-1.18394712782057700e-25,7.26426406164244545e-27,-1.53595703256566966e-26,-2.88857107508743984e-27,-5.93303498631904259e-11,-9.14905825778949479e-12,7.64369767918425608e-12,7.21841413473556694e-12,-5.93303498631903095e-11,-9.14905825778950126e-12,7.64369767918427223e-12,7.21841413473557017e-12,-1.26235552397053890e-08,-3.94166858978290171e-09,6.32614624853841586e-09,5.27729306381470021e-09,19,2,1,5.76460752303767552e+17
60,0,240,-6.85436762466575904e-26,-6.53564008090444293e-10,-6.53564684134453768e-10,-8.32518238567101881e-26,-1.91418046943979682e-09,4.92734001129255647e-09,6.84152048073235328e-09,4.92734001129255647e-09,1.54503622180040648e-08,-9.31327982327752274e-26,5.70298790416780577e-27,-1.20753692567834931e-26,-2.27330238310914928e-27,-1.05333419573855141e-09,-5.07738429849601899e-10,-2.47005129195965169e-10,-1.22278183129282780e-10,-1.05333419573855141e-09,-5.07738429849601899e-10,-2.47005129195965169e-10,-1.22278183129282780e-10,4.92734001129255647e-09,-1.73925214567811120e-09,-6.52708474620230548e-09,-1.05230222067115100e-08,19,2,1,5.76460752303767552e+17
60,1,241,-5.39151554017631096e-26,-2.62574216025738146e-10,-2.62570150295657874e-10,-6.54574470978523517e-26,1.02957649551744932e-09,6.29497734932697824e-09,5.26540085380952892e-09,6.29497734932697824e-09,2.61232213438901085e-08,-7.32595216038015543e-26,4.48007657679745235e-27,-9.49355005166213884e-27,-1.78877254306690330e-27,-4.04832494416320614e-10,-1.10322129810857387e-10,-4.04007518381273120e-11,-1.42377922261794902e-11,-4.04832494416320563e-10,-1.10322129810857387e-10,-4.04007518381273056e-11,-1.42377922261794886e-11,6.29497734932697824e-09,1.37680775646628901e-08,1.22027928228915521e-08,-1.23551437792272184e-08,19,2,1,5.76460752303767552e+17
60,2,242,-4.24078425056969830e-26,1.12133714071086432e-10,1.12135357247768551e-10,-5.14604800267665168e-26,-3.88858572798643002e-10,8.85686016055223927e-09,9.24571873335088191e-09,8.85686016055223927e-09,1.39387901379123916e-08,-5.76250451964215113e-26,3.52151726539852291e-27,-7.46379166421281611e-27,-1.40725604440746336e-27,2.03293021581538869e-10,1.94597625312224516e-10,1.04552076428025965e-10,5.59038765572295060e-11,2.03293021581538921e-10,1.94597625312224516e-10,1.04552076428025978e-10,5.59038765572295060e-11,8.85686016055223927e-09,7.60933266698039488e-09,1.33976248168332989e-08,-5.41165321079092617e-10,19,2,1,5.76460752303767552e+17
60,3,243,-3.33555565850576284e-26,5.30102433897816627e-10,5.30102126643379694e-10,-4.04516280041969237e-26,-6.61170770547119715e-10,1.81912207319606010e-08,1.88523915025077202e-08,1.81912207319606010e-08,2.20518264448332310e-08,-4.53251495623329300e-26,2.76963729936864177e-27,-5.86798392518359036e-27,-1.10689955609760936e-27,8.70487598407865111e-10,4.82709265141006805e-10,2.36970779411793386e-10,1.17856287715874727e-10,8.70487598407865111e-10,4.82709265141006805e-10,2.36970779411793386e-10,1.17856287715874727e-10,1.81912207319606010e-08,5.58766034430007565e-09,-3.86060571287263168e-09,7.30482885643470658e-09,19,2,1,5.76460752303767552e+17
61,0,244,-2.62344544151510465e-26,1.31457717811942274e-09,1.31457699274663736e-09,-3.17939105612067064e-26,-3.28783135288386473e-10,7.91977932762431850e-09,8.24856246291270487e-09,7.91977932762431850e-09,1.60692988165907739e-08,-3.56486669412659684e-26,2.17946668600843069e-27,-4.61331306347739050e-27,-8.70478504823074924e-28,2.12066547062179142e-09,1.02658499641862303e-09,4.97330741654677380e-10,2.43159730812459540e-10,2.12066547062179142e-09,1.02658499641862303e-09,4.97330741654677380e-10,2.43159730812459540e-10,7.91977932762431850e-09,-8.14951948896645375e-09,4.28547113337423428e-09,5.55215456984149730e-09,19,2,1,5.76460752303767552e+17
61,1,245,-2.06325619650466806e-26,1.41108372463456194e-09,1.41108384426506814e-09,-2.49859839657664435e-26,-6.22184498969532600e-09,7.31293895214251303e-09,1.35347839418378399e-08,7.31293895214251303e-09,1.29423905238272367e-08,-2.80361957077273587e-26,1.71591548729211930e-27,-3.62683490326160703e-27,-6.84417246505128755e-28,2.24258828477112524e-09,9.38675541637827429e-10,4.37835233062264358e-10,2.05310514897829397e-10,2.24258828477112524e-09,9.38675541637827429e-10,4.37835233062264358e-10,2.05310514897829397e-10,7.31293895214251303e-09,-2.68081352920003340e-09,3.47072901204692171e-09,1.02615769946272042e-08,19,2,1,5.76460752303767552e+17
61,2,246,-1.62258452474186210e-26,1.44863449134183495e-09,1.44863348320331729e-09,-1.96332745899598027e-26,-6.26466355391902835e-09,1.40084517988761491e-09,7.66550873380664285e-09,1.40084517988761491e-09,3.37436951033613590e-08,-2.20476663878416452e-26,1.35158286391865509e-27,-2.85121480115446604e-27,-5.38016795532790870e-28,2.27479272453763726e-09,8.44957626144602915e-10,3.90435127620832482e-10,1.79074431170298252e-10,2.27479272453763726e-09,8.44957626144602915e-10,3.90435127620832482e-10,1.79074431170298252e-10,1.40084517988761491e-09,-4.93628472898664049e-09,-4.09912418901515800e-09,-3.23428499234737420e-08,19,2,1,5.76460752303767552e+17
61,3,247,-1.27594122705187205e-26,1.17928186749148354e-09,1.17928378592501674e-09,-1.54252572119878331e-26,-8.44523287511306059e-09,2.29920725546978589e-09,1.07444401305828457e-08,2.29920725546978589e-09,2.51940421659824859e-08,-1.73368551373292737e-26,1.06505579518910751e-27,-2.24138282284835056e-27,-4.22846043273982709e-28,1.81751498614967625e-09,5.40291464404202706e-10,2.45242099235399241e-10,1.06158568049024150e-10,1.81751498614967625e-09,5.40291464404202706e-10,2.45242099235399241e-10,1.06158568049024150e-10,2.29920725546978589e-09,-3.29566446823339495e-09,-2.80457925074773738e-09,2.18983776977490909e-08,19,2,1,5.76460752303767552e+17
62,0,248,-1.00327422723740582e-26,1.01035808208885495e-09,1.01035782543782788e-09,-1.21175685993409832e-26,-1.13874971557494083e-08,-4.89048638082587464e-09,6.49701077492353369e-09,4.89048638082587464e-09,1.73058155062133228e-08,-1.36313518122209746e-26,8.39587439744642361e-28,-1.76190702837699726e-27,-3.32261792533337755e-28,1.53577068761768585e-09,3.83205262660289459e-10,1.81730516461626329e-10,7.72067790460698817e-11,1.53577068761768585e-09,3.83205262660289459e-10,1.81730516461626329e-10,7.72067790460698817e-11,-4.89048638082587464e-09,1.13452869459171702e-08,1.24153291253874482e-08,7.83862083802201510e-09,19,2,1,5.76460752303767552e+17
62,1,249,-7.88807679254717342e-27,5.21882284728915135e-10,5.21882215808020218e-10,-9.51792648083040727e-27,-1.49525657755265237e-08,-2.90676251753967822e-08,1.41150593998702584e-08,2.90676251753967822e-08,5.46839314997177112e-08,-1.07168117975668076e-26,6.62069883961146472e-28,-1.38493031679701074e-27,-2.61030314811435804e-28,7.45172405631486930e-10,-9.24580017224888467e-13,3.39532103558274065e-12,-9.57684745538700897e-12,7.45172405631486930e-10,-9.24580017224889073e-13,3.39532103558274186e-12,-9.57684745538700897e-12,-2.90676251753967822e-08,-2.56853349730908740e-08,-1.91079948681667563e-08,2.56163063243209291e-08,19,2,1,5.76460752303767552e+17
62,2,250,-6.20129381604528577e-27,-1.05394476194431046e-09,-1.05394507420341757e-09,-7.47504381057549558e-27,-1.36891896957673369e-08,1.05146683254763360e-09,1.47406565283149705e-08,1.05146683254763360e-09,3.93624393658855063e-08,-8.42457302199764090e-27,5.22235232730883108e-28,-1.08854963712977258e-27,-2.05028937895026520e-28,-1.78895984837845029e-09,-1.20038862244702368e-09,-5.79689263637954709e-10,-2.96332682909159778e-10,-1.78895984837845029e-09,-1.20038862244702368e-09,-5.79689263637954709e-10,-2.96332682909159778e-10,1.05146683254763360e-09,1.93626720180853652e-08,-1.99997673478001412e-08,-1.59455400387092882e-08,19,2,1,5.76460752303767552e+17
62,3,251,-4.87473246588657042e-27,-7.83065890377206621e-10,-7.83065794344482783e-10,-5.86990096768571880e-27,-1.07105965466217683e-08,-2.18712363055958358e-08,1.11606397589740675e-08,2.18712363055958358e-08,4.23782767239598468e-08,-6.62191726206586980e-27,4.12033878706076380e-28,-8.55542507435955564e-28,-1.61010732970977151e-28,-1.29996483402443524e-09,-7.19538953361425596e-10,-3.05179096052156240e-10,-1.43967609852697665e-10,-1.29996483402443524e-09,-7.19538953361425596e-10,-3.05179096052156240e-10,-1.43967609852697665e-10,-2.18712363055958358e-08,-3.78786446594516234e-09,-3.53900394281003021e-08,6.98823729585954230e-09,19,2,1,5.76460752303767552e+17
63,0,252,-3.83155032277448484e-27,-1.69631437810485682e-09,-1.69631390762338018e-09,-4.60887433776169010e-27,-2.83322721926616110e-09,-8.85934016994404771e-09,6.02611295067788702e-09,8.85934016994404771e-09,1.66971362603362191e-08,-5.20440979580579788e-27,3.25150311469839328e-28,-6.72366265760798676e-28,-1.26418959576945263e-28,-2.74323670121417408e-09,-1.31744844457151055e-09,-6.05052588022431447e-10,-2.93058203888958335e-10,-2.74323670121417408e-09,-1.31744844457151055e-09,-6.05052588022431447e-10,-2.93058203888958335e-10,-8.85934016994404771e-09,-8.48451118185964386e-09,-2.51816474421958630e-08,-1.81457774283224236e-08,19,2,1,5.76460752303767552e+17
63,1,253,-3.01128528798453824e-27,-1.75430842866643281e-09,-1.75430865537681408e-09,-3.61832651672869323e-27,-1.10279527593713597e-09,-3.41394222531091795e-09,2.31114694937378177e-09,3.41394222531091795e-09,2.87548613912198688e-08,-4.08987297508352235e-27,2.56625752133665109e-28,-5.28371531964569816e-28,-9.92407519594211840e-29,-2.78927351403544978e-09,-1.14937986932702618e-09,-5.14274380384375935e-10,-2.40415582314363353e-10,-2.78927351403544978e-09,-1.14937986932702618e-09,-5.14274380384375935e-10,-2.40415582314363353e-10,-3.41394222531091795e-09,1.97898174217632594e-08,7.12619168659602156e-09,-8.96504396945660768e-09,19,2,1,5.76460752303767552e+17
63,2,254,-2.36636435410655788e-27,-1.51984148468683572e-09,-1.51984306087575698e-09,-2.84034738308623573e-27,-3.39261965814407642e-10,-8.56678084151536229e-09,8.22751887570095388e-09,8.56678084151536229e-09,2.50726513991246182e-08,-3.21364460322773819e-27,2.02563807618046529e-28,-4.15183947835924859e-28,-7.78917553448141205e-29,-2.37334269767655929e-09,-8.09528787276104668e-10,-3.53174544687168577e-10,-1.58152228583908641e-10,-2.37334269767655929e-09,-8.09528787276104668e-10,-3.53174544687168577e-10,-1.58152228583908641e-10,-8.56678084151536229e-09,1.35196309438720991e-08,1.65058705576092543e-08,4.31130917429919710e-09,19,2,1,5.76460752303767552e+17
63,3,255,-1.85935691102359539e-27,-1.58553410954370165e-09,-1.58553390033226977e-09,-2.22940138082094363e-27,6.17126852797508026e-10,-9.05523178772792871e-09,9.67235864052543673e-09,9.05523178772792871e-09,2.80963957375242719e-08,-2.52484680036142682e-27,1.59900687148053683e-28,-3.26218135391960686e-28,-6.11251734957767876e-29,-2.45891151263044019e-09,-7.95674146805767808e-10,-3.65830294474503053e-10,-1.66800864653205572e-10,-2.45891151263044019e-09,-7.95674146805767808e-10,-3.65830294474503053e-10,-1.66800864653205572e-10,-9.05523178772792871e-09,1.20366698525219069e-08,-6.73500446668114693e-09,1.90411639497963416e-08,19,2,1,5.76460752303767552e+17
64,0,256,-1.46081357938516071e-27,-1.65685512123660418e-09,-1.65685436612477065e-09,-1.74968837187657960e-27,7.93733832636934053e-09,-3.46163811820674385e-08,4.25537195084367790e-08,3.46163811820674385e-08,2.97053437846219323e-08,-1.98344975175405830e-27,1.26225663922392471e-28,-2.56295557720145503e-28,-4.79600703740011530e-29,-2.55848876385661275e-09,-8.02271933373987493e-10,-3.84432495689180038e-10,-1.76321910541903438e-10,-2.55848876385661275e-09,-8.02271933373987493e-10,-3.84432495689180038e-10,-1.76321910541903438e-10,-3.46163811820674385e-08,-2.28172881398951651e-08,-1.26284138783408301e-08,-4.91103739744550458e-09,19,2,1,5.76460752303767552e+17
64,1,257,-1.14756560359379104e-27,-2.97454251869440211e-09,-2.97454240531845813e-09,-1.37306636156249810e-27,5.01733410540069132e-09,4.07243364899528303e-08,3.57070023845521415e-08,4.07243364899528303e-08,4.27336327206023206e-08,-1.55796083789925691e-27,9.96406707166578875e-29,-2.01344043299617574e-28,-3.76248578040820961e-29,-4.67560415921207592e-09,-1.82534167352552941e-09,-9.07400989160776108e-10,-4.36897545064302988e-10,-4.67560415921207592e-09,-1.82534167352552941e-09,-9.07400989160776108e-10,-4.36897545064302988e-10,4.07243364899528303e-08,4.03085740498923817e-08,-2.00929623064949026e-09,1.59223790179912481e-08,19,2,1,5.76460752303767552e+17
64,2,258,-9.01386564780578389e-28,-2.65416827222954912e-10,-2.65416783603284906e-10,-1.07741663503334656e-27,1.39655825697048443e-08,1.19193546750446488e-08,2.04622789466019555e-09,1.19193546750446488e-08,7.34118349834801505e-08,-1.22360585855513215e-27,7.86504009218132239e-29,-1.58161503795883281e-28,-2.95127598430040632e-29,-2.54515409318510389e-10,5.67077270211710372e-10,3.03066906207181425e-10,1.81064818437055891e-10,-2.54515409318510389e-10,5.67077270211710372e-10,3.03066906207181425e-10,1.81064818437055891e-10,1.19193546750446488e-08,-2.38127976014909248e-08,2.97746183422004811e-08,4.95990373819892224e-08,19,2,1,5.76460752303767552e+17
64,3,259,-7.07939168263148688e-28,4.20295059274096283e-10,4.20296139870451425e-10,-8.45357224496579439e-28,4.78663292458170567e-09,1.05201521635147537e-08,5.73351923893304805e-09,1.05201521635147537e-08,4.19766285087467418e-08,-9.60897516888617721e-28,6.20762099255027516e-29,-1.24230119083137292e-28,-2.31467219453993238e-29,8.15663460911181383e-10,8.93296515584105413e-10,4.12658725462729856e-10,2.15119134257723481e-10,8.15663460911181383e-10,8.93296515584105413e-10,4.12658725462729856e-10,2.15119134257723481e-10,1.05201521635147537e-08,-2.34162355584523309e-08,-1.04986430645630108e-08,-3.14564763452319881e-08,19,2,1,5.76460752303767552e+17
65,0,260,-5.55946354737479118e-28,8.74262368682818529e-10,8.74262006309819589e-10,-6.63230614565863015e-28,-4.86501352472718655e-09,-7.66993000433659466e-09,2.80491647960940811e-09,7.66993000433659466e-09,3.67572612544546431e-08,-7.54508693325490917e-28,4.89886024689213398e-29,-9.75702028157667753e-29,-1.81517674008032829e-29,1.50035358618395937e-09,1.01222406761998650e-09,4.41275549146709564e-10,2.17590857740745246e-10,1.50035358618395937e-09,1.01222406761998650e-09,4.41275549146709564e-10,2.17590857740745246e-10,-7.66993000433659466e-09,-2.10732719129493588e-08,1.56839893415052843e-08,-2.03253056835660767e-08,19,2,1,5.76460752303767552e+17
65,1,261,-4.36538947845432279e-28,3.15503849752215704e-10,3.15502712151559196e-10,-5.20307334908027359e-28,2.95653382874393929e-09,-6.97312377798029780e-09,9.92965760672423751e-09,6.97312377798029780e-09,1.34510323098873969e-08,-5.92385620162108741e-28,3.86542475935605296e-29,-7.66252705058896933e-29,-1.42332251536515289e-29,5.47638107115122146e-10,3.32974019447731632e-10,9.05828205664657800e-11,3.62651309718649975e-11,5.47638107115122146e-10,3.32974019447731632e-10,9.05828205664657800e-11,3.62651309718649975e-11,-6.97312377798029780e-09,-3.88853463989202977e-09,-1.73395669497794259e-08,-9.80010495363593321e-09,19,2,1,5.76460752303767552e+17
65,2,262,-3.42742241514712590e-28,-9.40181639649842318e-11,-9.40200825050882024e-11,-4.08159487894737980e-28,3.01913844659277802e-09,6.46122315544858733e-09,3.44208470885580930e-09,6.46122315544858733e-09,6.22597158091807933e-08,-4.65049893501875603e-28,3.04943597450521275e-29,-6.01716455732371591e-29,-1.11595858230214690e-29,-1.36912543559717316e-10,-7.44495540165225448e-11,-9.48068310377131864e-11,-5.14149464331152508e-11,-1.36912543559717316e-10,-7.44495540165225448e-11,-9.48068310377131864e-11,-5.14149464331152508e-11,6.46122315544858733e-09,-9.78069770834113506e-09,3.72152815686916074e-08,-2.50444342404891925e-08,19,2,1,5.76460752303767552e+17
65,3,263,-2.69071943582807452e-28,2.48919795808899995e-10,2.48920003921409086e-10,-3.20168024820006575e-28,3.84656698621618049e-09,-3.14630267855626846e-09,6.99286966477244894e-09,3.14630267855626846e-09,3.40961431057311976e-08,-3.65049133573325287e-28,2.40519810515454793e-29,-4.72473636942549652e-29,-8.74900528910271677e-30,4.12364856751568779e-10,2.08980446802431263e-10,7.08514627045947175e-11,3.76357675544104300e-11,4.12364856751568779e-10,2.08980446802431263e-10,7.08514627045947175e-11,3.76357675544104300e-11,-3.14630267855626846e-09,-2.14227979392092538e-08,-1.09519836985907084e-08,1.26733451665219438e-08,19,2,1,5.76460752303767552e+17
66,0,264,-2.11216194461061023e-28,3.89606547199957345e-11,3.89599425915728709e-11,-2.51135276573274527e-28,-1.27759043838505830e-08,1.55267894961851768e-08,2.83026938800357598e-08,1.55267894961851768e-08,3.67103829059050973e-08,-2.86524659674271096e-28,1.89662409792616254e-29,-3.70962554933551673e-29,-6.85868240505199246e-30,6.19169183208225910e-11,-1.12558391900212265e-13,-2.54755761886533675e-11,-1.17598254851424785e-11,6.19169183208225910e-11,-1.12558391900212290e-13,-2.54755761886533675e-11,-1.17598254851424785e-11,1.55267894961851768e-08,-2.11835934097199238e-08,-9.91147926333948343e-09,-1.22633495682209560e-08,19,2,1,5.76460752303767552e+17
66,1,265,-1.65785337282675587e-28,7.98191560172259465e-10,7.98191637715821158e-10,-1.96980303707334870e-28,3.51745613163761981e-09,-7.16838581580666410e-08,7.52013142897042604e-08,7.16838581580666410e-08,1.14657496670810315e-07,-2.24871277812996251e-28,1.49520904570791739e-29,-2.91239676967687647e-29,-5.37650089586224538e-30,1.28671433621445455e-09,6.16370659653554587e-10,2.94157443748157360e-10,1.49211463466128753e-10,1.28671433621445455e-09,6.16370659653554587e-10,2.94157443748157360e-10,1.49211463466128753e-10,-7.16838581580666410e-08,4.29736385127436740e-08,1.28473352373158381e-08,-4.14197134031732643e-09,19,2,1,5.76460752303767552e+17
66,2,266,-1.30115016690276901e-28,-2.92977824046471152e-09,-2.92978042040492062e-09,-1.54499403277829539e-28,-7.33081311154398166e-09,-1.44518179107707576e-08,7.12100479922677596e-09,1.44518179107707576e-08,4.24604061308403602e-08,-1.76469577085377726e-28,1.17843351913641309e-29,-2.28633747092196123e-29,-4.21445452577038757e-30,-4.75896467779863958e-09,-2.49490854794408185e-09,-1.26849380125031100e-09,-6.39120656082756450e-10,-4.75896467779863958e-09,-2.49490854794408185e-09,-1.26849380125031100e-09,-6.39120656082756450e-10,-1.44518179107707576e-08,2.80085882200695993e-08,2.47730436264965573e-08,2.12317342332430644e-08,19,2,1,5.76460752303767552e+17
66,3,267,-1.02111253005259771e-28,-2.99434889665552863e-09,-2.99435131421336227e-09,-1.21177868687695242e-28,8.81662852647445764e-09,-2.80011536783241868e-08,3.68177822047986461e-08,2.80011536783241868e-08,5.30082541037404815e-08,-1.38475300948389200e-28,9.28504817073014156e-30,-1.79473765192158364e-29,-3.30347641644853203e-30,-4.78219268471220719e-09,-2.11277192321789286e-09,-1.00766220587698248e-09,-4.77153345598196921e-10,-4.78219268471220719e-09,-2.11277192321789286e-09,-1.00766220587698248e-09,-4.77153345598196921e-10,-2.80011536783241868e-08,-1.02028162052917653e-08,2.50071004254162947e-08,1.88668279278587375e-09,19,2,1,5.76460752303767552e+17
67,0,268,-8.01285544132919286e-29,-3.69702925380867803e-09,-3.69702850788821263e-09,-9.50420591143355874e-29,7.66250232779525947e-09,7.85660917119987723e-09,1.94106843404617758e-10,7.85660917119987723e-09,8.10335968625028127e-08,-1.08653642324197429e-28,7.31364046485519715e-30,-1.40875065633193552e-29,-2.58937371284062587e-30,-5.85229278111615558e-09,-2.37808115303814348e-09,-1.12412043156140690e-09,-5.26530611053886591e-10,-5.85229278111615558e-09,-2.37808115303814348e-09,-1.12412043156140690e-09,-5.26530611053886591e-10,7.85660917119987723e-09,-3.19987972343110439e-08,2.26724059375645892e-08,4.90347996281917688e-08,19,2,1,5.76460752303767552e+17
67,1,269,-6.28740314350028154e-29,-2.45365090942543768e-09,-2.45364940348689996e-09,-7.45431663614614100e-29,2.10747182638021558e-08,-6.19533039104504161e-09,2.72700486548471975e-08,6.19533039104504161e-09,3.42871085349344225e-08,-8.52488959653805764e-29,5.75902487393882189e-30,-1.10571095557809501e-29,-2.02963214769133824e-30,-3.77536856095069332e-09,-1.07766340405581919e-09,-4.71025768575243280e-10,-1.93098049752413194e-10,-3.77536856095069332e-09,-1.07766340405581919e-09,-4.71025768575243280e-10,-1.93098049752413194e-10,-6.19533039104504161e-09,8.17906229959697609e-09,2.80917781438893808e-08,6.60196135716196491e-09,19,2,1,5.76460752303767552e+17
67,2,270,-4.93319749402920407e-29,-2.17040865771303377e-09,-2.17040689313580505e-09,-5.84659026528042410e-29,1.71245820698105979e-08,-1.19763960814869416e-08,2.91009781512975378e-08,1.19763960814869416e-08,3.62569610863454757e-08,-6.68819364140758296e-29,4.53342848474211606e-30,-8.67811385415553629e-30,-1.59090502260216153e-30,-3.30010486749256843e-09,-8.20117448466738710e-10,-3.82490950662939541e-10,-1.59819399709592771e-10,-3.30010486749256843e-09,-8.20117448466738710e-10,-3.82490950662939541e-10,-1.59819399709592771e-10,-1.19763960814869416e-08,1.00386070575454632e-08,4.30675985198514297e-09,-2.62183540288000108e-08,19,2,1,5.76460752303767552e+17
67,3,271,-3.87045375005208986e-29,-2.23401564209262149e-09,-2.23401350451282952e-09,-4.58567781528756050e-29,2.11673604931385213e-08,-2.47515497596613770e-08,4.59189102527999016e-08,2.47515497596613770e-08,8.94140547522523889e-08,-5.24695921515795627e-29,3.56750525296692819e-30,-6.81063103315230986e-30,-1.24704052401262995e-30,-3.39979658699094409e-09,-8.94679921882008062e-10,-4.51858583087571434e-10,-2.00984484126545028e-10,-3.39979658699094409e-09,-8.94679921882008062e-10,-4.51858583087571434e-10,-2.00984484126545028e-10,-2.47515497596613770e-08,6.46625049925910085e-08,3.08128988294716381e-08,-1.91552287102511238e-08,19,2,1,5.76460752303767552e+17
68,0,272,-3.03650857483768246e-29,-2.91573817493503690e-09,-2.91573635242593150e-09,-3.59677747390052896e-29,2.54184595629297691e-08,3.53828148783009900e-08,9.96435531537122090e-09,3.53828148783009900e-08,6.81829910835533842e-08,-4.11612481811299802e-29,2.80647419149232775e-30,-5.34477903993125282e-30,-9.77532354461511979e-31,-4.49955191715695016e-09,-1.45556602290192766e-09,-7.49445344038568674e-10,-3.50530740897382724e-10,-4.49955191715695016e-09,-1.45556602290192766e-09,-7.49445344038568674e-10,-3.50530740897382724e-10,3.53828148783009900e-08,3.87210929587998671e-08,-2.79774424149967002e-08,4.02055486685566840e-08,19,2,1,5.76460752303767552e+17
68,1,273,-2.38215219656060633e-29,-4.68028246849139331e-10,-4.68031408616340827e-10,-2.82121180642578867e-29,3.37126509515716689e-08,2.07117283532570227e-10,3.35055336680390987e-08,2.07117283532570227e-10,1.33712687824801883e-07,-3.22890027342146212e-29,2.20706712731519635e-30,-4.19425408492025145e-30,-7.66303141779792225e-31,-5.25497471921078991e-10,6.05538574774262122e-10,2.83696288133315190e-10,1.73003679383684995e-10,-5.25497471921078991e-10,6.05538574774262122e-10,2.83696288133315190e-10,1.73003679383684995e-10,2.07117283532570227e-10,1.33919805108334460e-07,3.28244159186757416e-08,3.65981277146977725e-08,19,2,1,5.76460752303767552e+17
68,2,274,-1.86874483138518014e-29,-3.05814367345583390e-10,-3.05813651167159058e-10,-2.21295546997931724e-29,2.36571556240799039e-08,-4.09309192661667447e-08,6.45880748902466487e-08,4.09309192661667447e-08,9.00498044574890389e-08,-2.53284860435899398e-29,1.73511581561953428e-30,-3.29127773611731156e-30,-6.00749380327250803e-31,-3.13345711118630284e-10,4.63347573071853945e-10,1.64462685291520613e-10,9.39024182338635467e-11,-3.13345711118630284e-10,4.63347573071853945e-10,1.64462685291520613e-10,9.39024182338635467e-11,-4.09309192661667447e-08,4.59560724937249910e-08,4.91188851913222941e-08,3.51676771105913486e-08,19,2,1,5.76460752303767552e+17
68,3,275,-1.46594999962232268e-29,-2.22751643854631118e-09,-2.22751617508135424e-09,-1.73590956719888890e-29,3.05982936509010368e-08,-4.83390332061786662e-09,3.54321969715189034e-08,4.83390332061786662e-09,6.06648649878551962e-08,-1.98680650621186467e-29,1.36364420464201486e-30,-2.58262539202974033e-30,-4.70991855504217831e-31,-3.46301464745300527e-09,-1.29662537428438648e-09,-7.30490302453773095e-10,-3.59779670644772244e-10,-3.46301464745300527e-09,-1.29662537428438648e-09,-7.30490302453773095e-10,-3.59779670644772244e-10,-4.83390332061786662e-09,5.58309616672373362e-08,4.97109573734740025e-08,2.59211452425037172e-08,19,2,1,5.76460752303767552e+17
69,0,276,-1.14995301901209514e-29,-1.94134470098218277e-09,-1.94134366806039862e-09,-1.36176239576896368e-29,4.14035435026065749e-08,6.08692609876595583e-08,1.94657174850529833e-08,6.08692609876595583e-08,5.26535238630856573e-08,-1.55846429621131770e-29,1.07135996186116243e-30,-2.02650501745910811e-30,-3.69287471151443005e-31,-2.98381284175834371e-09,-9.45740073112673805e-10,-5.15706022494559824e-10,-2.35096533106533395e-10,-2.98381284175834371e-09,-9.45740073112673805e-10,-5.15706022494559824e-10,-2.35096533106533395e-10,6.08692609876595583e-08,1.07298191142592581e-08,1.99945681573126027e-08,8.21573712457390429e-09,19,2,1,5.76460752303767552e+17
69,1,277,-9.02061029779308063e-30,1.53734536071526192e-09,1.53734651197321188e-09,-1.06831066354178328e-29,3.32359222505614602e-08,7.37767645491095729e-08,4.05408422985481126e-08,7.37767645491095729e-08,8.04490706554522632e-08,-1.22246440523877643e-29,8.41461662816117432e-31,-1.59010436201045832e-30,-2.89567822320960082e-31,2.64553642709774331e-09,1.90991547052800783e-09,9.23722262075744325e-10,4.87807801349643000e-10,2.64553642709774331e-09,1.90991547052800783e-09,9.23722262075744325e-10,4.87807801349643000e-10,7.37767645491095729e-08,1.79407486638527690e-08,2.56957581842415704e-08,-6.67230610634269033e-09,19,2,1,5.76460752303767552e+17
69,2,278,-7.07603004025791248e-30,4.87764929111160330e-09,4.87764902515036417e-09,-8.38142223431528391e-30,2.91269598757240081e-08,-3.02291592192638751e-08,5.93561190949878832e-08,3.02291592192638751e-08,1.62979762081288512e-07,-9.58907531552732722e-30,6.60695606197007365e-31,-1.24766369478353340e-30,-2.27077272440021394e-31,7.95972062908138244e-09,4.17295961629308645e-09,1.99623686471551493e-09,9.92984502411616337e-10,7.95972062908138244e-09,4.17295961629308645e-09,1.99623686471551493e-09,9.92984502411616337e-10,-3.02291592192638751e-08,-4.80292692502714312e-08,-9.70197784578624089e-08,6.59599836234260902e-08,19,2,1,5.76460752303767552e+17
69,3,279,-5.55065586690711331e-30,2.30305322410056228e-09,2.30305180474431465e-09,-6.57602598899909482e-30,2.02677001288323847e-08,-9.15064082786458313e-10,2.11827642116188430e-08,9.15064082786458313e-10,8.33656724454767638e-08,-7.52179235742913807e-30,5.18610066930708057e-31,-9.78961623321977927e-31,-1.78089129514859268e-31,3.64650288470093171e-09,1.35023435073760578e-09,5.15814512207199147e-10,2.13752313264633220e-10,3.64650288470093171e-09,1.35023435073760578e-09,5.15814512207199147e-10,2.13752313264633220e-10,-9.15064082786458313e-10,-7.30902634596196607e-09,7.60566460995147944e-08,2.80665207747164026e-08,19,2,1,5.76460752303767552e+17
70,0,280,-4.35414306451071331e-30,1.72335671537959864e-09,1.72335591236351693e-09,-5.15984249279788305e-30,3.59906319182254901e-08,-8.30124811877921545e-08,1.19003113106017645e-07,8.30124811877921545e-08,1.92444580324037972e-07,-5.90028377111445024e-30,4.06965726425055956e-31,-7.68125585392579516e-31,-1.39683106308949994e-31,2.66029569842076278e-09,7.30180521687499110e-10,2.58181957546461768e-10,9.93512654994066999e-11,2.66029569842076278e-09,7.30180521687499110e-10,2.58181957546461768e-10,9.93512654994066999e-11,-8.30124811877921545e-08,6.62355120375828535e-08,1.09432099136245817e-07,3.85126992954537233e-08,19,2,1,5.76460752303767552e+17
70,1,281,-3.41560469900792463e-30,-2.79931951222085452e-09,-2.79931943340250152e-09,-4.04890632519016648e-30,2.50717030613113408e-08,5.93478484816724862e-08,3.42761454203611487e-08,5.93478484816724862e-08,9.21070018823818250e-08,-4.62843445651223023e-30,3.19269647689290632e-31,-6.02697497171806599e-31,-1.09570859025392429e-31,-4.66717115042542279e-09,-2.94150036023243711e-09,-1.52441646766956647e-09,-7.80246536614659493e-10,-4.66717115042542279e-09,-2.94150036023243711e-09,-1.52441646766956647e-09,-7.80246536614659493e-10,5.93478484816724862e-08,-2.10404325375935976e-08,3.42183899855265637e-09,7.10665693447882240e-08,19,2,1,5.76460752303767552e+17
70,2,282,-2.67942531249626517e-30,7.35007785512793131e-10,7.35009135728602399e-10,-3.17737423323438611e-30,4.03763605645357590e-08,-1.51262111570273191e-09,4.18889816802384909e-08,1.51262111570273191e-09,7.52079504283254484e-08,-3.63084374288887621e-30,2.50406980416414096e-31,-4.72899903609164684e-31,-8.59592365714750724e-32,1.15214462140889995e-09,5.15587263769939201e-10,3.20466447256883011e-10,1.86667987610309412e-10,1.15214462140889995e-09,5.15587263769939201e-10,3.20466447256883011e-10,1.86667987610309412e-10,-1.51262111570273191e-09,7.36953293126227231e-08,5.36158277384939034e-08,4.57342347552585020e-08,19,2,1,5.76460752303767552e+17
70,3,283,-2.10197401015813601e-30,4.89666544840946652e-10,4.89664975178149554e-10,-2.49361337032573040e-30,3.10896306200632266e-08,1.45403166007810850e-08,1.65493140192821416e-08,1.45403166007810850e-08,1.06350919844890769e-07,-2.84836487510542856e-30,1.96349970281680103e-31,-3.71059665947600162e-31,-6.74431024355244678e-32,7.49781419259784491e-10,2.51715250500417357e-10,1.57146683814930739e-10,8.35272282392456398e-11,7.49781419259784491e-10,2.51715250500417357e-10,1.57146683814930739e-10,8.35272282392456398e-11,1.45403166007810850e-08,2.62534346676902341e-08,-9.04628726324616277e-09,-8.00974851772005283e-08,19,2,1,5.76460752303767552e+17
71,0,284,-1.64902405394076698e-30,1.09187240986886691e-09,1.09187360133570601e-09,-1.95713365966002638e-30,4.76758401331187366e-08,8.71705990484021838e-08,3.94947589152834471e-08,8.71705990484021838e-08,8.99177757460291281e-08,-2.23460378207943242e-30,1.53928108776928700e-31,-2.91155414227070105e-31,-5.29213431374334979e-32,1.72320516996956500e-09,7.24718764437433778e-10,3.82345027372824346e-10,1.89134557872125378e-10,1.72320516996956500e-09,7.24718764437433778e-10,3.82345027372824346e-10,1.89134557872125378e-10,8.71705990484021838e-08,-2.74717669762694435e-09,4.78587712076168628e-08,5.25508363372226091e-08,19,2,1,5.76460752303767552e+17
71,1,285,-1.29372736086331670e-30,5.15416667740904935e-09,5.15416840423243680e-09,-1.53618226873665279e-30,4.58679101177977673e-08,8.58328672918085470e-08,3.99649571740107797e-08,8.58328672918085470e-08,1.78916629554815756e-07,-1.75317116716783907e-30,1.20646631832257899e-31,-2.28462221521932815e-31,-4.15310531894995868e-32,8.27233314740525589e-09,3.91641316489743380e-09,1.96093387525530368e-09,9.69933683228669807e-10,8.27233314740525589e-09,3.91641316489743380e-09,1.96093387525530368e-09,9.69933683228669807e-10,8.58328672918085470e-08,-3.39711404550657760e-08,-1.63721475830957999e-09,1.44945489099749967e-07,19,2,1,5.76460752303767552e+17
71,2,286,-1.01502476935236847e-30,8.23683144268652193e-09,8.23683177043759778e-09,-1.20585737696602793e-30,3.51569425551390771e-08,1.26553088459149730e-07,9.13961459040106598e-08,1.26553088459149730e-07,7.94392914582055674e-08,-1.37552609131319567e-30,9.45432439635452702e-32,-1.79272640651096702e-31,-3.25959668916183003e-32,1.31360223026682628e-08,5.80051501894765326e-09,2.82427650605999528e-09,1.36206219293305484e-09,1.31360223026682628e-08,5.80051501894765326e-09,2.82427650605999528e-09,1.36206219293305484e-09,1.26553088459149730e-07,5.74079007071450208e-08,6.02080227622591694e-08,4.71137970009441628e-08,19,2,1,5.76460752303767552e+17
71,3,287,-7.96398465400062202e-31,1.26188440185379946e-08,1.26188424580755532e-08,-9.46629188917534098e-31,2.76339527356221370e-08,-9.72253714690487243e-08,1.24859324204670851e-07,9.72253714690487243e-08,9.07618953969200546e-08,-1.07928391638569951e-30,7.40750569431636671e-32,-1.40677712846123263e-31,-2.55860553472659926e-32,2.00462243361689388e-08,8.51912922648057915e-09,4.11819571182893792e-09,1.97079866131086919e-09,2.00462243361689388e-08,8.51912922648057915e-09,4.11819571182893792e-09,1.97079866131086919e-09,-9.72253714690487243e-08,-6.46347607212866966e-09,-1.93081716311209021e-08,-9.01432608308629613e-08,19,2,1,5.76460752303767552e+17
72,0,288,-6.24893030550714907e-31,4.90589959782843382e-09,4.90589949445720544e-09,-7.43180297818970059e-31,-3.68841135262075528e-08,-9.85084792946284347e-08,6.16243657684208752e-08,9.85084792946284347e-08,1.27093111074567028e-07,-8.46888750355653242e-31,5.80294042131675264e-32,-1.10395070788036968e-31,-2.00858726052059195e-32,7.33678214263618242e-09,1.14877354114613402e-09,3.66548675959287283e-10,4.72636375149486236e-11,7.33678214263618242e-09,1.14877354114613402e-09,3.66548675959287283e-10,4.72636375149486236e-11,-9.85084792946284347e-08,-9.82134199922750684e-08,2.85846317799385864e-08,-4.06157125024631723e-08,19,2,1,5.76460752303767552e+17
72,1,289,-4.90347350071688761e-31,-1.19480847686987389e-09,-1.19480883821453761e-09,-5.83496458017942470e-31,7.47958197180868771e-09,1.64952288719924158e-07,1.57472706748115476e-07,1.64952288719924158e-07,2.81002395276405850e-07,-6.64571971744534515e-31,4.54535162226955609e-32,-8.66340196437493160e-32,-1.57697569655680252e-32,-2.50629331758053222e-09,-3.50401935038001780e-09,-1.78649716656790831e-09,-9.68668343466392768e-10,-2.50629331758053222e-09,-3.50401935038001780e-09,-1.78649716656790831e-09,-9.68668343466392768e-10,1.64952288719924158e-07,-3.88477863840000336e-08,-3.35575114072550174e-08,-1.16050106556481718e-07,19,2,1,5.76460752303767552e+17
72,2,290,-3.84792018656653674e-31,7.11909668737253471e-09,7.11909658472181041e-09,-4.58153697615812641e-31,1.17729468948191182e-08,1.98706741113051106e-08,8.09772721648599235e-09,1.98706741113051106e-08,6.95939774046628341e-08,-5.21535254999684497e-31,3.55990901193170577e-32,-6.79896498366696544e-32,-1.23824030308964004e-32,1.11113303609055488e-08,4.23348322642350622e-09,2.28314488796826130e-09,1.14129016298577106e-09,1.11113303609055488e-08,4.23348322642350622e-09,2.28314488796826130e-09,1.14129016298577106e-09,1.98706741113051106e-08,8.94646515159679413e-08,6.69264324523466614e-08,4.44680222369716600e-08,19,2,1,5.76460752303767552e+17
72,3,291,-3.01976623976770718e-31,6.43090018762504991e-09,6.43089848890735054e-09,-3.59759370608798166e-31,-1.35696971524163041e-08,-8.16047850092763701e-08,6.80350878568600627e-08,8.16047850092763701e-08,1.62202246089425243e-07,-4.09309752199492424e-31,2.78786171362871407e-32,-5.33597406073689469e-32,-9.72364123897794905e-33,9.92849044687028403e-09,3.25501773365300682e-09,1.70068849185877259e-09,7.92160689005750467e-10,9.92849044687028403e-09,3.25501773365300682e-09,1.70068849185877259e-09,7.92160689005750467e-10,-8.16047850092763701e-08,8.05974610801488731e-08,-1.67288177007344175e-08,7.41787212924146852e-08,19,2,1,5.76460752303767552e+17
73,0,292,-2.36998942974214189e-31,8.57042864586866311e-10,8.57044042293210674e-10,-2.82513900770112628e-31,-1.66395929491655275e-08,-1.52433105750787806e-07,1.35793512801622275e-07,1.52433105750787806e-07,1.29871787868098029e-07,-3.21253481861435412e-31,2.18309880018558189e-32,-4.18795533361450964e-32,-7.63651340647412318e-33,8.80531739696735275e-10,-1.44516255431899803e-09,-6.68261510128921094e-10,-4.07615305225191606e-10,8.80531739696735275e-10,-1.44516255431899803e-09,-6.68261510128921094e-10,-4.07615305225191606e-10,-1.52433105750787806e-07,-1.75815586195110305e-07,-7.71495425111779835e-08,-4.59437983270122756e-08,19,2,1,5.76460752303767552e+17
73,1,293,-1.86014098599326052e-31,-6.98322454875793455e-09,-6.98322442157912299e-09,-2.21867148467765096e-31,1.39316889399804634e-08,-1.14165718860143360e-08,2.53482608259947994e-08,1.14165718860143360e-08,1.16285290326913946e-07,-2.52157139961694049e-31,1.70944167033605202e-32,-3.28706662742101551e-32,-5.99793018337176409e-33,-1.16762786118268953e-08,-7.16415704456100302e-09,-3.42555851438418720e-09,-1.74070008923462155e-09,-1.16762786118268953e-08,-7.16415704456100302e-09,-3.42555851438418720e-09,-1.74070008923462155e-09,-1.14165718860143360e-08,8.61181536994482589e-08,-3.01671366274656871e-08,2.62658738824713906e-08,19,2,1,5.76460752303767552e+17
73,2,294,-1.46006447065442771e-31,-6.06181014562643453e-09,-6.06181002233459678e-09,-1.74248961692805919e-31,2.98259815625522889e-08,6.60239165436542626e-08,3.61979349811019737e-08,6.60239165436542626e-08,2.19230015375226662e-07,-1.97934959313572092e-31,1.33851344412066423e-32,-2.58008292366686020e-32,-4.71135100280696928e-33,-9.89337891496139242e-09,-4.95000924601376299e-09,-2.15264643931777397e-09,-1.02100501518469826e-09,-9.89337891496139242e-09,-4.95000924601376299e-09,-2.15264643931777397e-09,-1.02100501518469826e-09,6.60239165436542626e-08,2.04380419384135125e-08,4.98087751264157074e-08,2.39668057313640174e-07,19,2,1,5.76460752303767552e+17
73,3,295,-1.14610673970406278e-31,-1.44968936680707236e-09,-1.44968899139706508e-09,-1.36857887491915942e-31,2.93090503285569010e-08,5.38090152098341258e-08,2.44999648812772248e-08,5.38090152098341258e-08,2.02602025028671815e-07,-1.55382276885899846e-31,1.04806311637867694e-32,-2.02524662883792663e-32,-3.70104832145604385e-33,-2.23732023496096224e-09,-3.59539466154185557e-10,1.32787657577380959e-10,1.32635649808950879e-10,-2.23732023496096224e-09,-3.59539466154185557e-10,1.32787657577380959e-10,1.32635649808950879e-10,5.38090152098341258e-08,9.74097092952469127e-08,2.12002516737997957e-08,-1.05192315733424902e-07,19,2,1,5.76460752303767552e+17
74,0,296,-8.99714891168656691e-32,1.56611454449065130e-09,1.56611298984933729e-09,-1.07495481713186339e-31,8.48500221421814641e-08,1.03846945278833720e-09,8.38115526893931269e-08,1.03846945278833720e-09,3.72433294751948091e-07,-1.21985419864098211e-31,8.20647955869060307e-33,-1.58979645112577354e-32,-2.90761291271228655e-33,2.66508749032250297e-09,2.02770704261121012e-09,1.17952201303127381e-09,6.11035199260211341e-10,2.66508749032250297e-09,2.02770704261121012e-09,1.17952201303127381e-09,6.11035199260211341e-10,1.03846945278833720e-09,-2.42319360307896023e-07,-1.42325927799834868e-07,1.30113934444052068e-07,19,2,1,5.76460752303767552e+17
74,1,297,-7.06335954080775191e-32,1.29713330032114012e-09,1.29713328120944908e-09,-8.44363690721849962e-32,3.40892045532737227e-08,1.60946147975381727e-07,1.26856943422108004e-07,1.60946147975381727e-07,3.60089807552134752e-07,-9.57726224745103640e-32,6.42597995391160310e-33,-1.24802874592267600e-32,-2.28443137116725720e-33,2.16415711266416579e-09,1.35789651335290775e-09,7.01516515393718697e-10,3.29399449707867725e-10,2.16415711266416579e-09,1.35789651335290775e-09,7.01516515393718697e-10,3.29399449707867725e-10,1.60946147975381727e-07,-1.37352188395706759e-07,9.88919254307196176e-08,2.22737619156427993e-07,19,2,1,5.76460752303767552e+17
74,2,298,-5.54554011073056020e-32,8.98736298521204510e-09,8.98736240951536238e-09,-6.63263333461093501e-32,5.10181315145515640e-08,1.03865338539757365e-07,5.28472070252058011e-08,1.03865338539757365e-07,1.66012069044787453e-07,-7.51971193111093353e-32,5.03202548194440448e-33,-9.79776637287911879e-33,-1.79492526222205627e-33,1.45425166802169712e-08,7.29509868338566150e-09,3.61601731100301719e-09,1.77946766512256904e-09,1.45425166802169712e-08,7.29509868338566150e-09,3.61601731100301719e-09,1.77946766512256904e-09,1.03865338539757365e-07,1.97090446096238318e-08,-6.21467305050300876e-08,2.88108963610464660e-08,19,2,1,5.76460752303767552e+17
74,3,299,-4.35413525822500652e-32,1.21187081751124784e-08,1.21187099878479966e-08,-5.21023855685595517e-32,2.22376295384445686e-08,-9.57951584452071305e-08,1.18032787983651702e-07,9.57951584452071305e-08,2.14531013046507771e-07,-5.90454705331319129e-32,3.94071397706054040e-33,-7.69216910049611857e-33,-1.41038699436351252e-33,1.93634469876076595e-08,8.60511585094187714e-09,4.11640693953771964e-09,1.96226411183857281e-09,1.93634469876076595e-08,8.60511585094187714e-09,4.11640693953771964e-09,1.96226411183857281e-09,-9.57951584452071305e-08,1.18735854601300641e-07,1.36233690448397843e-08,1.02212385174472001e-07,19,2,1,5.76460752303767552e+17
75,0,300,-3.41888693547358123e-32,4.61327389490532030e-09,4.61327347716118348e-09,-4.09300657034280159e-32,3.73021042865416033e-08,-5.17917260683777175e-08,8.90938303549193208e-08,5.17917260683777175e-08,3.01533628420284625e-07,-4.63656725111748935e-32,3.08633346228561443e-33,-6.03934046247938183e-33,-1.10828323940154905e-33,6.96647842353629401e-09,1.29848450782407149e-09,3.90177705163496801e-10,5.66693922281693268e-11,6.96647842353629401e-09,1.29848450782407149e-09,3.90177705163496801e-10,5.66693922281693268e-11,-5.17917260683777175e-08,2.48907704833233040e-07,9.71341288074765244e-08,-5.26259235870515857e-08,19,2,1,5.76460752303767552e+17
75,1,301,-2.68467300034336196e-32,9.10594551694245350e-10,9.10594592754241087e-10,-3.21542582869624019e-32,-1.97075913727231136e-09,2.77674065768708326e-08,2.97381657141431436e-08,2.77674065768708326e-08,1.58395437769420781e-07,-3.64107827873373157e-32,2.41742732402707958e-33,-4.74185990126727906e-33,-8.70924722012797149e-34,9.76405140101839379e-10,-1.51361283628174492e-09,-8.43030254867740781e-10,-4.96754344346343874e-10,9.76405140101839379e-10,-1.51361283628174492e-09,-8.43030254867740781e-10,-4.96754344346343874e-10,2.77674065768708326e-08,4.58752439148676208e-08,-7.83497758978405390e-08,-1.12520193854553160e-07,19,2,1,5.76460752303767552e+17
75,2,302,-2.10824374085480275e-32,1.97781007270549222e-09,1.97780930572582527e-09,-2.52606060025423890e-32,1.13696526828247282e-08,1.15637793613215600e-07,1.04268140930390872e-07,1.15637793613215600e-07,3.63428958678605791e-07,-2.85947100839176953e-32,1.89370779415074755e-33,-3.72328163358668427e-33,-6.84423124599028000e-34,2.80331520012045147e-09,-1.79625378939096015e-11,6.83761697533699222e-11,1.48474536938611237e-11,2.80331520012045147e-09,-1.79625378939096015e-11,6.83761697533699222e-11,1.48474536938611237e-11,1.15637793613215600e-07,1.86469146679946911e-07,-1.64723241243524076e-07,-1.76959811998658879e-07,19,2,1,5.76460752303767552e+17
75,3,303,-1.65566251797846713e-32,7.17991129830961203e-09,7.17991126132677051e-09,-1.98452349706240759e-32,6.80322717001500826e-09,-1.68265273424680869e-09,8.48587990426181694e-09,1.68265273424680869e-09,3.64395864916034302e-07,-2.24575431170920717e-32,1.48363566610149690e-33,-2.92361620087057341e-33,-5.37873023285259582e-34,1.12679734301124599e-08,4.47723402893994470e-09,2.35660997171185096e-09,1.16293817418199443e-09,1.12679734301124599e-08,4.47723402893994470e-09,2.35660997171185096e-09,1.16293817418199443e-09,-1.68265273424680869e-09,-1.68229975792932986e-07,-1.34298275998641503e-08,1.96165889123101315e-07,19,2,1,5.76460752303767552e+17
76,0,304,-1.30029854356726377e-32,5.42207678902867358e-09,5.42207571423182755e-09,-1.55909992334707189e-32,-1.64311974570895542e-08,-1.08384922729969800e-07,9.19537252728802525e-08,1.08384922729969800e-07,3.64570793385368604e-07,-1.76383589886680993e-32,1.16252303792642381e-33,-2.29578582176055973e-33,-4.22710217185574186e-34,8.33650737325642092e-09,2.55521095710637833e-09,1.30650267532791343e-09,5.86979314531733078e-10,8.33650737325642092e-09,2.55521095710637833e-09,1.30650267532791343e-09,5.86979314531733078e-10,-1.08384922729969800e-07,-1.27791290572201675e-07,-2.03462491462136021e-08,-3.84917042531582206e-07,19,2,1,5.76460752303767552e+17
76,1,305,-1.02125261825470013e-32,-1.24450073205633537e-09,-1.24450081475564382e-09,-1.22488389174004076e-32,-5.19225967694239817e-08,7.98207236807199851e-08,1.31743320450143973e-07,7.98207236807199851e-08,4.14132368142976333e-07,-1.38538965674845763e-32,9.11046496578910815e-34,-1.80284362653729705e-33,-3.32208343649523425e-34,-2.46409163308445098e-09,-2.93628866650960105e-09,-1.43052626845375847e-09,-7.82596305131130303e-10,-2.46409163308445098e-09,-2.93628866650960105e-09,-1.43052626845375847e-09,-7.82596305131130303e-10,7.98207236807199851e-08,1.91686042854063248e-07,-2.22446325288913085e-07,-8.67273517217655316e-08,19,2,1,5.76460752303767552e+17
76,2,306,-8.02122382507988366e-33,2.89277710901467379e-09,2.89277678109904070e-09,-9.62314993131612456e-33,-2.68366125087490707e-08,8.85686605972658950e-08,1.15405273106014966e-07,8.85686605972658950e-08,3.37861173947239647e-07,-1.08818289222546147e-32,7.14082271759634090e-34,-1.41579210384676481e-33,-2.61083919694608769e-34,4.37660882531602589e-09,1.23352565954926771e-09,7.87809918576897016e-10,3.87217167884757044e-10,4.37660882531602589e-09,1.23352565954926771e-09,7.87809918576897016e-10,3.87217167884757044e-10,8.85686605972658950e-08,1.42979142045963010e-07,-1.94882031901276611e-07,-5.55255555045169481e-08,19,2,1,5.76460752303767552e+17
76,3,307,-6.30033809156894276e-33,6.57104496409340320e-09,6.57104317226912097e-09,-7.56030088972239199e-33,-4.96305091898994549e-08,2.01250416317522667e-07,2.50880925507422129e-07,2.01250416317522667e-07,7.16333189949683319e-07,-8.54764223678784168e-33,5.59793867425831235e-34,-1.11187158986643249e-33,-2.05186409620631402e-34,1.03353332547727518e-08,4.20998202623295054e-09,2.22983519347526131e-09,1.08663826578851106e-09,1.03353332547727518e-08,4.20998202623295054e-09,2.22983519347526131e-09,1.08663826578851106e-09,2.01250416317522667e-07,-5.15082773632160625e-07,1.45244681371947899e-07,-1.41124389407133925e-07,19,2,1,5.76460752303767552e+17
77,0,308,-4.94881485400921225e-33,1.50051420796616818e-08,1.50051422342375118e-08,-5.93961940247158519e-33,1.41098671565778545e-08,-4.68147335764958883e-08,6.09246007330737461e-08,4.68147335764958883e-08,2.16212242340772242e-07,-6.71434297227097004e-33,4.38917610708075883e-34,-8.73217478689700768e-34,-1.61254978781197138e-34,2.38782718109368309e-08,1.05298278794091919e-08,5.29343877854522362e-09,2.57585930152830554e-09,2.38782718109368309e-08,1.05298278794091919e-08,5.29343877854522362e-09,2.57585930152830554e-09,-4.68147335764958883e-08,3.86744583301192193e-09,-2.12344796507760320e-07,-7.61788094478617941e-08,19,2,1,5.76460752303767552e+17
77,1,309,-3.88732636273054435e-33,9.25118566384771652e-09,9.25118325503474657e-09,-4.66631605882546842e-33,-1.53238401319295115e-07,1.15106022762543077e-07,2.68344424081838193e-07,1.15106022762543077e-07,1.03320394223796363e-07,-5.27438308337617910e-33,3.44203299074794672e-34,-6.85806678204429078e-34,-1.26727557357119159e-34,1.42895632481075843e-08,4.41138635110428827e-09,2.05323722106816837e-09,8.67047895765101690e-10,1.42895632481075843e-08,4.41138635110428827e-09,2.05323722106816837e-09,8.67047895765101690e-10,1.15106022762543077e-07,5.56707477800572230e-08,1.49598137532388008e-07,4.62777433085916455e-08,19,2,1,5.76460752303767552e+17
77,2,310,-3.05359567009080591e-33,1.27376610778680754e-08,1.27376618694662235e-08,-3.66592905475076001e-33,-8.71959562076640183e-08,-2.43848066832554112e-07,1.56652110624890081e-07,2.43848066832554112e-07,7.24452678728175992e-07,-4.14332484081090271e-33,2.69976354494384822e-34,-5.38630971494103047e-34,-9.95909435092509265e-35,1.98498782677292507e-08,7.01269970011134998e-09,3.44202447305720943e-09,1.59235089053714464e-09,1.98498782677292507e-08,7.01269970011134998e-09,3.44202447305720943e-09,1.59235089053714464e-09,-2.43848066832554112e-07,1.55890418625119350e-07,-5.68562260103056642e-07,-1.26588634843056278e-07,19,2,1,5.76460752303767552e+17
77,3,311,-2.39872826978570624e-33,-2.33810546724915027e-09,-2.33810588558927652e-09,-2.87996229174809031e-33,-1.45861308705962195e-07,-9.68881336285247907e-08,4.89731750774374038e-08,9.68881336285247907e-08,2.88460248004721444e-07,-3.25487010140435989e-33,2.11795142617050226e-34,-4.23048384776597024e-34,-7.82631086380500426e-35,-4.65491701783036052e-09,-5.77125932222947639e-09,-2.94379660683320903e-09,-1.61817788600571357e-09,-4.65491701783036052e-09,-5.77125932222947639e-09,-2.94379660683320903e-09,-1.61817788600571357e-09,-9.68881336285247907e-08,-2.14183200603030565e-07,7.42770474016908920e-08,-1.77137821477752860e-07,19,2,1,5.76460752303767552e+17
78,0,312,-1.88433376283162655e-33,-6.79194006891576900e-09,-6.79193991121076766e-09,-2.26246025954790518e-33,-1.81532047780737345e-07,-1.97381033126318950e-07,1.58489853455816045e-08,1.97381033126318950e-07,1.12082742114423719e-06,-2.55695984494162221e-33,1.66182807293292694e-34,-3.32274205533036461e-34,-6.15007743842520209e-35,-1.15642916888982011e-08,-7.74386362977551023e-09,-3.61297509021819237e-09,-1.81911061196356544e-09,-1.15642916888982011e-08,-7.74386362977551023e-09,-3.61297509021819237e-09,-1.81911061196356544e-09,-1.97381033126318950e-07,-4.43174556039209341e-07,6.77652865105027956e-07,-2.09452966903052529e-07,19,2,1,5.76460752303767552e+17
78,1,313,-1.48026723462346642e-33,-1.51568442932340097e-08,-1.51568439289742107e-08,-1.77731829401262326e-33,1.23832910342295569e-08,-1.67618005579792177e-07,1.80001296614021741e-07,1.67618005579792177e-07,6.94797959321808366e-07,-2.00871328453833672e-33,1.30417438492621785e-34,-2.60981563632385022e-34,-4.83268255723541228e-35,-2.47362817564942614e-08,-1.27996325142682857e-08,-5.96886620386881545e-09,-2.92050523349551134e-09,-2.47362817564942614e-08,-1.27996325142682857e-08,-5.96886620386881545e-09,-2.92050523349551134e-09,-1.67618005579792177e-07,5.27179953742016136e-07,1.23601124031317901e-07,-6.54288584703574593e-08,19,2,1,5.76460752303767552e+17
78,2,314,-1.16285677838805873e-33,-2.01006416073353557e-08,-2.01006420099941922e-08,-1.39617015974440761e-33,-2.46671108309077863e-08,3.31103051697987174e-07,3.55770162528894963e-07,3.31103051697987174e-07,7.42492632938428483e-07,-1.57802563330920252e-33,1.02367896823451635e-34,-2.04987974150653744e-34,-3.79732948631200761e-35,-3.22435339122007050e-08,-1.45297882173015367e-08,-6.68709711909855324e-09,-3.19100710510925397e-09,-3.22435339122007050e-08,-1.45297882173015367e-08,-6.68709711909855324e-09,-3.19100710510925397e-09,3.31103051697987174e-07,-1.51728635453092450e-07,-4.11389581240441309e-07,1.04004510353580808e-07,19,2,1,5.76460752303767552e+17
78,3,315,-9.13512415415394144e-34,8.51355690527359048e-10,8.51356909124035100e-10,-1.09672891830587953e-33,2.70520814741522379e-08,4.10558962177845511e-07,3.83506880703693250e-07,4.10558962177845511e-07,5.40326298904312001e-07,-1.23968263701630216e-33,8.03653666665917345e-35,-1.61009327784387546e-34,-2.98365733935341058e-35,2.11051666167034430e-09,4.57481694861856370e-09,2.89770199355524006e-09,1.66085930958946118e-09,2.11051666167034430e-09,4.57481694861856370e-09,2.89770199355524006e-09,1.66085930958946118e-09,4.10558962177845511e-07,-1.29767336726466464e-07,2.19628877188751966e-07,1.14415457207951670e-07,19,2,1,5.76460752303767552e+17
79,0,316,-7.17634255979421787e-34,2.11460680170288444e-08,2.11460669756226840e-08,-8.61483725253748567e-34,-9.35498932185286998e-08,-8.87327108723545056e-08,4.81718234617419416e-09,8.87327108723545056e-08,8.01018099612040539e-07,-9.73880582782880642e-34,6.31028647847990636e-35,-1.26466804928778248e-34,-2.34422219177769494e-35,3.47302743265197748e-08,1.96015702987042409e-08,9.90780476709588922e-09,4.98195696153368522e-09,3.47302743265197748e-08,1.96015702987042409e-08,9.90780476709588922e-09,4.98195696153368522e-09,-8.87327108723545056e-08,5.01335003572471869e-09,-1.45104420956897953e-07,-7.96004749576315767e-07,19,2,1,5.76460752303767552e+17
79,1,317,-5.63755460858644627e-34,1.21335175594002183e-08,1.21335167038404899e-08,-6.76676133930592643e-34,-2.88708968537921122e-08,-2.36219327823616960e-07,2.07348430969824862e-07,2.36219327823616960e-07,4.21231219916604206e-07,-7.65064488441190027e-34,4.95566198869307556e-35,-9.93353192481982851e-35,-1.84173218169847680e-35,1.94753062692022136e-08,8.63771393792446831e-09,3.83321977428087529e-09,1.70497378595311510e-09,1.94753062692022136e-08,8.63771393792446831e-09,3.83321977428087529e-09,1.70497378595311510e-09,-2.36219327823616960e-07,-4.24564522682097928e-07,-6.57450547740221166e-07,-4.62891693048070799e-07,19,2,1,5.76460752303767552e+17
79,2,318,-4.42869455464677717e-34,-2.31491385585725621e-09,-2.31491453326839568e-09,-5.31495910992057754e-34,-4.06671475848905901e-08,-4.68968726593083557e-08,6.22972507441776559e-09,4.68968726593083557e-08,4.64437086639797349e-07,-6.01015992801149736e-34,3.89245614330568254e-35,-7.80245514988212480e-35,-1.44687484157111424e-35,-4.18430859702980490e-09,-4.31889976215929772e-09,-2.60805016463751924e-09,-1.48830507561178928e-09,-4.18430859702980490e-09,-4.31889976215929772e-09,-2.60805016463751924e-09,-1.48830507561178928e-09,-4.68968726593083557e-08,3.08926472437148266e-07,4.14555418540915640e-07,4.17540213980488967e-07,19,2,1,5.76460752303767552e+17
79,3,319,-3.47901742754700801e-34,-4.21816158839714286e-09,-4.21816061770808902e-09,-4.17449259981763244e-34,-7.99721474308326316e-09,3.92176672085133276e-07,4.00173886828216564e-07,3.92176672085133276e-07,1.03413898173446272e-06,-4.72137222781547877e-34,3.05781918849245443e-35,-6.12855600272181678e-35,-1.13660966460684022e-35,-7.10996398357887227e-09,-4.75999432466741834e-09,-2.45658781855564659e-09,-1.25394416550879565e-09,-7.10996398357887227e-09,-4.75999432466741834e-09,-2.45658781855564659e-09,-1.25394416550879565e-09,3.92176672085133276e-07,-6.41962309649329446e-07,1.75658270199415270e-07,-1.24408842615170140e-07,19,2,1,5.76460752303767552e+17
80,0,320,-2.73295204831621372e-34,1.60779502594951218e-08,1.60779511597803456e-08,-3.27862467022450025e-34,-1.35360472300544238e-07,-2.43966054306932248e-07,1.08605582006388010e-07,2.43966054306932248e-07,4.20550479088687084e-07,-3.70888485850461567e-34,2.40249276199224638e-35,-4.81374649242109333e-35,-8.92826185372076028e-36,2.58741601526604787e-08,1.26583736726970906e-08,6.44815155890942133e-09,3.26817673941290084e-09,2.58741601526604787e-08,1.26583736726970906e-08,6.44815155890942133e-09,3.26817673941290084e-09,-2.43966054306932248e-07,1.72980998177504593e-07,-7.11785384390443180e-08,1.76584424781754862e-07,19,2,1,5.76460752303767552e+17
80,1,321,-2.14684483998128274e-34,3.81251235177480878e-10,3.81252161331392957e-10,-2.57491924471140566e-34,-1.61317930648395939e-07,-1.66486193942944193e-08,1.44669311254101520e-07,1.66486193942944193e-08,8.73623999200667940e-07,-2.91346712964534528e-34,1.88786284977196986e-35,-3.78098877909427084e-35,-7.01289259765621295e-36,1.24780859176731706e-10,-2.05776698894172462e-09,-1.22439322955204227e-09,-7.37562580977122815e-10,1.24780859176731706e-10,-2.05776698894172462e-09,-1.22439322955204227e-09,-7.37562580977122815e-10,-1.66486193942944193e-08,-2.58307770833267708e-07,6.15316228367400285e-07,-6.53863810286167100e-08,19,2,1,5.76460752303767552e+17
80,2,322,-1.68640289923051480e-34,-6.33312423846180969e-10,-6.33311889579856976e-10,-2.02217722836279401e-34,-1.45799724228150548e-07,-3.46865115888565616e-07,2.01065391660415068e-07,3.46865115888565616e-07,4.97439799324670003e-07,-2.28858697012338551e-34,1.48365327803739361e-35,-2.96977586895988850e-35,-5.50810031762372762e-36,-1.40666869205164472e-09,-2.14492896498410882e-09,-1.04666363969934163e-09,-5.57540694023114187e-10,-1.40666869205164472e-09,-2.14492896498410882e-09,-1.04666363969934163e-09,-5.57540694023114187e-10,-3.46865115888565616e-07,-3.41870857731641346e-09,4.61040681187880947e-08,-4.51335731205881882e-07,19,2,1,5.76460752303767552e+17
80,3,323,-1.32468602422261115e-34,-1.77393961438994245e-08,-1.77393948183904263e-08,-1.58802895935293564e-34,-1.44124136677639928e-07,-5.24881554786407250e-07,3.80757418108767322e-07,5.24881554786407250e-07,7.50573657491108970e-07,-1.79768757053356190e-34,1.16612027064440965e-35,-2.33258311713730367e-35,-4.32594265189658907e-36,-2.89336050465611656e-08,-1.53256227155111964e-08,-7.52831365048669607e-09,-3.76062485222808220e-09,-2.89336050465611656e-08,-1.53256227155111964e-08,-7.52831365048669607e-09,-3.76062485222808220e-09,-5.24881554786407250e-07,-1.45248520120548947e-07,1.35230507483571335e-08,2.25692102704701693e-07,19,2,1,5.76460752303767552e+17
81,0,324,-1.04052973683033051e-34,-3.97999480439832138e-08,-3.97999486518333069e-08,-1.24704247490620712e-34,-9.87707867836918858e-08,8.54754723425970786e-07,9.53525510209662632e-07,8.54754723425970786e-07,1.56981969084038972e-06,-1.41204840536724412e-34,9.16638998535567094e-36,-1.83208184858097496e-35,-3.39730076231176617e-36,-6.40487698336775165e-08,-3.04217042047050507e-08,-1.47401918930208538e-08,-7.20412855264175925e-09,-6.40487698336775165e-08,-3.04217042047050507e-08,-1.47401918930208538e-08,-7.20412855264175925e-09,8.54754723425970786e-07,-7.15064967414418933e-07,-1.44942635820891501e-07,2.12654704678125954e-07,19,2,1,5.76460752303767552e+17
81,1,325,-8.17306712782353724e-35,1.14891983230682027e-08,1.14891952802171259e-08,-9.79237052926520757e-35,-2.12943781050643720e-09,-5.44816201685205887e-08,5.23521823580141482e-08,5.44816201685205887e-08,2.60034967341670907e-07,-1.10910513786862773e-34,7.20596820810466361e-36,-1.43895130485442732e-35,-2.66785236247273889e-36,1.98315272574534474e-08,1.58214570559420229e-08,8.81283723540259927e-09,4.81135843051811332e-09,1.98315272574534474e-08,1.58214570559420229e-08,8.81283723540259927e-09,4.81135843051811332e-09,-5.44816201685205887e-08,-1.77002615061446622e-07,-3.14516587510191496e-07,-1.23304949478452627e-07,19,2,1,5.76460752303767552e+17
81,2,326,-6.41953943273173510e-35,6.49736541464210109e-09,6.49736471448815677e-09,-7.68915191470952553e-35,-1.61027300616859267e-07,-9.77586940708845052e-08,6.32686065459747622e-08,9.77586940708845052e-08,6.57702468313485755e-07,-8.71129888933049876e-35,5.66526507623557205e-36,-1.13016035423983145e-35,-2.09490603170438110e-36,1.11858865763601958e-08,8.11651986255123739e-09,3.98203632186742411e-09,1.98138657095322158e-09,1.11858865763601958e-08,8.11651986255123739e-09,3.98203632186742411e-09,1.98138657095322158e-09,-9.77586940708845052e-08,-7.37590410391144549e-07,-7.98879420776587948e-08,-5.15723596292220580e-07,19,2,1,5.76460752303767552e+17
81,3,327,-5.04208575114721933e-35,3.41419065137759815e-10,3.41419639264323807e-10,-6.03744803091778470e-35,-1.10005273310187180e-07,-7.59414952110413827e-09,1.02411123789083042e-07,7.59414952110413827e-09,7.54653460532398220e-07,-6.84194523288483668e-35,4.45427271807772927e-36,-8.87618048386350399e-36,-1.64491258358754407e-36,8.82464398312678964e-10,1.28851359419349613e-09,2.88097172185724137e-10,5.21561807880004750e-11,8.82464398312678964e-10,1.28851359419349613e-09,2.88097172185724137e-10,5.21561807880004750e-11,-7.59414952110413827e-09,8.46794940645537627e-08,-6.69973966467844405e-07,-9.60133625517645580e-08,19,2,1,5.76460752303767552e+17
82,0,328,-3.96007637456403082e-35,-5.07960365984058240e-11,-5.07951639306505944e-11,-4.74038022559616418e-35,-9.52057418852352871e-10,-5.41972813697998362e-07,5.41020756279146060e-07,5.41972813697998362e-07,5.33337156647047347e-07,-5.37356222840588329e-35,3.50232802333635012e-36,-6.97113804408141515e-36,-1.29150868705664882e-36,1.30923492632277446e-10,5.45585873622921403e-10,-2.21954783952736052e-11,-5.43338255195728344e-11,1.30923492632277446e-10,5.45585873622921403e-10,-2.21954783952736052e-11,-5.43338255195728344e-11,-5.41972813697998362e-07,-5.41160071940998868e-07,-1.07449722858804621e-06,-6.41211700533715442e-07,19,2,1,5.76460752303767552e+17
82,1,329,-3.11016486116366444e-35,-2.68291837376697941e-08,-2.68291846868629583e-08,-3.72184512205406485e-35,-5.25526895911822492e-08,-2.59345572047631661e-07,2.06792882456449419e-07,2.59345572047631661e-07,1.14856807643681630e-06,-4.22017659831323820e-35,2.75394379718830928e-36,-5.47485018773599613e-36,-1.01397891973003031e-36,-4.32199133112547978e-08,-2.13157920571916781e-08,-1.08777575967859322e-08,-5.45057589142947739e-09,-4.32199133112547978e-08,-2.13157920571916781e-08,-1.08777575967859322e-08,-5.45057589142947739e-09,-2.59345572047631661e-07,2.00276316268089496e-07,4.27265590230153176e-07,-7.21302486206663120e-07,19,2,1,5.76460752303767552e+17
82,2,330,-2.44258349912991790e-35,-3.36338904709491672e-08,-3.36338895406052025e-08,-2.92206172253644857e-35,5.00647392092190751e-08,-1.34888501779414641e-06,1.39894975700336551e-06,1.34888501779414641e-06,1.75076549561484165e-06,-3.31424321017235044e-35,2.16554102115888392e-36,-4.29963283868116473e-36,-7.96046780016744272e-37,-5.35712467124893234e-08,-2.33602312710400243e-08,-1.13510182632437177e-08,-5.42845700960183558e-09,-5.35712467124893234e-08,-2.33602312710400243e-08,-1.13510182632437177e-08,-5.42845700960183558e-09,-1.34888501779414641e-06,-1.08835594514114025e-07,-3.68733708944101386e-07,4.01880477820695231e-07,19,2,1,5.76460752303767552e+17
82,3,331,-1.91823292753645169e-35,-9.27026211332747791e-08,-9.27026230651879752e-08,-2.29407252534288922e-35,6.23307044856741492e-08,2.16020580821776950e-07,1.53689876336102801e-07,2.16020580821776950e-07,1.32163855174533368e-06,-2.60269572095773683e-35,1.70288684013876711e-36,-3.37660868433680426e-36,-6.24924319502921559e-37,-1.48350917558207225e-07,-6.78428567362432359e-08,-3.33523452787325237e-08,-1.62968246956132187e-08,-1.48350917558207225e-07,-6.78428567362432359e-08,-3.33523452787325237e-08,-1.62968246956132187e-08,2.16020580821776950e-07,3.40967653986297418e-07,-7.60081115225234354e-08,1.24563044022281019e-06,19,2,1,5.76460752303767552e+17
83,0,332,-1.50639560216217155e-35,-6.09353758749998111e-08,-6.09353782458827763e-08,-1.80099431777942013e-35,4.93904814047873364e-08,-2.52225250440756219e-08,7.46130064488629583e-08,2.52225250440756219e-08,4.36089180161459223e-07,-2.04384362639589158e-35,1.33908538057586616e-36,-2.65167357893809300e-36,-4.90565097315879262e-37,-9.49584427150665087e-08,-3.20759141865879194e-08,-1.44591694217095587e-08,-6.29138215687592075e-09,-9.49584427150665087e-08,-3.20759141865879194e-08,-1.44591694217095587e-08,-6.29138215687592075e-09,-2.52225250440756219e-08,-3.61468767498186763e-07,7.46204126632724463e-08,-7.82973794569160693e-08,19,2,1,5.76460752303767552e+17
83,1,333,-1.18293934181454894e-35,-4.77812028591097852e-08,-4.77812002841616275e-08,-1.41385807125099006e-35,3.22955783132062843e-07,6.78662017804445958e-07,3.55706234672383115e-07,6.78662017804445958e-07,9.06368385709340542e-07,-1.60493427338278861e-35,1.05300173014148152e-36,-2.08232815258633049e-36,-3.85076980853009248e-37,-7.29539538933009648e-08,-1.89401506781920577e-08,-8.50066808272171859e-09,-3.46745181877750346e-09,-7.29539538933009648e-08,-1.89401506781920577e-08,-8.50066808272171859e-09,-3.46745181877750346e-09,6.78662017804445958e-07,-2.27706367904894557e-07,-1.06116118330385678e-08,3.34764397792036981e-07,19,2,1,5.76460752303767552e+17
83,2,334,-9.28905888838230787e-36,-2.59099232290041530e-09,-2.59099276537894651e-09,-1.10991175374874202e-35,2.64542907606778426e-07,9.11097762980717385e-07,6.46554855373938906e-07,9.11097762980717385e-07,1.43560016548110935e-06,-1.26023730869455510e-35,8.28025395532026005e-37,-1.63518898710203274e-36,-3.02260611442254466e-37,2.50902566923620284e-10,1.74048358607089854e-08,8.88705958099026083e-09,5.03051816563515943e-09,2.50902566923620284e-10,1.74048358607089854e-08,8.88705958099026083e-09,5.03051816563515943e-09,9.11097762980717385e-07,-2.80185072219581738e-07,-8.70509746083884170e-08,-5.24502402500391963e-07,19,2,1,5.76460752303767552e+17
83,3,335,-7.29401953480779392e-36,4.40038241110679148e-08,4.40038241585148558e-08,-8.71286898117263192e-36,2.30667388390810958e-07,9.59591904353813871e-07,7.28924515963002887e-07,9.59591904353813871e-07,1.42486685808496753e-06,-9.89539599395722683e-36,6.51099882583436526e-37,-1.28403356914640243e-36,-2.37246660398320825e-37,7.44608577554991176e-08,4.87998773510240430e-08,2.32872646736817089e-08,1.17620663784458580e-08,7.44608577554991176e-08,4.87998773510240430e-08,2.32872646736817089e-08,1.17620663784458580e-08,9.59591904353813871e-07,-5.16155759174956831e-08,-4.65274953731153656e-07,-1.23934661227161656e-07,19,2,1,5.76460752303767552e+17
84,0,336,-5.72727910250120361e-36,8.23136381844561039e-08,8.23136387856850530e-08,-6.83951000202180897e-36,2.16116434185543481e-07,-2.98159679742284106e-08,2.45932402159771865e-07,2.98159679742284106e-08,1.27085808778267335e-06,-7.76962664353633963e-36,5.11960946458908810e-37,-1.00826452081747549e-36,-1.86210745768360319e-37,1.34283160120346398e-07,6.92417857654948491e-08,3.22660504096402693e-08,1.57192996028262838e-08,1.34283160120346398e-07,6.92417857654948491e-08,3.22660504096402693e-08,1.57192996028262838e-08,-2.98159679742284106e-08,1.08075176097689773e-06,9.40190005772087441e-07,-1.90106326805775732e-07,19,2,1,5.76460752303767552e+17
84,1,337,-4.49693214812474954e-36,6.26144547874158566e-08,6.26144557570550627e-08,-5.36884509177746315e-36,8.32317873126123674e-08,-1.56608250098246480e-07,2.39840037410858821e-07,1.56608250098246480e-07,1.74839085305489644e-06,-6.10033510779119623e-36,4.02538504438954137e-37,-7.91703178094045282e-37,-1.46149396941342825e-37,9.98379407099507144e-08,4.11135806201284629e-08,1.74249254440139213e-08,7.85105257760775315e-09,9.98379407099507144e-08,4.11135806201284629e-08,1.74249254440139213e-08,7.85105257760775315e-09,-1.56608250098246480e-07,-1.18708067641527381e-06,-1.17163711391239465e-06,5.61310176639622734e-07,19,2,1,5.76460752303767552e+17
84,2,338,-3.53078528186236446e-36,4.05001285379606699e-08,4.05001282577869996e-08,-4.21434287114056416e-36,7.98098729097361793e-10,4.63519929178593791e-07,4.62721830449496428e-07,4.63519929178593791e-07,1.60687068494427104e-06,-4.78954580459674125e-36,3.16486944051307421e-37,-6.21641882278482651e-37,-1.14704005800932098e-37,6.26437437529150757e-08,1.77465033089007964e-08,6.41929817739895012e-09,2.46478023070961450e-09,6.26437437529150757e-08,1.77465033089007964e-08,6.41929817739895012e-09,2.46478023070961450e-09,4.63519929178593791e-07,-3.73134426128891648e-07,5.57069417852998442e-07,-1.04980126709127260e-06,19,2,1,5.76460752303767552e+17
84,3,339,-2.77213111368786922e-36,5.37511905346448442e-08,5.37511910061010268e-08,-3.30805721469137512e-36,8.07187057791044369e-08,2.20108564161580411e-07,1.39389858382475974e-07,2.20108564161580411e-07,1.59524758052979180e-06,-3.76030145347679393e-36,2.48816184402394608e-37,-4.88099502487569324e-37,-9.00224956075917820e-38,8.36048101010984236e-08,2.78613901201944772e-08,1.26637423327386744e-08,5.87219288027554562e-09,8.36048101010984236e-08,2.78613901201944772e-08,1.26637423327386744e-08,5.87219288027554562e-09,2.20108564161580411e-07,-1.34646393766036223e-06,2.19075555958190295e-08,2.48783642869429462e-07,19,2,1,5.76460752303767552e+17
85,0,340,-2.17642790800625035e-36,5.19170028573767895e-08,5.19170027843699676e-08,-2.59663774003972760e-36,-1.23817350134990690e-07,-6.74033043899535155e-07,5.50215693764544438e-07,6.74033043899535155e-07,1.43051921752311489e-06,-2.95215632892640969e-36,1.95601819330558879e-37,-3.83236607992595823e-37,-7.06506345246899046e-38,8.00330596153328566e-08,2.43296718831048622e-08,1.14328455687355847e-08,5.22704524219345959e-09,8.00330596153328566e-08,2.43296718831048622e-08,1.14328455687355847e-08,5.22704524219345959e-09,-6.74033043899535155e-07,5.96772419094547673e-07,-2.12582369668798719e-07,-8.33746798428567215e-07,19,2,1,5.76460752303767552e+17
85,1,341,-1.70869087901370905e-36,6.11827882966817283e-09,6.11827844210809809e-09,-2.03819615124745337e-36,-2.76109027427355882e-07,-1.91326194570359341e-07,8.47828328569965412e-08,1.91326194570359341e-07,1.69837317985005762e-06,-2.31763543048374842e-36,1.53757347509955717e-37,-3.00896056255660772e-37,-5.54466471849395385e-38,5.64753316172522357e-09,-1.37328271221126081e-08,-7.10413123858916250e-09,-4.05162956558521335e-09,5.64753316172522357e-09,-1.37328271221126081e-08,-7.10413123858916250e-09,-4.05162956558521335e-09,-1.91326194570359341e-07,1.02623626939229841e-06,-4.84105154190728535e-07,1.21426802565932909e-06,19,2,1,5.76460752303767552e+17
85,2,342,-1.34144264195860803e-36,-5.59710701744412718e-09,-5.59710662737156743e-09,-1.59984495162701522e-36,-1.36502444913311247e-07,5.97624972458205607e-08,1.96264942159131807e-07,5.97624972458205607e-08,2.05777502028933421e-06,-1.81945261424729883e-36,1.20855158405719529e-37,-2.36242104163103954e-37,-4.35141351920696429e-38,-1.23384978589555967e-08,-1.76999947582525598e-08,-7.88435365272722347e-09,-4.05008315658534193e-09,-1.23384978589555967e-08,-1.76999947582525598e-08,-7.88435365272722347e-09,-4.05008315658534193e-09,5.97624972458205607e-08,-5.04215761922573966e-07,-4.35173548790092274e-08,1.55355925836676024e-06,19,2,1,5.76460752303767552e+17
85,3,343,-1.05310300627594126e-36,-2.04157224914113786e-09,-2.04157176086433425e-09,-1.25576435403988390e-36,-1.65993221340547456e-07,-1.14526096867431270e-06,9.79267747333765167e-07,1.14526096867431270e-06,1.43175539524666582e-06,-1.42832506571575869e-36,9.49858141133873772e-38,-1.85476916709497016e-37,-3.41493848027774177e-38,-5.51871825944259013e-09,-9.50163287199477310e-09,-3.18755368727363123e-09,-1.51489264877947592e-09,-5.51871825944259013e-09,-9.50163287199477310e-09,-3.18755368727363123e-09,-1.51489264877947592e-09,-1.14526096867431270e-06,2.86494426572353220e-07,-5.58976407756848644e-07,-3.85339377634417988e-07,19,2,1,5.76460752303767552e+17
86,0,344,-8.26723966334347858e-37,-5.86997814244980748e-08,-5.86997822872191178e-08,-9.85684111004509765e-37,8.47436699670588771e-08,-4.33270255586162827e-07,5.18013925553221744e-07,4.33270255586162827e-07,1.21977039703598411e-06,-1.12125633050946584e-36,7.46474177187261718e-38,-1.45617877245360215e-37,-2.67999792247248306e-38,-9.63544852705032568e-08,-5.21868664081932436e-08,-2.45771819771550887e-08,-1.22356208124170144e-08,-9.63544852705032568e-08,-5.21868664081932436e-08,-2.45771819771550887e-08,-1.22356208124170144e-08,-4.33270255586162827e-07,7.86500141449821284e-07,-2.55985966767034480e-07,1.27627226830994360e-07,19,2,1,5.76460752303767552e+17
86,1,345,-6.48995915180081954e-37,-6.72782999056523931e-08,-6.72783000809933218e-08,-7.73691264557752776e-37,-2.50922886772906725e-07,4.69391987489574513e-07,7.20314874262481185e-07,4.69391987489574513e-07,2.20604148584035257e-06,-8.80187493429677975e-37,5.86586234993050926e-38,-1.14322661782198832e-37,-2.10322927430246929e-38,-1.08211799154310836e-07,-4.94747860361220601e-08,-2.24275643218525327e-08,-1.06920471677488442e-08,-1.08211799154310836e-07,-4.94747860361220601e-08,-2.24275643218525327e-08,-1.06920471677488442e-08,4.69391987489574513e-07,-8.80537644477305870e-07,1.32550384136304691e-06,3.35668017789604690e-07,19,2,1,5.76460752303767552e+17
86,2,346,-5.09466955083412604e-37,-2.88254849503775152e-08,-2.88254825436665022e-08,-6.07293893380827504e-37,1.49781950665118687e-08,-1.17625804783236428e-06,1.19123624289887612e-06,1.17625804783236428e-06,2.14242021438899636e-06,-6.90937606554043891e-37,4.60902283617693274e-38,-8.97518351732417766e-38,-1.65059625830658815e-38,-4.43191192748276049e-08,-1.08022389065756307e-08,-3.07286104669963869e-09,-8.34640552743007936e-10,-4.43191192748276049e-08,-1.08022389065756307e-08,-3.07286104669963869e-09,-8.34640552743007936e-10,-1.17625804783236428e-06,-3.03421700610792784e-07,-1.29605946013067630e-06,8.46360754258320272e-07,19,2,1,5.76460752303767552e+17
86,3,347,-3.99929631935961839e-37,-8.00848680546090377e-08,-8.00848690817129310e-08,-4.76685925495145587e-37,-2.10557573307977088e-07,1.73256202340685293e-06,1.94311959671483018e-06,1.73256202340685293e-06,1.50977700550893069e-06,-5.42371369920436269e-37,3.62113697680777292e-38,-7.04609229386505098e-38,-1.29538421767892312e-38,-1.26874588816991062e-07,-5.23642600688266035e-08,-2.50399772769751884e-08,-1.21544861675135984e-08,-1.26874588816991062e-07,-5.23642600688266035e-08,-2.50399772769751884e-08,-1.21544861675135984e-08,1.73256202340685293e-06,2.22785017897922344e-07,9.18389861527571009e-07,1.63727712503996207e-06,19,2,1,5.76460752303767552e+17
87,0,348,-3.13939206092343872e-37,2.41556092361196844e-08,2.41556084486475066e-08,-3.74169863861302484e-37,2.00341208374754872e-07,1.12022614523945787e-06,9.19884936864702969e-07,1.12022614523945787e-06,2.50743460052196718e-06,-4.25745350800879483e-37,2.84472075421898219e-38,-5.53156376314287934e-38,-1.01662600293296950e-38,4.30661171188085445e-08,3.85361148937030714e-08,2.06133006507898232e-08,1.10272175752198989e-08,4.30661171188085445e-08,3.85361148937030714e-08,2.06133006507898232e-08,1.10272175752198989e-08,1.12022614523945787e-06,-6.58968578043821786e-07,1.83267045367453714e-06,1.84846602247814539e-06,19,2,1,5.76460752303767552e+17
87,1,349,-2.46435261624726355e-37,7.50499208352543466e-08,7.50499187639207186e-08,-2.93703527200136517e-37,-3.84733140585518843e-08,1.68297836425774164e-07,2.06771150484326061e-07,1.68297836425774164e-07,3.05770228541337886e-06,-3.34194465082162236e-37,2.23456358563952251e-38,-4.34252939118659816e-38,-7.97866032668138331e-39,1.23708585136195026e-07,7.00970961204033642e-08,3.41946855912917223e-08,1.69796486264984242e-08,1.23708585136195026e-07,7.00970961204033642e-08,3.41946855912917223e-08,1.69796486264984242e-08,1.68297836425774164e-07,-2.88940444898760470e-06,-4.93667128706270905e-07,-2.76979200871064323e-07,19,2,1,5.76460752303767552e+17
87,2,350,-1.93444498200292579e-37,6.70502262140731455e-08,6.70502267952818091e-08,-2.30544179822007659e-37,-2.08968131376796195e-07,-1.54762541840366001e-06,1.33865728702686381e-06,1.54762541840366001e-06,4.49707118771623527e-06,-2.62328646166656117e-37,1.75510969137394506e-38,-3.40905112199495146e-38,-6.26189944412058716e-39,1.08141775901754605e-07,5.02641906975730113e-08,2.26117603816251362e-08,1.05053339998880752e-08,1.08141775901754605e-07,5.02641906975730113e-08,2.26117603816251362e-08,1.05053339998880752e-08,-1.54762541840366001e-06,-1.36977874104392190e-06,-2.03976958341510525e-06,2.45730160430113002e-06,19,2,1,5.76460752303767552e+17
87,3,351,-1.51847297713952507e-37,-2.46706894812434364e-08,-2.46706911852585832e-08,-1.80969137024791472e-37,-1.92111349391883487e-07,3.28833954729125728e-06,3.48045089668314068e-06,3.28833954729125728e-06,4.18304527592130464e-06,-2.05916071872653839e-37,1.37839803435983566e-38,-2.67621394015644585e-38,-4.91462813921153222e-39,-4.19268195672236408e-08,-3.17757502339869746e-08,-1.84185178593741338e-08,-1.00615132755502713e-08,-4.19268195672236408e-08,-3.17757502339869746e-08,-1.84185178593741338e-08,-1.00615132755502713e-08,3.28833954729125728e-06,-1.18635092733319879e-07,7.23866985389436690e-07,-8.94705728630046940e-07,19,2,1,5.76460752303767552e+17
88,0,352,-1.19194388637485545e-37,1.43154433461724960e-07,1.43154434534467677e-07,-1.42056420588465822e-37,-5.81786660604150569e-07,6.39866170694805458e-07,1.22165283129895603e-06,6.39866170694805458e-07,2.00543908160077516e-06,-1.61634384282806192e-37,1.08244163821940470e-38,-2.10089997901703030e-38,-3.85731150894366906e-39,2.30337793676180603e-07,1.10917301639337868e-07,5.51152642185951416e-08,2.76002733088746372e-08,2.30337793676180603e-07,1.10917301639337868e-07,5.51152642185951416e-08,2.76002733088746372e-08,6.39866170694805458e-07,7.50093519060250640e-07,1.16772839215485661e-06,-8.37710689445918337e-07,19,2,1,5.76460752303767552e+17
88,1,353,-9.35628626210862210e-38,1.42556497374916052e-07,1.42556495729994559e-07,-1.11512564461582729e-37,-4.13372802557438684e-07,5.47898230985193776e-08,4.68162625655958062e-07,5.47898230985193776e-08,2.87423436170933839e-06,-1.26875317020122207e-37,8.49952554308341252e-39,-1.64925505124098516e-38,-3.02753488736687695e-39,2.25905889233581491e-07,9.28084381118486562e-08,4.39121088292953141e-08,2.07533622995374889e-08,2.25905889233581491e-07,9.28084381118486562e-08,4.39121088292953141e-08,2.07533622995374889e-08,5.47898230985193776e-08,-8.12927616551503994e-07,-2.81944453861081923e-06,-1.60620160576743151e-06,19,2,1,5.76460752303767552e+17
88,2,354,-7.34431013844997035e-38,1.12372249508473903e-07,1.12372249526334678e-07,-8.75374401262821723e-38,-6.34850057848856019e-07,-1.77675283413090988e-06,1.14190277628205386e-06,1.77675283413090988e-06,1.95291016991337671e-06,-9.95912713679679275e-38,6.67338761109493083e-39,-1.29469903730174440e-38,-2.37631936391632046e-39,1.74460101145008107e-07,5.66407629080765084e-08,2.56466345266364091e-08,1.12674850998380761e-08,1.74460101145008107e-07,5.66407629080765084e-08,2.56466345266364091e-08,1.12674850998380761e-08,-1.77675283413090988e-06,-6.90124599110749712e-08,-1.34900282812510169e-06,1.76157335782466727e-07,19,2,1,5.76460752303767552e+17
88,3,355,-5.76499818814565653e-38,-2.26428384962075128e-09,-2.26428585654810790e-09,-6.87181464082290841e-38,-6.42597929988647223e-07,7.69714243839474145e-07,1.41231217382812126e-06,7.69714243839474145e-07,3.58412205106271450e-06,-7.81748395861518875e-38,5.23915011651061463e-39,-1.01636343064360724e-38,-1.86522992114376411e-39,-1.19976928734208231e-08,-3.97386015733965891e-08,-2.13363995374347831e-08,-1.20017860192021080e-08,-1.19976928734208231e-08,-3.97386015733965891e-08,-2.13363995374347831e-08,-1.20017860192021080e-08,7.69714243839474145e-07,-2.29241751270332138e-06,-2.81440780722324035e-06,-1.00074354233080235e-06,19,2,1,5.76460752303767552e+17
89,0,356,-4.52531498240001624e-38,3.46023791354250631e-08,3.46023793968256774e-08,-5.39457170215315058e-38,-2.42209363846665879e-07,6.72844562042066846e-07,9.15053925888732778e-07,6.72844562042066846e-07,2.87586118098929559e-06,-6.13642042053668328e-38,4.11282014381948404e-39,-7.97864369887255875e-39,-1.46410578915259183e-39,4.97597125124232134e-08,3.08602135509423944e-09,3.15517192555567488e-09,1.37619853338056239e-09,4.97597125124232134e-08,3.08602135509423944e-09,3.15517192555567488e-09,1.37619853338056239e-09,6.72844562042066846e-07,-2.09822726341203112e-06,-1.19917132105486607e-06,-2.20301661894722874e-06,19,2,1,5.76460752303767552e+17
89,1,357,-3.55222689861639343e-38,5.89279766699109884e-08,5.89279755130795391e-08,-4.23497409822110302e-38,-3.99753279641999569e-07,-1.38876384800532878e-06,9.89010568363329259e-07,1.38876384800532878e-06,3.21519712185086935e-06,-4.81688587780810807e-38,3.22838060527197698e-39,-6.26339152894202554e-39,-1.14927921695764148e-39,8.99014396807176010e-08,2.67136016930589362e-08,1.53584669071511146e-08,7.43198561201472430e-09,8.99014396807176010e-08,2.67136016930589362e-08,1.53584669071511146e-08,7.43198561201472430e-09,-1.38876384800532878e-06,-2.32811340389822827e-06,8.87083717952640866e-07,-1.63984037073312741e-06,19,2,1,5.76460752303767552e+17
89,2,358,-2.78840315535139709e-38,-2.40691588911046135e-08,-2.40691577733009054e-08,-3.32470448226285829e-38,-4.80078810772907366e-07,-7.31984978327617600e-07,2.51906167554710233e-07,7.31984978327617600e-07,3.94005969826684068e-06,-3.78112871503735011e-38,2.53394861946403617e-39,-4.91689675264703732e-39,-9.02177609789281644e-40,-4.42349831348649200e-08,-4.09588687385398858e-08,-1.89499722647945053e-08,-1.00378408322992812e-08,-4.42349831348649200e-08,-4.09588687385398858e-08,-1.89499722647945053e-08,-1.00378408322992812e-08,-7.31984978327617600e-07,-1.41822773478734746e-06,2.52183196347949280e-06,-3.00679744443298757e-07,19,2,1,5.76460752303767552e+17
89,3,359,-2.18884044505585148e-38,-5.59816150363857140e-08,-5.59816133841965130e-08,-2.61014130788129727e-38,-3.00971235081514700e-07,3.03546056852000294e-07,6.04517291933515047e-07,3.03546056852000294e-07,4.22723312209139446e-06,-2.96811744445220805e-38,1.98875382069025481e-39,-3.85988370836175987e-39,-7.08226559324657978e-40,-9.36846956223953364e-08,-5.60566790544562550e-08,-2.52522196627983119e-08,-1.25732982980659230e-08,-9.36846956223953364e-08,-5.60566790544562550e-08,-2.52522196627983119e-08,-1.25732982980659230e-08,3.03546056852000294e-07,-5.78684607927606877e-08,-3.92368706523939459e-06,-6.85346104330158390e-07,19,2,1,5.76460752303767552e+17
90,0,360,-1.71821283795847487e-38,-2.90265341803419001e-08,-2.90265326077211874e-08,-2.04919733460107509e-38,-7.37901028935231927e-07,3.61986736519252291e-06,4.35776839412775494e-06,3.61986736519252291e-06,7.81345793349909849e-06,-2.32994583407057136e-38,1.56076177464125329e-39,-3.03011764155439362e-39,-5.55989023945578529e-40,-4.76538306243211151e-08,-2.28075978815983753e-08,-7.97185280661999220e-09,-3.49948585447428259e-09,-4.76538306243211151e-08,-2.28075978815983753e-08,-7.97185280661999220e-09,-3.49948585447428259e-09,3.61986736519252291e-06,-4.19359056830657643e-06,-8.37980498287390070e-07,2.24683416471233785e-07,19,2,1,5.76460752303767552e+17
90,1,361,-1.34879119255119081e-38,1.56569564831965063e-07,1.56569564913798081e-07,-1.60883824418466999e-38,-5.97864047322024613e-07,-3.67277831357970873e-06,3.07491426625768422e-06,3.67277831357970873e-06,3.22317557910792972e-06,-1.82901069310176734e-38,1.22480493145764428e-39,-2.37874232686686809e-39,-4.36489838101911254e-40,2.53454023335362755e-07,1.31189908411032885e-07,6.81921281862862824e-08,3.44081274405287501e-08,2.53454023335362755e-07,1.31189908411032885e-07,6.81921281862862824e-08,3.44081274405287501e-08,-3.67277831357970873e-06,-1.40407991842534186e-06,-8.53458660130730142e-07,-4.49602734471778896e-07,19,2,1,5.76460752303767552e+17
90,2,362,-1.05880974196129918e-38,-6.01637180209744727e-08,-6.01637184493768706e-08,-1.26313508408177958e-38,-1.25628701015160941e-06,-5.08301708795312225e-06,3.82673007780151327e-06,5.08301708795312225e-06,4.80363358648611699e-06,-1.43579631911638501e-38,9.61112862656201975e-40,-1.86740458065779342e-39,-3.42685660711569464e-40,-1.00840175612032889e-07,-6.62831682992769492e-08,-3.47036367605115566e-08,-1.88168330658790020e-08,-1.00840175612032889e-07,-6.62831682992769492e-08,-3.47036367605115566e-08,-1.88168330658790020e-08,-5.08301708795312225e-06,-3.56508872280447032e-06,-1.47298690325209516e-06,-6.27662048973821237e-06,19,2,1,5.76460752303767552e+17
90,3,363,-8.31183787541164667e-39,-2.99080958980465025e-07,-2.99080959475992798e-07,-9.91735708263520362e-39,-5.60807936059201867e-07,-1.99462089097101369e-06,1.43381295491181182e-06,1.99462089097101369e-06,3.22925991630669836e-06,-1.12713525358908995e-38,7.54156597692230448e-40,-1.46599665436601455e-39,-2.69049054201154427e-40,-4.84548946940855686e-07,-2.45433447386662287e-07,-1.21466111471902479e-07,-6.07028249549256957e-08,-4.84548946940855686e-07,-2.45433447386662287e-07,-1.21466111471902479e-07,-6.07028249549256957e-08,-1.99462089097101369e-06,-2.83467234919470461e-06,8.72811307832114971e-09,3.94587567111993747e-07,19,2,1,5.76460752303767552e+17
91,0,364,-6.52503058663850122e-39,-3.31059062150072943e-07,-3.31059060908116284e-07,-7.78665079585601263e-39,-1.20944150241052278e-06,-3.64812488359907444e-07,8.44629014050615337e-07,3.64812488359907444e-07,2.18788951488269105e-06,-8.84842986463688577e-39,5.91740030657892665e-40,-1.15088378397738000e-39,-2.11242122632041183e-40,-5.28079588866030138e-07,-2.29740099203042301e-07,-1.08419210284279590e-07,-5.15098640394099671e-08,-5.28079588866030138e-07,-2.29740099203042301e-07,-1.08419210284279590e-07,-5.15098640394099671e-08,-3.64812488359907444e-07,-4.52217268744597545e-07,1.03350251283550413e-06,-1.15438700204718670e-06,19,2,1,5.76460752303767552e+17
91,1,365,-5.12241499010910983e-39,-2.73416693542940698e-07,-2.73416694398308291e-07,-6.11383683655490104e-39,1.01701095731891108e-06,-1.40832562254907271e-06,2.42533657986798358e-06,1.40832562254907271e-06,5.81875488406176344e-06,-6.94646236375440651e-39,4.64285655206328022e-40,-9.03512669341013675e-40,-1.65860425565822605e-40,-4.27781510988577666e-07,-1.50916940166220337e-07,-6.79020493773002919e-08,-3.02712697179284666e-08,-4.27781510988577666e-07,-1.50916940166220337e-07,-6.79020493773002919e-08,-3.02712697179284666e-08,-1.40832562254907271e-06,-1.62711073881400019e-06,2.77380819500259954e-07,4.19164414524776324e-06,19,2,1,5.76460752303767552e+17
91,2,366,-4.02136963765111762e-39,-2.78850644043900863e-07,-2.78850644039922508e-07,-4.80048522261370453e-39,3.93393724397498811e-07,1.18165077325356153e-06,7.88257048856062720e-07,1.18165077325356153e-06,9.05273803795825300e-06,-5.45341699641105839e-39,3.64273130105366501e-40,-7.09319039209070828e-40,-1.30232035113495726e-40,-4.32742092928999387e-07,-1.41641591628201870e-07,-6.57426689441552490e-08,-2.96035311805702299e-08,-4.32742092928999387e-07,-1.41641591628201870e-07,-6.57426689441552490e-08,-2.96035311805702299e-08,1.18165077325356153e-06,6.44646986564377583e-06,-2.60626817231447802e-06,2.44626838402129553e-06,19,2,1,5.76460752303767552e+17
91,3,367,-3.15704304855947091e-39,-1.54132429788711355e-07,-1.54132431073905764e-07,-3.76933100280109806e-39,1.04710775600280841e-06,9.28959760023385896e-07,1.18147995979422518e-07,9.28959760023385896e-07,3.98862889158091055e-06,-4.28135720481662902e-39,2.85798027035109787e-40,-5.56870035721787445e-40,-1.02259861415692448e-40,-2.28373572378850798e-07,-3.13577068672341744e-08,-1.29419521742054602e-08,-3.38126028387046036e-09,-2.28373572378850798e-07,-3.13577068672341744e-08,-1.29419521742054602e-08,-3.38126028387046036e-09,9.28959760023385896e-07,1.42999163926063386e-06,-2.55863725232027669e-06,1.97088025242899783e-07,19,2,1,5.76460752303767552e+17
92,0,368,-2.47853168684504558e-39,-6.93219925301387189e-08,-6.93219937039339220e-08,-2.95972196856253932e-39,2.39775128982924097e-06,-6.59785646802171795e-07,3.05753693663141277e-06,6.59785646802171795e-07,3.15933412421835672e-06,-3.36125982552925183e-39,2.24225076369355049e-40,-4.37190956355719213e-40,-8.02979285774589715e-41,-9.26208078602804307e-08,2.64773112197064062e-08,1.16404301129561764e-08,7.71672520081515569e-09,-9.26208078602804307e-08,2.64773112197064062e-08,1.16404301129561764e-08,7.71672520081515569e-09,-6.59785646802171795e-07,8.17645263308569432e-07,8.52000862623730508e-07,-2.30733326159462621e-06,19,2,1,5.76460752303767552e+17
92,1,369,-1.94587992904831668e-39,-8.25031607494362153e-08,-8.25031598421009809e-08,-2.32404571740784101e-39,1.42570777092414448e-06,-2.42032701658492209e-06,3.84603478750906700e-06,2.42032701658492209e-06,4.24963895171975046e-06,-2.63894682575651597e-39,1.75915707083779314e-40,-3.43236731795443888e-40,-6.30542895698800203e-41,-1.17351648505999137e-07,-3.05738804289512168e-09,-6.65190245475810512e-09,-2.47136875493761347e-09,-1.17351648505999137e-07,-3.05738804289512168e-09,-6.65190245475810512e-09,-2.47136875493761347e-09,-2.42032701658492209e-06,-1.57847102583303471e-06,1.82931193513482858e-06,-5.35007374508815260e-07,19,2,1,5.76460752303767552e+17
92,2,370,-1.52772527491663415e-39,-1.80650502706498999e-07,-1.80650502284850815e-07,-1.82492534581402141e-39,1.60633611379274280e-06,2.51937924846806117e-06,9.13043134675318367e-07,2.51937924846806117e-06,5.36814550877608189e-06,-2.07189211537061615e-39,1.38013989500755459e-40,-2.69477030823177162e-40,-4.95148431707455056e-41,-2.78363939294544756e-07,-9.34236362545511021e-08,-5.25319927696795436e-08,-2.54371069700702951e-08,-2.78363939294544756e-07,-9.34236362545511021e-08,-5.25319927696795436e-08,-2.54371069700702951e-08,2.51937924846806117e-06,-1.62376229775040740e-06,3.74438321102567470e-06,5.00415989491415044e-07,19,2,1,5.76460752303767552e+17
92,3,371,-1.19945004558051296e-39,-1.28020173472052504e-08,-1.28020165595992910e-08,-1.43301839089833263e-39,2.16833743293396468e-06,1.51041172818598276e-06,6.57925704747981917e-07,1.51041172818598276e-06,6.97926041073823283e-06,-1.62671523157190487e-39,1.08278482947093026e-40,-2.11570567765217788e-40,-3.88835515724772886e-41,-6.34558731499141628e-09,4.80133746841741488e-08,2.02828395538384304e-08,1.20162302251302256e-08,-6.34558731499141628e-09,4.80133746841741488e-08,2.02828395538384304e-08,1.20162302251302256e-08,1.51041172818598276e-06,1.24592008848187898e-06,-4.65483391414123669e-06,2.32442649659699614e-06,19,2,1,5.76460752303767552e+17
93,0,372,-9.41730643476442142e-40,6.77165093639980517e-08,6.77165117077760685e-08,-1.12528922641384790e-39,-5.74410717093750004e-07,-1.98827052157520926e-06,1.41385980448145926e-06,1.98827052157520926e-06,8.85890976652392806e-06,-1.27721415936787065e-39,8.49501602807721668e-41,-1.66109436728909258e-40,-3.05355267880636169e-41,1.20105185362818713e-07,9.45998136516576081e-08,4.14638716109890270e-08,2.14650456258202032e-08,1.20105185362818713e-07,9.45998136516576081e-08,4.14638716109890270e-08,2.14650456258202032e-08,-1.98827052157520926e-06,5.05918044076099639e-06,-3.79972932576293251e-06,3.31661219086144024e-06,19,2,1,5.76460752303767552e+17
93,1,373,-7.39398867892209173e-40,-4.37815798726927940e-08,-4.37815810503803716e-08,-8.83653048054228380e-40,6.45653518917318435e-07,-2.54975965602200666e-06,3.19541317493932531e-06,2.54975965602200666e-06,8.44395948615910726e-06,-1.00282132003551292e-39,6.66486816990301357e-41,-1.30418418050834744e-40,-2.39802146993480978e-41,-6.50179231726546487e-08,-1.87203745513627877e-08,-1.67685502974662797e-08,-8.67689490110604648e-09,-6.50179231726546487e-08,-1.87203745513627877e-08,-1.67685502974662797e-08,-8.67689490110604648e-09,-2.54975965602200666e-06,1.77396968278997957e-06,-3.90069219362879378e-06,4.54326729253031348e-06,19,2,1,5.76460752303767552e+17
93,2,374,-5.80548166298325368e-40,-1.59147916107248483e-07,-1.59147915740643147e-07,-6.93911502718323579e-40,5.53411873773880265e-07,2.26582385878243601e-07,3.26829487895636665e-07,2.26582385878243601e-07,9.51773062337054406e-06,-7.87391699733985066e-40,5.22909425518969287e-41,-1.02397438155530708e-40,-1.88325024646391349e-41,-2.52291307130180938e-07,-1.12475457795022209e-07,-6.10767240678700266e-08,-3.00271390939375845e-08,-2.52291307130180938e-07,-1.12475457795022209e-07,-6.10767240678700266e-08,-3.00271390939375845e-08,2.26582385878243601e-07,7.34076452545417234e-07,-1.11853276264471152e-06,8.39919786072583212e-06,19,2,1,5.76460752303767552e+17
93,3,375,-4.55832135762245372e-40,-1.11363937064483520e-07,-1.11363938108395287e-07,-5.44917219207559163e-40,1.00585736335878621e-06,4.95515673640827177e-07,5.10341689717959038e-07,4.95515673640827177e-07,4.88944814850633078e-06,-6.18251668621783407e-40,4.10271195239243797e-41,-8.03979045361033361e-41,-1.47900433120080120e-41,-1.72521186887072565e-07,-5.84700539530485112e-08,-3.03382598474105353e-08,-1.33176150936652625e-08,-1.72521186887072565e-07,-5.84700539530485112e-08,-3.03382598474105353e-08,-1.33176150936652625e-08,4.95515673640827177e-07,-4.39393247486550360e-06,-5.03038414576097495e-07,-6.85365809912864553e-08,19,2,1,5.76460752303767552e+17
94,0,376,-3.57913919814696459e-40,-6.03697305368319099e-08,-6.03697293493466823e-08,-4.27917998680526061e-40,-2.30741847526010256e-07,1.99160513594454106e-06,2.22234698347055111e-06,1.99160513594454106e-06,1.77371657056146492e-06,-4.85452409382374886e-40,3.21904616668891825e-41,-6.31256321430926173e-41,-1.16154601769571372e-41,-8.92516049836699531e-08,-1.31332459889309055e-08,-7.22648622913930895e-09,-1.85891222249526488e-09,-8.92516049836699531e-08,-1.31332459889309055e-08,-7.22648622913930895e-09,-1.85891222249526488e-09,1.99160513594454106e-06,2.17888565383076140e-07,1.34856976903275436e-06,1.33994488133450447e-06,19,2,1,5.76460752303767552e+17
94,1,377,-2.81034040936114897e-40,5.34413132812107223e-08,5.34413138163234426e-08,-3.36042018649340179e-40,2.06605998273456211e-06,1.04821292036450140e-06,1.01784706237006071e-06,1.04821292036450140e-06,6.82999898714341842e-06,-3.81183937716400842e-40,2.52578765267967875e-41,-4.95646433778513717e-41,-9.12237792514762100e-42,9.40165956082064498e-08,7.47625892407437677e-08,3.57840654852569191e-08,1.90546768572723350e-08,9.40165956082064498e-08,7.47625892407437677e-08,3.57840654852569191e-08,1.90546768572723350e-08,1.04821292036450140e-06,1.72120881591918621e-06,-1.59975932386711679e-06,5.23023966327630120e-06,19,2,1,5.76460752303767552e+17
94,2,378,-2.20671190949552469e-40,9.49075771957048112e-08,9.49075769712824657e-08,-2.63893719589915368e-40,1.34532175726590048e-06,2.31941617354116775e-07,1.11338013991178381e-06,2.31941617354116775e-07,1.71353263042819821e-06,-2.99315166525612096e-40,1.98189935753971680e-41,-3.89173532245839097e-41,-7.16446008174348143e-42,1.57529989606328281e-07,9.02132916469909086e-08,4.11126092813831838e-08,2.04603198163052604e-08,1.57529989606328281e-07,9.02132916469909086e-08,4.11126092813831838e-08,2.04603198163052604e-08,2.31941617354116775e-07,3.52697363506732688e-07,1.22519845677551631e-06,1.94547424778231509e-06,19,2,1,5.76460752303767552e+17
94,3,379,-1.73275982173891417e-40,8.59116709763793808e-08,8.59116683498489283e-08,-2.07236569056828895e-40,1.56698183864739085e-06,-1.47256953849524230e-06,3.03955137714263336e-06,1.47256953849524230e-06,1.27046540413357377e-05,-2.35032897979602159e-40,1.55518839804790313e-41,-3.05576161381433933e-41,-5.62680344657285554e-42,1.39193985236644985e-07,6.52129600906850714e-08,2.75431344264755338e-08,1.29530233885567233e-08,1.39193985236644985e-07,6.52129600906850714e-08,2.75431344264755338e-08,1.29530233885567233e-08,-1.47256953849524230e-06,8.63014017977058645e-06,-4.07451386156515129e-06,1.27565213529071614e-06,19,2,1,5.76460752303767552e+17
95,0,380,-1.36061964012802909e-40,-6.24421885436186876e-09,-6.24421924622976695e-09,-1.62744019661363695e-40,9.33041902101066978e-07,8.19578575214060952e-07,1.13463326887006026e-07,8.19578575214060952e-07,1.17426250477648741e-05,-1.84558461351421541e-40,1.22040062751440904e-41,-2.39938689183332843e-41,-4.41918320543624372e-42,-1.23688569019801898e-08,-1.98650798743875602e-08,-1.43355146596895789e-08,-8.03923585238378890e-09,-1.23688569019801898e-08,-1.98650798743875602e-08,-1.43355146596895789e-08,-8.03923585238378890e-09,8.19578575214060952e-07,-2.44306397543782353e-06,9.29956107232705054e-06,-5.79583258680951987e-07,19,2,1,5.76460752303767552e+17
95,1,381,-1.06841586173514919e-40,3.51743354880714870e-08,3.51743353083815603e-08,-1.27803996632776052e-40,2.53058604704821466e-06,-5.39606087445793274e-07,3.07019213449400772e-06,5.39606087445793274e-07,5.44991870777452047e-06,-1.44925293243921074e-40,9.57725441311451549e-42,-1.88401985338714861e-41,-3.47075038821665993e-42,5.50715026577481341e-08,1.90332006594965308e-08,7.89619381762999216e-09,3.96309439754869985e-09,5.50715026577481341e-08,1.90332006594965308e-08,7.89619381762999216e-09,3.96309439754869985e-09,-5.39606087445793274e-07,4.86484563551067621e-06,-5.85073072263844474e-07,3.21649283233048587e-07,19,2,1,5.76460752303767552e+17
95,2,382,-8.38974399003924473e-41,1.98657487579778794e-10,1.98657958960090739e-10,-1.00365405136486826e-40,1.63690041097232241e-06,4.19763022107621315e-06,2.56072981010389053e-06,4.19763022107621315e-06,6.04350840980737417e-06,-1.13804350513196081e-40,7.51622588577059282e-42,-1.47936307195912535e-41,-2.72586923547727824e-42,-1.99434902932508790e-09,-1.09214705532036963e-08,-6.45965488848769690e-09,-3.33435193840858652e-09,-1.99434902932508790e-09,-1.09214705532036963e-08,-6.45965488848769690e-09,-3.33435193840858652e-09,4.19763022107621315e-06,5.64919081251367146e-06,-3.94317597293702922e-07,4.86943499869199672e-07,19,2,1,5.76460752303767552e+17
95,3,383,-6.58811886777579914e-41,2.07447323691289342e-07,2.07447324742177205e-07,-7.88176232169950219e-41,2.34434931147811875e-06,7.46450478728981398e-06,5.12015547581169565e-06,7.46450478728981398e-06,1.81522857600394089e-05,-8.93670667095584721e-41,5.89901707934886029e-42,-1.16163016460809985e-41,-2.14084928635395182e-42,3.33500768740726708e-07,1.60190747025027008e-07,8.02177596158696191e-08,4.02361677331397862e-08,3.33500768740726708e-07,1.60190747025027008e-07,8.02177596158696191e-08,4.02361677331397862e-08,7.46450478728981398e-06,-7.16643083678349463e-07,8.53202963063517552e-06,-9.62025612940423168e-06,19,2,1,5.76460752303767552e+17
96,0,384,-5.17342324291271764e-41,5.30128523115301551e-07,5.30128521654754805e-07,-6.18958892509468525e-41,-6.76976999533809624e-07,-3.10900086948003378e-06,2.43202386994622415e-06,3.10900086948003378e-06,1.53176595787503674e-05,-7.01777765218937857e-41,4.63000192199048934e-42,-9.12146263240177130e-42,-1.68137976887281225e-42,8.50096196238510595e-07,3.95647926608526806e-07,1.94629285213291357e-07,9.55754923696431319e-08,8.50096196238510595e-07,3.95647926608526806e-07,1.94629285213291357e-07,9.55754923696431319e-08,-3.10900086948003378e-06,5.31116761668586917e-06,1.22086587092703337e-05,1.02562874463489868e-06,19,2,1,5.76460752303767552e+17
96,1,385,-4.06254305750614494e-41,2.56079036915214492e-07,2.56079037455114669e-07,-4.86070177771177477e-41,4.59755543542304997e-08,1.87677828446966936e-06,1.83080273011543880e-06,1.87677828446966936e-06,7.18215045351305313e-06,-5.51092700820800269e-41,3.63416680506624250e-42,-7.16249368243129573e-42,-1.32051527948364631e-42,3.95001025862006997e-07,1.13853502615468832e-07,4.74429969967810489e-08,1.85048983231939309e-08,3.95001025862006997e-07,1.13853502615468832e-07,4.74429969967810489e-08,1.85048983231939309e-08,1.87677828446966936e-06,-5.12035885634108827e-06,2.06179159717196528e-06,-1.84776026724075862e-06,19,2,1,5.76460752303767552e+17
96,2,386,-3.19022149683767601e-41,2.87560952684169238e-07,2.87560953255007982e-07,-3.81710744796505389e-41,2.84358867210000067e-07,6.23450913997106609e-06,5.95015027276106613e-06,6.23450913997106609e-06,1.87832828021569191e-05,-4.32765025368617412e-41,2.85266659951845925e-42,-5.62427887482659058e-42,-1.03709422939875350e-42,4.43651281587456068e-07,1.35588041684012112e-07,6.33213286389385915e-08,2.80773339622457442e-08,4.43651281587456068e-07,1.35588041684012112e-07,6.33213286389385915e-08,2.80773339622457442e-08,6.23450913997106609e-06,-1.25487736621858521e-05,-4.95498650545769897e-06,-3.25968556543624181e-06,19,2,1,5.76460752303767552e+17
96,3,387,-2.50522130122712945e-41,5.27352428696908044e-07,5.27352427879128544e-07,-2.99755805388534681e-41,-2.85166950498684830e-07,-7.40710515372037033e-06,7.12193820322168561e-06,7.40710515372037033e-06,9.03754916687038832e-06,-3.39845544569510245e-41,2.23933870284002220e-42,-4.41643576743617224e-42,-8.14497031602984791e-43,8.29036697275374593e-07,3.23196949582934406e-07,1.59929751586315042e-07,7.67303052386450287e-08,8.29036697275374593e-07,3.23196949582934406e-07,1.59929751586315042e-07,7.67303052386450287e-08,-7.40710515372037033e-06,1.63044401315001777e-06,-3.56046614832748672e-06,-1.57419261402830487e-06,19,2,1,5.76460752303767552e+17
97,0,388,-1.96731207358916292e-41,3.77973972211841469e-08,3.77973975949985337e-08,-2.35395539341252361e-41,-1.03777951573891804e-06,-4.62143309975409757e-07,5.75636205763508282e-07,4.62143309975409757e-07,1.79850927937047793e-05,-2.66877785558858165e-41,1.75796867317845747e-42,-3.46800018628124641e-42,-6.39671010695180731e-43,3.01937657072748206e-08,-1.08366330201009215e-07,-5.80770198122771876e-08,-3.43653670463790358e-08,3.01937657072748206e-08,-1.08366330201009215e-07,-5.80770198122771876e-08,-3.43653670463790358e-08,-4.62143309975409757e-07,-2.25714910179781957e-06,1.14546086475241187e-05,-6.53048414618066140e-06,19,2,1,5.76460752303767552e+17
97,1,389,-1.54490517907765248e-41,2.57178553137283569e-11,2.57171317563663662e-11,-1.84852740650233919e-41,-4.98994281523818821e-08,1.43939974610269794e-06,1.48929917425507979e-06,1.43939974610269794e-06,9.16417630992069580e-06,-2.09577273811135263e-41,1.38014545701375801e-42,-2.72325349163877495e-42,-5.02364719956019834e-43,-2.39012599048756492e-08,-9.71691464098030383e-08,-4.26342336273986354e-08,-2.28110353922856206e-08,-2.39012599048756492e-08,-9.71691464098030383e-08,-4.26342336273986354e-08,-2.28110353922856206e-08,1.43939974610269794e-06,-4.95408358948194841e-06,-7.72477656381799828e-06,-5.72392686576244728e-06,19,2,1,5.76460752303767552e+17
97,2,390,-1.21319699177942071e-41,6.64714625960772104e-08,6.64714611604524237e-08,-1.45161103700028509e-41,-4.42907083295684213e-07,9.11509931727410086e-06,9.55800640056978566e-06,9.11509931727410086e-06,2.28687388991868231e-05,-1.64579740030425086e-41,1.08357910772576937e-42,-2.13844670039485919e-42,-3.94526673475562225e-43,9.01695408439211253e-08,-9.86202073695829498e-09,5.10098415984464496e-09,2.44262394232327837e-09,9.01695408439211253e-08,-9.86202073695829498e-09,5.10098415984464496e-09,2.44262394232327837e-09,9.11509931727410086e-06,1.18041029184813993e-06,-1.37536395819127223e-05,-9.48705481787658940e-06,19,2,1,5.76460752303767552e+17
97,3,391,-9.52711192497575047e-42,4.99432807601511167e-07,4.99432810674214345e-07,-1.13991122452903342e-41,-5.16067445878591262e-07,2.79711203697287611e-06,3.31317948285146738e-06,2.79711203697287611e-06,8.13254020979761971e-06,-1.29243437831727704e-41,8.50781276581842949e-43,-1.67922865962767841e-42,-3.09833173304008824e-43,7.93341053130594630e-07,3.53695380597227017e-07,1.85981208551180184e-07,9.24146855344931748e-08,7.93341053130594630e-07,3.53695380597227017e-07,1.85981208551180184e-07,9.24146855344931748e-08,2.79711203697287611e-06,-2.12452704177639113e-06,6.00801316802122943e-06,-8.05423548246625211e-07,19,2,1,5.76460752303767552e+17
98,0,392,-7.48154327662754173e-42,5.23374952576616538e-07,5.23374951172127915e-07,-8.95133751339089074e-42,1.13925775486429220e-06,-1.99086287847323825e-06,3.13012063333753045e-06,1.99086287847323825e-06,1.19975340452401530e-05,-1.01493940013810735e-41,6.68030247845017690e-43,-1.31862692360344138e-42,-2.43317503180398119e-43,8.23270151659636388e-07,3.23889160141570487e-07,1.61723509094024805e-07,7.59922017231994015e-08,8.23270151659636388e-07,3.23889160141570487e-07,1.61723509094024805e-07,7.59922017231994015e-08,-1.99086287847323825e-06,-1.22222135867001426e-05,-6.10744325960289653e-06,-1.39883969237133904e-05,19,2,1,5.76460752303767552e+17
98,1,393,-5.87517288688932420e-42,3.02950185439377992e-07,3.02950185951375792e-07,-7.02911645429626032e-42,-9.57364153674723597e-07,9.45108834072944071e-08,1.05187503708201800e-06,9.45108834072944071e-08,2.97520245761052965e-05,-7.97022826223804226e-42,5.24559152651823647e-43,-1.03546252797477203e-42,-1.91078719270436563e-43,4.59396611728404698e-07,1.09150016719998082e-07,5.12953617493277659e-08,1.93151429419025169e-08,4.59396611728404698e-07,1.09150016719998082e-07,5.12953617493277659e-08,1.93151429419025169e-08,9.45108834072944071e-08,-1.87291052217703190e-05,1.10229193543349775e-05,5.70919603521407702e-06,19,2,1,5.76460752303767552e+17
98,2,394,-4.61369851689527277e-42,2.33487734571185359e-07,2.33487734470329173e-07,-5.51962093625885908e-42,-6.70975685552274595e-07,-1.22621661182453620e-05,1.15911904326930874e-05,1.22621661182453620e-05,1.59526648048970549e-05,-6.25892893294294466e-42,4.11919227064805691e-43,-8.13105398499878668e-43,-1.50052945880572647e-43,3.47058432454634785e-07,5.81103378244299000e-08,3.02930984310243058e-08,1.06090308878965684e-08,3.47058432454634785e-07,5.81103378244299000e-08,3.02930984310243058e-08,1.06090308878965684e-08,-1.22621661182453620e-05,3.58398997572336663e-07,8.41481682438162257e-07,3.69049868665169335e-06,19,2,1,5.76460752303767552e+17
98,3,395,-3.62306783296750206e-42,-4.31990131371876466e-07,-4.31990131065385694e-07,-4.33424362576004535e-42,-6.96928341175953994e-07,-1.41147846017547532e-06,7.14550118999521331e-07,1.41147846017547532e-06,3.36540564789424937e-06,-4.91504496845444399e-42,3.23480359690868005e-43,-6.38497182171722906e-43,-1.17833756018324367e-43,-7.26442391066337479e-07,-4.66506950726072368e-07,-2.28255563306254508e-07,-1.17377216220404334e-07,-7.26442391066337479e-07,-4.66506950726072368e-07,-2.28255563306254508e-07,-1.17377216220404334e-07,-1.41147846017547532e-06,2.75901772717526107e-07,1.84708064052817855e-06,1.95392718771877404e-06,19,2,1,5.76460752303767552e+17
99,0,396,-2.84512939537555212e-42,-4.10840663662293858e-07,-4.10840663236920265e-07,-3.40339859127971314e-42,2.64264687808764750e-06,1.05204163854834480e-05,7.87776950739580136e-06,1.05204163854834480e-05,3.39715352066114214e-05,-3.85969343857273373e-42,2.54039317051807331e-43,-5.01384027650220001e-43,-9.25310992830768982e-44,-6.73277354439886856e-07,-3.51057079145806624e-07,-1.56956601235364624e-07,-7.53459031104016232e-08,-6.73277354439886856e-07,-3.51057079145806624e-07,-1.56956601235364624e-07,-7.53459031104016232e-08,1.05204163854834480e-05,-2.34511188211279750e-05,3.34399571790912058e-06,-1.07497396884858248e-06,19,2,1,5.76460752303767552e+17
99,1,397,-2.23421787257645378e-42,2.00382401552690850e-07,2.00382401484766908e-07,-2.67243810074694792e-42,-1.33262944053303680e-06,-1.02024395523001955e-05,8.86981011176715786e-06,1.02024395523001955e-05,1.69856116039425913e-05,-3.03092801771060071e-42,1.99512422213664008e-43,-3.93714196614956854e-43,-7.26605026674751304e-44,3.28789049310292745e-07,2.06344313248061866e-07,1.23370222954055067e-07,6.62122380878624768e-08,3.28789049310292745e-07,2.06344313248061866e-07,1.23370222954055067e-07,6.62122380878624768e-08,-1.02024395523001955e-05,5.83921251072430104e-06,-1.11463990932182894e-05,-7.00594750165663980e-06,19,2,1,5.76460752303767552e+17
99,2,398,-1.75447274218854558e-42,-3.48107962713668699e-07,-3.48107962552047507e-07,-2.09844596015277412e-42,-1.74380985141213678e-06,-4.19587915016176116e-06,2.45206929874962417e-06,4.19587915016176116e-06,1.65219549482267939e-05,-2.38010222703429487e-42,1.56694472164046284e-43,-3.09165085938132490e-43,-5.70560466561563582e-44,-5.62959503620759852e-07,-2.76820688171597037e-07,-1.32502413440019131e-07,-6.73224041206633724e-08,-5.62959503620759852e-07,-2.76820688171597037e-07,-1.32502413440019131e-07,-6.73224041206633724e-08,-4.19587915016176116e-06,5.51935822729593661e-06,-1.10025967209308573e-05,-9.59834397021767065e-06,19,2,1,5.76460752303767552e+17
99,3,399,-1.37773288672767786e-42,-4.77839821351103662e-07,-4.77839821784141845e-07,-1.64771920635858400e-42,-1.37666460191769250e-07,1.30732380825366889e-05,1.32109045427284583e-05,1.30732380825366889e-05,2.42464114829672045e-05,-1.86901372250379057e-42,1.23069608860867276e-43,-2.42771853704067343e-43,-4.48020140839544515e-44,-7.63146829673615749e-07,-3.35875403588519618e-07,-1.58362372015216389e-07,-7.70307134884017926e-08,-7.63146829673615749e-07,-3.35875403588519618e-07,-1.58362372015216389e-07,-7.70307134884017926e-08,1.30732380825366889e-05,-3.94386826308060642e-06,-1.11731734004305156e-05,-3.81464271656620237e-06,19,2,1,5.76460752303767552e+17
