block,within_block_sample,u_semantic,bootstrap_scale,scaled_input_abs_max,num_iterations,iterative_precision_bits,u_pre_0,u_pre_1,u_pre_2,u_pre_3,u_post_0,u_post_1,u_post_2,u_post_3,e_u_pre,e_u_boot,e_u_total,max_slot_spread,before_reduction_level,before_reduction_towers,before_reduction_noiseScaleDegree,before_reduction_scalingFactor,before_bootstrap_level,before_bootstrap_towers,before_bootstrap_noiseScaleDegree,before_bootstrap_scalingFactor,after_bootstrap_level,after_bootstrap_towers,after_bootstrap_noiseScaleDegree,after_bootstrap_scalingFactor,bootstrap_ms,fresh_probe_enabled,e_B_prod,e_B_fresh,fresh_bootstrap_ms
0,0,5.97519082627762030e-02,1.00000000000000000e+00,5.97519082627761128e-02,2,20,5.97519082627759185e-02,5.97519082627755715e-02,5.97519082627735176e-02,5.97519082627761128e-02,5.97519082632825063e-02,5.97519082632863019e-02,5.97519082633005474e-02,5.97519082632837900e-02,2.68535194081209738e-15,5.27029808683465717e-13,5.24344456742653620e-13,1.80411241501587938e-14,1,24,1,5.76460752303439872e+17,23,2,1,5.76460752303439872e+17,16,9,2,3.32306998945331719e+35,6.79912736999999993e+02,0,5.27029808683465717e-13,nan,0.00000000000000000e+00
0,1,-5.00386380946314380e-01,1.00000000000000000e+00,5.00386380946319709e-01,2,20,-5.00386380946313047e-01,-5.00386380946313825e-01,-5.00386380946319709e-01,-5.00386380946306941e-01,-5.00386380950689658e-01,-5.00386380950673670e-01,-5.00386380950666343e-01,-5.00386380950663678e-01,7.43849426498854882e-15,4.37661018537482960e-12,4.37527791774527941e-12,2.59792187762286630e-14,1,24,1,5.76460752303439872e+17,23,2,1,5.76460752303439872e+17,16,9,2,3.32306998945331719e+35,6.80023382999999967e+02,0,4.37661018537482960e-12,nan,0.00000000000000000e+00
0,2,-3.81110471074995127e-01,1.00000000000000000e+00,3.81110471075002566e-01,2,20,-3.81110471074992463e-01,-3.81110471074997625e-01,-3.81110471075002566e-01,-3.81110471074994739e-01,-3.81110471078299984e-01,-3.81110471078305868e-01,-3.81110471078301427e-01,-3.81110471078341506e-01,7.43849426498854882e-15,3.34676730773253439e-12,3.34637872967391559e-12,4.15223411209808546e-14,1,24,1,5.76460752303439872e+17,23,2,1,5.76460752303439872e+17,16,9,2,3.32306998945331719e+35,7.13317803000000026e+02,0,3.34676730773253439e-12,nan,0.00000000000000000e+00
0,3,-3.84685388081325019e-01,1.00000000000000000e+00,3.84685388081326074e-01,2,20,-3.84685388081325186e-01,-3.84685388081322244e-01,-3.84685388081326074e-01,-3.84685388081323465e-01,-3.84685388084629210e-01,-3.84685388084706092e-01,-3.84685388084607560e-01,-3.84685388084651914e-01,2.77555756156289135e-15,3.38384875675501462e-12,3.38107319919345173e-12,9.85322934354826430e-14,1,24,1,5.76460752303439872e+17,23,2,1,5.76460752303439872e+17,16,9,2,3.32306998945331719e+35,6.85061452000000031e+02,0,3.38384875675501462e-12,nan,0.00000000000000000e+00
1,0,-3.33722736291080235e-01,1.00000000000000000e+00,3.33722736291109490e-01,2,20,-3.33722736290995137e-01,-3.33722736291071409e-01,-3.33722736291109490e-01,-3.33722736291065192e-01,-3.33722736294204070e-01,-3.33722736294218336e-01,-3.33722736294139566e-01,-3.33722736294160605e-01,8.50985948375182488e-14,3.20893311922532121e-12,3.13810089025423622e-12,7.87703235971548565e-14,19,6,1,5.76460752303767552e+17,23,2,1,5.76460752303767552e+17,16,9,2,3.32306998945331719e+35,6.26888378999999986e+02,0,3.20893311922532121e-12,nan,0.00000000000000000e+00
1,1,-3.02406983932254403e-01,1.00000000000000000e+00,3.02406983932300089e-01,2,20,-3.02406983932300089e-01,-3.02406983932273943e-01,-3.02406983932223372e-01,-3.02406983932261508e-01,-3.02406983935041562e-01,-3.02406983935042617e-01,-3.02406983935056439e-01,-3.02406983935068041e-01,4.56856774633251916e-14,2.83306711423847446e-12,2.81363821130753422e-12,2.64788191373099835e-14,19,6,1,5.76460752303767552e+17,23,2,1,5.76460752303767552e+17,16,9,2,3.32306998945331719e+35,6.20359187000000020e+02,0,2.83306711423847446e-12,nan,0.00000000000000000e+00
1,2,-2.59386855037609665e-01,1.00000000000000000e+00,2.59386855037714303e-01,2,20,-2.59386855037714303e-01,-2.59386855037662789e-01,-2.59386855037692210e-01,-2.59386855037624930e-01,-2.59386855040037112e-01,-2.59386855040108999e-01,-2.59386855040126041e-01,-2.59386855040043274e-01,1.04638520070921004e-13,2.44620990130783866e-12,2.51637599646414856e-12,8.89288642724750389e-14,19,6,1,5.76460752303767552e+17,23,2,1,5.76460752303767552e+17,16,9,2,3.32306998945331719e+35,6.71604337999999984e+02,0,2.44620990130783866e-12,nan,0.00000000000000000e+00
1,3,-2.26573858840283859e-01,1.00000000000000000e+00,2.26573858840440789e-01,2,20,-2.26573858840354969e-01,-2.26573858840370068e-01,-2.26573858840408149e-01,-2.26573858840440789e-01,-2.26573858842392201e-01,-2.26573858842466391e-01,-2.26573858842431392e-01,-2.26573858842455012e-01,1.56930024530765877e-13,2.09632311509722058e-12,2.18253193295936398e-12,7.41906536205760858e-14,19,6,1,5.76460752303767552e+17,23,2,1,5.76460752303767552e+17,16,9,2,3.32306998945331719e+35,6.33711733999999979e+02,0,2.09632311509722058e-12,nan,0.00000000000000000e+00
2,0,-1.91554719721677036e-01,1.00000000000000000e+00,1.91554719721789196e-01,2,20,-1.91554719721686056e-01,-1.91554719721589578e-01,-1.91554719721789196e-01,-1.91554719721698602e-01,-1.91554719723370293e-01,-1.91554719723599165e-01,-1.91554719723455613e-01,-1.91554719723402933e-01,1.12160281062756439e-13,2.00958694129838022e-12,1.92212912253353352e-12,2.28872476526476021e-13,19,6,1,5.76460752303767552e+17,23,2,1,5.76460752303767552e+17,16,9,2,3.32306998945331719e+35,6.20045295000000010e+02,0,2.00958694129838022e-12,nan,0.00000000000000000e+00
2,1,-1.63395048400025777e-01,1.00000000000000000e+00,1.63395048400160309e-01,2,20,-1.63395048400160309e-01,-1.63395048400071574e-01,-1.63395048400029747e-01,-1.63395048400020004e-01,-1.63395048401618281e-01,-1.63395048401655751e-01,-1.63395048401572596e-01,-1.63395048401574650e-01,1.34531275008953344e-13,1.58417723383763587e-12,1.62997393360342357e-12,8.31557045444242249e-14,19,6,1,5.76460752303767552e+17,23,2,1,5.76460752303767552e+17,16,9,2,3.32306998945331719e+35,6.22212675999999988e+02,0,1.58417723383763587e-12,nan,0.00000000000000000e+00
2,2,-1.36398215901781472e-01,1.00000000000000000e+00,1.36398215901927355e-01,2,20,-1.36398215901790465e-01,-1.36398215901927355e-01,-1.36398215901919695e-01,-1.36398215901772923e-01,-1.36398215903220682e-01,-1.36398215903159342e-01,-1.36398215903160563e-01,-1.36398215903077130e-01,1.45883305435745569e-13,1.43021705589774228e-12,1.43920986239720605e-12,1.43551837084032741e-13,19,6,1,5.76460752303767552e+17,23,2,1,5.76460752303767552e+17,16,9,2,3.32306998945331719e+35,6.28610608999999954e+02,0,1.43021705589774228e-12,nan,0.00000000000000000e+00
2,3,-1.14313691580742158e-01,1.00000000000000000e+00,1.14313691580866225e-01,2,20,-1.14313691580826771e-01,-1.14313691580866225e-01,-1.14313691580836541e-01,-1.14313691580810464e-01,-1.14313691582008686e-01,-1.14313691581955007e-01,-1.14313691581875487e-01,-1.14313691581991228e-01,1.24067423001861243e-13,1.18191567644032602e-12,1.26652854870457077e-12,1.33199007379403156e-13,19,6,1,5.76460752303767552e+17,23,2,1,5.76460752303767552e+17,16,9,2,3.32306998945331719e+35,6.17543297000000052e+02,0,1.18191567644032602e-12,nan,0.00000000000000000e+00
3,0,-9.43700290365316885e-02,1.00000000000000000e+00,9.43700290366521061e-02,2,20,-9.43700290364232752e-02,-9.43700290366521061e-02,-9.43700290365867833e-02,-9.43700290365227096e-02,-9.43700290373287454e-02,-9.43700290373837430e-02,-9.43700290374487050e-02,-9.43700290373858802e-02,1.20417564808406041e-13,9.05470143308662045e-13,9.17016462764763673e-13,1.19959597810748164e-13,19,6,1,5.76460752303767552e+17,23,2,1,5.76460752303767552e+17,16,9,2,3.32306998945331719e+35,6.37649403000000007e+02,0,9.05470143308662045e-13,nan,0.00000000000000000e+00
3,1,-7.79982185742412321e-02,1.00000000000000000e+00,7.79982185743733208e-02,2,20,-7.79982185743288425e-02,-7.79982185743677697e-02,-7.79982185742886247e-02,-7.79982185743733208e-02,-7.79982185749076712e-02,-7.79982185750810603e-02,-7.79982185749267670e-02,-7.79982185750184437e-02,1.32088784354777999e-13,7.13290537746047448e-13,8.39828206977699665e-13,1.73389080870833823e-13,19,6,1,5.76460752303767552e+17,23,2,1,5.76460752303767552e+17,16,9,2,3.32306998945331719e+35,6.59920633999999950e+02,0,7.13290537746047448e-13,nan,0.00000000000000000e+00
3,2,-6.37584658504956187e-02,1.00000000000000000e+00,6.37584658506494401e-02,2,20,-6.37584658505499779e-02,-6.37584658506494401e-02,-6.37584658506166746e-02,-6.37584658505580687e-02,-6.37584658512729413e-02,-6.37584658510351870e-02,-6.37584658510323005e-02,-6.37584658511125696e-02,1.53821400061815439e-13,7.22963355848094125e-13,7.77322650691303352e-13,2.40640840587502680e-13,19,6,1,5.76460752303767552e+17,23,2,1,5.76460752303767552e+17,16,9,2,3.32306998945331719e+35,6.36650708000000009e+02,0,7.22963355848094125e-13,nan,0.00000000000000000e+00
3,3,-5.20974199176938227e-02,1.00000000000000000e+00,5.20974199179230213e-02,2,20,-5.20974199176674688e-02,-5.20974199176476582e-02,-5.20974199175466904e-02,-5.20974199179230213e-02,-5.20974199182917055e-02,-5.20974199183120157e-02,-5.20974199182112144e-02,-5.20974199181835490e-02,2.29198604539959661e-13,6.64523991389387447e-13,6.18192996792998883e-13,1.28466681736938426e-13,19,6,1,5.76460752303767552e+17,23,2,1,5.76460752303767552e+17,16,9,2,3.32306998945331719e+35,6.39995021999999949e+02,0,6.64523991389387447e-13,nan,0.00000000000000000e+00
4,0,-4.22116991292952257e-02,1.00000000000000000e+00,4.22116991293823574e-02,2,20,-4.22116991291704297e-02,-4.22116991293823574e-02,-4.22116991290580335e-02,-4.22116991292234706e-02,-4.22116991297309119e-02,-4.22116991297293923e-02,-4.22116991298325250e-02,-4.22116991295016161e-02,2.37192210317260788e-13,7.74491581978509203e-13,5.37299371661248415e-13,3.30908911383431814e-13,19,6,1,5.76460752303767552e+17,23,2,1,5.76460752303767552e+17,16,9,2,3.32306998945331719e+35,6.24464583999999945e+02,0,7.74491581978509203e-13,nan,0.00000000000000000e+00
4,1,-3.41568792099950641e-02,1.00000000000000000e+00,3.41568792100619273e-02,2,20,-3.41568792099025131e-02,-3.41568792098519564e-02,-3.41568792100619273e-02,-3.41568792098825569e-02,-3.41568792100933050e-02,-3.41568792103215599e-02,-3.41568792104553348e-02,-3.41568792102516713e-02,1.43107747874182678e-13,4.69603522734729495e-13,4.60270710433974273e-13,3.62029850542455733e-13,19,6,1,5.76460752303767552e+17,23,2,1,5.76460752303767552e+17,16,9,2,3.32306998945331719e+35,6.31968619999999987e+02,0,4.69603522734729495e-13,nan,0.00000000000000000e+00
4,2,-2.74549032684521452e-02,1.00000000000000000e+00,2.74549032684693779e-02,2,20,-2.74549032683504453e-02,-2.74549032684489533e-02,-2.74549032684693779e-02,-2.74549032683411298e-02,-2.74549032686138665e-02,-2.74549032688204131e-02,-2.74549032687682638e-02,-2.74549032688690547e-02,1.11015363568611747e-13,5.27924925997069749e-13,4.16909562428458003e-13,2.55188231657044184e-13,19,6,1,5.76460752303767552e+17,23,2,1,5.76460752303767552e+17,16,9,2,3.32306998945331719e+35,6.14738986999999952e+02,0,5.27924925997069749e-13,nan,0.00000000000000000e+00
4,3,-2.20274569914424255e-02,1.00000000000000000e+00,2.20274569915281278e-02,2,20,-2.20274569915281278e-02,-2.20274569914182677e-02,-2.20274569911560435e-02,-2.20274569913379570e-02,-2.20274569918910978e-02,-2.20274569918028698e-02,-2.20274569919652538e-02,-2.20274569918281204e-02,2.86382029202059130e-13,8.09210337626709020e-13,5.22828308424649890e-13,1.62383995139236958e-13,19,6,1,5.76460752303767552e+17,23,2,1,5.76460752303767552e+17,16,9,2,3.32306998945331719e+35,6.41819399999999973e+02,0,8.09210337626709020e-13,nan,0.00000000000000000e+00
5,0,-1.75762265391342445e-02,1.00000000000000000e+00,1.75762265392472618e-02,2,20,-1.75762265389584234e-02,-1.75762265388180634e-02,-1.75762265390288670e-02,-1.75762265392472618e-02,-1.75762265391193433e-02,-1.75762265392506722e-02,-1.75762265391709686e-02,-1.75762265390287040e-02,3.16181109072388722e-13,4.32608809886048107e-13,1.16427700813659385e-13,2.21968277092088329e-13,19,6,1,5.76460752303767552e+17,23,2,1,5.76460752303767552e+17,16,9,2,3.32306998945331719e+35,6.74204528999999980e+02,0,4.32608809886048107e-13,nan,0.00000000000000000e+00
5,1,-1.39947240017391332e-02,1.00000000000000000e+00,1.39947240020396203e-02,2,20,-1.39947240020396203e-02,-1.39947240018431368e-02,-1.39947240016530857e-02,-1.39947240017809990e-02,-1.39947240017054293e-02,-1.39947240019727675e-02,-1.39947240020852331e-02,-1.39947240017423303e-02,3.00487065785226548e-13,4.32147373441438276e-13,3.46099884862560714e-13,3.79803827277314099e-13,19,6,1,5.76460752303767552e+17,23,2,1,5.76460752303767552e+17,16,9,2,3.32306998945331719e+35,6.75421679000000040e+02,0,4.32147373441438276e-13,nan,0.00000000000000000e+00
5,2,-1.10914025674338709e-02,1.00000000000000000e+00,1.10914025676363652e-02,2,20,-1.10914025674343306e-02,-1.10914025673473117e-02,-1.10914025673115504e-02,-1.10914025676363652e-02,-1.10914025673672229e-02,-1.10914025677792735e-02,-1.10914025678222443e-02,-1.10914025672223925e-02,2.02494271350772692e-13,5.10693917710192125e-13,3.88373361248639526e-13,5.99851765481496102e-13,19,6,1,5.76460752303767552e+17,23,2,1,5.76460752303767552e+17,16,9,2,3.32306998945331719e+35,6.96880441000000019e+02,0,5.10693917710192125e-13,nan,0.00000000000000000e+00
5,3,-8.77043356735181592e-03,1.00000000000000000e+00,8.77043356769588618e-03,2,20,-8.77043356722792024e-03,-8.77043356742435685e-03,-8.77043356769588618e-03,-8.77043356729109540e-03,-8.77043356730811477e-03,-8.77043356755257027e-03,-8.77043356742901459e-03,-8.77043356723225011e-03,3.44070258395667850e-13,2.66871594267747980e-13,2.00754343704367955e-13,3.20320159286069384e-13,19,6,1,5.76460752303767552e+17,23,2,1,5.76460752303767552e+17,16,9,2,3.32306998945331719e+35,6.56943105999999943e+02,0,2.66871594267747980e-13,nan,0.00000000000000000e+00
6,0,-6.90722910628991001e-03,1.00000000000000000e+00,6.90722910625969199e-03,2,20,-6.90722910609050007e-03,-6.90722910601924370e-03,-6.90722910619729659e-03,-6.90722910625969199e-03,-6.90722910603288123e-03,-6.90722910668262451e-03,-6.90722910625225263e-03,-6.90722910631440170e-03,2.70666301871447246e-13,6.63380808618718731e-13,3.92714506747271486e-13,6.49743280012327062e-13,19,6,1,5.76460752303767552e+17,23,2,1,5.76460752303767552e+17,16,9,2,3.32306998945331719e+35,6.65762034999999969e+02,0,6.63380808618718731e-13,nan,0.00000000000000000e+00
6,1,-5.42713818662683093e-03,1.00000000000000000e+00,5.42713818664637519e-03,2,20,-5.42713818653822906e-03,-5.42713818659182681e-03,-5.42713818657290445e-03,-5.42713818664637519e-03,-5.42713818648598960e-03,-5.42713818646046228e-03,-5.42713818681049044e-03,-5.42713818668478457e-03,8.86018688972534108e-14,2.37585992546307523e-13,1.83659511210354509e-13,3.50028166173910193e-13,19,6,1,5.76460752303767552e+17,23,2,1,5.76460752303767552e+17,16,9,2,3.32306998945331719e+35,6.67803184999999985e+02,0,2.37585992546307523e-13,nan,0.00000000000000000e+00
6,2,-4.24895806617210745e-03,1.00000000000000000e+00,4.24895806627115409e-03,2,20,-4.24895806618096755e-03,-4.24895806597927212e-03,-4.24895806627115409e-03,-4.24895806618452807e-03,-4.24895806668625434e-03,-4.24895806613257657e-03,-4.24895806656234998e-03,-4.24895806612673229e-03,1.92835331036533830e-13,5.05286784635572417e-13,5.14146884789123959e-13,5.59522046750249302e-13,19,6,1,5.76460752303767552e+17,23,2,1,5.76460752303767552e+17,16,9,2,3.32306998945331719e+35,6.74703186999999957e+02,0,5.05286784635572417e-13,nan,0.00000000000000000e+00
6,3,-3.31873787081425186e-03,1.00000000000000000e+00,3.31873787081456671e-03,2,20,-3.31873787054999623e-03,-3.31873787062829427e-03,-3.31873787081456671e-03,-3.31873787042829453e-03,-3.31873787085270634e-03,-3.31873787102909346e-03,-3.31873787042513604e-03,-3.31873787111403593e-03,3.85957325127472828e-13,6.85741394224059775e-13,3.89115822896357599e-13,6.88899891992944546e-13,19,6,1,5.76460752303767552e+17,23,2,1,5.76460752303767552e+17,16,9,2,3.32306998945331719e+35,6.54350529000000051e+02,0,6.85741394224059775e-13,nan,0.00000000000000000e+00
7,0,-2.58379571587347492e-03,1.00000000000000000e+00,2.58379571665350678e-03,2,20,-2.58379571657277405e-03,-2.58379571625157048e-03,-2.58379571602482001e-03,-2.58379571665350678e-03,-2.58379571613740573e-03,-2.58379571571253769e-03,-2.58379571587190977e-03,-2.58379571666903906e-03,7.80031855079910130e-13,5.39032794094618239e-13,7.95564135402937467e-13,9.56501371163209768e-13,19,6,1,5.76460752303767552e+17,23,2,1,5.76460752303767552e+17,16,9,2,3.32306998945331719e+35,7.02299687999999946e+02,0,5.39032794094618239e-13,nan,0.00000000000000000e+00
7,1,-2.00693049018594617e-03,1.00000000000000000e+00,2.00693049045785367e-03,2,20,-2.00693049023743190e-03,-2.00693049013555159e-03,-2.00693048983489192e-03,-2.00693049045785367e-03,-2.00693048988898493e-03,-2.00693048984968737e-03,-2.00693049001162728e-03,-2.00693049007480678e-03,3.51054255109950475e-13,3.83046892815652740e-13,3.36258798583344287e-13,2.25119402286200199e-13,19,6,1,5.76460752303767552e+17,23,2,1,5.76460752303767552e+17,16,9,2,3.32306998945331719e+35,6.85817737999999963e+02,0,3.83046892815652740e-13,nan,0.00000000000000000e+00
7,2,-1.55424938374681162e-03,1.00000000000000000e+00,1.55424938404488439e-03,2,20,-1.55424938384933964e-03,-1.55424938394566167e-03,-1.55424938400605672e-03,-1.55424938404488439e-03,-1.55424938429275642e-03,-1.55424938346163805e-03,-1.55424938420177148e-03,-1.55424938398595475e-03,2.98072764387535827e-13,4.84023628469221201e-13,5.45944799784647827e-13,8.31118377245254614e-13,19,6,1,5.76460752303767552e+17,23,2,1,5.76460752303767552e+17,16,9,2,3.32306998945331719e+35,6.86962540999999987e+02,0,4.84023628469221201e-13,nan,0.00000000000000000e+00
7,3,-1.20093493423959461e-03,1.00000000000000000e+00,1.20093493484016954e-03,2,20,-1.20093493484016954e-03,-1.20093493421941089e-03,-1.20093493440993513e-03,-1.20093493446437509e-03,-1.20093493455713119e-03,-1.20093493464458489e-03,-1.20093493418038395e-03,-1.20093493471783662e-03,6.00574928330543933e-13,4.25174001908446009e-13,4.78242011964225000e-13,5.37452677848437865e-13,19,6,1,5.76460752303767552e+17,23,2,1,5.76460752303767552e+17,16,9,2,3.32306998945331719e+35,6.70237263999999982e+02,0,4.25174001908446009e-13,nan,0.00000000000000000e+00
8,0,-9.25406957255000781e-04,1.00000000000000000e+00,9.25406957393952023e-04,2,20,-9.25406957393952023e-04,-9.25406956951941228e-04,-9.25406956879261952e-04,-9.25406957042294517e-04,-9.25406957023563949e-04,-9.25406957410433522e-04,-9.25406957662269400e-04,-9.25406957391859187e-04,3.75738828072014197e-13,7.83007447942296597e-13,4.07268619870282400e-13,6.38705451375121136e-13,19,6,1,5.76460752303767552e+17,23,2,1,5.76460752303767552e+17,16,9,2,3.32306998945331719e+35,6.77651352999999972e+02,0,7.83007447942296597e-13,nan,0.00000000000000000e+00
8,1,-7.11521909688102847e-04,1.00000000000000000e+00,7.11521909924545982e-04,2,20,-7.11521909272613265e-04,-7.11521909255678460e-04,-7.11521909923229761e-04,-7.11521909924545982e-04,-7.11521910126907114e-04,-7.11521909923052928e-04,-7.11521909844508443e-04,-7.11521909719295561e-04,4.32424387096508323e-13,8.54293849203435762e-13,4.38804266360282025e-13,4.07611553017439565e-13,19,6,1,5.76460752303767552e+17,23,2,1,5.76460752303767552e+17,16,9,2,3.32306998945331719e+35,6.74786640000000034e+02,0,8.54293849203435762e-13,nan,0.00000000000000000e+00
8,2,-5.45693216231906168e-04,1.00000000000000000e+00,5.45693216354999869e-04,2,20,-5.45693216354999869e-04,-5.45693216007360742e-04,-5.45693216267082999e-04,-5.45693216071451836e-04,-5.45693215839822450e-04,-5.45693216835324959e-04,-5.45693216265440758e-04,-5.45693216031611960e-04,2.24545425656086373e-13,8.27964216285059784e-13,6.03418790628973412e-13,9.95502508552292831e-13,19,6,1,5.76460752303767552e+17,23,2,1,5.76460752303767552e+17,16,9,2,3.32306998945331719e+35,7.24337719999999990e+02,0,8.27964216285059784e-13,nan,0.00000000000000000e+00
8,3,-4.17632437846608446e-04,1.00000000000000000e+00,4.17632437961996993e-04,2,20,-4.17632437573580209e-04,-4.17632437827463983e-04,-4.17632437935254116e-04,-4.17632437961996993e-04,-4.17632437633076075e-04,-4.17632438005283982e-04,-4.17632437760929098e-04,-4.17632437766219788e-04,2.73028236304206917e-13,1.95777205211355998e-13,2.13532371038521740e-13,3.72207906856880655e-13,19,6,1,5.76460752303767552e+17,23,2,1,5.76460752303767552e+17,16,9,2,3.32306998945331719e+35,6.74070076999999969e+02,0,1.95777205211355998e-13,nan,0.00000000000000000e+00
9,0,-3.18884142769959448e-04,1.00000000000000000e+00,3.18884143135295085e-04,2,20,-3.18884143135295085e-04,-3.18884142666353630e-04,-3.18884142789908605e-04,-3.18884142858035045e-04,-3.18884143187449329e-04,-3.18884142611139008e-04,-3.18884143100054394e-04,-3.18884142668389111e-04,3.65335637176472661e-13,3.10145789259030913e-13,4.17489881641280869e-13,5.76310321079992471e-13,19,6,1,5.76460752303767552e+17,23,2,1,5.76460752303767552e+17,16,9,2,3.32306998945331719e+35,6.32046110999999996e+02,0,3.10145789259030913e-13,nan,0.00000000000000000e+00
9,1,-2.43004444671730189e-04,1.00000000000000000e+00,2.43004444986784189e-04,2,20,-2.43004444565288831e-04,-2.43004444882035433e-04,-2.43004444986784189e-04,-2.43004444667200122e-04,-2.43004445147698033e-04,-2.43004444220127621e-04,-2.43004445285689648e-04,-2.43004444944509439e-04,3.15053999598927104e-13,6.61907811547179925e-13,6.13959458359986110e-13,1.06556202663504740e-12,19,6,1,5.76460752303767552e+17,23,2,1,5.76460752303767552e+17,16,9,2,3.32306998945331719e+35,6.39797071999999957e+02,0,6.61907811547179925e-13,nan,0.00000000000000000e+00
9,2,-1.84791773276838246e-04,1.00000000000000000e+00,1.84791773495681798e-04,2,20,-1.84791773415760241e-04,-1.84791773495681798e-04,-1.84791773429641987e-04,-1.84791773221752048e-04,-1.84791772599516115e-04,-1.84791773382173312e-04,-1.84791773106814583e-04,-1.84791773354279880e-04,2.18843552220876481e-13,8.16244126325763042e-13,6.77322130673840839e-13,7.82657196430475155e-13,19,6,1,5.76460752303767552e+17,23,2,1,5.76460752303767552e+17,16,9,2,3.32306998945331719e+35,6.88835084000000052e+02,0,8.16244126325763042e-13,nan,0.00000000000000000e+00
9,3,-1.40271449643826322e-04,1.00000000000000000e+00,1.40271449994437030e-04,2,20,-1.40271449359424886e-04,-1.40271448910855401e-04,-1.40271448788657386e-04,-1.40271449994437030e-04,-1.40271449772925392e-04,-1.40271449382249429e-04,-1.40271449399051337e-04,-1.40271449693382926e-04,8.55168935881903125e-13,6.10393951095550280e-13,2.61576892958415019e-13,3.90675962717509928e-13,19,6,1,5.76460752303767552e+17,23,2,1,5.76460752303767552e+17,16,9,2,3.32306998945331719e+35,8.59569215999999983e+02,0,6.10393951095550280e-13,nan,0.00000000000000000e+00
10,0,-1.06279892663032851e-04,1.00000000000000000e+00,1.06279893156411409e-04,2,20,-1.06279893156411409e-04,-1.06279892131987523e-04,-1.06279892474693110e-04,-1.06279893095902425e-04,-1.06279892228787668e-04,-1.06279891840732859e-04,-1.06279892784641127e-04,-1.06279892736414663e-04,5.31045327612118812e-13,9.27623741166748450e-13,8.22299991770289451e-13,9.43908268062100542e-13,19,6,1,5.76460752303767552e+17,23,2,1,5.76460752303767552e+17,16,9,2,3.32306998945331719e+35,6.67114908000000014e+02,0,9.27623741166748450e-13,nan,0.00000000000000000e+00
10,1,-8.03991155530314993e-05,1.00000000000000000e+00,8.03991154522870676e-05,2,20,-8.03991151250679943e-05,-8.03991146436097237e-05,-8.03991152938146841e-05,-8.03991154522870676e-05,-8.03991155493319711e-05,-8.03991152328582359e-05,-8.03991150060649339e-05,-8.03991160935667130e-05,9.09421775624301432e-13,6.41279645488199157e-13,5.46966565464525323e-13,1.08750177916713819e-12,19,6,1,5.76460752303767552e+17,23,2,1,5.76460752303767552e+17,16,9,2,3.32306998945331719e+35,7.41465508999999997e+02,0,6.41279645488199157e-13,nan,0.00000000000000000e+00
10,2,-6.07263866449057497e-05,1.00000000000000000e+00,6.07263869767197666e-05,2,20,-6.07263863838892809e-05,-6.07263858311297080e-05,-6.07263869767197666e-05,-6.07263868615491915e-05,-6.07263866019057156e-05,-6.07263863305954789e-05,-6.07263868359931368e-05,-6.07263862797503408e-05,8.13776041724053462e-13,5.81798850632711528e-13,3.65155408894087680e-13,5.56242795964403958e-13,19,6,1,5.76460752303767552e+17,23,2,1,5.76460752303767552e+17,16,9,2,3.32306998945331719e+35,6.76255767999999989e+02,0,5.81798850632711528e-13,nan,0.00000000000000000e+00
10,3,-4.58093383108708690e-05,1.00000000000000000e+00,4.58093388506084759e-05,2,20,-4.58093373938503880e-05,-4.58093388506084759e-05,-4.58093383078381726e-05,-4.58093380358566725e-05,-4.58093382500933006e-05,-4.58093383442994919e-05,-4.58093378626405083e-05,-4.58093386452152512e-05,9.17020481089065448e-13,8.56242912672649376e-13,4.48230360705452469e-13,7.82574742855257632e-13,19,6,1,5.76460752303767552e+17,23,2,1,5.76460752303767552e+17,16,9,2,3.32306998945331719e+35,6.75388245999999981e+02,0,8.56242912672649376e-13,nan,0.00000000000000000e+00
11,0,-3.45159436268710156e-05,1.00000000000000000e+00,3.45159439983690344e-05,2,20,-3.45159435962377845e-05,-3.45159439983690344e-05,-3.45159433507526744e-05,-3.45159430707413765e-05,-3.45159434350296812e-05,-3.45159430380956086e-05,-3.45159425886929950e-05,-3.45159437799082665e-05,5.56129639138914361e-13,9.60273425717767665e-13,1.03817802065645642e-12,1.19121527149702172e-12,19,6,1,5.76460752303767552e+17,23,2,1,5.76460752303767552e+17,16,9,2,3.32306998945331719e+35,6.61856606000000056e+02,0,9.60273425717767665e-13,nan,0.00000000000000000e+00
11,1,-2.59841428739936594e-05,1.00000000000000000e+00,2.59841433228238990e-05,2,20,-2.59841431385304615e-05,-2.59841433228238990e-05,-2.59841431537894077e-05,-2.59841429744396747e-05,-2.59841418688184750e-05,-2.59841423658927670e-05,-2.59841429887482668e-05,-2.59841428823151347e-05,4.48830239603093331e-13,1.26971198651155449e-12,1.00517518435280437e-12,1.11992979180772917e-12,19,6,1,5.76460752303767552e+17,23,2,1,5.76460752303767552e+17,16,9,2,3.32306998945331719e+35,7.37168973000000051e+02,0,1.26971198651155449e-12,nan,0.00000000000000000e+00
11,2,-1.95475018894117995e-05,1.00000000000000000e+00,1.95475026331699429e-05,2,20,-1.95475012856386780e-05,-1.95475026068632273e-05,-1.95475016426693537e-05,-1.95475026331699429e-05,-1.95475021057747378e-05,-1.95475015499785925e-05,-1.95475014670928271e-05,-1.95475017497954401e-05,7.43758143452195181e-13,1.05688463487635040e-12,4.22318972327639930e-13,6.38681910635451044e-13,19,6,1,5.76460752303767552e+17,23,2,1,5.76460752303767552e+17,16,9,2,3.32306998945331719e+35,8.82546158999999989e+02,0,1.05688463487635040e-12,nan,0.00000000000000000e+00
11,3,-1.47000315102788814e-05,1.00000000000000000e+00,1.47000317723287033e-05,2,20,-1.47000309254506411e-05,-1.47000317723287033e-05,-1.47000313857975134e-05,-1.47000314529162144e-05,-1.47000327579166421e-05,-1.47000320549645210e-05,-1.47000313259013014e-05,-1.47000315697132707e-05,5.84828240251644010e-13,1.83246600097446751e-12,1.24763776072282350e-12,1.43201534072608105e-12,19,6,1,5.76460752303767552e+17,23,2,1,5.76460752303767552e+17,16,9,2,3.32306998945331719e+35,6.68498890999999958e+02,0,1.83246600097446751e-12,nan,0.00000000000000000e+00
12,0,-1.10533674809196708e-05,1.00000000000000000e+00,1.10533680371309249e-05,2,20,-1.10533671949958983e-05,-1.10533675652533390e-05,-1.10533675392276520e-05,-1.10533680371309249e-05,-1.10533670308649705e-05,-1.10533677410653440e-05,-1.10533675749189556e-05,-1.10533678227641417e-05,5.56211254151514102e-13,2.14366783194861951e-13,4.50054700267248781e-13,7.91899171223900931e-13,19,6,1,5.76460752303767552e+17,23,2,1,5.76460752303767552e+17,16,9,2,3.32306998945331719e+35,6.51995548999999983e+02,0,2.14366783194861951e-13,nan,0.00000000000000000e+00
12,1,-8.31363251074531434e-06,1.00000000000000000e+00,8.31363340419732729e-06,2,20,-8.31363304251449767e-06,-8.31363340419732729e-06,-8.31363120694115464e-06,-8.31363306684666935e-06,-8.31363296919974388e-06,-8.31363263403849502e-06,-8.31363238256874647e-06,-8.31363286282239562e-06,1.30380415970141831e-12,1.17562759183111216e-12,4.58454429543638138e-13,5.86630997413944283e-13,19,6,1,5.76460752303767552e+17,23,2,1,5.76460752303767552e+17,16,9,2,3.32306998945331719e+35,6.57894898000000012e+02,0,1.17562759183111216e-12,nan,0.00000000000000000e+00
12,2,-6.25669944007391489e-06,1.00000000000000000e+00,6.25670027895378378e-06,2,20,-6.25669893704389199e-06,-6.25669933558433201e-06,-6.25669941372414292e-06,-6.25670027895378378e-06,-6.25669991822394246e-06,-6.25669874084546916e-06,-6.25669922082149478e-06,-6.25669923829733625e-06,8.38879868889953750e-13,1.04065644753045198e-12,6.99228445733305823e-13,1.17737847330759079e-12,19,6,1,5.76460752303767552e+17,23,2,1,5.76460752303767552e+17,16,9,2,3.32306998945331719e+35,6.54506852999999978e+02,0,1.04065644753045198e-12,nan,0.00000000000000000e+00
12,3,-4.71356469052509318e-06,1.00000000000000000e+00,4.71356588756558136e-06,2,20,-4.71356588756558136e-06,-4.71356379857197110e-06,-4.71356466849802172e-06,-4.71356551216637454e-06,-4.71356438199159810e-06,-4.71356568449606368e-06,-4.71356518420814393e-06,-4.71356447060642491e-06,1.19704048817594489e-12,1.88592409257234668e-12,9.93970970492670438e-13,1.30250446557088773e-12,19,6,1,5.76460752303767552e+17,23,2,1,5.76460752303767552e+17,16,9,2,3.32306998945331719e+35,6.58052749999999946e+02,0,1.88592409257234668e-12,nan,0.00000000000000000e+00
13,0,-3.55606570036785054e-06,1.00000000000000000e+00,3.55606665455583370e-06,2,20,-3.55606665455583370e-06,-3.55606514169852203e-06,-3.55606559555704948e-06,-3.55606569539781358e-06,-3.55606575381469397e-06,-3.55606517001334776e-06,-3.55606647775211992e-06,-3.55606560053512437e-06,9.54187983153272556e-13,9.00741139729416447e-13,7.77384269373600787e-13,1.30773877216053204e-12,19,6,1,5.76460752303767552e+17,23,2,1,5.76460752303767552e+17,16,9,2,3.32306998945331719e+35,7.34323108000000047e+02,0,9.00741139729416447e-13,nan,0.00000000000000000e+00
13,1,-2.68789467681552108e-06,1.00000000000000000e+00,2.68789569410951583e-06,2,20,-2.68789459238824305e-06,-2.68789495932161222e-06,-2.68789465231806193e-06,-2.68789569410951583e-06,-2.68789403322618107e-06,-2.68789443180136469e-06,-2.68789430914140975e-06,-2.68789417961129847e-06,1.01729399474323034e-12,1.51449821735434803e-12,6.43589340010969867e-13,3.98575183613498508e-13,19,6,1,5.76460752303767552e+17,23,2,1,5.76460752303767552e+17,16,9,2,3.32306998945331719e+35,6.53674915000000055e+02,0,1.51449821735434803e-12,nan,0.00000000000000000e+00
13,2,-2.03638192730929692e-06,1.00000000000000000e+00,2.03638235152210235e-06,2,20,-2.03638122376766074e-06,-2.03638055620367445e-06,-2.03638235152210235e-06,-2.03638144976233139e-06,-2.03638302675549213e-06,-2.03638296134572838e-06,-2.03638141206090804e-06,-2.03638059117872321e-06,1.37110562246439910e-12,2.40514205392591547e-12,1.33613057370460145e-12,2.43557676891920484e-12,19,6,1,5.76460752303767552e+17,23,2,1,5.76460752303767552e+17,16,9,2,3.32306998945331719e+35,6.56785341000000017e+02,0,2.40514205392591547e-12,nan,0.00000000000000000e+00
13,3,-1.54709385886919677e-06,1.00000000000000000e+00,1.54709435743898048e-06,2,20,-1.54709435743898048e-06,-1.54709334563116965e-06,-1.54709266714837747e-06,-1.54709307232836761e-06,-1.54709504787776045e-06,-1.54709419330709580e-06,-1.54709423317795010e-06,-1.54709465491971691e-06,1.19172081929994219e-12,1.58259134929708469e-12,1.18900856368690116e-12,8.54570664652796151e-13,19,6,1,5.76460752303767552e+17,23,2,1,5.76460752303767552e+17,16,9,2,3.32306998945331719e+35,6.82390871999999945e+02,0,1.58259134929708469e-12,nan,0.00000000000000000e+00
14,0,-1.17913124620461258e-06,1.00000000000000000e+00,1.17913161458324293e-06,2,20,-1.17913161458324293e-06,-1.17913140403707046e-06,-1.17913113504371668e-06,-1.17913105729917793e-06,-1.17912987486532845e-06,-1.17913106281089332e-06,-1.17913112554836786e-06,-1.17913088888404224e-06,3.68378630356296284e-13,1.73971791448249201e-12,1.37133928412619573e-12,1.25068303940929705e-12,19,6,1,5.76460752303767552e+17,23,2,1,5.76460752303767552e+17,16,9,2,3.32306998945331719e+35,6.64899999999999977e+02,0,1.73971791448249201e-12,nan,0.00000000000000000e+00
14,1,-9.01941901737217510e-07,1.00000000000000000e+00,9.01943159387544532e-07,2,20,-9.01941171508356618e-07,-9.01942132358458990e-07,-9.01943159387544532e-07,-9.01941355622017778e-07,-9.01941352534428949e-07,-9.01943197372510047e-07,-9.01941872833056112e-07,-9.01941793870134905e-07,1.25765032702226655e-12,1.28655448841997648e-12,1.29563529253705578e-12,1.84483808109826521e-12,19,6,1,5.76460752303767552e+17,23,2,1,5.76460752303767552e+17,16,9,2,3.32306998945331719e+35,6.84911428000000001e+02,0,1.28655448841997648e-12,nan,0.00000000000000000e+00
14,2,-6.92646700017254318e-07,1.00000000000000000e+00,6.92646473941013968e-07,2,20,-6.92645439488326058e-07,-6.92646473941013968e-07,-6.92645221211955569e-07,-6.92645871236653490e-07,-6.92645390587267164e-07,-6.92646439596050783e-07,-6.92646824109514655e-07,-6.92647354722565779e-07,1.47880529874851082e-12,1.60289755908572617e-12,1.30942998715389842e-12,1.96413529861486492e-12,19,6,1,5.76460752303767552e+17,23,2,1,5.76460752303767552e+17,16,9,2,3.32306998945331719e+35,8.62050650000000019e+02,0,1.60289755908572617e-12,nan,0.00000000000000000e+00
14,3,-5.34188620294842128e-07,1.00000000000000000e+00,5.34189392550150082e-07,2,20,-5.34188288226265242e-07,-5.34186711888565595e-07,-5.34189392550150082e-07,-5.34189244291877023e-07,-5.34188465923043234e-07,-5.34187997106229983e-07,-5.34186984952740024e-07,-5.34188879580622455e-07,1.90840627653352966e-12,2.40759741005764754e-12,1.63534210210367840e-12,1.89462788243048222e-12,19,6,1,5.76460752303767552e+17,23,2,1,5.76460752303767552e+17,16,9,2,3.32306998945331719e+35,6.78187767000000008e+02,0,2.40759741005764754e-12,nan,0.00000000000000000e+00
15,0,-4.13821861596759815e-07,1.00000000000000000e+00,4.13822218276540304e-07,2,20,-4.13821881491522237e-07,-4.13822218276540304e-07,-4.13820256560287477e-07,-4.13821397174762929e-07,-4.13821288449057319e-07,-4.13821613515816076e-07,-4.13822958017062704e-07,-4.13820928089358019e-07,1.60503647233751218e-12,2.70145677522634319e-12,1.09642030288883101e-12,2.02992770468437419e-12,19,6,1,5.76460752303767552e+17,23,2,1,5.76460752303767552e+17,16,9,2,3.32306998945331719e+35,6.59406044999999949e+02,0,2.70145677522634319e-12,nan,0.00000000000000000e+00
15,1,-3.22054475738658558e-07,1.00000000000000000e+00,3.22054936172148502e-07,2,20,-3.22053920819053948e-07,-3.22053052702474501e-07,-3.22054936172148502e-07,-3.22054637123122103e-07,-3.22052572333709714e-07,-3.22053867640164526e-07,-3.22054167099657850e-07,-3.22055476468726342e-07,1.42303618405668317e-12,1.34848534423366597e-12,1.90340494884418693e-12,2.90413501662754536e-12,19,6,1,5.76460752303767552e+17,23,2,1,5.76460752303767552e+17,16,9,2,3.32306998945331719e+35,6.54464287000000013e+02,0,1.34848534423366597e-12,nan,0.00000000000000000e+00
15,2,-2.51796905491795125e-07,1.00000000000000000e+00,2.51798032177854340e-07,2,20,-2.51797775694450861e-07,-2.51794461822833205e-07,-2.51798032177854340e-07,-2.51797365034321605e-07,-2.51797289016975047e-07,-2.51796248184893753e-07,-2.51796281270029260e-07,-2.51797774260217882e-07,2.44366896192002808e-12,1.78636206054761228e-12,8.68768422756325946e-13,1.52607532412874175e-12,19,6,1,5.76460752303767552e+17,23,2,1,5.76460752303767552e+17,16,9,2,3.32306998945331719e+35,6.68099713999999949e+02,0,1.78636206054761228e-12,nan,0.00000000000000000e+00
15,3,-1.97767094576078327e-07,1.00000000000000000e+00,1.97768463247733619e-07,2,20,-1.97768463247733619e-07,-1.97765899931848106e-07,-1.97765296000296765e-07,-1.97765862993977574e-07,-1.97767308618621731e-07,-1.97764945649207168e-07,-1.97765902974337646e-07,-1.97766951949653696e-07,1.79857578156211324e-12,1.15462911188790754e-12,2.14892687115916982e-12,2.36296941456227602e-12,19,6,1,5.76460752303767552e+17,23,2,1,5.76460752303767552e+17,16,9,2,3.32306998945331719e+35,6.75623909000000026e+02,0,1.15462911188790754e-12,nan,0.00000000000000000e+00
16,0,-1.56015278429370279e-07,1.00000000000000000e+00,1.56016046452025532e-07,2,20,-1.56016046452025532e-07,-1.56013473456009773e-07,-1.56012797470931433e-07,-1.56015845171243677e-07,-1.56016562412447142e-07,-1.56017352519645045e-07,-1.56014635663919840e-07,-1.56014490574827489e-07,2.48095843884622218e-12,3.87906363527158180e-12,2.07409027476581969e-12,2.86194481755622527e-12,19,6,1,5.76460752303767552e+17,23,2,1,5.76460752303767552e+17,16,9,2,3.32306998945331719e+35,7.40943938000000003e+02,0,3.87906363527158180e-12,nan,0.00000000000000000e+00
16,1,-1.23592821889852924e-07,1.00000000000000000e+00,1.23593732865355139e-07,2,20,-1.23592287038059594e-07,-1.23590789322696326e-07,-1.23593732865355139e-07,-1.23592989197485467e-07,-1.23592634375109344e-07,-1.23592384289667086e-07,-1.23595922223879992e-07,-1.23593626792193581e-07,2.03256715659798885e-12,2.18935852485284407e-12,3.10033402706774704e-12,3.53793421290598014e-12,19,6,1,5.76460752303767552e+17,23,2,1,5.76460752303767552e+17,16,9,2,3.32306998945331719e+35,6.87251861999999960e+02,0,2.18935852485284407e-12,nan,0.00000000000000000e+00
16,2,-9.82872947723184007e-08,1.00000000000000000e+00,9.82887926206769586e-08,2,20,-9.82848864043146930e-08,-9.82862171155651027e-08,-9.82887926206769586e-08,-9.82862228579578148e-08,-9.82892841855569257e-08,-9.82881172991962707e-08,-9.82892121852366978e-08,-9.82873030711888833e-08,2.40836800370771696e-12,4.39778124223269265e-12,1.98941323852497569e-12,1.98111436804241941e-12,19,6,1,5.76460752303767552e+17,23,2,1,5.76460752303767552e+17,16,9,2,3.32306998945331719e+35,6.72001996999999960e+02,0,4.39778124223269265e-12,nan,0.00000000000000000e+00
16,3,-7.84372200992011571e-08,1.00000000000000000e+00,7.84386016832132948e-08,2,20,-7.84352346939216991e-08,-7.84386016832132948e-08,-7.84370837027490369e-08,-7.84356906988780063e-08,-7.84379161844317665e-08,-7.84361596969149617e-08,-7.84363474695963396e-08,-7.84365064908799295e-08,1.98540527945802106e-12,2.68149051006733251e-12,1.06040228619539957e-12,1.75648751680471102e-12,19,6,1,5.76460752303767552e+17,23,2,1,5.76460752303767552e+17,16,9,2,3.32306998945331719e+35,7.07982442999999989e+02,0,2.68149051006733251e-12,nan,0.00000000000000000e+00
17,0,-6.27916461649934522e-08,1.00000000000000000e+00,6.27929134477678745e-08,2,20,-6.27893808521597425e-08,-6.27880691948898056e-08,-6.27929134477678745e-08,-6.27869265427788727e-08,-6.27917060563988182e-08,-6.27894112632490811e-08,-6.27906045006987534e-08,-6.27919192841265560e-08,4.71962221457955519e-12,4.99274134768339786e-12,2.23490174437110288e-12,2.50802087747494555e-12,19,6,1,5.76460752303767552e+17,23,2,1,5.76460752303767552e+17,16,9,2,3.32306998945331719e+35,6.76106074000000035e+02,0,4.99274134768339786e-12,nan,0.00000000000000000e+00
17,1,-5.04009315642002522e-08,1.00000000000000000e+00,5.04022766580216137e-08,2,20,-5.04007955112831358e-08,-5.04015642604450722e-08,-5.03996232347347635e-08,-5.04022766580216137e-08,-5.03998586758405103e-08,-5.04033084450800700e-08,-5.04009999217823596e-08,-5.04018093099048632e-08,1.34509382136147933e-12,1.74418463499783458e-12,2.37688087981773815e-12,3.44976923955966167e-12,19,6,1,5.76460752303767552e+17,23,2,1,5.76460752303767552e+17,16,9,2,3.32306998945331719e+35,6.70922004000000015e+02,0,1.74418463499783458e-12,nan,0.00000000000000000e+00
17,2,-4.05471133169999087e-08,1.00000000000000000e+00,4.05464249600409471e-08,2,20,-4.05452762757923580e-08,-4.05464249600409471e-08,-4.05454553742591184e-08,-4.05451324363626009e-08,-4.05463449676028083e-08,-4.05454527872354075e-08,-4.05486988318253617e-08,-4.05466667122946670e-08,1.98088063730773291e-12,3.24345756624333983e-12,1.66052976450111697e-12,3.24604458995418832e-12,19,6,1,5.76460752303767552e+17,23,2,1,5.76460752303767552e+17,16,9,2,3.32306998945331719e+35,7.40525429000000031e+02,0,3.24345756624333983e-12,nan,0.00000000000000000e+00
17,3,-3.26795393906331929e-08,1.00000000000000000e+00,3.26799838832885812e-08,2,20,-3.26799838832885812e-08,-3.26760065876337488e-08,-3.26764193304723980e-08,-3.26798764121608247e-08,-3.26786517363981514e-08,-3.26785802786767475e-08,-3.26776616013953887e-08,-3.26815509105556636e-08,3.53280299944411743e-12,2.57369104299867253e-12,2.01151992247066168e-12,3.88930916027488459e-12,19,6,1,5.76460752303767552e+17,23,2,1,5.76460752303767552e+17,16,9,2,3.32306998945331719e+35,8.71929878000000031e+02,0,2.57369104299867253e-12,nan,0.00000000000000000e+00
18,0,-2.63754685730232150e-08,1.00000000000000000e+00,2.63783383851851175e-08,2,20,-2.63762316870801801e-08,-2.63783383851851175e-08,-2.63734583273154489e-08,-2.63741027999066690e-08,-2.63784038534820600e-08,-2.63773695180059242e-08,-2.63758402511186496e-08,-2.63763917824428135e-08,2.86981216190249116e-12,2.38192380320069923e-12,2.93528045884500296e-12,2.56360236341046762e-12,19,6,1,5.76460752303767552e+17,23,2,1,5.76460752303767552e+17,16,9,2,3.32306998945331719e+35,6.72871086999999989e+02,0,2.38192380320069923e-12,nan,0.00000000000000000e+00
18,1,-2.13099660374570304e-08,1.00000000000000000e+00,2.13103321633923215e-08,2,20,-2.13085831622020566e-08,-2.13103321633923215e-08,-2.13076221828689340e-08,-2.13102632295605447e-08,-2.13115994112307674e-08,-2.13102457310691230e-08,-2.13082781916550552e-08,-2.13104931352632160e-08,2.34385458809644183e-12,3.01624902871077266e-12,1.68784580197521675e-12,3.32121957571218152e-12,19,6,1,5.76460752303767552e+17,23,2,1,5.76460752303767552e+17,16,9,2,3.32306998945331719e+35,6.87534670000000006e+02,0,3.01624902871077266e-12,nan,0.00000000000000000e+00
18,2,-1.72289997217045905e-08,1.00000000000000000e+00,1.72302731415970490e-08,2,20,-1.72275370953452133e-08,-1.72287558494775501e-08,-1.72298105516768352e-08,-1.72302731415970490e-08,-1.72277495954623089e-08,-1.72283939901703947e-08,-1.72300611853568111e-08,-1.72301731890549894e-08,1.46262635937716470e-12,3.61859307155380319e-13,1.25012624228156710e-12,2.42359359268046923e-12,19,6,1,5.76460752303767552e+17,23,2,1,5.76460752303767552e+17,16,9,2,3.32306998945331719e+35,6.71331175000000030e+02,0,3.61859307155380319e-13,nan,0.00000000000000000e+00
18,3,-1.39344096916083511e-08,1.00000000000000000e+00,1.39392406154915946e-08,2,20,-1.39382331205467283e-08,-1.39351198942847632e-08,-1.39336108769882664e-08,-1.39392406154915946e-08,-1.39312992115008101e-08,-1.39380704093803966e-08,-1.39334516001385525e-08,-1.39372619746790950e-08,4.83092388324347074e-12,6.93390904591824025e-12,3.66071777204554522e-12,6.77119787958654247e-12,19,6,1,5.76460752303767552e+17,23,2,1,5.76460752303767552e+17,16,9,2,3.32306998945331719e+35,7.45048920999999950e+02,0,6.93390904591824025e-12,nan,0.00000000000000000e+00
19,0,-1.12713598695244637e-08,1.00000000000000000e+00,1.12757965453919588e-08,2,20,-1.12712621603066809e-08,-1.12730993970497277e-08,-1.12757965453919588e-08,-1.12713119440736825e-08,-1.12745449494548910e-08,-1.12662901184704067e-08,-1.12660829845177496e-08,-1.12726054057965701e-08,4.43667586749513336e-12,9.71356087420924054e-12,5.27688500671410718e-12,8.46196493714146531e-12,19,6,1,5.76460752303767552e+17,23,2,1,5.76460752303767552e+17,16,9,2,3.32306998945331719e+35,6.63111766999999986e+02,0,9.71356087420924054e-12,nan,0.00000000000000000e+00
19,1,-9.11470030541454858e-09,1.00000000000000000e+00,9.11907410029305281e-09,2,20,-9.11454963717699529e-09,-9.11466991666335315e-09,-9.11555302993772454e-09,-9.11907410029305281e-09,-9.11824339951328278e-09,-9.11346650548440276e-09,-9.11923787343980313e-09,-9.11172282963939851e-09,4.37379487850423522e-12,7.35127065365430382e-12,4.53756802525455725e-12,7.51504380040462585e-12,19,6,1,5.76460752303767552e+17,23,2,1,5.76460752303767552e+17,16,9,2,3.32306998945331719e+35,6.53203962000000047e+02,0,7.35127065365430382e-12,nan,0.00000000000000000e+00
19,2,-7.36800315928609868e-09,1.00000000000000000e+00,7.37008635137981192e-09,2,20,-7.36763807513590930e-09,-7.37008635137981192e-09,-7.36871558184930487e-09,-7.36847809655516290e-09,-7.36513256938288093e-09,-7.37043712388560651e-09,-7.36664200694738897e-09,-7.36874035257800396e-09,2.08319209371324492e-12,2.50550575302837756e-12,2.87058990321775210e-12,5.30455450272558538e-12,19,6,1,5.76460752303767552e+17,23,2,1,5.76460752303767552e+17,16,9,2,3.32306998945331719e+35,6.54217704000000026e+02,0,2.50550575302837756e-12,nan,0.00000000000000000e+00
19,3,-5.95214170686432916e-09,1.00000000000000000e+00,5.95389222093274206e-09,2,20,-5.95000861407003924e-09,-5.95389222093274206e-09,-5.95259743393378213e-09,-5.94572470232294553e-09,-5.95088630551995156e-09,-5.95442144447001579e-09,-5.95625530607001100e-09,-5.95143769017133942e-09,6.41700454138362794e-12,5.71298784839388974e-12,4.11359920568183507e-12,5.36900055005943721e-12,19,6,1,5.76460752303767552e+17,23,2,1,5.76460752303767552e+17,16,9,2,3.32306998945331719e+35,6.53642977999999971e+02,0,5.71298784839388974e-12,nan,0.00000000000000000e+00
20,0,-4.80326297505669406e-09,1.00000000000000000e+00,4.80876030476758692e-09,2,20,-4.80691587873768974e-09,-4.80814725272060917e-09,-4.80876030476758692e-09,-4.80669327355981143e-09,-4.80226472060613919e-09,-4.80482725723619440e-09,-4.80075154796182994e-09,-4.80311016933729113e-09,5.49732971089285734e-12,8.00875680575698286e-12,2.51142709486412552e-12,4.07570927436445972e-12,19,6,1,5.76460752303767552e+17,23,2,1,5.76460752303767552e+17,16,9,2,3.32306998945331719e+35,7.39959719999999948e+02,0,8.00875680575698286e-12,nan,0.00000000000000000e+00
20,1,-3.87387863105146667e-09,1.00000000000000000e+00,3.87550666616195376e-09,2,20,-3.87382131834107962e-09,-3.87404940849539686e-09,-3.87550666616195376e-09,-3.87399586558528958e-09,-3.87503143536079249e-09,-3.87466284952894961e-09,-3.87105784980136478e-09,-3.87295586249596869e-09,1.62803511048709112e-12,4.44881636058897645e-12,2.82078125010188532e-12,3.97358555942771075e-12,19,6,1,5.76460752303767552e+17,23,2,1,5.76460752303767552e+17,16,9,2,3.32306998945331719e+35,8.62339624999999955e+02,0,4.44881636058897645e-12,nan,0.00000000000000000e+00
20,2,-3.12082337707192761e-09,1.00000000000000000e+00,3.12719647871937733e-09,2,20,-3.11953600304491029e-09,-3.12228736879531530e-09,-3.12719647871937733e-09,-3.11773746247542679e-09,-3.12132916491773846e-09,-3.12169682234954737e-09,-3.12198701776168261e-09,-3.11950740562555951e-09,6.37310164744972313e-12,5.20946095769471966e-12,1.31597144636809643e-12,2.47961213612309991e-12,19,6,1,5.76460752303767552e+17,23,2,1,5.76460752303767552e+17,16,9,2,3.32306998945331719e+35,6.83848389999999995e+02,0,5.20946095769471966e-12,nan,0.00000000000000000e+00
20,3,-2.51081472061975998e-09,1.00000000000000000e+00,2.51716261254467791e-09,2,20,-2.51716261254467791e-09,-2.51247205881402627e-09,-2.51189320278616794e-09,-2.51335660625753928e-09,-2.50988044019895629e-09,-2.51459069631996022e-09,-2.50995359511915164e-09,-2.51360733873409945e-09,6.34789192491793446e-12,7.28217234572162316e-12,3.77597570020024130e-12,4.71025612100392999e-12,19,6,1,5.76460752303767552e+17,23,2,1,5.76460752303767552e+17,16,9,2,3.32306998945331719e+35,7.45424133999999981e+02,0,7.28217234572162316e-12,nan,0.00000000000000000e+00
21,0,-2.01758509573303921e-09,1.00000000000000000e+00,2.02277655360762918e-09,2,20,-2.02001002369053374e-09,-2.01831047107260351e-09,-2.02277655360762918e-09,-2.01734045026849510e-09,-2.02251635664927381e-09,-2.02241289056590910e-09,-2.02462611206022040e-09,-2.02320438613250724e-09,5.19145787458996980e-12,5.86393586401214411e-12,7.04101632718118492e-12,2.21322149431129777e-12,19,6,1,5.76460752303767552e+17,23,2,1,5.76460752303767552e+17,16,9,2,3.32306998945331719e+35,6.70289576000000011e+02,0,5.86393586401214411e-12,nan,0.00000000000000000e+00
21,1,-1.61851902060879179e-09,1.00000000000000000e+00,1.62263206196366400e-09,2,20,-1.62089533685224936e-09,-1.62263206196366400e-09,-1.61920878412709129e-09,-1.61965947621026264e-09,-1.62028330693602744e-09,-1.61933887851288610e-09,-1.61886768961963243e-09,-1.62460663438684993e-09,4.11304135487220890e-12,4.94715817658728674e-12,6.08761377805814318e-12,5.73894476721749717e-12,19,6,1,5.76460752303767552e+17,23,2,1,5.76460752303767552e+17,16,9,2,3.32306998945331719e+35,7.45206852000000026e+02,0,4.94715817658728674e-12,nan,0.00000000000000000e+00
21,2,-1.29675430800869654e-09,1.00000000000000000e+00,1.30815918302188106e-09,2,20,-1.29893894216224939e-09,-1.30815918302188106e-09,-1.29667052256858013e-09,-1.29839024408191354e-09,-1.30121896236659878e-09,-1.29513113339585613e-09,-1.29344169984109608e-09,-1.29660795981544995e-09,1.14048750131845195e-11,1.30280496260249287e-11,4.46465435790224708e-12,7.77726252550270626e-12,19,6,1,5.76460752303767552e+17,23,2,1,5.76460752303767552e+17,16,9,2,3.32306998945331719e+35,8.03474476999999979e+02,0,1.30280496260249287e-11,nan,0.00000000000000000e+00
21,3,-1.03746727923569423e-09,1.00000000000000000e+00,1.04398614375587851e-09,2,20,-1.04398614375587851e-09,-1.03257632210200419e-09,-1.04124931842234754e-09,-1.03935095707579046e-09,-1.03860571628174080e-09,-1.04031691716359511e-09,-1.04019931090202041e-09,-1.03762182081116911e-09,6.51886452018427417e-12,7.74059506159091673e-12,2.84963792790087594e-12,2.69509635242600039e-12,19,6,1,5.76460752303767552e+17,23,2,1,5.76460752303767552e+17,16,9,2,3.32306998945331719e+35,6.56131508000000053e+02,0,7.74059506159091673e-12,nan,0.00000000000000000e+00
22,0,-8.30853934195152264e-10,1.00000000000000000e+00,8.32638476315348655e-10,2,20,-8.32638476315348655e-10,-8.31941806585297848e-10,-8.26711724332301840e-10,-8.28131913049416571e-10,-8.34262160822293296e-10,-8.28812711734324806e-10,-8.33039200474386223e-10,-8.33847795446995965e-10,4.14220986285042438e-12,6.32747614208438339e-12,3.40822662714103179e-12,5.44944908796848982e-12,19,6,1,5.76460752303767552e+17,23,2,1,5.76460752303767552e+17,16,9,2,3.32306998945331719e+35,6.59354761000000053e+02,0,6.32747614208438339e-12,nan,0.00000000000000000e+00
22,1,-6.63579977156522609e-10,1.00000000000000000e+00,6.62096759626777100e-10,2,20,-6.55267462754243133e-10,-6.56616075889427032e-10,-6.57171292347554888e-10,-6.62096759626777100e-10,-6.61375875992318095e-10,-6.68777675281740016e-10,-6.62599685705029518e-10,-6.70094778075750010e-10,8.31251440227947612e-12,1.21615993923129838e-11,6.51480091922740074e-12,8.71890208343191437e-12,19,6,1,5.76460752303767552e+17,23,2,1,5.76460752303767552e+17,16,9,2,3.32306998945331719e+35,6.56056746999999973e+02,0,1.21615993923129838e-11,nan,0.00000000000000000e+00
22,2,-5.28523026043038650e-10,1.00000000000000000e+00,5.28901768195073115e-10,2,20,-5.28901768195073115e-10,-5.24265718459025954e-10,-5.20753043241661143e-10,-5.28189674798368949e-10,-5.32508955566872305e-10,-5.21160247288420852e-10,-5.24512096575520994e-10,-5.27524038314319297e-10,7.76998280137750692e-12,3.75905333385985129e-12,7.36277875461779791e-12,1.13487082784514529e-11,19,6,1,5.76460752303767552e+17,23,2,1,5.76460752303767552e+17,16,9,2,3.32306998945331719e+35,6.68435640000000035e+02,0,3.75905333385985129e-12,nan,0.00000000000000000e+00
22,3,-4.19918497153194664e-10,1.00000000000000000e+00,4.26601988489990145e-10,2,20,-4.18014697164902284e-10,-4.14316838931249673e-10,-4.26314149455973887e-10,-4.26601988489990145e-10,-4.23605903943757882e-10,-4.22676084443330676e-10,-4.24531410493541093e-10,-4.17021528957445508e-10,6.68349133679548061e-12,9.58045953254463710e-12,4.61291334034642814e-12,7.50988153609558463e-12,19,6,1,5.76460752303767552e+17,23,2,1,5.76460752303767552e+17,16,9,2,3.32306998945331719e+35,6.88171921999999995e+02,0,9.58045953254463710e-12,nan,0.00000000000000000e+00
23,0,-3.30911681732735488e-10,1.00000000000000000e+00,3.44372155914214701e-10,2,20,-3.27252880663680392e-10,-3.29761920544937983e-10,-3.44372155914214701e-10,-3.23952134211232416e-10,-3.40283476171103709e-10,-3.30971786844805433e-10,-3.31579923212168255e-10,-3.37081187380495360e-10,1.34604741814792131e-11,1.31290531692629446e-11,9.37179443836822110e-12,9.31168932629827602e-12,19,6,1,5.76460752303767552e+17,23,2,1,5.76460752303767552e+17,16,9,2,3.32306998945331719e+35,6.94267891999999961e+02,0,1.31290531692629446e-11,nan,0.00000000000000000e+00
23,1,-2.64877680221487302e-10,1.00000000000000000e+00,2.78407739190454916e-10,2,20,-2.67023117781278120e-10,-2.68666494895390462e-10,-2.63242833044620281e-10,-2.78407739190454916e-10,-2.69775140304392782e-10,-2.67171210914705040e-10,-2.59514989798432385e-10,-2.67948832075324760e-10,1.35300589689676142e-11,1.04589071151301555e-11,5.36269042305491658e-12,1.02601505059603969e-11,19,6,1,5.76460752303767552e+17,23,2,1,5.76460752303767552e+17,16,9,2,3.32306998945331719e+35,6.81776103000000035e+02,0,1.04589071151301555e-11,nan,0.00000000000000000e+00
23,2,-2.09903408742382628e-10,1.00000000000000000e+00,2.17472401936663740e-10,2,20,-2.13692790058712410e-10,-2.09230179929794168e-10,-2.17472401936663740e-10,-2.09573907638953693e-10,-2.12388571212111635e-10,-2.14781079359337536e-10,-2.08282342442397464e-10,-2.09290917789587543e-10,7.56899319428111222e-12,9.19005949426627625e-12,4.87767061695490812e-12,6.49873691694007215e-12,19,6,1,5.76460752303767552e+17,23,2,1,5.76460752303767552e+17,16,9,2,3.32306998945331719e+35,7.03520803999999998e+02,0,9.19005949426627625e-12,nan,0.00000000000000000e+00
23,3,-1.66716277944048163e-10,1.00000000000000000e+00,1.78777287780715131e-10,2,20,-1.78777287780715131e-10,-1.56910097728391209e-10,-1.70042652083940732e-10,-1.63244364741843163e-10,-1.60977551475202296e-10,-1.70121539482702118e-10,-1.76555791164673296e-10,-1.67183410142766154e-10,1.20610098366669678e-11,1.77997363055128346e-11,9.83951322062513321e-12,1.55782396894710000e-11,19,6,1,5.76460752303767552e+17,23,2,1,5.76460752303767552e+17,16,9,2,3.32306998945331719e+35,7.52766633999999954e+02,0,1.77997363055128346e-11,nan,0.00000000000000000e+00
24,0,-1.32182685641735451e-10,1.00000000000000000e+00,1.42784194870442573e-10,2,20,-1.38617331102242263e-10,-1.39735711192396122e-10,-1.42784194870442573e-10,-1.29097991678930003e-10,-1.38605318850520313e-10,-1.34051705336604129e-10,-1.33788512207236510e-10,-1.33392216331366231e-10,1.06015092287071219e-11,8.99568266320606309e-12,6.42263320878486197e-12,5.21310251915408269e-12,19,6,1,5.76460752303767552e+17,23,2,1,5.76460752303767552e+17,16,9,2,3.32306998945331719e+35,6.77069430000000011e+02,0,8.99568266320606309e-12,nan,0.00000000000000000e+00
24,1,-1.04996986079127145e-10,1.00000000000000000e+00,1.12790188293846088e-10,2,20,-1.02667355981576107e-10,-1.08370307121081133e-10,-1.12790188293846088e-10,-1.10945115050737262e-10,-1.00207309248317668e-10,-1.12026281544706322e-10,-1.08268336592445405e-10,-1.02388553593516274e-10,7.79320221471894230e-12,8.55656145722098753e-12,7.02929546557917716e-12,1.18189722963886544e-11,19,6,1,5.76460752303767552e+17,23,2,1,5.76460752303767552e+17,16,9,2,3.32306998945331719e+35,7.88818234999999959e+02,0,8.55656145722098753e-12,nan,0.00000000000000000e+00
24,2,-8.20214808272524541e-11,1.00000000000000000e+00,9.18221194220903896e-11,2,20,-8.18484404605592481e-11,-8.13380601675446108e-11,-8.34086045624846338e-11,-9.18221194220903896e-11,-8.43219032003344647e-11,-8.55757107806793832e-11,-8.27687203226710982e-11,-8.87115726674861310e-11,9.80063859483793549e-12,4.23765061313477244e-12,6.69009184023367690e-12,5.94285234481503281e-12,19,6,1,5.76460752303767552e+17,23,2,1,5.76460752303767552e+17,16,9,2,3.32306998945331719e+35,7.21212477000000035e+02,0,4.23765061313477244e-12,nan,0.00000000000000000e+00
24,3,-6.39474354073110962e-11,1.00000000000000000e+00,7.03598268520161349e-11,2,20,-6.44524544652433952e-11,-7.03598268520161349e-11,-6.56438808640479842e-11,-6.70295519625753506e-11,-6.54993920414240980e-11,-7.20615420424989302e-11,-5.46788670915573560e-11,-5.79689640194489461e-11,6.41239144470503871e-12,1.09650137724906282e-11,9.26856831575374017e-12,1.73826749509415742e-11,19,6,1,5.76460752303767552e+17,23,2,1,5.76460752303767552e+17,16,9,2,3.32306998945331719e+35,7.23343113000000017e+02,0,1.09650137724906282e-11,nan,0.00000000000000000e+00
25,0,-5.33443880871017759e-11,1.00000000000000000e+00,5.52669366299035639e-11,2,20,-4.62585953897840098e-11,-5.29102659926673151e-11,-5.52669366299035639e-11,-5.11834390040822002e-11,-6.46626194672591084e-11,-5.75660827197776091e-11,-4.49096739517363206e-11,-6.30415004163574931e-11,7.08579269731776608e-12,1.84040240774750986e-11,1.13182313801573325e-11,1.97529455155227878e-11,19,6,1,5.76460752303767552e+17,23,2,1,5.76460752303767552e+17,16,9,2,3.32306998945331719e+35,6.75057560999999964e+02,0,1.84040240774750986e-11,nan,0.00000000000000000e+00
25,1,-3.91814230638342918e-11,1.00000000000000000e+00,4.85820848761849921e-11,2,20,-3.70135640728138456e-11,-4.85820848761849921e-11,-4.82139024299455971e-11,-4.57077697130705570e-11,-4.80754789617820501e-11,-3.51637014156722701e-11,-4.84386717140588540e-11,-3.91683335450415965e-11,9.40066181235070025e-12,1.34183834605127220e-11,9.25724865022456216e-12,1.32749702983865839e-11,19,6,1,5.76460752303767552e+17,23,2,1,5.76460752303767552e+17,16,9,2,3.32306998945331719e+35,6.78767601000000013e+02,0,1.34183834605127220e-11,nan,0.00000000000000000e+00
25,2,-3.07650112092966731e-11,1.00000000000000000e+00,3.55926468491110567e-11,2,20,-2.74323399406957410e-11,-3.55926468491110567e-11,-3.26967915713855642e-11,-3.19462853465877375e-11,-3.03081892922679243e-11,-4.01916020973103929e-11,-2.29155773771718989e-11,-3.17980163585152910e-11,4.82763563981438362e-12,9.78121419421366531e-12,9.42659088801371978e-12,1.72760247201384940e-11,19,6,1,5.76460752303767552e+17,23,2,1,5.76460752303767552e+17,16,9,2,3.32306998945331719e+35,6.91858731000000034e+02,0,9.78121419421366531e-12,nan,0.00000000000000000e+00
25,3,-2.36825972333245374e-11,1.00000000000000000e+00,3.00382706530145779e-11,2,20,-2.42593224449255025e-11,-2.49638259269655858e-11,-3.00382706530145779e-11,-2.31559937449951565e-11,-2.32089107568120613e-11,-2.31508510011818236e-11,-2.67913354214507261e-11,-1.63050933480879682e-11,6.35567341969004055e-12,6.85090039690718830e-12,7.37750388523656913e-12,1.04862420733627579e-11,19,6,1,5.76460752303767552e+17,23,2,1,5.76460752303767552e+17,16,9,2,3.32306998945331719e+35,6.82314246000000026e+02,0,6.85090039690718830e-12,nan,0.00000000000000000e+00
26,0,-2.30324266172098694e-11,1.00000000000000000e+00,2.42531340247015065e-11,2,20,-1.93634378304910718e-11,-1.86420021069668079e-11,-2.42531340247015065e-11,-1.89567538336609374e-11,-2.43981430426282829e-11,-1.64478880996750838e-11,-1.89195377767820442e-11,-2.09765369313791378e-11,4.39042451024306149e-12,5.33359624791946231e-12,6.58453851753478553e-12,7.95025494295319909e-12,19,6,1,5.76460752303767552e+17,23,2,1,5.76460752303767552e+17,16,9,2,3.32306998945331719e+35,6.69377053000000046e+02,0,5.33359624791946231e-12,nan,0.00000000000000000e+00
26,1,-1.41360538778335023e-11,1.00000000000000000e+00,3.01498921129232427e-11,2,20,-1.55645857826195976e-11,-1.16541079803371248e-11,-8.73186584027656426e-12,-3.01498921129232427e-11,-1.75489985232681710e-11,-2.62981366427576308e-11,-1.71333518901970270e-11,-4.73805293555506621e-12,1.60138382350897421e-11,2.54118391773681781e-11,1.21620827649241285e-11,2.15600837072025662e-11,19,6,1,5.76460752303767552e+17,23,2,1,5.76460752303767552e+17,16,9,2,3.32306998945331719e+35,6.70247838000000002e+02,0,2.54118391773681781e-11,nan,0.00000000000000000e+00
26,2,-1.26479205922608978e-11,1.00000000000000000e+00,2.76380940934310964e-11,2,20,-1.50557393036170381e-11,-1.82029074375999606e-11,-2.76380940934310964e-11,-5.72120376350306438e-12,-1.71056401750337309e-11,2.06434155785441692e-12,-1.98475044917013252e-11,-1.95924376211923531e-11,1.49901735011702002e-11,2.02672489954543775e-11,1.47122621501153164e-11,2.19118460495557421e-11,19,6,1,5.76460752303767552e+17,23,2,1,5.76460752303767552e+17,16,9,2,3.32306998945331719e+35,7.66149667000000022e+02,0,2.02672489954543775e-11,nan,0.00000000000000000e+00
26,3,-7.50307081284308116e-12,1.00000000000000000e+00,1.54771732652883199e-11,2,20,-1.54771732652883199e-11,-1.37406007725587068e-11,-1.07120719536297040e-11,-7.81491449031876863e-12,-1.31026573559034389e-11,5.06840297238220257e-12,-8.04610488660956088e-13,-2.37513856422331995e-11,7.97410245244523871e-12,1.88090037449409109e-11,1.62483148293901200e-11,2.88197886146154004e-11,19,6,1,5.76460752303767552e+17,23,2,1,5.76460752303767552e+17,16,9,2,3.32306998945331719e+35,7.19596678999999995e+02,0,1.88090037449409109e-11,nan,0.00000000000000000e+00
27,0,-9.25013417802083075e-12,1.00000000000000000e+00,1.08241358911832491e-11,2,20,-1.08241358911832491e-11,-7.88234211189574509e-12,-5.58117049067859258e-12,-8.05551293042613472e-12,-9.98988657203300250e-12,-8.77484710597571335e-13,-1.34020342911646464e-11,-8.41586638736001957e-12,3.66896368734223818e-12,7.82086380048605386e-12,8.37264946742325942e-12,1.25245495805670751e-11,19,6,1,5.76460752303767552e+17,23,2,1,5.76460752303767552e+17,16,9,2,3.32306998945331719e+35,6.80436388999999963e+02,0,7.82086380048605386e-12,nan,0.00000000000000000e+00
27,1,-5.76655666408908313e-12,1.00000000000000000e+00,1.69494590505488762e-11,2,20,5.71424012298883612e-12,-1.69494590505488762e-11,-6.82788337556563090e-12,7.42451349102209166e-12,-9.53658950308195781e-12,-3.36515968817103653e-12,4.40595760054881512e-13,-6.78973424578719259e-12,1.31910701551111756e-11,1.52508296260707939e-11,6.20715242414396465e-12,9.97718526313683932e-12,19,6,1,5.76460752303767552e+17,23,2,1,5.76460752303767552e+17,16,9,2,3.32306998945331719e+35,6.78474169999999958e+02,0,1.52508296260707939e-11,nan,0.00000000000000000e+00
27,2,-6.43547702551777130e-12,1.00000000000000000e+00,8.46990774579372935e-12,2,20,8.46990774579372935e-12,-4.34686773576763655e-12,-3.56407302248719242e-12,-8.08989551576004837e-12,2.25735449170809440e-12,-1.91761987266123324e-12,-2.35313548082855308e-11,-5.55364028976585804e-12,1.49053847713115007e-11,1.99672817857983376e-11,1.70958777827677595e-11,2.57887092999936252e-11,19,6,1,5.76460752303767552e+17,23,2,1,5.76460752303767552e+17,16,9,2,3.32306998945331719e+35,6.54405565000000024e+02,0,1.99672817857983376e-11,nan,0.00000000000000000e+00
27,3,-5.40962179924045065e-12,1.00000000000000000e+00,1.05881762543275841e-11,2,20,-7.04023419982143984e-12,5.16344672662558712e-13,-1.05881762543275841e-11,9.47913609669784179e-13,-8.13800753058303268e-13,-3.43713141268791492e-12,-8.90090830058198670e-12,-1.20183652775101489e-11,6.35753540891023462e-12,1.29662788871799337e-11,6.60874347826969830e-12,1.12045645244518457e-11,19,6,1,5.76460752303767552e+17,23,2,1,5.76460752303767552e+17,16,9,2,3.32306998945331719e+35,6.47725538000000029e+02,0,1.29662788871799337e-11,nan,0.00000000000000000e+00
28,0,-3.83686688406128843e-12,1.00000000000000000e+00,8.56252591274060730e-12,2,20,2.94090392767476562e-12,-8.56252591274060730e-12,6.80419905130538540e-12,2.71440228967573051e-13,-8.25611849370327106e-12,-7.48055840577979737e-12,-2.51117664868348064e-11,-3.82533808866317472e-12,1.06410659353666738e-11,3.19159655381401918e-11,2.12748996027735163e-11,2.12864283981716316e-11,19,6,1,5.76460752303767552e+17,23,2,1,5.76460752303767552e+17,16,9,2,3.32306998945331719e+35,6.75552264000000037e+02,0,3.19159655381401918e-11,nan,0.00000000000000000e+00
28,1,-4.70945704404292626e-12,1.00000000000000000e+00,1.16746657631624585e-11,2,20,-7.94942590803965155e-12,-8.77538372793603017e-12,-1.16746657631624585e-11,5.67792930110495196e-12,-2.54667222463083059e-11,-8.24098660360118539e-12,-1.37307463939167702e-12,-1.40842046844043807e-11,1.03873863451478790e-11,1.97621339855093327e-11,2.07572652022653788e-11,2.40936476069166289e-11,19,6,1,5.76460752303767552e+17,23,2,1,5.76460752303767552e+17,16,9,2,3.32306998945331719e+35,6.73356682999999975e+02,0,1.97621339855093327e-11,nan,0.00000000000000000e+00
28,2,-4.98764701689190612e-12,1.00000000000000000e+00,2.35201196462610042e-11,2,20,-2.35201196462610042e-11,9.52884477108921724e-12,-1.54825868227153408e-12,-5.06778712254446559e-12,-5.69410065249052744e-12,-1.37802659723663756e-12,-2.55615916044118482e-12,3.17950672583068581e-12,1.85324726293690981e-11,1.78260189937704776e-11,8.16715374272259193e-12,8.87360737832121406e-12,19,6,1,5.76460752303767552e+17,23,2,1,5.76460752303767552e+17,16,9,2,3.32306998945331719e+35,6.87879380999999967e+02,0,1.78260189937704776e-11,nan,0.00000000000000000e+00
28,3,-5.08339125795060128e-12,1.00000000000000000e+00,2.53510155288254573e-11,2,20,2.13151995501613003e-12,1.91871998267557187e-11,-4.45853679221064886e-12,-2.53510155288254573e-11,-1.00852686367851224e-11,1.06092401462627998e-11,8.38290778077448667e-12,1.85149362838113700e-12,2.42705910847063216e-11,2.72025091572065943e-11,1.56926314042133995e-11,2.06945087830479222e-11,19,6,1,5.76460752303767552e+17,23,2,1,5.76460752303767552e+17,16,9,2,3.32306998945331719e+35,6.78585239000000001e+02,0,2.72025091572065943e-11,nan,0.00000000000000000e+00
29,0,-6.78925157128799638e-12,1.00000000000000000e+00,2.69209907303950513e-11,2,20,-1.22904185011144090e-11,-4.92423015659367315e-12,2.85510136315668387e-12,-2.69209907303950513e-11,-7.72444990037762755e-12,-2.19849566149500517e-11,-2.10253218388702620e-11,-9.23179059435504619e-12,2.01317391591070549e-11,2.38804232020269459e-11,1.51957050436620554e-11,1.42605067145724242e-11,19,6,1,5.76460752303767552e+17,23,2,1,5.76460752303767552e+17,16,9,2,3.32306998945331719e+35,6.65563609000000042e+02,0,2.38804232020269459e-11,nan,0.00000000000000000e+00
29,1,-1.11130111620351944e-11,1.00000000000000000e+00,1.77391253901135639e-11,2,20,-4.43385958874660563e-12,-1.77391253901135639e-11,-1.49114058937719591e-12,-9.28049938720890385e-12,-8.55411815371355915e-12,-1.66927249424212779e-11,1.57726401272700936e-12,-3.56114463585660676e-12,9.62187057265799925e-12,5.71935475135229710e-12,1.26902751747622033e-11,1.82699889551482885e-11,19,6,1,5.76460752303767552e+17,23,2,1,5.76460752303767552e+17,16,9,2,3.32306998945331719e+35,7.24783908999999994e+02,0,5.71935475135229710e-12,nan,0.00000000000000000e+00
29,2,-9.37908826713199411e-12,1.00000000000000000e+00,2.53208773837195204e-11,2,20,8.76272323157153465e-13,-2.18612574427579980e-11,-2.53208773837195204e-11,2.18710107508451182e-12,-1.20172562304643384e-11,-4.21822869124946829e-12,-5.82686276539347258e-12,4.86507122464239291e-12,1.59417891165875247e-11,1.94940146183260470e-11,1.42441594917743878e-11,1.68823274551067305e-11,19,6,1,5.76460752303767552e+17,23,2,1,5.76460752303767552e+17,16,9,2,3.32306998945331719e+35,6.57162518999999975e+02,0,1.94940146183260470e-11,nan,0.00000000000000000e+00
29,3,-1.35374113791337981e-11,1.00000000000000000e+00,3.81874873315964444e-11,2,20,-3.48132145205832245e-11,-1.27377578758857473e-11,7.16659687996687101e-12,-3.81874873315964444e-11,-6.80281705619430910e-12,5.09811827808269444e-12,-2.37606386371614356e-11,-2.52183209063504930e-11,2.46500759524626463e-11,3.09272355171283066e-11,1.86355296572164942e-11,3.03164391844331891e-11,19,6,1,5.76460752303767552e+17,23,2,1,5.76460752303767552e+17,16,9,2,3.32306998945331719e+35,6.51871283999999946e+02,0,3.09272355171283066e-11,nan,0.00000000000000000e+00
30,0,-1.83065935917647537e-12,1.00000000000000000e+00,1.61476502066783116e-11,2,20,-6.35118435758827917e-12,-1.35661868117911306e-12,-4.72447081818926629e-12,-1.61476502066783116e-11,-1.94297966303235558e-11,-4.07668533502125721e-11,-1.29790145575454848e-11,-4.23824937686132505e-11,1.43169908475018354e-11,3.94102346690334591e-11,4.05518344094367775e-11,2.94034792110677689e-11,19,6,1,5.76460752303767552e+17,23,2,1,5.76460752303767552e+17,16,9,2,3.32306998945331719e+35,6.54036760999999956e+02,0,3.94102346690334591e-11,nan,0.00000000000000000e+00
30,1,-1.00147955659504110e-11,1.00000000000000000e+00,3.02179024952127707e-11,2,20,3.02179024952127707e-11,-2.78876280081800287e-11,-1.40393283596211986e-11,-1.10886907898441456e-11,-9.44746038932768953e-12,-8.35542476923029111e-12,-3.21486633735358014e-11,-5.58186458455048480e-12,4.02326980611631817e-11,3.96653628845404586e-11,2.21338678075853904e-11,2.65667987889853166e-11,19,6,1,5.76460752303767552e+17,23,2,1,5.76460752303767552e+17,16,9,2,3.32306998945331719e+35,7.68088480000000004e+02,0,3.96653628845404586e-11,nan,0.00000000000000000e+00
30,2,-7.16870694642540634e-12,1.00000000000000000e+00,1.63926749324697898e-11,2,20,-1.63926749324697898e-11,-1.62533577252655743e-11,-1.47721933493881568e-11,-1.33953087412809395e-11,-5.04005757805606139e-11,2.40695514507439183e-11,-2.62762828606772409e-11,-9.52872644207922047e-12,9.22396798604438343e-12,4.03229091760094958e-11,4.32318688341352060e-11,7.44701272313045322e-11,19,6,1,5.76460752303767552e+17,23,2,1,5.76460752303767552e+17,16,9,2,3.32306998945331719e+35,8.59320236000000023e+02,0,4.03229091760094958e-11,nan,0.00000000000000000e+00
30,3,-8.59847340789956410e-12,1.00000000000000000e+00,2.96177680471653355e-11,2,20,-2.96177680471653355e-11,-2.04032344825485230e-11,-6.63161882549600837e-12,-6.77285428450969101e-12,-1.42577930524897172e-12,-6.90343741071592332e-12,-6.92642567376949687e-13,-1.25371160104323925e-11,2.10192946392657714e-11,2.81919887419163623e-11,7.90583084052261421e-12,1.18444734430554426e-11,19,6,1,5.76460752303767552e+17,23,2,1,5.76460752303767552e+17,16,9,2,3.32306998945331719e+35,6.84162937000000056e+02,0,2.81919887419163623e-11,nan,0.00000000000000000e+00
31,0,-7.49449074078573863e-12,1.00000000000000000e+00,3.69892180770413669e-11,2,20,7.00078847259429910e-12,5.74798806987495748e-12,3.69892180770413669e-11,-3.92321001591351166e-12,1.13585906050490142e-11,-2.37642801642036745e-11,7.70195302193574056e-12,8.57397054225824578e-12,4.44837088178271056e-11,2.95122682340786336e-11,1.88530813458347529e-11,3.51228707692526887e-11,19,6,1,5.76460752303767552e+17,23,2,1,5.76460752303767552e+17,16,9,2,3.32306998945331719e+35,6.73043851000000018e+02,0,2.95122682340786336e-11,nan,0.00000000000000000e+00
31,1,-7.77564875023149100e-12,1.00000000000000000e+00,4.11724447328674700e-11,2,20,-3.05689149973787726e-11,1.32231824998361367e-13,4.11724447328674700e-11,-1.39096907814877136e-11,-1.06961817120118244e-11,-8.79604127567464140e-12,-3.91182600739110759e-11,-8.98208786096288570e-12,4.89480934830989594e-11,8.02907048067785459e-11,3.13426113236795865e-11,3.03222187982364313e-11,19,6,1,5.76460752303767552e+17,23,2,1,5.76460752303767552e+17,16,9,2,3.32306998945331719e+35,7.04070740999999998e+02,0,8.02907048067785459e-11,nan,0.00000000000000000e+00
31,2,-4.88371664081535907e-12,1.00000000000000000e+00,4.38334619270105784e-11,2,20,1.52360855613741157e-11,-4.38334619270105784e-11,-2.34975987115530535e-11,-8.46924760600564418e-12,-2.05833049987240252e-11,-1.37965989042374021e-11,1.10587229926908104e-11,3.01337921035289013e-12,3.89497452861952185e-11,3.58193905600981410e-11,1.59424396335061703e-11,3.16420279914148357e-11,19,6,1,5.76460752303767552e+17,23,2,1,5.76460752303767552e+17,16,9,2,3.32306998945331719e+35,8.43755384000000049e+02,0,3.58193905600981410e-11,nan,0.00000000000000000e+00
31,3,-2.69101940572763690e-12,1.00000000000000000e+00,6.98952705793105529e-12,2,20,4.16275452002503731e-12,6.61027144875040989e-12,6.98952705793105529e-12,-4.21630219108956417e-12,3.98450362904921056e-12,-3.74858016392094025e-12,-2.27673487021247883e-11,-2.42605645545507600e-11,9.68054646365869178e-12,2.97568757600558444e-11,2.15695451488231227e-11,2.82450681835999705e-11,19,6,1,5.76460752303767552e+17,23,2,1,5.76460752303767552e+17,16,9,2,3.32306998945331719e+35,6.92191046000000028e+02,0,2.97568757600558444e-11,nan,0.00000000000000000e+00
32,0,-1.25329781434600317e-11,1.00000000000000000e+00,3.39546783535647000e-11,2,20,-3.11168794029689643e-12,-5.05405515203428391e-13,-3.25138409377547495e-11,-3.39546783535647000e-11,-3.93159524160773951e-11,-4.59519858576120662e-12,-2.77098167750377196e-11,-1.23173687498283929e-11,2.14217002101046683e-11,3.62042644757804986e-11,2.67829742726173634e-11,3.47207538303161885e-11,19,6,1,5.76460752303767552e+17,23,2,1,5.76460752303767552e+17,16,9,2,3.32306998945331719e+35,6.70182669000000033e+02,0,3.62042644757804986e-11,nan,0.00000000000000000e+00
32,1,6.16316791351770467e-13,1.00000000000000000e+00,4.44840610167406908e-11,2,20,2.09400146634537385e-11,-4.44840610167406908e-11,-1.32542261830086467e-12,3.79426699152128599e-11,-3.70683166312464053e-12,-1.44487633851017141e-12,2.50057198986298082e-14,2.92121642420285725e-11,4.51003778080924595e-11,4.30391846782305178e-11,2.85958474506768007e-11,3.29189959051532123e-11,19,6,1,5.76460752303767552e+17,23,2,1,5.76460752303767552e+17,16,9,2,3.32306998945331719e+35,6.80388958000000002e+02,0,4.30391846782305178e-11,nan,0.00000000000000000e+00
32,2,-1.36208978290064899e-12,1.00000000000000000e+00,3.92366500741245498e-11,2,20,1.12730030789274789e-11,-3.22449360219453111e-11,3.20719014218144389e-12,3.92366500741245498e-11,5.13999466626899763e-11,-3.41848713036594433e-12,1.41435182921237746e-11,2.27566935390194876e-11,4.05987398570252016e-11,4.01269435837624974e-11,5.27620364455906281e-11,5.48184337930559206e-11,19,6,1,5.76460752303767552e+17,23,2,1,5.76460752303767552e+17,16,9,2,3.32306998945331719e+35,6.49539545999999973e+02,0,4.01269435837624974e-11,nan,0.00000000000000000e+00
32,3,1.13506421969359136e-12,1.00000000000000000e+00,6.13109151200514989e-11,2,20,5.25791169080076238e-12,-1.00438550232859718e-11,6.13109151200514989e-11,-3.24770432273920599e-11,7.84414166651226368e-11,-1.72898653003770609e-11,-3.37038275672468111e-11,6.67910809212689040e-12,6.01758509003579091e-11,9.50147426872983099e-11,7.73063524454290471e-11,1.12145244232369448e-10,19,6,1,5.76460752303767552e+17,23,2,1,5.76460752303767552e+17,16,9,2,3.32306998945331719e+35,6.55299267999999984e+02,0,9.50147426872983099e-11,nan,0.00000000000000000e+00
33,0,1.96991933137959671e-11,1.00000000000000000e+00,7.78001061565042799e-11,2,20,1.86436686721901502e-11,-2.55506469982630535e-11,-1.51257276963556517e-11,-7.78001061565042799e-11,1.04974625009589946e-11,5.08450030564812122e-11,4.00831201023422461e-11,-2.47668134927328253e-12,9.74992994703002470e-11,7.63956500547442592e-11,3.11458097426852451e-11,5.33216844057544947e-11,19,6,1,5.76460752303767552e+17,23,2,1,5.76460752303767552e+17,16,9,2,3.32306998945331719e+35,6.41841288999999961e+02,0,7.63956500547442592e-11,nan,0.00000000000000000e+00
33,1,3.94785852343231953e-12,1.00000000000000000e+00,4.06588411220703338e-11,2,20,-4.06588411220703338e-11,3.70536771811283143e-11,3.10406511103454846e-11,1.98355870736538272e-12,-8.67714778737734743e-12,-2.32681306643992040e-11,-1.79935637233554022e-11,-4.64260544998336804e-11,4.46066996455026525e-11,6.03218078455275247e-11,5.03739130232659991e-11,3.77489067124563362e-11,19,6,1,5.76460752303767552e+17,23,2,1,5.76460752303767552e+17,16,9,2,3.32306998945331719e+35,6.47755404999999996e+02,0,6.03218078455275247e-11,nan,0.00000000000000000e+00
33,2,7.44082754976291320e-14,1.00000000000000000e+00,3.07844138233961746e-11,2,20,7.54757569599201789e-12,-3.07844138233961746e-11,4.37095226382535353e-12,-9.51573611492970429e-12,3.72796631626744884e-14,-6.72374653569052173e-12,1.35184862474877030e-11,-7.50256948932846388e-12,3.08588220988938067e-11,2.40606672877056529e-11,1.34440779719900742e-11,2.10210557368161685e-11,19,6,1,5.76460752303767552e+17,23,2,1,5.76460752303767552e+17,16,9,2,3.32306998945331719e+35,6.53696622000000048e+02,0,2.40606672877056529e-11,nan,0.00000000000000000e+00
33,3,9.76430457627608697e-13,1.00000000000000000e+00,6.47687988542488481e-11,2,20,-2.55424532668598238e-11,-1.93256902726104630e-11,-6.47687988542488481e-11,-3.00771745017472786e-11,-4.20904374913932608e-11,-1.39040580333083855e-11,7.17547399690109777e-11,-1.33294794410791083e-12,6.57452293118764538e-11,1.36523538823259826e-10,7.07783095113833721e-11,1.13845177460404232e-10,19,6,1,5.76460752303767552e+17,23,2,1,5.76460752303767552e+17,16,9,2,3.32306998945331719e+35,6.55838922000000025e+02,0,1.36523538823259826e-10,nan,0.00000000000000000e+00
34,0,-2.38679188307660043e-12,1.00000000000000000e+00,5.07626057703732205e-11,2,20,1.52074277878740200e-11,-1.19739525174019096e-11,5.07626057703732205e-11,-1.90574646998191126e-12,3.92984421367361556e-11,-4.57641671605569334e-11,-5.00434218988458992e-11,-7.66207180622404074e-11,5.31493976534498197e-11,1.00806027669219126e-10,7.42339261791638082e-11,1.15919160198976569e-10,19,6,1,5.76460752303767552e+17,23,2,1,5.76460752303767552e+17,16,9,2,3.32306998945331719e+35,6.53084050000000047e+02,0,1.00806027669219126e-10,nan,0.00000000000000000e+00
34,1,-4.69991264689702280e-12,1.00000000000000000e+00,5.84553031496361267e-11,2,20,-3.65442410232886461e-11,5.40493658243514726e-11,2.47057534282037527e-11,5.84553031496361267e-11,-1.45865542859563856e-12,3.69668943135384100e-11,-2.61782876204912224e-11,2.89235926040574419e-11,6.31552157965331463e-11,5.08840410486949751e-11,4.16668069604354296e-11,6.31451819340296389e-11,19,6,1,5.76460752303767552e+17,23,2,1,5.76460752303767552e+17,16,9,2,3.32306998945331719e+35,6.48627128999999968e+02,0,5.08840410486949751e-11,nan,0.00000000000000000e+00
34,2,-4.97329161476498513e-12,1.00000000000000000e+00,5.08680193247707813e-11,2,20,3.01106792676537107e-11,-5.08680193247707813e-11,-4.12163188494665076e-11,-4.05471805379908053e-11,-2.22363009153765567e-11,-1.96458116141749454e-11,-1.26512697377657410e-11,2.05933069249301213e-11,4.58947277100057978e-11,6.11404874629209266e-11,2.55665985396951048e-11,4.28296078403066780e-11,19,6,1,5.76460752303767552e+17,23,2,1,5.76460752303767552e+17,16,9,2,3.32306998945331719e+35,7.02724149000000011e+02,0,6.11404874629209266e-11,nan,0.00000000000000000e+00
34,3,-1.92409253431168724e-12,1.00000000000000000e+00,2.19058401038606114e-11,2,20,7.84134344031354434e-12,2.19058401038606114e-11,-2.71732855303889563e-12,-5.79250367047881849e-12,-2.84984981321009287e-12,4.48729522694478456e-12,-6.18721533407665635e-11,-1.79340207081214474e-11,2.38299326381722978e-11,5.91548247877276678e-11,5.99480608064548803e-11,6.63594485677113432e-11,19,6,1,5.76460752303767552e+17,23,2,1,5.76460752303767552e+17,16,9,2,3.32306998945331719e+35,6.50144075000000043e+02,0,5.91548247877276678e-11,nan,0.00000000000000000e+00
35,0,-1.80919462933434722e-11,1.00000000000000000e+00,4.00825247662552985e-11,2,20,-9.64729064256955142e-12,-3.84507005028425876e-11,-1.59580396054075720e-11,-4.00825247662552985e-11,-1.37691056870725181e-11,-7.07557028334614824e-15,-2.54642882886857450e-11,-5.07874511538767341e-11,2.19905784729118263e-11,3.84436249325592447e-11,3.26955048605332619e-11,5.07803755835933912e-11,19,6,1,5.76460752303767552e+17,23,2,1,5.76460752303767552e+17,16,9,2,3.32306998945331719e+35,6.90124865000000000e+02,0,3.84436249325592447e-11,nan,0.00000000000000000e+00
35,1,-7.73489000559939960e-12,1.00000000000000000e+00,3.23779414703974739e-11,2,20,-3.23779414703974739e-11,2.38347235441403928e-11,7.27560646373899974e-12,1.38867095923309715e-11,-2.38467377875788469e-11,-6.37976291476313410e-11,1.27523803148647026e-11,-2.56961096510401415e-11,3.15696135497397924e-11,8.76323526917717402e-11,5.60627391420319414e-11,7.65500094624960501e-11,19,6,1,5.76460752303767552e+17,23,2,1,5.76460752303767552e+17,16,9,2,3.32306998945331719e+35,6.61692353000000026e+02,0,8.76323526917717402e-11,nan,0.00000000000000000e+00
35,2,-1.36277530284924213e-11,1.00000000000000000e+00,7.11495367596410295e-11,2,20,-7.11495367596410295e-11,4.91048854670914108e-12,-3.41428483070478736e-11,-3.38578035466918917e-11,3.70326943708029137e-12,2.24267552853007951e-11,-5.97378764250644198e-11,-1.62285429118349552e-11,5.75217837311486082e-11,7.48528061967213176e-11,4.61101233965719985e-11,8.21646317103652181e-11,19,6,1,5.76460752303767552e+17,23,2,1,5.76460752303767552e+17,16,9,2,3.32306998945331719e+35,7.07914041999999995e+02,0,7.48528061967213176e-11,nan,0.00000000000000000e+00
35,3,-1.06348915448828210e-11,1.00000000000000000e+00,7.55436748333444325e-11,2,20,1.17620913762867566e-11,2.65565337400756913e-11,5.60279652064439640e-12,-7.55436748333444325e-11,1.21020148234973701e-10,-2.82447999391485448e-11,-6.98116196819227985e-11,-7.22861139436530600e-11,6.49087832884616099e-11,1.09258056858686948e-10,1.31655039779856524e-10,1.93306262178626761e-10,19,6,1,5.76460752303767552e+17,23,2,1,5.76460752303767552e+17,16,9,2,3.32306998945331719e+35,6.87591271000000006e+02,0,1.09258056858686948e-10,nan,0.00000000000000000e+00
36,0,-3.60851952759355795e-12,1.00000000000000000e+00,8.70045929421019117e-11,2,20,-3.32038405767772076e-11,-8.70045929421019117e-11,-3.02130297000095893e-11,-2.10326028260854579e-11,7.01870223267233449e-11,-3.12924289865537163e-11,2.20553315054830498e-11,-2.44168488222187835e-11,8.33960734145083530e-11,1.03390862903500546e-10,7.37955418543169036e-11,1.01479451313277061e-10,19,6,1,5.76460752303767552e+17,23,2,1,5.76460752303767552e+17,16,9,2,3.32306998945331719e+35,7.28395127000000002e+02,0,1.03390862903500546e-10,nan,0.00000000000000000e+00
36,1,9.06619935777935165e-12,1.00000000000000000e+00,6.36693218654657630e-11,2,20,-4.98708812038797965e-11,-4.48132081137509329e-11,6.36693218654657630e-11,-1.76482713891958603e-11,8.81334148635165050e-12,-6.05469728665474146e-12,-1.53167153999712837e-11,-7.08441606243971385e-11,5.89370805616591514e-11,7.89860372654370467e-11,7.99103599821764934e-11,7.96575021107487874e-11,19,6,1,5.76460752303767552e+17,23,2,1,5.76460752303767552e+17,16,9,2,3.32306998945331719e+35,6.77370518999999945e+02,0,7.89860372654370467e-11,nan,0.00000000000000000e+00
36,2,1.85166460839498337e-11,1.00000000000000000e+00,5.04788735354532411e-11,2,20,-2.31058120272187085e-12,3.31652756949799218e-11,2.49565912121744833e-11,-5.04788735354532411e-11,1.37183664146242166e-11,9.24800819314438999e-11,9.90845899250930137e-11,-3.85330557655939150e-11,6.89955196194030781e-11,7.41279987129185369e-11,8.05679438411431832e-11,1.37617645690686935e-10,19,6,1,5.76460752303767552e+17,23,2,1,5.76460752303767552e+17,16,9,2,3.32306998945331719e+35,6.98856314999999995e+02,0,7.41279987129185369e-11,nan,0.00000000000000000e+00
36,3,1.12758729462193494e-11,1.00000000000000000e+00,1.37657816067030063e-10,2,20,3.73620544110203827e-11,-8.18249523475698007e-11,1.37657816067030063e-10,-4.19427311480257598e-11,1.11518696208119175e-10,5.42628160981049831e-11,7.57319139212754759e-11,-1.69470864397540112e-11,1.26381943120810709e-10,1.36087768445674777e-10,1.00242823261899821e-10,1.28465782647873193e-10,19,6,1,5.76460752303767552e+17,23,2,1,5.76460752303767552e+17,16,9,2,3.32306998945331719e+35,8.31993076999999971e+02,0,1.36087768445674777e-10,nan,0.00000000000000000e+00
37,0,-1.39315258642340151e-11,1.00000000000000000e+00,8.41501007676157836e-11,2,20,-5.62817536267548623e-11,7.13085383247943221e-11,2.52366130689727085e-11,-8.41501007676157836e-11,2.79639285972652237e-11,4.18065632416747444e-11,2.00668944229091278e-11,3.31926529495062237e-11,8.52400641890283404e-11,1.17342753717122020e-10,5.57380891059087627e-11,2.17396688187656166e-11,19,6,1,5.76460752303767552e+17,23,2,1,5.76460752303767552e+17,16,9,2,3.32306998945331719e+35,6.69075496000000044e+02,0,1.17342753717122020e-10,nan,0.00000000000000000e+00
37,1,-1.48873402118152855e-11,1.00000000000000000e+00,8.15329440189310187e-11,2,20,1.84993296754428962e-11,7.51713427357197399e-12,-5.05908953620700820e-13,-8.15329440189310187e-11,5.81488266035013800e-11,-1.62318268184343426e-10,4.83679386567051075e-11,4.31750954100440073e-11,6.66456038071157300e-11,1.69835402457915400e-10,1.47430927972528137e-10,2.20467094787844819e-10,19,6,1,5.76460752303767552e+17,23,2,1,5.76460752303767552e+17,16,9,2,3.32306998945331719e+35,7.31292911000000004e+02,0,1.69835402457915400e-10,nan,0.00000000000000000e+00
37,2,-1.31013491747540669e-11,1.00000000000000000e+00,5.34255021044281253e-11,2,20,-5.34255021044281253e-11,1.56385439269203474e-11,3.18986543288506215e-11,4.31191683066310451e-11,-1.01400132088126283e-11,7.46119517401031898e-11,-3.45534836871199230e-11,-9.79076544738338225e-11,5.62205174813851136e-11,1.41026822780464880e-10,8.77133009148572519e-11,1.72519606213937012e-10,19,6,1,5.76460752303767552e+17,23,2,1,5.76460752303767552e+17,16,9,2,3.32306998945331719e+35,6.96334913000000029e+02,0,1.41026822780464880e-10,nan,0.00000000000000000e+00
37,3,-2.10883220628149413e-11,1.00000000000000000e+00,6.14404250196773372e-11,2,20,5.94733241407311670e-11,-1.98497857544712686e-11,3.58294172062105563e-11,-6.14404250196773372e-11,-6.29027954734592108e-11,4.83613121044368801e-11,-3.34849533059283745e-11,-5.25530207833145467e-11,8.05616462035461018e-11,1.22376119614190378e-10,6.94496341672518214e-11,1.11264107577896097e-10,19,6,1,5.76460752303767552e+17,23,2,1,5.76460752303767552e+17,16,9,2,3.32306998945331719e+35,6.96749341999999956e+02,0,1.22376119614190378e-10,nan,0.00000000000000000e+00
38,0,-1.04861335760731803e-11,1.00000000000000000e+00,7.42915983799675739e-11,2,20,-7.42915983799675739e-11,9.59165370856040567e-12,-8.07875279988564560e-12,-6.04261266315842615e-11,2.06007116062470868e-11,-2.12574001167557012e-11,5.07521887258896216e-11,-1.04035994818509108e-10,6.38054648038943952e-11,9.48923099862146574e-11,9.35498612424359294e-11,1.54788183544398717e-10,19,6,1,5.76460752303767552e+17,23,2,1,5.76460752303767552e+17,16,9,2,3.32306998945331719e+35,6.80781701999999996e+02,0,9.48923099862146574e-11,nan,0.00000000000000000e+00
38,1,-1.41348367975760871e-11,1.00000000000000000e+00,8.11660901470523508e-11,2,20,8.11660901470523508e-11,-5.98876353051248504e-11,3.25450071219960217e-11,-1.38194940126052107e-11,4.69013373221528151e-11,-5.76435384167471064e-12,-1.97049170497540110e-11,-6.53579534066552712e-11,9.53009269446284347e-11,5.41232814634501397e-11,6.10361741197289054e-11,1.12259290728808080e-10,19,6,1,5.76460752303767552e+17,23,2,1,5.76460752303767552e+17,16,9,2,3.32306998945331719e+35,6.49226347000000032e+02,0,5.41232814634501397e-11,nan,0.00000000000000000e+00
38,2,-2.91834197054877968e-11,1.00000000000000000e+00,1.04839247992383995e-10,2,20,-1.04839247992383995e-10,-1.35410255644203995e-11,-6.46653523745902397e-11,2.96063939669697614e-11,1.23785268518932018e-10,-3.54197258262786191e-11,-1.49314139206296833e-11,1.01553415319371457e-11,7.56558282868961918e-11,2.28624516511316013e-10,1.52968688224419821e-10,1.59204994345210650e-10,19,6,1,5.76460752303767552e+17,23,2,1,5.76460752303767552e+17,16,9,2,3.32306998945331719e+35,6.57858386999999993e+02,0,2.28624516511316013e-10,nan,0.00000000000000000e+00
38,3,-2.09345036692574652e-11,1.00000000000000000e+00,1.35419689348127288e-10,2,20,-1.35419689348127288e-10,-6.11611031631147909e-11,-6.25516778835530474e-11,-2.97193712558739573e-11,-7.90776441599722813e-11,2.42173986287130342e-11,-2.29921488948049173e-10,-7.45121826798066403e-11,1.14485185678869820e-10,1.67369811064496139e-10,2.08986985278791718e-10,2.54138887576762227e-10,19,6,1,5.76460752303767552e+17,23,2,1,5.76460752303767552e+17,16,9,2,3.32306998945331719e+35,6.78338834000000020e+02,0,1.67369811064496139e-10,nan,0.00000000000000000e+00
39,0,-6.01137423726487577e-11,1.00000000000000000e+00,1.68460151688511016e-10,2,20,8.35227310018826042e-12,-5.22901405484560027e-12,-1.68460151688511016e-10,-9.43399641075524912e-11,-1.17314757425034666e-10,2.84746919595881433e-11,-1.24123938437274160e-10,1.27707164559109324e-11,1.08346409315862259e-10,1.25667030525222927e-10,8.85884343322369011e-11,1.52598630396862303e-10,19,6,1,5.76460752303767552e+17,23,2,1,5.76460752303767552e+17,16,9,2,3.32306998945331719e+35,6.59332779999999957e+02,0,1.25667030525222927e-10,nan,0.00000000000000000e+00
39,1,-4.07869345073254145e-11,1.00000000000000000e+00,2.11005976831616195e-10,2,20,3.44169125412048265e-11,-2.11005976831616195e-10,-5.41910227527597652e-11,-3.43160239480438258e-11,-3.21707117155858447e-11,-2.20835389940447427e-11,-6.79144344136930464e-11,-8.43618887954156566e-12,1.70219042324290793e-10,1.88922437837571458e-10,3.23507456277838472e-11,5.94782455341514792e-11,19,6,1,5.76460752303767552e+17,23,2,1,5.76460752303767552e+17,16,9,2,3.32306998945331719e+35,6.77875304000000028e+02,0,1.88922437837571458e-10,nan,0.00000000000000000e+00
39,2,-5.33759647950808258e-11,1.00000000000000000e+00,2.46421753161688773e-10,2,20,-1.83705756240364660e-11,-8.03203793753842096e-11,8.40305769406380036e-12,-2.46421753161688773e-10,-1.59255941906105357e-10,1.15019726643501026e-11,-4.62170697360177781e-11,-1.16028025149063739e-10,1.93045788366607940e-10,1.40885366282068891e-10,1.05879977111024524e-10,1.70757914570455453e-10,19,6,1,5.76460752303767552e+17,23,2,1,5.76460752303767552e+17,16,9,2,3.32306998945331719e+35,7.35097223999999983e+02,0,1.40885366282068891e-10,nan,0.00000000000000000e+00
39,3,-5.21302917583599144e-11,1.00000000000000000e+00,6.98894445701379395e-11,2,20,-6.34287775265755840e-11,-5.59715931062503774e-11,-6.98894445701379395e-11,-5.27855520573011119e-11,4.82325593705727608e-12,-6.44226874370173172e-11,3.46671084433840136e-11,-1.30257881216854531e-10,1.77591528117780251e-11,1.04556553013521953e-10,8.67974002017439215e-11,1.64924989660238545e-10,19,6,1,5.76460752303767552e+17,23,2,1,5.76460752303767552e+17,16,9,2,3.32306998945331719e+35,8.79779533000000015e+02,0,1.04556553013521953e-10,nan,0.00000000000000000e+00
40,0,-6.87201238893911308e-11,1.00000000000000000e+00,1.64234396816823293e-10,2,20,1.64234396816823293e-10,-6.29411292503143823e-11,-1.29054741144733110e-10,7.49050472174409612e-11,-2.40324308033247887e-11,-1.55586035935944757e-11,2.02550487792322101e-11,1.13400172735282074e-13,2.32954520706214423e-10,1.88266827620148081e-10,8.89751726686233409e-11,4.42874795825569989e-11,19,6,1,5.76460752303767552e+17,23,2,1,5.76460752303767552e+17,16,9,2,3.32306998945331719e+35,7.28413756000000035e+02,0,1.88266827620148081e-10,nan,0.00000000000000000e+00
40,1,-3.24650346064914631e-11,1.00000000000000000e+00,1.67605561277764115e-10,2,20,-1.84659807264397443e-11,-3.50348240166640577e-11,-1.35555015254667236e-11,-1.67605561277764115e-10,-1.22071817931232211e-10,-7.96738813314182415e-11,-3.78737693136971398e-10,-1.64036647321769193e-10,1.35140526671272646e-10,3.65182191611504697e-10,3.46272658530479929e-10,2.99063811805553157e-10,19,6,1,5.76460752303767552e+17,23,2,1,5.76460752303767552e+17,16,9,2,3.32306998945331719e+35,6.78769850000000019e+02,0,3.65182191611504697e-10,nan,0.00000000000000000e+00
40,2,-4.68213438255525783e-11,1.00000000000000000e+00,3.17882219568733006e-10,2,20,-8.14154900901366654e-11,-1.88928388256276025e-11,-7.65534175825075003e-11,-3.17882219568733006e-10,-2.88703223192539808e-11,6.86737423226605732e-11,1.26330184955426870e-10,4.44153407377663288e-12,2.71060875743180434e-10,3.22323753642509613e-10,1.73151528780979442e-10,1.55200507274680838e-10,19,6,1,5.76460752303767552e+17,23,2,1,5.76460752303767552e+17,16,9,2,3.32306998945331719e+35,7.32684066000000030e+02,0,3.22323753642509613e-10,nan,0.00000000000000000e+00
40,3,-3.61770147589046400e-11,1.00000000000000000e+00,1.23455742765131666e-10,2,20,-1.23455742765131666e-10,-3.91715692229442131e-11,1.19698313349980698e-10,4.83058215672490413e-11,-3.06158138401627663e-11,-3.48818100045538922e-11,-7.77515133045812696e-11,2.23851556052432990e-12,1.55875328108885325e-10,1.97449826654561968e-10,4.15744985456766296e-11,7.99900288651055930e-11,19,6,1,5.76460752303767552e+17,23,2,1,5.76460752303767552e+17,16,9,2,3.32306998945331719e+35,8.95885449999999992e+02,0,1.97449826654561968e-10,nan,0.00000000000000000e+00
41,0,-5.57463037527340793e-11,1.00000000000000000e+00,1.16786036988015340e-10,2,20,-8.21506495939285029e-12,-5.71094614297329066e-11,5.35184100197786247e-11,-1.16786036988015340e-10,-2.14795845188846713e-11,-2.72981963664915254e-11,-8.97918603583739537e-11,1.87961301540339642e-10,1.09264713772512704e-10,3.04747338528354956e-10,2.43707605293073721e-10,2.77753161898713595e-10,19,6,1,5.76460752303767552e+17,23,2,1,5.76460752303767552e+17,16,9,2,3.32306998945331719e+35,6.60524358000000007e+02,0,3.04747338528354956e-10,nan,0.00000000000000000e+00
41,1,-2.62279835326825865e-11,1.00000000000000000e+00,1.92009855741049260e-10,2,20,-1.92009855741049260e-10,-2.52745742646808753e-11,-7.01808570216047885e-11,-1.30086161173033790e-10,-1.41810957696428538e-10,1.10463976991728466e-11,-1.29384960075454631e-10,-2.15982779420046188e-10,1.65781872208366683e-10,8.58966182470123979e-11,1.89754795887363611e-10,2.27029177119219034e-10,19,6,1,5.76460752303767552e+17,23,2,1,5.76460752303767552e+17,16,9,2,3.32306998945331719e+35,6.64376460999999949e+02,0,8.58966182470123979e-11,nan,0.00000000000000000e+00
41,2,-4.84401668634850027e-11,1.00000000000000000e+00,1.80476474173056136e-10,2,20,-8.24305014733353825e-12,3.33454974300933850e-11,6.47922656230959224e-12,-1.80476474173056136e-10,1.13836453738653397e-11,-2.47566280855222684e-10,-5.51074748428202262e-11,-1.03853188008780678e-10,1.32036307309571140e-10,2.80911778285316095e-10,1.99126113991737688e-10,2.58949926229088024e-10,19,6,1,5.76460752303767552e+17,23,2,1,5.76460752303767552e+17,16,9,2,3.32306998945331719e+35,6.85860764000000017e+02,0,2.80911778285316095e-10,nan,0.00000000000000000e+00
41,3,-2.67311816668985533e-11,1.00000000000000000e+00,1.57365206478383370e-10,2,20,-1.39700225220188901e-10,1.32151361625060537e-10,1.57365206478383370e-10,-1.18259733000967396e-11,-1.69434093453114296e-10,-1.23460784310636815e-10,1.14408733633426874e-10,-9.65962497677983446e-11,1.84096388145281917e-10,2.55612145935697352e-10,1.42702911786215749e-10,2.83842827086541170e-10,19,6,1,5.76460752303767552e+17,23,2,1,5.76460752303767552e+17,16,9,2,3.32306998945331719e+35,6.65555010000000038e+02,0,2.55612145935697352e-10,nan,0.00000000000000000e+00
42,0,-2.49025929363860742e-12,1.00000000000000000e+00,2.71499016737159419e-10,2,20,5.84157877331814182e-11,-2.71499016737159419e-10,2.87296056245490685e-11,3.93145781908821473e-13,4.34706783287685922e-11,-1.25548233782990094e-10,1.22693306649583100e-10,8.41136871990932194e-11,2.69008757443520812e-10,1.45950782954169325e-10,1.25183565943221707e-10,2.48241540432573168e-10,19,6,1,5.76460752303767552e+17,23,2,1,5.76460752303767552e+17,16,9,2,3.32306998945331719e+35,6.55986869999999954e+02,0,1.45950782954169325e-10,nan,0.00000000000000000e+00
42,1,2.22414848602416283e-11,1.00000000000000000e+00,1.50575462478891216e-10,2,20,1.19380620646381525e-10,-1.50575462478891216e-10,-6.68304452651651872e-11,4.71635572397045275e-11,1.70612788723357477e-11,-1.26039464109254622e-10,1.19365735813555007e-10,8.33936485025596895e-11,1.72816947339132838e-10,1.86196181078720194e-10,1.48280948969496244e-10,2.45405199922809629e-10,19,6,1,5.76460752303767552e+17,23,2,1,5.76460752303767552e+17,16,9,2,3.32306998945331719e+35,6.72981860999999981e+02,0,1.86196181078720194e-10,nan,0.00000000000000000e+00
42,2,1.07900262414393847e-11,1.00000000000000000e+00,1.91938712221791154e-10,2,20,1.91938712221791154e-10,7.18082743643620165e-11,-4.29283037323653289e-11,-8.26337365994916669e-12,-1.16235959141312516e-10,-1.23476853346772811e-10,-6.10321837985872485e-11,-1.77961433740701224e-10,1.81148685980351766e-10,3.08174671363103695e-10,1.88751459982140612e-10,1.16929249942113975e-10,19,6,1,5.76460752303767552e+17,23,2,1,5.76460752303767552e+17,16,9,2,3.32306998945331719e+35,6.67707952999999975e+02,0,3.08174671363103695e-10,nan,0.00000000000000000e+00
42,3,1.16492777359151883e-11,1.00000000000000000e+00,2.38195893497914897e-10,2,20,2.19964880504604732e-11,-2.38195893497914897e-10,4.69581145854731017e-12,1.87728259074394702e-10,-1.25538695940755215e-10,-4.61368389698150156e-11,-3.19783423382744080e-11,-3.20621625477795524e-10,2.49845171233830110e-10,5.08349884552190278e-10,3.32270903213710736e-10,2.88643283139521135e-10,19,6,1,5.76460752303767552e+17,23,2,1,5.76460752303767552e+17,16,9,2,3.32306998945331719e+35,6.74258259999999950e+02,0,5.08349884552190278e-10,nan,0.00000000000000000e+00
43,0,1.39471248874510316e-12,1.00000000000000000e+00,3.55490573978453509e-10,2,20,-1.61111001010729311e-10,-3.55490573978453509e-10,-3.09103352842766163e-10,1.14199980778877832e-10,-1.60095512736488959e-11,-3.14736702776633117e-10,-1.19954151876475054e-10,2.32186633694842949e-11,3.56885286467198616e-10,1.89149200966291109e-10,3.16131415265378224e-10,3.37955366146117438e-10,19,6,1,5.76460752303767552e+17,23,2,1,5.76460752303767552e+17,16,9,2,3.32306998945331719e+35,6.78057549999999992e+02,0,1.89149200966291109e-10,nan,0.00000000000000000e+00
43,1,-5.30945212777951800e-11,1.00000000000000000e+00,1.89869944149975916e-10,2,20,1.07603078552888854e-10,8.93267975174876382e-11,-1.34475314054124915e-10,-1.89869944149975916e-10,-3.73828651095178264e-10,-1.74497076462800920e-10,6.99361213552781796e-11,6.66676692549331157e-11,1.60697599830684021e-10,4.81431729648067131e-10,3.20734129817383110e-10,4.43764772450456469e-10,19,6,1,5.76460752303767552e+17,23,2,1,5.76460752303767552e+17,16,9,2,3.32306998945331719e+35,6.72593065000000024e+02,0,4.81431729648067131e-10,nan,0.00000000000000000e+00
43,2,-3.26882171193533386e-11,1.00000000000000000e+00,2.60879349354437936e-10,2,20,1.56971223202483077e-10,7.40095528758111147e-12,-2.60879349354437936e-10,1.08267284795775680e-11,-4.49811353173675702e-11,-4.58474575799563513e-10,-5.43411048370293099e-11,-2.59774076480291694e-11,2.28191132235084598e-10,4.65875531087144650e-10,4.25786358680210174e-10,4.32497168151534344e-10,19,6,1,5.76460752303767552e+17,23,2,1,5.76460752303767552e+17,16,9,2,3.32306998945331719e+35,6.75703984999999989e+02,0,4.65875531087144650e-10,nan,0.00000000000000000e+00
43,3,-1.28192225989978427e-11,1.00000000000000000e+00,3.22703207503171412e-10,2,20,3.22703207503171412e-10,1.51367719211600243e-10,3.93393965142388033e-11,3.51189087421283513e-11,-1.53924951238882205e-10,-2.44614050938679487e-10,4.20273746403282334e-11,3.94555016354758944e-10,3.35522430102169280e-10,4.76628158742053617e-10,4.07374238953756813e-10,6.39169067293438431e-10,19,6,1,5.76460752303767552e+17,23,2,1,5.76460752303767552e+17,16,9,2,3.32306998945331719e+35,6.76778569999999945e+02,0,4.76628158742053617e-10,nan,0.00000000000000000e+00
44,0,1.48615302273183818e-11,1.00000000000000000e+00,1.26152102259687056e-10,2,20,-1.26152102259687056e-10,5.93049530769610403e-11,-7.45680707124977638e-11,-8.81671233335319063e-11,4.97476623138243018e-11,2.33451996321419271e-10,-9.63909971448299579e-11,-2.95621498148618075e-10,1.41013632487005444e-10,2.07454374815086169e-10,3.10483028375936437e-10,5.29073494470037346e-10,19,6,1,5.76460752303767552e+17,23,2,1,5.76460752303767552e+17,16,9,2,3.32306998945331719e+35,7.29432079000000044e+02,0,2.07454374815086169e-10,nan,0.00000000000000000e+00
44,1,1.36338677467827576e-11,1.00000000000000000e+00,2.45364372140641729e-10,2,20,1.54576055557223836e-11,2.22563073379220346e-10,2.45364372140641729e-10,-1.21971686907965653e-10,1.99859071543213497e-10,1.18452822287941367e-10,2.79770181343591312e-10,1.53196442479148505e-11,2.31730504393858964e-10,1.84401465987491127e-10,2.66136313596808546e-10,2.64450537095676461e-10,19,6,1,5.76460752303767552e+17,23,2,1,5.76460752303767552e+17,16,9,2,3.32306998945331719e+35,6.64064706999999999e+02,0,1.84401465987491127e-10,nan,0.00000000000000000e+00
44,2,1.39606873100546086e-11,1.00000000000000000e+00,1.53209685128501318e-10,2,20,-1.53209685128501318e-10,8.91170261980743694e-11,6.74193952675829806e-11,-8.44132322865656085e-11,-7.25255454833067306e-11,2.90272240747555971e-11,3.60164156922869352e-10,-2.98917072185045683e-10,1.67170372438555920e-10,2.92744761655286397e-10,3.46203469612814750e-10,6.59081229107915035e-10,19,6,1,5.76460752303767552e+17,23,2,1,5.76460752303767552e+17,16,9,2,3.32306998945331719e+35,6.54271244000000024e+02,0,2.92744761655286397e-10,nan,0.00000000000000000e+00
44,3,3.48129455294468976e-11,1.00000000000000000e+00,2.10327314412970799e-10,2,20,-3.19144195775104211e-11,2.10327314412970799e-10,6.75955450515997058e-11,6.33250904363216418e-11,-8.70774640208324221e-11,2.70578354631026496e-10,3.66299364903615189e-10,1.48405083925176615e-10,1.75514368883523902e-10,2.98703819852015496e-10,3.31486419374168317e-10,4.53376828924447637e-10,19,6,1,5.76460752303767552e+17,23,2,1,5.76460752303767552e+17,16,9,2,3.32306998945331719e+35,6.76123679000000038e+02,0,2.98703819852015496e-10,nan,0.00000000000000000e+00
45,0,4.51291109844782344e-11,1.00000000000000000e+00,3.31396251704075718e-10,2,20,1.39381274810690263e-10,3.05438050836077334e-10,-2.37515061929362114e-10,3.31396251704075718e-10,2.83843717072839682e-10,8.31097887191997234e-11,1.21925898473239163e-10,-6.47291150626132607e-12,2.86267140719597464e-10,3.59440960402601302e-10,2.38714606088361428e-10,2.90316628579101008e-10,19,6,1,5.76460752303767552e+17,23,2,1,5.76460752303767552e+17,16,9,2,3.32306998945331719e+35,6.67346293999999943e+02,0,3.59440960402601302e-10,nan,0.00000000000000000e+00
45,1,-2.21491201993993200e-11,1.00000000000000000e+00,1.22774248772259803e-10,2,20,-1.14613414120685702e-10,-1.63790670765925403e-11,-8.27820784979740200e-11,-1.22774248772259803e-10,-3.72095307553929405e-10,-1.63265110096937351e-10,-2.40182129569658840e-10,-2.30980522637640800e-11,1.00625128572860480e-10,2.57481893433243704e-10,3.49946187354530095e-10,3.48997255290165351e-10,19,6,1,5.76460752303767552e+17,23,2,1,5.76460752303767552e+17,16,9,2,3.32306998945331719e+35,7.97441580000000044e+02,0,2.57481893433243704e-10,nan,0.00000000000000000e+00
45,2,-5.65809302997080447e-12,1.00000000000000000e+00,2.54290829887389631e-10,2,20,1.34882218724756244e-12,1.03123731067008173e-10,2.54290829887389631e-10,1.79688154814405980e-10,4.71315214880470403e-10,-2.06410949941809815e-10,-2.74511504469252071e-10,-4.58412538266797673e-12,2.59948922917360414e-10,5.28802334356641702e-10,4.76973307910441186e-10,7.45826719349722474e-10,19,6,1,5.76460752303767552e+17,23,2,1,5.76460752303767552e+17,16,9,2,3.32306998945331719e+35,7.71419218000000001e+02,0,5.28802334356641702e-10,nan,0.00000000000000000e+00
45,3,-4.98347220670900502e-11,1.00000000000000000e+00,1.94433569840160737e-10,2,20,6.02890678057645353e-11,-1.94433569840160737e-10,-6.23897781582186534e-11,2.49346892152869736e-11,-3.90920370513951587e-10,2.89268202390673948e-10,-1.11314248025820053e-11,-1.25587413247536489e-10,1.44598847773070680e-10,4.83701772230834685e-10,3.41085648446861556e-10,6.80188572904625535e-10,19,6,1,5.76460752303767552e+17,23,2,1,5.76460752303767552e+17,16,9,2,3.32306998945331719e+35,6.71221709000000033e+02,0,4.83701772230834685e-10,nan,0.00000000000000000e+00
46,0,-3.95972592858750918e-13,1.00000000000000000e+00,2.66575520863235371e-10,2,20,2.66575520863235371e-10,-4.53458135072115163e-11,-9.74398463469391459e-11,-2.91333949478461612e-11,2.03063521967851753e-11,2.24409227138430902e-10,-1.13241726606916131e-10,2.67780861007148525e-11,2.66971493456094115e-10,2.69755040645642425e-10,2.24805199731289646e-10,3.37650953745347007e-10,19,6,1,5.76460752303767552e+17,23,2,1,5.76460752303767552e+17,16,9,2,3.32306998945331719e+35,6.60597276999999963e+02,0,2.69755040645642425e-10,nan,0.00000000000000000e+00
46,1,-1.61060752587110593e-11,1.00000000000000000e+00,6.61665932786716907e-10,2,20,2.13468343958145554e-10,-6.61665932786716907e-10,5.20215985339448625e-11,3.54499952032056495e-10,-7.92523702500569277e-11,-5.04731489504352956e-12,-4.21169131279310976e-10,-2.72731173809543232e-10,6.45559857528005883e-10,6.56618617891673377e-10,4.05063056020599901e-10,4.16121816384267446e-10,19,6,1,5.76460752303767552e+17,23,2,1,5.76460752303767552e+17,16,9,2,3.32306998945331719e+35,7.44554249000000027e+02,0,6.56618617891673377e-10,nan,0.00000000000000000e+00
46,2,-2.05664257443805934e-11,1.00000000000000000e+00,1.72966733873658592e-10,2,20,6.56532166287902826e-11,1.43103668857508931e-10,2.44346231216389961e-11,-1.72966733873658592e-10,2.54448310217750286e-10,-5.05994954167340634e-10,2.73293688924567433e-10,-3.91349627227661943e-10,1.63670094601889524e-10,6.49098623024849591e-10,4.85428528422960015e-10,7.79288643091908119e-10,19,6,1,5.76460752303767552e+17,23,2,1,5.76460752303767552e+17,16,9,2,3.32306998945331719e+35,6.85593127999999979e+02,0,6.49098623024849591e-10,nan,0.00000000000000000e+00
46,3,-3.84681440532707663e-11,1.00000000000000000e+00,4.35740318102894420e-10,2,20,-5.04431342085182177e-11,4.87369278821470303e-11,-4.35740318102894420e-10,1.91177828636935604e-10,-3.21825763501047626e-11,4.44194936076315321e-10,-3.89796744528974526e-10,9.51827630412102932e-11,3.97272174049623641e-10,3.95458008194168277e-10,4.82663080129586048e-10,8.33991680605289795e-10,19,6,1,5.76460752303767552e+17,23,2,1,5.76460752303767552e+17,16,9,2,3.32306998945331719e+35,7.46958231999999953e+02,0,3.95458008194168277e-10,nan,0.00000000000000000e+00
47,0,4.25538296546173190e-11,1.00000000000000000e+00,5.30156285496492262e-10,2,20,1.83180194949414594e-11,-5.30156285496492262e-10,2.41558290375560237e-10,3.63959296980802176e-10,2.49838539889022952e-11,5.69005678757039866e-12,1.07532719485009483e-10,1.67408304797362713e-10,5.72710115151109536e-10,5.35846342284062700e-10,1.24854475142745387e-10,1.61718248009792327e-10,19,6,1,5.76460752303767552e+17,23,2,1,5.76460752303767552e+17,16,9,2,3.32306998945331719e+35,7.94647623999999951e+02,0,5.35846342284062700e-10,nan,0.00000000000000000e+00
47,1,1.61791904826854527e-10,1.00000000000000000e+00,9.87810530309996902e-10,2,20,-1.69921250417114513e-10,-7.42549327423869644e-10,-5.19320885937148029e-11,9.87810530309996902e-10,3.10651974048759373e-10,-4.03004773074695947e-10,1.39002683877565285e-10,-3.10063819324052374e-10,9.04341232250724223e-10,1.29787434963404922e-09,5.64796677901550475e-10,7.13656747123455321e-10,19,6,1,5.76460752303767552e+17,23,2,1,5.76460752303767552e+17,16,9,2,3.32306998945331719e+35,6.69858705999999984e+02,0,1.29787434963404922e-09,nan,0.00000000000000000e+00
47,2,9.96789384301406969e-11,1.00000000000000000e+00,8.15976161705605648e-10,2,20,-4.00540647465385525e-10,1.92250111342064465e-10,-8.15976161705605648e-10,-4.57820688075034030e-10,-8.49761170362052933e-10,3.65003352666193018e-10,-4.61345138495285390e-12,4.11591794701894763e-10,9.15655100135746345e-10,8.69412482776928742e-10,9.49440108792193733e-10,1.26135296506394775e-09,19,6,1,5.76460752303767552e+17,23,2,1,5.76460752303767552e+17,16,9,2,3.32306998945331719e+35,6.72673027000000047e+02,0,8.69412482776928742e-10,nan,0.00000000000000000e+00
47,3,1.70388681358134645e-10,1.00000000000000000e+00,5.49371783553157532e-10,2,20,4.25864801783286832e-10,7.53446200897934537e-11,5.49371783553157532e-10,3.97549907436639504e-10,7.98033657781026436e-10,-2.09046087514635498e-10,2.63121418953902766e-10,3.88414893057566556e-11,3.78983102195022887e-10,3.72168855997739604e-10,6.27644976422891739e-10,1.00707974529566186e-09,19,6,1,5.76460752303767552e+17,23,2,1,5.76460752303767552e+17,16,9,2,3.32306998945331719e+35,6.65239241999999990e+02,0,3.72168855997739604e-10,nan,0.00000000000000000e+00
48,0,2.22864762676487552e-10,1.00000000000000000e+00,6.71933060744485462e-10,2,20,-6.71933060744485462e-10,7.45153333300521785e-13,1.55499118833112739e-10,-4.27127120084336279e-10,-4.84332217925242515e-10,9.25931684358363222e-10,4.20779382256525496e-10,5.79467723988877233e-10,8.94797823420972989e-10,1.00659484407321351e-09,7.07196980601730042e-10,1.41026390228360584e-09,19,6,1,5.76460752303767552e+17,23,2,1,5.76460752303767552e+17,16,9,2,3.32306998945331719e+35,6.35349222000000054e+02,0,1.00659484407321351e-09,nan,0.00000000000000000e+00
48,1,1.34524076599307933e-10,1.00000000000000000e+00,3.60277590668764242e-10,2,20,-5.62934134728718910e-11,3.60277590668764242e-10,7.82689934993299018e-11,2.85101820095964913e-10,-4.41064227183854039e-10,1.99115439477114821e-10,-2.01370350646534403e-10,4.27010744425007593e-10,2.25753514069456309e-10,3.84770813710982135e-10,5.75588303783161972e-10,8.68074971608861632e-10,19,6,1,5.76460752303767552e+17,23,2,1,5.76460752303767552e+17,16,9,2,3.32306998945331719e+35,6.60909031000000027e+02,0,3.84770813710982135e-10,nan,0.00000000000000000e+00
48,2,1.45858714090369167e-10,1.00000000000000000e+00,1.08900529329773403e-09,2,20,2.68737059144879789e-10,-3.69020818165712481e-11,4.32440809414012663e-11,-1.08900529329773403e-09,4.66702952110762792e-11,-6.30505454025876073e-10,-2.61743681026140217e-10,5.95515442077783277e-10,1.23486400738810328e-09,1.68452073537551721e-09,7.76364168116245214e-10,1.22602089610365935e-09,19,6,1,5.76460752303767552e+17,23,2,1,5.76460752303767552e+17,16,9,2,3.32306998945331719e+35,7.56515240999999946e+02,0,1.68452073537551721e-09,nan,0.00000000000000000e+00
48,3,1.75184988565695709e-10,1.00000000000000000e+00,5.75752937810357553e-10,2,20,5.55014002251079044e-10,4.56221605101078490e-10,-5.75752937810357553e-10,6.18678720449302033e-11,4.50277475134908755e-10,1.43204808134138003e-10,8.50356612971539482e-10,5.34822798361175329e-12,7.50937926376053262e-10,1.42610955078189704e-09,6.75171624405843773e-10,8.45008384987927716e-10,19,6,1,5.76460752303767552e+17,23,2,1,5.76460752303767552e+17,16,9,2,3.32306998945331719e+35,6.88024985000000015e+02,0,1.42610955078189704e-09,nan,0.00000000000000000e+00
49,0,6.85860588451573394e-12,1.00000000000000000e+00,9.48382246669509341e-10,2,20,-3.41871961742259012e-10,4.49741591962849487e-10,9.48382246669509341e-10,-2.97802937691442992e-10,-4.96531146879996010e-10,1.63518755460700911e-10,-1.53040437679722417e-11,3.24028953930314397e-10,9.41523640784993526e-10,9.63686290437481583e-10,5.03389752764511721e-10,8.20560100810310407e-10,19,6,1,5.76460752303767552e+17,23,2,1,5.76460752303767552e+17,16,9,2,3.32306998945331719e+35,7.54035833000000025e+02,0,9.63686290437481583e-10,nan,0.00000000000000000e+00
49,1,2.54101164995350005e-10,1.00000000000000000e+00,7.13401475842733151e-10,2,20,-1.20035806647223854e-10,4.95622925198144387e-10,4.29933127922246966e-10,7.13401475842733151e-10,1.00146328329247854e-10,-5.50882857170740163e-10,3.37188910058412139e-10,6.10583816206758608e-10,4.59300310847383146e-10,1.04650578236888455e-09,8.04984022166090168e-10,1.16146667337749877e-09,19,6,1,5.76460752303767552e+17,23,2,1,5.76460752303767552e+17,16,9,2,3.32306998945331719e+35,8.33585171999999943e+02,0,1.04650578236888455e-09,nan,0.00000000000000000e+00
49,2,2.75586528759479176e-10,1.00000000000000000e+00,6.46654153462775445e-10,2,20,4.94419002509878384e-10,-5.23355951008020173e-10,6.45508803365740534e-10,-6.46654153462775445e-10,3.71714068865402507e-10,-1.97263606874286610e-10,-7.21184106386931842e-10,9.48138185775152064e-10,9.22240682222254673e-10,1.59479233923792751e-09,9.96770635146411070e-10,1.66932229216208391e-09,19,6,1,5.76460752303767552e+17,23,2,1,5.76460752303767552e+17,16,9,2,3.32306998945331719e+35,6.60142275000000041e+02,0,1.59479233923792751e-09,nan,0.00000000000000000e+00
49,3,2.78470896029162068e-10,1.00000000000000000e+00,1.23838972346709207e-09,2,20,1.62623906300395624e-10,1.23838972346709207e-09,-9.61908165094152008e-10,4.97424800048288534e-10,1.97752496428593096e-10,-5.71083509023155509e-10,9.58292995761553354e-10,1.12605028242814222e-09,1.24037906112331413e-09,1.92020116085570536e-09,8.49554405052317629e-10,1.69713379145129773e-09,19,6,1,5.76460752303767552e+17,23,2,1,5.76460752303767552e+17,16,9,2,3.32306998945331719e+35,6.45866494999999986e+02,0,1.92020116085570536e-09,nan,0.00000000000000000e+00
50,0,2.81749335763093832e-10,1.00000000000000000e+00,6.31794888010207953e-10,2,20,4.95153246578893786e-10,3.80928911745600540e-10,6.31794888010207953e-10,4.47561749737647564e-11,2.64247454110381032e-10,8.86781350814067555e-10,6.94499629441675458e-10,2.61283940036371469e-11,3.50045552247114121e-10,5.05852439068467015e-10,6.05032015050973671e-10,8.60652956810430408e-10,19,6,1,5.76460752303767552e+17,23,2,1,5.76460752303767552e+17,16,9,2,3.32306998945331719e+35,6.61922297999999955e+02,0,5.05852439068467015e-10,nan,0.00000000000000000e+00
50,1,2.31536216034777719e-10,1.00000000000000000e+00,8.03373736144206867e-10,2,20,-7.92997544219314150e-11,7.55862150203528696e-10,5.38516744533904398e-10,8.03373736144206867e-10,-2.25484222754651711e-10,8.71036338679561201e-10,5.53401408139608812e-10,2.83361605072429544e-10,5.71837520109429148e-10,5.20012131071777323e-10,6.39500122644783482e-10,1.09652056143421296e-09,19,6,1,5.76460752303767552e+17,23,2,1,5.76460752303767552e+17,16,9,2,3.32306998945331719e+35,6.53600124000000051e+02,0,5.20012131071777323e-10,nan,0.00000000000000000e+00
50,2,2.39500858135869499e-10,1.00000000000000000e+00,8.07416174012824159e-10,2,20,8.07416174012824159e-10,1.74629844977415413e-10,2.50046040618840202e-10,3.88045157791833307e-10,2.48843050599956199e-10,5.45831373841415255e-10,1.68549784902617708e-10,3.12639361974523198e-10,5.67915315876954712e-10,5.58573123412867909e-10,3.06330515705545756e-10,3.77281588938797547e-10,19,6,1,5.76460752303767552e+17,23,2,1,5.76460752303767552e+17,16,9,2,3.32306998945331719e+35,6.81987887000000001e+02,0,5.58573123412867909e-10,nan,0.00000000000000000e+00
50,3,1.21560559710501111e-10,1.00000000000000000e+00,1.36356406283955852e-09,2,20,-1.36356406283955852e-09,1.15821203343989336e-10,-1.67447439614654134e-10,-5.17026187086378103e-10,-3.19894030523938248e-10,1.29835437731171123e-09,-4.65078736430997294e-10,2.60592807388467797e-10,1.48512462255005952e-09,1.18253317396772185e-09,1.17679381760121023e-09,1.76343311374270853e-09,19,6,1,5.76460752303767552e+17,23,2,1,5.76460752303767552e+17,16,9,2,3.32306998945331719e+35,6.86972913999999946e+02,0,1.18253317396772185e-09,nan,0.00000000000000000e+00
51,0,4.98085463167751111e-11,1.00000000000000000e+00,1.07284597938109390e-09,2,20,-5.91297808544324952e-10,1.07284597938109390e-09,-3.90787591753730607e-10,3.19796507153622384e-10,-1.53449185565601868e-10,5.87553911571005354e-10,-4.60834537241297298e-10,9.03476161607562575e-10,1.02303743306431885e-09,5.83679654453940243e-10,8.53667615290787419e-10,1.36431069884885992e-09,19,6,1,5.76460752303767552e+17,23,2,1,5.76460752303767552e+17,16,9,2,3.32306998945331719e+35,6.80132552000000032e+02,0,5.83679654453940243e-10,nan,0.00000000000000000e+00
51,1,2.39557634127985484e-10,1.00000000000000000e+00,1.12018048926366456e-09,2,20,1.09640712544547880e-10,-1.12018048926366456e-09,4.37648163692037022e-10,8.66271166413134128e-10,3.40531136577805816e-10,3.15576792453057646e-10,1.80154491683801087e-10,-2.04312100850987530e-11,1.35973812339165000e-09,1.43575728171672226e-09,2.59988844213084237e-10,3.60962346662904569e-10,19,6,1,5.76460752303767552e+17,23,2,1,5.76460752303767552e+17,16,9,2,3.32306998945331719e+35,7.00353036999999972e+02,0,1.43575728171672226e-09,nan,0.00000000000000000e+00
51,2,6.41590011583281722e-11,1.00000000000000000e+00,1.50491989137289228e-09,2,20,-4.42729502487656384e-10,-2.90209303514226228e-10,7.33094150196610366e-10,-1.50491989137289228e-09,3.21894082895799048e-10,2.42732853845645931e-10,-7.95815575731546213e-10,-7.17510648994764146e-10,1.56907889253122038e-09,1.52890972592815658e-09,8.59974576889874424e-10,1.11770965862734526e-09,19,6,1,5.76460752303767552e+17,23,2,1,5.76460752303767552e+17,16,9,2,3.32306998945331719e+35,6.76180206999999996e+02,0,1.52890972592815658e-09,nan,0.00000000000000000e+00
51,3,1.64158293105762481e-10,1.00000000000000000e+00,7.92894795858108376e-10,2,20,-6.48853504514567288e-10,-2.04362587520345751e-10,-7.92894795858108376e-10,-2.59380370296083698e-10,-2.26745046282255391e-10,1.58347559997983141e-11,-6.76348226001813121e-10,-2.18508025164657766e-10,9.57053088963870909e-10,4.22108458232311896e-10,8.40506519107575551e-10,6.92182982001611461e-10,19,6,1,5.76460752303767552e+17,23,2,1,5.76460752303767552e+17,16,9,2,3.32306998945331719e+35,6.63896255999999994e+02,0,4.22108458232311896e-10,nan,0.00000000000000000e+00
52,0,-3.15818235218571307e-10,1.00000000000000000e+00,1.06018709752460116e-09,2,20,1.06018709752460116e-09,6.43111649438937115e-11,-1.44381838368659624e-10,6.64014142418735566e-10,-2.23978228796400448e-09,-1.74163612342960133e-10,-2.52982098750630845e-09,-8.84376227123284679e-10,1.37600533274317241e-09,3.29996938548860585e-09,2.21400275228773720e-09,2.35565737516334842e-09,19,6,1,5.76460752303767552e+17,23,2,1,5.76460752303767552e+17,16,9,2,3.32306998945331719e+35,6.77742042999999967e+02,0,3.29996938548860585e-09,nan,0.00000000000000000e+00
52,1,5.27786407226774196e-11,1.00000000000000000e+00,1.75636054321818262e-09,2,20,-6.84994167552956758e-10,1.75636054321818262e-09,-1.21253458093762275e-09,9.11737768735005500e-10,9.85348618254372804e-11,1.04862158377619246e-09,-4.76208852106298795e-10,-6.32349263934259389e-10,1.70358190249550528e-09,1.54408703266926489e-09,9.95842943053515117e-10,1.68097084771045185e-09,19,6,1,5.76460752303767552e+17,23,2,1,5.76460752303767552e+17,16,9,2,3.32306998945331719e+35,6.67125189999999975e+02,0,1.54408703266926489e-09,nan,0.00000000000000000e+00
52,2,-1.26293774813888833e-10,1.00000000000000000e+00,1.25529827077560667e-09,2,20,1.25529827077560667e-09,-6.06058732483510427e-10,-6.81279823858261310e-11,-4.07653781060417337e-10,4.64352147052480871e-10,3.84300281391708285e-10,-1.95760441279095241e-09,-7.41414329634540316e-10,1.38159204558949553e-09,1.88947643040512617e-09,1.83131063797706355e-09,2.42195655984343307e-09,19,6,1,5.76460752303767552e+17,23,2,1,5.76460752303767552e+17,16,9,2,3.32306998945331719e+35,6.71790265999999974e+02,0,1.88947643040512617e-09,nan,0.00000000000000000e+00
52,3,1.74487601441406311e-10,1.00000000000000000e+00,1.20519849773931319e-09,2,20,2.90002122007602466e-10,-3.02786336997388585e-10,1.20519849773931319e-09,5.49155565390541525e-10,7.57510377870877056e-11,1.21569413431437861e-09,-5.86208869603801907e-10,-1.49383177743880715e-09,1.03071089629790677e-09,2.04298734282934888e-09,1.66831937888021336e-09,2.70952591175318576e-09,19,6,1,5.76460752303767552e+17,23,2,1,5.76460752303767552e+17,16,9,2,3.32306998945331719e+35,6.68634174000000030e+02,0,2.04298734282934888e-09,nan,0.00000000000000000e+00
53,0,5.62197995993408082e-10,1.00000000000000000e+00,1.48718887985811566e-09,2,20,1.48718887985811566e-09,-6.91118538285524352e-10,-8.94665718169148969e-10,1.25622106140432045e-09,4.89494770660282327e-10,-5.75933114705268223e-10,-2.07772403599128076e-10,8.28850635412731096e-10,1.45686371416255695e-09,9.97694109197833331e-10,1.13813111069867631e-09,1.40478375011799932e-09,19,6,1,5.76460752303767552e+17,23,2,1,5.76460752303767552e+17,16,9,2,3.32306998945331719e+35,6.43346812999999997e+02,0,9.97694109197833331e-10,nan,0.00000000000000000e+00
53,1,3.56798392315931968e-10,1.00000000000000000e+00,1.07787615677583015e-09,2,20,3.03634663984255877e-10,7.90580383990479346e-10,9.13462099443281820e-11,1.07787615677583015e-09,1.07270831796811279e-09,1.74673011821298893e-09,6.97892385125109446e-10,1.69586365158212323e-09,7.21077764459898237e-10,9.56149734222509585e-10,1.38993172589705701e-09,1.04883773308787959e-09,19,6,1,5.76460752303767552e+17,23,2,1,5.76460752303767552e+17,16,9,2,3.32306998945331719e+35,6.56002821000000040e+02,0,9.56149734222509585e-10,nan,0.00000000000000000e+00
53,2,5.00006036828461579e-10,1.00000000000000000e+00,1.06488315347638071e-09,2,20,-1.06488315347638071e-09,8.20340987977066272e-10,6.40411956903226564e-10,4.84115959424151985e-10,1.13202618471161044e-09,-8.77590037935041455e-10,-2.15801599878980853e-10,9.43570512385801448e-11,1.56488919030484239e-09,2.19690933818799136e-09,1.37759607476350314e-09,2.00961622264665210e-09,19,6,1,5.76460752303767552e+17,23,2,1,5.76460752303767552e+17,16,9,2,3.32306998945331719e+35,6.68227363999999966e+02,0,2.19690933818799136e-09,nan,0.00000000000000000e+00
53,3,2.10835315863780106e-10,1.00000000000000000e+00,1.41729560809830737e-09,2,20,4.19169988459565914e-10,6.44317927076611869e-10,3.89376331743514795e-10,-1.41729560809830737e-09,1.83166746576686955e-09,2.07339068074478654e-11,-3.64342674160903675e-11,-1.63331096495122992e-09,1.62813092396208740e-09,1.41249747730730354e-09,1.84414628081500995e-09,3.46497843071809948e-09,19,6,1,5.76460752303767552e+17,23,2,1,5.76460752303767552e+17,16,9,2,3.32306998945331719e+35,6.82770075000000020e+02,0,1.41249747730730354e-09,nan,0.00000000000000000e+00
54,0,4.37125748058357510e-10,1.00000000000000000e+00,1.09758617767077962e-09,2,20,-6.13477169020461655e-10,-2.07963634563524226e-10,-3.87068008259786076e-10,1.09758617767077962e-09,6.93787726363642848e-10,-1.18212071977959809e-09,1.49415967319869845e-09,-2.29891123505973019e-10,1.05060291707881916e-09,1.88122768145848458e-09,1.61924646783795560e-09,2.67628039297829654e-09,19,6,1,5.76460752303767552e+17,23,2,1,5.76460752303767552e+17,16,9,2,3.32306998945331719e+35,7.36996578999999997e+02,0,1.88122768145848458e-09,nan,0.00000000000000000e+00
54,1,2.06680694123462578e-10,1.00000000000000000e+00,1.69486817029882528e-09,2,20,1.53810793728970685e-09,1.30211267035972934e-09,1.53454184596516572e-09,1.69486817029882528e-09,-6.40854661318509861e-10,-7.14057958870639892e-11,3.37875671737547182e-10,-2.32163276889965882e-09,1.48818747617536268e-09,4.01650093919848389e-09,2.52831346302312142e-09,2.65950844063720590e-09,19,6,1,5.76460752303767552e+17,23,2,1,5.76460752303767552e+17,16,9,2,3.32306998945331719e+35,6.72464277000000038e+02,0,4.01650093919848389e-09,nan,0.00000000000000000e+00
54,2,1.82112586944044882e-10,1.00000000000000000e+00,3.30147806446645364e-09,2,20,-3.52443824639410830e-10,3.30147806446645364e-09,1.55265709196547332e-09,2.83708340338702847e-11,1.36158520122005911e-09,6.37812505809618105e-10,1.96504946204016863e-09,1.79928188218397035e-09,3.11936547752240865e-09,2.66366555865683553e-09,1.78293687509612364e-09,1.32723695623055052e-09,19,6,1,5.76460752303767552e+17,23,2,1,5.76460752303767552e+17,16,9,2,3.32306998945331719e+35,6.69156986999999958e+02,0,2.66366555865683553e-09,nan,0.00000000000000000e+00
54,3,-6.72315791834299734e-11,1.00000000000000000e+00,1.49930568826294460e-09,2,20,1.49930568826294460e-09,-2.29589100874842711e-11,6.69528984085059960e-10,1.09599055936446170e-09,-2.81267081724771936e-09,3.10874695053095390e-10,-4.32011505296770012e-09,-9.92513021271792600e-10,1.56653726744637463e-09,4.98964403705275998e-09,4.25288347378427008e-09,4.63098974802079530e-09,19,6,1,5.76460752303767552e+17,23,2,1,5.76460752303767552e+17,16,9,2,3.32306998945331719e+35,6.76486714000000006e+02,0,4.98964403705275998e-09,nan,0.00000000000000000e+00
55,0,1.00482816683244654e-10,1.00000000000000000e+00,3.58167236194003742e-09,2,20,3.58167236194003742e-09,-2.84629929012197019e-09,2.30951693235773387e-09,3.22775906138130557e-09,1.18397483442724807e-09,-3.35892775953140306e-09,-1.01288563868823136e-09,-9.92506179053344584e-10,3.48118954525679283e-09,4.22026524043465057e-09,3.45941057621464765e-09,4.54290259395865093e-09,19,6,1,5.76460752303767552e+17,23,2,1,5.76460752303767552e+17,16,9,2,3.32306998945331719e+35,8.52320057000000020e+02,0,4.22026524043465057e-09,nan,0.00000000000000000e+00
55,1,2.41505698366135484e-10,1.00000000000000000e+00,2.38661416090752902e-09,2,20,-1.11773840551282648e-09,-2.38661416090752902e-09,-1.72446858583398143e-09,-2.45358566176587272e-10,-6.48471696270342665e-10,-1.37783947561121131e-09,-6.53809541105835383e-10,1.31539949862949953e-10,2.62811985927366471e-09,1.07065904472814615e-09,1.61934517397734680e-09,1.50937942547416126e-09,19,6,1,5.76460752303767552e+17,23,2,1,5.76460752303767552e+17,16,9,2,3.32306998945331719e+35,6.60091157999999950e+02,0,1.07065904472814615e-09,nan,0.00000000000000000e+00
55,2,-2.70008671448682185e-11,1.00000000000000000e+00,1.86067602268551081e-09,2,20,-7.76285899156762623e-10,1.90234381238966470e-10,-1.86067602268551081e-09,-4.17870397993878305e-10,-1.23784793555241130e-09,-4.38521357068133500e-10,-2.68115155849915513e-09,5.38279742098734444e-10,1.83367515554064261e-09,9.56150140092612852e-10,2.65415069135428693e-09,3.21943130059788937e-09,19,6,1,5.76460752303767552e+17,23,2,1,5.76460752303767552e+17,16,9,2,3.32306998945331719e+35,6.71765998999999965e+02,0,9.56150140092612852e-10,nan,0.00000000000000000e+00
55,3,1.12819625256487538e-10,1.00000000000000000e+00,3.31625285740655254e-09,2,20,-2.09112691573522295e-09,-1.75781429861800524e-09,-9.47010681149865372e-10,-3.31625285740655254e-09,-1.11739932742029168e-09,-2.75068459033102613e-10,-6.07624549903812667e-10,2.85476823138287293e-10,3.42907248266304006e-09,3.60172968054483983e-09,1.23021895267677920e-09,1.40287615055857897e-09,19,6,1,5.76460752303767552e+17,23,2,1,5.76460752303767552e+17,16,9,2,3.32306998945331719e+35,6.62968039999999974e+02,0,3.60172968054483983e-09,nan,0.00000000000000000e+00
56,0,-3.37773603278237715e-10,1.00000000000000000e+00,2.02516132905370248e-09,2,20,1.04855454594553604e-09,9.72707382477426776e-11,-2.02516132905370248e-09,7.40001433975900162e-10,-4.80646710040472309e-10,-2.09232003903953272e-10,-9.62953521623492948e-10,-1.19292366956549925e-09,1.68738772577546487e-09,1.93292510354139921e-09,8.55150066287261539e-10,9.83691665661545982e-10,19,6,1,5.76460752303767552e+17,23,2,1,5.76460752303767552e+17,16,9,2,3.32306998945331719e+35,6.41845098000000007e+02,0,1.93292510354139921e-09,nan,0.00000000000000000e+00
56,1,-4.46655480296678576e-10,1.00000000000000000e+00,3.59390849455618500e-09,2,20,8.88894365116275459e-10,3.59390849455618500e-09,-2.40687577213138247e-10,-8.39081247366694867e-10,-3.71083168551522356e-09,-2.99760586772984867e-09,-7.81209196275064034e-10,-2.93905506975997425e-09,4.04056397485286357e-09,6.59151436228603367e-09,3.26417620521854499e-09,2.92962248924015953e-09,19,6,1,5.76460752303767552e+17,23,2,1,5.76460752303767552e+17,16,9,2,3.32306998945331719e+35,6.62051867000000016e+02,0,6.59151436228603367e-09,nan,0.00000000000000000e+00
56,2,-2.42738804426431653e-10,1.00000000000000000e+00,2.07573941793492459e-09,2,20,-2.07573941793492459e-09,1.61606061341559328e-09,1.62019868459680372e-10,1.09388371759689016e-09,2.28527140073084089e-09,2.17858227354801434e-09,-4.36874430491956930e-10,1.63497132535581009e-09,1.85879941784202489e-09,4.36101081866576589e-09,2.52801020515727249e-09,2.72214583122279793e-09,19,6,1,5.76460752303767552e+17,23,2,1,5.76460752303767552e+17,16,9,2,3.32306998945331719e+35,6.61996365999999966e+02,0,4.36101081866576589e-09,nan,0.00000000000000000e+00
56,3,3.67492911669068563e-11,1.00000000000000000e+00,1.63034251103835754e-09,2,20,-4.35648540773685291e-10,3.61720108673877837e-10,-8.57107400546035932e-10,1.63034251103835754e-09,-3.02416641768713775e-09,-2.84291786327378433e-09,5.21991244815340239e-10,8.82927805710291114e-10,1.59359321987145070e-09,3.20463797194766217e-09,3.06091570885404459e-09,3.90709422339742907e-09,19,6,1,5.76460752303767552e+17,23,2,1,5.76460752303767552e+17,16,9,2,3.32306998945331719e+35,6.49150147999999945e+02,0,3.20463797194766217e-09,nan,0.00000000000000000e+00
57,0,4.74309751530711694e-10,1.00000000000000000e+00,2.67575635630030256e-09,2,20,-2.04547085744063616e-11,2.67575635630030256e-09,-1.28395155200079861e-11,1.57754069471641292e-09,-2.69300397294166003e-09,-1.11832619833960349e-09,-3.28068173981298665e-10,1.15914085303801896e-09,2.20144660476959066e-09,3.79408255463990564e-09,3.16731372447237193e-09,3.85214482597967858e-09,19,6,1,5.76460752303767552e+17,23,2,1,5.76460752303767552e+17,16,9,2,3.32306998945331719e+35,6.55979057000000012e+02,0,3.79408255463990564e-09,nan,0.00000000000000000e+00
57,1,1.01547813848601864e-09,1.00000000000000000e+00,3.81004233811409716e-09,2,20,3.81004233811409716e-09,1.68708454674621406e-09,3.49671442973505705e-09,2.38375593382424241e-09,3.09862806855697387e-09,2.49726505350043735e-09,2.80851164541497463e-09,3.67817398953528344e-09,2.79456419962807851e-09,1.29441805571104103e-09,2.66269585104926479e-09,1.18090893603484608e-09,19,6,1,5.76460752303767552e+17,23,2,1,5.76460752303767552e+17,16,9,2,3.32306998945331719e+35,6.88219185000000039e+02,0,1.29441805571104103e-09,nan,0.00000000000000000e+00
57,2,9.38963453457689506e-10,1.00000000000000000e+00,3.00878919022611708e-09,2,20,1.30840192279689661e-09,6.65513846173497122e-10,-3.00878919022611708e-09,-2.30611410308299073e-09,1.29842894244818502e-09,2.89677466516173337e-09,1.09900842558310735e-09,1.20841547972318812e-09,3.94775264368380658e-09,4.10779761580922422e-09,1.95781121170404386e-09,1.79776623957862601e-09,19,6,1,5.76460752303767552e+17,23,2,1,5.76460752303767552e+17,16,9,2,3.32306998945331719e+35,6.71299709000000007e+02,0,4.10779761580922422e-09,nan,0.00000000000000000e+00
57,3,9.04978562198753610e-10,1.00000000000000000e+00,4.84885153533935185e-09,2,20,4.84885153533935185e-09,1.46810742540719560e-09,1.91345125400483819e-09,7.27541581892017411e-10,-1.66917981779280010e-09,-1.77431990416880055e-09,1.24740103393698318e-09,3.30957417222144269e-09,3.94387297314059814e-09,6.51803135313215175e-09,2.67929846636755426e-09,5.08389407639024325e-09,19,6,1,5.76460752303767552e+17,23,2,1,5.76460752303767552e+17,16,9,2,3.32306998945331719e+35,6.80865223000000015e+02,0,6.51803135313215175e-09,nan,0.00000000000000000e+00
58,0,9.26283758768811379e-10,1.00000000000000000e+00,4.47328073150928060e-09,2,20,2.44597977783327454e-11,3.50631486563414739e-10,3.39370147819437717e-09,4.47328073150928060e-09,-1.46764423224884966e-09,1.04303902968355231e-09,-4.45063833025017794e-09,2.26889705496571637e-09,3.54699697274046901e-09,7.84433980844455428e-09,5.37692208901898952e-09,6.71953538521589430e-09,19,6,1,5.76460752303767552e+17,23,2,1,5.76460752303767552e+17,16,9,2,3.32306998945331719e+35,6.44529410999999982e+02,0,7.84433980844455428e-09,nan,0.00000000000000000e+00
58,1,9.13507389704528229e-10,1.00000000000000000e+00,3.71506447782444953e-09,2,20,3.71506447782444953e-09,2.98419584871441245e-09,6.73109819254858736e-10,-8.15339623498556019e-10,3.06126581932660520e-09,6.46686930894191487e-10,3.03484263545580515e-09,3.07175206555275214e-09,2.80155708811992151e-09,3.88709168905130815e-09,2.15824467584822411e-09,2.42506513465856065e-09,19,6,1,5.76460752303767552e+17,23,2,1,5.76460752303767552e+17,16,9,2,3.32306998945331719e+35,6.34551269000000048e+02,0,3.88709168905130815e-09,nan,0.00000000000000000e+00
58,2,6.64375855063113340e-10,1.00000000000000000e+00,7.87982665789255068e-09,2,20,-1.32488379910647294e-09,5.79911355870168955e-09,6.08650254886782756e-09,7.87982665789255068e-09,2.43001273218731569e-09,2.74093397567998009e-09,-6.01335192659515734e-10,2.80923618680681886e-09,7.21545080282943765e-09,6.68783774152734330e-09,2.14486033174370541e-09,3.41057137946633459e-09,19,6,1,5.76460752303767552e+17,23,2,1,5.76460752303767552e+17,16,9,2,3.32306998945331719e+35,6.47441963999999984e+02,0,6.68783774152734330e-09,nan,0.00000000000000000e+00
58,3,8.57958905748323195e-10,1.00000000000000000e+00,5.11013931379143809e-09,2,20,-4.50261040497211209e-09,2.32870305855151826e-09,9.76308847940853349e-10,5.11013931379143809e-09,-1.32343361359449929e-09,1.95225985945150174e-09,-4.98452729624182185e-09,3.48726275646325994e-09,5.36056931072043529e-09,5.96083614418267479e-09,5.84248620199014504e-09,8.47179005270508221e-09,19,6,1,5.76460752303767552e+17,23,2,1,5.76460752303767552e+17,16,9,2,3.32306998945331719e+35,6.47043709000000035e+02,0,5.96083614418267479e-09,nan,0.00000000000000000e+00
59,0,1.72001401529197939e-09,1.00000000000000000e+00,6.89342359828827160e-09,2,20,1.23544062199635357e-09,3.21240169970505460e-09,6.89342359828827160e-09,-4.24195250087224354e-09,-2.87621603087712507e-09,3.16501952553922224e-09,-4.14243844687467336e-09,-7.91007031784459722e-10,5.96196651616422251e-09,1.10358620451629458e-08,5.86245246216665316e-09,7.30745797241389559e-09,19,6,1,5.76460752303767552e+17,23,2,1,5.76460752303767552e+17,16,9,2,3.32306998945331719e+35,6.44208095999999955e+02,0,1.10358620451629458e-08,nan,0.00000000000000000e+00
59,1,2.68958864652753136e-09,1.00000000000000000e+00,7.10631031383265077e-09,2,20,7.10631031383265077e-09,1.90372025757435038e-09,-2.45557323443410844e-09,-1.39916993429974866e-09,-4.37426767487012987e-09,-4.64787171439590409e-10,6.09912693247868557e-09,4.52585808101915109e-09,5.14516188096164021e-09,1.14805779887027806e-08,7.06385632139766122e-09,1.04733946073488154e-08,19,6,1,5.76460752303767552e+17,23,2,1,5.76460752303767552e+17,16,9,2,3.32306998945331719e+35,6.99858119999999985e+02,0,1.14805779887027806e-08,nan,0.00000000000000000e+00
59,2,2.70484806267867745e-09,1.00000000000000000e+00,5.79859473169732469e-09,2,20,-1.16014579482688242e-09,-2.62103535352613410e-09,1.13718156939954169e-09,5.79859473169732469e-09,-2.42363721655008913e-10,2.94147691480252228e-09,4.18332793379852251e-09,4.14353048852941057e-10,5.32588341620481155e-09,5.56251226832865638e-09,2.94721178433368636e-09,4.42569165545353184e-09,19,6,1,5.76460752303767552e+17,23,2,1,5.76460752303767552e+17,16,9,2,3.32306998945331719e+35,6.91800012000000038e+02,0,5.56251226832865638e-09,nan,0.00000000000000000e+00
59,3,2.11377768554700341e-09,1.00000000000000000e+00,6.66430974337034223e-09,2,20,-4.05453089132208618e-09,2.41013387248354682e-09,-6.66430974337034223e-09,1.38046686817287756e-09,5.80636028018520264e-09,-8.02543924438699237e-10,6.02315750071360803e-11,-6.28841194085145811e-09,8.77808742891734647e-09,9.86089117150728882e-09,8.40218962639846236e-09,1.20947722210366608e-08,19,6,1,5.76460752303767552e+17,23,2,1,5.76460752303767552e+17,16,9,2,3.32306998945331719e+35,6.74129107999999974e+02,0,9.86089117150728882e-09,nan,0.00000000000000000e+00
60,0,7.63715126815603979e-10,1.00000000000000000e+00,5.34417704625202142e-09,2,20,-1.36845734905167758e-09,-3.79446537672639853e-09,5.34417704625202142e-09,1.14217641631662972e-09,-5.09392758993301680e-10,1.95423114296275239e-09,3.04183583148518929e-09,5.31755725617844396e-09,4.58046191943641703e-09,5.74869651968915092e-09,4.55384212936284039e-09,5.82695001517174522e-09,19,6,1,5.76460752303767552e+17,23,2,1,5.76460752303767552e+17,16,9,2,3.32306998945331719e+35,6.72537248999999974e+02,0,5.74869651968915092e-09,nan,0.00000000000000000e+00
60,1,2.74784448092581042e-10,1.00000000000000000e+00,8.94465525237138634e-09,2,20,-8.94465525237138634e-09,1.35424278074105337e-09,1.67237765815141458e-09,-4.21461586178380737e-09,-7.75814999937776552e-10,9.01744187768882876e-09,7.01317069902710439e-09,4.02349343518515386e-09,9.21943970046396816e-09,8.23810929696896124e-09,8.74265742959624695e-09,9.79325687762660532e-09,19,6,1,5.76460752303767552e+17,23,2,1,5.76460752303767552e+17,16,9,2,3.32306998945331719e+35,6.64928603999999950e+02,0,8.23810929696896124e-09,nan,0.00000000000000000e+00
60,2,6.24278624233745495e-10,1.00000000000000000e+00,6.36796611624558681e-09,2,20,-1.55414819390691182e-09,2.98623303537357122e-09,6.36796611624558681e-09,-1.73760940651649368e-09,4.07085030148481976e-09,3.14222639417701400e-09,4.73432652023782180e-09,-6.04218284436508188e-09,5.74368749201184121e-09,5.62499849539173157e-09,6.66646146859882748e-09,1.07765093646029037e-08,19,6,1,5.76460752303767552e+17,23,2,1,5.76460752303767552e+17,16,9,2,3.32306998945331719e+35,6.75402217999999948e+02,0,5.62499849539173157e-09,nan,0.00000000000000000e+00
60,3,6.28770790281802024e-10,1.00000000000000000e+00,3.59273344668699660e-09,2,20,3.59273344668699660e-09,-2.47607682306702802e-09,8.14001327862803951e-10,-2.73335382337200542e-09,7.21593689303270035e-09,7.71872884518277135e-09,-3.93320845663402887e-09,-4.14430446277786095e-09,3.36212461365380734e-09,1.01948056682497994e-08,7.08995805490096902e-09,1.18630333079606315e-08,19,6,1,5.76460752303767552e+17,23,2,1,5.76460752303767552e+17,16,9,2,3.32306998945331719e+35,6.67570252999999980e+02,0,1.01948056682497994e-08,nan,0.00000000000000000e+00
61,0,1.81948112286027003e-09,1.00000000000000000e+00,5.86614584520121960e-09,2,20,-4.83467841412574678e-09,-2.27021344338199264e-09,5.86614584520121960e-09,2.80167260991631222e-09,2.06459176119956511e-09,-2.37355784531570344e-09,6.37877069137679359e-09,2.00167554142135483e-09,6.65415953698601702e-09,6.89927017532531189e-09,4.55928956851652336e-09,8.75232853669249621e-09,19,6,1,5.76460752303767552e+17,23,2,1,5.76460752303767552e+17,16,9,2,3.32306998945331719e+35,6.61813460999999961e+02,0,6.89927017532531189e-09,nan,0.00000000000000000e+00
61,1,-1.94507641652257721e-09,1.00000000000000000e+00,9.40784374930236539e-09,2,20,-4.51598140331299027e-09,-9.40784374930236539e-09,3.21498097880364725e-09,-1.69084560396200039e-09,-7.35751866728614915e-09,-4.80474375620543953e-09,-5.29551606487413545e-10,5.01329601052818032e-09,7.46276733277978859e-09,6.70414161449018070e-09,6.95837242705075794e-09,1.23708146778143286e-08,19,6,1,5.76460752303767552e+17,23,2,1,5.76460752303767552e+17,16,9,2,3.32306998945331719e+35,6.68535998999999947e+02,0,6.70414161449018070e-09,nan,0.00000000000000000e+00
61,2,-1.17716830767885148e-09,1.00000000000000000e+00,9.14348744484212878e-09,2,20,9.14348744484212878e-09,-4.79211873882521489e-09,5.11765555982060930e-09,5.47168106952408895e-09,-5.03789666002627969e-09,-4.48600929402752859e-09,-6.26824177044619702e-09,-3.51660691219452299e-09,1.03206557525209807e-08,1.41813841048684093e-08,5.09107346276734596e-09,2.75163485825167403e-09,19,6,1,5.76460752303767552e+17,23,2,1,5.76460752303767552e+17,16,9,2,3.32306998945331719e+35,7.32128728000000024e+02,0,1.41813841048684093e-08,nan,0.00000000000000000e+00
61,3,-1.12261298159057438e-09,1.00000000000000000e+00,7.81153026580220767e-09,2,20,-7.39938468520219626e-10,-4.78529653836216905e-09,-7.81153026580220767e-09,-2.03275842926693781e-09,2.97805779563740114e-09,-6.80894221649976314e-09,-3.23709017242105691e-10,-1.75731774270039951e-09,6.68891728421163308e-09,7.48782124856010260e-09,5.68632923490918855e-09,9.78700001213716510e-09,19,6,1,5.76460752303767552e+17,23,2,1,5.76460752303767552e+17,16,9,2,3.32306998945331719e+35,6.70636398999999983e+02,0,7.48782124856010260e-09,nan,0.00000000000000000e+00
62,0,-9.83834364341595675e-10,1.00000000000000000e+00,1.04924494721391970e-08,2,20,1.04924494721391970e-08,-8.99343958929820627e-09,-4.26442888375759935e-09,-3.67990256714912259e-09,-2.71474756052216918e-09,-6.77808915008783153e-09,3.81343569219498253e-11,2.31051269176929250e-09,1.14762838364807933e-08,1.32071970326613658e-08,5.79425478574623607e-09,9.08860184185712403e-09,19,6,1,5.76460752303767552e+17,23,2,1,5.76460752303767552e+17,16,9,2,3.32306998945331719e+35,6.49857125999999994e+02,0,1.32071970326613658e-08,nan,0.00000000000000000e+00
62,1,-2.16892059044235544e-09,1.00000000000000000e+00,6.88211423955530790e-09,2,20,-1.92409754840763891e-09,-5.08590569107739685e-09,-3.19660608803426767e-09,-6.88211423955530790e-09,-8.08592815739489856e-09,-1.45888514884824263e-09,-6.56854065313877152e-09,-1.29103212960601960e-08,4.71319364911295246e-09,6.16183060898725924e-09,1.07414007056178405e-08,1.14514361472119533e-08,19,6,1,5.76460752303767552e+17,23,2,1,5.76460752303767552e+17,16,9,2,3.32306998945331719e+35,6.68050477999999998e+02,0,6.16183060898725924e-09,nan,0.00000000000000000e+00
62,2,-2.20497366784488276e-09,1.00000000000000000e+00,6.74043634571926879e-09,2,20,-1.21328755604207719e-09,6.74043634571926879e-09,-2.01201631736713994e-09,-4.33906484452584030e-09,-1.42336625730271509e-09,1.02912205868915118e-08,-6.62140947460204798e-09,-3.81414464109465051e-09,8.94541001356415073e-09,4.60939315723490763e-09,1.24961942547363946e-08,1.69126300614935615e-08,19,6,1,5.76460752303767552e+17,23,2,1,5.76460752303767552e+17,16,9,2,3.32306998945331719e+35,6.69972358999999983e+02,0,4.60939315723490763e-09,nan,0.00000000000000000e+00
62,3,-2.47487040748657420e-09,1.00000000000000000e+00,8.98458525921339577e-09,2,20,-2.73257205714305494e-09,-8.98458525921339577e-09,5.27471718106145596e-09,-3.40286165311299506e-09,-3.13472714010548090e-09,-2.60906193302071532e-09,-8.22669904324749868e-09,-1.04017588398033110e-08,7.74958758854802933e-09,1.35014162243089555e-08,7.92688843231673680e-09,7.79269690678259650e-09,19,6,1,5.76460752303767552e+17,23,2,1,5.76460752303767552e+17,16,9,2,3.32306998945331719e+35,7.13596698999999944e+02,0,1.35014162243089555e-08,nan,0.00000000000000000e+00
63,0,-5.69297313396205795e-09,1.00000000000000000e+00,9.17418033742656390e-09,2,20,3.87018482362878917e-09,-3.37251862325721547e-09,-9.17418033742656390e-09,-1.62159262514450431e-09,-4.64091839145984205e-09,-1.85897425159066207e-09,-1.27299799785594710e-08,-6.60987745942677023e-09,9.56315795759084712e-09,8.51110321508863039e-09,7.03700684459741304e-09,1.08710057269688098e-08,19,6,1,5.76460752303767552e+17,23,2,1,5.76460752303767552e+17,16,9,2,3.32306998945331719e+35,6.81338532999999984e+02,0,8.51110321508863039e-09,nan,0.00000000000000000e+00
63,1,-2.64994109447754411e-09,1.00000000000000000e+00,6.52836185302753249e-09,2,20,6.74157443592224385e-10,5.39612227972915914e-10,-6.52836185302753249e-09,-1.84216477986673331e-09,-5.10757382441931048e-09,-8.03541764533790628e-09,2.99337524877510391e-09,-7.81295155132695701e-09,3.87842075854998796e-09,9.52173710180263640e-09,5.64331634325264844e-09,1.10287928941130094e-08,19,6,1,5.76460752303767552e+17,23,2,1,5.76460752303767552e+17,16,9,2,3.32306998945331719e+35,6.41412014999999997e+02,0,9.52173710180263640e-09,nan,0.00000000000000000e+00
63,2,-4.16175238471220008e-09,1.00000000000000000e+00,9.38082621418677181e-09,2,20,-1.54198297206552694e-09,-1.08222535691099565e-09,7.61747715098298873e-09,-9.38082621418677181e-09,-6.58929765568985455e-09,-7.73743386509500250e-09,-1.13723478540538799e-08,1.09051014735890412e-08,1.17792295356951888e-08,2.02859276877758113e-08,1.50668538583012396e-08,2.22774493276429211e-08,19,6,1,5.76460752303767552e+17,23,2,1,5.76460752303767552e+17,16,9,2,3.32306998945331719e+35,6.87977104000000054e+02,0,2.02859276877758113e-08,nan,0.00000000000000000e+00
63,3,-3.07774593460074208e-09,1.00000000000000000e+00,7.77351097705081883e-09,2,20,1.32280613692774582e-09,-7.77351097705081883e-09,4.82812236783326003e-09,1.75361680966656230e-10,7.51706698584539150e-09,-1.02107720900136136e-08,-1.90763250919489726e-08,-1.89253640979822328e-08,7.90586830243400293e-09,2.39044474597822327e-08,1.59985791573482297e-08,2.65933920777943625e-08,19,6,1,5.76460752303767552e+17,23,2,1,5.76460752303767552e+17,16,9,2,3.32306998945331719e+35,6.54891550000000052e+02,0,2.39044474597822327e-08,nan,0.00000000000000000e+00
64,0,-4.35934050145604934e-09,1.00000000000000000e+00,1.45126453549176426e-08,2,20,4.92802566017830136e-09,5.01480104003469213e-09,-1.45126453549176426e-08,-1.16453543999937728e-08,-3.39934434694318642e-09,5.47810218816473931e-09,2.06600647973685649e-09,1.38743007107824554e-08,1.01533048534615924e-08,2.55196551107762282e-08,1.82336412122385056e-08,1.72736450577256418e-08,19,6,1,5.76460752303767552e+17,23,2,1,5.76460752303767552e+17,16,9,2,3.32306998945331719e+35,6.73112670999999978e+02,0,2.55196551107762282e-08,nan,0.00000000000000000e+00
64,1,-2.31110329412304122e-09,1.00000000000000000e+00,3.90318204663737804e-09,2,20,-3.90318204663737804e-09,-8.07062623497985500e-10,3.03485347531877679e-09,1.63359335361034329e-09,-1.00186276165850960e-08,-1.64675734945389043e-08,-9.23522127279281110e-09,-3.93893060912333971e-09,5.34595676944181800e-09,1.56605108710409180e-08,1.41564702004158622e-08,1.25286428854155646e-08,19,6,1,5.76460752303767552e+17,23,2,1,5.76460752303767552e+17,16,9,2,3.32306998945331719e+35,6.75722555000000057e+02,0,1.56605108710409180e-08,nan,0.00000000000000000e+00
64,2,-4.57071778430700842e-09,1.00000000000000000e+00,2.53668036241918268e-09,2,20,-2.28086933204600345e-09,1.08193567654925961e-09,8.09022820642116232e-10,-2.53668036241918268e-09,-1.05389384637459951e-08,-9.99762850471873315e-09,7.32145091632463982e-09,-1.11425975613471652e-08,5.65265346085626803e-09,1.10795641812679928e-08,1.18921687006316491e-08,1.84640484776718042e-08,19,6,1,5.76460752303767552e+17,23,2,1,5.76460752303767552e+17,16,9,2,3.32306998945331719e+35,6.74855191999999988e+02,0,1.10795641812679928e-08,nan,0.00000000000000000e+00
64,3,-2.75639109077651366e-09,1.00000000000000000e+00,2.17613388801762817e-08,2,20,-1.36476651867608982e-09,1.40035282920410297e-09,-2.17613388801762817e-08,-1.47878068200317149e-08,-1.38082141709708400e-09,-9.30005633185355441e-09,2.22250355339486258e-09,-1.18906047270410720e-08,1.90049477893997668e-08,2.39838424335711460e-08,9.13421363626455877e-09,1.41131082804359346e-08,19,6,1,5.76460752303767552e+17,23,2,1,5.76460752303767552e+17,16,9,2,3.32306998945331719e+35,6.63765634999999975e+02,0,2.39838424335711460e-08,nan,0.00000000000000000e+00
65,0,5.45976198154612930e-10,1.00000000000000000e+00,1.48916426285651146e-08,2,20,-3.01549269257049858e-09,-1.48916426285651146e-08,-7.55566371191540301e-09,-6.17285282012426320e-10,-5.28235789828283395e-09,6.98878347022684837e-10,5.46244874794440025e-09,-3.87360417250652322e-09,1.54376188267197270e-08,1.55905209755877990e-08,5.82833409643744719e-09,1.07448066462272342e-08,19,6,1,5.76460752303767552e+17,23,2,1,5.76460752303767552e+17,16,9,2,3.32306998945331719e+35,6.61602211000000011e+02,0,1.55905209755877990e-08,nan,0.00000000000000000e+00
65,1,-1.75485469801438173e-09,1.00000000000000000e+00,2.68506891304788678e-08,2,20,-2.20977689839256105e-09,-1.02842547747370304e-08,-1.47489660431514658e-08,-2.68506891304788678e-08,8.33621177949553002e-09,8.38967243666561360e-09,8.23869368687112017e-09,4.72873614859052804e-09,2.50958344324644852e-08,3.15794252790693983e-08,1.01445271346799962e-08,3.66093628807508557e-09,19,6,1,5.76460752303767552e+17,23,2,1,5.76460752303767552e+17,16,9,2,3.32306998945331719e+35,6.90410727999999949e+02,0,3.15794252790693983e-08,nan,0.00000000000000000e+00
65,2,8.37982946404471537e-10,1.00000000000000000e+00,1.59524957116140761e-08,2,20,1.59524957116140761e-08,-1.11754034827624365e-09,5.34306836935573819e-09,4.69186821520256646e-09,-1.40333256750185287e-08,9.78000997401548303e-09,-5.48985334879489903e-09,-4.91081553323663154e-09,1.51145127652096042e-08,2.99858213866326031e-08,1.48713086214230005e-08,2.38133356490340134e-08,19,6,1,5.76460752303767552e+17,23,2,1,5.76460752303767552e+17,16,9,2,3.32306998945331719e+35,6.43504658999999947e+02,0,2.99858213866326031e-08,nan,0.00000000000000000e+00
65,3,3.01039135913719628e-10,1.00000000000000000e+00,1.26312521595915356e-08,2,20,-5.31983348535869854e-09,-1.26312521595915356e-08,8.98851910330718888e-10,-6.71605430921829545e-10,-1.33226596586870519e-08,-9.22256607833081429e-09,-4.83500981993799398e-09,8.85003094403586461e-09,1.29322912955052559e-08,9.52163637495769332e-09,1.36236987946007722e-08,2.21726906027229165e-08,19,6,1,5.76460752303767552e+17,23,2,1,5.76460752303767552e+17,16,9,2,3.32306998945331719e+35,6.47513769000000025e+02,0,9.52163637495769332e-09,nan,0.00000000000000000e+00
66,0,-1.07274869775707189e-09,1.00000000000000000e+00,2.59275802508565273e-08,2,20,2.59275802508565273e-08,2.02546616695725431e-11,1.36731848713330885e-08,1.41669824393685393e-09,6.66648287894468166e-09,-5.41325151626822745e-09,-3.05525061308413485e-09,-1.60430588039714751e-08,2.70003289486136007e-08,1.92610973719118457e-08,1.49703101062144018e-08,2.27095416829161568e-08,19,6,1,5.76460752303767552e+17,23,2,1,5.76460752303767552e+17,16,9,2,3.32306998945331719e+35,6.37533865999999989e+02,0,1.92610973719118457e-08,nan,0.00000000000000000e+00
66,1,-3.53689335527242524e-10,1.00000000000000000e+00,2.40168283877674885e-08,2,20,2.40168283877674885e-08,-1.38138032025484895e-08,7.90594829933497642e-10,1.18789924354773456e-08,-4.64625285337180762e-09,3.26602219782709320e-08,8.88008010171858088e-10,9.04136648083180560e-09,2.43705177232947300e-08,4.64740251808194199e-08,3.30139113137981735e-08,3.73064748316427380e-08,19,6,1,5.76460752303767552e+17,23,2,1,5.76460752303767552e+17,16,9,2,3.32306998945331719e+35,6.66525027000000023e+02,0,4.64740251808194199e-08,nan,0.00000000000000000e+00
66,2,-3.01357646303031724e-09,1.00000000000000000e+00,2.16129155801130256e-08,2,20,-8.15864594622883323e-09,-1.81602502093700097e-09,1.13120848807499764e-08,-2.16129155801130256e-08,-2.05036260799361158e-09,-7.26990906380906883e-10,8.58663243067024214e-09,1.07690934310569150e-08,1.85993391170827096e-08,3.23820090111699405e-08,1.37826698940872326e-08,1.28194560390505270e-08,19,6,1,5.76460752303767552e+17,23,2,1,5.76460752303767552e+17,16,9,2,3.32306998945331719e+35,6.60830703999999969e+02,0,3.23820090111699405e-08,nan,0.00000000000000000e+00
66,3,-2.16513328369894085e-09,1.00000000000000000e+00,1.84630052697213197e-08,2,20,-2.57140860203665751e-09,-1.74507406789583949e-08,-1.84630052697213197e-08,-1.35629751943734852e-08,-8.54480048173816141e-10,1.36565640139940545e-10,-5.51152381911215899e-09,1.22089660377166147e-09,1.62978719860223784e-08,1.75873063190983370e-08,3.38602988747060232e-09,6.73242042288382046e-09,19,6,1,5.76460752303767552e+17,23,2,1,5.76460752303767552e+17,16,9,2,3.32306998945331719e+35,6.50008375000000001e+02,0,1.75873063190983370e-08,nan,0.00000000000000000e+00
67,0,-9.68453048744586165e-10,1.00000000000000000e+00,1.07598627997156825e-08,2,20,-9.43371689753750422e-09,1.57636845652339894e-09,-1.07598627997156825e-08,-3.71152200068409681e-09,-2.83925541565254533e-08,2.93595990241159817e-09,-1.52597542341212830e-08,-1.09318324503538698e-08,9.79140975097109569e-09,1.89588372589879491e-08,2.74241011077808666e-08,3.13285140589370548e-08,19,6,1,5.76460752303767552e+17,23,2,1,5.76460752303767552e+17,16,9,2,3.32306998945331719e+35,6.36048228999999992e+02,0,1.89588372589879491e-08,nan,0.00000000000000000e+00
67,1,-3.81138460503467072e-09,1.00000000000000000e+00,1.81535928239655276e-08,2,20,7.09670671820530206e-09,-5.27029176072779030e-09,1.81535928239655276e-08,9.42079996640574809e-09,-6.03107901810540526e-10,2.45179509591473057e-09,5.33903105926263020e-09,-1.93717277999970376e-08,2.19649774290001991e-08,2.87925277664027857e-08,1.55603431949623661e-08,2.47107588592596670e-08,19,6,1,5.76460752303767552e+17,23,2,1,5.76460752303767552e+17,16,9,2,3.32306998945331719e+35,6.56400171000000000e+02,0,2.87925277664027857e-08,nan,0.00000000000000000e+00
67,2,2.40721555658717652e-10,1.00000000000000000e+00,7.88269840499538672e-09,2,20,-6.80866188179153014e-09,-1.63820503462087395e-09,8.84289822990951173e-10,-7.88269840499538672e-09,1.86944331149409061e-09,3.17092466549571822e-09,1.10898557006959508e-08,8.94332468939407086e-09,8.12341996065410453e-09,1.68260230943894592e-08,1.08491341450372330e-08,9.22041238920186015e-09,19,6,1,5.76460752303767552e+17,23,2,1,5.76460752303767552e+17,16,9,2,3.32306998945331719e+35,6.44865336999999954e+02,0,1.68260230943894592e-08,nan,0.00000000000000000e+00
67,3,1.99771756189261064e-09,1.00000000000000000e+00,7.26938807162242600e-09,2,20,1.15571953010291449e-10,3.03565597870121655e-09,-6.95856475615575639e-09,7.26938807162242600e-09,8.04507621125246350e-09,5.19314454188716922e-09,1.12360374006681907e-08,-1.52544810890740029e-10,8.95628231804836620e-09,1.81946021568239455e-08,9.23831983877557925e-09,1.13885822115589303e-08,19,6,1,5.76460752303767552e+17,23,2,1,5.76460752303767552e+17,16,9,2,3.32306998945331719e+35,6.61969566999999984e+02,0,1.81946021568239455e-08,nan,0.00000000000000000e+00
68,0,2.76794309483420084e-09,1.00000000000000000e+00,2.10018953934821656e-08,2,20,2.10018953934821656e-08,7.43541433438983606e-09,2.01113807936639681e-08,1.33967027398254315e-08,-1.33756451524942973e-08,3.28976597703625176e-08,-1.34677638109568950e-08,3.11177424025904766e-08,1.82339522986479660e-08,3.43775405459764646e-08,3.01297166755283180e-08,4.63654235813194109e-08,19,6,1,5.76460752303767552e+17,23,2,1,5.76460752303767552e+17,16,9,2,3.32306998945331719e+35,6.46881196000000045e+02,0,3.43775405459764646e-08,nan,0.00000000000000000e+00
68,1,-5.45838169094098847e-10,1.00000000000000000e+00,2.96003021078473788e-08,2,20,2.96003021078473788e-08,1.01776460724628049e-08,-1.06354044110657795e-08,-8.36301680630031931e-09,1.42860437724917518e-08,2.08116744890734091e-09,3.15070036148407054e-08,-2.61348884226042616e-09,3.01461402769414743e-08,4.21424080259064816e-08,3.20528417839348043e-08,3.41204924571011333e-08,19,6,1,5.76460752303767552e+17,23,2,1,5.76460752303767552e+17,16,9,2,3.32306998945331719e+35,6.59879961999999978e+02,0,4.21424080259064816e-08,nan,0.00000000000000000e+00
68,2,2.95874950655251431e-09,1.00000000000000000e+00,1.58250216033797786e-08,2,20,-1.58250216033797786e-08,2.66474095967744276e-09,-8.10069937437663065e-09,1.47501868613107343e-08,1.07435670666941908e-08,1.89539782681372313e-08,-1.60855782810105607e-09,-2.15293518583837345e-08,1.87837711099322913e-08,3.62795387196944704e-08,2.44881013649362471e-08,4.04833301265209658e-08,19,6,1,5.76460752303767552e+17,23,2,1,5.76460752303767552e+17,16,9,2,3.32306998945331719e+35,6.50411756999999966e+02,0,3.62795387196944704e-08,nan,0.00000000000000000e+00
68,3,6.05655653627173869e-10,1.00000000000000000e+00,2.11061728278780109e-08,2,20,1.03194766461456198e-08,-6.60615715805808518e-10,4.52791324245855355e-10,-2.11061728278780109e-08,1.65676738252638480e-08,1.30070223969503645e-08,3.19652759272957846e-08,1.52483533467239988e-08,2.17118284815051839e-08,3.63545261746020097e-08,3.13596202736686116e-08,1.89582535303454217e-08,19,6,1,5.76460752303767552e+17,23,2,1,5.76460752303767552e+17,16,9,2,3.32306998945331719e+35,6.56364858000000027e+02,0,3.63545261746020097e-08,nan,0.00000000000000000e+00
69,0,7.74707748342221497e-09,1.00000000000000000e+00,5.64380742298359739e-08,2,20,5.64380742298359739e-08,7.35707517694765352e-09,-8.04301465025344830e-09,2.11682435207164882e-08,-3.63539375267600761e-10,-1.62002346729824348e-08,-3.58771308304860215e-09,-1.35761235724103915e-08,4.86909967464137590e-08,5.68016136051035759e-08,2.39473121564046497e-08,1.58366952977148328e-08,19,6,1,5.76460752303767552e+17,23,2,1,5.76460752303767552e+17,16,9,2,3.32306998945331719e+35,6.40083467000000041e+02,0,5.68016136051035759e-08,nan,0.00000000000000000e+00
69,1,1.59142232968382025e-10,1.00000000000000000e+00,1.71389534476501037e-08,2,20,-2.51996566168137036e-09,-6.36987507797491000e-09,-1.71389534476501037e-08,1.42795863395911885e-09,2.07749471077062334e-08,8.10738936953236000e-09,-9.34199541414268452e-09,-1.10330651963809768e-08,1.72980956806184861e-08,2.32949127693876037e-08,2.06158048747378509e-08,3.18080123040872102e-08,19,6,1,5.76460752303767552e+17,23,2,1,5.76460752303767552e+17,16,9,2,3.32306998945331719e+35,6.57012944999999945e+02,0,2.32949127693876037e-08,nan,0.00000000000000000e+00
69,2,-2.88529434909770675e-11,1.00000000000000000e+00,2.78738052046690237e-08,2,20,-1.79658758509711741e-10,2.78738052046690237e-08,-1.18427257182707480e-08,-2.38737946795541251e-08,3.58213960653895282e-08,-8.45375887273041040e-10,-3.17002342332225623e-08,-4.95064454603507598e-09,2.79026581481600008e-08,3.60010548238992366e-08,3.58502490088805085e-08,6.75216302986120905e-08,19,6,1,5.76460752303767552e+17,23,2,1,5.76460752303767552e+17,16,9,2,3.32306998945331719e+35,7.19581284999999980e+02,0,3.60010548238992366e-08,nan,0.00000000000000000e+00
69,3,9.80656111737801460e-10,1.00000000000000000e+00,2.36796139338785041e-08,2,20,-2.36796139338785041e-08,1.34960079720833258e-08,-5.61457829398338822e-09,2.17918244449007743e-08,3.56382036807057723e-08,2.31282657030753556e-08,-8.13539802884056116e-09,1.47440849244878699e-08,2.46602700456163047e-08,5.93178176145842764e-08,3.46575475689679684e-08,4.37736017095463318e-08,19,6,1,5.76460752303767552e+17,23,2,1,5.76460752303767552e+17,16,9,2,3.32306998945331719e+35,6.60225783999999976e+02,0,5.93178176145842764e-08,nan,0.00000000000000000e+00
70,0,-1.77801163955352018e-09,1.00000000000000000e+00,4.07123039732255451e-08,2,20,1.74098307435573283e-08,-4.07123039732255451e-08,2.16213692598589092e-09,-1.14109692510007393e-08,-2.48270591854441559e-08,-1.40434042550263376e-08,-3.17662330793708083e-09,3.78811567258183142e-08,3.89342923336720233e-08,4.92921259768190535e-08,3.96591683653718360e-08,6.27082159112624701e-08,19,6,1,5.76460752303767552e+17,23,2,1,5.76460752303767552e+17,16,9,2,3.32306998945331719e+35,6.45326205999999956e+02,0,4.92921259768190535e-08,nan,0.00000000000000000e+00
70,1,-3.37640323690424802e-09,1.00000000000000000e+00,6.21108396203456003e-08,2,20,8.45403789968020500e-09,-6.21108396203456003e-08,3.36300346770005807e-08,2.92040655475664064e-08,-9.08313824238196557e-09,-1.68306549680206709e-09,1.76020315906207822e-08,1.31945703616773711e-08,5.87344363834413548e-08,6.04277741235435315e-08,2.09784348275250311e-08,2.66851698330027478e-08,19,6,1,5.76460752303767552e+17,23,2,1,5.76460752303767552e+17,16,9,2,3.32306998945331719e+35,6.59760661000000027e+02,0,6.04277741235435315e-08,nan,0.00000000000000000e+00
70,2,2.64101169208785654e-10,1.00000000000000000e+00,2.92971004917137793e-08,2,20,1.23266537994038764e-08,-2.08167572487187799e-08,-1.47287072168082009e-08,-2.92971004917137793e-08,1.43832655388330997e-08,1.10807248396357620e-08,-3.02653728577089897e-08,1.30725413448884168e-08,2.95612016609225640e-08,4.23696418366021960e-08,3.05294740269177745e-08,4.46486383965420894e-08,19,6,1,5.76460752303767552e+17,23,2,1,5.76460752303767552e+17,16,9,2,3.32306998945331719e+35,6.57509466999999972e+02,0,4.23696418366021960e-08,nan,0.00000000000000000e+00
70,3,-8.28459804403213084e-10,1.00000000000000000e+00,1.92902905372653644e-08,2,20,-1.72482387415817060e-08,-1.01475314207310442e-08,1.92902905372653644e-08,3.30217733730063587e-09,1.53746152055150515e-08,4.69085486953704290e-09,-3.50378024903228048e-08,5.89940394485199676e-08,2.01187503416685760e-08,5.56918621112193326e-08,5.98224992529231793e-08,9.40318419388427791e-08,19,6,1,5.76460752303767552e+17,23,2,1,5.76460752303767552e+17,16,9,2,3.32306998945331719e+35,6.95746532999999999e+02,0,5.56918621112193326e-08,nan,0.00000000000000000e+00
71,0,2.99164103034523464e-09,1.00000000000000000e+00,1.56366436069554261e-08,2,20,-2.64168342465809666e-09,-8.00172675376343773e-10,1.56366436069554261e-08,-1.08670718060866832e-08,1.77814622393861823e-09,1.23569445803453730e-08,6.11579920232408982e-08,4.11642706599029186e-08,1.38587128364319174e-08,5.20313424659895984e-08,5.81663509928956656e-08,5.93798457993022832e-08,19,6,1,5.76460752303767552e+17,23,2,1,5.76460752303767552e+17,16,9,2,3.32306998945331719e+35,6.61931605999999988e+02,0,5.20313424659895984e-08,nan,0.00000000000000000e+00
71,1,5.52563825830626215e-09,1.00000000000000000e+00,5.46033820104932810e-08,2,20,7.42064884746121277e-10,3.51132648927604275e-08,9.41063533508175407e-09,5.46033820104932810e-08,-3.66099125962525246e-09,1.58377648552628320e-08,-3.65059253850352659e-08,-1.59130291053759586e-09,4.90777437521870206e-08,5.61946849210308769e-08,4.20315636433415264e-08,5.23436902402980946e-08,19,6,1,5.76460752303767552e+17,23,2,1,5.76460752303767552e+17,16,9,2,3.32306998945331719e+35,6.65087590999999975e+02,0,5.61946849210308769e-08,nan,0.00000000000000000e+00
71,2,2.98582407333584205e-09,1.00000000000000000e+00,7.34360241647677913e-08,2,20,-3.27167785188979982e-08,3.56964974188831443e-09,-9.34884365891880909e-09,-7.34360241647677913e-08,2.52950825817020989e-08,8.04067244345096424e-10,-5.24770843917235561e-08,-1.87333010682515423e-08,7.64218482381036338e-08,5.80118611006000937e-08,5.54629084650593986e-08,7.77721669734256517e-08,19,6,1,5.76460752303767552e+17,23,2,1,5.76460752303767552e+17,16,9,2,3.32306998945331719e+35,6.62410442999999987e+02,0,5.80118611006000937e-08,nan,0.00000000000000000e+00
71,3,-4.53398790358522549e-09,1.00000000000000000e+00,5.39641443763503958e-08,2,20,-5.39641443763503958e-08,-4.55931265025584819e-08,-3.23733726732488461e-08,2.70624459501524859e-08,9.56959984325868116e-09,-1.80025008845888118e-08,-2.70296917613075107e-08,-6.10541931097767378e-08,4.94301564727651695e-08,8.81166390599292303e-08,5.65202052061915115e-08,7.06237929530354124e-08,19,6,1,5.76460752303767552e+17,23,2,1,5.76460752303767552e+17,16,9,2,3.32306998945331719e+35,6.82927388999999948e+02,0,8.81166390599292303e-08,nan,0.00000000000000000e+00
72,0,4.23246691481327863e-10,1.00000000000000000e+00,4.53019277236566204e-08,2,20,-9.18977462571496821e-09,1.36919429356526171e-08,9.38122347750385531e-09,-4.53019277236566204e-08,-1.43218612338232858e-10,-3.54524712039077965e-08,-4.55135611158223079e-08,-4.09361361826396202e-08,4.57251744151379513e-08,5.48947845933261649e-08,4.59368078073036388e-08,4.53703425034840718e-08,19,6,1,5.76460752303767552e+17,23,2,1,5.76460752303767552e+17,16,9,2,3.32306998945331719e+35,6.66140973000000031e+02,0,5.48947845933261649e-08,nan,0.00000000000000000e+00
72,1,-8.82353229094802684e-09,1.00000000000000000e+00,2.84075054424163691e-08,2,20,-2.84075054424163691e-08,-1.77167059173336223e-08,-2.07123138314335692e-08,-9.08274527368820449e-09,-1.95460056244960177e-08,-2.42440138349620555e-08,-3.30462728918026860e-08,3.18196531222053823e-08,1.95839731514683439e-08,4.09023983958935835e-08,4.06431854131534075e-08,6.48659260140080617e-08,19,6,1,5.76460752303767552e+17,23,2,1,5.76460752303767552e+17,16,9,2,3.32306998945331719e+35,6.49593619999999987e+02,0,4.09023983958935835e-08,nan,0.00000000000000000e+00
72,2,-5.07853188217146940e-09,1.00000000000000000e+00,4.48519587511616324e-08,2,20,-3.00664513986667711e-09,-4.48519587511616324e-08,1.52575699660858880e-08,-2.35860037629636380e-08,-6.96227274197675652e-09,-4.48542738398598522e-08,4.40942116007415597e-09,-5.94638767592045335e-09,3.97734268689901638e-08,1.76396160870431847e-08,3.97757419576883836e-08,4.92636949999340065e-08,19,6,1,5.76460752303767552e+17,23,2,1,5.76460752303767552e+17,16,9,2,3.32306998945331719e+35,6.69808462999999961e+02,0,1.76396160870431847e-08,nan,0.00000000000000000e+00
72,3,1.58413077256256946e-09,1.00000000000000000e+00,8.22330186809838293e-08,2,20,1.20103695172128411e-08,8.22330186809838293e-08,-5.12980205057961956e-09,4.33759949493536361e-09,-5.02369272650171490e-08,-2.57261026710742942e-08,2.30769613178014939e-08,3.37126044567597226e-08,8.06488879084212599e-08,1.07959121352058124e-07,5.18210580375797184e-08,8.39495317217768650e-08,19,6,1,5.76460752303767552e+17,23,2,1,5.76460752303767552e+17,16,9,2,3.32306998945331719e+35,6.50625545999999986e+02,0,1.07959121352058124e-07,nan,0.00000000000000000e+00
73,0,-8.00611030336539370e-09,1.00000000000000000e+00,1.07298368478060099e-07,2,20,3.56841198490170213e-09,-8.59029648353883090e-09,3.01786139094588925e-09,-1.07298368478060099e-07,-5.44719812887605100e-08,-2.68050370295759580e-08,-4.68715921848730869e-08,-5.01755166694450486e-08,9.92922581746947050e-08,5.80403932736622155e-08,4.64658709853951163e-08,2.76669442591845521e-08,19,6,1,5.76460752303767552e+17,23,2,1,5.76460752303767552e+17,16,9,2,3.32306998945331719e+35,6.51069305999999983e+02,0,5.80403932736622155e-08,nan,0.00000000000000000e+00
73,1,-1.52417343603964913e-08,1.00000000000000000e+00,7.14976833225872943e-08,2,20,-2.73331770629716925e-08,-8.53749368599852966e-09,-7.14976833225872943e-08,-8.72834298426766064e-10,-3.97212276386068173e-08,2.86817678978049328e-08,-4.61005736509052442e-09,-4.95704688802961397e-09,5.62559489621908030e-08,6.68876259574967632e-08,4.39235022582014208e-08,6.84029955364117534e-08,19,6,1,5.76460752303767552e+17,23,2,1,5.76460752303767552e+17,16,9,2,3.32306998945331719e+35,6.55395394000000010e+02,0,6.68876259574967632e-08,nan,0.00000000000000000e+00
73,2,-1.53824007207119395e-08,1.00000000000000000e+00,3.72517808908235094e-08,2,20,-3.72517808908235094e-08,-2.57634296157796763e-08,-1.57804697754681000e-08,-1.53590061568837109e-08,-4.71919612025556680e-08,7.56354248420989851e-10,-4.13223173467157874e-08,-4.83439782193499273e-08,2.18693801701115699e-08,3.29849720624662164e-08,3.29615774986379878e-08,4.91003324677709172e-08,19,6,1,5.76460752303767552e+17,23,2,1,5.76460752303767552e+17,16,9,2,3.32306998945331719e+35,6.73966189999999983e+02,0,3.29849720624662164e-08,nan,0.00000000000000000e+00
73,3,-1.46083497478647050e-08,1.00000000000000000e+00,3.46481850091666995e-08,2,20,2.57960557163351903e-08,-3.46481850091666995e-08,3.44138070773550202e-08,-3.44262507559214913e-08,4.25321224276751795e-08,-2.31563265386827164e-08,-3.90706057693521738e-08,1.85244680727975895e-08,4.90221568252197286e-08,7.34844128467071940e-08,5.71404721755398879e-08,8.16027281970273534e-08,19,6,1,5.76460752303767552e+17,23,2,1,5.76460752303767552e+17,16,9,2,3.32306998945331719e+35,6.60486445000000003e+02,0,7.34844128467071940e-08,nan,0.00000000000000000e+00
74,0,1.31678756718924715e-08,1.00000000000000000e+00,4.60572690379475358e-08,2,20,-1.97795525307823755e-08,4.60572690379475358e-08,-1.53501543609911530e-08,3.58579608270220881e-08,-3.79666932972373838e-08,-5.07652789271356827e-08,-4.58317553240261618e-08,6.66451207348935646e-08,3.29474282026748487e-08,9.68225479650832184e-08,6.39331545990281559e-08,1.17410399662029247e-07,19,6,1,5.76460752303767552e+17,23,2,1,5.76460752303767552e+17,16,9,2,3.32306998945331719e+35,6.56191249999999968e+02,0,9.68225479650832184e-08,nan,0.00000000000000000e+00
74,1,-1.64842312142104482e-09,1.00000000000000000e+00,6.75865030302642278e-08,2,20,1.01595577496092367e-08,4.09215538133690064e-08,-6.75865030302642278e-08,4.12869414955496134e-08,5.21222661609120870e-08,4.76517453939297884e-08,-3.17488786236511381e-08,-2.32930746117501894e-08,6.59380799088431780e-08,6.45800161072997962e-08,5.37706892823331302e-08,8.38711447845632251e-08,19,6,1,5.76460752303767552e+17,23,2,1,5.76460752303767552e+17,16,9,2,3.32306998945331719e+35,6.57150751000000014e+02,0,6.45800161072997962e-08,nan,0.00000000000000000e+00
74,2,-2.86284765679426506e-09,1.00000000000000000e+00,3.60466378408083191e-08,2,20,-3.60466378408083191e-08,-1.39404665605152706e-08,-3.34082868226938813e-08,-9.90793758737944739e-09,-3.24150868748297135e-08,1.91658454004282526e-08,-8.29324236244485609e-08,1.09003150916879213e-08,3.31837901840140569e-08,4.95241368017546796e-08,8.00695759676542987e-08,1.02098269024876817e-07,19,6,1,5.76460752303767552e+17,23,2,1,5.76460752303767552e+17,16,9,2,3.32306998945331719e+35,6.63020231999999965e+02,0,4.95241368017546796e-08,nan,0.00000000000000000e+00
74,3,2.09497142998025914e-09,1.00000000000000000e+00,4.90828529156353659e-08,2,20,-4.90828529156353659e-08,2.22117702165158886e-08,-1.75761412603243928e-08,-9.79167192064421843e-09,1.34141657779698660e-08,4.73798781667218513e-08,-4.11244560832892771e-08,-2.66503537116473969e-08,5.11778243456156279e-08,6.24970186936052302e-08,4.52849067367415892e-08,8.85043342500111217e-08,19,6,1,5.76460752303767552e+17,23,2,1,5.76460752303767552e+17,16,9,2,3.32306998945331719e+35,6.72521410999999944e+02,0,6.24970186936052302e-08,nan,0.00000000000000000e+00
75,0,-5.32897893853374396e-09,1.00000000000000000e+00,9.58568832059750219e-08,2,20,-1.30828503757592644e-08,-3.65657640223009768e-08,9.58568832059750219e-08,3.11859672100245042e-08,-1.96990901839437118e-08,-4.24256334312346554e-08,-3.96019691734487758e-08,3.14251401475466511e-08,1.01185862144508763e-07,1.35458852379423791e-07,3.70966544927009139e-08,7.38507735787813065e-08,19,6,1,5.76460752303767552e+17,23,2,1,5.76460752303767552e+17,16,9,2,3.32306998945331719e+35,6.62499481999999944e+02,0,1.35458852379423791e-07,nan,0.00000000000000000e+00
75,1,2.74197268877786627e-09,1.00000000000000000e+00,7.58286569954643604e-08,2,20,-7.58286569954643604e-08,-2.22148216311453950e-08,1.83277694628507940e-08,-3.88980513700819742e-09,5.94416074308789511e-08,-1.32766956915862143e-08,4.96303805756223527e-08,3.17795517587410616e-08,7.85706296842422279e-08,1.35270264426343311e-07,5.66996347421010836e-08,7.27183031224651654e-08,19,6,1,5.76460752303767552e+17,23,2,1,5.76460752303767552e+17,16,9,2,3.32306998945331719e+35,6.48466957999999977e+02,0,1.35270264426343311e-07,nan,0.00000000000000000e+00
75,2,3.51691515905690681e-09,1.00000000000000000e+00,6.25889983023231301e-08,2,20,6.25889983023231301e-08,-3.08713869602733474e-08,8.80845893629624280e-09,-5.62265206835149411e-09,3.83117088405185678e-08,1.01833255819577785e-07,9.49804014471586319e-09,2.15506546741184249e-08,5.90720831432662241e-08,1.32704642779851132e-07,9.83163406605208791e-08,9.23352156748619185e-08,19,6,1,5.76460752303767552e+17,23,2,1,5.76460752303767552e+17,16,9,2,3.32306998945331719e+35,6.62639391000000046e+02,0,1.32704642779851132e-07,nan,0.00000000000000000e+00
75,3,2.06272659042529727e-09,1.00000000000000000e+00,7.86821162167932521e-08,2,20,2.55251788771783923e-08,7.86821162167932521e-08,-2.01800803289502760e-08,2.98756726769769320e-09,-4.15498426691408420e-08,8.98679327752427683e-09,8.92093031749892800e-08,-5.79947273267402196e-08,7.66193896263679614e-08,1.09389383503939553e-07,8.71465765845639893e-08,1.47204030501729486e-07,19,6,1,5.76460752303767552e+17,23,2,1,5.76460752303767552e+17,16,9,2,3.32306998945331719e+35,6.64813430000000039e+02,0,1.09389383503939553e-07,nan,0.00000000000000000e+00
76,0,2.06749810601553588e-08,1.00000000000000000e+00,1.39856858546730089e-07,2,20,-1.39856858546730089e-07,4.60025766407111951e-08,-1.04733879969426139e-07,-7.84527485369331598e-09,-3.04370974688087127e-08,-6.49477102161339996e-09,1.38225691127350832e-08,3.06375481192053828e-08,1.60531839606885444e-07,1.18556449082161224e-07,5.11120785289640748e-08,6.10746455880141021e-08,19,6,1,5.76460752303767552e+17,23,2,1,5.76460752303767552e+17,16,9,2,3.32306998945331719e+35,6.46937208000000055e+02,0,1.18556449082161224e-07,nan,0.00000000000000000e+00
76,1,-3.09053147474461970e-09,1.00000000000000000e+00,9.93637820947174664e-08,2,20,3.44340243394796782e-08,-4.00224768486563377e-08,-8.90069020432488797e-08,9.93637820947174664e-08,5.74288974931613965e-08,-8.84945982323525163e-09,-4.42901500254580547e-08,9.21873814917141626e-08,1.02454313569462086e-07,4.47167520177908249e-08,9.52779129664587824e-08,1.36477531517172224e-07,19,6,1,5.76460752303767552e+17,23,2,1,5.76460752303767552e+17,16,9,2,3.32306998945331719e+35,6.47060153000000014e+02,0,4.47167520177908249e-08,nan,0.00000000000000000e+00
76,2,1.88945409380862432e-08,1.00000000000000000e+00,1.48034228337846893e-07,2,20,2.25438080226963288e-08,1.48034228337846893e-07,6.33810318546416293e-08,7.59784975995518868e-09,8.94424476709021550e-08,1.39547324766644216e-09,-4.86598428516433703e-08,6.02032206799587958e-09,1.29139687399760647e-07,1.46638755090180453e-07,7.05479067328159085e-08,1.38102290522545525e-07,19,6,1,5.76460752303767552e+17,23,2,1,5.76460752303767552e+17,16,9,2,3.32306998945331719e+35,6.47447314000000006e+02,0,1.46638755090180453e-07,nan,0.00000000000000000e+00
76,3,-2.31559972965037886e-09,1.00000000000000000e+00,9.38807849192707519e-08,2,20,8.16361763113254580e-08,7.11987502739078078e-09,9.38807849192707519e-08,2.62729526252237887e-08,1.72851960221373932e-08,5.85556284100118226e-08,1.55732830639928933e-08,1.06000058818681969e-08,9.61963846489211258e-08,7.83075018552778653e-08,6.08712281396622031e-08,4.79556225281436257e-08,19,6,1,5.76460752303767552e+17,23,2,1,5.76460752303767552e+17,16,9,2,3.32306998945331719e+35,6.47886496999999963e+02,0,7.83075018552778653e-08,nan,0.00000000000000000e+00
77,0,1.19482866127567125e-08,1.00000000000000000e+00,1.49832974130373406e-07,2,20,1.49832974130373406e-07,6.70019948112707644e-09,9.76544582740235784e-08,1.04307335803274120e-07,1.06305335835936547e-07,2.14589355017205046e-07,-4.01219470606142400e-08,7.85289030254536115e-08,1.37884687517616695e-07,2.07889155536077963e-07,2.02641068404448336e-07,2.54711302077819293e-07,19,6,1,5.76460752303767552e+17,23,2,1,5.76460752303767552e+17,16,9,2,3.32306998945331719e+35,6.54131631999999968e+02,0,2.07889155536077963e-07,nan,0.00000000000000000e+00
77,1,2.56302543732765078e-08,1.00000000000000000e+00,7.48710717654252688e-08,2,20,1.84301956445700099e-08,5.77650890157539327e-08,4.47751921226908205e-08,-7.48710717654252688e-08,1.22229342864221838e-07,4.03528012210232455e-08,-1.35008983086908022e-07,-4.68631547629699336e-09,1.00501326138701777e-07,1.79784175209598849e-07,1.60639237460184529e-07,2.57238325951129860e-07,19,6,1,5.76460752303767552e+17,23,2,1,5.76460752303767552e+17,16,9,2,3.32306998945331719e+35,6.57594846999999959e+02,0,1.79784175209598849e-07,nan,0.00000000000000000e+00
77,2,2.44663281885126724e-08,1.00000000000000000e+00,1.92009422711739291e-07,2,20,4.07505045969316460e-08,1.41933688482302822e-07,8.07372551279691972e-08,1.92009422711739291e-07,2.20846433551960709e-08,2.72412164139358311e-08,6.74553847604730035e-08,2.48804642428614396e-09,1.67543094523226628e-07,1.89521376287453158e-07,4.29890565719603277e-08,6.49673383361868578e-08,19,6,1,5.76460752303767552e+17,23,2,1,5.76460752303767552e+17,16,9,2,3.32306998945331719e+35,6.48625138999999990e+02,0,1.89521376287453158e-07,nan,0.00000000000000000e+00
77,3,1.71484382469637283e-08,1.00000000000000000e+00,1.55284422559537681e-07,2,20,1.55284422559537681e-07,-9.27557414096823349e-08,1.05812690976553652e-07,3.48675932997683193e-08,7.39474451084386203e-08,1.10947397499240801e-07,6.01519022830515409e-08,-3.29374207355867451e-08,1.38135984312573959e-07,2.03703138908923135e-07,9.37989592522770788e-08,1.43884818234827546e-07,19,6,1,5.76460752303767552e+17,23,2,1,5.76460752303767552e+17,16,9,2,3.32306998945331719e+35,6.53880032000000028e+02,0,2.03703138908923135e-07,nan,0.00000000000000000e+00
78,0,2.37887257636919037e-09,1.00000000000000000e+00,1.58913879834411125e-07,2,20,6.61716857628024961e-08,9.63161316579743455e-08,1.46523522080106826e-07,1.58913879834411125e-07,-4.85646594956053159e-08,-6.83841572463016822e-08,-4.21667563748707937e-08,-9.03311537061473625e-08,1.56535007258041934e-07,2.49245033540558500e-07,9.27100262825165529e-08,4.81643973312765688e-08,19,6,1,5.76460752303767552e+17,23,2,1,5.76460752303767552e+17,16,9,2,3.32306998945331719e+35,6.49569618999999989e+02,0,2.49245033540558500e-07,nan,0.00000000000000000e+00
78,1,2.66162486343168630e-08,1.00000000000000000e+00,1.11847947088973045e-07,2,20,-9.51151642377463204e-08,1.11847947088973045e-07,7.19951672383590691e-08,7.62392614709317162e-08,6.47660605058820947e-08,-1.19801524767073378e-08,-4.91704405763893679e-08,2.15001943733524405e-07,1.21731412872063173e-07,1.59881224743628402e-07,1.88385695099207552e-07,2.64172384309913773e-07,19,6,1,5.76460752303767552e+17,23,2,1,5.76460752303767552e+17,16,9,2,3.32306998945331719e+35,6.63452665000000025e+02,0,1.59881224743628402e-07,nan,0.00000000000000000e+00
78,2,1.41983431191341477e-08,1.00000000000000000e+00,1.27298170559996127e-07,2,20,1.27298170559996127e-07,-3.88946911942999441e-08,1.11645465752114909e-07,8.91757348985366849e-08,1.73868766744891420e-08,1.04110863206676083e-07,1.02763900073229996e-07,1.62827782652812829e-07,1.13099827440861983e-07,1.43005554400976027e-07,1.48629439533678672e-07,1.45440905978323701e-07,19,6,1,5.76460752303767552e+17,23,2,1,5.76460752303767552e+17,16,9,2,3.32306998945331719e+35,6.46553701000000046e+02,0,1.43005554400976027e-07,nan,0.00000000000000000e+00
78,3,1.49488554901111739e-08,1.00000000000000000e+00,6.54767840985011920e-08,2,20,5.70774596932129415e-08,-6.54767840985011920e-08,-2.97483492567614594e-08,3.07895423466624539e-08,1.41242559835240771e-07,-2.64319246523396473e-07,1.20761943849393216e-07,1.79608507432593797e-07,8.04256395886123626e-08,1.98842462424895268e-07,2.79268102013507670e-07,4.43927753955990270e-07,19,6,1,5.76460752303767552e+17,23,2,1,5.76460752303767552e+17,16,9,2,3.32306998945331719e+35,6.86626295000000027e+02,0,1.98842462424895268e-07,nan,0.00000000000000000e+00
79,0,2.40451275264737771e-08,1.00000000000000000e+00,1.37376428369231180e-07,2,20,5.67480504650168883e-08,-1.37376428369231180e-07,-5.92553500163366940e-08,5.16147452825528244e-08,6.29408995213601463e-08,4.46294031695526777e-08,1.21660946255038877e-07,-3.24929556933182778e-07,1.61421555895704944e-07,3.76544302215735583e-07,3.48974684459656542e-07,4.46590503188221682e-07,19,6,1,5.76460752303767552e+17,23,2,1,5.76460752303767552e+17,16,9,2,3.32306998945331719e+35,7.13669386000000031e+02,0,3.76544302215735583e-07,nan,0.00000000000000000e+00
79,1,-6.73028556179587404e-09,1.00000000000000000e+00,5.83189392146176593e-08,2,20,-1.14821792012605479e-08,5.83189392146176593e-08,-5.47715020119355437e-08,4.49407665419420857e-08,-1.65769891339405953e-08,7.18104548863662836e-08,-2.61848828226529184e-07,-4.32318594815924317e-08,6.50492247764135284e-08,2.07077326214593640e-07,2.55118542664733328e-07,3.33659283112895494e-07,19,6,1,5.76460752303767552e+17,23,2,1,5.76460752303767552e+17,16,9,2,3.32306998945331719e+35,7.23560687000000030e+02,0,2.07077326214593640e-07,nan,0.00000000000000000e+00
79,2,-1.56709260586158526e-08,1.00000000000000000e+00,2.65175456174884011e-07,2,20,-2.65175456174884011e-07,4.78866958123540578e-08,-2.33414788839992755e-08,-5.58084823203490723e-08,-1.30130301350475758e-07,2.33369724665989220e-07,4.51323121674157347e-08,1.11394970753668605e-07,2.49504530116268162e-07,1.85483028853635162e-07,2.49040650724605069e-07,3.63500026016464978e-07,19,6,1,5.76460752303767552e+17,23,2,1,5.76460752303767552e+17,16,9,2,3.32306998945331719e+35,6.77716511999999966e+02,0,1.85483028853635162e-07,nan,0.00000000000000000e+00
79,3,-1.03575170842145922e-08,1.00000000000000000e+00,1.33909377513279231e-07,2,20,3.88472701025416800e-09,-1.09228411427326222e-08,-1.33909377513279231e-07,-6.33178933568744431e-08,4.49759357893277368e-08,2.25542456805980869e-07,-1.07478513186425188e-08,-5.96330745189708986e-08,1.23551860429064634e-07,2.36465297948713494e-07,2.35899973890195466e-07,2.85175531324951754e-07,19,6,1,5.76460752303767552e+17,23,2,1,5.76460752303767552e+17,16,9,2,3.32306998945331719e+35,6.61173245999999949e+02,0,2.36465297948713494e-07,nan,0.00000000000000000e+00
80,0,-4.59876205719115696e-08,1.00000000000000000e+00,1.92501669361264187e-07,2,20,1.92501669361264187e-07,-4.86845466959528649e-08,2.04336063752986827e-08,4.00550818302276015e-08,-4.90894393348044115e-08,-3.82548860881114286e-08,-3.76456533219238485e-08,-5.51997111784667865e-08,2.38489289933175750e-07,2.41591108696068572e-07,9.21209060655521689e-09,1.75540578565429381e-08,19,6,1,5.76460752303767552e+17,23,2,1,5.76460752303767552e+17,16,9,2,3.32306998945331719e+35,6.67504735999999980e+02,0,2.41591108696068572e-07,nan,0.00000000000000000e+00
80,1,-5.23520850538318606e-09,1.00000000000000000e+00,1.81752895866926802e-07,2,20,-8.09504989923630224e-09,2.21317649691869502e-08,-1.09881676667016377e-07,-1.81752895866926802e-07,-2.05082056066111293e-07,-2.45625238058373045e-08,-1.37622281303939403e-08,1.23803992833289691e-07,1.76517687361543621e-07,3.05556888700216493e-07,1.99846847560728112e-07,3.28886048899401010e-07,19,6,1,5.76460752303767552e+17,23,2,1,5.76460752303767552e+17,16,9,2,3.32306998945331719e+35,6.74261148000000048e+02,0,3.05556888700216493e-07,nan,0.00000000000000000e+00
80,2,-3.30959427836629139e-08,1.00000000000000000e+00,2.52795793297238975e-07,2,20,-1.47526500100825357e-07,1.17840716299473215e-07,-5.22969888648948914e-08,-2.52795793297238975e-07,1.31113190558446591e-07,-7.10526477176581517e-08,-2.01745693112603458e-07,8.46749204807607964e-08,2.19699850513576061e-07,3.37470713777999771e-07,1.68649750328940544e-07,3.32858883671050049e-07,19,6,1,5.76460752303767552e+17,23,2,1,5.76460752303767552e+17,16,9,2,3.32306998945331719e+35,6.74425178999999957e+02,0,3.37470713777999771e-07,nan,0.00000000000000000e+00
80,3,-2.80514014480963205e-08,1.00000000000000000e+00,2.35731018054362780e-07,2,20,5.14746524774137733e-08,1.01232440537001601e-07,-2.35731018054362780e-07,-8.52761348795886967e-08,4.16534562436998661e-07,7.05327774128109288e-08,-2.59627862438222107e-07,-3.38561406725053625e-08,2.07679616606266453e-07,3.65059909959584887e-07,4.44585963885094961e-07,6.76162424875220767e-07,19,6,1,5.76460752303767552e+17,23,2,1,5.76460752303767552e+17,16,9,2,3.32306998945331719e+35,6.53008618999999953e+02,0,3.65059909959584887e-07,nan,0.00000000000000000e+00
81,0,9.31949355339821671e-09,1.00000000000000000e+00,1.00376288050786267e-07,2,20,-1.00376288050786267e-07,-6.45893902547994836e-08,-3.88321490165483878e-08,-1.02931402107298295e-08,-5.97318139972203906e-08,-1.19688200358930228e-07,-2.75065179465429592e-07,-8.71162898980024403e-08,1.09695781604184477e-07,2.36233030448881217e-07,2.84384673018827815e-07,2.15333365468209201e-07,19,6,1,5.76460752303767552e+17,23,2,1,5.76460752303767552e+17,16,9,2,3.32306998945331719e+35,7.04436528999999950e+02,0,2.36233030448881217e-07,nan,0.00000000000000000e+00
81,1,4.06645283544792077e-08,1.00000000000000000e+00,1.59060861348455507e-07,2,20,-6.80836687275439974e-08,1.24502657834948818e-07,1.59060861348455507e-07,-1.06653843373550063e-07,2.23775757834759463e-07,-8.72293530351892457e-09,2.64983588217126890e-08,-1.45186146917187856e-07,1.47318371728029257e-07,2.91859426562303461e-07,1.85850675271667077e-07,3.68961904751947319e-07,19,6,1,5.76460752303767552e+17,23,2,1,5.76460752303767552e+17,16,9,2,3.32306998945331719e+35,6.67119315000000029e+02,0,2.91859426562303461e-07,nan,0.00000000000000000e+00
81,2,1.20359521769856457e-08,1.00000000000000000e+00,3.09220340168291181e-07,2,20,1.11821316307564427e-07,2.30256548942004819e-07,3.09220340168291181e-07,-1.12430201226660587e-07,-1.03675226070937507e-07,-1.55914544372164536e-07,-6.76000471832898647e-08,-1.71652712956549857e-07,2.97184387991305525e-07,3.86171093314169355e-07,1.83688665133535512e-07,1.04052665773259992e-07,19,6,1,5.76460752303767552e+17,23,2,1,5.76460752303767552e+17,16,9,2,3.32306998945331719e+35,6.50131460999999945e+02,0,3.86171093314169355e-07,nan,0.00000000000000000e+00
81,3,4.33252917645933308e-08,1.00000000000000000e+00,2.98856440733425097e-07,2,20,1.78916539244851928e-07,2.98856440733425097e-07,2.38899713127892360e-07,1.82236842242837333e-07,1.96422764105989685e-07,-2.71696147272960957e-08,-2.13318002073156659e-07,5.88630777529091809e-08,2.55531148968831780e-07,4.52217715201049019e-07,2.56643293837749977e-07,4.09740766179146344e-07,19,6,1,5.76460752303767552e+17,23,2,1,5.76460752303767552e+17,16,9,2,3.32306998945331719e+35,6.63058571000000029e+02,0,4.52217715201049019e-07,nan,0.00000000000000000e+00
82,0,-2.57712371858824249e-09,1.00000000000000000e+00,3.07861933423357208e-07,2,20,2.38638406888726886e-07,-3.84362257399112148e-08,-2.22990341689845053e-07,-3.07861933423357208e-07,7.92469776168918893e-08,5.79610128938671815e-08,-6.88172137119690226e-08,3.36472131196770487e-09,3.05284809704768965e-07,3.11226654735324919e-07,8.18241013354801318e-08,1.48064191328860912e-07,19,6,1,5.76460752303767552e+17,23,2,1,5.76460752303767552e+17,16,9,2,3.32306998945331719e+35,6.81060602000000017e+02,0,3.11226654735324919e-07,nan,0.00000000000000000e+00
82,1,2.62748053111013440e-08,1.00000000000000000e+00,2.50044245510430658e-07,2,20,1.10678813238751540e-07,-2.86481400199410195e-08,2.50044245510430658e-07,2.34834760174411126e-07,2.23737048333544186e-07,5.31045546615057857e-07,-3.20946601896879278e-07,9.37762700011588524e-08,2.23769440199329304e-07,5.70990847407309936e-07,5.04770741303956477e-07,8.51992148511937136e-07,19,6,1,5.76460752303767552e+17,23,2,1,5.76460752303767552e+17,16,9,2,3.32306998945331719e+35,6.78704277000000047e+02,0,5.70990847407309936e-07,nan,0.00000000000000000e+00
82,2,2.21366239767545713e-08,1.00000000000000000e+00,1.42799237096074943e-07,2,20,4.27586160237360495e-08,2.71263096336801445e-09,-1.42799237096074943e-07,-3.35060263491778718e-09,-3.79203786411743407e-08,-1.25648787463930305e-07,-1.07725337076741567e-07,1.46425128540568437e-07,1.64935861072829521e-07,1.49775731175486229e-07,1.47785411440684883e-07,2.72073916004498742e-07,19,6,1,5.76460752303767552e+17,23,2,1,5.76460752303767552e+17,16,9,2,3.32306998945331719e+35,6.92230028999999945e+02,0,1.49775731175486229e-07,nan,0.00000000000000000e+00
82,3,6.13219875274087081e-08,1.00000000000000000e+00,3.81612803445419572e-07,2,20,-3.07864408160250065e-07,-1.01385341053378028e-07,3.79845794342238732e-07,-3.81612803445419572e-07,1.20502113311371894e-07,1.54153156917632985e-08,-1.11868770641577992e-07,-5.01324522029886271e-08,4.42934790972828267e-07,4.91714564983816684e-07,1.73190758168986700e-07,2.32370883952949900e-07,19,6,1,5.76460752303767552e+17,23,2,1,5.76460752303767552e+17,16,9,2,3.32306998945331719e+35,6.92311491000000046e+02,0,4.91714564983816684e-07,nan,0.00000000000000000e+00
83,0,1.78579623248583091e-08,1.00000000000000000e+00,2.38940500166893451e-07,2,20,-2.38940500166893451e-07,1.23925767024614085e-07,-1.90201688867062978e-09,1.55377363351837007e-08,-6.68464731954927264e-08,4.32322616891610871e-08,2.70534240772957907e-07,3.37107122900800026e-07,2.56798462491751756e-07,3.21569386565616345e-07,3.19249160575941720e-07,4.03953596096292752e-07,19,6,1,5.76460752303767552e+17,23,2,1,5.76460752303767552e+17,16,9,2,3.32306998945331719e+35,6.30212058999999954e+02,0,3.21569386565616345e-07,nan,0.00000000000000000e+00
83,1,2.23534828266976613e-08,1.00000000000000000e+00,6.75499354302431122e-07,2,20,8.28951262691654805e-08,2.29790951546096544e-07,-1.79222415047052930e-07,6.75499354302431122e-07,-2.98270472782179024e-08,3.30220276221393763e-07,1.85712843482142300e-07,-1.79752118413145096e-07,6.53145871475733513e-07,8.55251472715576218e-07,3.07866793394696102e-07,5.09972394634538859e-07,19,6,1,5.76460752303767552e+17,23,2,1,5.76460752303767552e+17,16,9,2,3.32306998945331719e+35,6.54820551000000023e+02,0,8.55251472715576218e-07,nan,0.00000000000000000e+00
83,2,1.63018597822311324e-08,1.00000000000000000e+00,3.50382987800678408e-07,2,20,2.79151479772640770e-07,-3.25476510170756779e-07,3.50382987800678408e-07,-2.43515651478400185e-07,-1.70614463575562150e-07,7.74454048825602878e-09,-2.65460979051063382e-07,1.54094795060401233e-07,3.41778369952987922e-07,6.15843966851741737e-07,2.81762838833294524e-07,4.19555774111464615e-07,19,6,1,5.76460752303767552e+17,23,2,1,5.76460752303767552e+17,16,9,2,3.32306998945331719e+35,6.65683840000000032e+02,0,6.15843966851741737e-07,nan,0.00000000000000000e+00
83,3,1.25855108036214320e-09,1.00000000000000000e+00,3.75205706922487513e-07,2,20,1.74743027271200055e-07,-8.55295002558975323e-08,4.19961812945245350e-08,-3.75205706922487513e-07,1.29623962671234797e-07,4.55837746579694857e-07,1.77134616666179251e-07,-2.62206737884547863e-07,3.76464258002849642e-07,5.41367246835592390e-07,4.54579195499332728e-07,7.18044484464242721e-07,19,6,1,5.76460752303767552e+17,23,2,1,5.76460752303767552e+17,16,9,2,3.32306998945331719e+35,6.57915363999999954e+02,0,5.41367246835592390e-07,nan,0.00000000000000000e+00
84,0,-8.87636920941350672e-08,1.00000000000000000e+00,4.14100292388997746e-07,2,20,-3.68151699976992173e-08,-4.23242523658356375e-08,-1.99907998698553774e-07,-4.14100292388997746e-07,-2.97795265466251518e-07,1.49290351434493688e-07,1.01936363024359411e-07,-4.08748401148547848e-07,3.25336600294862679e-07,3.01844361722913185e-07,3.19984709054412781e-07,5.58038752583041536e-07,19,6,1,5.76460752303767552e+17,23,2,1,5.76460752303767552e+17,16,9,2,3.32306998945331719e+35,6.94405813999999964e+02,0,3.01844361722913185e-07,nan,0.00000000000000000e+00
84,1,3.83071154248683453e-08,1.00000000000000000e+00,3.76168454201996198e-07,2,20,3.47533637291393681e-08,-3.89197614954774418e-08,3.76168454201996198e-07,2.27219315198289932e-07,-4.80205886071421635e-08,2.30763826119706102e-07,1.12713350776748520e-07,-3.13396959743119442e-07,3.37861338777127866e-07,5.40616274941409375e-07,3.51704075167987774e-07,5.44160785862825518e-07,19,6,1,5.76460752303767552e+17,23,2,1,5.76460752303767552e+17,16,9,2,3.32306998945331719e+35,7.28577104999999960e+02,0,5.40616274941409375e-07,nan,0.00000000000000000e+00
84,2,-1.17353100750569726e-08,1.00000000000000000e+00,2.10699127857475444e-07,2,20,-5.02439945440577732e-09,2.10699127857475444e-07,-1.87786519882700699e-08,1.07870444521199696e-07,-5.19997852669560355e-08,-3.83254524161900177e-07,5.19010232051370399e-08,1.14652432827843487e-07,2.22434437932532415e-07,5.93953652019375621e-07,3.71519214086843206e-07,4.97906956989743664e-07,19,6,1,5.76460752303767552e+17,23,2,1,5.76460752303767552e+17,16,9,2,3.32306998945331719e+35,6.42337408999999980e+02,0,5.93953652019375621e-07,nan,0.00000000000000000e+00
84,3,-1.08799194410473764e-07,1.00000000000000000e+00,4.89228406299109815e-07,2,20,1.19072924273941902e-07,-2.07457467809944501e-07,7.54936608697128484e-08,4.89228406299109815e-07,-5.53481514067192414e-07,-3.22567032953059598e-07,-7.01688195065139953e-07,2.56946044577898794e-07,5.98027600709583632e-07,7.77181855934852775e-07,5.92889000654666242e-07,9.58634239643038853e-07,19,6,1,5.76460752303767552e+17,23,2,1,5.76460752303767552e+17,16,9,2,3.32306998945331719e+35,6.67383656999999971e+02,0,7.77181855934852775e-07,nan,0.00000000000000000e+00
85,0,-2.79352518601036076e-08,1.00000000000000000e+00,5.57005617849304126e-07,2,20,2.03433452818638726e-07,-2.86582966383801509e-07,-5.57005617849304126e-07,2.28622560351371303e-07,-1.08891287156719757e-07,-1.28324840403209449e-07,-3.87277628495713415e-07,-1.98735072231861726e-07,5.29070365989200558e-07,4.27357632583233029e-07,3.59342376635609795e-07,2.78386341338993658e-07,19,6,1,5.76460752303767552e+17,23,2,1,5.76460752303767552e+17,16,9,2,3.32306998945331719e+35,6.62312523000000056e+02,0,4.27357632583233029e-07,nan,0.00000000000000000e+00
85,1,-9.85459813457460890e-08,1.00000000000000000e+00,3.23453507013366462e-07,2,20,-2.33026107931917139e-07,-2.16031163896619625e-07,-1.25085584841928368e-07,-3.23453507013366462e-07,-3.01428076836996747e-07,-2.99746788201171188e-07,6.17357626563176783e-07,-5.83283041713387439e-07,2.24907525667620373e-07,7.42443211405105178e-07,7.15903607908922845e-07,1.20064066827656422e-06,19,6,1,5.76460752303767552e+17,23,2,1,5.76460752303767552e+17,16,9,2,3.32306998945331719e+35,7.00547009000000003e+02,0,7.42443211405105178e-07,nan,0.00000000000000000e+00
85,2,-8.60958724941311796e-08,1.00000000000000000e+00,3.90182229352604096e-07,2,20,3.90182229352604096e-07,6.38047901521811559e-08,2.72363011225189217e-08,1.84791761800863707e-07,-3.05337334330696006e-08,-1.84826332340383820e-07,-1.38043413308179521e-07,-2.51919684573924869e-07,4.76278101846735289e-07,4.36711446374788576e-07,1.65823812079793676e-07,2.21385951140855255e-07,19,6,1,5.76460752303767552e+17,23,2,1,5.76460752303767552e+17,16,9,2,3.32306998945331719e+35,6.70445056000000022e+02,0,4.36711446374788576e-07,nan,0.00000000000000000e+00
85,3,-8.84909580779177283e-08,1.00000000000000000e+00,3.61658541105026870e-07,2,20,-2.46991276593305697e-07,-3.61658541105026870e-07,-1.55799552052516329e-07,2.02490223344485994e-07,-1.76552527272813309e-07,-3.14857739052953117e-07,-4.10403912088244765e-07,9.59689240774301334e-08,2.90981181422403709e-07,2.54604360035728436e-07,3.21912954010327049e-07,5.06372836165674845e-07,19,6,1,5.76460752303767552e+17,23,2,1,5.76460752303767552e+17,16,9,2,3.32306998945331719e+35,6.68467712000000006e+02,0,2.54604360035728436e-07,nan,0.00000000000000000e+00
86,0,-3.06946288004319193e-07,1.00000000000000000e+00,4.65621067064114692e-07,2,20,4.40964034485944464e-07,-4.65621067064114692e-07,-2.15604422031705712e-08,3.23806867465941498e-07,-2.35794800280662611e-07,4.94163563930050891e-07,-1.06802956190714318e-07,-1.59711931300362656e-07,7.47910322490263658e-07,9.59784630994165584e-07,8.01109851934370085e-07,7.29958364210713476e-07,19,6,1,5.76460752303767552e+17,23,2,1,5.76460752303767552e+17,16,9,2,3.32306998945331719e+35,6.86230627000000027e+02,0,9.59784630994165584e-07,nan,0.00000000000000000e+00
86,1,-1.29256756082283595e-09,1.00000000000000000e+00,1.78551590151483761e-07,2,20,1.78551590151483761e-07,-1.76733356296000262e-07,-7.28798583308975262e-08,-6.85959295729536209e-08,8.45575638016954143e-08,2.00729130261189378e-07,2.30528573105519287e-07,-1.20595648765307076e-07,1.79844157712306606e-07,3.77462486557189666e-07,2.31821140666342132e-07,3.51124221870826363e-07,19,6,1,5.76460752303767552e+17,23,2,1,5.76460752303767552e+17,16,9,2,3.32306998945331719e+35,6.64216620000000034e+02,0,3.77462486557189666e-07,nan,0.00000000000000000e+00
86,2,-8.49469658944177752e-08,1.00000000000000000e+00,2.29755274603855317e-07,2,20,1.03530726075985447e-07,6.77590419095127259e-08,1.93001010123487774e-07,2.29755274603855317e-07,5.52363810085813233e-07,-5.32453437958445898e-07,3.96790589473027998e-07,-1.01269289223364229e-06,3.14702240498273065e-07,1.24244816683749766e-06,9.27745926339224490e-07,1.56505670231945542e-06,19,6,1,5.76460752303767552e+17,23,2,1,5.76460752303767552e+17,16,9,2,3.32306998945331719e+35,6.82510351000000014e+02,0,1.24244816683749766e-06,nan,0.00000000000000000e+00
86,3,-6.72705553756708591e-08,1.00000000000000000e+00,5.48218650824399375e-07,2,20,-2.62786631341066757e-07,3.59258616811543760e-07,-4.42518982413707972e-07,-5.48218650824399375e-07,-8.62332450523352184e-08,-2.36379606729728416e-07,-1.93464720331192115e-07,-7.17581453717429045e-07,4.80948095448728515e-07,5.95638223541272176e-07,6.50310898341758186e-07,6.31348208665093827e-07,19,6,1,5.76460752303767552e+17,23,2,1,5.76460752303767552e+17,16,9,2,3.32306998945331719e+35,6.81441683000000012e+02,0,5.95638223541272176e-07,nan,0.00000000000000000e+00
87,0,2.38543484530985158e-07,1.00000000000000000e+00,3.05410152153957981e-07,2,20,-2.63889410980521865e-08,-1.29837054250197979e-07,-1.39247491426941012e-07,-3.05410152153957981e-07,3.68732028285544751e-07,3.91215607854749184e-07,3.33274896289703418e-07,5.51853501228378667e-07,5.43953636684943192e-07,8.57263653382336701e-07,3.13310016697393509e-07,2.18578604938675249e-07,19,6,1,5.76460752303767552e+17,23,2,1,5.76460752303767552e+17,16,9,2,3.32306998945331719e+35,6.65581501000000003e+02,0,8.57263653382336701e-07,nan,0.00000000000000000e+00
87,1,6.87546449580528955e-08,1.00000000000000000e+00,5.71566869359097659e-07,2,20,-5.37778681362124394e-07,-5.23615326237666075e-07,-5.71566869359097659e-07,3.30581108921002252e-07,1.66356920487153278e-07,4.40853133369335180e-07,-4.81083018789736098e-08,-2.87813127927486461e-07,6.40321514317150568e-07,9.64468459607001255e-07,3.72098488411282272e-07,7.28666261296821642e-07,19,6,1,5.76460752303767552e+17,23,2,1,5.76460752303767552e+17,16,9,2,3.32306998945331719e+35,6.65558758000000012e+02,0,9.64468459607001255e-07,nan,0.00000000000000000e+00
87,2,6.13488683830210724e-08,1.00000000000000000e+00,3.56236861914691359e-07,2,20,-1.96454700946334211e-07,-3.56236861914691359e-07,3.11093749314608904e-07,2.77746423222741134e-09,-9.50489126086885135e-07,-2.93461571066274998e-07,1.23519956231089470e-07,-1.18339915320151874e-07,4.17585730297712432e-07,7.54034425140550871e-07,1.01183799446990610e-06,1.07400908231797461e-06,19,6,1,5.76460752303767552e+17,23,2,1,5.76460752303767552e+17,16,9,2,3.32306998945331719e+35,6.71913318000000004e+02,0,7.54034425140550871e-07,nan,0.00000000000000000e+00
87,3,1.75933958206379841e-07,1.00000000000000000e+00,4.96595877885363106e-07,2,20,4.96595877885363106e-07,2.29659415584668941e-07,-2.08537159424898650e-07,7.18087993339054999e-08,6.75010905735385278e-07,5.01633103735572840e-07,-2.22742106455909619e-07,-3.48684205159740173e-09,3.84471117631278491e-07,2.71973688150903900e-07,4.99076947529005463e-07,8.97753012191294896e-07,19,6,1,5.76460752303767552e+17,23,2,1,5.76460752303767552e+17,16,9,2,3.32306998945331719e+35,6.50570493000000056e+02,0,2.71973688150903900e-07,nan,0.00000000000000000e+00
88,0,-1.72755724455842010e-08,1.00000000000000000e+00,1.00409866324553068e-06,2,20,-6.15375724130928949e-07,5.03462623474515449e-07,-5.53874344603833063e-07,-1.00409866324553068e-06,-1.20858746227221977e-07,-1.30060565363747420e-08,-7.77634654646753175e-07,-9.39318330330786748e-07,9.86823090799946522e-07,5.16468680010890244e-07,9.22042757885202593e-07,9.26312273794411953e-07,19,6,1,5.76460752303767552e+17,23,2,1,5.76460752303767552e+17,16,9,2,3.32306998945331719e+35,6.49642539000000056e+02,0,5.16468680010890244e-07,nan,0.00000000000000000e+00
88,1,8.33650080080474168e-08,1.00000000000000000e+00,5.06011684107884188e-07,2,20,-9.75901646126615529e-08,1.50503208772798577e-07,-3.57827391451639219e-07,5.06011684107884188e-07,2.84622217481137808e-08,-5.58563279441466190e-07,-3.01308156132848671e-07,-3.90125974915639725e-07,4.41192399459686649e-07,8.96137659023523913e-07,6.41928287449513567e-07,5.87025501189579971e-07,19,6,1,5.76460752303767552e+17,23,2,1,5.76460752303767552e+17,16,9,2,3.32306998945331719e+35,6.55337691999999947e+02,0,8.96137659023523913e-07,nan,0.00000000000000000e+00
88,2,-3.92457235762077022e-08,1.00000000000000000e+00,8.38136092678867180e-07,2,20,8.38136092678867180e-07,-2.68305450681977629e-07,-4.56441049291912299e-07,2.25896834290865431e-07,7.69469993812402318e-07,-4.82764869627919179e-07,-7.95631038908729760e-07,2.29837833841818215e-07,8.77381816255074928e-07,3.39189989616817461e-07,8.08715717388610067e-07,1.56510103272113208e-06,19,6,1,5.76460752303767552e+17,23,2,1,5.76460752303767552e+17,16,9,2,3.32306998945331719e+35,6.73383996000000025e+02,0,3.39189989616817461e-07,nan,0.00000000000000000e+00
88,3,-2.44544290802540651e-08,1.00000000000000000e+00,7.35186196444438478e-07,2,20,-3.11850292282869647e-07,1.75078401556856956e-07,-3.46464662376638405e-07,7.35186196444438478e-07,-3.89076947431842255e-07,-3.33529919771195566e-07,-3.39707434673017888e-07,-8.63697229613885320e-07,7.59640625524692530e-07,1.59888342605832380e-06,8.39242800533631268e-07,5.30167309842689701e-07,19,6,1,5.76460752303767552e+17,23,2,1,5.76460752303767552e+17,16,9,2,3.32306998945331719e+35,6.51051627000000053e+02,0,1.59888342605832380e-06,nan,0.00000000000000000e+00
89,0,-1.40426662890274994e-07,1.00000000000000000e+00,9.42779986836911146e-07,2,20,4.02774145833413876e-07,5.95235326298488654e-07,-8.91595484771220315e-07,-9.42779986836911146e-07,-8.15036276326343201e-08,-1.73843627126056874e-07,-8.07640342980379909e-08,-2.71767538756056123e-07,8.02353323946636099e-07,8.10831450473182337e-07,1.31340875865781129e-07,1.91003504458018146e-07,19,6,1,5.76460752303767552e+17,23,2,1,5.76460752303767552e+17,16,9,2,3.32306998945331719e+35,6.35824613999999997e+02,0,8.10831450473182337e-07,nan,0.00000000000000000e+00
89,1,-2.18359376018885226e-07,1.00000000000000000e+00,4.88063091345287773e-07,2,20,3.70958196811414684e-07,4.88063091345287773e-07,1.87491202191813509e-07,-2.31865792877687923e-08,3.18878788139131466e-08,-7.43131432032400510e-07,-8.69636119642520919e-08,-1.05306315902759147e-08,7.06422467364173025e-07,1.23119452337768828e-06,5.24772056013515258e-07,7.75019310846313657e-07,19,6,1,5.76460752303767552e+17,23,2,1,5.76460752303767552e+17,16,9,2,3.32306998945331719e+35,6.70474243999999999e+02,0,1.23119452337768828e-06,nan,0.00000000000000000e+00
89,2,-2.49550897644864744e-07,1.00000000000000000e+00,1.82577014571857761e-06,2,20,3.03826332257819012e-07,-4.67602018884531195e-07,-5.42529135006348737e-07,-1.82577014571857761e-06,9.64849851407393363e-07,-3.28409997986825918e-08,5.43754204687086325e-07,-1.08891010762491054e-07,1.57621924807371282e-06,1.71687913495608647e-06,1.21440074905225816e-06,1.07374086216988451e-06,19,6,1,5.76460752303767552e+17,23,2,1,5.76460752303767552e+17,16,9,2,3.32306998945331719e+35,6.73484848000000056e+02,0,1.71687913495608647e-06,nan,0.00000000000000000e+00
89,3,-2.17306165762627242e-07,1.00000000000000000e+00,6.18597817024135161e-07,2,20,4.88801483029045252e-07,1.16502584377210474e-07,-3.34307218132222638e-07,6.18597817024135161e-07,1.15071431203640895e-07,-1.13408036324957031e-06,-1.79749254161175143e-06,-1.40329626654244475e-06,8.35903982786762377e-07,2.02189408356657981e-06,1.58018637584912421e-06,1.91256397281539233e-06,19,6,1,5.76460752303767552e+17,23,2,1,5.76460752303767552e+17,16,9,2,3.32306998945331719e+35,6.68903424999999970e+02,0,2.02189408356657981e-06,nan,0.00000000000000000e+00
90,0,1.38617530962528265e-08,1.00000000000000000e+00,1.00645694951324524e-06,2,20,4.46525168350513414e-07,1.00645694951324524e-06,-2.57746117965330136e-07,-7.73513998666306973e-07,1.25357993472248904e-06,1.57928218701886357e-06,-6.77546922931695194e-07,7.15706876224346567e-07,9.92595196416992386e-07,1.48922087489065365e-06,1.56542043392261071e-06,2.25682910995055876e-06,19,6,1,5.76460752303767552e+17,23,2,1,5.76460752303767552e+17,16,9,2,3.32306998945331719e+35,6.34691883999999959e+02,0,1.48922087489065365e-06,nan,0.00000000000000000e+00
90,1,2.56917171534201273e-09,1.00000000000000000e+00,7.29378332544571691e-07,2,20,3.67495461395321315e-07,-4.96706357050951810e-07,4.77341395030054836e-07,-7.29378332544571691e-07,7.04114995715205435e-08,3.72899115009845570e-07,-7.01795761637105969e-07,5.03517230518596725e-08,7.31947504259913739e-07,1.17913715666716080e-06,7.04364933352448017e-07,1.07469487664695159e-06,19,6,1,5.76460752303767552e+17,23,2,1,5.76460752303767552e+17,16,9,2,3.32306998945331719e+35,6.39680740000000014e+02,0,1.17913715666716080e-06,nan,0.00000000000000000e+00
90,2,3.00466385223437993e-08,1.00000000000000000e+00,2.01799202595905789e-06,2,20,1.26863645326479712e-06,2.01799202595905789e-06,-4.37005072777631446e-07,8.34534798935295934e-09,1.37604578964933590e-06,-5.83858552715312683e-07,4.14051327806731147e-07,-1.15380933137293372e-06,1.98794538743671415e-06,2.60185057867437047e-06,1.34599915112699216e-06,2.52985512102226961e-06,19,6,1,5.76460752303767552e+17,23,2,1,5.76460752303767552e+17,16,9,2,3.32306998945331719e+35,6.46456028999999944e+02,0,2.60185057867437047e-06,nan,0.00000000000000000e+00
90,3,-7.96117192802485912e-08,1.00000000000000000e+00,1.23636312423626543e-06,2,20,-1.23636312423626543e-06,2.46885944235235886e-07,4.82573429499137150e-07,-8.83733115736502410e-07,7.54753068537703891e-07,7.07921955490399942e-07,1.44595665177656540e-07,4.09193017267003326e-07,1.15675140495601685e-06,1.99111619277396932e-06,8.34364787817952469e-07,6.10157403360047297e-07,19,6,1,5.76460752303767552e+17,23,2,1,5.76460752303767552e+17,16,9,2,3.32306998945331719e+35,6.52320902000000046e+02,0,1.99111619277396932e-06,nan,0.00000000000000000e+00
91,0,-2.53236450608896897e-08,1.00000000000000000e+00,1.35927471964164857e-06,2,20,-1.35927471964164857e-06,-2.55862545433983773e-07,1.11860232427543429e-06,1.58317453193754501e-07,6.94631565132141725e-07,-4.66668443106793913e-07,-1.89458937341599877e-06,-3.26647600640250876e-08,1.33395107458075886e-06,3.01319169769143306e-06,1.86926572835510906e-06,2.58922093854814049e-06,19,6,1,5.76460752303767552e+17,23,2,1,5.76460752303767552e+17,16,9,2,3.32306998945331719e+35,6.63824203000000011e+02,0,3.01319169769143306e-06,nan,0.00000000000000000e+00
91,1,-3.25194864605687827e-08,1.00000000000000000e+00,9.92875137536400312e-07,2,20,-9.92875137536400312e-07,-1.27658915301242451e-07,6.60452059766116015e-07,5.43151875677990332e-07,1.73792821818652829e-07,1.13880924749590919e-06,2.95336069602452108e-07,2.13892631120406486e-06,9.60355651075831582e-07,1.59577443552607453e-06,2.17144579766463380e-06,1.96513348938541214e-06,19,6,1,5.76460752303767552e+17,23,2,1,5.76460752303767552e+17,16,9,2,3.32306998945331719e+35,6.53807171000000039e+02,0,1.59577443552607453e-06,nan,0.00000000000000000e+00
91,2,-3.13217223266792449e-08,1.00000000000000000e+00,2.88516144995052952e-06,2,20,2.88516144995052952e-06,1.73571828276628508e-06,-1.59370555155394049e-07,-4.04466513959758393e-07,5.80758297031246976e-07,2.57823658743142606e-06,1.51689982556139262e-06,2.26045420183227466e-07,2.91648317227720878e-06,2.30440315291928265e-06,2.60955830975810532e-06,2.35219116724819838e-06,19,6,1,5.76460752303767552e+17,23,2,1,5.76460752303767552e+17,16,9,2,3.32306998945331719e+35,6.72531110000000012e+02,0,2.30440315291928265e-06,nan,0.00000000000000000e+00
91,3,-1.58551828563537704e-07,1.00000000000000000e+00,8.70413989618949621e-07,2,20,5.50370318122818043e-07,-2.81868950369092990e-07,-4.17614168221620212e-07,-8.70413989618949621e-07,1.07071144656964987e-07,4.99209699549645134e-07,4.60286984407282153e-07,-3.03934312182899209e-08,7.11862161055411916e-07,8.77901152628902312e-07,6.57761528113182838e-07,5.29603130767935002e-07,19,6,1,5.76460752303767552e+17,23,2,1,5.76460752303767552e+17,16,9,2,3.32306998945331719e+35,6.59064735000000042e+02,0,8.77901152628902312e-07,nan,0.00000000000000000e+00
92,0,4.19766864709493761e-07,1.00000000000000000e+00,1.08726194897089562e-06,2,20,-1.68475882464744030e-07,1.08726194897089562e-06,-5.98262798616546174e-08,7.96013365570704088e-08,6.13509918308655748e-07,-7.78318211892123813e-09,9.76069280504190658e-07,6.77100184718829508e-07,6.67495084261401908e-07,1.09504513108981685e-06,5.56302415794696949e-07,9.83852462623111896e-07,19,6,1,5.76460752303767552e+17,23,2,1,5.76460752303767552e+17,16,9,2,3.32306998945331719e+35,6.39809789000000023e+02,0,1.09504513108981685e-06,nan,0.00000000000000000e+00
92,1,-9.24596873482854540e-08,1.00000000000000000e+00,1.67483270282543941e-06,2,20,1.55667128341731447e-07,-4.96546289169607886e-07,-1.67483270282543941e-06,-4.09350480662149203e-07,1.45867930278747106e-06,-5.95025966385534861e-07,2.99485508426960977e-06,-1.31576621578370550e-08,1.58237301547715391e-06,4.66968778709504917e-06,3.08731477161789526e-06,3.58988105065514463e-06,19,6,1,5.76460752303767552e+17,23,2,1,5.76460752303767552e+17,16,9,2,3.32306998945331719e+35,6.43379388999999946e+02,0,4.66968778709504917e-06,nan,0.00000000000000000e+00
92,2,-6.03691140377674184e-08,1.00000000000000000e+00,2.40289126429084652e-06,2,20,-2.40289126429084652e-06,2.43155729927313228e-07,3.09889588809417609e-08,-1.00375350843081614e-06,1.05565903648030703e-06,-1.12335070234372662e-07,-5.34286063793071933e-07,-8.07632191053272119e-07,2.34252215025307916e-06,3.45855030077115355e-06,1.11602815051807440e-06,1.86329122753357915e-06,19,6,1,5.76460752303767552e+17,23,2,1,5.76460752303767552e+17,16,9,2,3.32306998945331719e+35,6.45286355999999955e+02,0,3.45855030077115355e-06,nan,0.00000000000000000e+00
92,3,-3.41027164090779816e-07,1.00000000000000000e+00,3.97812852773907342e-06,2,20,-2.03824997455478799e-06,-3.97812852773907342e-06,-8.84908953707813727e-07,-1.02088909261741509e-06,-1.08724987501004086e-06,-2.08400533705762054e-07,-3.33808898350232677e-06,-1.68616809378789632e-06,3.63710136364829345e-06,3.76972799403331147e-06,2.99706181941154679e-06,3.12968844979656482e-06,19,6,1,5.76460752303767552e+17,23,2,1,5.76460752303767552e+17,16,9,2,3.32306998945331719e+35,6.58732093999999961e+02,0,3.76972799403331147e-06,nan,0.00000000000000000e+00
93,0,-7.60899682229303679e-08,1.00000000000000000e+00,2.47853593818607429e-06,2,20,1.48339288975940569e-06,-5.42255971618462307e-07,-2.04750104775097303e-06,-2.47853593818607429e-06,2.85524027449954782e-07,1.91234402456192242e-06,-2.07465106765194206e-06,-2.75485166600000454e-06,2.40244596996314408e-06,2.45459999618038473e-06,2.67876169777707433e-06,4.66719569056192696e-06,19,6,1,5.76460752303767552e+17,23,2,1,5.76460752303767552e+17,16,9,2,3.32306998945331719e+35,6.52681279000000018e+02,0,2.45459999618038473e-06,nan,0.00000000000000000e+00
93,1,-8.35288820428840147e-07,1.00000000000000000e+00,1.40316036640273492e-06,2,20,-7.65343850624487044e-07,-1.10229493792130733e-06,-1.40316036640273492e-06,-1.30399605875021880e-06,-1.88000834805067565e-06,-1.17951454915550428e-06,9.26155050720130597e-07,-9.25508972577294257e-07,5.67871545973894774e-07,2.32931541712286573e-06,1.76144387114897085e-06,2.80616339877080625e-06,19,6,1,5.76460752303767552e+17,23,2,1,5.76460752303767552e+17,16,9,2,3.32306998945331719e+35,6.45327886000000035e+02,0,2.32931541712286573e-06,nan,0.00000000000000000e+00
93,2,-5.70356074982894788e-07,1.00000000000000000e+00,4.31313007353367351e-06,2,20,-4.31313007353367351e-06,-1.68648387018383411e-06,-7.54502959914389404e-07,-1.53488744332549612e-07,-1.68363677558593838e-06,-1.10035524453340465e-07,5.00250326557881853e-07,-7.72227596534332459e-07,3.74277399855077883e-06,2.62949329794773512e-06,1.11328070060304370e-06,2.18388710214382024e-06,19,6,1,5.76460752303767552e+17,23,2,1,5.76460752303767552e+17,16,9,2,3.32306998945331719e+35,6.51611195999999950e+02,0,2.62949329794773512e-06,nan,0.00000000000000000e+00
93,3,-7.17503123502467686e-07,1.00000000000000000e+00,2.31744211523736449e-06,2,20,-1.06783030135117105e-06,-1.76914295031208980e-06,-1.85551127425208006e-06,-2.31744211523736449e-06,-2.59841786338099169e-06,-2.19064894807409880e-07,9.29597781453675568e-07,-2.46478578629467725e-06,1.59993899173489681e-06,2.78510905570575563e-06,1.88091473987852400e-06,3.52801564483466747e-06,19,6,1,5.76460752303767552e+17,23,2,1,5.76460752303767552e+17,16,9,2,3.32306998945331719e+35,6.45462386000000038e+02,0,2.78510905570575563e-06,nan,0.00000000000000000e+00
94,0,-1.07855154051381559e-06,1.00000000000000000e+00,1.40010023924332638e-06,2,20,-1.40010023924332638e-06,3.89136893101460844e-07,-1.20425336769571727e-06,3.94359265034198187e-07,9.43623721242542829e-07,2.29902371170973639e-07,-2.60963866150976235e-07,-1.70086763420002112e-06,1.47291080554801383e-06,2.34372396048586931e-06,2.02217526175635832e-06,2.64449135544256405e-06,19,6,1,5.76460752303767552e+17,23,2,1,5.76460752303767552e+17,16,9,2,3.32306998945331719e+35,6.51531731000000036e+02,0,2.34372396048586931e-06,nan,0.00000000000000000e+00
94,1,-1.17323866381578231e-06,1.00000000000000000e+00,1.69283151846652595e-06,2,20,4.05085265328116489e-07,1.69283151846652595e-06,-6.86573957960586707e-07,6.34511316207308976e-07,-6.99404235902878080e-07,-1.30129669697383422e-06,2.53264541414869017e-06,-1.38162262015670356e-06,2.86607018228230847e-06,3.21921937210927699e-06,3.70588407796447248e-06,3.91426803430539331e-06,19,6,1,5.76460752303767552e+17,23,2,1,5.76460752303767552e+17,16,9,2,3.32306998945331719e+35,6.64068850999999995e+02,0,3.21921937210927699e-06,nan,0.00000000000000000e+00
94,2,-9.29567379422298652e-07,1.00000000000000000e+00,2.80934527866707960e-06,2,20,-1.27751794108609880e-06,1.74917580535188917e-07,-2.80934527866707960e-06,-2.15567527390846988e-06,-1.67101427227914571e-06,-1.70014909549099105e-08,-1.71163351711915549e-06,1.15377591261560845e-06,1.87977789924478084e-06,3.30945118652407834e-06,2.08334329203790721e-06,2.86540942973476373e-06,19,6,1,5.76460752303767552e+17,23,2,1,5.76460752303767552e+17,16,9,2,3.32306998945331719e+35,6.52150162000000023e+02,0,3.30945118652407834e-06,nan,0.00000000000000000e+00
94,3,-9.16397688294446339e-07,1.00000000000000000e+00,2.46242403115918032e-06,2,20,2.94089685861182028e-07,-1.65746524255850804e-06,-2.46242403115918032e-06,-2.31498770608300409e-06,-2.97667154137989493e-06,2.45833012796576362e-06,-4.30612163632586784e-07,-8.23981917906084924e-07,1.54602634286473398e-06,4.11579537052427145e-06,3.37472781626020996e-06,5.43500166934565855e-06,19,6,1,5.76460752303767552e+17,23,2,1,5.76460752303767552e+17,16,9,2,3.32306998945331719e+35,6.80951745999999957e+02,0,4.11579537052427145e-06,nan,0.00000000000000000e+00
95,0,-1.28804495135136737e-06,1.00000000000000000e+00,3.34614649418328895e-06,2,20,-1.67778619389084790e-06,1.17614499543432219e-07,3.34614649418328895e-06,-2.13177794522786457e-07,-3.36954483933611857e-06,1.50794632687934822e-06,8.01536004692093706e-07,1.05765852659207408e-06,4.63419144553465632e-06,2.54461048949119525e-06,2.79599127823071559e-06,4.87749116621546637e-06,19,6,1,5.76460752303767552e+17,23,2,1,5.76460752303767552e+17,16,9,2,3.32306998945331719e+35,6.52101390000000038e+02,0,2.54461048949119525e-06,nan,0.00000000000000000e+00
95,1,-3.64721873110697218e-07,1.00000000000000000e+00,3.56073726076281385e-06,2,20,-9.23382465808172289e-07,-1.36160486094537015e-08,-3.56073726076281385e-06,-2.12634337095649233e-06,-1.26878446021915219e-06,-3.70216771744586247e-06,-2.82846364402925646e-06,1.42225479564145228e-06,3.19601538765211669e-06,3.68855166883640877e-06,3.33744584433516530e-06,5.12442251308731496e-06,19,6,1,5.76460752303767552e+17,23,2,1,5.76460752303767552e+17,16,9,2,3.32306998945331719e+35,6.69278367000000003e+02,0,3.68855166883640877e-06,nan,0.00000000000000000e+00
95,2,-9.96248441198548070e-07,1.00000000000000000e+00,4.22126215248333104e-06,2,20,-8.83863601813772837e-07,-4.22126215248333104e-06,-4.76149381000127548e-07,-4.17334215644065233e-06,-2.89564894856846198e-06,6.56341268820716223e-07,-2.53576586053991338e-06,-4.34042289098884977e-06,3.22501371128478297e-06,4.87760342130404769e-06,3.34417444979030170e-06,4.99676415980956642e-06,19,6,1,5.76460752303767552e+17,23,2,1,5.76460752303767552e+17,16,9,2,3.32306998945331719e+35,6.68271618999999987e+02,0,4.87760342130404769e-06,nan,0.00000000000000000e+00
95,3,-1.15551440874008440e-06,1.00000000000000000e+00,4.84158983974928835e-06,2,20,-8.81447463633390860e-07,-3.06614338618481688e-06,-2.45813162749727809e-06,-4.84158983974928835e-06,-3.36256686027284060e-06,1.20689675503117295e-06,-4.85191129042509339e-07,-3.56696786792061334e-06,3.68607543100920395e-06,4.27304014121599025e-06,2.41145345918052894e-06,4.77386462295178629e-06,19,6,1,5.76460752303767552e+17,23,2,1,5.76460752303767552e+17,16,9,2,3.32306998945331719e+35,6.64524860999999987e+02,0,4.27304014121599025e-06,nan,0.00000000000000000e+00
96,0,-2.12757322580958259e-06,1.00000000000000000e+00,3.81064480545663863e-06,2,20,-3.81064480545663863e-06,2.08526046463752476e-07,-2.57014653377605401e-06,-1.76307552366724655e-06,3.02069392406303463e-07,-6.11634422558632723e-06,2.99680317754749354e-06,2.28405064561203369e-06,2.33609927227333528e-06,6.32487027205007992e-06,5.12437640335707655e-06,9.11314740313382120e-06,19,6,1,5.76460752303767552e+17,23,2,1,5.76460752303767552e+17,16,9,2,3.32306998945331719e+35,6.29842502999999965e+02,0,6.32487027205007992e-06,nan,0.00000000000000000e+00
96,1,-1.36926585974546024e-06,1.00000000000000000e+00,2.79247189637057994e-06,2,20,5.87089606724418627e-07,-1.94849599274627491e-06,-2.79247189637057994e-06,-1.01387221994585550e-06,-2.81142073636870215e-06,-1.66031346945070671e-06,-2.55611197121573367e-06,-1.76408454154345116e-06,1.95635546646987887e-06,3.39851034309312077e-06,1.44215487662324190e-06,1.15110726691799543e-06,19,6,1,5.76460752303767552e+17,23,2,1,5.76460752303767552e+17,16,9,2,3.32306998945331719e+35,6.67865007999999989e+02,0,3.39851034309312077e-06,nan,0.00000000000000000e+00
96,2,-1.63324760695965719e-06,1.00000000000000000e+00,5.41018897672914642e-06,2,20,-5.06917266070675818e-07,-1.10149031486006473e-06,-6.98105691617591133e-08,-5.41018897672914642e-06,1.37202582474570751e-06,2.44045825263401638e-08,-3.31327027072204905e-06,-3.69865487510889683e-06,3.77694136976948944e-06,3.24345970156029004e-06,3.00527343170536470e-06,5.07068069985460455e-06,19,6,1,5.76460752303767552e+17,23,2,1,5.76460752303767552e+17,16,9,2,3.32306998945331719e+35,6.51952872999999954e+02,0,3.24345970156029004e-06,nan,0.00000000000000000e+00
96,3,-1.54662630011028755e-06,1.00000000000000000e+00,5.18306125414575556e-06,2,20,2.48479128943753441e-07,-9.98153582750367428e-07,-5.18306125414575556e-06,-1.79292954704221310e-06,-3.27221590352514261e-06,-1.13839397847526801e-06,-1.79547928812828128e-06,-2.38445052024391571e-06,3.63643495403546779e-06,3.52069503246889605e-06,1.72558960341485506e-06,2.13382192504987460e-06,19,6,1,5.76460752303767552e+17,23,2,1,5.76460752303767552e+17,16,9,2,3.32306998945331719e+35,6.53609016999999994e+02,0,3.52069503246889605e-06,nan,0.00000000000000000e+00
97,0,-2.45651634789132410e-06,1.00000000000000000e+00,3.53001625364723700e-06,2,20,-2.30703910713202849e-06,6.67030254946803879e-07,-3.53001625364723700e-06,-3.11908193891333174e-06,-3.22724416155638438e-06,-1.84241335573304199e-06,-1.49191969807565650e-06,2.78936636305746397e-06,3.12354660283812819e-06,5.90844830197079529e-06,5.24588271094878807e-06,6.01661052461384878e-06,19,6,1,5.76460752303767552e+17,23,2,1,5.76460752303767552e+17,16,9,2,3.32306998945331719e+35,6.50222253000000023e+02,0,5.90844830197079529e-06,nan,0.00000000000000000e+00
97,1,-2.89435595261232739e-06,1.00000000000000000e+00,8.11399991810773377e-06,2,20,-1.08284618987457653e-06,-4.12924557201850760e-06,-3.73835287237662029e-06,-8.11399991810773377e-06,1.26561217269816300e-06,-6.15302426891676975e-06,2.07709431500259214e-06,-7.13530518708912181e-06,5.21964396549540680e-06,5.81544718737921285e-06,4.97145026761491953e-06,9.21239950209171438e-06,19,6,1,5.76460752303767552e+17,23,2,1,5.76460752303767552e+17,16,9,2,3.32306998945331719e+35,6.57534102999999959e+02,0,5.81544718737921285e-06,nan,0.00000000000000000e+00
97,2,-2.27713398617922880e-06,1.00000000000000000e+00,7.09196713339773970e-06,2,20,-7.09196713339773970e-06,-1.47112940845778461e-06,2.40953116358740384e-06,-1.97101046736298392e-06,8.72689345448364841e-07,-5.93673176508202517e-06,2.21288851402140862e-07,1.28091051700778786e-06,4.81483314721851090e-06,7.96465647884610380e-06,3.65959777890279637e-06,7.21764228208981345e-06,19,6,1,5.76460752303767552e+17,23,2,1,5.76460752303767552e+17,16,9,2,3.32306998945331719e+35,6.81857896999999980e+02,0,7.96465647884610380e-06,nan,0.00000000000000000e+00
97,3,-2.67493934187684373e-06,1.00000000000000000e+00,3.89800694170664515e-06,2,20,-3.89800694170664515e-06,-3.54339350909172042e-06,1.87733983393153230e-06,-3.59778499245147690e-06,1.82449652829127109e-06,1.57794066390689782e-07,3.07491784933978032e-06,2.41831333863354601e-06,4.55227917580837603e-06,6.01609833108502249e-06,5.74985719121662363e-06,2.91712378294909075e-06,19,6,1,5.76460752303767552e+17,23,2,1,5.76460752303767552e+17,16,9,2,3.32306998945331719e+35,6.66382323000000042e+02,0,6.01609833108502249e-06,nan,0.00000000000000000e+00
98,0,-1.74188413837377304e-06,1.00000000000000000e+00,6.22308565689630764e-06,2,20,-1.39348967280321264e-07,1.51388748192693254e-06,-1.21938976975127775e-06,-6.22308565689630764e-06,-4.92730702378071788e-06,-1.00538896831859762e-06,2.19919637486682496e-06,-3.83895029376878490e-06,4.48120151852253481e-06,4.78795805650039661e-06,3.94108051324059821e-06,7.12650339864754241e-06,19,6,1,5.76460752303767552e+17,23,2,1,5.76460752303767552e+17,16,9,2,3.32306998945331719e+35,6.50145203000000038e+02,0,4.78795805650039661e-06,nan,0.00000000000000000e+00
98,1,-3.49489334418592467e-07,1.00000000000000000e+00,7.74154529096268522e-06,2,20,6.61347045603789017e-07,-3.50589535173538081e-06,-7.74154529096268522e-06,1.83867214465320008e-07,3.94053746640987836e-06,3.53955204912470610e-06,-1.95992035012004616e-06,-4.82650662275836465e-06,7.39205595654409312e-06,7.04544740086008691e-06,4.47701728833977256e-06,8.76704408916824217e-06,19,6,1,5.76460752303767552e+17,23,2,1,5.76460752303767552e+17,16,9,2,3.32306998945331719e+35,6.48644263000000024e+02,0,7.04544740086008691e-06,nan,0.00000000000000000e+00
98,2,-3.53876997292383705e-07,1.00000000000000000e+00,3.86623551279678060e-06,2,20,2.19607193272620610e-06,-9.76884160343904746e-07,-2.87016666247272236e-06,3.86623551279678060e-06,-1.75818095307980088e-07,-7.80271963766379752e-07,2.63468672060749166e-06,-2.55611354919267701e-06,4.22011251008916410e-06,6.42234906198945761e-06,2.98856371789987516e-06,5.19080026980016868e-06,19,6,1,5.76460752303767552e+17,23,2,1,5.76460752303767552e+17,16,9,2,3.32306998945331719e+35,6.46825441999999953e+02,0,6.42234906198945761e-06,nan,0.00000000000000000e+00
98,3,2.53765469035455373e-07,1.00000000000000000e+00,7.11567402949998325e-06,2,20,2.68005448098588157e-06,-3.33292096547487761e-08,-7.11567402949998325e-06,3.15269317093773060e-06,-5.02063886996509591e-07,-3.62416902223969193e-08,3.73550633788415678e-06,-8.68132926829360033e-07,7.36943949853543836e-06,1.08511803673841396e-05,3.48174086884870125e-06,4.60363926471351639e-06,19,6,1,5.76460752303767552e+17,23,2,1,5.76460752303767552e+17,16,9,2,3.32306998945331719e+35,6.41243411000000037e+02,0,1.08511803673841396e-05,nan,0.00000000000000000e+00
99,0,-2.98280121612249178e-06,1.00000000000000000e+00,4.35884627345304756e-06,2,20,-4.07331952358865509e-06,2.07129319906341775e-06,4.35884627345304756e-06,2.57424534204396546e-06,-3.13958216693059812e-06,-4.73421842751695814e-07,3.88057422137966911e-07,-8.39827856842496479e-06,7.34164748957553934e-06,1.09725239104689302e-05,5.41547735230247300e-06,8.78633599056293085e-06,19,6,1,5.76460752303767552e+17,23,2,1,5.76460752303767552e+17,16,9,2,3.32306998945331719e+35,6.46661091000000056e+02,0,1.09725239104689302e-05,nan,0.00000000000000000e+00
99,1,-5.33262180807157990e-07,1.00000000000000000e+00,5.71596780298151455e-06,2,20,-1.65298815371567148e-06,-6.86409834441910426e-08,-5.71596780298151455e-06,2.11123033441638269e-06,1.67552071956359431e-06,-6.08001562484635294e-07,6.73387693060030938e-07,-6.42308330338717755e-06,5.18270562217435645e-06,8.53431363780356067e-06,5.88982112258001946e-06,8.09860402295077271e-06,19,6,1,5.76460752303767552e+17,23,2,1,5.76460752303767552e+17,16,9,2,3.32306998945331719e+35,6.45279583000000002e+02,0,8.53431363780356067e-06,nan,0.00000000000000000e+00
99,2,-1.47122339714323820e-06,1.00000000000000000e+00,4.98656743623318803e-06,2,20,-2.75478064267530438e-06,4.98656743623318803e-06,-2.06799564587525452e-06,-2.60614829560731445e-06,-4.92718624546982884e-06,1.18944767064580070e-06,-9.60350165257454933e-07,-5.65756201739563513e-07,6.45779083337642602e-06,3.79711976558738733e-06,3.45596284832659086e-06,6.11663391611562997e-06,19,6,1,5.76460752303767552e+17,23,2,1,5.76460752303767552e+17,16,9,2,3.32306998945331719e+35,6.48107016000000044e+02,0,3.79711976558738733e-06,nan,0.00000000000000000e+00
99,3,-4.29026581980212847e-07,1.00000000000000000e+00,3.06596213233601100e-06,2,20,3.06596213233601100e-06,-2.44573750654558031e-06,2.09747897910039364e-07,-1.42255565344706622e-06,1.16709289613157839e-06,4.91829285275711691e-06,-1.07502097899651134e-06,-4.00850566948237505e-06,3.49498871431622401e-06,7.36403035930269722e-06,5.34731943473732991e-06,8.92679852223949196e-06,19,6,1,5.76460752303767552e+17,23,2,1,5.76460752303767552e+17,16,9,2,3.32306998945331719e+35,6.38833199000000036e+02,0,7.36403035930269722e-06,nan,0.00000000000000000e+00
