block,within_block_sample,global_sample,y_nominal,y_physical,y_semantic,u_nominal,u_semantic,u_ckks,e_u_semantic_abs,e_u_nominal_abs,u_slot_spread,plant_nominal_0,plant_nominal_1,plant_nominal_2,plant_nominal_3,plant_ckks_0,plant_ckks_1,plant_ckks_2,plant_ckks_3,plant_error_0,plant_error_1,plant_error_2,plant_error_3,u_slots_0,u_slots_1,u_slots_2,u_slots_3,u_level,u_towers,u_noiseScaleDegree,u_scalingFactor
0,0,0,1.76499999999999990e-01,1.76499999999999990e-01,1.76499999999999352e-01,5.97519082627755022e-02,5.97519082627762030e-02,5.97519082627763834e-02,1.80411241501587938e-16,8.81239525796218004e-16,2.51187959321441667e-15,2.00000000000000011e-01,-1.00000000000000006e-01,5.00000000000000028e-02,8.00000000000000017e-02,2.00000000000000011e-01,-1.00000000000000006e-01,5.00000000000000028e-02,8.00000000000000017e-02,0.00000000000000000e+00,0.00000000000000000e+00,0.00000000000000000e+00,0.00000000000000000e+00,5.97519082627763834e-02,5.97519082627751136e-02,5.97519082627738715e-02,5.97519082627751968e-02,1,24,1,5.76460752303439872e+17
0,1,1,1.25002719459007372e-01,1.25002719459007428e-01,1.25002719459006262e-01,-5.00386380946312714e-01,-5.00386380946314380e-01,-5.00386380946313158e-01,1.22124532708767219e-15,4.44089209850062616e-16,8.43769498715118971e-15,1.40780152661022034e-01,-7.26099236694889849e-02,4.01950381652555200e-02,4.54975190826277520e-02,1.40780152661022090e-01,-7.26099236694889572e-02,4.01950381652555339e-02,4.54975190826277590e-02,5.55111512312578270e-17,2.77555756156289135e-17,1.38777878078144568e-17,6.93889390390722838e-18,-5.00386380946313158e-01,-5.00386380946308940e-01,-5.00386380946317377e-01,-5.00386380946309606e-01,1,24,1,5.76460752303439872e+17
0,2,2,6.13925936990720317e-02,6.13925936990720386e-02,6.13925936990713655e-02,-3.81110471074996238e-01,-3.81110471074995127e-01,-3.81110471074990242e-01,4.88498130835068878e-15,5.99520433297584532e-15,1.37667655053519411e-14,5.55220055466717211e-02,-7.40175086762407952e-02,2.00924689444431127e-02,2.01788461135033043e-02,5.55220055466717280e-02,-7.40175086762407952e-02,2.00924689444431093e-02,2.01788461135033008e-02,6.93889390390722838e-18,0.00000000000000000e+00,-3.46944695195361419e-18,-3.46944695195361419e-18,-3.81110471074990242e-01,-3.81110471074990576e-01,-3.81110471075004009e-01,-3.81110471074995460e-01,1,24,1,5.76460752303439872e+17
0,3,3,2.09678503451852967e-02,2.09678503451855881e-02,2.09678503451838152e-02,-3.84685388081325019e-01,-3.84685388081325019e-01,-3.84685388081322133e-01,2.88657986402540701e-15,2.88657986402540701e-15,5.32907051820075139e-15,3.56560561350467708e-03,-6.71468768835105922e-02,8.80476397677960355e-03,7.28985196674865939e-03,3.56560561350515587e-03,-6.71468768835103424e-02,8.80476397677971978e-03,7.28985196674871924e-03,4.78783679369598758e-16,2.49800180540660222e-16,1.16226472890446075e-16,5.98479599211998448e-17,-3.84685388081322133e-01,-3.84685388081323354e-01,-3.84685388081327462e-01,-3.84685388081324020e-01,1,24,1,5.76460752303439872e+17
1,0,4,-8.20302214361918851e-03,-8.20302214361881381e-03,-8.20302214361850503e-03,-3.33722736287384192e-01,-3.33722736291080235e-01,-3.33722736291074573e-01,5.66213742558829836e-15,3.69038133385402034e-12,5.85642645489770075e-14,-3.35793451554634859e-02,-6.06972862461086643e-02,8.15613577654710278e-04,1.17117340597583906e-04,-3.35793451554628891e-02,-6.06972862461083937e-02,8.15613577654834311e-04,1.17117340597644188e-04,5.96744875736021640e-16,2.70616862252381907e-16,1.24032728532341707e-16,6.02816407901940465e-17,-3.33722736291074573e-01,-3.33722736291100719e-01,-3.33722736291042155e-01,-3.33722736291084177e-01,19,6,1,5.76460752303767552e+17
1,1,5,-2.65126636478669672e-02,-2.65126636480493560e-02,-2.65126636480494775e-02,-3.02406983928585726e-01,-3.02406983932254403e-01,-3.02406983932273721e-01,1.93178806284777238e-14,3.68799435435107625e-12,8.83737527601624606e-14,-5.57307303146131403e-02,-5.28951600264168029e-02,-3.73502699072753757e-03,-3.29376771265688442e-03,-5.57307303149079183e-02,-5.28951600265642613e-02,-3.73502699080127546e-03,-3.29376771269375684e-03,-2.94778090825786876e-13,-1.47458434351932510e-13,-7.37378907933461392e-14,-3.68724148436250232e-14,-3.02406983932273721e-01,-3.02406983932309470e-01,-3.02406983932304363e-01,-3.02406983932221096e-01,19,6,1,5.76460752303767552e+17
1,2,6,-3.78126007950952900e-02,-3.78126007954193849e-02,-3.78126007954202245e-02,-2.59386855034188069e-01,-2.59386855037609665e-01,-2.59386855037689323e-01,7.96585020168549818e-14,3.50125484160912492e-12,8.16013923099490057e-14,-6.85502973429216594e-02,-4.55025532788198503e-02,-6.41273839739895952e-03,-4.82240430290502373e-03,-6.85502973434407303e-02,-4.55025532790573270e-02,-6.41273839751438195e-03,-4.82240430296107785e-03,-5.19070897375684126e-13,-2.37476704967320984e-13,-1.15422428559330825e-13,-5.60541196792385676e-14,-2.59386855037689323e-01,-2.59386855037630482e-01,-2.59386855037648578e-01,-2.59386855037607722e-01,19,6,1,5.76460752303767552e+17
1,3,7,-4.34521637528100038e-02,-4.34521637532338037e-02,-4.34521637532326657e-02,-2.26573858837269604e-01,-2.26573858840283859e-01,-2.26573858840352999e-01,6.91391388585316236e-14,3.08339465071583163e-12,1.31533672842465421e-13,-7.37473667519442239e-02,-3.82744598676628828e-02,-7.58465299106357398e-03,-5.19848089410482501e-03,-7.37473667526170606e-02,-3.82744598679453790e-02,-7.58465299119846434e-03,-5.19848089416888662e-03,-6.72836786286268307e-13,-2.82496248615871082e-13,-1.34890362768480543e-13,-6.40616032443475092e-14,-2.26573858840352999e-01,-2.26573858840253772e-01,-2.26573858840385306e-01,-2.26573858840382725e-01,19,6,1,5.76460752303767552e+17
2,0,8,-4.54829562621556840e-02,-4.54829562626345926e-02,-4.54829562626337461e-02,-1.91554719716443084e-01,-1.91554719721677036e-01,-1.91554719721762412e-01,8.53761505936745380e-14,5.31932831115966565e-12,1.17211795824800902e-13,-7.42859695577944429e-02,-3.18572979053681551e-02,-7.96290768120353452e-03,-5.05331791722158762e-03,-7.42859695585481594e-02,-3.18572979056580344e-02,-7.96290768134073727e-03,-5.05331791728553040e-03,-7.53716533630210961e-13,-2.89879231729628373e-13,-1.37202749161957627e-13,-6.39427746862430979e-14,-1.91554719721762412e-01,-1.91554719721662964e-01,-1.91554719721780176e-01,-1.91554719721707872e-01,19,6,1,5.76460752303767552e+17
2,1,9,-4.48213946955112325e-02,-4.48213946961418808e-02,-4.48213946961419848e-02,-1.63395048395287151e-01,-1.63395048400025777e-01,-1.63395048399963883e-01,6.18949336228524771e-14,4.67673122450662504e-12,9.50628464835290288e-14,-7.13588594913568963e-02,-2.60886273472905605e-02,-7.74647113632140685e-03,-4.60758435871684580e-03,-7.13588594923483116e-02,-2.60886273476709993e-02,-7.74647113650446095e-03,-4.60758435880300951e-03,-9.91415283202456976e-13,-3.80438736069521610e-13,-1.83054092717238603e-13,-8.61637150517680084e-14,-1.63395048399963883e-01,-1.63395048400044790e-01,-1.63395048400001297e-01,-1.63395048400058945e-01,19,6,1,5.76460752303767552e+17
2,2,10,-4.25750524121994364e-02,-4.25750524129144964e-02,-4.25750524129129004e-02,-1.36398215897485825e-01,-1.36398215901781472e-01,-1.36398215901827574e-01,4.61020110975596253e-14,4.34174918240159968e-12,1.27148291895196053e-13,-6.65370728931831829e-02,-2.11729138255805083e-02,-7.25754719646923546e-03,-4.07395527791900008e-03,-6.65370728943015799e-02,-2.11729138259876895e-02,-7.25754719666535462e-03,-4.07395527801025087e-03,-1.11839704164395926e-12,-4.07181233175180068e-13,-1.96119162576557926e-13,-9.12507916450699952e-14,-1.36398215901827574e-01,-1.36398215901852471e-01,-1.36398215901918834e-01,-1.36398215901791686e-01,19,6,1,5.76460752303767552e+17
2,3,11,-3.92812619053589315e-02,-3.92812619061209747e-02,-3.92812619061210649e-02,-1.14313691577021564e-01,-1.14313691580742158e-01,-1.14313691580850321e-01,1.08163478174105876e-13,3.82875675608573829e-12,8.86513085163187498e-14,-6.05123828609371930e-02,-1.69621092244231740e-02,-6.58442479063337145e-03,-3.50914980427380081e-03,-6.05123828621223561e-02,-1.69621092248295746e-02,-6.58442479083007522e-03,-3.50914980436426056e-03,-1.18516307878735461e-12,-4.06400607610990505e-13,-1.96703764387962110e-13,-9.04597577400245711e-14,-1.14313691580850321e-01,-1.14313691580844659e-01,-1.14313691580849822e-01,-1.14313691580761670e-01,19,6,1,5.76460752303767552e+17
3,0,12,-3.55095128381452962e-02,-3.55095128389165335e-02,-3.55095128389159645e-02,-9.43700290319142016e-02,-9.43700290365316885e-02,-9.43700290366259603e-02,9.42718125784836047e-14,4.71175876093354873e-12,1.17225673612608716e-13,-5.40709797239903589e-02,-1.34762282800797630e-02,-5.86559032296988386e-03,-2.98091105853001866e-03,-5.40709797251824886e-02,-1.34762282804618116e-02,-5.86559032315668236e-03,-2.98091105861487179e-03,-1.19212972826687746e-12,-3.82048559455228087e-13,-1.86798493340134542e-13,-8.48531314656675306e-14,-9.43700290366259603e-02,-9.43700290366293326e-02,-9.43700290366720623e-02,-9.43700290365548367e-02,19,6,1,5.76460752303767552e+17
3,1,13,-3.15393509842547409e-02,-3.15393509850752443e-02,-3.15393509850736206e-02,-7.79982185701884184e-02,-7.79982185742412321e-02,-7.79982185742482403e-02,7.00828284294630066e-15,4.05982192308584899e-12,1.03736463863413064e-13,-4.75588059862325774e-02,-1.05870228249094825e-02,-5.13406300260292256e-03,-2.49666099457745636e-03,-4.75588059874984120e-02,-1.05870228253093484e-02,-5.13406300280193351e-03,-2.49666099466818456e-03,-1.26583465931418004e-12,-3.99865904276985873e-13,-1.99010946611011263e-13,-9.07282061979319820e-14,-7.79982185742482403e-02,-7.79982185743226669e-02,-7.79982185742547074e-02,-7.79982185743519768e-02,19,6,1,5.76460752303767552e+17
3,2,14,-2.76384763181255107e-02,-2.76384763189508297e-02,-2.76384763189524846e-02,-6.37584658469134841e-02,-6.37584658504956187e-02,-6.37584658506147456e-02,1.19126930542279297e-13,3.70126151949534687e-12,2.85590995297013706e-13,-4.13291596216952828e-02,-8.24920774459053131e-03,-4.44443556975007356e-03,-2.07402367247872107e-03,-4.13291596229634628e-02,-8.24920774497348193e-03,-4.44443556994319859e-03,-2.07402367256597116e-03,-1.26818000545370069e-12,-3.82950615662736027e-13,-1.93125029857021957e-13,-8.72500856285984838e-14,-6.37584658506147456e-02,-6.37584658504621038e-02,-6.37584658507476948e-02,-6.37584658506520352e-02,19,6,1,5.76460752303767552e+17
3,3,15,-2.39283512598083212e-02,-2.39283512606185550e-02,-2.39283512606205222e-02,-5.20974199146541084e-02,-5.20974199176938227e-02,-5.20974199176786890e-02,1.51337276044216651e-14,3.02458058598631396e-12,2.62359578506732305e-13,-3.55176088149409264e-02,-6.36000805329834176e-03,-3.80445224402363013e-03,-1.70718532141429097e-03,-3.55176088161807540e-02,-6.36000805365497662e-03,-3.80445224420643702e-03,-1.70718532149611484e-03,-1.23982768496233575e-12,-3.56634860532167863e-13,-1.82806894621911908e-13,-8.18238705957430312e-14,-5.20974199176786890e-02,-5.20974199177500069e-02,-5.20974199179410485e-02,-5.20974199178531050e-02,19,6,1,5.76460752303767552e+17
4,0,16,-2.05138191331959950e-02,-2.05138191339602587e-02,-2.05138191339614348e-02,-4.22116991259831389e-02,-4.22116991292952257e-02,-4.22116991294544663e-02,1.59240676200766984e-13,3.47132739220157305e-12,3.77996245415346266e-13,-3.02492725841936594e-02,-4.86108896672340831e-03,-3.23166773352651397e-03,-1.39700811824612094e-03,-3.02492725853568366e-02,-4.86108896703588058e-03,-3.23166773369017082e-03,-1.39700811831834052e-03,-1.16317719345282455e-12,-3.12472270280750308e-13,-1.63656848489734941e-13,-7.22195740709974388e-14,-4.22116991294544663e-02,-4.22116991292434476e-02,-4.22116991293167015e-02,-4.22116991290764701e-02,19,6,1,5.76460752303767552e+17
4,1,17,-1.74281110983961415e-02,-1.74281110991464094e-02,-1.74281110991462637e-02,-3.41568792071719543e-02,-3.41568792099950641e-02,-3.41568792098897039e-02,1.05360165036927356e-13,2.71774963644944023e-12,1.19002030452008967e-13,-2.55452993080359583e-02,-3.67544489721315093e-03,-2.72327482454947116e-03,-1.13543166783678599e-03,-2.55452993091761504e-02,-3.67544489751614597e-03,-2.72327482471147698e-03,-1.13543166790847690e-03,-1.14019210739613186e-12,-3.02995042250620017e-13,-1.62005825421474015e-13,-7.16909170916935068e-14,-3.41568792098897039e-02,-3.41568792099597729e-02,-3.41568792098495971e-02,-3.41568792099685992e-02,19,6,1,5.76460752303767552e+17
4,2,18,-1.46936330056440800e-02,-1.46936330063461677e-02,-1.46936330063461816e-02,-2.74549032660200698e-02,-2.74549032684521452e-02,-2.74549032684035799e-02,4.85653184334466914e-14,2.38351005599213295e-12,1.24410898250104651e-13,-2.14192014301366959e-02,-2.75170922246299136e-03,-2.28132176286742440e-03,-9.18420914680571172e-04,-2.14192014311992938e-02,-2.75170922273044842e-03,-2.28132176301368804e-03,-9.18420914744469278e-04,-1.06259792631568928e-12,-2.67457063440890153e-13,-1.46263643557853484e-13,-6.38981055567366951e-14,-2.74549032684035799e-02,-2.74549032683984000e-02,-2.74549032684439226e-02,-2.74549032683195117e-02,19,6,1,5.76460752303767552e+17
4,3,19,-1.22998736218832370e-02,-1.22998736225314789e-02,-1.22998736225294180e-02,-2.20274569893798115e-02,-2.20274569914424255e-02,-2.20274569913874868e-02,5.49386924841854807e-14,2.00767527602785378e-12,3.29326843573340966e-13,-1.78383540287770648e-02,-2.03527763618084742e-03,-1.89937023513371333e-03,-7.38793510288909177e-04,-1.78383540297542137e-02,-2.03527763641370455e-03,-1.89937023526456352e-03,-7.38793510345417252e-04,-9.77148917336023715e-13,-2.32857136350794747e-13,-1.30850191792930559e-13,-5.65080751288582483e-14,-2.20274569913874868e-02,-2.20274569916369539e-02,-2.20274569913076271e-02,-2.20274569913835247e-02,19,6,1,5.76460752303767552e+17
5,0,20,-1.02319034466092276e-02,-1.02319034471974341e-02,-1.02319034471991793e-02,-1.75762265370608337e-02,-1.75762265391342445e-02,-1.75762265390501798e-02,8.40646996458360718e-14,1.98934618778068284e-12,4.81691075915335887e-13,-1.47686336707643397e-02,-1.48713158484733835e-03,-1.57368725563771005e-03,-5.91793698807353960e-04,-1.47686336716471283e-02,-1.48713158504498169e-03,-1.57368725575250190e-03,-5.91793698856279992e-04,-8.82788633860265293e-13,-1.97643333990638048e-13,-1.14791856575813256e-13,-4.89260324962326187e-14,-1.75762265390501798e-02,-1.75762265392188227e-02,-1.75762265387371316e-02,-1.75762265391692443e-02,19,6,1,5.76460752303767552e+17
5,1,21,-8.46155425941536206e-03,-8.46155425995664609e-03,-8.46155425995698957e-03,-1.39947240000183395e-02,-1.39947240017391332e-02,-1.39947240017998763e-02,6.07430772348038772e-14,1.78153672369951721e-12,3.01862701501676156e-13,-1.21584848927029782e-02,-1.07028809097866901e-03,-1.29731505078307095e-03,-4.71791993009742356e-04,-1.21584848935135451e-02,-1.07028809115538854e-03,-1.29731505088856946e-03,-4.71791993054569182e-04,-8.10566891384922883e-13,-1.76719533104274795e-13,-1.05498509234136506e-13,-4.48268267123907993e-14,-1.39947240017998763e-02,-1.39947240019728664e-02,-1.39947240016710037e-02,-1.39947240019597068e-02,19,6,1,5.76460752303767552e+17
5,2,22,-6.96062672329431607e-03,-6.96062672378965856e-03,-6.96062672378979039e-03,-1.10914025659401682e-02,-1.10914025674338709e-02,-1.10914025671805458e-02,2.53325138643845094e-13,1.24037759230422040e-12,3.95496135841000296e-13,-9.95931009002590586e-03,-7.57499520278063923e-04,-1.06500788749721111e-03,-3.74667144422341839e-04,-9.95931009076617309e-03,-7.57499520435296224e-04,-1.06500788759342343e-03,-3.74667144462991777e-04,-7.40267222520962775e-13,-1.57232300096454836e-13,-9.62123176267981606e-14,-4.06499378428903935e-14,-1.10914025671805458e-02,-1.10914025675107226e-02,-1.10914025675760419e-02,-1.10914025672387041e-02,19,6,1,5.76460752303767552e+17
5,3,23,-5.69725660024400157e-03,-5.69725660067772581e-03,-5.69725660067785505e-03,-8.77043356610942085e-03,-8.77043356735181592e-03,-8.77043356758116892e-03,2.29352994929321596e-13,1.47174807063610302e-12,4.20580237303624926e-13,-8.11861543171610994e-03,-5.24690745175227695e-04,-8.70566317977068747e-04,-2.96270732799443584e-04,-8.11861543236091186e-03,-5.24690745300520050e-04,-8.70566318057271193e-04,-2.96270732832537988e-04,-6.44801920191007127e-13,-1.25292354616335366e-13,-8.02024462467909593e-14,-3.30944039533820344e-14,-8.77043356758116892e-03,-8.77043356763831071e-03,-8.77043356761090208e-03,-8.77043356721773047e-03,19,6,1,5.76460752303767552e+17
6,0,24,-4.64185064765518587e-03,-4.64185064805338471e-03,-4.64185064805276801e-03,-6.90722910507310904e-03,-6.90722910628991001e-03,-6.90722910648310096e-03,1.93190949349109076e-13,1.40999191489132869e-12,5.88236057086355402e-13,-6.58901305573837172e-03,-3.53910256856350294e-04,-7.08985695300934100e-04,-2.33424371145459425e-04,-6.58901305633039121e-03,-3.53910256972991095e-04,-7.08985695376737612e-04,-2.33424371176965581e-04,-5.92019488987460818e-13,-1.16640800750661411e-13,-7.58035127723655222e-14,-3.15061561909080190e-14,-6.90722910648310096e-03,-6.90722910637669302e-03,-6.90722910621313461e-03,-6.90722910589486490e-03,19,6,1,5.76460752303767552e+17
6,1,25,-3.76542124840455704e-03,-3.76542124877308039e-03,-3.76542124877436973e-03,-5.42713818567807857e-03,-5.42713818662683093e-03,-5.42713818657499826e-03,5.18326701004490076e-14,8.96919691295572363e-13,2.29170848964344032e-13,-5.32498054908598500e-03,-2.30036627796379990e-04,-5.75230521471060269e-04,-1.83188855456069516e-04,-5.32498054963436839e-03,-2.30036627907042690e-04,-5.75230521543167953e-04,-1.83188855486168920e-04,-5.48383387311002224e-13,-1.10662699706956524e-13,-7.21076844067969347e-14,-3.00994038721080770e-14,-5.42713818657499826e-03,-5.42713818657820403e-03,-5.42713818662799580e-03,-5.42713818639882495e-03,19,6,1,5.76460752303767552e+17
6,2,26,-3.04208292657509290e-03,-3.04208292689606575e-03,-3.04208292689415842e-03,-4.24895806538152111e-03,-4.24895806617210745e-03,-4.24895806594230516e-03,2.29802288309599589e-13,5.60784058079022429e-13,6.46204444121334376e-13,-4.28655998041986563e-03,-1.41775238162625869e-04,-4.65143664686567182e-04,-1.43264002377169305e-04,-4.28655998089530824e-03,-1.41775238250660591e-04,-4.65143664746290838e-04,-1.43264002401432910e-04,-4.75442601954867428e-13,-8.80347227408262434e-14,-5.97236561421243817e-14,-2.42636043635419130e-14,-4.24895806594230516e-03,-4.24895806633907198e-03,-4.24895806569286754e-03,-4.24895806630967189e-03,19,6,1,5.76460752303767552e+17
6,3,27,-2.44813125197901934e-03,-2.44813125224723491e-03,-2.44813125224649202e-03,-3.31873787016284151e-03,-3.31873787081425186e-03,-3.31873787136208274e-03,5.47830877883903611e-13,1.19924122715664438e-12,8.72794891915162907e-13,-3.43758185018583524e-03,-7.99461054260471748e-05,-3.74860424005655536e-04,-1.11628392091976382e-04,-3.43758185058005896e-03,-7.99461054881534330e-05,-3.74860424051591610e-04,-1.11628392109865393e-04,-3.94223716171371308e-13,-6.21062581787970580e-14,-4.59360739550607189e-14,-1.78890105853590775e-14,-3.31873787136208274e-03,-3.31873787048928785e-03,-3.31873787098372307e-03,-3.31873787073215520e-03,19,6,1,5.76460752303767552e+17
7,0,28,-1.96294627629070876e-03,-1.96294627655040207e-03,-1.96294627655011628e-03,-2.58379571548167115e-03,-2.58379571587347492e-03,-2.58379571620825314e-03,3.34778212096598082e-13,7.26581989018981744e-13,4.12247926767639328e-13,-2.74695365018091248e-03,-3.77253994272733022e-05,-3.01171795674320193e-04,-8.66860333948050587e-05,-2.74695365056566113e-03,-3.77253995005201714e-05,-3.01171795725195621e-04,-8.66860334157949959e-05,-3.84748656545585987e-13,-7.32468691819546103e-14,-5.08754280023615557e-14,-2.09899372188848687e-14,-2.58379571620825314e-03,-2.58379571582667339e-03,-2.58379571623892131e-03,-2.58379571583697157e-03,19,6,1,5.76460752303767552e+17
7,1,29,-1.56837608289150726e-03,-1.56837608312206350e-03,-1.56837608312384615e-03,-2.00693048974508702e-03,-2.00693049018594617e-03,-2.00693049014288513e-03,4.30610408441722825e-14,3.97798113893621519e-13,1.88052264732396779e-13,-2.18752831732297280e-03,-9.72772546122627213e-06,-2.41227713320361274e-04,-6.70807026535740392e-05,-2.18752831766397737e-03,-9.72772552391251071e-06,-2.41227713364555279e-04,-6.70807026714877560e-05,-3.41004568332747837e-13,-6.26862385784410225e-14,-4.41940050093653225e-14,-1.79137168423645909e-14,-2.00693049014288513e-03,-2.00693049033093740e-03,-2.00693049020576626e-03,-2.00693049021008268e-03,19,6,1,5.76460752303767552e+17
7,2,30,-1.24893647380021323e-03,-1.24893647399254527e-03,-1.24893647399171499e-03,-1.55424938350056307e-03,-1.55424938374681162e-03,-1.55424938396143551e-03,2.14623891575671522e-13,4.60872442639703728e-13,3.05426690883070506e-13,-1.73635304568904537e-03,8.01068016348963031e-06,-1.92664718167755378e-04,-5.17392810369129801e-05,-1.73635304597140761e-03,8.01068011934963212e-06,-1.92664718201499870e-04,-5.17392810499550920e-05,-2.82362241227351873e-13,-4.41399981886483883e-14,-3.37444915760043429e-14,-1.30421118783169421e-14,-1.55424938396143551e-03,-1.55424938397802121e-03,-1.55424938426686221e-03,-1.55424938398342747e-03,19,6,1,5.76460752303767552e+17
7,3,31,-9.91350308898969121e-04,-9.91350309065382879e-04,-9.91350309067567329e-04,-1.20093493401215935e-03,-1.20093493423959461e-03,-1.20093493411859765e-03,1.20996962449382295e-13,1.06438295677246941e-13,7.71739876864740992e-13,-1.37387328916307853e-03,1.85350563655373710e-05,-1.53444504192404817e-04,-3.97713352913824973e-05,-1.37387328940678029e-03,1.85350563291807383e-05,-1.53444504221430345e-04,-3.97713353025433083e-05,-2.43701760160863756e-13,-3.63566327651193566e-14,-2.90255287253154970e-14,-1.11608110448836728e-14,-1.20093493411859765e-03,-1.20093493437617026e-03,-1.20093493446098566e-03,-1.20093493489033753e-03,19,6,1,5.76460752303767552e+17
8,0,32,-7.84466198159050740e-04,-7.84466198288456449e-04,-7.84466198289478201e-04,-9.25406956972719529e-04,-9.25406957255000781e-04,-9.25406956913133296e-04,3.41867484841829050e-13,5.95862335167618440e-14,4.18144360282701744e-13,-1.08378075840914615e-03,2.40534351746886715e-05,-1.21884260298724795e-04,-3.04733886833512968e-05,-1.08378075859603506e-03,2.40534351561521957e-05,-1.21884260317953161e-04,-3.04733886900181847e-05,-1.86888915801319833e-13,-1.85364757939766867e-14,-1.92283661866118893e-14,-6.66688790762134942e-15,-9.25406956913133296e-04,-9.25406957052557900e-04,-9.25406957067690219e-04,-9.25406956649545858e-04,19,6,1,5.76460752303767552e+17
8,1,33,-6.18903242909230890e-04,-6.18903243002299564e-04,-6.18903243004592435e-04,-7.11521909505366968e-04,-7.11521909688102847e-04,-7.11521909502984109e-04,1.85118738914302750e-13,2.38285953468864165e-15,6.07908363405018637e-13,-8.52430427798427592e-04,2.62160399424133373e-05,-9.65621873658188657e-05,-2.32721071971092013e-05,-8.52430427929703658e-04,2.62160399403827283e-05,-9.65621873761406059e-05,-2.32721071998032844e-05,-1.31276066406282865e-13,-2.03060902511167929e-15,-1.03217402073335629e-14,-2.69408315643239471e-15,-7.11521909502984109e-04,-7.11521910067729082e-04,-7.11521909459820719e-04,-7.11521909664968575e-04,19,6,1,5.76460752303767552e+17
8,2,34,-4.86883014517672675e-04,-4.86883014586003107e-04,-4.86883014586789154e-04,-5.45693216006277299e-04,-5.45693216231906168e-04,-5.45693215982329333e-04,2.49576834893128208e-13,2.39479660060770705e-14,6.00215623730582237e-13,-6.68574377579904096e-04,2.61938209285986400e-05,-7.63112413144670338e-05,-1.77161756484024402e-05,-6.68574377674394701e-04,2.61938209332576465e-05,-7.63112413208723241e-05,-1.77161756496315257e-05,-9.44906045768911795e-14,4.65900647055039752e-15,-6.40529025219133130e-15,-1.22908546404745800e-15,-5.45693215982329333e-04,-5.45693216376591213e-04,-5.45693216582544957e-04,-5.45693216264646471e-04,19,6,1,5.76460752303767552e+17
8,3,35,-3.81958189095486453e-04,-3.81958189144199385e-04,-3.81958189143925895e-04,-4.17632437643247680e-04,-4.17632437846608446e-04,-4.17632437350252885e-04,4.96355560819505826e-13,2.92994795092482718e-13,7.10615919406742957e-13,-5.22933503463745251e-04,2.48341139913231655e-05,-6.01603955546591769e-05,-1.34429767967021759e-05,-5.22933503529489970e-04,2.48341139997894191e-05,-6.01603955583993153e-05,-1.34429767969834078e-05,-6.57447186969140063e-14,8.46625355000081570e-15,-3.74013835310535447e-15,-2.81231879147372799e-16,-4.17632437350252885e-04,-4.17632437688852910e-04,-4.17632437979695672e-04,-4.17632438060868804e-04,19,6,1,5.76460752303767552e+17
9,0,36,-2.98840992794334947e-04,-2.98840992815101267e-04,-2.98840992816731853e-04,-3.18884142619213441e-04,-3.18884142769959448e-04,-3.18884142758783166e-04,1.11762812546323254e-14,1.39569725134819356e-13,4.59372448934070032e-13,-4.07935988386050525e-04,2.27189514482775606e-05,-4.73176073962416823e-05,-1.01684390518799641e-05,-4.07935988409269853e-04,2.27189514688172286e-05,-4.73176073930533825e-05,-1.01684390490009262e-05,-2.32193279360581872e-14,2.05396680566516388e-14,3.18829977610096682e-15,2.87903788266305471e-15,-3.18884142758783166e-04,-3.18884142856866275e-04,-3.18884143203382060e-04,-3.18884142744009611e-04,19,6,1,5.76460752303767552e+17
9,1,37,-2.33200922226045560e-04,-2.33200922247062847e-04,-2.33200922245799372e-04,-2.43004444506859821e-04,-2.43004444671730189e-04,-2.43004444771379103e-04,9.96489132529254640e-14,2.64519282129269118e-13,6.01324166241840041e-13,-3.17407126931631240e-04,2.02512642555882229e-05,-3.71317794485792079e-05,-7.66700785439526320e-06,-3.17407126957871589e-04,2.02512642653246769e-05,-3.71317794500714970e-05,-7.66700785421676795e-06,-2.62403488694717968e-14,9.73645399330799743e-15,-1.49228909394547027e-15,1.78495252974898710e-16,-2.43004444771379103e-04,-2.43004445057869688e-04,-2.43004444494278820e-04,-2.43004444456545521e-04,19,6,1,5.76460752303767552e+17
9,2,38,-1.81520079688449399e-04,-1.81520079716372267e-04,-1.81520079716451332e-04,-1.84791773089051529e-04,-1.84791773276838246e-04,-1.84791773735141807e-04,4.58303561117270886e-13,6.46090277632571652e-13,1.09867174494411579e-12,-2.46353385810876185e-04,1.76931314931924076e-05,-2.90751931111995999e-05,-5.76295561716047459e-06,-2.46353385850151896e-04,1.76931314904549055e-05,-2.90751931177957369e-05,-5.76295561965737187e-06,-3.92757115892650166e-14,-2.73750206530865015e-15,-6.59613693960309222e-15,-2.49689727444338261e-15,-1.84791773735141807e-04,-1.84791772636470062e-04,-1.84791773720402404e-04,-1.84791773678566755e-04,19,6,1,5.76460752303767552e+17
9,3,39,-1.40946492471441802e-04,-1.40946492523976412e-04,-1.40946492523464045e-04,-1.40271449515418323e-04,-1.40271449643826322e-04,-1.40271449923989883e-04,2.80163560536714207e-13,4.08571559831066855e-13,4.38480442276414917e-13,-1.90742329111499566e-04,1.52128161956806094e-05,-2.27183282313105005e-05,-4.31817619550760202e-06,-1.90742329191684312e-04,1.52128161695435156e-05,-2.27183282483372587e-05,-4.31817620321882141e-06,-8.01847466463251335e-14,-2.61370938591356031e-14,-1.70267581501085119e-14,-7.71121939224664668e-15,-1.40271449923989883e-04,-1.40271449551387678e-04,-1.40271449989868121e-04,-1.40271449696099178e-04,19,6,1,5.76460752303767552e+17
10,0,40,-1.09182953221415672e-04,-1.09182953281502943e-04,-1.09182953279244875e-04,-1.06279892436328210e-04,-1.06279892663032851e-04,-1.06279892840347503e-04,1.77314651676752089e-13,4.04019293064397655e-13,7.95947319555748156e-13,-1.47339167625858689e-04,1.29078737941424313e-05,-1.77152139513234807e-05,-3.22570684160927718e-06,-1.47339167718368402e-04,1.29078737630139789e-05,-1.77152139693915812e-05,-3.22570684965669708e-06,-9.25097129976515387e-14,-3.11284523412660649e-14,-1.80681004554629487e-14,-8.04741989802256093e-15,-1.06279892840347503e-04,-1.06279893284273486e-04,-1.06279892993263296e-04,-1.06279892488326166e-04,19,6,1,5.76460752303767552e+17
10,1,41,-8.43834317766463328e-05,-8.43834318423670771e-05,-8.43834318400696391e-05,-8.03991153199715494e-05,-8.03991155530314993e-05,-8.03991158021460711e-05,2.49114571744361857e-13,4.82174521664047173e-13,4.94725313775375153e-13,-1.13553962181993113e-04,1.08302040267772502e-05,-1.37866307923932826e-05,-2.40225247395695848e-06,-1.13553962283411932e-04,1.08302039929905307e-05,-1.37866308108331238e-05,-2.40225248212261189e-06,-1.01418819089399426e-13,-3.37867195565567588e-14,-1.84398411931562325e-14,-8.16565341548152607e-15,-8.03991158021460711e-05,-8.03991153274922398e-05,-8.03991156965309559e-05,-8.03991153074207573e-05,19,6,1,5.76460752303767552e+17
10,2,42,-6.50723616294688050e-05,-6.50723617033735681e-05,-6.50723617003838535e-05,-6.07263864788954439e-05,-6.07263866449057497e-05,-6.07263860376925225e-05,6.07213227182129556e-13,4.41202921365371065e-13,4.63899020109251325e-13,-8.73243656744905719e-05,8.99907438696572682e-06,-1.07090141824522049e-05,-1.78369866432295269e-06,-8.73243657887890352e-05,8.99907434866832982e-06,-1.07090142025852108e-05,-1.78369867332758165e-06,-1.14298463272169415e-13,-3.82973970055157723e-14,-2.01330058446089546e-14,-9.00462896182506987e-15,-6.07263860376925225e-05,-6.07263862847205065e-05,-6.07263862774087826e-05,-6.07263865015915426e-05,19,6,1,5.76460752303767552e+17
10,3,43,-5.00732245142209757e-05,-5.00732245486897414e-05,-5.00732245480232688e-05,-4.58093381941078380e-05,-4.58093383108708690e-05,-4.58093386071404019e-05,2.96269532886785092e-13,4.13032563879867087e-13,3.97849139158364118e-14,-6.70117282529875900e-05,7.41399255675827340e-06,-8.30326443139305380e-06,-1.32053866462270089e-06,-6.70117283030500425e-05,7.41399255287110198e-06,-8.30326443396979240e-06,-1.32053866482936634e-06,-5.00624525558504563e-14,-3.88717141428743945e-15,-2.57673860005157296e-15,-2.06665451218208604e-16,-4.58093386071404019e-05,-4.58093386469253158e-05,-4.58093386333252939e-05,-4.58093386408179643e-05,19,6,1,5.76460752303767552e+17
11,0,44,-3.84521983803477160e-05,-3.84521984263882935e-05,-3.84521984252883298e-05,-3.45159434877584105e-05,-3.45159436268710156e-05,-3.45159430690262635e-05,5.57844752108096337e-13,4.18732146937987604e-13,7.46904796312345548e-13,-5.13200719931390266e-05,6.06153195759710920e-06,-6.42679734684731621e-06,-9.74907874480453343e-07,-5.13200720625375743e-05,6.06153194078104965e-06,-6.42679735656039040e-06,-9.74907878653342735e-07,-6.93985477808259366e-14,-1.68160595515119519e-14,-9.71307418989788424e-15,-4.17288939168170784e-15,-3.45159430690262635e-05,-3.45159438159310599e-05,-3.45159436299050673e-05,-3.45159435031006234e-05,19,6,1,5.76460752303767552e+17
11,1,45,-2.94699743564643558e-05,-2.94699743704588952e-05,-2.94699743694365163e-05,-2.59841429505263760e-05,-2.59841428739936594e-05,-2.59841435598400315e-05,6.85846372099410684e-13,6.09313655439017512e-13,6.68133835746414356e-13,-3.92268047574730023e-05,4.92159975050181087e-06,-4.96613989682841142e-06,-7.17802081670827503e-07,-3.92268047752866676e-05,4.92159975870331919e-06,-4.96613989401187610e-06,-7.17802079612389739e-07,-1.78136653106349130e-14,8.20150832013880060e-15,2.81653532148515989e-15,2.05843776319812729e-15,-2.59841435598400315e-05,-2.59841431538261859e-05,-2.59841428917061957e-05,-2.59841430779765471e-05,19,6,1,5.76460752303767552e+17
11,2,46,-2.25435611814344391e-05,-2.25435612214898039e-05,-2.25435612228093118e-05,-1.95475018784282216e-05,-1.95475018894117995e-05,-1.95475010913964151e-05,7.98015384377787421e-13,7.87031806506787238e-13,1.09249222624181741e-12,-2.99283028813825269e-05,3.97069395638412229e-06,-3.83144368914775627e-06,-5.27182439969491405e-07,-2.99283029422973383e-05,3.97069393864827728e-06,-3.83144369981291666e-06,-5.27182444953229979e-07,-6.09148114707937921e-14,-1.77358450056388714e-14,-1.06651603984353992e-14,-4.98373857373696216e-15,-1.95475010913964151e-05,-1.95475017277906998e-05,-1.95475016143704674e-05,-1.95475021838886413e-05,19,6,1,5.76460752303767552e+17
11,3,47,-1.72144006572610556e-05,-1.72144006486349703e-05,-1.72144006489692773e-05,-1.47000316137956114e-05,-1.47000315102788814e-05,-1.47000309720112579e-05,5.38267623493584278e-13,6.41784353457952421e-13,5.89226374126967239e-13,-2.27945227083589461e-05,3.18470033792433533e-06,-2.95163200509401281e-06,-3.86297523292154501e-07,-2.27945226906739350e-05,3.18470035975106402e-06,-2.95163199550552912e-06,-3.86297517992449980e-07,1.76850111703423518e-14,2.18267286907739173e-14,9.58848369016977557e-15,5.29970452119415524e-15,-1.47000309720112579e-05,-1.47000311556919415e-05,-1.47000311745462241e-05,-1.47000315612376320e-05,19,6,1,5.76460752303767552e+17
12,0,48,-1.31230862922910528e-05,-1.31230862530806661e-05,-1.31230862545260042e-05,-1.10533674905658192e-05,-1.10533674809196708e-05,-1.10533677040518135e-05,2.23132142713263100e-13,2.13485994290593672e-13,6.37781717900427064e-13,-1.73332828520881412e-05,2.54022318034903058e-06,-2.27071536511578164e-06,-2.82503919494585314e-07,-1.73332827862660443e-05,2.54022322055363831e-06,-2.27071534694331868e-06,-2.82503910290567708e-07,6.58220968507115811e-14,4.02046077297726033e-14,1.81724629613776775e-14,9.20401760593297599e-15,-1.10533677040518135e-05,-1.10533672729114487e-05,-1.10533676420140600e-05,-1.10533679106931666e-05,19,6,1,5.76460752303767552e+17
12,1,49,-9.98863018402132466e-06,-9.98863016369018257e-06,-9.98863016361563012e-06,-8.31363227130258322e-06,-8.31363251074531434e-06,-8.31363142787444217e-06,1.08287087216758001e-12,8.43428141049243699e-13,9.29340270375018235e-13,-1.31610151983208037e-05,2.01563828371216824e-06,-1.74464499937179163e-06,-2.06264487259044215e-07,-1.31610151647914060e-05,2.01563830031110487e-06,-1.74464499352256791e-06,-2.06264484600747830e-07,3.35293977234444804e-14,1.65989366315269418e-14,5.84922371023072381e-15,2.65829638498781494e-15,-8.31363142787444217e-06,-8.31363223317847052e-06,-8.31363233722384391e-06,-8.31363235721471255e-06,19,6,1,5.76460752303767552e+17
12,2,50,-7.59205973764452989e-06,-7.59205968002428187e-06,-7.59205968055346909e-06,-6.25669931057345993e-06,-6.25669944007391489e-06,-6.25669992119801575e-06,4.81124100859564065e-13,6.10624555815440263e-13,1.02617585178506505e-12,-9.97977046179821255e-06,1.59146080202590421e-06,-1.33889130074800145e-06,-1.50430375342117707e-07,-9.97977036885487967e-06,1.59146084572478987e-06,-1.33889128078396259e-06,-1.50430365541501127e-07,9.29433328802735381e-14,4.36988856643332141e-14,1.99640388652577196e-14,9.80061658024383307e-15,-6.25669992119801575e-06,-6.25669905925632894e-06,-6.25669965659705084e-06,-6.25670008543218072e-06,19,6,1,5.76460752303767552e+17
12,3,51,-5.76314924884248084e-06,-5.76314923442205832e-06,-5.76314923570624497e-06,-4.71356436512397373e-06,-4.71356469052509318e-06,-4.71356353862420541e-06,1.15190088777151686e-12,8.26499768317057616e-13,1.76411631715156763e-12,-7.55865381317851834e-06,1.25058041799970719e-06,-1.02642654352337220e-06,-1.09649871781722817e-07,-7.55865379161337036e-06,1.25058041984064267e-06,-1.02642654461608367e-06,-1.09649872802531932e-07,2.15651479760028443e-14,1.84093547833186558e-15,-1.09271146547362114e-15,-1.02080911498224933e-15,-4.71356353862420541e-06,-4.71356456863437375e-06,-4.71356484058983097e-06,-4.71356530274052256e-06,19,6,1,5.76460752303767552e+17
13,0,52,-4.36995963163987609e-06,-4.36995957993150384e-06,-4.36995958001868809e-06,-3.55606536917687041e-06,-3.55606570036785054e-06,-3.55606522607585518e-06,4.74291995363932501e-13,1.43101015232801427e-13,1.74119519436437037e-12,-5.71926946125847432e-06,9.78199207682365500e-07,-7.86161454596044618e-07,-7.99397729789377948e-08,-5.71926937946431172e-06,9.78199240850372382e-07,-7.86161438868208210e-07,-7.99397652732280607e-08,8.17941626091839812e-14,3.31680068813336969e-14,1.57278364077467129e-14,7.70570973409233308e-15,-3.55606522607585518e-06,-3.55606468046845191e-06,-3.55606642166364628e-06,-3.55606563756429028e-06,19,6,1,5.76460752303767552e+17
13,1,53,-3.31047097042646907e-06,-3.31047092359200698e-06,-3.31047092284595518e-06,-2.68789452245517429e-06,-2.68789467681552108e-06,-2.68789419269353557e-06,4.84121985511539897e-13,3.29761638714177281e-13,1.18888921568584185e-12,-4.32410330502566113e-06,7.61726632244094769e-07,-6.01666366189326541e-07,-5.83408783816712860e-08,-4.32410323203234279e-06,7.61726657376342114e-07,-6.01666354517482520e-07,-5.83408729531845836e-08,7.29933183395235080e-14,2.51322473447421571e-14,1.16718440214123214e-14,5.42848670242809472e-15,-2.68789419269353557e-06,-2.68789423945768249e-06,-2.68789516278080445e-06,-2.68789397389158876e-06,19,6,1,5.76460752303767552e+17
13,2,54,-2.50601425085099075e-06,-2.50601419875157431e-06,-2.50601420117096425e-06,-2.03638163978743708e-06,-2.03638192730929692e-06,-2.03638209475649587e-06,1.67447198955953530e-13,4.54969058795792617e-13,2.25703432265661691e-12,-3.26744781083536236e-06,5.90563512307701020e-07,-4.60177146695333322e-07,-4.26666637002412931e-08,-3.26744772988866215e-06,5.90563539638739487e-07,-4.60177133597422778e-07,-4.26666576042579329e-08,8.09467002162254229e-14,2.73310384673003219e-14,1.30979105442942335e-14,6.09598336012809631e-15,-2.03638209475649587e-06,-2.03638373123597201e-06,-2.03638335354674554e-06,-2.03638147420164935e-06,19,6,1,5.76460752303767552e+17
13,3,55,-1.89606619189011898e-06,-1.89606617465734717e-06,-1.89606617610388272e-06,-1.54709354486035324e-06,-1.54709385886919677e-06,-1.54709471531994485e-06,8.56450748088125979e-13,1.17045959161585363e-12,1.64018449396016643e-12,-2.46822787399983995e-06,4.55889684517787382e-07,-3.51793337424175502e-07,-3.13051669431543203e-08,-2.46822784992925703e-06,4.55889681642670733e-07,-3.51793339191294547e-07,-3.13051683501118791e-08,2.40705829190380766e-14,-2.87511664951285934e-15,-1.76711904513793586e-15,-1.40695755885352866e-15,-1.54709471531994485e-06,-1.54709429342404748e-06,-1.54709307513545089e-06,-1.54709410322048635e-06,19,6,1,5.76460752303767552e+17
14,0,56,-1.43418241844001385e-06,-1.43418246378683197e-06,-1.43418246491575600e-06,-1.17913075554061871e-06,-1.17913124620461258e-06,-1.17913094014572214e-06,3.06058890440396225e-13,1.84605103429043662e-13,1.14660540422725711e-12,-1.86442037810729018e-06,3.50425037132222735e-07,-2.68854585828065111e-07,-2.30741321529077718e-08,-1.86442045464324695e-06,3.50424987049203531e-07,-2.68854610288213941e-07,-2.30741446205255027e-08,-7.65359567731746558e-14,-5.00830192040240603e-14,-2.44601488298316167e-14,-1.24676177309246784e-14,-1.17913094014572214e-06,-1.17913144116323117e-06,-1.17913168653911934e-06,-1.17913208675112637e-06,19,6,1,5.76460752303767552e+17
14,1,57,-1.08480068378697070e-06,-1.08480072877205218e-06,-1.08480072827354365e-06,-9.01941363635178158e-07,-9.01941901737217510e-07,-9.01941093440412011e-07,8.08296805499194324e-13,2.70194766147128184e-13,8.04478254870941915e-13,-1.40867912970992050e-06,2.68213538783967335e-07,-2.05443166417147066e-07,-1.71086666292507418e-08,-1.40867920359085927e-06,2.68213499702499088e-07,-2.05443183894601495e-07,-1.71086749727155966e-08,-7.38809387762696295e-14,-3.90814682467952067e-14,-1.74774544287053949e-14,-8.34346485478763944e-15,-9.01941093440412011e-07,-9.01941655248017292e-07,-9.01941897918666882e-07,-9.01941441054781195e-07,19,6,1,5.76460752303767552e+17
14,2,58,-8.20755361212070692e-07,-8.20755382948720076e-07,-8.20755383163229052e-07,-6.92646126659962519e-07,-6.92646700017254318e-07,-6.92648385894164947e-07,1.68587691062937822e-12,2.25923420242827054e-12,2.44273241114277616e-12,-1.06494719937923970e-06,2.04414918328157890e-07,-1.56997565334155978e-07,-1.27791452888028000e-08,-1.06494723408445171e-06,2.04414905205949782e-07,-1.56997569620196901e-07,-1.27791469017411196e-08,-3.47052120148896946e-14,-1.31222081079026968e-14,-4.28604092321538399e-15,-1.61293831959150262e-15,-6.92648385894164947e-07,-6.92647259783569065e-07,-6.92646678149007884e-07,-6.92645943161753805e-07,19,6,1,5.76460752303767552e+17
14,3,59,-6.21337754499528505e-07,-6.21337883068952903e-07,-6.21337881692715899e-07,-5.34188004055938486e-07,-5.34188620294842128e-07,-5.34187417296587628e-07,1.20299825449968504e-12,5.86759350857540569e-13,1.63293876681803931e-12,-8.05820480219596831e-07,1.55123805445661502e-07,-1.20006967037942401e-07,-9.62843857408056958e-09,-8.05820686995862406e-07,1.55123707631290058e-07,-1.20007014435730419e-07,-9.62846197334559066e-09,-2.06776265574082569e-13,-9.78143714439772699e-14,-4.73977880183465059e-14,-2.33992650210890475e-14,-5.34187417296587628e-07,-5.34189050235354446e-07,-5.34188662782516418e-07,-5.34187986693700655e-07,19,6,1,5.76460752303767552e+17
15,0,60,-4.70795411874026600e-07,-4.70795482371659240e-07,-4.70795479904462805e-07,-4.13821810236386868e-07,-4.13821861596759815e-07,-4.13821984082063285e-07,1.22485303469821054e-13,1.73845676416270977e-13,4.00773074721198568e-12,-6.10515881646931926e-07,1.17207273529515602e-07,-9.17744537911735337e-08,-7.32616540238784329e-09,-6.10515991410244744e-07,1.17207237981063032e-07,-9.17744687000035012e-08,-7.32617168443440544e-09,-1.09763312817902738e-13,-3.55484525706460108e-14,-1.49088299675371547e-14,-6.28204656214631719e-15,-4.13821984082063285e-07,-4.13821908972102995e-07,-4.13818960052902947e-07,-4.13822967783650159e-07,19,6,1,5.76460752303767552e+17
15,1,61,-3.57168656053095264e-07,-3.57168718455213158e-07,-3.57168716757337044e-07,-3.22054085650490119e-07,-3.22054475738658558e-07,-3.22053691365588364e-07,7.84373070194062442e-13,3.94284901755134900e-13,2.75964806401065026e-12,-4.63300597722340666e-07,8.81674004454913204e-08,-7.02311967665553394e-08,-5.63416042201361127e-09,-4.63300693503456213e-07,8.81673739123523705e-08,-7.02312083791076765e-08,-5.63416535679248289e-09,-9.57811155467845393e-14,-2.65331389499358179e-14,-1.16125523371443410e-14,-4.93477887162813663e-15,-3.22053691365588364e-07,-3.22055582515136773e-07,-3.22055047493772661e-07,-3.22052822867072762e-07,19,6,1,5.76460752303767552e+17
15,2,62,-2.71394857424792145e-07,-2.71394885263138708e-07,-2.71394884958142049e-07,-2.51796701850005466e-07,-2.51796905491795125e-07,-2.51797951277111802e-07,1.04578531667643193e-12,1.24942710633601386e-12,2.94896336476992810e-12,-3.52287365176485148e-07,6.60228269570382005e-08,-5.37928277471944428e-08,-4.38141799827613548e-09,-3.52287404718747365e-07,6.60228287782024211e-08,-5.37928262466922394e-08,-4.38141656922229366e-09,-3.95422622169145450e-14,1.82116422056551291e-15,1.50050220333473378e-15,1.42905384182357496e-15,-2.51797951277111802e-07,-2.51796081810095418e-07,-2.51799030773460188e-07,-2.51796861923163382e-07,19,6,1,5.76460752303767552e+17
15,3,63,-2.06618173169671866e-07,-2.06618255491482903e-07,-2.06618260412804545e-07,-1.97766768640333911e-07,-1.97767094576078327e-07,-1.97768751841958213e-07,1.65726587988555156e-12,1.98320162430170285e-12,1.78220197120019212e-12,-2.68508812918506691e-07,4.92104528507783421e-08,-4.12474712184560042e-08,-3.44540462508437980e-09,-2.68508941197410859e-07,4.92104061792290075e-08,-4.12474952780806330e-08,-3.44541633551928102e-09,-1.28278904167531923e-13,-4.66715493345868430e-14,-2.40596246288063211e-14,-1.17104349012190508e-14,-1.97768751841958213e-07,-1.97769207263482210e-07,-1.97767425061511010e-07,-1.97768354565223909e-07,19,6,1,5.76460752303767552e+17
16,0,64,-1.57660700079226084e-07,-1.57660861171166721e-07,-1.57660860842640148e-07,-1.56015806479370776e-07,-1.56015278429370279e-07,-1.56014521274746936e-07,7.57154623343047882e-13,1.28520462383976576e-12,2.07357395770659850e-12,-2.05210850564489235e-07,3.65030295657338865e-08,-3.16694558735347553e-08,-2.73857823239859924e-09,-2.05211105315154153e-07,3.65029234713831042e-08,-3.16695091731942799e-08,-2.73860413467834622e-09,-2.54750664918525335e-13,-1.06094350782321505e-13,-5.32996595246349638e-14,-2.59022797469756936e-14,-1.56014521274746936e-07,-1.56014415836815725e-07,-1.56015573981921778e-07,-1.56013500407964071e-07,19,6,1,5.76460752303767552e+17
16,1,65,-1.20617221764983547e-07,-1.20617282017608165e-07,-1.20617280661757788e-07,-1.23593571497293196e-07,-1.23592821889852924e-07,-1.23594197769107387e-07,1.37587925446263008e-12,6.26271814190672912e-13,2.03722431227507972e-12,-1.57312834559523185e-07,2.69418030213365952e-08,-2.43524288654282490e-08,-2.19844976337885264e-09,-1.57312923651180096e-07,2.69417918249166856e-08,-2.43524332584646304e-08,-2.19845033566508210e-09,-8.90916569110363822e-14,-1.11964199096308271e-14,-4.39303638141581595e-15,-5.72286229456611669e-16,-1.23594197769107387e-07,-1.23592160544795112e-07,-1.23593284378175076e-07,-1.23593110978053846e-07,19,6,1,5.76460752303767552e+17
16,2,66,-9.25461814262387136e-08,-9.25462574559196590e-08,-9.25462572921504709e-08,-9.82879013577287461e-08,-9.82872947723184007e-08,-9.82872332822794836e-08,6.14900389171078065e-14,6.68075449262434305e-13,3.51108369098864082e-12,-1.20997382360933223e-07,1.97811791906676237e-08,-1.87579719355337841e-08,-1.78046371176981895e-09,-1.20997497504384917e-07,1.97811507172301791e-08,-1.87579867654101431e-08,-1.78047017462288258e-09,-1.15143451693647280e-13,-2.84734374446339744e-14,-1.48298763589274664e-14,-6.46285306363180747e-15,-9.82872332822794836e-08,-9.82849324181243689e-08,-9.82884435018153575e-08,-9.82874419339858260e-08,19,6,1,5.76460752303767552e+17
16,3,67,-7.12341123880576202e-08,-7.12341367434828698e-08,-7.12341369822651502e-08,-7.84379925695787438e-08,-7.84372200992011571e-08,-7.84358773210616767e-08,1.34277813948044184e-12,2.11524851706712250e-12,1.58800063894405789e-12,-9.33986530732367980e-08,1.44440765972594677e-08,-1.44759709804007171e-08,-1.45280880833776892e-09,-9.33986848083610823e-08,1.44440888257199821e-08,-1.44759659976202286e-08,-1.45280543114176234e-09,-3.17351242843252293e-14,1.22284605144031847e-14,4.98278048848375017e-15,3.37719600657670858e-15,-7.84358773210616767e-08,-7.84366779056251237e-08,-7.84361691579103731e-08,-7.84374653217006208e-08,19,6,1,5.76460752303767552e+17
17,0,68,-5.50168134376970746e-08,-5.50167260870520783e-08,-5.50167257650001131e-08,-6.27914321082626708e-08,-6.27916461649934522e-08,-6.27903133925457253e-08,1.33277244772686848e-12,1.11871571694541225e-12,2.25993435167007415e-12,-7.23665434905160373e-08,1.04858267781910851e-08,-1.11942653635472864e-08,-1.19272990511967191e-09,-7.23663961416473161e-08,1.04859215892079634e-08,-1.11942202895316637e-08,-1.19270694334423220e-09,1.47348868721146145e-13,9.48110168782211963e-14,4.50740156227039725e-14,2.29617754397029905e-14,-6.27903133925457253e-08,-6.27896499901785961e-08,-6.27917792107294654e-08,-6.27895192763777953e-08,19,6,1,5.76460752303767552e+17
17,1,69,-4.26436907574416984e-08,-4.26435663663780416e-08,-4.26435675749992558e-08,-5.04011323151871849e-08,-5.04009315642002522e-08,-5.04005620705324816e-08,3.69493667770609846e-13,5.70244654703260166e-13,4.46048712535806507e-12,-5.62883597395772684e-08,7.56537617755239545e-09,-8.67534273394819708e-09,-9.83869705145617769e-10,-5.62881565662530902e-08,7.56548073467005242e-09,-8.67529505809607542e-09,-9.83846552379162113e-10,2.03173324178233758e-13,1.04557117656973579e-13,4.76758521216569619e-14,2.31527664556559812e-14,-5.04005620705324816e-08,-5.04037567793065230e-08,-5.04041524074531900e-08,-5.03996919203278319e-08,19,6,1,5.76460752303767552e+17
17,2,70,-3.31752139597845628e-08,-3.31750888482276732e-08,-3.31750891302077538e-08,-4.05470249300422225e-08,-4.05471133169999087e-08,-4.05501615902493813e-08,3.04827324947259012e-12,3.13666020715876292e-12,5.32427248508913416e-12,-4.39544795035064153e-08,5.42230793107011420e-09,-6.73854367371100250e-09,-8.14395470117884180e-10,-4.39542792345712203e-08,5.42239454158122759e-09,-6.73850573443597682e-09,-8.14377769342356492e-10,2.00268935195029423e-13,8.66105111133925191e-14,3.79392750256758431e-14,1.77007755276881773e-14,-4.05501615902493813e-08,-4.05488215114683917e-08,-4.05506183682059841e-08,-4.05452940957208950e-08,19,6,1,5.76460752303767552e+17
17,3,71,-2.59054673750247632e-08,-2.59055260456284720e-08,-2.59055273097259735e-08,-3.26793564690651529e-08,-3.26795393906331929e-08,-3.26789896787442270e-08,5.49711888965894470e-13,3.66790320925853241e-13,2.44611458553731708e-12,-3.44572026024423902e-08,3.85869975067864901e-09,-5.24644966705036512e-09,-6.75663311757464927e-10,-3.44573024127847307e-08,3.85862544232766215e-09,-5.24649145728566021e-09,-6.75685550087981203e-10,-9.98103423404952952e-14,-7.43083509868589543e-14,-4.17902352950859611e-14,-2.22383305162760142e-14,-3.26789896787442270e-08,-3.26772211209026536e-08,-3.26796672354881909e-08,-3.26786149119963116e-08,19,6,1,5.76460752303767552e+17
18,0,72,-2.03038323698701552e-08,-2.03038608574410361e-08,-2.03038610669067418e-08,-2.63758108186081359e-08,-2.63754685730232150e-08,-2.63750722850839428e-08,3.96287939272169578e-13,7.38533524193080162e-13,4.47147160939550013e-12,-2.71148384112294431e-08,2.72481472179797276e-09,-4.09451707856754886e-09,-5.61284795498470212e-10,-2.71148868761183299e-08,2.72478134683513769e-09,-4.09453379228949868e-09,-5.61292772119901541e-10,-4.84648888867945216e-14,-3.33749628350743116e-14,-1.67137219498223479e-14,-7.97662143132897698e-15,-2.63750722850839428e-08,-2.63706008134745473e-08,-2.63728574996528851e-08,-2.63727955696260917e-08,19,6,1,5.76460752303767552e+17
18,1,73,-1.59711118930829789e-08,-1.59710979325395161e-08,-1.59710966915342736e-08,-2.13102887591035317e-08,-2.13099660374570304e-08,-2.13112172651983406e-08,1.25122774131020435e-12,9.28506094808876826e-13,2.33271857032796411e-12,-2.14147633438300135e-08,1.90791247392571515e-09,-3.20317363373088571e-09,-4.66467777218167590e-10,-2.14147418258651046e-08,1.90792074071308278e-09,-3.20316828940056893e-09,-4.66464516911697333e-10,2.15179649089572724e-14,8.26678736763665009e-15,5.34433031677621790e-15,3.26030647025673337e-15,-2.13112172651983406e-08,-2.13118462997810699e-08,-2.13095135812107420e-08,-2.13100096020393642e-08,19,6,1,5.76460752303767552e+17
18,2,74,-1.26066029143837882e-08,-1.26066382255786352e-08,-1.26066374602628855e-08,-1.72293373816818438e-08,-1.72289997217045905e-08,-1.72280158741284248e-08,9.83847576165712262e-13,1.32150755341900999e-12,7.08881586745150569e-12,-1.69708197103718364e-08,1.32351668107299252e-09,-2.51181331591315675e-09,-3.87558989365645944e-10,-1.69708778365816963e-08,1.32348440700618403e-09,-2.51182874020642806e-09,-3.87566543778750804e-10,-5.81262098599235356e-14,-3.22740668084891129e-14,-1.54242932713142587e-14,-7.55441310485969306e-15,-1.72280158741284248e-08,-1.72245832971068679e-08,-1.72316721129743194e-08,-1.72281092352569843e-08,19,6,1,5.76460752303767552e+17
18,3,75,-9.98340220430826595e-09,-9.98336439467826022e-09,-9.98336356629000864e-09,-1.39348612486012624e-08,-1.39344096916083511e-08,-1.39348178575433671e-08,4.08165935016008876e-13,4.33910578952823158e-14,3.30283117743387661e-12,-1.34914558475164303e-08,9.08650034426163521e-10,-1.97422962021099607e-09,-3.21723188171498381e-10,-1.34913945597086014e-08,9.08682929215767362e-10,-1.97421183987973856e-09,-3.21713891926766874e-10,6.12878078289522620e-14,3.28947896038416089e-14,1.77803312575059576e-14,9.29624473150676979e-15,-1.39348178575433671e-08,-1.39364271934130801e-08,-1.39331243622356462e-08,-1.39341061863362468e-08,19,6,1,5.76460752303767552e+17
19,0,76,-7.92992204349353925e-09,-7.92989048834990756e-09,-7.92988963179898342e-09,-1.12710441840507713e-08,-1.12713598695244637e-08,-1.12704960685393289e-08,8.63800985134789907e-13,5.48115511442404073e-13,3.76482934548693434e-12,-1.07559451073458382e-08,6.16606588628902446e-10,-1.55515175028846424e-09,-2.66721173019151774e-10,-1.07558948772563995e-08,6.16628695157632963e-10,-1.55514070964127444e-09,-2.66715880696566297e-10,5.02300894387028734e-14,2.21065287305173209e-14,1.10406471897959325e-14,5.29232258547675549e-15,-1.12704960685393289e-08,-1.12699290360636618e-08,-1.12684192341341142e-08,-1.12721840634796012e-08,19,6,1,5.76460752303767552e+17
19,1,77,-6.31605955740237237e-09,-6.31600809684752473e-09,-6.31600999351378729e-09,-9.11466185474248764e-09,-9.11470030541454858e-09,-9.11396994812746585e-09,7.30357287082724720e-13,6.91906615021789032e-13,3.77021076631230296e-12,-8.59663548492275276e-09,4.12938863255607024e-10,-1.22761529105597696e-09,-2.20754169682961785e-10,-8.59655370149514301e-09,4.12973971249960819e-10,-1.22759810318951042e-09,-2.20745950200163506e-10,8.17834276097411394e-14,3.51079943537950879e-14,1.71878664665493721e-14,8.21948279827979757e-15,-9.11396994812746585e-09,-9.11268097186304234e-09,-9.11645118262935464e-09,-9.11355130787629698e-09,19,6,1,5.76460752303767552e+17
19,2,78,-5.04286075032223847e-09,-5.04278685788084990e-09,-5.04278442249732824e-09,-7.36771203771513067e-09,-7.36800315928609868e-09,-7.36811125762758803e-09,1.08098341489354531e-13,3.99219912457364594e-13,1.66508792353502410e-12,-6.88571538846333253e-09,2.72386809606892375e-10,-9.70969980563928027e-10,-1.82355578231863402e-10,-6.88559834322670411e-09,2.72435301408261234e-10,-9.70946479300052253e-10,-1.82344407501684193e-10,1.17045236628419285e-13,4.84918013688588647e-14,2.35012638757741988e-14,1.11707301792086991e-14,-7.36811125762758803e-09,-7.36879286605687418e-09,-7.36828693106468916e-09,-7.36712777813333916e-09,19,6,1,5.76460752303767552e+17
19,3,79,-4.03479534327964011e-09,-4.03475826423841466e-09,-4.03475952612259833e-09,-5.95188662057658381e-09,-5.95214170686432916e-09,-5.95273784518258242e-09,5.96138318253252557e-13,8.51224605998602238e-13,8.34930210741265948e-12,-5.52534109794225857e-09,1.76542119613412515e-10,-7.69368879999806829e-10,-1.50314256334714237e-10,-5.52528488362077302e-09,1.76554683055846190e-10,-7.69363674749998775e-10,-1.50312474548251138e-10,5.62143214855509989e-14,1.25634424336756114e-14,5.20524980805352591e-15,1.78178646309986044e-15,-5.95273784518258242e-09,-5.95320967917389036e-09,-5.94792406115778171e-09,-5.94486037706647770e-09,19,6,1,5.76460752303767552e+17
20,0,80,-3.23398530883552896e-09,-3.23399945413275484e-09,-3.23400033082572914e-09,-4.80432745688662240e-09,-4.80326297505669406e-09,-4.80313190765945251e-09,1.31067397241552464e-13,1.19554922716989351e-12,3.24487471834829373e-12,-4.44027315059547965e-09,1.12078098611181695e-10,-6.10623835612684128e-10,-1.23620068479905889e-10,-4.44029976917709557e-09,1.12050094366710833e-10,-6.10638046298297350e-10,-1.23627703447311503e-10,-2.66185816159158754e-14,-2.80042444708617596e-14,-1.42106856132218134e-14,-7.63496740561368248e-15,-4.80313190765945251e-09,-4.80637678237780080e-09,-4.80489342546800659e-09,-4.80629926460566994e-09,19,6,1,5.76460752303767552e+17
20,1,81,-2.59588951915568119e-09,-2.59584209325076398e-09,-2.59584343781181241e-09,-3.87439491245164303e-09,-3.87387863105146667e-09,-3.87544342477345122e-09,1.56479372198455142e-12,1.04851232180818676e-12,1.93106630799909346e-12,-3.57237661709078000e-09,6.94162361731516008e-11,-4.85337454586039155e-10,-1.01424199218831120e-10,-3.57230237887092784e-09,6.94454935439422409e-11,-4.85321615805167365e-10,-1.01416245687086274e-10,7.42382198521570530e-14,2.92573707906401462e-14,1.58387808717898043e-14,7.95353174484585753e-15,-3.87544342477345122e-09,-3.87453141468798091e-09,-3.87351235846545213e-09,-3.87540616075388023e-09,19,6,1,5.76460752303767552e+17
20,2,82,-2.08607531778184171e-09,-2.08609088401506642e-09,-2.08608857229007374e-09,-3.12115735032468327e-09,-3.12082337707192761e-09,-3.11871123787326407e-09,2.11213919866353489e-12,2.44611245141919491e-12,6.40298499877562679e-12,-2.87650945840764103e-09,4.17258276790540158e-11,-3.86244979500244778e-10,-8.30098610338573006e-11,-2.87653754728542869e-09,4.17010206141790356e-11,-3.86256902320784778e-10,-8.30162082720895302e-11,-2.80888777876583313e-14,-2.48070648749802275e-14,-1.19228205399998878e-14,-6.34723823222961723e-15,-3.11871123787326407e-09,-3.11855777678942384e-09,-3.12297631215102053e-09,-3.12496076178819947e-09,19,6,1,5.76460752303767552e+17
20,3,83,-1.67779912428960929e-09,-1.67769071655082283e-09,-1.67769243346200904e-09,-2.51144830582153412e-09,-2.51081472061975998e-09,-2.51134468527032823e-09,5.29964650568248195e-13,1.03620551205889818e-13,7.08279633772277531e-12,-2.31744133186515181e-09,2.41780429591367627e-11,-3.07714560455500458e-10,-6.77699435178767288e-11,-2.31726785142623509e-09,2.42597077277355579e-11,-3.07672355434523486e-10,-6.77488061069210244e-11,1.73480438916718893e-13,8.16647685987951844e-14,4.22050209769711791e-14,2.11374109557044546e-14,-2.51134468527032823e-09,-2.51674419761995015e-09,-2.51193498736436447e-09,-2.50966140128222738e-09,19,6,1,5.76460752303767552e+17
21,0,84,-1.35019027101486151e-09,-1.35010133872350366e-09,-1.35010077190424612e-09,-2.01833716986900591e-09,-2.01758509573303921e-09,-2.02245068187388659e-09,4.86558614084738048e-12,4.11351200488068616e-12,6.12907721025841564e-12,-1.86753937997190116e-09,1.33923299452792036e-11,-2.45367612493100296e-10,-5.51896134849188353e-11,-1.86739965123029662e-09,1.34458650892874136e-11,-2.45341582689266597e-10,-5.51775837316817749e-11,1.39728741604548888e-13,5.35351440082100179e-14,2.60298038336989336e-14,1.20297532370604145e-14,-2.02245068187388659e-09,-2.01632160466362818e-09,-2.02018506313032952e-09,-2.02142442482078842e-09,19,6,1,5.76460752303767552e+17
21,1,85,-1.08688390250535789e-09,-1.08701934530585553e-09,-1.08701877676552795e-09,-1.61992657489292080e-09,-1.61851902060879179e-09,-1.61992073902873643e-09,1.40171841994464258e-12,5.83586418437069348e-15,6.78001454968475221e-12,-1.50502394077366700e-09,7.02820981703867448e-12,-1.95789837015159409e-10,-4.48323191451499732e-11,-1.50524813422858151e-09,6.89464858591881710e-12,-1.95857508694978609e-10,-4.48672579024362985e-11,-2.24193454914502212e-13,-1.33561231119857380e-13,-6.76716798191999002e-14,-3.49387572863253741e-14,-1.61992073902873643e-09,-1.62224435421827197e-09,-1.62016874935199479e-09,-1.62670075357842118e-09,19,6,1,5.76460752303767552e+17
21,2,86,-8.74988918225300789e-10,-8.75094850069899677e-10,-8.75097345978765357e-10,-1.29839360854436732e-09,-1.29675430800869654e-09,-1.29776682391872023e-09,1.01251591002369698e-12,6.26784625647084375e-13,9.83783406003787249e-12,-1.21264910656311078e-09,3.48592649764326214e-12,-1.56310974797196279e-10,-3.63283157426614128e-11,-1.21282074388000393e-09,3.40248766700568535e-12,-1.56349219010020030e-10,-3.63464917128510618e-11,-1.71637316893144043e-13,-8.34388306375767878e-14,-3.82442128237503885e-14,-1.81759701896490131e-14,-1.29776682391872023e-09,-1.29232576055656615e-09,-1.29677387234368054e-09,-1.30216359461660403e-09,19,6,1,5.76460752303767552e+17
21,3,87,-7.04305831439102831e-10,-7.04357032719824903e-10,-7.04358118480761247e-10,-1.03922506168268291e-09,-1.03746727923569423e-09,-1.03743556123643397e-09,3.17179992602632902e-14,1.78950044624894459e-12,3.88682892584953680e-12,-9.76699971289177755e-10,1.68848251694649033e-12,-1.24836529392187846e-10,-2.93650299722714047e-11,-9.76780082493740018e-10,1.66310271021405366e-12,-1.24845276356909591e-10,-2.93681568623402149e-11,-8.01112045622638129e-14,-2.53798067324366619e-14,-8.74696472174432093e-15,-3.12689006881022874e-15,-1.03743556123643397e-09,-1.03717393846435121e-09,-1.04028074710242941e-09,-1.04106076739020075e-09,19,6,1,5.76460752303767552e+17
22,0,88,-5.66731611718676899e-10,-5.66682146581224906e-10,-5.66682537101219880e-10,-8.30601041688413135e-10,-8.30853934195152264e-10,-8.31376209178542804e-10,5.22274983390539662e-13,7.75167490129668945e-13,1.11897936419829051e-11,-7.86226905661466918e-10,9.23972445143919034e-13,-9.97189402561015553e-11,-2.36788721189786067e-11,-7.86143456077590437e-10,9.81774936760629970e-13,-9.96877145175381961e-11,-2.36625283018143766e-11,8.34495838764813833e-14,5.78024916167109359e-14,3.12257385633592793e-14,1.63438171642300334e-14,-8.31376209178542804e-10,-8.22210996934861773e-10,-8.22272335625220180e-10,-8.33400790576844678e-10,19,6,1,5.76460752303767552e+17
22,1,89,-4.55804602793075878e-10,-4.55803822854432506e-10,-4.55804271150928883e-10,-6.62897747719825524e-10,-6.63579977156522609e-10,-6.69220614993976513e-10,5.64063783745390371e-12,6.32286727415098850e-12,1.17295693469452152e-11,-6.32457537615717756e-10,7.32468462868592902e-13,-7.96586662963059101e-11,-1.90481880382086768e-11,-6.32454843115207759e-10,7.38468522682753013e-13,-7.96563045970056890e-11,-1.90473970713116200e-11,2.69450050999686803e-15,6.00005981416011158e-15,2.36169930022112937e-15,7.90966897056856281e-16,-6.69220614993976513e-10,-6.60739539089279784e-10,-6.72469108436225000e-10,-6.64445719911495166e-10,19,6,1,5.76460752303767552e+17
22,2,90,-3.66354799741255796e-10,-3.66666900428702359e-10,-3.66668636138200684e-10,-5.28283404206903602e-10,-5.28523026043038650e-10,-5.21130310968336372e-10,7.39271507470227719e-12,7.15309323856722941e-12,1.19315070511669647e-11,-5.08342649423873296e-10,8.25525548965154113e-13,-6.36280361985313552e-11,-1.52871665504701106e-11,-5.08846058760653053e-10,5.76697875605257648e-13,-6.37532297444959576e-11,-1.53500073133903335e-11,-5.03409336779757315e-13,-2.48827673359896464e-13,-1.25193545964602435e-13,-6.28407629202228960e-14,-5.21130310968336372e-10,-5.28705355501535855e-10,-5.24761868669338859e-10,-5.33061818019503337e-10,19,6,1,5.76460752303767552e+17
22,3,91,-2.94233596349827977e-10,-2.94121540830275249e-10,-2.94121699534029606e-10,-4.20389713669795973e-10,-4.19918497153194664e-10,-4.13600268837436229e-10,6.31822831575843575e-12,6.78944483235974434e-12,7.16580883017262479e-12,-4.08203337877823870e-10,1.02947150430194070e-12,-5.08124298767096318e-11,-1.22405495553857586e-11,-4.08013451355088710e-10,1.16405127004101588e-12,-5.07401769416479487e-11,-1.22017104591148784e-11,1.89886522735159818e-13,1.34579765739075178e-13,7.22529350616830946e-14,3.88390962708801182e-14,-4.13600268837436229e-10,-4.20766077667608853e-10,-4.14718430894459014e-10,-4.16008727093637558e-10,19,6,1,5.76460752303767552e+17
23,0,92,-2.36103782365407000e-10,-2.35678833052555126e-10,-2.35679476686675703e-10,-3.34043444810469873e-10,-3.30911681732735488e-10,-3.31107184752755849e-10,1.95503020020360852e-13,2.93626005771402414e-12,7.52738088267593870e-12,-3.27455222645272707e-10,1.24587317742209675e-12,-4.05647071348972571e-11,-9.77904298252041109e-12,-3.26764582381055522e-10,1.60380606138600012e-12,-4.03875626543278372e-11,-9.69078944641155422e-12,6.90640264217185475e-13,3.57932883963903372e-13,1.77144480569419937e-13,8.82535361088568698e-14,-3.31107184752755849e-10,-3.30493183073366522e-10,-3.28860804622974962e-10,-3.36388185505650901e-10,19,6,1,5.76460752303767552e+17
23,1,93,-1.89275412960373912e-10,-1.88799531530293009e-10,-1.88798126078217217e-10,-2.65047148677242197e-10,-2.64877680221487302e-10,-2.60137280402816253e-10,4.74039981867104906e-12,4.90986827442594450e-12,7.36207250171034312e-12,-2.62391566035240166e-10,1.42433467239802959e-12,-3.23697743960686038e-11,-7.79533816391961958e-12,-2.61630769609669571e-10,1.76127609142535582e-12,-3.22111242555143921e-11,-7.72010284681642398e-12,7.60796425570595594e-13,3.36941419027326222e-13,1.58650140554211753e-13,7.52353171031955971e-14,-2.60137280402816253e-10,-2.67499352904526596e-10,-2.64233595865544024e-10,-2.63608608532614571e-10,19,6,1,5.76460752303767552e+17
23,2,94,-1.51576815461695109e-10,-1.50966375773760414e-10,-1.50965669439267282e-10,-2.09999535096783358e-10,-2.09903408742382628e-10,-2.06506993784111731e-10,3.39641495827089745e-12,3.49254131267162739e-12,1.06998740548138382e-11,-2.10011752665760436e-10,1.54405346813886484e-12,-2.58169433941992772e-11,-6.20067438996374350e-12,-2.09044234463873360e-10,1.94104755120920789e-12,-2.56300988324730866e-11,-6.11269872751625683e-12,9.67518201887076527e-13,3.96994083070343054e-13,1.86844561726190559e-13,8.79756624474866680e-14,-2.06506993784111731e-10,-2.16581778011301428e-10,-2.09565531089053016e-10,-2.05881903956487590e-10,19,6,1,5.76460752303767552e+17
23,3,95,-1.21252654440222616e-10,-1.20610185063287777e-10,-1.20610706688040941e-10,-1.66148423784362503e-10,-1.66716277944048163e-10,-1.70077635240417829e-10,3.36135729636966604e-12,3.92921145605532560e-12,6.62930261617834610e-12,-1.67884900449639074e-10,1.60154598409915746e-12,-2.05782914645629630e-11,-4.92187819532082607e-12,-1.66877124512621032e-10,1.97403837670307583e-12,-2.04040779902397281e-11,-4.84153223482635268e-12,1.00777593701804214e-12,3.72492392603918370e-13,1.74213474323234900e-13,8.03459604944733900e-14,-1.70077635240417829e-10,-1.64981750236620518e-10,-1.71464113548814366e-10,-1.64834810932636019e-10,19,6,1,5.76460752303767552e+17
24,0,96,-9.68829714288246936e-11,-9.65853902531983060e-11,-9.65847913095691493e-11,-1.31270231344038053e-10,-1.32182685641735451e-10,-1.39294359040446942e-10,7.11167339871149017e-12,8.02412769640888902e-12,5.39456787235873606e-12,-1.34040878547761185e-10,1.60266185242110335e-12,-1.63916649328462945e-11,-3.89882484719281488e-12,-1.33599817398184326e-10,1.65885223275804661e-12,-1.63731192055664295e-11,-3.89674270889627110e-12,4.41061149576859149e-13,5.61903803369432611e-14,1.85457272798649784e-14,2.08213829654377856e-15,-1.39294359040446942e-10,-1.33899791168088206e-10,-1.37268388869853421e-10,-1.37395597348261698e-10,19,6,1,5.76460752303767552e+17
24,1,97,-7.73185791180243380e-11,-7.74932134546958275e-11,-7.74925267941547090e-11,-1.03571314594906817e-10,-1.04996986079127145e-10,-1.07767604508303216e-10,2.77061842917607106e-12,4.19628991339639967e-12,1.55566625373210240e-11,-1.06882838113717398e-10,1.55754483730210977e-12,-1.30472846017019475e-11,-3.08227077682682394e-12,-1.07202709071307824e-10,1.25384887423282483e-12,-1.31984123130152619e-11,-3.16186078539731382e-12,-3.19870957590425862e-13,-3.03695963069284943e-13,-1.51127711313314370e-13,-7.95900085704898842e-14,-1.07767604508303216e-10,-1.10829565690324712e-10,-9.52729031530036882e-11,-1.02417853655590875e-10,19,6,1,5.76460752303767552e+17
24,2,98,-6.16292914940435430e-11,-6.19802439840120988e-11,-6.19776957890819493e-11,-8.16072079321742857e-11,-8.20214808272524541e-11,-7.29980794158165879e-11,9.02340141143586618e-12,8.60912851635769779e-12,1.47468560459273118e-11,-8.51167450224848894e-11,1.47758273515291481e-12,-1.03771580772867673e-11,-2.43201165845756754e-12,-8.57070509820672585e-11,1.11014376893066778e-12,-1.05466147184747049e-11,-2.51560293122301584e-12,-5.90305959582369016e-13,-3.67438966222247027e-13,-1.69456641187937550e-13,-8.35912727654482945e-14,-7.29980794158165879e-11,-7.91222383564769811e-11,-8.06929818857326729e-11,-8.77449354617438997e-11,19,6,1,5.76460752303767552e+17
24,3,99,-4.90622865434205535e-11,-4.89129495485452935e-11,-4.89131646581991809e-11,-6.42166074717165448e-11,-6.39474354073110962e-11,-7.17900252111767934e-11,7.84258980386569722e-12,7.57341773946024858e-12,1.79594248536468626e-11,-6.76944264319508305e-11,1.37367570910404938e-12,-8.24668605889027592e-12,-1.91532409890852903e-12,-6.74601115588393040e-11,1.48753025223507147e-12,-8.16904861108902599e-12,-1.87263205271327382e-12,2.34314873111526492e-13,1.13854543131022083e-13,7.76374478012499310e-14,4.26920461952552066e-14,-7.17900252111767934e-11,-6.76665366912555941e-11,-5.78200593906349478e-11,-7.57794842442818104e-11,19,6,1,5.76460752303767552e+17
25,0,100,-3.90085152201603160e-11,-3.92685407870342943e-11,-3.92700883578440550e-11,-5.04674511958428456e-11,-5.33443880871017759e-11,-5.39690545423768012e-11,6.24666455275025251e-13,3.50160334653395557e-12,1.43496390227115031e-11,-5.37674215720135945e-11,1.25535534138621665e-12,-6.54799073925589105e-12,-1.50565347031740400e-12,-5.41954799190796276e-11,1.02278222434940052e-12,-6.65374345582379928e-12,-1.55895538435279589e-12,-4.28058347066033132e-13,-2.32573117036816126e-13,-1.05752716567908230e-13,-5.33019140353918912e-14,-5.39690545423768012e-11,-5.37004399856749844e-11,-6.01447986146997713e-11,-6.80500790083864876e-11,19,6,1,5.76460752303767552e+17
25,1,101,-3.09755323603252500e-11,-3.13520806908736026e-11,-3.13514259241175036e-11,-3.96129557931361907e-11,-3.91814230638342918e-11,-4.13793331642360382e-11,2.19791010040174637e-12,1.76637737109984754e-12,1.79718243511533920e-11,-4.26495112002063153e-11,1.13043521855424016e-12,-5.19460016942682841e-12,-1.18151380256484601e-12,-4.32564473271795220e-11,8.47279119467073600e-13,-5.32356109164990718e-12,-1.24427236467367561e-12,-6.06936126973206657e-13,-2.83156099087166559e-13,-1.28960922223078768e-13,-6.27585621088296057e-14,-4.13793331642360382e-11,-3.80881209572659775e-11,-3.38286211889845198e-11,-5.18004455401379118e-11,19,6,1,5.76460752303767552e+17
25,2,102,-2.45654782396480748e-11,-2.49445738952757619e-11,-2.49428392940008314e-11,-3.10558171889345235e-11,-3.07650112092966731e-11,-1.98411852615978576e-11,1.09238259476988154e-11,1.12146319273366658e-11,1.46368249977819183e-11,-3.37862497101150977e-11,1.00497726673614182e-12,-4.11720431977776922e-12,-9.25569558336167690e-13,-3.43872063991507698e-11,7.64385175528150155e-13,-4.22429932312002980e-12,-9.75764470403594860e-13,-6.00956689035672119e-13,-2.40592091207991668e-13,-1.07095003342260585e-13,-5.01949120674271706e-14,-1.98411852615978576e-11,-2.56021076073758880e-11,-3.44780102593797759e-11,-3.39862104601393524e-11,19,6,1,5.76460752303767552e+17
25,3,103,-1.94572076174773120e-11,-1.91936312980622547e-11,-1.91915117677826277e-11,-2.43191145239875454e-11,-2.36825972333245374e-11,-3.01694880481066460e-11,6.48689081478210862e-12,5.85037352411910057e-12,1.43906079212809372e-11,-2.67301669850587405e-11,8.83432080142283984e-13,-3.26026059062716158e-12,-7.23872386130989418e-13,-2.62849326142741286e-11,1.19203686946556439e-12,-3.09525291610768102e-12,-6.37626265756462592e-13,4.45234370784611881e-13,3.08604789323280407e-13,1.65007674519480555e-13,8.62461203745268259e-14,-3.01694880481066460e-11,-1.60839314928378685e-11,-3.04745394141188058e-11,-2.17959732093860026e-11,19,6,1,5.76460752303767552e+17
26,0,104,-1.53917705436140533e-11,-1.54726619847720843e-11,-1.54734556215590253e-11,-1.90226997313257534e-11,-2.30324266172098694e-11,-1.89168522669100870e-11,4.11557435029978238e-12,1.05847464415666437e-13,1.99326256142911473e-11,-2.11205748247499123e-11,7.68861947352558904e-13,-2.57927475918083167e-12,-5.65229311477034473e-13,-2.12433475765686610e-11,7.32337005059563684e-13,-2.60200935701534116e-12,-5.78660527136584278e-13,-1.22772751818748693e-13,-3.65249422929952199e-14,-2.27345978345094905e-14,-1.34312156595498047e-14,-1.89168522669100870e-11,-2.13788523504243692e-11,-2.17720417848723744e-11,-1.83941617058122870e-12,19,6,1,5.76460752303767552e+17
26,1,105,-1.21606093563125055e-11,-1.22166284761690685e-11,-1.22165439167753030e-11,-1.48640767382883346e-11,-1.41360538778335023e-11,-2.60395156019852783e-11,1.19034617241517760e-11,1.11754388636969437e-11,1.96654019423531790e-11,-1.66671208965377914e-11,6.63190390633355764e-13,-2.03862028878658474e-12,-4.40681755194512591e-13,-1.67499714760774779e-11,6.47361890171612190e-13,-2.04980935324692478e-12,-4.46731347697859549e-13,-8.28505795396864766e-14,-1.58285004617435741e-14,-1.11890644603400389e-14,-6.04959250334695785e-15,-2.60395156019852783e-11,-6.37411365963209765e-12,-1.37192691240510391e-11,-2.22046287956925359e-11,19,6,1,5.76460752303767552e+17
26,2,106,-9.59596192463981832e-12,-1.01911158262272431e-11,-1.01901407735273637e-11,-1.16029438263435849e-11,-1.26479205922608978e-11,-1.58106577529054702e-11,3.16273716064457238e-12,4.20771392656188532e-12,5.34108738463507683e-12,-1.31363979533196075e-11,5.67445223598843123e-13,-1.60978781719850917e-12,-3.43077576732103128e-13,-1.40913517597208762e-11,1.13135473846343431e-13,-1.83990315404455662e-12,-4.58005057087203673e-13,-9.54953806401268697e-13,-4.54309749752499692e-13,-2.30115336846047454e-13,-1.14927480355100544e-13,-1.58106577529054702e-11,-1.34410184393893463e-11,-1.87821058240244231e-11,-1.77854020139256689e-11,19,6,1,5.76460752303767552e+17
26,3,107,-7.56305978869185272e-12,-8.23185677539430361e-12,-8.23211172121636474e-12,-9.04872268977535594e-12,-7.50307081284308116e-12,-1.09910412579364384e-11,3.48797044509335725e-12,1.94231856816108247e-12,2.48591199273576784e-11,-1.03410464146096961e-11,4.81977627627539796e-13,-1.26997901097050634e-12,-2.66720798252100375e-13,-1.14015750493237608e-11,3.86792108426652288e-14,-1.48437878237394830e-12,-3.68552416018296069e-13,-1.06052863471406473e-12,-4.43298416784874567e-13,-2.14399771403441968e-13,-1.01831617766195694e-13,-1.09910412579364384e-11,-1.92571208698056607e-11,-8.57580319505544721e-12,5.60199905755201603e-12,19,6,1,5.76460752303767552e+17
27,0,108,-5.95378826508053696e-12,-6.56461870058096999e-12,-6.56525330942194221e-12,-7.05051573893870467e-12,-9.25013417802083075e-12,4.75021502182963995e-12,1.40003491998504707e-11,1.18007307607683446e-11,2.53334973842163704e-11,-8.13089302349080698e-12,4.06649459267967231e-13,-1.00097658561492757e-12,-2.07085919554856552e-13,-9.08532299928060896e-12,6.76762385793060805e-14,-1.16011045946519798e-12,-2.79139450398757647e-13,-9.54429975789801974e-13,-3.38973220688661151e-13,-1.59133873850270410e-13,-7.20535308439010953e-14,4.75021502182963995e-12,-9.90816050916892626e-12,-2.05832823623867304e-11,-6.61569884830429662e-12,19,6,1,5.76460752303767552e+17
27,1,109,-4.68153805568591790e-12,-4.56449187426602659e-12,-4.56372970323740015e-12,-5.48903516252644417e-12,-5.76655666408908313e-12,-3.27055210953442547e-12,2.49600455455465766e-12,2.21848305299201870e-12,2.13126183000903416e-11,-6.38575227928704006e-12,3.40987058782314249e-13,-7.88236072208490643e-13,-1.60585693162756002e-13,-6.15600125864932273e-12,6.20687965503232280e-13,-6.40928206494940125e-13,-7.95954172290271164e-14,2.29751020637717325e-13,2.79700906720918030e-13,1.47307865713550518e-13,8.09902759337288854e-14,-3.27055210953442547e-12,-1.59875071698027572e-11,5.32511113028758279e-12,-6.65047344357170845e-12,19,6,1,5.76460752303767552e+17
27,2,110,-3.67702817717508262e-12,-3.46788577590043867e-12,-3.46705034287947586e-12,-4.27012883655806892e-12,-6.43547702551777130e-12,3.70349678663147518e-12,1.01389738121492465e-11,7.97362562318954491e-12,4.16504291527049551e-12,-5.00958548938619887e-12,2.84303243102758449e-13,-6.20155835029223400e-13,-1.24382971493408184e-13,-4.64431003775000731e-12,5.60590102703590753e-13,-4.91593819699132007e-13,-5.96430168933317855e-14,3.65275451636191558e-13,2.76286859600832305e-13,1.28562015330091393e-13,6.47399546000763987e-14,3.70349678663147518e-12,3.74900724074764681e-12,6.05901330253652222e-12,1.89397038726602671e-12,19,6,1,5.76460752303767552e+17
27,3,111,-2.88492057168917175e-12,-2.32251775320764122e-12,-2.32203001246184948e-12,-3.31959744027736094e-12,-5.40962179924045065e-12,1.13330108913370579e-11,1.67426326905775078e-11,1.46526083316144189e-11,3.64529863754014186e-11,-3.92576759983448792e-12,2.35790976215109595e-13,-4.87490472748060607e-13,-9.62387367808807401e-14,-3.00277627603319960e-12,7.32061014009253219e-13,-2.56123987433642589e-13,1.71898326591562839e-14,9.22991323801288313e-13,4.96270037794143574e-13,2.31366485314418018e-13,1.13428569440037027e-13,1.13330108913370579e-11,-3.71184970888209337e-12,-1.39963776181618130e-11,-2.51199754840643606e-11,19,6,1,5.76460752303767552e+17
28,0,112,-2.26107969081178410e-12,-1.09676328527768774e-12,-1.09823677355690055e-12,-2.57905303907947244e-12,-3.83686688406128843e-12,-1.09751086880996911e-12,2.73935601525131931e-12,1.48154217026950333e-12,1.75357882449200659e-11,-3.07325718900581179e-12,1.94592917842020922e-13,-3.82879617796993182e-13,-7.43897275532426214e-14,-1.19679316631619836e-12,1.08589329973541592e-12,3.94403966904704481e-14,1.30983931478690510e-13,1.87646402268961363e-12,8.91300381893395022e-13,4.22320014487463656e-13,2.05373659031933131e-13,-1.09751086880996911e-12,-1.66467574351931465e-11,-1.40983464561680907e-11,-1.86332991137300342e-11,19,6,1,5.76460752303767552e+17
28,1,113,-1.77035712951414119e-12,-7.94979550530866538e-13,-7.96265603149066276e-13,-2.00261624269270592e-12,-4.70945704404292626e-12,3.03348608943505373e-13,5.01280565298643204e-12,2.30596485163621129e-12,1.67481902577466507e-11,-2.40350198578318052e-12,1.59851144951866343e-13,-3.00469626907068201e-13,-5.74501838377656453e-14,-8.62620485273627016e-13,7.56713091184922293e-13,-3.43837068435898182e-14,6.38123596688266872e-14,1.54088150050955361e-12,5.96861946233055900e-13,2.66085920063478395e-13,1.21262543506592345e-13,3.03348608943505373e-13,-1.84025233555862578e-12,-5.14166776223496188e-12,-1.64448416488031458e-11,19,6,1,5.76460752303767552e+17
28,2,114,-1.38480327523299471e-12,-5.21634497888937881e-13,-5.24203201032161822e-13,-1.55428698516314743e-12,-4.98764701689190612e-12,9.88674743432638687e-12,1.48743944512182930e-11,1.14410344194895343e-11,3.40763164714654063e-11,-1.87794263758315698e-12,1.30741050534295826e-13,-2.35610048526199339e-13,-4.43331802456190884e-14,-5.36281813386737161e-13,5.67766848216553274e-13,-4.23288317281111278e-14,4.10761659026622219e-14,1.34166082419641971e-12,4.37025797682257448e-13,1.93281216798088224e-13,8.54093461482813040e-14,9.88674743432638687e-12,-1.47591250404710440e-11,-2.41895690371390194e-11,-4.14161772827233678e-12,19,6,1,5.76460752303767552e+17
28,3,115,-1.08222583393261109e-12,1.42533544027166721e-13,1.43225637762151295e-13,-1.20585543762156815e-12,-5.08339125795060128e-12,2.32109760331373572e-12,7.40448886126433700e-12,3.52695304093530387e-12,1.74761815059225260e-11,-1.46600237383018120e-12,1.06492963924381162e-13,-1.84610270823159338e-13,-3.41878129383045643e-14,4.50238236964984538e-13,8.05825714925961964e-13,1.50834207381569829e-13,1.23961515518651301e-13,1.91624061079516568e-12,6.99332751001580802e-13,3.35444478204729167e-13,1.58149328456955853e-13,2.32109760331373572e-12,-3.54916515869119027e-12,-1.51550839026087902e-11,-1.95177765023029129e-12,19,6,1,5.76460752303767552e+17
29,0,116,-8.45029766806701571e-13,2.66806707146449838e-13,2.67347753469708216e-13,-9.35245054060076135e-13,-6.78925157128799638e-12,-6.62750353200836104e-12,1.61748039279635336e-13,5.69225847794828511e-12,2.82936915517230948e-11,-1.14347070705350537e-12,8.64045004058359556e-14,-1.44544585866680617e-13,-2.63491777557375502e-14,5.74325396073964642e-13,6.27343530876848596e-13,1.13904207821742097e-13,9.05836288125080086e-14,1.71779610312747011e-12,5.40939030471012616e-13,2.58448793688422689e-13,1.16932806568245565e-13,-6.62750353200836104e-12,1.28918256159126519e-11,-1.54018659358104430e-11,-3.76934227958406963e-12,19,6,1,5.76460752303767552e+17
29,1,117,-6.59285196224695043e-13,-9.46836071174131555e-14,-9.33448786326739957e-14,-7.25200708657256721e-13,-1.11130111620351944e-11,1.65363047308037516e-11,2.76493158928389476e-11,1.72615054394610100e-11,3.37503462190239772e-11,-8.91206153370862975e-13,6.98461183142398562e-14,-1.13096183222563831e-13,-2.02986360629281211e-14,-6.64985149172664295e-14,1.39611442381528958e-13,-8.24940215851356571e-14,-1.71536568434812236e-14,8.24707638453596546e-13,6.97653240672891015e-14,3.06021616374281738e-14,3.14497921944689749e-15,1.65363047308037516e-11,1.39352213989896022e-12,-3.91757048691257465e-12,-1.72140414882202256e-11,19,6,1,5.76460752303767552e+17
29,2,118,-5.13979705725116671e-13,7.60510327008184040e-13,7.60221158029786148e-13,-5.62251834549256018e-13,-9.37908826713199411e-12,1.16550812239444626e-11,2.10341694910764567e-11,1.22173330584937193e-11,3.94814948713610063e-11,-6.94096797654462742e-13,5.62618687825821495e-14,-8.84324243068507116e-14,-1.56323305063939626e-14,1.28619436311439051e-12,7.54763254502344948e-13,2.73137660695855722e-13,1.57888746986372473e-13,1.98029116076885325e-12,6.98501385719762823e-13,3.61570085002706433e-13,1.73521077492766449e-13,1.16550812239444626e-11,-2.78264136474165454e-11,-2.71250533781240473e-11,2.71363333757155953e-12,19,6,1,5.76460752303767552e+17
29,3,119,-4.00419546575585473e-13,1.17733228890178770e-12,1.17563758460731390e-12,-4.35894309880978350e-13,-1.35374113791337981e-11,4.74183411208615822e-12,1.82792454912199571e-11,5.17772842196713652e-12,2.69648859595699638e-11,-5.40228891572547082e-13,4.51668918144977199e-14,-6.91052310378555435e-14,-1.20362973099955359e-14,1.91884749971810571e-12,9.31520803505404947e-13,3.80150881279544600e-13,1.99932155670664989e-13,2.45907639129065289e-12,8.86353911690907189e-13,4.49256112317400156e-13,2.11968452980660538e-13,4.74183411208615822e-12,-2.22230518474838048e-11,-1.30528673134702295e-11,-8.45041468670590299e-13,19,6,1,5.76460752303767552e+17
30,0,120,-3.11750892880279484e-13,1.15040209183188208e-12,1.15318694048300161e-12,-3.37945997175626182e-13,-1.83065935917647537e-12,-1.00826022346095667e-11,8.25194287543309218e-12,9.74465623743394031e-12,6.37299707745021594e-12,-4.20222995377552336e-13,3.61428447549753443e-14,-5.39716199791696935e-14,-9.26683860747152801e-15,1.83543859304436112e-12,7.49974188757989118e-13,3.03266004278357855e-13,1.51974464971460936e-13,2.25566158842191360e-12,7.13831344003013735e-13,3.57237624257527542e-13,1.61241303578932474e-13,-1.00826022346095667e-11,-5.61441114891738129e-12,-1.08113717678085229e-11,-4.43837469035830693e-12,19,6,1,5.76460752303767552e+17
30,1,121,-2.42577713880875498e-13,3.87665237342033020e-13,3.87402905011203032e-13,-2.62039892521528194e-13,-1.00147955659504110e-11,2.18787537934412308e-12,1.22026709452945341e-11,2.44991527186565133e-12,2.08346108996230673e-11,-3.26704808865489772e-13,2.88321471164856249e-14,-4.21303800511703214e-14,-7.13507776471465676e-15,5.74905543323813944e-13,3.31023895755334265e-14,-3.60273663413559981e-14,-2.17788127909990676e-14,9.01610352189303766e-13,4.27024245904780159e-15,6.10301370981432331e-15,-1.46437350262844108e-14,2.18787537934412308e-12,-1.29392698514823072e-11,7.89534104814075846e-12,1.80726230898217033e-12,19,6,1,5.76460752303767552e+17
30,2,122,-1.88657270525145967e-13,3.97715237463234763e-13,3.96045899365102246e-13,-2.03226116693672178e-13,-7.16870694642540634e-12,-9.78485593743911140e-12,2.61614899101370505e-12,9.58162982074543907e-12,1.51186386971668235e-11,-2.53884082015556018e-13,2.29316819785533679e-14,-3.28716732550513191e-14,-5.49483262721467385e-15,5.91610212706718576e-13,7.91177209384556043e-14,1.90075042326704541e-14,1.03278633649024533e-14,8.45494294722274595e-13,5.61860389599022364e-14,5.18791774877217732e-14,1.58226959921171272e-14,-9.78485593743911140e-12,5.33378275972771377e-12,-8.13743883604215137e-12,-5.64175461928511266e-12,19,6,1,5.76460752303767552e+17
30,3,123,-1.46657867369702619e-13,-1.86446779466212336e-13,-1.87850034061711575e-13,-1.57659846459291931e-13,-8.59847340789956410e-12,-1.80565912229791455e-11,9.45811781507958136e-12,1.78989313765198526e-11,4.00383901950999690e-11,-1.97220093828409816e-13,1.81864027831441252e-14,-2.56369686625081280e-14,-4.23311389306969361e-15,-3.50499704171215152e-13,-3.66034247640790356e-13,-1.86560781793819666e-13,-9.24286237497278182e-14,-1.53279610342805336e-13,-3.84220650423934481e-13,-1.60923813131311538e-13,-8.81955098566581230e-14,-1.80565912229791455e-11,-1.07694775501545625e-12,-7.54210142932138333e-12,-4.11153379501154252e-11,19,6,1,5.76460752303767552e+17
31,0,124,-1.13966445955864824e-13,-1.04855579759909749e-12,-1.04797678329528111e-12,-1.22356982634091592e-13,-7.49449074078573863e-12,-2.72573137931128507e-11,1.97628230523271120e-11,2.71349568104787590e-11,3.76334990296512590e-11,-1.53156343050546909e-13,1.43831466058363330e-14,-1.99872293059201255e-14,-3.26269546269809754e-15,-1.72616982465286970e-12,-9.64835599013971671e-13,-4.66779570453605845e-13,-2.28577690550819005e-13,-1.57301348160232277e-12,-9.79218745619808073e-13,-4.46792341147685701e-13,-2.25314995088120905e-13,-2.72573137931128507e-11,7.08967924143675055e-12,1.03761852365384083e-11,-6.91074801179906649e-13,19,6,1,5.76460752303767552e+17
31,1,125,-8.85360108449867489e-14,-2.16907519815542231e-12,-2.16904572942818003e-12,-9.50031196300195076e-14,-7.77564875023149100e-12,-1.35210849829350540e-11,5.74543623270356298e-12,1.34260818633050345e-11,2.31257049109749943e-11,-1.18910473878654208e-13,1.13448437807771787e-14,-1.55776824597206666e-14,-2.51631631552820875e-15,-3.50061422512021218e-12,-1.68807904204858769e-12,-8.07385070110474754e-13,-3.91144811336995356e-13,-3.38170375124155787e-12,-1.69942388582936483e-12,-7.91807387650754113e-13,-3.88628495021467145e-13,-1.35210849829350540e-11,-6.96142447050827376e-13,-2.38218473580258201e-11,-2.11163108484592681e-11,19,6,1,5.76460752303767552e+17
31,2,126,-6.87648336873895466e-14,-2.35083321236129521e-12,-2.35070589923654970e-12,-7.38043876800345496e-14,-4.88371664081535907e-12,-3.19044627756121681e-12,1.69327036325414226e-12,3.11664188988118219e-12,3.80015012650219524e-11,-9.23082032605704269e-14,8.92523173207717308e-15,-1.21378350846347023e-14,-1.94216418551493608e-15,-3.73717536408524377e-12,-1.56214954086105990e-12,-7.23034522012101637e-13,-3.37853288301493584e-13,-3.64486716082467368e-12,-1.57107477259313708e-12,-7.10896686927466955e-13,-3.35911124115978663e-13,-3.19044627756121681e-12,-2.73562613124388060e-11,-4.11919475425831725e-11,-1.16047385225650227e-11,19,6,1,5.76460752303767552e+17
31,3,127,-5.34009653588414423e-14,-1.96836400734291117e-12,-1.96865972563679504e-12,-5.73711384705875100e-14,-2.69101940572763690e-12,-3.56908590610959864e-11,3.29998396553683491e-11,3.56334879226253974e-11,5.17846822887886972e-11,-7.16522388234472972e-14,7.00412212856153691e-15,-9.45566298463303823e-15,-1.50036405185996742e-15,-3.07097392761515779e-12,-1.04640284200443352e-12,-4.66497011979359652e-13,-2.06168334330115397e-13,-2.99932168879171033e-12,-1.05340696413299500e-12,-4.57041348994726565e-13,-2.04667970278255424e-13,-3.56908590610959864e-11,-4.12682745424797884e-11,-4.46208370553674912e-11,7.16384523342120602e-12,19,6,1,5.76460752303767552e+17
32,0,128,-4.14668688682493057e-14,-3.27049938171641808e-12,-3.27058163013068803e-12,-4.46273520268202596e-14,-1.25329781434600317e-11,-7.85956092170071279e-12,4.67341722175931892e-12,7.81493356967389283e-12,4.26036128687463717e-11,-5.56189732602441233e-14,5.48322967069272777e-15,-7.36511690761969408e-15,-1.16025264524566508e-15,-5.15008218013094747e-12,-2.01362941934485801e-12,-9.71497631685451317e-13,-4.62491314163046048e-13,-5.09446320687070344e-12,-2.01911264901555065e-12,-9.64132514777831536e-13,-4.61331061517800391e-13,-7.85956092170071279e-12,-1.59306278830053909e-11,2.66729849857409808e-11,2.04077420334987493e-11,19,6,1,5.76460752303767552e+17
32,1,129,-3.22000218397111888e-14,-2.89863068313132489e-12,-2.89831624645253615e-12,-3.47401579707462313e-14,6.16316791351770467e-13,-6.29186077616252950e-12,6.90817756751429977e-12,6.25712061819178320e-12,2.37466045489292422e-11,-4.31771905358659678e-14,4.28254374355327060e-15,-5.73626134235060789e-15,-8.98266547282097420e-16,-4.49791439697792823e-12,-1.48443619091711189e-12,-7.02099139013351987e-13,-3.17695642481010286e-13,-4.45473720644206247e-12,-1.48871873466066521e-12,-6.96362877671001354e-13,-3.16797375933728203e-13,-6.29186077616252950e-12,-1.37997026878322974e-11,9.94690186109694317e-12,-2.78396463691264566e-12,19,6,1,5.76460752303767552e+17
32,2,130,-2.50061727022187188e-14,-2.52179402663416982e-12,-2.52233107117441046e-12,-2.70650640287055160e-14,-1.36208978290064899e-12,5.39161793865201624e-12,6.75370772155266482e-12,5.41868300268072172e-12,2.90696002257707229e-11,-3.35241863239989339e-14,3.33720727303863713e-15,-4.46750026877853731e-15,-6.96308336860560564e-16,-3.86060212319047975e-12,-1.07832126936204208e-12,-5.17646016198894862e-13,-2.26119106230210712e-13,-3.82707793686648053e-12,-1.08165847663508079e-12,-5.13178515930116345e-13,-2.25422797893350147e-13,5.39161793865201624e-12,5.82430567021853798e-12,-1.97304590201053608e-11,9.33914120566536205e-12,19,6,1,5.76460752303767552e+17
32,3,131,-1.94226068033879731e-14,-1.64557062395778109e-12,-1.64405420634092166e-12,-2.11034339136109839e-14,1.13506421969359136e-12,3.77093968154741152e-12,2.63587546185382016e-12,3.79204311546102250e-12,5.83888089120880415e-11,-2.60356426937325797e-14,2.59485768459128737e-15,-3.47945515498137660e-15,-5.40484467602824117e-16,-2.43456979515394752e-12,-3.55622400432517743e-13,-1.81281275807303378e-13,-6.17035217410352049e-14,-2.40853415246021489e-12,-3.58217258117109053e-13,-1.77801820652321992e-13,-6.11630372734323832e-14,3.77093968154741152e-12,3.56523359359788367e-11,-2.27364729761092048e-11,1.17843981862062038e-11,19,6,1,5.76460752303767552e+17
33,0,132,-1.50893183546111507e-14,-1.04423929305132137e-12,-1.04389611392357036e-12,-1.64695055423082217e-14,1.96991933137959671e-11,3.90680380973378183e-11,1.93688447835418511e-11,3.90845076028801266e-11,6.20492586548927524e-11,-2.02263488378090307e-14,2.01338069436538257e-15,-2.71014940512446586e-15,-4.20131675696306497e-16,-1.47966487002165061e-12,1.98659681770435749e-14,-2.58358774393309112e-14,7.35979247989280245e-15,-1.45943852118384167e-12,1.78525874826781912e-14,-2.31257280342064453e-14,7.77992415558910836e-15,3.90680380973378183e-11,-2.29812205575549277e-11,-1.30808707666353600e-11,-1.04162270824924617e-12,19,6,1,5.76460752303767552e+17
33,1,133,-1.17264166180514023e-14,1.16552925207220129e-12,1.16544292644389243e-12,-1.28648307056825543e-14,3.94785852343231953e-12,8.43112589199534484e-12,4.48326736856302531e-12,8.44399072270102705e-12,4.69561582137673072e-11,-1.57194611510579278e-14,1.55902712805911497e-15,-2.11122455358276404e-15,-3.27066945173206013e-16,2.06167361882560050e-12,1.64866347310862503e-12,7.64915868831284101e-13,3.95724136934895964e-13,2.07739307997665830e-12,1.64710444598056589e-12,7.67027093384866860e-13,3.96051203880069185e-13,8.43112589199534484e-12,1.32310035169739240e-11,5.53872841057626521e-11,1.58412932580318322e-11,19,6,1,5.76460752303767552e+17
33,2,134,-9.11644068166770260e-15,1.35731553396787392e-12,1.36028498006565688e-12,-1.00584812307833885e-14,7.44082754976291320e-14,-3.75067414783160267e-11,3.75811497538136588e-11,3.74966829970852460e-11,6.38218375970707144e-11,-1.22224763149715825e-14,1.20484480319082639e-15,-1.64497026971598989e-15,-2.55010398649802145e-16,2.29078815476274998e-12,1.40114746858227610e-12,5.96710024437702878e-13,2.90883782277254600e-13,2.30301063107772152e-12,1.39994262377908534e-12,5.98354994707418872e-13,2.91138792675904379e-13,-3.75067414783160267e-11,2.38963687539930031e-11,6.33538510657173280e-12,-3.99254688430777112e-11,19,6,1,5.76460752303767552e+17
33,3,135,-7.09053331917348978e-15,-7.85263742548952096e-13,-7.85846594939565775e-13,-7.87173095538966933e-15,9.76430457627608697e-13,-1.32868729989330320e-11,1.42633034565606408e-11,1.32790012679776415e-11,1.37144509071131655e-10,-9.50847386098694443e-15,9.29380816504046322e-16,-1.28199550389970445e-15,-1.99141735433239452e-16,-1.23908004934952023e-12,-6.26226186768568642e-13,-4.21676324044373067e-13,-2.24256121795483708e-13,-1.22957157548853323e-12,-6.27155567585072710e-13,-4.20394328540473388e-13,-2.24056980060050460e-13,-1.32868729989330320e-11,-4.72484183979207812e-11,-9.01955044319894125e-11,4.69490046391422357e-11,19,6,1,5.76460752303767552e+17
34,0,136,-5.51764445886367056e-15,-1.26298150375891347e-12,-1.26074705922882074e-12,-6.16620824190566469e-15,-2.38679188307660043e-12,8.78669092185950028e-12,1.11734828049361011e-11,8.79285713010140551e-12,5.36409099135101538e-11,-7.40148919102144909e-15,7.15613679822529700e-16,-9.99404150957434043e-16,-1.55759650988184441e-16,-2.00518557038778240e-12,-9.20655303935134403e-13,-5.13340539505203358e-13,-2.50286990909379652e-13,-1.99778408119676088e-12,-9.21370917614957007e-13,-5.12341135354245898e-13,-2.50131231258391480e-13,8.78669092185950028e-12,2.47632461454449120e-11,-3.41697013217649399e-12,5.02239397813336630e-11,19,6,1,5.76460752303767552e+17
34,1,137,-4.29610976152492449e-15,-5.38664536441368600e-13,-5.39148268761728446e-13,-4.83473710454524050e-15,-4.69991264689702280e-12,-1.60191895847536597e-11,1.13192769378566369e-11,1.60143548476491138e-11,1.21488173778766672e-10,-5.76511978250209416e-15,5.50079183096720033e-16,-7.79367268174032912e-16,-1.22020555463480614e-16,-8.14450761245253913e-13,-2.05119123652434468e-13,-1.18225453444099656e-13,-4.18993293236890837e-14,-8.08685641462751771e-13,-2.05669202835531179e-13,-1.17446086175925630e-13,-4.17773087682256024e-14,-1.60191895847536597e-11,-6.00853322700949067e-11,6.14028415086717655e-11,1.12443623386683180e-11,19,6,1,5.76460752303767552e+17
34,2,138,-3.34708870259865727e-15,-1.19957298049897575e-12,-1.20078462859116414e-12,-3.79425946451948781e-15,-4.97329161476498513e-12,7.42797727999645725e-11,7.92530644147295624e-11,7.42835670594290869e-11,1.44604390674899981e-10,-4.49365887711738860e-15,4.22158313358622881e-16,-6.08006643455848073e-16,-9.57382751690501740e-17,-1.88434924476907027e-12,-7.46619576618185160e-13,-3.87573774350502056e-13,-1.80946743251953276e-13,-1.87985558589195272e-12,-7.47041734931543824e-13,-3.86965767707046212e-13,-1.80851004976784236e-13,7.42797727999645725e-11,-7.03246178749353960e-11,-3.83251012729385903e-11,-2.75075655203686545e-11,19,6,1,5.76460752303767552e+17
34,3,139,-2.60945660639592351e-15,2.75692276800269413e-12,2.75666790289341943e-12,-2.98036713124550810e-15,-1.92409253431168724e-12,3.46218278975625743e-11,3.65459204318742640e-11,3.46248082646938175e-11,9.19288364666781889e-11,-3.50520248361738892e-15,3.23499819751602654e-16,-4.74522554525812950e-16,-7.52305949395685294e-17,4.52592080163398082e-12,2.53445263567564051e-12,1.26611716180410991e-12,6.49475830144027908e-13,4.52942600411759859e-12,2.53412913585588900e-12,1.26659168435863574e-12,6.49551060738967515e-13,3.46218278975625743e-11,-3.09480841301873711e-11,5.23852082886294228e-11,-3.95436281780487662e-11,19,6,1,5.76460752303767552e+17
35,0,140,-2.03583212629174534e-15,3.86784808937049208e-12,3.87012153178620605e-12,-2.34307808532999526e-15,-1.80919462933434722e-11,-3.23583959821882391e-11,1.42664496888447670e-11,3.23560529041029109e-11,7.74489011785113990e-11,-2.73629517312403236e-15,2.47553963090590159e-16,-3.70512848967956805e-16,-5.92017397416304401e-17,6.23116541983552266e-12,2.95797189778848624e-12,1.40852488434997540e-12,6.84930745605038570e-13,6.23390171500864705e-12,2.95772434382539574e-12,1.40889539719894345e-12,6.84989947344780187e-13,-3.23583959821882391e-11,-3.62826791881973138e-11,4.11662219903140917e-11,3.93050033130763738e-11,19,6,1,5.76460752303767552e+17
35,1,141,-1.58949039415988645e-15,1.39445183635946822e-12,1.39575093823320607e-12,-1.84357407821476375e-15,-7.73489000559939960e-12,-5.93645594430550006e-13,7.14124441116884960e-12,5.91802020352335196e-13,6.43745390228161191e-11,-2.13777445442845569e-15,1.89197559206525756e-16,-2.89441773577438256e-16,-4.66524044344068983e-17,2.13440517552959596e-12,4.90038273277863495e-13,1.42045170021932387e-13,3.14201260985406889e-14,2.13654294998402446e-12,4.89849075718656929e-13,1.42334611795509823e-13,3.14667785029750974e-14,-5.93645594430550006e-13,-1.29356127625034602e-12,-2.21909978054836846e-11,-6.49681846172466659e-11,19,6,1,5.76460752303767552e+17
35,2,142,-1.24196623812924085e-15,1.02624351355265466e-12,1.02705106573491976e-12,-1.45168059564162696e-15,-1.36277530284924213e-11,5.34660978944557672e-12,1.89743628179379980e-11,5.34806147004121800e-12,6.83508459673579786e-11,-1.67154772870914699e-15,1.44433593438623467e-16,-2.26225903772288356e-16,-3.68108821467804873e-17,1.52848314068909404e-12,2.11282653476561304e-13,5.81645688987995771e-14,8.02586209219012739e-15,1.53015468841780311e-12,2.11138219883122686e-13,5.83907948025718631e-14,8.06267297433690717e-15,5.34660978944557672e-12,-1.67036175006758345e-11,-6.30042361779124019e-11,-8.31996653625870781e-12,19,6,1,5.76460752303767552e+17
35,3,143,-9.71194501412107059e-16,1.03350734181340861e-12,1.03349936594036435e-12,-1.14391991530762565e-15,-1.06348915448828210e-11,-8.82642655573203959e-11,7.76293740124375732e-11,8.82631216374050877e-11,8.67794525994547689e-11,-1.30809412484682606e-15,1.10151451921718917e-16,-1.76911560096535290e-16,-2.90803404883803010e-17,1.54513925672991863e-12,2.84602313041358046e-13,1.34944215471714318e-13,5.63761608409620558e-14,1.54644735085476537e-12,2.84492161589436329e-13,1.35121127031810849e-13,5.64052411814504356e-14,-8.82642655573203959e-11,-6.40440736252975534e-11,-2.11611860190024849e-11,-1.48481295786562056e-12,19,6,1,5.76460752303767552e+17
36,0,144,-7.60067992296930153e-16,-3.59278803419703849e-12,-3.59441137960267589e-12,-9.02006488845807629e-16,-3.60851952759355795e-12,-6.00335249896797563e-11,5.64250054620861976e-11,6.00326229831909084e-11,1.04697316961993384e-10,-1.02452924696058721e-15,8.39362033310130419e-17,-1.38423640667292188e-16,-2.29984498334407739e-17,-5.92587279469678159e-12,-3.40620135933288552e-12,-1.69018518203355121e-12,-8.53992808749597421e-13,-5.92484826544982133e-12,-3.40628529553621649e-12,-1.69004675839288387e-12,-8.53969810299763930e-13,-6.00335249896797563e-11,4.46637919723136274e-11,-4.99733389881775128e-11,-8.05787376430533706e-12,19,6,1,5.76460752303767552e+17
36,1,145,-5.95319873582700747e-16,-5.78409852627501482e-12,-5.78399396881697532e-12,-7.11683684187517036e-16,9.06619935777935165e-12,4.04772163038943382e-11,3.14110169461149833e-11,4.04779279875785242e-11,8.17790129776531663e-11,-8.03106680652806316e-16,6.39174026192484034e-17,-1.08370157615549875e-16,-1.82064565718349588e-17,-9.34180652010269351e-12,-4.52267539512072656e-12,-2.15503689871856142e-12,-1.04494552351055745e-12,-9.34100341342204045e-12,-4.52273931252334542e-12,-2.15492852856094584e-12,-1.04492731705398565e-12,4.04772163038943382e-11,-4.13017966737588216e-11,1.02977555209647950e-11,-7.93573104300039438e-12,19,6,1,5.76460752303767552e+17
36,2,146,-4.66657883961227921e-16,-2.48170064753588933e-12,-2.48112243088008974e-12,-5.61823974655441926e-16,1.85166460839498337e-11,-2.09161551920709513e-11,3.94328012760207818e-11,2.09155933680962962e-11,1.04643635582724622e-10,-6.30058112595482019e-16,4.86496109892955608e-17,-8.48901903387529336e-17,-1.44254769250729478e-17,-3.84973742177204988e-12,-1.11854250444429989e-12,-3.97918811498320029e-13,-1.36645133635623011e-13,-3.84910736365945401e-12,-1.11859115405528914e-12,-3.97833921307981296e-13,-1.36630708158697931e-13,-2.09161551920709513e-11,-1.33985793663765501e-11,5.39967387862305824e-11,-5.06468967964940333e-11,19,6,1,5.76460752303767552e+17
36,3,147,-3.66093884688406095e-16,-2.92494229627678127e-12,-2.92501997371603472e-12,-4.43732473049857560e-16,1.12758729462193494e-11,4.06987869272453454e-11,2.94229139810259976e-11,4.06992306597183956e-11,8.77839345582317696e-11,-4.94695790162038835e-16,3.70182706959522317e-17,-6.65356557889611259e-17,-1.14383106529341407e-17,-4.53458675939709579e-12,-1.42864336830625878e-12,-6.27123323474386588e-13,-2.76478165084421264e-13,-4.53409206360693336e-12,-1.42868038657695464e-12,-6.27056787818597639e-13,-2.76466726773768321e-13,4.06987869272453454e-11,-1.57517167989064539e-11,4.40310197662444808e-11,-4.37529147919872952e-11,19,6,1,5.76460752303767552e+17
37,0,148,-2.87424801524862872e-16,-2.14153291404576108e-13,-2.14140582245307790e-13,-3.50607461111487173e-16,-1.39315258642340151e-11,-1.20256206317781027e-11,1.90590523245591238e-12,1.20252700243169913e-11,1.30206621949308702e-10,-3.88718105104980357e-16,2.81657753120174943e-17,-5.21794024106378438e-17,-9.07547523553154308e-18,-1.23290982050781852e-13,8.45575925202949337e-13,4.68481104468816469e-13,2.65444233227720734e-13,-1.22902263945676875e-13,8.45547759427637329e-13,4.68533283871227117e-13,2.65453308702956280e-13,-1.20256206317781027e-11,-5.12771054515569906e-11,7.89295164977517178e-11,2.33487651387291230e-11,19,6,1,5.76460752303767552e+17
37,1,149,-2.25830842779693750e-16,-7.14889605521922502e-13,-7.13296795040586505e-13,-2.77122175974441377e-16,-1.48873402118152855e-11,4.47559310468302222e-11,5.96432712586455044e-11,4.47562081690061993e-11,6.26143188331882466e-11,-3.05672370539543450e-16,2.14335698783231655e-17,-4.09437834910824857e-17,-7.20446817540403183e-18,-9.83173083602575274e-13,1.28240219237549555e-13,2.93950467883721919e-14,1.96470158202324626e-14,-9.82867411232035672e-13,1.28218785667671239e-13,2.94359905718632764e-14,1.96542202884078665e-14,4.47559310468302222e-11,-1.12733661382056677e-12,3.23856956625277917e-11,6.14869822193676798e-11,19,6,1,5.76460752303767552e+17
37,2,150,-1.77564518005277854e-16,1.69518669998560864e-12,1.69389445960627333e-12,-2.19100297759866260e-16,-1.31013491747540669e-11,2.70634997754696155e-11,4.01648489502236839e-11,2.70637188757673751e-11,1.42481174776020010e-10,-2.40539195276160735e-16,1.63169319957943202e-17,-3.21451554878630945e-17,-5.72149979674627761e-18,2.88284908109156750e-12,1.92836294794217352e-12,9.09196291966904838e-13,4.58072728240385885e-13,2.88308962028684379e-12,1.92834663101017763e-12,9.09228437122392718e-13,4.58078449740182607e-13,2.70634997754696155e-11,-6.49587463147581602e-11,7.75224284612618496e-11,-1.29995125710902057e-11,19,6,1,5.76460752303767552e+17
37,3,151,-1.39709930076148441e-16,2.68350440643272204e-12,2.68118600331495369e-12,-1.73263889649275221e-16,-2.10883220628149413e-11,3.10842405247004786e-11,5.21725625875154198e-11,3.10844137885901285e-11,1.13257362516886509e-10,-1.89410889859961454e-16,1.24297522812817404e-17,-2.52507546273415292e-17,-4.54511819507561007e-18,4.39500035625887175e-12,2.30423611908289886e-12,1.05074081502320570e-12,5.09041291375112823e-13,4.39518976714873145e-12,2.30422368933061750e-12,1.05076606577783295e-12,5.09045836493307924e-13,3.10842405247004786e-11,-3.08355095676977048e-11,-5.52590175871076534e-11,5.79983449297788553e-11,19,6,1,5.76460752303767552e+17
38,0,152,-1.09996436967174885e-16,3.63114093517489986e-12,3.63013584762886228e-12,-1.37037401568143589e-16,-1.04861335760731803e-11,9.91882451691057125e-11,1.09674378745178891e-10,9.91883822065072864e-11,1.67750202835727394e-10,-1.49242571688611708e-16,9.47717518065815660e-18,-1.98451916629423015e-17,-3.61128481081636051e-18,5.83547838800905734e-12,2.65354461305283923e-12,1.20642673561383683e-12,5.74564129793874032e-13,5.83562763058074575e-12,2.65353513587765854e-12,1.20644658080549969e-12,5.74567741078684890e-13,9.91882451691057125e-11,3.93540714774977597e-11,-6.85619576666216817e-11,4.75560282882778748e-11,19,6,1,5.76460752303767552e+17
38,1,153,-8.66543697342799226e-17,7.71868060572300369e-12,7.71944814062134537e-12,-1.08395092512357289e-16,-1.41348367975760871e-11,-5.89056553687421365e-11,4.47708185711660526e-11,5.89055469736496202e-11,1.31684703697328674e-10,-1.17659469726799270e-16,7.23440014477585382e-18,-1.56044181101542446e-17,-2.86956345606665584e-18,1.23488876219392037e-11,5.55255182837653677e-12,2.65433590143027306e-12,1.28893684490308892e-12,1.23490052814089306e-11,5.55254459397639234e-12,2.65435150584838337e-12,1.28893971446654496e-12,-5.89056553687421365e-11,-7.03096892583103288e-11,3.83915745543383510e-11,-9.32931291429903166e-11,19,6,1,5.76460752303767552e+17
38,2,154,-6.83032782621998320e-17,3.04616718787205611e-12,3.04806921747517181e-12,-8.57421104463397964e-17,-2.91834197054877968e-11,9.18442210875311570e-11,1.21027640793018960e-10,9.18443068296415982e-11,1.53848765026741633e-10,-9.28076735927019965e-17,5.53029679768399800e-18,-1.22754952571371454e-17,-2.28016518633760610e-18,4.62295080456697792e-12,9.61324801535215846e-13,3.09919920622019495e-13,7.88967393134619558e-14,4.62304361224057036e-12,9.61319271238418149e-13,3.09932196117276638e-13,7.88990194786482995e-14,9.18442210875311570e-11,-4.80109498870658871e-11,1.90598090211730800e-11,-6.20045439392104889e-11,19,6,1,5.76460752303767552e+17
38,3,155,-5.38653349099187862e-17,6.84527266311993501e-12,6.84493115707032533e-12,-6.78216903132643958e-17,-2.09345036692574652e-11,5.50707394307882607e-11,7.60052431000457291e-11,5.50708072524785717e-11,1.08945846335027796e-10,-7.32384700786378949e-17,4.23477136877839724e-18,-9.66086939957606641e-18,-1.81165205482509498e-18,1.07529682504135331e-11,4.11491736355416545e-12,1.99452661744053982e-12,9.54904722058458906e-13,1.07530414888836115e-11,4.11491312878279637e-12,1.99453627830993936e-12,9.54906533710513794e-13,5.50707394307882607e-11,2.18441762204904910e-11,-2.26589958745698777e-11,8.62868504604579179e-11,19,6,1,5.76460752303767552e+17
39,0,156,-4.24981978394451509e-17,7.97355492812544268e-12,7.97488401706010852e-12,-5.36426423845961946e-17,-6.01137423726487577e-11,-2.29425890693394380e-13,5.98843164819553633e-11,2.29372248051009801e-13,1.06293425231802615e-10,-5.78186519721781646e-17,3.24904825819606542e-18,-7.60614629149483941e-18,-1.43914901294391696e-18,1.24769896838451359e-11,4.58299656897411909e-12,2.22116983298965657e-12,1.04471633457857248e-12,1.24770475024971082e-11,4.58299331992586121e-12,2.22117743913594814e-12,1.04471777372758533e-12,-2.29425890693394380e-13,-3.98832889474132406e-11,6.64101362843893678e-11,-3.67161968604241208e-11,19,6,1,5.76460752303767552e+17
39,1,157,-3.35429294629228633e-17,6.09110064027562003e-12,6.09367900030834305e-12,-4.24226224295749019e-17,-4.07869345073254145e-11,-1.70721307831326382e-11,2.37148037241927763e-11,1.70720883605102094e-11,1.78586858238729323e-10,-4.56609169500802868e-17,2.49821094130869429e-18,-5.99058292939376209e-18,-1.14294846260858851e-18,9.33171822663095372e-12,2.61668133706178823e-12,1.24145273260968287e-12,5.37006120158948422e-13,9.33176388754790300e-12,2.61667883885084678e-12,1.24145872319261229e-12,5.37007263107411069e-13,-1.70721307831326382e-11,-1.95658989021861948e-10,-1.39042000531030343e-10,-1.60099010834721222e-10,19,6,1,5.76460752303767552e+17
39,2,158,-2.64835659409212988e-17,3.77533208727285029e-12,3.77504805271937307e-12,-3.35436924203177881e-17,-5.33759647950808258e-11,-1.65960042318213667e-12,5.17163643718986891e-11,1.65956687948971642e-12,9.33930221236950376e-11,-3.60698131231190995e-17,1.92548941464730464e-18,-4.71968972559840713e-18,-9.07418844726917448e-19,5.56240116748861891e-12,7.04359330501744108e-13,3.50441131080826536e-13,1.03498659882573197e-13,5.56243723730174231e-12,7.04357405012329450e-13,3.50445850770552126e-13,1.03499567301417930e-13,-1.65960042318213667e-12,-8.13831486240623183e-11,-1.60932340067232969e-11,-9.50526225468771743e-11,19,6,1,5.76460752303767552e+17
39,3,159,-2.09157070344952311e-17,2.73689331001354391e-12,2.73811481718561535e-12,-2.65174653231972013e-17,-5.21302917583599144e-11,3.62028847325337207e-11,8.83331764908936351e-11,3.62029112499990440e-11,2.28892691658231357e-10,-2.84997216890993888e-17,1.48789437776750629e-18,-3.71947199709960644e-18,-7.20149162376837725e-19,3.92850955317737394e-12,1.55486737304319189e-13,1.61082052580528612e-13,3.29199845676462865e-14,3.92853805289906269e-12,1.55485249409941420e-13,1.61085772052525719e-13,3.29207047168086658e-14,3.62028847325337207e-11,1.26859871955820354e-10,-1.02032819702411003e-10,-2.82401171635653119e-11,19,6,1,5.76460752303767552e+17
40,0,160,-1.65220931634550684e-17,3.81598392645914368e-12,3.81594026883618142e-12,-2.09577334871310243e-17,-6.87201238893911308e-11,8.26749418860251941e-12,7.69876180779936502e-11,8.26751514633600623e-12,2.97354297843639444e-10,-2.25221652917859350e-17,1.15288732858300954e-18,-2.93194517789524251e-18,-5.71277007497549704e-19,5.73719659587475162e-12,1.36708581616424895e-12,8.19355096986811707e-13,3.76289976797156197e-13,5.73721911804004332e-12,1.36708466327692044e-12,8.19358028931989638e-13,3.76290548074163712e-13,8.26749418860251941e-12,-1.75314071203222370e-10,1.22040226640417073e-10,7.79378123268639295e-11,19,6,1,5.76460752303767552e+17
40,1,161,-1.30535980771330296e-17,3.28486795523801091e-12,3.28643325505775064e-12,-1.65589483982834590e-17,-3.24650346064914631e-11,-7.13248502156308773e-11,3.88598156091394142e-11,7.13248336566824779e-11,1.33105630276835111e-10,-1.78003467027697149e-17,8.95845597866787844e-19,-2.31164002355586870e-18,-4.52959643883031749e-19,4.90154794941116280e-12,1.02261959856126120e-12,6.37481110097161552e-13,2.76342475518771417e-13,4.90156574975786595e-12,1.02261870271566343e-12,6.37483421737185149e-13,2.76342928478415275e-13,-7.13248502156308773e-11,-6.10302890221156433e-11,-1.03067766023145239e-10,3.00378642536898849e-11,19,6,1,5.76460752303767552e+17
40,2,162,-1.03144219782433576e-17,-1.06279111635134626e-12,-1.06318824276310268e-12,-1.30792817704461317e-17,-4.68213438255525783e-11,7.99155287646675789e-12,5.48128967020193395e-11,7.99156595574852774e-12,1.76325480092736280e-10,-1.40692978500275276e-17,6.98136004343211144e-19,-1.82287758867913070e-18,-3.58956876728316955e-19,-2.09506392578953219e-12,-2.36444121246830568e-12,-1.05834637621888916e-12,-5.72094299658336135e-13,-2.09504985649168231e-12,-2.36444191060430991e-12,-1.05834455334130048e-12,-5.72093940701459369e-13,7.99155287646675789e-12,-1.57892613265864314e-10,1.84328668268719753e-11,-6.02335607768132184e-11,19,6,1,5.76460752303767552e+17
40,3,163,-8.15054516923202453e-18,-5.04630644507266493e-13,-5.05703605823054461e-13,-1.03272784122124348e-17,-3.61770147589046400e-11,-5.89564287976956194e-11,2.27794140387909794e-11,5.89564184704172098e-11,1.67984306881515796e-10,-1.11203861133080535e-17,5.45653449316166961e-19,-1.43764302440012797e-18,-2.84301478546511239e-19,-1.05827709344858713e-12,-1.24690549570343448e-12,-4.30370762210560647e-13,-2.20148773750600660e-13,-1.05826597306247380e-12,-1.24690604135688381e-12,-4.30369324567536230e-13,-2.20148489449122105e-13,-5.89564287976956194e-11,-8.62787697125044463e-11,8.17055371690113622e-11,5.33137631439140225e-11,19,6,1,5.76460752303767552e+17
41,0,164,-6.44071481817962261e-18,-3.35627347831872070e-12,-3.35749696018267537e-12,-8.15132875621514554e-18,-5.57463037527340793e-11,7.24240299002195618e-11,1.28170333652953641e-10,7.24240380515483174e-11,1.31208218980034747e-10,-8.78920799861350006e-18,4.27713933247891259e-19,-1.13392545527230029e-18,-2.25038350947097038e-19,-5.57822625075490693e-12,-3.17906128004636468e-12,-1.40708966738385248e-12,-7.04339453885987779e-13,-5.57821746154690839e-12,-3.17906170776029807e-12,-1.40708853345839712e-12,-7.04339228847636842e-13,7.24240299002195618e-11,-1.04885102372344821e-11,-4.89794114505498906e-11,-5.87841890798151977e-11,19,6,1,5.76460752303767552e+17
41,1,165,-5.08940157384416857e-18,9.51972225529819788e-13,9.53006029955427734e-13,-6.43135773502898362e-18,-2.62279835326825865e-11,-1.14531549235305070e-10,8.83035657026224807e-11,1.14531542803947335e-10,1.60448879912682219e-10,-6.94611894483910028e-18,3.36217196974297209e-19,-8.94420832270399634e-19,-1.78017767453298734e-19,1.52327458907032369e-12,9.29685458071968951e-13,6.68030482733957987e-13,3.57936105769838327e-13,1.52328153518926856e-12,9.29685121854772002e-13,6.68031377154790267e-13,3.57936283787605803e-13,-1.14531549235305070e-10,-2.73843179216597322e-11,4.59173306773771420e-11,-5.81190260532347612e-11,19,6,1,5.76460752303767552e+17
41,2,166,-4.02128954871097612e-18,-4.92993361707166835e-12,-4.93009135952619606e-12,-5.07225790458317981e-18,-4.84401668634850027e-11,4.53008606614117438e-11,9.37410275248967465e-11,4.53008657336696503e-11,3.54217022276826996e-10,-5.48881688332852657e-18,2.65014081847093881e-19,-7.05517646959864206e-19,-1.40731257505091119e-19,-7.99139139804801525e-12,-3.98515775841274214e-12,-1.89574269844543450e-12,-9.57753465488563176e-13,-7.99138590923113207e-12,-3.98515802342682407e-12,-1.89574199292778762e-12,-9.57753324757305627e-13,4.53008606614117438e-11,-1.14669929093742784e-10,6.25602430340930306e-11,-2.91656779242733966e-10,19,6,1,5.76460752303767552e+17
41,3,167,-3.17696116722906820e-18,-1.58692444126379781e-12,-1.58576173001421285e-12,-3.99869686428973712e-18,-2.67311816668985533e-11,-2.37520470794940780e-10,2.10789289128042234e-10,2.37520466796243924e-10,4.41090056252290764e-10,-4.33652766181542642e-18,2.09429044821531188e-19,-5.56503225355917757e-19,-1.11181178989988708e-19,-2.44854557435465086e-12,-6.12047841268520332e-13,-1.57824622745853033e-13,-4.56161224158861469e-14,-2.44854123782698907e-12,-6.12048050697565174e-13,-1.57824066242627680e-13,-4.56160112347071575e-14,-2.37520470794940780e-10,-8.56278896734950386e-11,-2.55214829620863317e-10,1.85875226631427421e-10,19,6,1,5.76460752303767552e+17
42,0,168,-2.50951412726145569e-18,-1.29622299246597591e-11,-1.29621586915354384e-11,-3.15100866091354508e-18,-2.49025929363860742e-12,3.88945960555026022e-11,4.13848553491412088e-11,3.88945992065112619e-11,3.34881213482903732e-10,-3.42544134206456370e-18,1.65900065476467998e-19,-4.38942157748824462e-19,-8.77769556964132840e-20,-2.08135543044320922e-11,-9.80405356250724394e-12,-4.82605957447129779e-12,-2.39692732026824623e-12,-2.08135508789907514e-11,-9.80405372840730976e-12,-4.82605913552914005e-12,-2.39692723249129052e-12,3.88945960555026022e-11,-1.70324074956102656e-10,-2.52117741543542822e-10,8.27634719393609092e-11,19,6,1,5.76460752303767552e+17
42,1,169,-1.98190632369944818e-18,-8.10511327062777275e-12,-8.10436536935202884e-12,-2.48194104579042991e-18,2.22414848602416283e-11,4.87940608585351762e-11,2.65525759982935479e-11,4.87940633404762190e-11,8.34267603258446480e-11,-2.70512645392145212e-18,1.31707235725755177e-19,-3.46189161426421513e-19,-6.92524561805904185e-20,-1.26585156997514783e-11,-4.35985843953149527e-12,-1.94194923857527480e-12,-8.56490097966417738e-13,-1.26585129946250249e-11,-4.35985857123873135e-12,-1.94194889238611345e-12,-8.56490028713961517e-13,4.87940608585351762e-11,-3.46326994673094782e-11,4.85711784680010206e-11,2.66761021839125947e-11,19,6,1,5.76460752303767552e+17
42,2,170,-1.56486994900385958e-18,-3.77945533900715041e-12,-3.77978378711979625e-12,-1.95407908258679429e-18,1.07900262414393847e-11,2.72686555619564475e-11,1.64786293205170628e-11,2.72686575160355299e-11,5.84820451604843341e-11,-2.13570975162861950e-18,1.04768251472383635e-19,-2.73007013238249697e-19,-5.46001601998540962e-20,-5.55939511030076982e-12,-4.96532473866952312e-13,-9.65574780630276959e-14,4.94348289220878108e-14,-5.55939297459101806e-12,-4.96532578635203810e-13,-9.65572050560144624e-14,4.94348835222480091e-14,2.72686555619564475e-11,1.98634445121217868e-11,7.83454896726061145e-11,3.27570859396764093e-11,19,6,1,5.76460752303767552e+17
42,3,171,-1.23527113384093492e-18,-1.46762750310563451e-12,-1.46814909852203953e-12,-1.53780368852238265e-18,1.16492777359151883e-11,1.24467917041734148e-10,1.12818639305818961e-10,1.24467918579537844e-10,3.55230135662856329e-10,-1.68565588766175870e-18,8.34843144848851099e-20,-2.15266667928338731e-19,-4.30186733446358331e-20,-1.86099463236939486e-12,1.02528044707998711e-12,5.07840515240834261e-13,3.04255480736266238e-13,-1.86099294671350704e-12,1.02528036359567267e-12,5.07840730507502208e-13,3.04255523754939596e-13,1.24467917041734148e-10,3.97162926784675728e-11,-1.15501609874474516e-10,2.39728525788381813e-10,19,6,1,5.76460752303767552e+17
43,0,172,-9.74818747970939877e-19,5.12687963676024593e-12,5.12616380213505960e-12,-1.20967356616581188e-18,1.39471248874510316e-12,-3.54879287952806938e-11,3.68826412840257942e-11,3.54879275856071261e-11,2.43753217531177547e-10,-1.33001778903946611e-18,6.66239806162141778e-20,-1.69711714132644862e-19,-3.38708673872624497e-20,8.69953966379916643e-12,5.79942754821667722e-12,2.77842101643761394e-12,1.40591213378715078e-12,8.69954099381695546e-12,5.79942748159269675e-12,2.77842118614932803e-12,1.40591216765801825e-12,-3.54879287952806938e-11,-2.34524407901013616e-10,-2.74097822632179050e-10,-3.03446051010015036e-11,19,6,1,5.76460752303767552e+17
43,1,173,-7.69047140028820044e-19,2.30459345584058210e-12,2.30530997394393793e-12,-9.51142450570127387e-19,-5.30945212777951800e-11,-1.99601765525825912e-10,1.46507244248030732e-10,1.99601764574683470e-10,3.54887589276490315e-10,-1.04905677495238340e-18,5.32355507764077954e-20,-1.33773236679567754e-19,-2.66504873222909915e-20,3.88858845817027860e-12,2.25582185877241138e-12,8.51180959046397314e-13,3.77197119150612094e-13,3.88858950722705339e-12,2.25582180553686046e-12,8.51181092819633997e-13,3.77197145801099408e-13,-1.99601765525825912e-10,-3.13728867456999256e-10,4.11587218194910591e-11,-1.33626684904344059e-10,19,6,1,5.76460752303767552e+17
43,2,174,-6.06514037052546743e-19,-8.06364703972007661e-12,-8.06531060305703017e-12,-7.47542057656541804e-19,-3.26882171193533386e-11,-8.49572894300208812e-11,5.22690723106675426e-11,8.49572886824788269e-11,3.33264766792313521e-10,-8.27153429949213526e-19,4.25809210519973251e-20,-1.05424202149905426e-19,-2.09555100522430146e-20,-1.29878918034816805e-11,-6.59347032243352671e-12,-3.53567613430111801e-12,-1.80277875492229616e-12,-1.29878909763282502e-11,-6.59347036501444769e-12,-3.53567602887691583e-12,-1.80277873396678606e-12,-8.49572894300208812e-11,-2.05952218793404370e-10,-1.91452418531788039e-10,1.27312547998909151e-10,19,6,1,5.76460752303767552e+17
43,3,175,-4.78167616530381890e-19,-1.04586961534209981e-11,-1.04581165134262386e-11,-5.87275662104797312e-19,-1.28192225989978427e-11,-5.05946799020553127e-10,4.93127576421555258e-10,5.05946798433277432e-10,4.48745318290417814e-10,-6.51947360491797316e-19,3.40855633775628539e-20,-8.30648588307642451e-20,-1.64668903423692039e-20,-1.66753428787031632e-11,-7.44459737433961675e-12,-3.71766511671588458e-12,-1.78911428812610695e-12,-1.66753422267558035e-11,-7.44459740842518039e-12,-3.71766503365102543e-12,-1.78911427165921651e-12,-5.05946799020553127e-10,-3.07064764588816843e-10,-1.89034725835870299e-10,-5.72014807301353129e-11,19,6,1,5.76460752303767552e+17
44,0,176,-3.76846727771558195e-19,-3.31135335163921770e-11,-3.31125485310756217e-11,-4.61178702977636528e-19,1.48615302273183818e-11,5.71451295493292395e-11,4.22835993220108578e-11,5.71451300105079444e-11,1.52446788104161176e-10,-5.13657307452272768e-19,2.73006331072948638e-20,-6.54324927693907544e-20,-1.29316072546991836e-20,-5.30775585842576982e-11,-2.46894909384408579e-11,-1.22155601722076315e-11,-5.98562432381719652e-12,-5.30775580706003935e-11,-2.46894909657414920e-11,-1.22155601067751393e-11,-5.98562431088558958e-12,5.71451295493292395e-11,-2.02953378356652369e-11,1.32151450268495952e-10,4.48023403428228431e-11,19,6,1,5.76460752303767552e+17
44,1,177,-2.96886010431022126e-19,-2.27761018244576075e-11,-2.27749736808739278e-11,-3.62011872700259677e-19,1.36338677467827576e-11,-1.09993418084840886e-10,1.23627285831623652e-10,1.09993417722829014e-10,3.47007913668869465e-10,-4.04543506955263719e-19,2.18741982003052431e-20,-5.15303252636017478e-20,-1.01491444544201685e-20,-3.56193910917944681e-11,-1.25821043372861871e-11,-5.74244629443537135e-12,-2.53374400715445188e-12,-3.56193906872509586e-11,-1.25821043591603855e-11,-5.74244624290504600e-12,-2.53374399700530725e-12,-1.09993418084840886e-10,7.29110387884754374e-11,2.06355533359775795e-10,2.37014495584028553e-10,19,6,1,5.76460752303767552e+17
44,2,178,-2.33803726480345013e-19,-2.28640159714225649e-11,-2.28630581322872151e-11,-2.84059305030302157e-19,1.39606873100546086e-11,-7.57306662019618106e-11,8.96913535120164256e-11,7.57306659179025082e-11,5.52942939407909206e-10,-3.18482338967786219e-19,1.75293357001442617e-20,-4.05714642681714973e-20,-7.96071275265824220e-21,-3.54520033798621821e-11,-1.15191448958246428e-11,-5.38358809111302292e-12,-2.39723231616492952e-12,-3.54520030613798425e-11,-1.15191449133539781e-11,-5.38358805054155871e-12,-2.39723230820421682e-12,-7.57306662019618106e-11,-3.63713529297060609e-10,1.89229410110848597e-10,-2.05141459971884252e-10,19,6,1,5.76460752303767552e+17
44,3,179,-1.84054866991866001e-19,-2.11766738037071334e-11,-2.11785417981749485e-11,-2.22810143296711615e-19,3.48129455294468976e-11,1.73300136875816467e-10,1.38487191346369569e-10,1.73300137098626612e-10,3.91655313905577996e-10,-2.50629681603218693e-19,1.40474051671850326e-20,-3.19347030125110544e-20,-6.24066251879965629e-21,-3.25054273213236883e-11,-9.41266029371290286e-12,-4.51153376050457098e-12,-1.98619376266188647e-12,-3.25054270706940050e-11,-9.41266030776030859e-12,-4.51153372856986756e-12,-1.98619375642122395e-12,1.73300136875816467e-10,4.24608231824524550e-10,1.87734373916014348e-10,3.29529179189465535e-11,19,6,1,5.76460752303767552e+17
45,0,180,-1.44835810223705156e-19,-7.49880560588097821e-12,-7.49798211020992738e-12,-1.74706257234875585e-19,4.51291109844782344e-11,4.47780609404177456e-11,3.51050044060488815e-13,4.47780611151240037e-11,2.05774541546175424e-10,-1.97154389804679579e-19,1.12552316812276272e-20,-2.51296480663184681e-20,-4.88964460349558492e-21,-1.02929095447847686e-11,1.88597581574379444e-12,9.46048529618917521e-13,7.16354999229407882e-13,-1.02929093476303780e-11,1.88597580448856272e-12,9.46048554748565575e-13,7.16355004119052520e-13,4.47780609404177456e-11,-1.27334430318015066e-10,7.84401112281603580e-11,-6.93749411657617128e-11,19,6,1,5.76460752303767552e+17
45,1,181,-1.13929719974091592e-19,-3.22757119123218927e-12,-3.22804190340099664e-12,-1.36942433061208729e-19,-2.21491201993993200e-11,2.59837483067729373e-10,2.81986603267128683e-10,2.59837483204671812e-10,5.58812913529812312e-10,-1.55027242703661113e-19,9.01524786009463400e-21,-1.97691984432388443e-20,-3.82916700038664100e-21,-3.67777193175211004e-12,3.64499438133886346e-12,1.44249002450380256e-12,8.34885053068666457e-13,-3.67777177672486727e-12,3.64499437232361583e-12,1.44249004427300097e-12,8.34885056897833440e-13,2.59837483067729373e-10,3.06810322528446057e-10,5.32558897455401492e-10,-2.62540160744107944e-11,19,6,1,5.76460752303767552e+17
45,2,182,-8.95841593126040077e-20,1.06658106746535226e-11,1.06636758591541131e-11,-1.07308181877861007e-19,-5.65809302997080447e-12,7.18166324092906585e-11,7.74747254392614678e-11,7.18166325165988348e-11,1.77966424991614151e-10,-1.21853789562725099e-19,7.21788145100472871e-21,-1.55478199604553749e-20,-2.99726523753917321e-21,1.84306024050639416e-11,1.31425335000774364e-11,5.98703795394682396e-12,3.03933346072200649e-12,1.84306025269177303e-11,1.31425334928595554e-11,5.98703796949464404e-12,3.03933346371927161e-12,7.18166324092906585e-11,2.06783936051060521e-10,8.79049750908270785e-11,2.88175110594463701e-11,19,6,1,5.76460752303767552e+17
45,3,183,-7.04141914943672183e-20,1.20661695012594057e-11,1.20658795784831498e-11,-8.40625495243801652e-20,-4.98347220670900502e-11,-1.36787719079873085e-10,8.69529970127830285e-11,1.36787718995810545e-10,4.80315397068362032e-10,-9.57419525193105655e-20,5.77565239207770805e-21,-1.22243905329567001e-20,-2.34506105773766926e-21,2.00667670043954855e-11,1.12472802334078962e-11,4.77456151266584675e-12,2.30136859269326557e-12,2.00667671001374377e-11,1.12472802276322432e-11,4.77456152489023688e-12,2.30136859503832665e-12,-1.36787719079873085e-10,9.06703081257417982e-11,3.43527677988488921e-10,-7.15030684201797295e-11,19,6,1,5.76460752303767552e+17
46,0,184,-5.53256535691086467e-20,2.69307334465984502e-12,2.69371058120833438e-12,-6.58350876079605190e-20,-3.95972592858750918e-13,2.26340232822286478e-11,2.30299958750873987e-11,2.26340233480637362e-11,3.97348136399256080e-10,-7.51971575844877969e-20,4.61857583962576000e-21,-9.60865226949074926e-21,-1.83402919274294879e-21,4.40483713544753549e-12,1.45977713606262266e-12,-1.10349023446289522e-13,-1.76320252416612343e-13,4.40483721064469290e-12,1.45977713144404678e-12,-1.10349013837637247e-13,-1.76320250582583162e-13,2.26340232822286478e-11,-3.14262870864188439e-10,-3.08455110760568619e-11,8.30852655350676674e-11,19,6,1,5.76460752303767552e+17
46,1,185,-4.34544017938882474e-20,3.20543188709460787e-12,3.20548429892352364e-12,-5.15475562125652890e-20,-1.61060752587110593e-11,8.19403749768719980e-11,9.80464502355830605e-11,8.19403750284195544e-11,3.90025308363149713e-10,-5.90392744022979988e-20,3.69056680968204219e-21,-7.55051065246565345e-21,-1.43382823978579288e-21,5.09898677098552732e-12,1.67114658563257540e-12,3.17056973044537898e-13,1.27384957124040002e-13,5.09898683002480198e-12,1.67114658194200852e-12,3.17056980595048537e-13,1.27384958557868232e-13,8.19403749768719980e-11,-3.08084933386277690e-10,-1.51819841961350579e-10,6.81227312166476233e-11,19,6,1,5.76460752303767552e+17
46,2,186,-3.41182060741365461e-20,6.51804204766621444e-12,6.51902635669861104e-12,-4.03520492759800444e-20,-2.05664257443805934e-11,-8.79883526390039282e-11,6.74219268946233348e-11,8.79883525986518736e-11,5.92265069672933430e-10,-4.63368367218852213e-20,2.94661626304813805e-21,-5.93158181315658213e-21,-1.12058062162744322e-21,1.03601922001099453e-11,4.17806875713842679e-12,1.77490620725595239e-12,8.83775315709327003e-13,1.03601922464467825e-11,4.17806875419181073e-12,1.77490621318753410e-12,8.83775316829907629e-13,-8.79883526390039282e-11,3.55013788773107958e-10,2.19238325655320780e-12,-2.37251280899825472e-10,19,6,1,5.76460752303767552e+17
46,3,187,-2.67786637589763837e-20,6.62285688747951732e-13,6.61710852995819170e-13,-3.15821236560720570e-20,-3.84681440532707663e-11,-3.18764473166648029e-10,2.80296329113377250e-10,3.18764473135065912e-10,6.42580021031672434e-10,-3.63549570807919082e-20,2.35056401513839843e-21,-4.65851539127997927e-21,-8.75509798909020090e-22,7.54515673529920547e-13,-1.08996258827616664e-12,-7.82259188781458750e-13,-4.20541029496308270e-13,7.54515709884877630e-13,-1.08996259062673061e-12,-7.82259184122943340e-13,-4.20541028620798479e-13,-3.18764473166648029e-10,2.17003459108984057e-10,9.69327340816883084e-11,3.23815547865024404e-10,19,6,1,5.76460752303767552e+17
47,0,188,-2.10110506701142875e-20,-1.53335311412961292e-11,-1.53339797502895636e-11,-2.47142198919479999e-20,4.25538296546173190e-11,2.49562629471429257e-10,2.07008799816811932e-10,2.49562629496143501e-10,4.79646892493626837e-10,-2.85140938694448631e-20,1.87333551461402543e-21,-3.65772006626601516e-21,-6.83861458189552754e-22,-2.50451035754523919e-11,-1.35764148216970976e-11,-6.83771870832123393e-12,-3.40809075311089532e-12,-2.50451035469382968e-11,-1.35764148235704339e-11,-6.83771870466351396e-12,-3.40809075242703385e-12,2.49562629471429257e-10,2.52633802094635403e-10,-9.78968008974917468e-11,3.81750091596135090e-10,19,6,1,5.76460752303767552e+17
47,1,189,-1.64804601582666495e-20,3.99243147043117919e-13,4.00103205946233586e-13,-1.93372242075805647e-20,1.61791904826854527e-10,-3.14195503098195237e-10,4.75987407925049765e-10,3.14195503078858029e-10,6.75860092581305681e-10,-2.23574183361870192e-20,1.49154084375589958e-21,-2.87119733241792815e-21,-5.34050242681440055e-22,8.46422597652851009e-13,1.59253515637648899e-12,1.12451904548175976e-12,7.24065219159610338e-13,8.46422620010269379e-13,1.59253515488494805e-12,1.12451904835295718e-12,7.24065219693660537e-13,-3.14195503098195237e-10,5.49510089647868526e-12,3.61664589483110443e-10,5.26054970755802081e-12,19,6,1,5.76460752303767552e+17
47,2,190,-1.29229234999543823e-20,-1.51941502629594625e-11,-1.51944048411093751e-11,-1.51284672567322523e-20,9.96789384301406969e-11,1.53483752145004830e-10,5.38048137148641328e-11,1.53483752160133291e-10,8.68607795877888399e-10,-1.75249958711606255e-20,1.18635788231506429e-21,-2.25325097613503509e-21,-4.16985462858503060e-22,-2.43988131650354480e-11,-1.14597462047455341e-11,-5.61420639906229274e-12,-2.75573277523383119e-12,-2.43988131475104506e-11,-1.14597462059318921e-11,-5.61420639680904144e-12,-2.75573277481684573e-12,1.53483752145004830e-10,-3.33804287496674421e-10,-7.15124043732883621e-10,-5.04087602339549175e-10,19,6,1,5.76460752303767552e+17
47,3,191,-1.01304761116091815e-20,-4.15944275981790592e-12,-4.15921549728074829e-12,-1.18348091814513088e-20,1.70388681358134645e-10,-1.82681081252564433e-11,1.88656789483391088e-10,1.82681081134216342e-11,1.02583536676687658e-09,-1.37333657771890241e-20,9.42639404694882776e-22,-1.76788853877389426e-21,-3.25538711741203207e-22,-6.20522500360477894e-12,-7.70189059118735907e-13,-9.05297150903951052e-14,1.04938703786295068e-13,-6.20522498987141346e-12,-7.70189060061375262e-13,-9.05297133225065722e-14,1.04938704111833780e-13,-1.82681081252564433e-11,1.00756725864162019e-09,7.37367334182765331e-10,3.43789856373980689e-10,19,6,1,5.76460752303767552e+17
48,0,192,-7.93934884315811380e-21,-4.01994263998402807e-12,-4.02203573230204515e-12,-9.25774159790188866e-21,2.22864762676487552e-10,1.15052977262495104e-10,1.07811785413992449e-10,1.15052977271752844e-10,1.12166913378240408e-09,-1.07593969417166109e-20,7.48197404467485641e-22,-1.38676958944369625e-21,-2.54123888461194115e-22,-5.99082577734545469e-12,-9.49623417936183021e-13,-3.85436088307109653e-13,-1.19100741603801462e-13,-5.99082576658605797e-12,-9.49623418684380405e-13,-3.85436086920340044e-13,-1.19100741349677582e-13,1.15052977262495104e-10,-6.20724874886892260e-11,-6.71349675401144198e-10,4.50319458381259939e-10,19,6,1,5.76460752303767552e+17
48,1,193,-6.22063381355014629e-21,2.68098263282288904e-12,2.68209113892935334e-12,-7.24166011668434205e-21,1.34524076599307933e-10,-1.59651981667978833e-10,2.94176058267286766e-10,1.59651981660737177e-10,3.09348082765912573e-10,-8.42752933351071082e-21,5.93228242841023568e-22,-1.08758606801488873e-21,-1.98366183603200595e-22,4.81487374787598578e-12,4.23279028987204536e-12,2.09411907013675137e-12,1.09301442514395945e-12,4.81487375630351512e-12,4.23279028927881712e-12,2.09411907122433757e-12,1.09301442534232568e-12,-1.59651981667978833e-10,-1.41176048823390953e-10,-1.63069657048679050e-10,-4.50524131589303526e-10,19,6,1,5.76460752303767552e+17
48,2,194,-4.87290916557973581e-21,-5.72373050118843374e-12,-5.72550339833354260e-12,-5.66463786659244701e-21,1.45858714090369167e-10,3.22368997335995857e-10,1.76510283245626690e-10,3.22368997341660493e-10,1.30890752876481724e-09,-6.59969567003517716e-21,4.69850103059164670e-22,-8.52784003396718860e-22,-1.54841405616253091e-22,-8.96682621177783286e-12,-3.62287841279175636e-12,-2.00934670021247458e-12,-1.02539502220039430e-12,-8.96682620517813680e-12,-3.62287841326160666e-12,-2.00934669935969054e-12,-1.02539502204555279e-12,3.22368997335995857e-10,6.02594889190395582e-10,-7.06312639574421766e-10,3.02672159136564843e-10,19,6,1,5.76460752303767552e+17
48,3,195,-3.81641408790143636e-21,1.15695030984069835e-11,1.15707383626173784e-11,-4.43117069956426985e-21,1.75184988565695709e-10,-5.61972920898623845e-10,7.37157909464319553e-10,5.61972920894192638e-10,7.86490318689879312e-10,-5.16736390350799003e-21,3.71730298714489854e-22,-6.68554913840993855e-22,-1.20870873821449693e-22,1.90435746413762868e-11,1.07589830813175827e-11,5.29523037798983308e-12,2.68924126149010404e-12,1.90435746465436517e-11,1.07589830809458522e-11,5.29523037865838807e-12,2.68924126161097500e-12,-5.61972920898623845e-10,-5.50335843885941553e-10,2.24517397791255468e-10,-1.00577582300333554e-10,19,6,1,5.76460752303767552e+17
49,0,196,-2.98845027943936581e-21,-1.87694888220085255e-11,-1.87706794100457351e-11,-3.46647585024957294e-21,6.85860588451573394e-12,-7.69771050110111433e-10,7.76629655994627145e-10,7.69771050106644926e-10,1.08732730756629280e-09,-4.04525724259373531e-21,2.93784675488222156e-22,-5.24040216212353691e-22,-9.43601663968537040e-23,-3.03857412835935754e-11,-1.57972732500384195e-11,-8.25231284379697868e-12,-4.21882618866167332e-12,-3.03857412795483197e-11,-1.57972732503322044e-11,-8.25231284327293876e-12,-4.21882618856731333e-12,-7.69771050110111433e-10,3.17556257456181310e-10,2.32354273630395594e-10,-4.82620627376434817e-10,19,6,1,5.76460752303767552e+17
49,1,197,-2.33975330405933483e-21,-5.26875186518586119e-11,-5.26889154983750799e-11,-2.71201380349364017e-21,2.54101164995350005e-10,2.91421280873848568e-10,3.73201158784985636e-11,2.91421280876560583e-10,1.06040635274881768e-09,-3.16640050864839743e-21,2.31934994478953771e-22,-4.10703846396022316e-22,-7.36724485263002681e-23,-8.47231995929993682e-11,-4.05088395208787267e-11,-2.00909053447879020e-11,-9.89706030521097493e-12,-8.47231995898329725e-11,-4.05088395211106604e-11,-2.00909053443771972e-11,-9.89706030513730254e-12,2.91421280873848568e-10,4.40056330016048304e-10,-3.90888968710197427e-10,-6.20350022732769328e-10,19,6,1,5.76460752303767552e+17
49,2,198,-1.83163063394781272e-21,-2.63713154040396934e-11,-2.63712457850814232e-11,-2.12197275685129390e-21,2.75586528759479176e-10,-7.56594212566330392e-11,3.51245950016112189e-10,7.56594212545110624e-11,9.64098363467887039e-10,-2.47821467094802120e-21,1.82913038754601475e-22,-3.21837683040879817e-22,-5.75290427883098818e-23,-4.09277083987219573e-11,-1.28584539802809019e-11,-5.50243513071692687e-12,-2.22335500794024228e-12,-4.09277083962437435e-11,-1.28584539804638154e-11,-5.50243513039508899e-12,-2.22335500788271324e-12,-7.56594212566330392e-11,-7.84644883438411565e-11,-7.86090425349052127e-11,8.85489320932981852e-10,19,6,1,5.76460752303767552e+17
49,3,199,-1.43370548647374490e-21,-2.38433770077991786e-11,-2.38446645873828070e-11,-1.66051014552474403e-21,2.78470896029162068e-10,5.18156898992723083e-10,2.39686002963561015e-10,5.18156898994383544e-10,1.01265203068687192e-09,-1.93943934053031081e-21,1.44102428644025553e-22,-2.52171792311970938e-22,-4.49314418945062788e-23,-3.65493800660329202e-11,-1.00538862447632532e-11,-4.52152779736293121e-12,-1.88106706325016325e-12,-3.65493800640934790e-11,-1.00538862449073555e-11,-4.52152779711075906e-12,-1.88106706320523176e-12,5.18156898992723083e-10,-4.94495131694148837e-10,4.82465615430824612e-10,4.55269783552522327e-10,19,6,1,5.76460752303767552e+17
50,0,200,-1.12213910276567844e-21,7.56292222109848341e-12,7.56279677864729842e-12,-1.29958923846725616e-21,2.81749335763093832e-10,1.62749646833124548e-10,1.18999688929969284e-10,1.62749646834424126e-10,4.53895628871322628e-10,-1.51770894253228124e-21,1.13410905144744877e-22,-1.97567383384403215e-22,-3.51001839847019475e-23,1.43326873722930822e-11,1.54458106487297793e-11,7.86789284211746590e-12,4.22619592716302396e-12,1.43326873738107906e-11,1.54458106486163683e-11,7.86789284231503282e-12,4.22619592719812421e-12,1.62749646833124548e-10,3.44644751354990939e-10,6.16645275704447150e-10,2.73995529820244995e-10,19,6,1,5.76460752303767552e+17
50,1,201,-8.78230706283770023e-22,1.43615932219449028e-11,1.43594838223289428e-11,-1.01728321215057749e-21,2.31536216034777719e-10,8.20806461692947164e-10,5.89270245658169445e-10,8.20806461693964493e-10,1.19303347590183887e-09,-1.18764470528904322e-21,8.91672500832861663e-23,-1.54775007872699998e-22,-2.74269775942675895e-23,2.45751715065993651e-11,1.67685763163736261e-11,7.72656386918427887e-12,3.84265332082227574e-12,2.45751715077870091e-11,1.67685763162844587e-11,7.72656386933905373e-12,3.84265332084970275e-12,8.20806461692947164e-10,5.81495095784926754e-10,-3.72227014208891706e-10,1.44156455802021241e-10,19,6,1,5.76460752303767552e+17
50,2,202,-6.87315452077690925e-22,5.20421057611972251e-11,5.20405909244090374e-11,-7.96446265101203676e-22,2.39500858135869499e-10,2.16527132474548916e-10,2.29737256613205834e-11,2.16527132475345362e-10,2.66952610207937115e-10,-9.29353464773494305e-22,7.00381363627016697e-23,-1.21244208007130388e-22,-2.14372288899999754e-23,8.47001265254972035e-11,4.34697256196730460e-11,2.07279884461393634e-11,1.02050066269308641e-11,8.47001265264265539e-11,4.34697256196030071e-11,2.07279884462606068e-11,1.02050066269523014e-11,2.16527132474548916e-10,2.10157585273425711e-11,6.76363965235945217e-11,2.87968368735279686e-10,19,6,1,5.76460752303767552e+17
50,3,203,-5.37897371808574074e-22,5.12075151915613461e-11,5.12075079545517304e-11,-6.23672761988412943e-22,1.21560559710501111e-10,9.56912829486113579e-10,8.35352269775612468e-10,9.56912829486737273e-10,1.59646958974025867e-09,-7.27247144935996042e-22,5.49611028808358949e-23,-9.49737211654529849e-23,-1.67607291669981095e-23,8.17838397458957455e-11,3.52291717008531277e-11,1.59533567926570042e-11,7.46233551498120875e-12,8.17838397466229924e-11,3.52291717007981655e-11,1.59533567927519781e-11,7.46233551499796885e-12,9.56912829486113579e-10,-5.77153218769993999e-10,4.24507115963070553e-10,1.01931637097026457e-09,19,6,1,5.76460752303767552e+17
51,0,204,-4.20967540707321260e-22,8.68738447251504710e-11,8.68732690895293634e-11,-4.88482288998332071e-22,4.98085463167751111e-11,4.97999943885019264e-10,4.48191397568244159e-10,4.97999943885507714e-10,1.77141235471474204e-09,-5.69114877082523341e-22,4.30905734563045077e-23,-7.43936429359324508e-23,-1.31087389017794435e-23,1.38255724712002261e-10,5.91003593562892970e-11,2.79932877088845463e-11,1.34186821897705263e-11,1.38255724712571388e-10,5.91003593562462060e-11,2.79932877089589408e-11,1.34186821897836352e-11,4.97999943885019264e-10,-1.19770611675480283e-09,-1.27341241082972278e-09,-8.30729446993496791e-10,19,6,1,5.76460752303767552e+17
51,1,205,-3.29468158787811050e-22,9.15993043229591876e-11,9.16009013374604112e-11,-3.82681812541199080e-22,2.39557634127985484e-10,-4.02378938175962880e-10,6.41936572303948415e-10,4.02378938175580205e-10,1.47685660300666086e-09,-4.45394048742778993e-22,3.37544236683239911e-23,-5.82727642835859146e-23,-1.02560821649374242e-23,1.44112146051946314e-10,5.48750531446104574e-11,2.56227569924457598e-11,1.19230364776505598e-11,1.44112146052391699e-10,5.48750531445767045e-11,2.56227569925040340e-11,1.19230364776608155e-11,-4.02378938175962880e-10,8.22973523382753169e-11,1.07447766483069809e-09,1.18318861130411402e-10,19,6,1,5.76460752303767552e+17
51,2,206,-2.57871520203348129e-22,5.03264913601231990e-11,5.03244754864860812e-11,-2.99866613892210557e-22,6.41590011583281722e-11,-1.34226117825326148e-09,1.40642017941158958e-09,1.34226117825296162e-09,1.82624185305789095e-09,-3.48597906204630903e-22,2.64190721729361499e-23,-4.56457311616270779e-23,-8.02716285256811978e-24,7.59604343548931503e-11,1.55516367282460226e-11,6.23968026989522417e-12,2.12288906550432233e-12,7.59604343552417423e-11,1.55516367282196045e-11,6.23968026994087016e-12,2.12288906551234937e-12,-1.34226117825326148e-09,-9.33824156394006736e-10,4.83980674804629582e-10,-1.14873156890015335e-09,19,6,1,5.76460752303767552e+17
51,3,207,-2.01849394481091814e-22,-2.85197393950857623e-11,-2.85199759800348209e-11,-2.35029919371186420e-22,1.64158293105762481e-10,-6.96776459578887929e-10,8.60934752684650359e-10,6.96776459578652906e-10,9.31060407926693978e-10,-2.72866295804876180e-22,2.06614559624420840e-23,-3.57558066275988524e-23,-6.28504865856280206e-24,-5.14452505864781745e-11,-4.65389750564741129e-11,-2.34925428135848151e-11,-1.23785265326369646e-11,-5.14452505862053083e-11,-4.65389750564947730e-11,-2.34925428135490589e-11,-1.23785265326306799e-11,-6.96776459578887929e-10,6.22838914293314960e-11,-8.68776516497362508e-10,-7.25234531758753438e-11,19,6,1,5.76460752303767552e+17
52,0,208,-1.58013520990634180e-22,-5.77262254139745147e-11,-5.77260475571532045e-11,-1.84257630945539895e-22,-3.15818235218571307e-10,1.78702659186621023e-10,4.94520894405192330e-10,1.78702659186805278e-10,2.03007369422068773e-09,-2.13613210052210400e-22,1.61465596722010454e-23,-2.80099091679608378e-23,-4.92295321685032315e-24,-9.65058151930932480e-11,-5.83548514610490956e-11,-2.72582730603732274e-11,-1.34425337003107741e-11,-9.65058151928796286e-11,-5.83548514610652386e-11,-2.72582730603452164e-11,-1.34425337003058514e-11,1.78702659186621023e-10,1.79177493020848689e-09,-2.38298764012200996e-10,1.12907245412826619e-10,19,6,1,5.76460752303767552e+17
52,1,209,-1.23712008728199089e-22,-3.65728001113489118e-11,-3.65747930526600792e-11,-1.44489658817911274e-22,5.27786407226774196e-11,-1.37471488631932066e-09,1.42749352704199800e-09,1.37471488631917611e-09,2.11085990108807861e-09,-1.67250396939458604e-22,1.26094212918079861e-23,-2.19433063507770754e-23,-3.85759190018976106e-24,-5.98563623209813693e-11,-2.93433982500162732e-11,-1.16640087402725537e-11,-5.19189476250284013e-12,-5.98563623208141237e-11,-2.93433982500288812e-11,-1.16640087402506108e-11,-5.19189476249898291e-12,-1.37471488631932066e-09,1.72205978859747861e-10,7.36145014768758051e-10,6.04193416737780707e-10,19,6,1,5.76460752303767552e+17
52,2,210,-9.68696637259253003e-23,-9.65247910490535031e-11,-9.65234569123124366e-11,-1.13333360493033427e-22,-1.26293774813888833e-10,-4.81215080786191251e-11,7.81722667352697080e-11,4.81215080785057949e-11,9.36338658264249085e-10,-1.30970704798498457e-22,9.84074159163928453e-24,-1.71918995605218210e-23,-3.02400069976586207e-24,-1.55421243636653561e-10,-7.26491286711511782e-11,-3.38118419534798868e-11,-1.64085275632366794e-11,-1.55421243636522582e-10,-7.26491286711610139e-11,-3.38118419534626970e-11,-1.64085275632336550e-11,-4.81215080786191251e-11,7.67737597420656399e-10,-1.68601060843592583e-10,5.72174880336743909e-10,19,6,1,5.76460752303767552e+17
52,3,211,-7.58628157057476880e-23,-7.71247087131844141e-11,-7.71250552931200495e-11,-8.89177328492336501e-23,1.74487601441406311e-10,1.55306517546092572e-10,1.91810838953137382e-11,1.55306517546181494e-10,2.41580761547444844e-09,-1.02578316967030417e-22,7.67539112888699054e-24,-1.34704746360380625e-23,-2.37149702397887972e-24,-1.21564946358372191e-10,-4.55839161549036815e-11,-1.98402334040457001e-11,-8.98380580885906949e-12,-1.21564946358269621e-10,-4.55839161549113587e-11,-1.98402334040322293e-11,-8.98380580885669781e-12,1.55306517546092572e-10,-5.31434918037775687e-10,-1.41287183310038273e-09,1.00293578237406571e-09,19,6,1,5.76460752303767552e+17
53,0,212,-5.94212263760068457e-23,-5.14762390044120584e-11,-5.14767076073680714e-11,-6.97794686014427659e-23,5.62197995993408082e-10,-2.00027900281846422e-10,7.62225896275254505e-10,2.00027900281776655e-10,1.80903161272216107e-09,-8.03557755538896292e-23,5.98324402386304582e-24,-1.05556394276826944e-23,-1.86053136331894467e-24,-7.87489532667328632e-11,-1.98969689698149375e-11,-7.82064800383328851e-12,-3.06233519155596311e-12,-7.87489532666525104e-11,-1.98969689698209216e-11,-7.82064800382273226e-12,-3.06233519155410276e-12,-2.00027900281846422e-10,1.21211271259196315e-09,5.58151581817242795e-10,-5.96918900130197922e-10,19,6,1,5.76460752303767552e+17
53,1,213,-4.65512468631978309e-23,-4.88976339566261624e-11,-4.88994745911333291e-11,-5.47739211104859347e-23,3.56798392315931968e-10,1.82655626365792898e-09,1.46975787134199707e-09,1.82655626365798378e-09,2.63936956646736441e-09,-6.29598563650068973e-23,4.66187760420268032e-24,-8.27244214631259453e-24,-1.46023369390893481e-24,-7.42932358921805646e-11,-1.80628461276413696e-11,-8.20659776879876722e-12,-3.54181397380592410e-12,-7.42932358921176084e-11,-1.80628461276460321e-11,-8.20659776879049541e-12,-3.54181397380446401e-12,1.82655626365792898e-09,-1.33666872703666384e-10,1.87235968985961049e-09,-7.67009876607754129e-10,19,6,1,5.76460752303767552e+17
53,2,214,-3.64756405740200173e-23,5.34525393087161596e-11,5.34517254797479799e-11,-4.30055359204283005e-23,5.00006036828461579e-10,-1.34238720695266014e-11,5.13429908897988181e-10,1.34238720694835961e-11,1.35163619125967725e-09,-4.93400600633076264e-23,3.63076621590997457e-24,-6.48387934178708036e-24,-1.14650148918266361e-24,9.11883435600530031e-11,6.40017811080021285e-11,3.19884578029186995e-11,1.64575084648358156e-11,9.11883435601023496e-11,6.40017811079984966e-11,3.19884578029251812e-11,1.64575084648369627e-11,-1.34238720695266014e-11,-9.19589742916253173e-10,1.17047566251584634e-10,4.32046448343424079e-10,19,6,1,5.76460752303767552e+17
53,3,215,-2.85864710706706596e-23,4.18019001292553316e-11,4.18010948569113500e-11,-3.37734935715055500e-23,2.10835315863780106e-10,7.21792391286484583e-10,5.10957075422704451e-10,7.21792391286518394e-10,2.73319902132691166e-09,-3.86748248219429515e-23,2.82666983265980797e-24,-5.08267163341208723e-24,-9.00509842676615438e-25,6.97018400863161982e-11,4.03441465608328582e-11,1.78271705753407667e-11,8.45146245482194580e-12,6.97018400863548689e-11,4.03441465608300342e-11,1.78271705753458493e-11,8.45146245482284568e-12,7.21792391286484583e-10,-1.70449551772768373e-09,-4.29787634631146395e-10,1.02870350359922792e-09,19,6,1,5.76460752303767552e+17
54,0,216,-2.24082283214559512e-23,6.85606831145779246e-11,6.85606495518515425e-11,-2.65292368578951381e-23,4.37125748058357510e-10,-9.80545519859433361e-11,5.35180300044300794e-10,9.80545519859168017e-11,2.03944393508006570e-09,-3.03216197709065773e-23,2.19997668644086996e-24,-3.98481856958582835e-24,-7.07550495465129859e-25,1.11156247889933060e-10,5.38902535430303637e-11,2.42975008427487501e-11,1.15849570194013507e-11,1.11156247889963381e-10,5.38902535430281665e-11,2.42975008427527341e-11,1.15849570194020583e-11,-9.80545519859433361e-11,-1.49852975984337538e-09,4.65780514344767218e-10,5.40914175236690426e-10,19,6,1,5.76460752303767552e+17
54,1,217,-1.75689752521697522e-23,4.83732810323610090e-11,4.83745969425197049e-11,-2.08432823784381514e-23,2.06680694123462578e-10,1.92754458563423225e-09,1.72086389151076965e-09,1.92754458563425293e-09,2.56537199273323033e-09,-2.37779070487690767e-23,1.71180654683416583e-24,-3.12454884253200742e-24,-5.56127098861151871e-25,7.64993546053187744e-11,2.86232279858911901e-11,1.15269971920342116e-11,5.00980452611088751e-12,7.64993546053425558e-11,2.86232279858894776e-11,1.15269971920373361e-11,5.00980452611144328e-12,1.92754458563423225e-09,1.60566255489421531e-09,-6.37827407098997873e-10,6.53176001906702369e-10,19,6,1,5.76460752303767552e+17
54,2,218,-1.37777748796041467e-23,1.32555259434628342e-10,1.32554588275089908e-10,-1.63792846505057737e-23,1.82112586944044882e-10,-8.30004403596118273e-11,2.65113027303656709e-10,8.30004403595954517e-11,1.63593018061149051e-09,-1.86506111416420557e-23,1.33171957859624025e-24,-2.45036454675503164e-24,-4.37250075847889347e-25,2.11572960405439400e-10,9.34322305570314269e-11,4.48031910786157527e-11,2.18353225657256099e-11,2.11572960405458063e-10,9.34322305570300957e-11,4.48031910786182020e-11,2.18353225657260462e-11,-8.30004403596118273e-11,1.04809706369962491e-09,-5.87833116911865699e-10,4.68789149076071650e-10,19,6,1,5.76460752303767552e+17
54,3,219,-1.08070341098849113e-23,9.81814779759279753e-11,9.81830638177058608e-11,-1.28737655240123526e-23,-6.72315791834299734e-11,1.25707901664505629e-09,1.32431059582848633e-09,1.25707901664506911e-09,2.49036411079890714e-09,-1.46322452277350410e-23,1.03590661170201369e-24,-1.92194299893447907e-24,-3.43886954094182592e-25,1.53167074707709938e-10,5.23234426088418791e-11,2.34724465675545492e-11,1.04903869521662612e-11,1.53167074707724569e-10,5.23234426088408451e-11,2.34724465675564717e-11,1.04903869521666053e-11,1.25707901664505629e-09,2.18236282224593417e-10,-1.15018561798909401e-09,-1.23328509415385064e-09,19,6,1,5.76460752303767552e+17
55,0,220,-8.47869536021092648e-24,1.37235933583573422e-10,1.37236556884778735e-10,-1.01202690595191067e-23,1.00482816683244654e-10,1.29412452613143777e-09,1.19364170944819318e-09,1.29412452613144791e-09,2.64349003248014873e-09,-1.14822452769540567e-23,8.05761556447558567e-25,-1.50771058199241368e-24,-2.70533798646715065e-25,2.15032490529863010e-10,7.96130946984825144e-11,3.81260788480395868e-11,1.79510412016803594e-11,2.15032490529874487e-10,7.96130946984817131e-11,3.81260788480410925e-11,1.79510412016806308e-11,1.29412452613143777e-09,1.99976440099616646e-09,-6.43725631483982163e-10,-4.88177637046492062e-10,19,6,1,5.76460752303767552e+17
55,1,221,-6.65343873393969629e-24,1.69141732074098854e-10,1.69142255280884286e-10,-7.95697352810102133e-24,2.41505698366135484e-10,-6.24681380385976643e-10,8.66187078752112127e-10,6.24681380385968681e-10,4.68763761399150179e-09,-9.01237719965264433e-24,6.26756724931733606e-25,-1.18294309421591679e-24,-2.12880976350513374e-25,2.64722402847894994e-10,9.74378256446148524e-11,4.72336876805580187e-11,2.22090667928478000e-11,2.64722402847903990e-10,9.74378256446142320e-11,4.72336876805592013e-11,2.22090667928480132e-11,-6.24681380385976643e-10,2.99118759801171377e-09,-2.62963408183675913e-10,-1.69645001597978823e-09,19,6,1,5.76460752303767552e+17
55,2,222,-5.22223912259771162e-24,9.85388617099797550e-11,9.85395347562745537e-11,-6.25700429278601255e-24,-2.70008671448682185e-11,-2.31160407873328222e-09,2.28460321158841402e-09,2.31160407873327602e-09,4.20623602040799960e-09,-7.07532892800344802e-24,4.87557906159215421e-25,-9.28278506790683927e-25,-1.67552408737830471e-25,1.48420645671175429e-10,3.08683673413377599e-11,1.40041990680842336e-11,5.21743430557521548e-12,1.48420645671182511e-10,3.08683673413372753e-11,1.40041990680851626e-11,5.21743430557538269e-12,-2.31160407873328222e-09,1.89463194167471737e-09,-1.49151711328579133e-09,-3.35071555317279973e-10,19,6,1,5.76460752303767552e+17
55,3,223,-4.09976502123421215e-24,-4.02075849082339572e-11,-4.02064088970960604e-11,-4.92085699853397492e-24,1.12819625256487538e-10,2.40758647018131442e-10,1.27939021761643917e-10,2.40758647018136353e-10,5.21684042367584150e-09,-5.55579253909262582e-24,3.79328940469557478e-25,-7.28552696749204542e-25,-1.31902084792081265e-25,-7.55959920281092669e-11,-7.80544536966953361e-11,-3.85233411308281744e-11,-2.05100548621417252e-11,-7.55959920281037093e-11,-7.80544536966957109e-11,-3.85233411308274442e-11,-2.05100548621415927e-11,2.40758647018131442e-10,2.55962281444190261e-09,-2.65721760923393889e-09,-5.46130538327976589e-10,19,6,1,5.76460752303767552e+17
56,0,224,-3.21921744812134477e-24,-2.14568950104940110e-11,-2.14568506038907221e-11,-3.87046987302932022e-24,-3.37773603278237715e-10,-1.57054802528863342e-09,1.23277442201039580e-09,1.57054802528862949e-09,3.24788819666129503e-09,-4.36349287279184364e-24,2.95185864727619094e-25,-5.71888073813572670e-25,-1.03855198262270756e-25,-4.14127787945237837e-11,-4.19782834994718011e-11,-1.69726231559901135e-11,-8.33254511593604089e-12,-4.14127787945194216e-11,-4.19782834994720984e-11,-1.69726231559895415e-11,-8.33254511593593750e-12,-1.57054802528863342e-09,4.91908145990873988e-10,1.67734017137266161e-09,1.31252060842073412e-09,19,6,1,5.76460752303767552e+17
56,1,225,-2.52829478366256374e-24,-9.56969770473871573e-11,-9.56973395156148390e-11,-3.04458496061626208e-24,-4.46655480296678576e-10,-2.10947189746555204e-09,1.66281641716887347e-09,2.10947189746554915e-09,6.16399219683108907e-09,-3.42773758907426344e-24,2.29768952304386004e-25,-4.48980197727219809e-25,-8.17840715080030602e-26,-1.58819305435105539e-10,-9.03148722408193834e-11,-4.06714827783044644e-11,-2.00291777254495343e-11,-1.58819305435102101e-10,-9.03148722408196161e-11,-4.06714827783040185e-11,-2.00291777254494535e-11,-2.10947189746555204e-09,3.20387548381032605e-10,-3.58250965048341858e-09,2.58148254634767050e-09,19,6,1,5.76460752303767552e+17
56,2,226,-1.98603779832006201e-24,-1.79453678932397678e-10,-1.79452769591882393e-10,-2.39511698369709421e-24,-2.42738804426431653e-10,-2.79561997408546570e-09,2.55288116965903410e-09,2.79561997408546322e-09,4.15475802948813479e-09,-2.69315634479841951e-24,1.78907556732412022e-25,-3.52539383470777160e-25,-6.44112051489878104e-26,-2.90332841489785686e-10,-1.40292312717322269e-10,-6.47946212684995070e-11,-3.14914975720671167e-11,-2.90332841489782997e-10,-1.40292312717322450e-10,-6.47946212684991580e-11,-3.14914975720670521e-11,-2.79561997408546570e-09,1.35913805540266929e-09,1.18474431639554373e-09,1.19599584868658207e-09,19,6,1,5.76460752303767552e+17
56,3,227,-1.56036272141273151e-24,-2.77611252009046833e-10,-2.77612620395082992e-10,-1.88431010237203410e-24,3.67492911669068563e-11,-4.04443337889636324e-09,4.08118267006327049e-09,4.04443337889636159e-09,6.60611847721781997e-09,-2.11636932241203644e-24,1.39357913461830787e-25,-2.76853619952569615e-25,-5.07334873192605537e-26,-4.43912628816868734e-10,-1.96594606812818456e-10,-9.20479470380894624e-11,-4.42774296945986016e-11,-4.43912628816866614e-10,-1.96594606812818585e-10,-9.20479470380891910e-11,-4.42774296945985499e-11,-4.04443337889636324e-09,2.56168509832145673e-09,-8.57244580445691078e-10,3.07070001467515244e-10,19,6,1,5.76460752303767552e+17
57,0,228,-1.22613212892217690e-24,-4.14546766354011162e-10,-4.14548258966833976e-10,-1.48251091606553541e-24,4.74309751530711694e-10,1.21388698214868397e-09,7.39577230617972274e-10,1.21388698214868542e-09,3.51707533233773783e-09,-1.66338208724948248e-24,1.08598225982611203e-25,-2.17446437322470119e-25,-3.99629150703143695e-26,-6.58899331604880090e-10,-2.78788913170013029e-10,-1.32308481953759928e-10,-6.33638046006881437e-11,-6.58899331604878436e-10,-2.78788913170013133e-10,-1.32308481953759721e-10,-6.33638046006881049e-11,1.21388698214868397e-09,4.19766796550780512e-10,-2.30318835018905386e-09,1.48828393058852415e-10,19,6,1,5.76460752303767552e+17
57,1,229,-9.63646224382750565e-25,-2.59213807314546914e-10,-2.59214404493013874e-10,-1.16642358263186409e-24,1.01547813848601864e-09,8.92749466569122991e-10,1.22728671916895653e-10,8.92749466569124128e-10,4.82186707205028088e-09,-1.30754811802626134e-24,8.46686751486801243e-26,-1.70809084254062369e-25,-3.14802067817635855e-26,-3.99599673237219949e-10,-1.16014524006643110e-10,-4.97701528715913551e-11,-2.06428823882994809e-11,-3.99599673237218656e-10,-1.16014524006643200e-10,-4.97701528715911871e-11,-2.06428823882994486e-11,8.92749466569122991e-10,3.50939884260599623e-10,3.01164515776905417e-09,-1.81022191428122713e-09,19,6,1,5.76460752303767552e+17
57,2,230,-7.57462733811653044e-25,-1.52841271652905008e-10,-1.52839986157761894e-10,-9.17742234325845515e-25,9.38963453457689506e-10,-1.95742949728901747e-09,2.89639295074670697e-09,1.95742949728901664e-09,4.77207396257300475e-09,-1.02797503757756286e-24,6.60466166418972615e-26,-1.34190861235191317e-25,-2.47984832321196476e-26,-2.25572969325799952e-10,-2.61861231721868792e-11,-9.39406860815343102e-12,-1.55227253337472675e-12,-2.25572969325798918e-10,-2.61861231721869438e-11,-9.39406860815329693e-12,-1.55227253337470191e-12,-1.95742949728901747e-09,2.81464446528398728e-09,1.24216959885394554e-10,1.16088441836341020e-09,19,6,1,5.76460752303767552e+17
57,3,231,-5.95473687027432727e-25,-2.11034168187911495e-10,-2.11035535749925992e-10,-7.22078752186418847e-25,9.04978562198753610e-10,1.53993117759358101e-09,6.34952615394827400e-10,1.53993117759358163e-09,3.58055687781477995e-09,-8.08277676470561102e-25,5.15493101482229752e-26,-1.05434967479617401e-25,-1.95348167808321099e-26,-3.21101787551472305e-10,-8.53887392988469824e-11,-4.40030811826167395e-11,-2.01927909840029140e-11,-3.21101787551471478e-10,-8.53887392988470341e-11,-4.40030811826166361e-11,-2.01927909840028946e-11,1.53993117759358101e-09,3.85425697806059200e-10,3.96598257562083915e-09,2.68098565304722473e-09,19,6,1,5.76460752303767552e+17
58,0,232,-4.68183031172750427e-25,-8.34791038449778022e-11,-8.34787013589076953e-11,-5.68121830600405247e-25,9.26283758768811379e-10,1.01071016740853977e-09,8.44264086397283870e-11,1.01071016740854039e-09,2.86020411678589818e-09,-6.35602282421859702e-25,4.02581665880858913e-26,-8.28499681260617060e-26,-1.53879322303582895e-26,-1.14829891973481308e-10,1.69478088871438963e-11,5.92262324140297408e-12,5.00758544069262299e-12,-1.14829891973480675e-10,1.69478088871438576e-11,5.92262324140305729e-12,5.00758544069263834e-12,1.01071016740853977e-09,6.26149718846518088e-10,3.48635383563241627e-09,3.15271268167991812e-09,19,6,1,5.76460752303767552e+17
58,1,233,-3.68141271564232645e-25,-1.06773654374850384e-11,-1.06783696467060566e-11,-4.46977222325252805e-25,9.13507389704528229e-10,3.19478682289353174e-10,5.94028707415175055e-10,3.19478682289353640e-10,3.86267118599508842e-09,-4.99862736464724503e-25,3.14597960894114778e-26,-6.51091401252077079e-26,-1.21207199558300099e-26,-4.64884117251849581e-13,5.80497687327576849e-11,2.34586966743895152e-11,1.28338225324450292e-11,-4.64884117251349758e-13,5.80497687327576526e-11,2.34586966743895798e-11,1.28338225324450421e-11,3.19478682289353174e-10,3.25793065273667736e-09,4.18214986828444159e-09,8.80158349040355387e-10,19,6,1,5.76460752303767552e+17
58,2,234,-2.89502906917825793e-25,1.08711346968565208e-11,1.08717711184801795e-11,-3.51649959585877594e-25,6.64375855063113340e-10,-1.57501240286123662e-09,2.23938825792435007e-09,1.57501240286123621e-09,5.59463057391296052e-09,-3.93142564353468943e-25,2.46001608635134562e-26,-5.11716391655017989e-26,-9.54651559387770365e-27,2.98675595173475407e-11,5.36837560361753215e-11,1.92536659612205075e-11,9.93464299147996202e-12,2.98675595173479349e-11,5.36837560361752957e-11,1.92536659612205592e-11,9.93464299147997171e-12,-1.57501240286123662e-09,1.41114927590096534e-09,1.54320162799063212e-09,-4.05142894592232840e-09,19,6,1,5.76460752303767552e+17
58,3,235,-2.27679905007026593e-25,-6.71430502600398547e-11,-6.71419962703433317e-11,-2.76637868894827487e-25,8.57958905748323195e-10,6.20489689654787916e-10,2.37469216093535278e-10,6.20489689654788227e-10,2.93137692542060368e-09,-3.09226630232286741e-25,1.92489408714973882e-26,-4.02207476885630909e-26,-7.51832946534278986e-27,-1.00201648893514677e-10,-2.68337000280443917e-11,-2.12135932531410327e-11,-1.05656410723906042e-11,-1.00201648893514367e-10,-2.68337000280444111e-11,-2.12135932531409940e-11,-1.05656410723905962e-11,6.20489689654787916e-10,3.30782619990677733e-10,-1.54173189952754379e-09,-2.31088723576581566e-09,19,6,1,5.76460752303767552e+17
59,0,236,-1.79070308153509824e-25,-1.98283537952305483e-11,-1.98299032931475615e-11,-2.17612358623910589e-25,1.72001401529197939e-09,-3.19535504658118445e-10,2.03954951995009783e-09,3.19535504658118239e-10,2.51798001335679929e-09,-2.43234288009112834e-25,1.50718516871256764e-26,-3.16154950529327010e-26,-5.92038734819019986e-27,-2.46527080331910869e-11,1.03099384166086003e-11,-1.97568076349434537e-13,7.13232872155560361e-13,-2.46527080331908446e-11,1.03099384166085858e-11,-1.97568076349402932e-13,7.13232872155566318e-13,-3.19535504658118445e-10,1.74256463356187981e-09,1.78631995250117711e-09,2.19844450869868085e-09,19,6,1,5.76460752303767552e+17
59,1,237,-1.40845623220803718e-25,-2.97764047477201417e-11,-2.97760228535692288e-11,-1.71167666859322752e-25,2.68958864652753136e-09,4.09150104766861141e-09,1.40191240114108005e-09,4.09150104766861141e-09,1.02994398836993652e-08,-1.91331927921504018e-25,1.18091494995687155e-26,-2.48527475401910227e-26,-4.66148339660144038e-27,-4.24879950832183693e-11,-4.54988074595230035e-12,-6.88993819355558427e-12,-2.77575293844047633e-12,-4.24879950832181754e-11,-4.54988074595231246e-12,-6.88993819355555923e-12,-2.77575293844047148e-12,4.09150104766861141e-09,9.00843993449846073e-09,-1.29099994920090400e-09,1.62008276386267077e-09,19,6,1,5.76460752303767552e+17
59,2,238,-1.10784217551742078e-25,1.80501842834568150e-10,1.80502425146708102e-10,-1.34623830874349859e-25,2.70484806267867745e-09,2.86437878390386849e-09,1.59530721225191042e-10,2.86437878390386849e-09,2.25786331054666832e-09,-1.50507669492263218e-25,9.25894652899755699e-27,-1.95374969619177078e-26,-3.66975461241633183e-27,2.96364736893895513e-10,1.62277126462044468e-10,7.76014668562838269e-11,3.95117719181973010e-11,2.96364736893895668e-10,1.62277126462044468e-10,7.76014668562838527e-11,3.95117719181973075e-11,2.86437878390386849e-09,1.11970664164040005e-09,1.64656644403833783e-09,3.37756995218706837e-09,19,6,1,5.76460752303767552e+17
59,3,239,-8.71407290654538771e-26,2.82764573123013116e-10,2.82767992086530615e-10,-1.05871826932813534e-25,2.11377768554700341e-09,-8.28354614411863750e-10,2.94213229995886716e-09,8.28354614411863646e-10,5.51926450379974804e-09,-1.18394712782057700e-25,7.26426406164244545e-27,-1.53595703256566966e-26,-2.88857107508743984e-27,4.55515083392877839e-10,2.14761448517027251e-10,1.00884988666401428e-10,4.92325715459046035e-11,4.55515083392877942e-10,2.14761448517027251e-10,1.00884988666401441e-10,4.92325715459046035e-11,-8.28354614411863750e-10,-8.85028834171404572e-10,-2.07139549741191638e-09,3.44786900638783207e-09,19,6,1,5.76460752303767552e+17
60,0,240,-6.85436762466575904e-26,1.78013303831396068e-10,1.78012810308042417e-10,-8.32518238567101881e-26,7.63715126815603979e-10,-3.45149596246259208e-10,1.10886472306186319e-09,3.45149596246259104e-10,7.39958687826414023e-09,-9.31327982327752274e-26,5.70298790416780577e-27,-1.20753692567834931e-26,-2.27330238310914928e-27,2.78883406771285058e-10,9.61809455654441687e-11,3.98527713215457450e-11,1.72447956925139857e-11,2.78883406771285161e-10,9.61809455654441687e-11,3.98527713215457580e-11,1.72447956925139889e-11,-3.45149596246259208e-10,2.37817901469624729e-09,-2.60564033830730637e-09,4.79394653995683386e-09,19,6,1,5.76460752303767552e+17
60,1,241,-5.39151554017631096e-26,1.19094833164200564e-10,1.19093525821308469e-10,-6.54574470978523517e-26,2.74784448092581042e-10,-1.43628931436272202e-09,1.71107376245530301e-09,1.43628931436272202e-09,2.05007717124136776e-09,-7.32595216038015543e-26,4.48007657679745235e-27,-9.49355005166213884e-27,-1.78877254306690330e-27,1.80878560820860018e-10,4.00440550753801675e-11,1.48207282564411090e-11,5.35490239954914689e-12,1.80878560820860095e-10,4.00440550753801611e-11,1.48207282564411187e-11,5.35490239954914850e-12,-1.43628931436272202e-09,-2.37958956015691922e-09,-1.57592084802274255e-09,-3.29512388915551461e-10,19,6,1,5.76460752303767552e+17
60,2,242,-4.24078425056969830e-26,1.88514086431751189e-11,1.88509361160865487e-11,-5.14604800267665168e-26,6.24278624233745495e-10,3.77016231582950852e-09,3.14588369159576292e-09,3.77016231582950852e-09,2.56191148042171102e-09,-5.76250451964215113e-26,3.52151726539852291e-27,-7.46379166421281611e-27,-1.40725604440746336e-27,1.85329430480318567e-11,-3.83762994689069016e-11,-2.08709518512987025e-11,-1.17016715995819485e-11,1.85329430480319149e-11,-3.83762994689069081e-11,-2.08709518512986961e-11,-1.17016715995819469e-11,3.77016231582950852e-09,1.44561606402018385e-09,2.97141493682226807e-09,4.00752754444189487e-09,19,6,1,5.76460752303767552e+17
60,3,243,-3.33555565850576284e-26,1.98776716824128861e-10,1.98776581346512338e-10,-4.04516280041969237e-26,6.28770790281802024e-10,1.12206401069779462e-08,1.05918693166961439e-08,1.12206401069779462e-08,7.50363674955418413e-09,-4.53251495623329300e-26,2.76963729936864177e-27,-5.86798392518359036e-27,-1.10689955609760936e-27,3.11886600303431094e-10,1.22531704730844151e-10,6.34132245675621617e-11,3.15407821860765220e-11,3.11886600303431146e-10,1.22531704730844151e-10,6.34132245675621617e-11,3.15407821860765220e-11,1.12206401069779462e-08,5.79563665355679415e-09,3.71700335742376207e-09,4.66508654943667781e-09,19,6,1,5.76460752303767552e+17
61,0,244,-2.62344544151510465e-26,7.07809660013639375e-10,7.07809774383933550e-10,-3.17939105612067064e-26,1.81948112286027003e-09,-1.84958539859944943e-10,2.00443966272021518e-09,1.84958539859944917e-10,3.21852885156919398e-09,-3.56486669412659684e-26,2.17946668600843069e-27,-4.61331306347739050e-27,-8.70478504823074924e-28,1.13201209715517362e-09,5.20357626954974084e-10,2.60404772291517514e-10,1.28597658000676975e-10,1.13201209715517362e-09,5.20357626954974084e-10,2.60404772291517514e-10,1.28597658000676975e-10,-1.84958539859944943e-10,1.23974954123834108e-09,-1.19271033707385187e-09,2.02581851449534212e-09,19,6,1,5.76460752303767552e+17
61,1,245,-2.06325619650466806e-26,5.37700664820308742e-10,5.37700450053398182e-10,-2.49859839657664435e-26,-1.94507641652257721e-09,-3.99653513948235967e-09,2.05145872295978246e-09,3.99653513948235967e-09,8.29726370121959126e-09,-2.80361957077273587e-26,1.71591548729211930e-27,-3.62683490326160703e-27,-6.84417246505128755e-28,8.41880636919327263e-10,3.05468526214716928e-10,1.43367365845376818e-10,6.49249130730476539e-11,8.41880636919327263e-10,3.05468526214716928e-10,1.43367365845376818e-10,6.49249130730476539e-11,-3.99653513948235967e-09,7.83145620500742117e-10,4.30072856173723158e-09,-1.15247325551683235e-09,19,6,1,5.76460752303767552e+17
61,2,246,-1.62258452474186210e-26,2.13683999233027242e-10,2.13683817635818173e-10,-1.96332745899598027e-26,-1.17716830767885148e-09,6.77697522863739939e-09,7.95414353631625045e-09,6.77697522863739939e-09,8.68817224224293936e-09,-2.20476663878416452e-26,1.35158286391865509e-27,-2.85121480115446604e-27,-5.38016795532790870e-28,3.10868729520504193e-10,1.43652023514693853e-11,-1.54313604498676322e-14,-6.60992278781726230e-12,3.10868729520504193e-10,1.43652023514693837e-11,-1.54313604498647796e-14,-6.60992278781726149e-12,6.77697522863739939e-09,-1.91119701360554039e-09,1.77259304898673654e-09,4.14208301635400835e-10,19,6,1,5.76460752303767552e+17
61,3,247,-1.27594122705187205e-26,4.94057705651885490e-10,4.94056975694835143e-10,-1.54252572119878331e-26,-1.12261298159057438e-09,4.67432196127699821e-09,5.79693494286757280e-09,4.67432196127699821e-09,5.46240803107864856e-09,-1.73368551373292737e-26,1.06505579518910751e-27,-2.24138282284835056e-27,-4.22846043273982709e-28,7.67132719733872562e-10,2.65302984386842976e-10,1.34624832895819433e-10,6.39364600102534849e-11,7.67132719733872562e-10,2.65302984386842976e-10,1.34624832895819433e-10,6.39364600102534849e-11,4.67432196127699821e-09,2.00041923158545055e-09,-7.88086069801650757e-10,-1.79749100109509353e-10,19,6,1,5.76460752303767552e+17
62,0,248,-1.00327422723740582e-26,6.08399109206239814e-10,6.08399451910446643e-10,-1.21175685993409832e-26,-9.83834364341595675e-10,1.57322757911876368e-09,2.55706194346035936e-09,1.57322757911876368e-09,5.51119582280214437e-09,-1.36313518122209746e-26,8.39587439744642361e-28,-1.76190702837699726e-27,-3.32261792533337755e-28,9.47505553861495610e-10,3.37099761821188738e-10,1.69538539245986951e-10,7.97876214318424147e-11,9.47505553861495610e-10,3.37099761821188738e-10,1.69538539245986951e-10,7.97876214318424147e-11,1.57322757911876368e-09,9.27029859956081931e-10,-1.83633823463140768e-09,3.67485758817073648e-09,19,6,1,5.76460752303767552e+17
62,1,249,-7.88807679254717342e-27,5.42691358751878934e-10,5.42691904213735589e-10,-9.51792648083040727e-27,-2.16892059044235544e-09,-1.09973837712606145e-09,1.06918221331629399e-09,1.09973837712606145e-09,1.37942927625354763e-08,-1.07168117975668076e-26,6.62069883961146472e-28,-1.38493031679701074e-27,-2.61030314811435804e-28,8.35030186055473008e-10,2.54953975864843344e-10,1.27083836513631759e-10,5.69229400442766257e-11,8.35030186055473008e-10,2.54953975864843344e-10,1.27083836513631759e-10,5.69229400442766257e-11,-1.09973837712606145e-09,8.98844095791487265e-10,-8.64944784930229289e-09,-1.28954486667439891e-08,19,6,1,5.76460752303767552e+17
62,2,250,-6.20129381604528577e-27,3.58061165131039441e-10,3.58060663737652661e-10,-7.47504381057549558e-27,-2.20497366784488276e-09,6.68096087811856927e-09,8.88593454596345203e-09,6.68096087811856927e-09,9.53809941565444871e-09,-8.42457302199764090e-27,5.22235232730883108e-28,-1.08854963712977258e-27,-2.05028937895026520e-28,5.33638981859043072e-10,9.52526893910952866e-11,4.94451990635505630e-11,1.82054063590108730e-11,5.33638981859043072e-10,9.52526893910952866e-11,4.94451990635505630e-11,1.82054063590108730e-11,6.68096087811856927e-09,-3.61568269996844275e-10,-2.37944141648731417e-09,-2.85713853753587986e-09,19,6,1,5.76460752303767552e+17
62,3,251,-4.87473246588657042e-27,5.99348829930598991e-10,5.99350051358117778e-10,-5.86990096768571880e-27,-2.47487040748657420e-09,-8.49211741398145032e-09,6.01724700649487612e-09,8.49211741398145032e-09,1.58630631565436709e-08,-6.62191726206586980e-27,4.12033878706076380e-28,-8.55542507435955564e-28,-1.61010732970977151e-28,9.26317152339284126e-10,3.08295026761548454e-10,1.61375403724079456e-10,7.58853884975054878e-11,9.26317152339284126e-10,3.08295026761548454e-10,1.61375403724079456e-10,7.58853884975054878e-11,-8.49211741398145032e-09,-3.87926837814489052e-09,7.28204205006219865e-09,-8.58102110648147062e-09,19,6,1,5.76460752303767552e+17
63,0,252,-3.83155032277448484e-27,3.62026290448236191e-11,3.62035137162957335e-11,-4.60887433776169010e-27,-5.69297313396205795e-09,1.20562099168803894e-09,6.89859412565009730e-09,1.20562099168803894e-09,5.72498195958455997e-09,-5.20440979580579788e-27,3.25150311469839328e-28,-6.72366265760798676e-28,-1.26418959576945263e-28,1.22425587066923386e-11,-1.66677411754924523e-10,-7.83271296162864236e-11,-4.57489109229837159e-11,1.22425587066923435e-11,-1.66677411754924523e-10,-7.83271296162864236e-11,-4.57489109229837159e-11,1.20562099168803894e-09,-4.51936096789652145e-09,-1.14279399080299068e-09,9.64049554406762999e-10,19,6,1,5.76460752303767552e+17
63,1,253,-3.01128528798453824e-27,7.83409494068206306e-11,7.83388210866473976e-11,-3.61832651672869323e-27,-2.64994109447754411e-09,-4.57077074658451392e-09,1.92082965210696981e-09,4.57077074658451392e-09,7.62033437687997643e-09,-4.08987297508352235e-27,2.56625752133665109e-28,-5.28371531964569816e-28,-9.92407519594211840e-29,9.19301286634676323e-11,-7.04275560381389269e-11,-2.00707496042890038e-11,-1.21283445299615725e-11,9.19301286634676323e-11,-7.04275560381389269e-11,-2.00707496042890038e-11,-1.21283445299615725e-11,-4.57077074658451392e-09,3.02207268967001064e-09,-4.59826168720996620e-09,-2.20472366662041735e-09,19,6,1,5.76460752303767552e+17
63,2,254,-2.36636435410655788e-27,-1.72298030696747441e-10,-1.72297045194491083e-10,-2.84034738308623573e-27,-4.16175238471220008e-09,-2.25115080814326213e-09,1.91060157656893796e-09,2.25115080814326213e-09,1.24437210400552311e-08,-3.21364460322773819e-27,2.02563807618046529e-28,-4.15183947835924859e-28,-7.78917553448141205e-29,-3.05106171572115529e-10,-2.36522319378745764e-10,-1.01648594671321983e-10,-5.21400248050941806e-11,-3.05106171572115529e-10,-2.36522319378745764e-10,-1.01648594671321983e-10,-5.21400248050941806e-11,-2.25115080814326213e-09,4.64417233727917444e-09,1.72497771255417957e-09,-7.79954870277605662e-09,19,6,1,5.76460752303767552e+17
63,3,255,-1.85935691102359539e-27,-2.50315852692381739e-10,-2.50315683041043917e-10,-2.22940138082094363e-27,-3.07774593460074208e-09,-1.99554258998626640e-09,1.08220334461447568e-09,1.99554258998626640e-09,1.31507565630443280e-08,-2.52484680036142682e-27,1.59900687148053683e-28,-3.26218135391960686e-28,-6.11251734957767876e-29,-4.18690293733683831e-10,-2.41724816604951156e-10,-1.01191253324189745e-10,-4.97032646282475889e-11,-4.18690293733683831e-10,-2.41724816604951156e-10,-1.01191253324189745e-10,-4.97032646282475889e-11,-1.99554258998626640e-09,1.30619513262133321e-09,-1.18445614304229952e-08,-1.05993286767383850e-09,19,6,1,5.76460752303767552e+17
64,0,256,-1.46081357938516071e-27,-2.95581216963405168e-10,-2.95580448924654001e-10,-1.74968837187657960e-27,-4.35934050145604934e-09,6.52233410946831401e-09,1.08816746109243625e-08,6.52233410946831401e-09,1.13286594558918585e-08,-1.98344975175405830e-27,1.26225663922392471e-28,-2.56295557720145503e-28,-4.79600703740011530e-29,-4.80438404015549684e-10,-2.29331539403584640e-10,-9.54655994279372953e-11,-4.57475817845205720e-11,-4.80438404015549684e-10,-2.29331539403584640e-10,-9.54655994279372953e-11,-4.57475817845205720e-11,6.52233410946831401e-09,4.59611246813566911e-09,-4.80632534642354447e-09,3.12408994583532935e-09,19,6,1,5.76460752303767552e+17
64,1,257,-1.14756560359379104e-27,9.32559823817080935e-11,9.32568472927452598e-11,-1.37306636156249810e-27,-2.31110329412304122e-09,-7.51898900397488656e-09,5.20788570985184535e-09,7.51898900397488656e-09,3.08124242524864142e-08,-1.55796083789925691e-27,9.96406707166578875e-29,-2.01344043299617574e-28,-3.76248578040820961e-29,1.57524554713982621e-10,1.23241901819396285e-10,7.81438930309625266e-11,4.15537116424993362e-11,1.57524554713982621e-10,1.23241901819396285e-10,7.81438930309625266e-11,4.15537116424993362e-11,-7.51898900397488656e-09,1.70373840997997137e-08,6.55767033315729399e-09,-1.37750401526867005e-08,19,6,1,5.76460752303767552e+17
64,2,258,-9.01386564780578389e-28,-2.98122833113492464e-10,-2.98119296663067211e-10,-1.07741663503334656e-27,-4.57071778430700842e-09,7.69026112486630261e-10,5.33974389679363909e-09,7.69026112486630261e-10,1.67996216704508504e-08,-1.22360585855513215e-27,7.86504009218132239e-29,-1.58161503795883281e-28,-2.95127598430040632e-29,-4.78242088778371694e-10,-2.20142661075647354e-10,-1.04782556890951844e-10,-5.34330540780281236e-11,-4.78242088778371694e-10,-2.20142661075647354e-10,-1.04782556890951844e-10,-5.34330540780281236e-11,7.69026112486630261e-10,1.05033485564698487e-08,-6.29627311398100337e-09,5.95774126769583734e-10,19,6,1,5.76460752303767552e+17
64,3,259,-7.07939168263148688e-28,-1.92494299032868932e-10,-1.92495566865173917e-10,-8.45357224496579439e-28,-2.75639109077651366e-09,2.56689522844152053e-09,5.32328631921803378e-09,2.56689522844152053e-09,1.05245592972518679e-08,-9.60897516888617721e-28,6.20762099255027516e-29,-1.24230119083137292e-28,-2.31467219453993238e-29,-3.00423627807548968e-10,-1.01310814006513532e-10,-4.34506092835330461e-11,-2.01574335336614555e-11,-3.00423627807548968e-10,-1.01310814006513532e-10,-4.34506092835330461e-11,-2.01574335336614555e-11,2.56689522844152053e-09,3.92988551032913518e-09,-2.17052309510388096e-09,-6.59467378692273268e-09,19,6,1,5.76460752303767552e+17
65,0,260,-5.55946354737479118e-28,-2.00099102081310566e-11,-2.00090023871861870e-11,-6.63230614565863015e-28,5.45976198154612930e-10,-1.39538518489306973e-08,1.44998280470853098e-08,1.39538518489306973e-08,2.45756206782534128e-08,-7.54508693325490917e-28,4.89886024689213398e-29,-9.75702028157667753e-29,-1.81517674008032829e-29,-1.90582588666346713e-11,4.61986004465970865e-11,2.74430876966173933e-11,1.52811591133975517e-11,-1.90582588666346713e-11,4.61986004465970865e-11,2.74430876966173933e-11,1.52811591133975517e-11,-1.39538518489306973e-08,-1.99933810576503509e-08,4.58223962060306104e-09,-4.63000071230749724e-09,19,6,1,5.76460752303767552e+17
65,1,261,-4.36538947845432279e-28,-7.03445930763847685e-10,-7.03445631902343312e-10,-5.20307334908027359e-28,-1.75485469801438173e-09,5.46761516499646717e-10,2.30161621451402845e-09,5.46761516499646717e-10,1.62042728542997138e-08,-5.92385620162108741e-28,3.86542475935605296e-29,-7.66252705058896933e-29,-1.42332251536515289e-29,-1.12633420626270505e-09,-5.24139527448413115e-10,-2.63146208668905185e-10,-1.31498738834434928e-10,-1.12633420626270505e-09,-5.24139527448413115e-10,-2.63146208668905185e-10,-1.31498738834434928e-10,5.46761516499646717e-10,8.11427110238894836e-10,2.05057656570766549e-09,-1.41536962885920491e-08,19,6,1,5.76460752303767552e+17
65,2,262,-3.42742241514712590e-28,-5.16720568104773196e-10,-5.16719588276866032e-10,-4.08159487894737980e-28,8.37982946404471537e-10,-6.32242851835624745e-09,7.16041146476071929e-09,6.32242851835624745e-09,2.11797384768793914e-08,-4.65049893501875603e-28,3.04943597450521275e-29,-6.01716455732371591e-29,-1.11595858230214690e-29,-8.09150869385048901e-10,-2.94016480211934136e-10,-1.37824774888513494e-10,-6.29072670989086207e-11,-8.09150869385048901e-10,-2.94016480211934136e-10,-1.37824774888513494e-10,-6.29072670989086207e-11,-6.32242851835624745e-09,3.27672183001059899e-09,-1.79030166468687916e-08,-6.26878338414540292e-10,19,6,1,5.76460752303767552e+17
65,3,263,-2.69071943582807452e-28,-7.08444368598661344e-10,-7.08443550274929380e-10,-3.20168024820006575e-28,3.01039135913719628e-10,3.72158756357246243e-09,3.42054842765874301e-09,3.72158756357246243e-09,5.48775837727519458e-09,-3.65049133573325287e-28,2.40519810515454793e-29,-4.72473636942549652e-29,-8.74900528910271677e-30,-1.11190422584268979e-09,-4.20640290302423494e-10,-2.03284634944471380e-10,-9.55757568542740738e-11,-1.11190422584268979e-09,-4.20640290302423494e-10,-2.03284634944471380e-10,-9.55757568542740738e-11,3.72158756357246243e-09,-1.76617081370273215e-09,1.99993767860205900e-09,1.25224105372448921e-09,19,6,1,5.76460752303767552e+17
66,0,264,-2.11216194461061023e-28,-3.58642903113054539e-10,-3.58641980533829998e-10,-2.51135276573274527e-28,-1.07274869775707189e-09,1.21948655759046667e-08,1.32676142736617384e-08,1.21948655759046667e-08,1.77528322139074998e-08,-2.86524659674271096e-28,1.89662409792616254e-29,-3.70962554933551673e-29,-6.85868240505199246e-30,-5.36495260745133433e-10,-9.37737616672833135e-11,-3.95578986247397690e-11,-1.21195242914201912e-11,-5.36495260745133433e-10,-9.37737616672833135e-11,-3.95578986247397690e-11,-1.21195242914201912e-11,1.21948655759046667e-08,5.19197024552545652e-10,-5.55796663800283395e-09,4.83004214653125725e-09,19,6,1,5.76460752303767552e+17
66,1,265,-1.65785337282675587e-28,3.34330353351064203e-10,3.34330725533029651e-10,-1.96980303707334870e-28,-3.53689335527242524e-10,6.80004023293915347e-10,1.03369335882115787e-09,6.80004023293915347e-10,1.44762321893977031e-08,-2.24871277812996251e-28,1.49520904570791739e-29,-2.91239676967687647e-29,-5.37650089586224538e-30,5.81810757402494631e-10,4.48479754222206238e-10,2.22516388622874995e-10,1.16106068628765140e-10,5.81810757402494631e-10,4.48479754222206238e-10,2.22516388622874995e-10,1.16106068628765140e-10,6.80004023293915347e-10,-2.47472658877573185e-09,1.20015056006219721e-08,7.09738376142660899e-09,19,6,1,5.76460752303767552e+17
66,2,266,-1.30115016690276901e-28,3.01608260079372332e-10,3.01606146249222789e-10,-1.54499403277829539e-28,-3.01357646303031724e-09,9.65341070034349572e-09,1.26669871633738134e-08,9.65341070034349572e-09,9.49201730518960919e-09,-1.76469577085377726e-28,1.17843351913641309e-29,-2.28633747092196123e-29,-4.21445452577038757e-30,5.09182447531085849e-10,3.16426839250104679e-10,1.39426354674610825e-10,6.74660683789366917e-11,5.09182447531085849e-10,3.16426839250104679e-10,1.39426354674610825e-10,6.74660683789366917e-11,9.65341070034349572e-09,6.18761172340987558e-09,7.16814983145357241e-09,1.61393395153887362e-10,19,6,1,5.76460752303767552e+17
66,3,267,-1.02111253005259771e-28,7.15993970735235072e-10,7.15993341205580914e-10,-1.21177868687695242e-28,-2.16513328369894085e-09,-5.07094212164791728e-10,1.65803907153414912e-09,5.07094212164791728e-10,1.98759819620481888e-08,-1.38475300948389200e-28,9.28504817073014156e-30,-1.79473765192158364e-29,-3.30347641644853203e-30,1.16419836538986990e-09,5.84213137607733408e-10,2.70228783754071271e-10,1.31481636022979913e-10,1.16419836538986990e-09,5.84213137607733408e-10,2.70228783754071271e-10,1.31481636022979913e-10,-5.07094212164791728e-10,-1.17020012211440201e-08,-5.31270703283469477e-09,8.17398074090416871e-09,19,6,1,5.76460752303767552e+17
67,0,268,-8.01285544132919286e-29,5.31573297380807836e-10,5.31573389891308944e-10,-9.50420591143355874e-29,-9.68453048744586165e-10,-1.87938868289239316e-08,1.78254337801793448e-08,1.87938868289239316e-08,2.33933096946559211e-08,-1.08653642324197429e-28,7.31364046485519715e-30,-1.40875065633193552e-29,-2.58937371284062587e-30,8.44392337116141602e-10,3.34984973842417859e-10,1.40605517981068011e-10,6.30815432590582813e-11,8.44392337116141602e-10,3.34984973842417859e-10,1.40605517981068011e-10,6.30815432590582813e-11,-1.87938868289239316e-08,-1.88537175413817836e-08,4.53959215327413916e-09,-4.42182646839421456e-09,19,6,1,5.76460752303767552e+17
67,1,269,-6.28740314350028154e-29,-5.21308154317830439e-10,-5.21307714754157153e-10,-7.45431663614614100e-29,-3.81138460503467072e-09,-1.98415022585986294e-08,1.60301176535639579e-08,1.98415022585986294e-08,1.94552877656181686e-08,-8.52488959653805764e-29,5.75902487393882189e-30,-1.10571095557809501e-29,-2.02963214769133824e-30,-8.68749665682899304e-10,-5.57748976721056122e-10,-2.98947637220960297e-10,-1.55569738738417570e-10,-8.68749665682899304e-10,-5.57748976721056122e-10,-2.98947637220960297e-10,-1.55569738738417570e-10,-1.98415022585986294e-08,-3.86214492980461198e-10,-9.26879147670439020e-09,-6.71948060191720927e-09,19,6,1,5.76460752303767552e+17
67,2,270,-4.93319749402920407e-29,-1.39248147663067841e-09,-1.39248175599715299e-09,-5.84659026528042410e-29,2.40721555658717652e-10,-2.11043839035193754e-08,2.13451054591780932e-08,2.11043839035193754e-08,3.36076559581961994e-08,-6.68819364140758296e-29,4.53342848474211606e-30,-8.67811385415553629e-30,-1.59090502260216153e-30,-2.25743985811726228e-09,-1.14742876946337603e-09,-5.67646108117046627e-10,-2.79677041937639677e-10,-2.25743985811726228e-09,-1.14742876946337603e-09,-5.67646108117046627e-10,-2.79677041937639677e-10,-2.11043839035193754e-08,-7.07765391525849397e-09,1.25032720546768240e-08,2.65718841185174529e-09,19,6,1,5.76460752303767552e+17
67,3,271,-3.87045375005208986e-29,-2.12657637690784741e-09,-2.12657512388395428e-09,-4.58567781528756050e-29,1.99771756189261064e-09,2.32549907114490035e-10,1.76516765477812060e-09,2.32549907114490035e-10,4.78873486496483722e-08,-5.24695921515795627e-29,3.56750525296692819e-30,-6.81063103315230986e-30,-1.24704052401262995e-30,-3.40550171168304893e-09,-1.54561369295703038e-09,-7.42114966421303424e-10,-3.56227140115513392e-10,-3.40550171168304893e-09,-1.54561369295703038e-09,-7.42114966421303424e-10,-3.56227140115513392e-10,2.32549907114490035e-10,-3.04966020080556379e-08,-1.21648887556515756e-09,1.73907466415927343e-08,19,6,1,5.76460752303767552e+17
68,0,272,-3.03650857483768246e-29,-1.63173085607272927e-09,-1.63173080965448314e-09,-3.59677747390052896e-29,2.76794309483420084e-09,-4.09889918558369625e-09,6.86684228041789750e-09,4.09889918558369625e-09,3.99052617006077376e-08,-4.11612481811299802e-29,2.80647419149232775e-30,-5.34477903993125282e-30,-9.77532354461511979e-31,-2.55700633527919781e-09,-9.15967127327326943e-10,-4.11447090326412784e-10,-1.82022793203213757e-10,-2.55700633527919781e-09,-9.15967127327326943e-10,-4.11447090326412784e-10,-1.82022793203213757e-10,-4.09889918558369625e-09,1.32549947097321738e-08,1.87887970399352164e-08,-2.11164646606725212e-08,19,6,1,5.76460752303767552e+17
68,1,273,-2.38215219656060633e-29,-1.45179276094070712e-09,-1.45179294931638601e-09,-2.82121180642578867e-29,-5.45838169094098847e-10,6.57083944959206167e-09,7.11667761868616052e-09,6.57083944959206167e-09,2.58650284330744953e-08,-3.22890027342146212e-29,2.20706712731519635e-30,-4.19425408492025145e-30,-7.66303141779792225e-31,-2.24223386643390412e-09,-6.83650122661555084e-10,-3.09537634281117450e-10,-1.34218799203908565e-10,-2.24223386643390412e-09,-6.83650122661555084e-10,-3.09537634281117450e-10,-1.34218799203908565e-10,6.57083944959206167e-09,-1.92941889834824353e-08,-1.43639079993288861e-08,2.17382197359061085e-10,19,6,1,5.76460752303767552e+17
68,2,274,-1.86874483138518014e-29,-7.79397839732365931e-10,-7.79398485277943429e-10,-2.21295546997931724e-29,2.95874950655251431e-09,-9.68424450141422349e-09,1.26429940079667378e-08,9.68424450141422349e-09,2.97829737977338206e-08,-2.53284860435899398e-29,1.73511581561953428e-30,-3.29127773611731156e-30,-6.00749380327250803e-31,-1.14343323767797044e-09,-1.08509070161346866e-10,-3.98614793161847866e-11,-2.85238001391281521e-12,-1.14343323767797044e-09,-1.08509070161346866e-10,-3.98614793161847866e-11,-2.85238001391281521e-12,-9.68424450141422349e-09,-4.10552525182414555e-09,1.20474178339721881e-08,-1.77355559637616325e-08,19,6,1,5.76460752303767552e+17
68,3,275,-1.46594999962232268e-29,-1.06008579669950997e-09,-1.06008775174634713e-09,-1.73590956719888890e-29,6.05655653627173869e-10,2.42759968844469257e-08,2.36703412308197528e-08,2.42759968844469257e-08,3.17491238094310816e-08,-1.98680650621186467e-29,1.36364420464201486e-30,-2.58262539202974033e-30,-4.70991855504217831e-31,-1.60669221685418449e-09,-4.06375974641357395e-10,-2.14201263398560803e-10,-9.73009810427261213e-11,-1.60669221685418449e-09,-4.06375974641357395e-10,-2.14201263398560803e-10,-9.73009810427261213e-11,2.42759968844469257e-08,1.13036162743878693e-08,-7.47312692498415584e-09,-6.84958329309596065e-09,19,6,1,5.76460752303767552e+17
69,0,276,-1.14995301901209514e-29,4.00632550273850164e-10,4.00633393329878107e-10,-1.36176239576896368e-29,7.74707748342221497e-09,1.93271877936753161e-08,1.15801103102531011e-08,1.93271877936753161e-08,2.66286408642470498e-08,-1.55846429621131770e-29,1.07135996186116243e-30,-2.02650501745910811e-30,-3.69287471151443005e-31,7.52751276649432991e-10,7.62186747660549624e-10,3.64105144315348894e-10,1.92751437741644970e-10,7.52751276649432991e-10,7.62186747660549624e-10,3.64105144315348894e-10,1.92751437741644970e-10,1.93271877936753161e-08,1.05364257910026366e-09,1.40890269035488513e-08,2.76822834433473118e-08,19,6,1,5.76460752303767552e+17
69,1,277,-9.02061029779308063e-30,1.28891889147478853e-09,1.28892289918492272e-09,-1.06831066354178328e-29,1.59142232968382025e-10,-1.34089945102138089e-08,1.35681367431821913e-08,1.34089945102138089e-08,2.93957776996094492e-08,-1.22246440523877643e-29,8.41461662816117432e-31,-1.59010436201045832e-30,-2.89567822320960082e-31,2.14913088249446094e-09,1.27558324498263555e-09,5.91439047329682915e-10,2.94144557497446767e-10,2.14913088249446094e-09,1.27558324498263555e-09,5.91439047329682915e-10,2.94144557497446767e-10,-1.34089945102138089e-08,-9.42709387869428990e-09,1.59867831893956404e-08,6.94447748708049268e-09,19,6,1,5.76460752303767552e+17
69,2,278,-7.07603004025791248e-30,3.49192246624266722e-10,3.49192193566219428e-10,-8.38142223431528391e-30,-2.88529434909770675e-11,2.56947448977579361e-08,2.57235978412489131e-08,2.56947448977579361e-08,7.59046983516970332e-08,-9.58907531552732722e-30,6.60695606197007365e-31,-1.24766369478353340e-30,-2.27077272440021394e-31,5.76701334177517913e-10,2.59066624894697814e-10,6.21962172156941524e-11,1.87707268264905331e-11,5.76701334177517913e-10,2.59066624894697814e-10,6.21962172156941524e-11,1.87707268264905331e-11,2.56947448977579361e-08,-5.02099534539391037e-08,1.01476349359936877e-08,3.45492906644625794e-09,19,6,1,5.76460752303767552e+17
69,3,279,-5.55065586690711331e-30,1.54411125870050979e-09,1.54410827129323992e-09,-6.57602598899909482e-30,9.80656111737801460e-10,1.90807424585672142e-08,1.81000863468294136e-08,1.90807424585672142e-08,5.90385205429253380e-08,-7.52179235742913807e-30,5.18610066930708057e-31,-9.78961623321977927e-31,-1.78089129514859268e-31,2.49152988242002386e-09,1.17885180716277786e-09,5.43032423974425683e-10,2.65968584020473053e-10,2.49152988242002386e-09,1.17885180716277786e-09,5.43032423974425683e-10,2.65968584020473053e-10,1.90807424585672142e-08,3.60151488872028919e-08,5.01938120790870616e-10,-2.30233716557224460e-08,19,6,1,5.76460752303767552e+17
70,0,280,-4.35414306451071331e-30,2.14115955286027676e-09,2.14115955513515910e-09,-5.15984249279788305e-30,-1.77801163955352018e-09,-1.83660819368240213e-08,1.65880702972704995e-08,1.83660819368240213e-08,2.89715983958317515e-08,-5.90028377111445024e-30,4.06965726425055956e-31,-7.68125585392579516e-31,-1.39683106308949994e-31,3.41466905660081678e-09,1.47285437853084204e-09,6.84439308950000705e-10,3.28778230598313748e-10,3.41466905660081678e-09,1.47285437853084204e-09,6.84439308950000705e-10,3.28778230598313748e-10,-1.83660819368240213e-08,-5.01884169503304195e-09,-3.39904400908647943e-08,-1.84056304099337848e-08,19,6,1,5.76460752303767552e+17
70,1,281,-3.41560469900792463e-30,7.42172998989345100e-10,7.42174208490956697e-10,-4.04890632519016648e-30,-3.37640323690424802e-09,-2.41967247838154055e-09,9.56730758522707474e-10,2.41967247838154055e-09,2.19505707309230417e-08,-4.62843445651223023e-30,3.19269647689290632e-31,-6.02697497171806599e-31,-1.09570859025392429e-31,1.10710351608913370e-09,1.37230605634971091e-10,1.45554692012020044e-11,-1.35026248897182792e-11,1.10710351608913370e-09,1.37230605634971091e-10,1.45554692012020044e-11,-1.35026248897182792e-11,-2.41967247838154055e-09,5.75105092976419946e-09,-1.55154785824928024e-08,-1.61995198011588422e-08,19,6,1,5.76460752303767552e+17
70,2,282,-2.67942531249626517e-30,4.36198153289371938e-10,4.36198198252971487e-10,-3.17737423323438611e-30,2.64101169208785654e-10,-3.46206635624941898e-08,3.48847647317029746e-08,3.46206635624941898e-08,7.57446886240954910e-08,-3.63084374288887621e-30,2.50406980416414096e-31,-4.72899903609164684e-31,-8.59592365714750724e-32,6.14519181764450621e-10,-5.79519349558658397e-11,-4.55334141327703302e-11,-3.24649112958880706e-11,6.14519181764450621e-10,-5.79519349558658397e-11,-4.55334141327703302e-11,-3.24649112958880706e-11,-3.46206635624941898e-08,4.11240250616013011e-08,-2.71320886319360533e-08,8.01379792404070245e-09,19,6,1,5.76460752303767552e+17
70,3,283,-2.10197401015813601e-30,-1.39403773221087686e-09,-1.39403798362452013e-09,-2.49361337032573040e-30,-8.28459804403213084e-10,-4.60696905836296512e-09,3.77850925395975183e-09,4.60696905836296512e-09,1.32541021061154209e-08,-2.84836487510542856e-30,1.96349970281680103e-31,-3.71059665947600162e-31,-6.74431024355244678e-32,-2.33183542892560012e-09,-1.45769182220594511e-09,-7.19949156178761262e-10,-3.63670281752573881e-10,-2.33183542892560012e-09,-1.45769182220594511e-09,-7.19949156178761262e-10,-3.63670281752573881e-10,-4.60696905836296512e-09,-1.78610711644783861e-08,-1.09058548435044015e-08,-1.00995838785467391e-08,19,6,1,5.76460752303767552e+17
71,0,284,-1.64902405394076698e-30,-1.32586502449596986e-09,-1.32586300692607647e-09,-1.95713365966002638e-30,2.99164103034523464e-09,1.84050097629287443e-08,1.54133687325835084e-08,1.84050097629287443e-08,4.89016837720218518e-08,-2.23460378207943242e-30,1.53928108776928700e-31,-2.91155414227070105e-31,-5.29213431374334979e-32,-2.16409437927194477e-09,-1.10211437935900710e-09,-4.98383699197482222e-10,-2.35399979314759649e-10,-2.16409437927194477e-09,-1.10211437935900710e-09,-4.98383699197482222e-10,-2.35399979314759649e-10,1.84050097629287443e-08,4.32784552295996242e-08,-5.62322854242222424e-09,1.53191064336736366e-08,19,6,1,5.76460752303767552e+17
71,1,285,-1.29372736086331670e-30,-1.21171490339501833e-10,-1.21172148219425638e-10,-1.53618226873665279e-30,5.52563825830626215e-09,5.36817397807160479e-08,4.81561015224097874e-08,5.36817397807160479e-08,7.81651519949269949e-08,-1.75317116716783907e-30,1.20646631832257899e-31,-2.28462221521932815e-31,-4.15310531894995868e-32,-1.73916322390221202e-10,6.50643095647731816e-11,9.14168779647582287e-11,6.24696206026513070e-11,-1.73916322390221202e-10,6.50643095647731816e-11,9.14168779647582287e-11,6.24696206026513070e-11,5.36817397807160479e-08,-2.44834122142109437e-08,-8.85407472618317151e-09,4.34174654571361810e-08,19,6,1,5.76460752303767552e+17
71,2,286,-1.01502476935236847e-30,2.56888415379942254e-09,2.56888361859253473e-09,-1.20585737696602793e-30,2.98582407333584205e-09,2.01535782463879885e-08,1.71677541730521461e-08,2.01535782463879885e-08,7.61115689533824550e-08,-1.37552609131319567e-30,9.45432439635452702e-32,-1.79272640651096702e-31,-3.25959668916183003e-32,4.17452457510150621e-09,2.20569415053008395e-09,1.13083416860001261e-09,5.70307271417755420e-10,4.17452457510150621e-09,2.20569415053008395e-09,1.13083416860001261e-09,5.70307271417755420e-10,2.01535782463879885e-08,-5.32767777811676847e-08,-1.13501423589715486e-09,2.28347911722147669e-08,19,6,1,5.76460752303767552e+17
71,3,287,-7.96398465400062202e-31,2.99638579747717206e-09,2.99638484788653641e-09,-9.46629188917534098e-31,-4.53398790358522549e-09,-2.45029352784156801e-08,1.99689473748304538e-08,2.45029352784156801e-08,5.50013806186771984e-08,-1.07928391638569951e-30,7.40750569431636671e-32,-1.40677712846123263e-31,-2.55860553472659926e-32,4.79439948582653044e-09,2.16513897357690226e-09,1.04447634700945192e-09,4.98388974828177585e-10,4.79439948582653044e-09,2.16513897357690226e-09,1.04447634700945192e-09,4.98388974828177585e-10,-2.45029352784156801e-08,-2.37926396186997025e-08,-4.38801369163078315e-08,1.11212437023693702e-08,19,6,1,5.76460752303767552e+17
72,0,288,-6.24893030550714907e-31,1.10168899944604959e-09,1.10169029034762162e-09,-7.43180297818970059e-31,4.23246691481327863e-10,-2.13359598259276855e-08,2.17592065174090130e-08,2.13359598259276855e-08,5.86564868690531258e-08,-8.46888750355653242e-31,5.80294042131675264e-32,-1.10395070788036968e-31,-2.00858726052059195e-32,1.66494392540799924e-09,3.15125697424907138e-10,9.58305193758794161e-11,1.27019622059026257e-11,1.66494392540799924e-09,3.15125697424907138e-10,9.58305193758794161e-11,1.27019622059026257e-11,-2.13359598259276855e-08,3.73205270431254370e-08,-5.78711374626998768e-09,-1.62920044332010604e-08,19,6,1,5.76460752303767552e+17
72,1,289,-4.90347350071688761e-31,-2.26206901248407406e-10,-2.26209486729495740e-10,-5.83496458017942470e-31,-8.82353229094802684e-09,-4.60332834996632601e-08,3.72097512087152349e-08,4.60332834996632601e-08,6.99657939032606448e-08,-6.64571971744534515e-31,4.54535162226955609e-32,-8.66340196437493160e-32,-1.57697569655680252e-32,-4.82907103986462800e-10,-7.16650283896017798e-10,-3.79274204292209613e-10,-2.08867375761129712e-10,-4.82907103986462800e-10,-7.16650283896017798e-10,-3.79274204292209613e-10,-2.08867375761129712e-10,-4.60332834996632601e-08,-2.78482512270400673e-08,1.82626978046788073e-08,2.39325104035973814e-08,19,6,1,5.76460752303767552e+17
72,2,290,-3.84792018656653674e-31,-2.47870915421845254e-09,-2.47870875746495930e-09,-4.58153697615812641e-31,-5.07853188217146940e-09,7.69665664347213870e-08,8.20450983168928556e-08,7.69665664347213870e-08,9.48208941901186478e-08,-5.21535254999684497e-31,3.55990901193170577e-32,-6.79896498366696544e-32,-1.23824030308964004e-32,-4.08768781755499575e-09,-2.32726463009403206e-09,-1.13759303408665092e-09,-5.70097686809321573e-10,-4.08768781755499575e-09,-2.32726463009403206e-09,-1.13759303408665092e-09,-5.70097686809321573e-10,7.69665664347213870e-08,-1.78543277553972675e-08,7.01349886184712131e-08,2.39861775492218547e-08,19,6,1,5.76460752303767552e+17
72,3,291,-3.01976623976770718e-31,1.86999160368666847e-09,1.86998943606044610e-09,-3.59759370608798166e-31,1.58413077256256946e-09,-9.08005906907375165e-09,1.06641898416363211e-08,9.08005906907375165e-09,3.78035104009238036e-08,-4.09309752199492424e-31,2.78786171362871407e-32,-5.33597406073689469e-32,-9.72364123897794905e-33,3.02800891573059197e-09,1.63225151775746453e-09,8.98609348423999519e-10,4.73136797020406920e-10,3.02800891573059197e-09,1.63225151775746453e-09,8.98609348423999519e-10,4.73136797020406920e-10,-9.08005906907375165e-09,-8.66317165545885488e-09,2.87234513318500519e-08,6.78732122773343577e-09,19,6,1,5.76460752303767552e+17
73,0,292,-2.36998942974214189e-31,1.00464660717048482e-09,1.00464643065461818e-09,-2.82513900770112628e-31,-8.00611030336539370e-09,-1.08950983397695146e-08,2.88898803640412089e-09,1.08950983397695146e-08,7.91430892117007623e-09,-3.21253481861435412e-31,2.18309880018558189e-32,-4.18795533361450964e-32,-7.63651340647412318e-33,1.58434181522072307e-09,6.49244784431036264e-10,3.33903393782126352e-10,1.56660471128378508e-10,1.58434181522072307e-09,6.49244784431036264e-10,3.33903393782126352e-10,1.56660471128378508e-10,-1.08950983397695146e-08,-1.80318724141521318e-08,-1.76198071133798429e-08,-1.88094072609395908e-08,19,6,1,5.76460752303767552e+17
73,1,293,-1.86014098599326052e-31,2.32357522431706535e-10,2.32357289451824525e-10,-2.21867148467765096e-31,-1.52417343603964913e-08,-2.58738802958950770e-09,1.26543463308069836e-08,2.58738802958950770e-09,7.64270169944322892e-08,-2.52157139961694049e-31,1.70944167033605202e-32,-3.28706662742101551e-32,-5.99793018337176409e-33,3.21057822531842209e-10,-5.35003673117845173e-11,-2.90186304712945206e-11,-2.81050119566994181e-11,3.21057822531842209e-10,-5.35003673117845173e-11,-2.90186304712945206e-11,-2.81050119566994181e-11,-2.58738802958950770e-09,-4.10010493602373587e-08,-7.90144050240217969e-08,-4.59368626534766531e-08,19,6,1,5.76460752303767552e+17
73,2,294,-1.46006447065442771e-31,4.09249437829564444e-11,4.09238674638824308e-11,-1.74248961692805919e-31,-1.53824007207119395e-08,-1.33730247015385473e-08,2.00937601917339221e-09,1.33730247015385473e-08,5.21985729759724705e-08,-1.97934959313572092e-31,1.33851344412066423e-32,-2.58008292366686020e-32,-4.71135100280696928e-33,1.98905604708229931e-11,-1.57669779910463578e-10,-6.90045473893563461e-11,-4.13042283166419080e-11,1.98905604708229931e-11,-1.57669779910463578e-10,-6.90045473893563461e-11,-4.13042283166419080e-11,-1.33730247015385473e-08,-3.34940104254811651e-08,-5.64039011420077685e-09,1.87045625504913053e-08,19,6,1,5.76460752303767552e+17
73,3,295,-1.14610673970406278e-31,-6.39557326862565571e-10,-6.39557497021303942e-10,-1.36857887491915942e-31,-1.46083497478647050e-08,-2.43392763962949547e-08,9.73092664843024962e-09,2.43392763962949547e-08,5.98046605935849095e-08,-1.55382276885899846e-31,1.04806311637867694e-32,-2.02524662883792663e-32,-3.70104832145604385e-33,-1.06813435497692846e-09,-6.47271239267559714e-10,-3.06001733631585448e-10,-1.55616563017357107e-10,-1.06813435497692846e-09,-6.47271239267559714e-10,-3.06001733631585448e-10,-1.55616563017357107e-10,-2.43392763962949547e-08,-1.50620138204811249e-08,-8.01800379018979075e-09,-6.78226643837747035e-08,19,6,1,5.76460752303767552e+17
74,0,296,-8.99714891168656691e-32,-1.70790216442302632e-09,-1.70790336499365270e-09,-1.07495481713186339e-31,1.31678756718924715e-08,4.40988122617487347e-08,3.09309365898562615e-08,4.40988122617487347e-08,7.52712710792765563e-08,-1.21985419864098211e-31,8.20647955869060307e-33,-1.58979645112577354e-32,-2.90761291271228655e-33,-2.76798054642838958e-09,-1.37866888482278736e-09,-6.58396581357647493e-10,-3.24470318504069087e-10,-2.76798054642838958e-09,-1.37866888482278736e-09,-6.58396581357647493e-10,-3.24470318504069087e-10,4.40988122617487347e-08,3.73717886388689200e-08,9.03921963539137540e-09,-3.11724588175278150e-08,19,6,1,5.76460752303767552e+17
74,1,297,-7.06335954080775191e-32,8.56459015805775261e-10,8.56458016891725154e-10,-8.44363690721849962e-32,-1.64842312142104482e-09,-3.92536682081086650e-08,3.76052450866876219e-08,3.92536682081086650e-08,6.57896662295238942e-08,-9.57726224745103640e-32,6.42597995391160310e-33,-1.24802874592267600e-32,-2.28443137116725720e-33,1.42466547672563566e-09,9.25352881230414641e-10,5.12693604260941261e-10,2.72547235325856731e-10,1.42466547672563566e-09,9.25352881230414641e-10,5.12693604260941261e-10,2.72547235325856731e-10,-3.92536682081086650e-08,2.65359980214152291e-08,-1.24238274242953804e-09,-2.22095376838944476e-08,19,6,1,5.76460752303767552e+17
74,2,298,-5.54554011073056020e-32,-1.26909016850488215e-09,-1.26909168239038700e-09,-6.63263333461093501e-32,-2.86284765679426506e-09,-3.97428934056069972e-09,1.11144168376643465e-09,3.97428934056069972e-09,6.46822950172380547e-08,-7.51971193111093353e-32,5.03202548194440448e-33,-9.79776637287911879e-33,-1.79492526222205627e-33,-2.04050608290780241e-09,-9.81378426668289800e-10,-4.90590083003313516e-10,-2.49840093719917991e-10,-2.04050608290780241e-09,-9.81378426668289800e-10,-4.90590083003313516e-10,-2.49840093719917991e-10,-3.97428934056069972e-09,-6.86565843577987511e-08,-5.14223755039359845e-08,-6.22368820071844264e-09,19,6,1,5.76460752303767552e+17
74,3,299,-4.35413525822500652e-32,-1.17953260774996989e-09,-1.17953371476733546e-09,-5.21023855685595517e-32,2.09497142998025914e-09,-1.11001503989276911e-08,1.31951218289079499e-08,1.11001503989276911e-08,1.98368833952010846e-07,-5.90454705331319129e-32,3.94071397706054040e-33,-7.69216910049611857e-33,-1.41038699436351252e-33,-1.86561780107193688e-09,-7.53719004591673739e-10,-3.56888505892532642e-10,-1.69932445273060034e-10,-1.86561780107193688e-09,-7.53719004591673739e-10,-3.56888505892532642e-10,-1.69932445273060034e-10,-1.11001503989276911e-08,-1.99119290294378099e-08,-1.78569314272735202e-07,1.97995196792756376e-08,19,6,1,5.76460752303767552e+17
75,0,300,-3.41888693547358123e-32,-1.45610726340282050e-09,-1.45610788682025296e-09,-4.09300657034280159e-32,-5.32897893853374396e-09,-1.36502064376495882e-08,8.32122749911584344e-09,1.36502064376495882e-08,9.25130533565362676e-08,-4.63656725111748935e-32,3.08633346228561443e-33,-6.03934046247938183e-33,-1.10828323940154905e-33,-2.29155436905334373e-09,-8.84667359379400955e-10,-4.21621743711910117e-10,-1.98855667070875767e-10,-2.29155436905334373e-09,-8.84667359379400955e-10,-4.21621743711910117e-10,-1.98855667070875767e-10,-1.36502064376495882e-08,2.56493122508046463e-08,-6.68637411057316247e-08,-2.95449376780140712e-08,19,6,1,5.76460752303767552e+17
75,1,301,-2.68467300034336196e-32,-1.79262526239622604e-09,-1.79262369261654129e-09,-3.21542582869624019e-32,2.74197268877786627e-09,2.13338812570098498e-08,1.85919085682319823e-08,2.13338812570098498e-08,6.69986694616463039e-08,-3.64107827873373157e-32,2.41742732402707958e-33,-4.74185990126727906e-33,-8.70924722012797149e-34,-2.81270904948072662e-09,-1.05830164805402376e-09,-5.08965698832743750e-10,-2.39189698966246524e-10,-2.81270904948072662e-09,-1.05830164805402376e-09,-5.08965698832743750e-10,-2.39189698966246524e-10,2.13338812570098498e-08,4.96589883324600060e-09,7.19645682948923012e-08,4.26531658746071597e-08,19,6,1,5.76460752303767552e+17
75,2,302,-2.10824374085480275e-32,-3.17407204041297568e-10,-3.17404546086817398e-10,-2.52606060025423890e-32,3.51691515905690681e-09,6.49832196575176837e-08,6.14663044984607778e-08,6.49832196575176837e-08,1.13819581873798432e-07,-2.85947100839176953e-32,1.89370779415074755e-33,-3.72328163358668427e-33,-6.84423124599028000e-34,-4.03104146909656812e-10,2.43807640147729640e-10,1.41491472837744501e-10,8.98777581346578586e-11,-4.03104146909656812e-10,2.43807640147729640e-10,1.41491472837744501e-10,8.98777581346578586e-11,6.49832196575176837e-08,-1.01965580703594072e-08,4.25869203311057254e-08,-4.88363622162807485e-08,19,6,1,5.76460752303767552e+17
75,3,303,-1.65566251797846713e-32,2.99331380019456224e-09,2.99331416740580903e-09,-1.98452349706240759e-32,2.06272659042529727e-09,-7.81557196295716789e-08,8.02184462199969696e-08,7.81557196295716789e-08,8.02152266327568850e-08,-2.24575431170920717e-32,1.48363566610149690e-33,-2.92361620087057341e-33,-5.37873023285259582e-34,4.92792719803828027e-09,2.79376267731691108e-09,1.38213068861057897e-09,6.97716552108146080e-10,4.92792719803828027e-09,2.79376267731691108e-09,1.38213068861057897e-09,6.97716552108146080e-10,-7.81557196295716789e-08,-2.66717835037246431e-08,2.05950700318520611e-09,-5.76709932682973040e-08,19,6,1,5.76460752303767552e+17
76,0,304,-1.30029854356726377e-32,-1.52748559332439904e-09,-1.52748542769585343e-09,-1.55909992334707189e-32,2.06749810601553588e-08,-8.89327183853893526e-08,1.09607699445544708e-07,8.89327183853893526e-08,1.19113431318068261e-07,-1.76383589886680993e-32,1.16252303792642381e-33,-2.29578582176055973e-33,-4.22710217185574186e-34,-2.48084897359281963e-09,-1.38993868319264644e-09,-7.83058045140143690e-10,-4.18345516731309376e-10,-2.48084897359281963e-09,-1.38993868319264644e-09,-7.83058045140143690e-10,-4.18345516731309376e-10,-8.89327183853893526e-08,2.43128135376176158e-08,-9.48006177804506420e-08,-2.01736647899702050e-08,19,6,1,5.76460752303767552e+17
76,1,305,-1.02125261825470013e-32,-5.59190896476825979e-09,-5.59190948295320864e-09,-1.22488389174004076e-32,-3.09053147474461970e-09,9.86572392520707596e-08,1.01747770726815379e-07,9.86572392520707596e-08,1.72752321145243344e-07,-1.38538965674845763e-32,9.11046496578910815e-34,-1.80284362653729705e-33,-3.32208343649523425e-34,-9.01202382647339029e-09,-4.42540807401534129e-09,-2.22947008420353593e-09,-1.10847584220384858e-09,-9.01202382647339029e-09,-4.42540807401534129e-09,-2.22947008420353593e-09,-1.10847584220384858e-09,9.86572392520707596e-08,-2.02954903046893728e-08,-1.88944808259477341e-08,1.52456830840553958e-07,19,6,1,5.76460752303767552e+17
76,2,306,-8.02122382507988366e-33,5.48858175803826556e-10,5.48858419628884796e-10,-9.62314993131612456e-33,1.88945409380862432e-08,-1.39017584373676560e-07,1.57912125311762806e-07,1.39017584373676560e-07,2.45845012026921148e-07,-1.08818289222546147e-32,7.14082271759634090e-34,-1.41579210384676481e-33,-2.61083919694608769e-34,1.04988933918359252e-09,1.25384506602385522e-09,7.12465863685643928e-10,4.10540506568581444e-10,1.04988933918359252e-09,1.25384506602385522e-09,7.12465863685643928e-10,4.10540506568581444e-10,-1.39017584373676560e-07,9.99742654641616151e-08,-1.45870746562759533e-07,-4.55152286796536062e-08,19,6,1,5.76460752303767552e+17
76,3,307,-6.30033809156894276e-33,-6.42007562366982107e-09,-6.42007475896175293e-09,-7.56030088972239199e-33,-2.31559972965037886e-09,-8.21267927266319698e-09,5.89707954301281812e-09,8.21267927266319698e-09,1.11903492182894892e-07,-8.54764223678784168e-33,5.59793867425831235e-34,-1.11187158986643249e-33,-2.05186409620631402e-34,-1.02651788204000295e-08,-4.71783524518888186e-09,-2.36824962930095729e-09,-1.17343632583755770e-09,-1.02651788204000295e-08,-4.71783524518888186e-09,-2.36824962930095729e-09,-1.17343632583755770e-09,-8.21267927266319698e-09,3.62822019965191166e-08,-7.56212901863757753e-08,2.69179309271555580e-08,19,6,1,5.76460752303767552e+17
77,0,308,-4.94881485400921225e-33,-5.36635377784537118e-09,-5.36635333529664708e-09,-5.93961940247158519e-33,1.19482866127567125e-08,4.47208470795350386e-08,3.27725604667783278e-08,4.47208470795350386e-08,2.47642281143618276e-07,-6.71434297227097004e-33,4.38917610708075883e-34,-8.73217478689700768e-34,-1.61254978781197138e-34,-8.42536991211618737e-09,-3.16547117437302376e-09,-1.50252676210418020e-09,-6.91672372833386794e-10,-8.42536991211618737e-09,-3.16547117437302376e-09,-1.50252676210418020e-09,-6.91672372833386794e-10,4.47208470795350386e-08,3.21096944118872169e-08,-1.49989999993898856e-07,9.76522811497194329e-08,19,6,1,5.76460752303767552e+17
77,1,309,-3.88732636273054435e-33,-1.89835442715565121e-09,-1.89835565406532585e-09,-4.66631605882546842e-33,2.56302543732765078e-08,4.36344426126386755e-08,1.80041882393621677e-08,4.36344426126386755e-08,8.63342124219586994e-08,-5.27438308337617910e-33,3.44203299074794672e-34,-6.85806678204429078e-34,-1.26727557357119159e-34,-2.74183626431069295e-09,-3.25696255126959597e-11,5.48855774193607473e-11,9.11142974151114929e-11,-2.74183626431069295e-09,-3.25696255126959597e-11,5.48855774193607473e-11,9.11142974151114929e-11,4.36344426126386755e-08,-4.17850275302625752e-08,-4.26997698093200239e-08,-3.88057921354072925e-08,19,6,1,5.76460752303767552e+17
77,2,310,-3.05359567009080591e-33,7.55179252398897748e-10,7.55178221562917032e-10,-3.66592905475076001e-33,2.44663281885126724e-08,2.24726014186858288e-08,1.99372676982684358e-09,2.24726014186858288e-08,9.23878770660720543e-09,-4.14332484081090271e-33,2.69976354494384822e-34,-5.38630971494103047e-34,-9.95909435092509265e-35,1.51402772866637972e-09,1.86361530701761004e-09,9.12576410144040578e-10,4.87544151304570567e-10,1.51402772866637972e-09,1.86361530701761004e-09,9.12576410144040578e-10,4.87544151304570567e-10,2.24726014186858288e-08,2.59546230993907588e-08,2.39827648682103439e-08,3.17113891252930343e-08,19,6,1,5.76460752303767552e+17
77,3,311,-2.39872826978570624e-33,1.75836271213765638e-09,1.75836328633553476e-09,-2.87996229174809031e-33,1.71484382469637283e-08,-1.21940044797372537e-07,1.39088483044336258e-07,1.21940044797372537e-07,2.04492560490434560e-07,-3.25487010140435989e-33,2.11795142617050226e-34,-4.23048384776597024e-34,-7.82631086380500426e-35,3.03699730269606878e-09,2.14521566369473152e-09,9.65081997947545860e-10,4.80124329639188002e-10,3.03699730269606878e-09,2.14521566369473152e-09,9.65081997947545860e-10,4.80124329639188002e-10,-1.21940044797372537e-07,8.25525156930620235e-08,-8.65613505484148722e-08,-3.26828622482461443e-08,19,6,1,5.76460752303767552e+17
78,0,312,-1.88433376283162655e-33,-4.63349567939597159e-09,-4.63349594512271328e-09,-2.26246025954790518e-33,2.37887257636919037e-09,6.25502906676456436e-08,6.01714180912764532e-08,6.25502906676456436e-08,3.11655912338217893e-07,-2.55695984494162221e-33,1.66182807293292694e-34,-3.32274205533036461e-34,-6.15007743842520209e-35,-7.39694827275305532e-09,-3.51280008584043491e-09,-1.90225246728580220e-09,-9.69880796721422712e-10,-7.39694827275305532e-09,-3.51280008584043491e-09,-1.90225246728580220e-09,-9.69880796721422712e-10,6.25502906676456436e-08,-1.22915053613714750e-07,1.88740858724503143e-07,8.41824657203453644e-08,19,6,1,5.76460752303767552e+17
78,1,313,-1.48026723462346642e-33,-4.83671347355337176e-10,-4.83670282772049377e-10,-1.77731829401262326e-33,2.66162486343168630e-08,4.74432733266418393e-08,2.08270246923249763e-08,4.74432733266418393e-08,1.68225593580368360e-07,-2.00871328453833672e-33,1.30417438492621785e-34,-2.60981563632385022e-34,-4.83268255723541228e-35,-6.02803509837783005e-10,3.69019833934834379e-10,1.63627247233261729e-10,1.20039618596605366e-10,-6.02803509837783005e-10,3.69019833934834379e-10,1.63627247233261729e-10,1.20039618596605366e-10,4.74432733266418393e-08,3.89181787244951941e-08,-6.12762746797068827e-08,1.06949318900661491e-07,19,6,1,5.76460752303767552e+17
78,2,314,-1.16285677838805873e-33,2.00971056725749668e-09,2.00970970258767323e-09,-1.39617015974440761e-33,1.41983431191341477e-08,2.25749214265331563e-07,2.11550871146197405e-07,2.25749214265331563e-07,2.63381299805490978e-07,-1.57802563330920252e-33,1.02367896823451635e-34,-2.04987974150653744e-34,-3.79732948631200761e-35,3.39096492576293015e-09,2.18862223046724584e-09,1.04155554738989599e-09,5.39146894635451647e-10,3.39096492576293015e-09,2.18862223046724584e-09,1.04155554738989599e-09,5.39146894635451647e-10,2.25749214265331563e-07,8.20086726143649656e-08,-3.76320855401594151e-08,3.34707089210506652e-08,19,6,1,5.76460752303767552e+17
78,3,315,-9.13512415415394144e-34,1.27627426836639164e-08,1.27627413163579169e-08,-1.09672891830587953e-33,1.49488554901111739e-08,1.60172821129007512e-09,1.33471272788210988e-08,1.60172821129007512e-09,1.51308315842650159e-07,-1.23968263701630216e-33,8.03653666665917345e-35,-1.61009327784387546e-34,-2.98365733935341058e-35,2.06765216662132142e-08,1.04111767738862371e-08,5.10016118020144968e-09,2.53895067512018067e-09,2.06765216662132142e-08,1.04111767738862371e-08,5.10016118020144968e-09,2.53895067512018067e-09,1.60172821129007512e-09,4.55729973368272138e-08,-1.05735318505822932e-07,-5.79911482445440239e-08,19,6,1,5.76460752303767552e+17
79,0,316,-7.17634255979421787e-34,9.99220180411893350e-09,9.99220301955092623e-09,-8.61483725253748567e-34,2.40451275264737771e-08,1.36528071044368204e-07,1.12482943517894427e-07,1.36528071044368204e-07,2.95724844005438586e-07,-9.73880582782880642e-34,6.31028647847990636e-35,-1.26466804928778248e-34,-2.34422219177769494e-35,1.58481279984876212e-08,6.41585292219566998e-09,2.90463495875125950e-09,1.33560383827656192e-09,1.58481279984876212e-08,6.41585292219566998e-09,2.90463495875125950e-09,1.33560383827656192e-09,1.36528071044368204e-07,-1.36858375489452540e-07,1.58866468515986073e-07,-3.01760597923445899e-08,19,6,1,5.76460752303767552e+17
79,1,317,-5.63755460858644627e-34,1.44447493916931686e-08,1.44447499515394362e-08,-6.76676133930592643e-34,-6.73028556179587404e-09,-7.53325078593546713e-08,6.86022222975588023e-08,7.53325078593546713e-08,1.23739218580546023e-07,-7.65064488441190027e-34,4.95566198869307556e-35,-9.93353192481982851e-35,-1.84173218169847680e-35,2.28461660762361994e-08,9.20577452646847838e-09,4.34158117033914597e-09,2.05279188788155017e-09,2.28461660762361994e-08,9.20577452646847838e-09,4.34158117033914597e-09,2.05279188788155017e-09,-7.53325078593546713e-08,3.16309699518732464e-08,4.84067107211913516e-08,-4.64418390532985207e-08,19,6,1,5.76460752303767552e+17
79,2,318,-4.42869455464677717e-34,7.37345055960034481e-09,7.37345133004699331e-09,-5.31495910992057754e-34,-1.56709260586158526e-08,-5.56805660093853713e-08,4.00096399507695220e-08,5.56805660093853713e-08,2.54016867279058933e-07,-6.01015992801149736e-34,3.89245614330568254e-35,-7.80245514988212480e-35,-1.44687484157111424e-35,1.11591009082591684e-08,2.36481293003291832e-09,9.19538781758515729e-10,3.07046781267577895e-10,1.11591009082591684e-08,2.36481293003291832e-09,9.19538781758515729e-10,3.07046781267577895e-10,-5.56805660093853713e-08,-1.57464892852316096e-07,9.65519744267428237e-08,-1.56268712237057624e-07,19,6,1,5.76460752303767552e+17
79,3,319,-3.47901742754700801e-34,2.80526197436812717e-09,2.80526218331334689e-09,-4.17449259981763244e-34,-1.03575170842145922e-08,-8.39106511733791945e-08,7.35531340891645974e-08,8.39106511733791945e-08,1.96328664373269721e-07,-4.72137222781547877e-34,3.05781918849245443e-35,-6.12855600272181678e-35,-1.13660966460684022e-35,3.76929240759840445e-09,-1.12193256646047776e-09,-6.22737453635365606e-10,-4.06304690411414034e-10,3.76929240759840445e-09,-1.12193256646047776e-09,-6.22737453635365606e-10,-4.06304690411414034e-10,-8.39106511733791945e-08,1.12418013199890513e-07,-6.03749594543268138e-08,-4.41341779695282417e-08,19,6,1,5.76460752303767552e+17
80,0,320,-2.73295204831621372e-34,-2.13457533298555867e-09,-2.13457493578230541e-09,-3.27862467022450025e-34,-4.59876205719115696e-08,1.09419115811970907e-07,1.55406736383882484e-07,1.09419115811970907e-07,3.49195752779528788e-07,-3.70888485850461567e-34,2.40249276199224638e-35,-4.81374649242109333e-35,-8.92826185372076028e-36,-4.08871616571632238e-09,-4.34516905972633489e-09,-2.03974817658366205e-09,-1.05608110856335118e-09,-4.08871616571632238e-09,-4.34516905972633489e-09,-2.03974817658366205e-09,-1.05608110856335118e-09,1.09419115811970907e-07,-1.35792144217415115e-07,3.76233105604549055e-08,-2.39776636967557868e-07,19,6,1,5.76460752303767552e+17
80,1,321,-2.14684483998128274e-34,3.63125692429602751e-09,3.63125724439330951e-09,-2.57491924471140566e-34,-5.23520850538318606e-09,-1.24295204638898610e-08,7.19431195850667491e-09,1.24295204638898610e-08,1.17231887771026816e-07,-2.91346712964534528e-34,1.88786284977196986e-35,-3.78098877909427084e-35,-7.01289259765621295e-36,5.46204010086381471e-09,1.50410058955572517e-09,1.04474115371843391e-09,5.42856560450475432e-10,5.46204010086381471e-09,1.50410058955572517e-09,1.04474115371843391e-09,5.42856560450475432e-10,-1.24295204638898610e-08,3.99979684459528891e-08,-3.12492837645946500e-08,-7.72339193250739199e-08,19,6,1,5.76460752303767552e+17
80,2,322,-1.68640289923051480e-34,2.12512734110282720e-09,2.12512810886126443e-09,-2.02217722836279401e-34,-3.30959427836629139e-08,-1.90487083893563366e-07,1.57391141109900452e-07,1.90487083893563366e-07,4.13533899748848044e-07,-2.28858697012338551e-34,1.48365327803739361e-35,-2.96977586895988850e-35,-5.50810031762372762e-36,3.05863528267521518e-09,3.15190046522214075e-10,3.66127910467926510e-10,1.59219365810824107e-10,3.05863528267521518e-09,3.15190046522214075e-10,3.66127910467926510e-10,1.59219365810824107e-10,-1.90487083893563366e-07,8.50664083884166061e-08,1.08334210269359591e-08,2.23046815855284652e-07,19,6,1,5.76460752303767552e+17
80,3,323,-1.32468602422261115e-34,-7.85332804280941035e-09,-7.85332924211425311e-09,-1.58802895935293564e-34,-2.80514014480963205e-08,-1.98761418665955273e-07,1.70710017217858945e-07,1.98761418665955273e-07,3.49399990360102831e-07,-1.79768757053356190e-34,1.16612027064440965e-35,-2.33258311713730367e-35,-4.32594265189658907e-36,-1.30115341042371364e-08,-7.53611821361311325e-09,-3.58738900695149977e-09,-1.82350744407939341e-09,-1.30115341042371364e-08,-7.53611821361311325e-09,-3.58738900695149977e-09,-1.82350744407939341e-09,-1.98761418665955273e-07,1.50638571694147559e-07,-1.42357095702925018e-07,4.50361209035290843e-08,19,6,1,5.76460752303767552e+17
81,0,324,-1.04052973683033051e-34,-1.59958066839103802e-08,-1.59958071271304251e-08,-1.24704247490620712e-34,9.31949355339821671e-09,1.26354117939140364e-07,1.17034624385742141e-07,1.26354117939140364e-07,3.61939459017055611e-07,-1.41204840536724412e-34,9.16638998535567094e-36,-1.83208184858097496e-35,-3.39730076231176617e-36,-2.58721075054162111e-08,-1.26396837671003613e-08,-5.98914020128848096e-09,-2.93762683401705630e-09,-2.58721075054162111e-08,-1.26396837671003613e-08,-5.98914020128848096e-09,-2.93762683401705630e-09,1.26354117939140364e-07,-1.31867654287090689e-07,-1.41040378123140451e-07,2.20899080893915186e-07,19,6,1,5.76460752303767552e+17
81,1,325,-8.17306712782353724e-35,-6.15704524134817189e-09,-6.15704599292351858e-09,-9.79237052926520757e-35,4.06645283544792077e-08,-1.02942458751381848e-07,1.43606987105861042e-07,1.02942458751381848e-07,2.07071105961314155e-07,-1.10910513786862773e-34,7.20596820810466361e-36,-1.43895130485442732e-35,-2.66785236247273889e-36,-9.53076267013647196e-09,-2.60656328086913095e-09,-8.27478557032889408e-10,-2.60608178299834632e-10,-9.53076267013647196e-09,-2.60656328086913095e-09,-8.27478557032889408e-10,-2.60608178299834632e-10,-1.02942458751381848e-07,-3.73523261049353125e-08,-6.71269665089582870e-09,1.04128647209932307e-07,19,6,1,5.76460752303767552e+17
81,2,326,-6.41953943273173510e-35,-9.77831734173555349e-09,-9.77831707867914520e-09,-7.68915191470952553e-35,1.20359521769856457e-08,-2.79320226655482523e-08,3.99679748425338946e-08,2.79320226655482523e-08,2.02593047210571019e-07,-8.71129888933049876e-35,5.66526507623557205e-36,-1.13016035423983145e-35,-2.09490603170438110e-36,-1.53060708850783394e-08,-5.46327196096143238e-09,-2.48065375806825483e-09,-1.15575297421673584e-09,-1.53060708850783394e-08,-5.46327196096143238e-09,-2.48065375806825483e-09,-1.15575297421673584e-09,-2.79320226655482523e-08,1.74661024545022780e-07,8.82695019589432301e-09,7.07633846135887344e-09,19,6,1,5.76460752303767552e+17
81,3,327,-5.04208575114721933e-35,-8.86458309482336286e-09,-8.86458578027976831e-09,-6.03744803091778470e-35,4.33252917645933308e-08,1.06168151124381051e-07,6.28428593597877201e-08,1.06168151124381051e-07,1.37055020602723259e-07,-6.84194523288483668e-35,4.45427271807772927e-36,-8.87618048386350399e-36,-1.64491258358754407e-36,-1.36919946073771799e-08,-4.21584152130588238e-09,-1.93590255358566241e-09,-8.75237338959141584e-10,-1.36919946073771799e-08,-4.21584152130588238e-09,-1.93590255358566241e-09,-8.75237338959141584e-10,1.06168151124381051e-07,1.51299714396666753e-07,1.42446937939434807e-08,4.19716416088057067e-08,19,6,1,5.76460752303767552e+17
82,0,328,-3.96007637456403082e-35,-1.49073345971805692e-09,-1.49073404556745004e-09,-4.74038022559616418e-35,-2.57712371858824249e-09,-1.61349275708435265e-08,1.35578038522552840e-08,1.61349275708435265e-08,2.23604893234587077e-07,-5.37356222840588329e-35,3.50232802333635012e-36,-6.97113804408141515e-36,-1.29150868705664882e-36,-1.70205134906555551e-09,1.94839938764096111e-09,1.04797523316878870e-09,6.12120931255078309e-10,-1.70205134906555551e-09,1.94839938764096111e-09,1.04797523316878870e-09,6.12120931255078309e-10,-1.61349275708435265e-08,8.75461776769835280e-08,-1.11354527642143564e-07,-1.36058715557603549e-07,19,6,1,5.76460752303767552e+17
82,1,329,-3.11016486116366444e-35,-1.80908384373780633e-09,-1.80908414828964403e-09,-3.72184512205406485e-35,2.62748053111013440e-08,-2.87260868566380404e-07,3.13535673877481731e-07,2.87260868566380404e-07,4.14406185199409444e-07,-4.22017659831323820e-35,2.75394379718830928e-36,-5.47485018773599613e-36,-1.01397891973003031e-36,-2.36039922598340484e-09,8.27495562205517620e-10,2.79716164204893956e-10,1.62241607424446487e-10,-2.36039922598340484e-09,8.27495562205517620e-10,2.79716164204893956e-10,1.62241607424446487e-10,-2.87260868566380404e-07,-1.00459424984685081e-07,1.27145316633029040e-07,-1.53428649159267063e-08,19,6,1,5.76460752303767552e+17
82,2,330,-2.44258349912991790e-35,-1.55105385564882526e-08,-1.55105385568953247e-08,-2.92206172253644857e-35,2.21366239767545713e-08,-4.35457804436974118e-08,6.56824044204519897e-08,4.35457804436974118e-08,4.26178777431082839e-07,-3.31424321017235044e-35,2.16554102115888392e-36,-4.29963283868116473e-36,-7.96046780016744272e-37,-2.46141572830420431e-08,-1.07929348292040005e-08,-5.59678109163757223e-09,-2.78690003828377201e-09,-2.46141572830420431e-08,-1.07929348292040005e-08,-5.59678109163757223e-09,-2.78690003828377201e-09,-4.35457804436974118e-08,3.82632996987385454e-07,1.69828568749468357e-07,1.68382816571196774e-07,19,6,1,5.76460752303767552e+17
82,3,331,-1.91823292753645169e-35,-1.41034517940573896e-08,-1.41034526391781368e-08,-2.29407252534288922e-35,6.13219875274087081e-08,9.27921319363993173e-08,3.14701444089906091e-08,9.27921319363993173e-08,3.79966011175878149e-07,-2.60269572095773683e-35,1.70288684013876711e-36,-3.37660868433680426e-36,-6.24924319502921559e-37,-2.20692904656223859e-08,-8.18612590295277017e-09,-4.04854749443527154e-09,-1.88395639389243488e-09,-2.20692904656223859e-08,-8.18612590295277017e-09,-4.04854749443527154e-09,-1.88395639389243488e-09,9.27921319363993173e-08,9.48194755516923706e-08,2.78349027265252409e-07,-1.01616983910625726e-07,19,6,1,5.76460752303767552e+17
83,0,332,-1.50639560216217155e-35,-6.20172117798923296e-09,-6.20172126357003645e-09,-1.80099431777942013e-35,1.78579623248583091e-08,1.45638577118868870e-07,1.27780614794010565e-07,1.45638577118868870e-07,4.20662849363627612e-07,-2.04384362639589158e-35,1.33908538057586616e-36,-2.65167357893809300e-36,-4.90565097315879262e-37,-9.12140865257239090e-09,-9.94328662936908947e-10,-4.21009591398392677e-10,-4.33169642605607466e-11,-9.12140865257239090e-09,-9.94328662936908947e-10,-4.21009591398392677e-10,-4.33169642605607466e-11,1.45638577118868870e-07,-2.18145481166253877e-08,3.98848301247002198e-07,2.15615114055378437e-07,19,6,1,5.76460752303767552e+17
83,1,333,-1.18293934181454894e-35,2.58343313494531059e-09,2.58343309203632382e-09,-1.41385807125099006e-35,2.23534828266976613e-08,8.87746187066627033e-08,6.64211358799650420e-08,8.87746187066627033e-08,3.84590033453387771e-07,-1.60493427338278861e-35,1.05300173014148152e-36,-2.08232815258633049e-36,-3.85076980853009248e-37,5.00412564662243547e-09,5.58020945110237278e-09,2.68935289401482230e-09,1.44389221965951533e-09,5.00412564662243547e-09,5.58020945110237278e-09,2.68935289401482230e-09,1.44389221965951533e-09,8.87746187066627033e-08,-2.33596743586010551e-07,-4.33720366627744269e-09,1.50993289867377220e-07,19,6,1,5.76460752303767552e+17
83,2,334,-9.28905888838230787e-36,6.56778695073771150e-09,6.56778608465597678e-09,-1.10991175374874202e-35,1.63018597822311324e-08,2.60837997346029303e-07,2.44536137563798160e-07,2.60837997346029303e-07,3.32491671786174220e-07,-1.26023730869455510e-35,8.28025395532026005e-37,-1.63518898710203274e-36,-3.02260611442254466e-37,1.11513567181893588e-08,7.25668206632588967e-09,3.29187740136132464e-09,1.64452308764870120e-09,1.11513567181893588e-08,7.25668206632588967e-09,3.29187740136132464e-09,1.64452308764870120e-09,2.60837997346029303e-07,5.54790988665149315e-08,-7.16536744401449178e-08,-5.08585443380075373e-08,19,6,1,5.76460752303767552e+17
83,3,335,-7.29401953480779392e-36,1.81122084795174651e-08,1.81122076146529722e-08,-8.71286898117263192e-36,1.25855108036214320e-09,-4.39728401712109232e-08,4.52313912515730656e-08,4.39728401712109232e-08,6.46829861837975413e-07,-9.89539599395722683e-36,6.51099882583436526e-37,-1.28403356914640243e-36,-2.37246660398320825e-37,2.94765511900847538e-08,1.50080085071149896e-08,7.04968280749400661e-09,3.46344704225569973e-09,2.94765511900847538e-08,1.50080085071149896e-08,7.04968280749400661e-09,3.46344704225569973e-09,-4.39728401712109232e-08,2.37619891865283233e-07,-4.09209969972692180e-07,1.57025669121646514e-08,19,6,1,5.76460752303767552e+17
84,0,336,-5.72727910250120361e-36,1.19127386321656575e-08,1.19127417898678342e-08,-6.83951000202180897e-36,-8.87636920941350672e-08,7.26521930989802398e-08,1.61415885193115307e-07,7.26521930989802398e-08,5.83075084520358821e-07,-7.76962664353633963e-36,5.11960946458908810e-37,-1.00826452081747549e-36,-1.86210745768360319e-37,1.89059303237333470e-08,7.39568558693515989e-09,3.06419854905025084e-09,1.35758039857137626e-09,1.89059303237333470e-08,7.39568558693515989e-09,3.06419854905025084e-09,1.35758039857137626e-09,7.26521930989802398e-08,-1.43054793994929211e-07,-3.15823690065516910e-07,2.67251394454841964e-07,19,6,1,5.76460752303767552e+17
84,1,337,-4.49693214812474954e-36,1.27576771737257747e-08,1.27576767754755577e-08,-5.36884509177746315e-36,3.83071154248683453e-08,6.97004568955453278e-07,6.58697453530584946e-07,6.97004568955453278e-07,7.16375694175333236e-07,-6.10033510779119623e-36,4.02538504438954137e-37,-7.91703178094045282e-37,-1.46149396941342825e-37,2.00161001279612417e-08,7.17370931983146681e-09,3.12489855884192277e-09,1.42199260568969316e-09,2.00161001279612417e-08,7.17370931983146681e-09,3.12489855884192277e-09,1.42199260568969316e-09,6.97004568955453278e-07,1.26963722499534129e-07,-1.93711252198799050e-08,7.60582377901306284e-08,19,6,1,5.76460752303767552e+17
84,2,338,-3.53078528186236446e-36,4.42701542308662163e-08,4.42701548746062468e-08,-4.21434287114056416e-36,-1.17353100750569726e-08,3.93936124173879679e-07,4.05671434248936650e-07,3.93936124173879679e-07,6.77639269988303452e-07,-4.78954580459674125e-36,3.16486944051307421e-37,-6.21641882278482651e-37,-1.14704005800932098e-37,7.07458543541548681e-08,3.19449940028359827e-08,1.56616797430822831e-08,7.70105444408929715e-09,7.07458543541548681e-08,3.19449940028359827e-08,1.56616797430822831e-08,7.70105444408929715e-09,3.93936124173879679e-07,2.34014203705845540e-07,-1.07826307927376965e-07,-2.83703145814423773e-07,19,6,1,5.76460752303767552e+17
84,3,339,-2.77213111368786922e-36,5.36858796277427607e-08,5.36858815220297408e-08,-3.30805721469137512e-36,-1.08799194410473764e-07,-3.84334590070089940e-07,2.75535395659616176e-07,3.84334590070089940e-07,7.55127922919508202e-07,-3.76030145347679393e-36,2.48816184402394608e-37,-4.88099502487569324e-37,-9.00224956075917820e-38,8.50075045891287558e-08,3.48824489557608540e-08,1.66962168862796320e-08,7.93612242701812097e-09,8.50075045891287558e-08,3.48824489557608540e-08,1.66962168862796320e-08,7.93612242701812097e-09,-3.84334590070089940e-07,-1.00078693285035405e-07,3.70793332849418262e-07,-1.85319107958698979e-07,19,6,1,5.76460752303767552e+17
85,0,340,-2.17642790800625035e-36,2.22628490975107973e-08,2.22628496855470229e-08,-2.59663774003972760e-36,-2.79352518601036076e-08,2.64081368119652780e-08,5.43433886720688855e-08,2.64081368119652780e-08,8.79535550536443757e-07,-2.95215632892640969e-36,1.95601819330558879e-37,-3.83236607992595823e-37,-7.06506345246899046e-38,3.32492320150263678e-08,5.09807947083412206e-09,1.66647083121204512e-09,2.58718600381221571e-10,3.32492320150263678e-08,5.09807947083412206e-09,1.66647083121204512e-09,2.58718600381221571e-10,2.64081368119652780e-08,1.67401545470153813e-07,-3.92850645472493703e-07,-7.12134005066289997e-07,19,6,1,5.76460752303767552e+17
85,1,341,-1.70869087901370905e-36,1.80055898189549405e-08,1.80055889230607356e-08,-2.03819615124745337e-36,-9.85459813457460890e-08,-8.04119921144300647e-08,1.81339892313160243e-08,8.04119921144300647e-08,1.01780741258694895e-06,-2.31763543048374842e-36,1.53757347509955717e-37,-3.00896056255660772e-37,-5.54466471849395385e-38,2.64599443534429355e-08,2.96054616176721878e-09,1.37038740277646963e-09,3.64144031404399970e-10,2.64599443534429355e-08,2.96054616176721878e-09,1.37038740277646963e-09,3.64144031404399970e-10,-8.04119921144300647e-08,-1.66693687572861643e-07,-5.72460953087487646e-07,4.45346459499461309e-07,19,6,1,5.76460752303767552e+17
85,2,342,-1.34144264195860803e-36,9.44902800293558104e-09,9.44902764567693953e-09,-1.59984495162701522e-36,-8.60958724941311796e-08,-4.13010529686066807e-07,3.26914657191935614e-07,4.13010529686066807e-07,1.87781701918668146e-07,-1.81945261424729883e-36,1.20855158405719529e-37,-2.36242104163103954e-37,-4.35141351920696429e-38,1.28550442582658868e-08,-2.44408226808105232e-09,-8.58814297467658913e-10,-6.34028005013042711e-10,1.28550442582658868e-08,-2.44408226808105232e-09,-8.58814297467658913e-10,-6.34028005013042711e-10,-4.13010529686066807e-07,-3.60432370865030253e-07,-2.25228827767398661e-07,-3.36730109816225350e-07,19,6,1,5.76460752303767552e+17
85,3,343,-1.05310300627594126e-36,-1.35999423038355017e-08,-1.35999422509968750e-08,-1.25576435403988390e-36,-8.84909580779177283e-08,-1.68063424457478621e-07,7.95724663795608924e-08,1.68063424457478621e-07,9.36463365715938015e-07,-1.42832506571575869e-36,9.49858141133873772e-38,-1.85476916709497016e-37,-3.41493848027774177e-38,-2.39807370903803944e-08,-1.88766782004991448e-08,-8.72661356767869535e-09,-4.47207711084420386e-09,-2.39807370903803944e-08,-1.88766782004991448e-08,-8.72661356767869535e-09,-4.47207711084420386e-09,-1.68063424457478621e-07,-4.22590600166970185e-07,3.91290941577048108e-07,5.13872765548967830e-07,19,6,1,5.76460752303767552e+17
86,0,344,-8.26723966334347858e-37,-1.92708055862399980e-08,-1.92708065490692544e-08,-9.85684111004509765e-37,-3.06946288004319193e-07,-6.61433888409288341e-08,2.40802899163390346e-07,6.61433888409288341e-08,1.19456669219557795e-07,-1.12125633050946584e-36,7.46474177187261718e-38,-1.45617877245360215e-37,-2.67999792247248306e-38,-3.22213389177121058e-08,-1.88832381141802638e-08,-8.24030562863260823e-09,-4.01264056183406324e-09,-3.22213389177121058e-08,-1.88832381141802638e-08,-8.24030562863260823e-09,-4.01264056183406324e-09,-6.61433888409288341e-08,-7.57890143205556508e-08,-1.85600058060486642e-07,-1.48805965324971226e-07,19,6,1,5.76460752303767552e+17
86,1,345,-6.48995915180081954e-37,-1.84272754860199829e-08,-1.84272746884275481e-08,-7.73691264557752776e-37,-1.29256756082283595e-09,1.43482807724513843e-07,1.44775375285336688e-07,1.43482807724513843e-07,1.03213820625396391e-06,-8.80187493429677975e-37,5.86586234993050926e-38,-1.14322661782198832e-37,-2.10322927430246929e-38,-3.00014941771614445e-08,-1.43696888631120864e-08,-5.87715977009528667e-09,-2.74155624541406667e-09,-3.00014941771614445e-08,-1.43696888631120864e-08,-5.87715977009528667e-09,-2.74155624541406667e-09,1.43482807724513843e-07,-3.53320867768610890e-07,6.78685872396854158e-07,-3.53452333857109752e-07,19,6,1,5.76460752303767552e+17
86,2,346,-5.09466955083412604e-37,-7.21867962193690224e-09,-7.21867865642362668e-09,-6.07293893380827504e-37,-8.49469658944177752e-08,-4.86991188944463617e-07,4.02044223050045815e-07,4.86991188944463617e-07,8.75728163513285582e-07,-6.90937606554043891e-37,4.60902283617693274e-38,-8.97518351732417766e-38,-1.65059625830658815e-38,-1.12720262986440988e-08,-2.88463099528330913e-09,-3.36473160715020910e-10,2.10402480078385188e-11,-1.12720262986440988e-08,-2.88463099528330913e-09,-3.36473160715020910e-10,2.10402480078385188e-11,-4.86991188944463617e-07,7.74453802535320936e-08,3.88736974568821965e-07,3.41156402734325092e-07,19,6,1,5.76460752303767552e+17
86,3,347,-3.99929631935961839e-37,-2.96068819443090367e-08,-2.96068828306349821e-08,-4.76685925495145587e-37,-6.72705553756708591e-08,3.13419032501050209e-07,3.80689587876721069e-07,3.13419032501050209e-07,8.76768123195195357e-07,-5.42371369920436269e-37,3.62113697680777292e-38,-7.04609229386505098e-38,-1.29538421767892312e-38,-4.73059245302035051e-08,-2.08977837092818914e-08,-9.83199988632086120e-09,-4.84761435077863929e-09,-4.73059245302035051e-08,-2.08977837092818914e-08,-9.83199988632086120e-09,-4.84761435077863929e-09,3.13419032501050209e-07,7.52541700127043150e-07,-1.24226423068152207e-07,1.79555765830275768e-07,19,6,1,5.76460752303767552e+17
87,0,348,-3.13939206092343872e-37,-7.34061978104126579e-09,-7.34061992504940606e-09,-3.74169863861302484e-37,2.38543484530985158e-07,5.60888655100610395e-07,3.22345170569625237e-07,5.60888655100610395e-07,6.50180647835237306e-07,-4.25745350800879483e-37,2.84472075421898219e-38,-5.53156376314287934e-38,-1.01662600293296950e-38,-1.06585657584050610e-08,1.01644611061245154e-10,7.66071351334414008e-10,6.17533998148517571e-10,-1.06585657584050610e-08,1.01644611061245154e-10,7.66071351334414008e-10,6.17533998148517571e-10,5.60888655100610395e-07,2.78186177172908469e-07,-8.92919927346268847e-08,3.22701006965824230e-07,19,6,1,5.76460752303767552e+17
87,1,349,-2.46435261624726355e-37,2.23277863092461582e-08,2.23277853711854654e-08,-2.93703527200136517e-37,6.87546449580528955e-08,-8.45603190204499938e-07,9.14357835162552847e-07,8.45603190204499938e-07,7.84828978754124410e-07,-3.34194465082162236e-37,2.23456358563952251e-38,-4.34252939118659816e-38,-7.97866032668138331e-39,3.72050566308820895e-08,2.30835571085463800e-08,1.17195482553045215e-08,5.94407412939221180e-09,3.72050566308820895e-08,2.30835571085463800e-08,1.17195482553045215e-08,5.94407412939221180e-09,-8.45603190204499938e-07,-1.72990545756956957e-07,-6.07742114503754747e-08,-2.22964086409236165e-07,19,6,1,5.76460752303767552e+17
87,2,350,-1.93444498200292579e-37,-2.42974688710440940e-08,-2.42974703815229988e-08,-2.30544179822007659e-37,6.13488683830210724e-08,2.60517773301841224e-07,1.99168904918820152e-07,2.60517773301841224e-07,1.95381109887806999e-06,-2.62328646166656117e-37,1.75510969137394506e-38,-3.40905112199495146e-38,-6.26189944412058716e-39,-3.90139298734411731e-08,-1.92843887105942901e-08,-1.02720824636734394e-08,-5.36005535465665210e-09,-3.90139298734411731e-08,-1.92843887105942901e-08,-1.02720824636734394e-08,-5.36005535465665210e-09,2.60517773301841224e-07,1.78501752344642797e-07,1.16302051444927539e-06,-7.90790584428794392e-07,19,6,1,5.76460752303767552e+17
87,3,351,-1.51847297713952507e-37,-5.92239468483589434e-09,-5.92239519081708365e-09,-1.80969137024791472e-37,1.75933958206379841e-07,-9.24399593796933594e-07,1.10033355200331341e-06,9.24399593796933594e-07,1.79497054221788593e-06,-2.05916071872653839e-37,1.37839803435983566e-38,-2.67621394015644585e-38,-4.91462813921153222e-39,-8.79135874157788869e-09,-1.35830184527881777e-09,-6.54962880749769730e-10,-1.95491898772242597e-10,-8.79135874157788869e-09,-1.35830184527881777e-09,-6.54962880749769730e-10,-1.95491898772242597e-10,-9.24399593796933594e-07,5.59215433129033880e-07,-5.14683376190084111e-07,-1.23575510908885205e-06,19,6,1,5.76460752303767552e+17
88,0,352,-1.19194388637485545e-37,-5.01927605762222810e-08,-5.01927590940403680e-08,-1.42056420588465822e-37,-1.72755724455842010e-08,6.21304636912527831e-07,6.38580209358111986e-07,6.21304636912527831e-07,2.02815131580476390e-06,-1.61634384282806192e-37,1.08244163821940470e-38,-2.10089997901703030e-38,-3.85731150894366906e-39,-8.03904099453130769e-08,-3.74993588424330277e-08,-1.88495113831309879e-08,-9.33773235283474351e-09,-8.03904099453130769e-08,-3.74993588424330277e-08,-1.88495113831309879e-08,-9.33773235283474351e-09,6.21304636912527831e-07,-1.49140008179939974e-07,-1.40684667889223607e-06,1.71867284790917925e-07,19,6,1,5.76460752303767552e+17
88,1,353,-9.35628626210862210e-38,-8.04995900018009653e-09,-8.04995723519371988e-09,-1.11512564461582729e-37,8.33650080080474168e-08,2.53243531874426212e-07,1.69878523866378782e-07,2.53243531874426212e-07,1.32212772071070721e-06,-1.26875317020122207e-37,8.49952554308341252e-39,-1.64925505124098516e-38,-3.02753488736687695e-39,-1.11766729150178260e-08,2.24117127792444869e-09,1.77248341676492723e-09,1.36264694597505691e-09,-1.11766729150178260e-08,2.24117127792444869e-09,1.77248341676492723e-09,1.36264694597505691e-09,2.53243531874426212e-07,3.40553927915189791e-07,1.37901275096028330e-06,5.68850302495760865e-08,19,6,1,5.76460752303767552e+17
88,2,354,-7.34431013844997035e-38,6.67919430873706265e-09,6.67919554894861713e-09,-8.75374401262821723e-38,-3.92457235762077022e-08,2.32922858395805991e-07,2.72168581972013687e-07,2.32922858395805991e-07,4.66759093348643444e-07,-9.95912713679679275e-38,6.67338761109493083e-39,-1.29469903730174440e-38,-2.37631936391632046e-39,1.23915717533752189e-08,1.23189203947224607e-08,6.14229585206455399e-09,3.26959604490684749e-09,1.23915717533752189e-08,1.23189203947224607e-08,6.14229585206455399e-09,3.26959604490684749e-09,2.32922858395805991e-07,6.99681951744449435e-07,3.50417313535538623e-07,6.72070264615785237e-07,19,6,1,5.76460752303767552e+17
88,3,355,-5.76499818814565653e-38,1.70408837421660424e-08,1.70408826411223867e-08,-6.87181464082290841e-38,-2.44544290802540651e-08,1.09907675437521733e-07,1.34362104517775785e-07,1.09907675437521733e-07,1.48065752842368350e-06,-7.81748395861518875e-38,5.23915011651061463e-39,-1.01636343064360724e-38,-1.86522992114376411e-39,2.85412739656724333e-08,1.74427393676986226e-08,8.13740358265258652e-09,4.04132541444209448e-09,2.85412739656724333e-08,1.74427393676986226e-08,8.13740358265258652e-09,4.04132541444209448e-09,1.09907675437521733e-07,-1.37074985298616177e-06,-1.08682802961785489e-06,-6.58408783549406755e-07,19,6,1,5.76460752303767552e+17
89,0,356,-4.52531498240001624e-38,1.88588889650033561e-08,1.88588909405346958e-08,-5.39457170215315058e-38,-1.40426662890274994e-07,1.82780171917920166e-07,3.23206834808195160e-07,1.82780171917920166e-07,1.78024020828768720e-06,-6.13642042053668328e-38,4.11282014381948404e-39,-7.97864369887255875e-39,-1.46410578915259183e-39,3.07377504397017778e-08,1.53185503042114680e-08,6.74770042600919789e-09,3.19892338727205425e-09,3.07377504397017778e-08,1.53185503042114680e-08,6.74770042600919789e-09,3.19892338727205425e-09,1.82780171917920166e-07,-7.34745694059440519e-07,1.04549451422824657e-06,6.33921498296692913e-07,19,6,1,5.76460752303767552e+17
89,1,357,-3.55222689861639343e-38,2.37184003617627751e-08,2.37184029578607003e-08,-4.23497409822110302e-38,-2.18359376018885226e-07,-2.45362510281132479e-07,2.70031342622472536e-08,2.45362510281132479e-07,1.33001353865427615e-06,-4.81688587780810807e-38,3.22838060527197698e-39,-6.26339152894202554e-39,-1.14927921695764148e-39,3.79790780943558147e-08,1.65957955871560684e-08,7.38638185967924986e-09,3.48074627101671719e-09,3.79790780943558147e-08,1.65957955871560684e-08,7.38638185967924986e-09,3.48074627101671719e-09,-2.45362510281132479e-07,1.16712482370139575e-07,-3.57566821446970552e-07,9.72446717207305548e-07,19,6,1,5.76460752303767552e+17
89,2,358,-2.78840315535139709e-38,6.17135955751756541e-09,6.17135943206036072e-09,-3.32470448226285829e-38,-2.49550897644864744e-07,-2.03613186685100135e-06,1.78658096920613655e-06,2.03613186685100135e-06,2.19728416703986346e-06,-3.78112871503735011e-38,2.53394861946403617e-39,-4.91689675264703732e-39,-9.02177609789281644e-40,9.04359905241807411e-09,1.48695948837922149e-11,-8.17487962556921822e-10,-6.56383721412006186e-10,9.04359905241807411e-09,1.48695948837922149e-11,-8.17487962556921822e-10,-6.56383721412006186e-10,-2.03613186685100135e-06,-8.45521029643315214e-07,-8.83027679633571524e-07,1.61152300188861999e-07,19,6,1,5.76460752303767552e+17
89,3,359,-2.18884044505585148e-38,-9.62057886849038200e-08,-9.62057876459538798e-08,-2.61014130788129727e-38,-2.17306165762627242e-07,6.25851092191406735e-07,8.43157257954033951e-07,6.25851092191406735e-07,1.97538990165236727e-06,-2.96811744445220805e-38,1.98875382069025481e-39,-3.85988370836175987e-39,-7.08226559324657978e-40,-1.56377968462748408e-07,-8.19363925798933993e-08,-4.12628938436712713e-08,-2.07174965880522717e-08,-1.56377968462748408e-07,-8.19363925798933993e-08,-4.12628938436712713e-08,-2.07174965880522717e-08,6.25851092191406735e-07,9.97859445988224619e-07,-9.23028461273197351e-07,-9.77530455664142654e-07,19,6,1,5.76460752303767552e+17
90,0,360,-1.71821283795847487e-38,-4.38700245424524687e-08,-4.38700240404864836e-08,-2.04919733460107509e-38,1.38617530962528265e-08,1.28500962331447104e-07,1.14639209235194277e-07,1.28500962331447104e-07,6.66359261338231279e-07,-2.32994583407057136e-38,1.56076177464125329e-39,-3.03011764155439362e-39,-5.55989023945578529e-40,-6.90789613242577881e-08,-2.53395784741541067e-08,-1.08243914654549348e-08,-4.51975028384611216e-09,-6.90789613242577881e-08,-2.53395784741541067e-08,-1.08243914654549348e-08,-4.51975028384611216e-09,1.28500962331447104e-07,-1.17593058639365997e-07,3.37622986851655743e-07,-3.28736274486575589e-07,19,6,1,5.76460752303767552e+17
90,1,361,-1.34879119255119081e-38,-2.72707733041417052e-08,-2.72707726974062149e-08,-1.60883824418466999e-38,2.56917171534201273e-09,6.51356162476946814e-07,6.48786990761604766e-07,6.51356162476946814e-07,1.94141308270247108e-06,-1.82901069310176734e-38,1.22480493145764428e-39,-2.37874232686686809e-39,-4.36489838101911254e-40,-4.14839414448821655e-08,-9.28639029088131800e-09,-3.35350783717925851e-09,-1.01171379735262601e-09,-4.14839414448821655e-08,-9.28639029088131800e-09,-3.35350783717925851e-09,-1.01171379735262601e-09,6.51356162476946814e-07,-1.02362755373071302e-06,1.45117387450559869e-07,9.17785528971758064e-07,19,6,1,5.76460752303767552e+17
90,2,362,-1.05880974196129918e-38,1.16365702180854030e-08,1.16365705527941316e-08,-1.26313508408177958e-38,3.00466385223437993e-08,1.26000791862709701e-07,9.59541533403659087e-08,1.26000791862709701e-07,1.10445371340642048e-06,-1.43579631911638501e-38,9.61112862656201975e-40,-1.86740458065779342e-39,-3.42685660711569464e-40,2.14971439345700831e-08,2.16124877032919276e-08,1.12688183122554168e-08,6.02737285742032266e-09,2.14971439345700831e-08,2.16124877032919276e-08,1.12688183122554168e-08,6.02737285742032266e-09,1.26000791862709701e-07,-5.89058634262267953e-07,5.15395079144152526e-07,1.81411711745455956e-07,19,6,1,5.76460752303767552e+17
90,3,363,-8.31183787541164667e-39,1.58288792251979267e-08,1.58288790812993871e-08,-9.91735708263520362e-39,-7.96117192802485912e-08,-1.91959800496309867e-06,1.83998628568285009e-06,1.91959800496309867e-06,2.77938217422618400e-06,-1.12713525358908995e-38,7.54156597692230448e-40,-1.46599665436601455e-39,-2.69049054201154427e-40,2.72870059981705875e-08,1.93377952147537209e-08,8.94355232559189127e-09,4.41781962656322188e-09,2.72870059981705875e-08,1.93377952147537209e-08,8.94355232559189127e-09,4.41781962656322188e-09,-1.91959800496309867e-06,-1.08362762261713542e-06,8.59784169263085544e-07,-6.66766121740634748e-07,19,6,1,5.76460752303767552e+17
91,0,364,-6.52503058663850122e-39,-8.24014659041113912e-08,-8.24014639855528606e-08,-7.78665079585601263e-39,-2.53236450608896897e-08,5.47025670938895005e-07,5.72349315999784715e-07,5.47025670938895005e-07,1.31845129371497181e-06,-8.84842986463688577e-39,5.91740030657892665e-40,-1.15088378397738000e-39,-2.11242122632041183e-40,-1.32374172461184776e-07,-6.44619566128644398e-08,-3.33995784846569917e-08,-1.69019512359920767e-08,-1.32374172461184776e-07,-6.44619566128644398e-08,-3.33995784846569917e-08,-1.69019512359920767e-08,5.47025670938895005e-07,1.57656233638306603e-07,3.14700221431426319e-07,1.47610752735327841e-06,19,6,1,5.76460752303767552e+17
91,1,365,-5.12241499010910983e-39,-3.67300435453728593e-08,-3.67300411334697825e-08,-6.11383683655490104e-39,-3.25194864605687827e-08,7.99451911416056521e-07,8.31971397876625251e-07,7.99451911416056521e-07,1.62955168793432711e-06,-6.94646236375440651e-39,4.64285655206328022e-40,-9.03512669341013675e-40,-1.65860425565822605e-40,-5.67043070259705840e-08,-1.73383697452121999e-08,-8.03384453899446312e-09,-3.33088765294674401e-09,-5.67043070259705840e-08,-1.73383697452121999e-08,-8.03384453899446312e-09,-3.33088765294674401e-09,7.99451911416056521e-07,5.80643869431689702e-07,3.94043980984492298e-07,-8.30099776518270592e-07,19,6,1,5.76460752303767552e+17
91,2,366,-4.02136963765111762e-39,1.16295328990408201e-08,1.16295353281960738e-08,-4.80048522261370453e-39,-3.13217223266792449e-08,7.71064907816316657e-07,8.02386630142995922e-07,7.71064907816316657e-07,2.23917903392062164e-06,-5.45341699641105839e-39,3.64273130105366501e-40,-7.09319039209070828e-40,-1.30232035113495726e-40,2.17419822749687236e-08,2.25411697088568240e-08,1.15350450213057124e-08,6.30361961162128715e-09,2.17419822749687236e-08,2.25411697088568240e-08,1.15350450213057124e-08,6.30361961162128715e-09,7.71064907816316657e-07,-9.55209008861009457e-07,-6.16687932348058452e-07,1.28397002505961218e-06,19,6,1,5.76460752303767552e+17
91,3,367,-3.15704304855947091e-39,4.78050194768202699e-08,4.78050193596743229e-08,-3.76933100280109806e-39,-1.58551828563537704e-07,1.97198332558265268e-06,2.13053515414619028e-06,1.97198332558265268e-06,3.33937018232598804e-06,-4.28135720481662902e-39,2.85798027035109787e-40,-5.56870035721787445e-40,-1.02259861415692448e-40,7.91427134399913708e-08,4.57755953022052147e-08,2.19865602617626703e-08,1.10206971022643417e-08,7.91427134399913708e-08,4.57755953022052147e-08,2.19865602617626703e-08,1.10206971022643417e-08,1.97198332558265268e-06,1.61995754169812157e-07,-5.98974154954371136e-07,-1.36738685674333536e-06,19,6,1,5.76460752303767552e+17
92,0,368,-2.47853168684504558e-39,1.35081541976089714e-07,1.35081539188462065e-07,-2.95972196856253932e-39,4.19766864709493761e-07,3.02701037007488758e-07,1.17065827702005004e-07,3.02701037007488758e-07,2.37762277557722081e-06,-3.36125982552925183e-39,2.24225076369355049e-40,-4.37190956355719213e-40,-8.02979285774589715e-41,2.18403467347582405e-07,1.07368795772511846e-07,5.17913449169709167e-08,2.54522407672869647e-08,2.18403467347582405e-07,1.07368795772511846e-07,5.17913449169709167e-08,2.54522407672869647e-08,3.02701037007488758e-07,-7.55606476903786063e-07,1.19548884498073817e-06,-1.18213393059648243e-06,19,6,1,5.76460752303767552e+17
92,1,369,-1.94587992904831668e-39,1.19795881398349789e-07,1.19795880991973345e-07,-2.32404571740784101e-39,-9.24596873482854540e-08,1.27874013760036377e-06,1.37119982494864926e-06,1.27874013760036377e-06,1.64802735199831657e-06,-2.63894682575651597e-39,1.75915707083779314e-40,-3.43236731795443888e-40,-6.30542895698800203e-41,1.90056083112659354e-07,7.73061299332467488e-08,3.51425147961356140e-08,1.62355696675921992e-08,1.90056083112659354e-07,7.73061299332467488e-08,3.51425147961356140e-08,1.62355696675921992e-08,1.27874013760036377e-06,-2.27342708150874461e-07,1.42068464384744216e-06,6.32083656630494540e-07,19,6,1,5.76460752303767552e+17
92,2,370,-1.52772527491663415e-39,1.55465868821688419e-07,1.55465869903260607e-07,-1.82492534581402141e-39,-6.03691140377674184e-08,1.80657033134627389e-06,1.86693944538404126e-06,1.80657033134627389e-06,2.94487380106376517e-06,-2.07189211537061615e-39,1.38013989500755459e-40,-2.69477030823177162e-40,-4.95148431707455056e-41,2.45324081243803567e-07,9.63235205907575062e-08,4.50826952116610922e-08,2.11497563393230422e-08,2.45324081243803567e-07,9.63235205907575062e-08,4.50826952116610922e-08,2.11497563393230422e-08,1.80657033134627389e-06,-1.13830346971749128e-06,4.97394613032000204e-07,-1.12263086823831273e-06,19,6,1,5.76460752303767552e+17
92,3,371,-1.19945004558051296e-39,2.08797089183251547e-07,2.08797087951544966e-07,-1.43301839089833263e-39,-3.41027164090779816e-07,6.36873834750799783e-07,9.77900998841579546e-07,6.36873834750799783e-07,2.10805010213932319e-06,-1.62671523157190487e-39,1.08278482947093026e-40,-2.11570567765217788e-40,-3.88835515724772886e-41,3.28864846650501078e-07,1.28201564906075543e-07,6.12872246514912125e-08,2.89800811339202713e-08,3.28864846650501078e-07,1.28201564906075543e-07,6.12872246514912125e-08,2.89800811339202713e-08,6.36873834750799783e-07,-1.34557398972222123e-06,-1.47117626738852341e-06,2.81876647290802286e-07,19,6,1,5.76460752303767552e+17
93,0,372,-9.41730643476442142e-40,1.91746005973646473e-07,1.91746005695610264e-07,-1.12528922641384790e-39,-7.60899682229303679e-08,-1.00013223658514011e-06,9.24042268362209688e-07,1.00013223658514011e-06,2.41725201204785875e-06,-1.27721415936787065e-39,8.49501602807721668e-41,-1.66109436728909258e-40,-3.05355267880636169e-41,2.97988721560910779e-07,9.98860086727277689e-08,4.70564974393935413e-08,2.13385686656370180e-08,2.97988721560910779e-07,9.98860086727277689e-08,4.70564974393935413e-08,2.13385686656370180e-08,-1.00013223658514011e-06,-1.79093848259827093e-06,-3.41738424863299886e-06,-3.13544750808546610e-06,19,6,1,5.76460752303767552e+17
93,1,373,-7.39398867892209173e-40,9.67969877449279783e-08,9.67969876206015279e-08,-8.83653048054228380e-40,-8.35288820428840147e-07,-6.51096725823142468e-08,7.70179147846525900e-07,6.51096725823142468e-08,2.22984261948987043e-06,-1.00282132003551292e-39,6.66486816990301357e-41,-1.30418418050834744e-40,-2.39802146993480978e-41,1.42532181290862740e-07,1.58411502023673588e-08,6.24387176709392973e-09,9.63352537036262458e-10,1.42532181290862740e-07,1.58411502023673588e-08,6.24387176709392973e-09,9.63352537036262458e-10,-6.51096725823142468e-08,6.05843943632457413e-07,-1.62399867585741291e-06,-1.37212204787391946e-06,19,6,1,5.76460752303767552e+17
93,2,374,-5.80548166298325368e-40,6.90068233774064851e-08,6.90068211603770227e-08,-6.93911502718323579e-40,-5.70356074982894788e-07,-2.18901204954888890e-06,1.61865597456599422e-06,2.18901204954888890e-06,2.56684872418056018e-06,-7.87391699733985066e-40,5.22909425518969287e-41,-1.02397438155530708e-40,-1.88325024646391349e-41,9.86816887390254233e-08,1.41561847579973274e-09,1.98352866270907058e-09,-2.79668407354928150e-10,9.86816887390254233e-08,1.41561847579973274e-09,1.98352866270907058e-09,-2.79668407354928150e-10,-2.18901204954888890e-06,3.77836674631671491e-07,-1.88389895973718888e-06,-1.48760524485156343e-06,19,6,1,5.76460752303767552e+17
93,3,375,-4.55832135762245372e-40,-5.74153463902305664e-08,-5.74153454107722300e-08,-5.44917219207559163e-40,-7.17503123502467686e-07,2.59457138132224877e-07,9.76960261634692668e-07,2.59457138132224877e-07,2.45838898765540234e-06,-6.18251668621783407e-40,4.10271195239243797e-41,-8.03979045361033361e-41,-1.47900433120080120e-41,-1.03956898593748850e-07,-9.14129341356004704e-08,-4.26210613794978964e-08,-2.21118340316360219e-08,-1.03956898593748850e-07,-9.14129341356004704e-08,-4.26210613794978964e-08,-2.21118340316360219e-08,2.59457138132224877e-07,-6.92729022887654407e-07,3.99474814688706987e-07,1.76565996476774804e-06,19,6,1,5.76460752303767552e+17
94,0,376,-3.57913919814696459e-40,-3.39486508275403925e-08,-3.39486520619057901e-08,-4.27917998680526061e-40,-1.07855154051381559e-06,-1.30452696868413597e-06,2.25975428170320380e-07,1.30452696868413597e-06,5.17868931817978747e-06,-4.85452409382374886e-40,3.21904616668891825e-41,-6.31256321430926173e-41,-1.16154601769571372e-41,-6.14054306677692214e-08,-4.91419284400017608e-08,-1.86849896288019805e-08,-8.95166051564170645e-09,-6.14054306677692214e-08,-4.91419284400017608e-08,-1.86849896288019805e-08,-8.95166051564170645e-09,-1.30452696868413597e-06,2.69907343701328255e-06,-1.62690509875528775e-06,-2.47961588116650492e-06,19,6,1,5.76460752303767552e+17
94,1,377,-2.81034040936114897e-40,-9.21490957923916069e-08,-9.21490981795242772e-08,-3.36042018649340179e-40,-1.17323866381578231e-06,-5.34419868794833577e-07,6.38818795020948735e-07,5.34419868794833577e-07,2.63313544946769262e-06,-3.81183937716400842e-40,2.52578765267967875e-41,-4.95646433778513717e-41,-9.12237792514762100e-42,-1.52505421850724866e-07,-8.36484179309062949e-08,-3.61571388317219616e-08,-1.76766830970494897e-08,-1.52505421850724866e-07,-8.36484179309062949e-08,-3.61571388317219616e-08,-1.76766830970494897e-08,-5.34419868794833577e-07,-1.73560876103446076e-06,3.20526781968229487e-07,-2.31260866749946302e-06,19,6,1,5.76460752303767552e+17
94,2,378,-2.20671190949552469e-40,-9.85962437932039104e-08,-9.85962434530335730e-08,-2.63893719589915368e-40,-9.29567379422298652e-07,-2.92379516274712021e-07,6.37187863147586631e-07,2.92379516274712021e-07,5.35090714388764570e-06,-2.99315166525612096e-40,1.98189935753971680e-41,-3.89173532245839097e-41,-7.16446008174348143e-42,-1.59249366670581085e-07,-7.28018761821767022e-08,-3.06437208891805090e-08,-1.45119607192853804e-08,-1.59249366670581085e-07,-7.28018761821767022e-08,-3.06437208891805090e-08,-1.45119607192853804e-08,-2.92379516274712021e-07,2.07259339366521217e-06,-3.27831375022243395e-06,-3.23852071591588473e-06,19,6,1,5.76460752303767552e+17
94,3,379,-1.73275982173891417e-40,-9.08627900133683937e-08,-9.08627912235820961e-08,-2.07236569056828895e-40,-9.16397688294446339e-07,1.19095135423854104e-06,2.10734904253298738e-06,1.19095135423854104e-06,3.93309813790463457e-06,-2.35032897979602159e-40,1.55518839804790313e-41,-3.05576161381433933e-41,-5.62680344657285554e-42,-1.43874055399369493e-07,-5.50766113746904199e-08,-2.26602202654633547e-08,-1.04214207532572243e-08,-1.43874055399369493e-07,-5.50766113746904199e-08,-2.26602202654633547e-08,-1.04214207532572243e-08,1.19095135423854104e-06,-1.16052056662848787e-06,-2.13005595212299684e-06,1.80304218578163773e-06,19,6,1,5.76460752303767552e+17
95,0,380,-1.36061964012802909e-40,-1.08635529218055384e-08,-1.08635532049963500e-08,-1.62744019661363695e-40,-1.28804495135136737e-06,1.12609241776286310e-06,2.41413736911423068e-06,1.12609241776286310e-06,7.59150091451704226e-06,-1.84558461351421541e-40,1.22040062751440904e-41,-2.39938689183332843e-41,-4.41918320543624372e-42,-1.27193404584379732e-08,1.60200479887928302e-08,1.14516839375082955e-08,6.54489611346012117e-09,-1.27193404584379732e-08,1.60200479887928302e-08,1.14516839375082955e-08,6.54489611346012117e-09,1.12609241776286310e-06,4.69827992860752042e-06,-2.89322098590952184e-06,1.39498222678079168e-06,19,6,1,5.76460752303767552e+17
95,1,381,-1.06841586173514919e-40,4.83645721031840507e-08,4.83645714739285350e-08,-1.27803996632776052e-40,-3.64721873110697218e-07,2.20877920557429912e-06,2.57350107868499629e-06,2.20877920557429912e-06,6.49753136435387247e-06,-1.44925293243921074e-40,9.57725441311451549e-42,-1.88401985338714861e-41,-3.47075038821665993e-42,8.22110721300571483e-08,5.72603974020660479e-08,2.93083352826336999e-08,1.47134134053102533e-08,8.22110721300571483e-08,5.72603974020660479e-08,2.93083352826336999e-08,1.47134134053102533e-08,2.20877920557429912e-06,-2.12637171292226765e-06,-4.28875215877957335e-06,-1.38542399386880318e-06,19,6,1,5.76460752303767552e+17
95,2,382,-8.38974399003924473e-41,1.47704468981269710e-07,1.47704466792618631e-07,-1.00365405136486826e-40,-9.96248441198548070e-07,-1.96713000143165018e-06,9.70881560233102107e-07,1.96713000143165018e-06,3.52248480668348602e-06,-1.13804350513196081e-40,7.51622588577059282e-42,-1.47936307195912535e-41,-2.72586923547727824e-42,2.40475140171750375e-07,1.24936184966832053e-07,6.07920067609017415e-08,2.97423217723439268e-08,2.40475140171750375e-07,1.24936184966832053e-07,6.07920067609017415e-08,2.97423217723439268e-08,-1.96713000143165018e-06,8.42403928780347348e-08,-1.80664435048787948e-06,1.55535480525183605e-06,19,6,1,5.76460752303767552e+17
95,3,383,-6.58811886777579914e-41,1.75763158937220609e-08,1.75763176279637042e-08,-7.88176232169950219e-41,-1.15551440874008440e-06,-2.98255813004167856e-07,8.57258595735916492e-07,2.98255813004167856e-07,2.13400319846806890e-06,-8.93670667095584721e-41,5.89901707934886029e-42,-1.16163016460809985e-41,-2.14084928635395182e-42,2.57665956064748044e-08,-2.10483088275362041e-09,-5.16188714693001156e-09,-4.24451358918407724e-09,2.57665956064748044e-08,-2.10483088275362041e-09,-5.16188714693001156e-09,-4.24451358918407724e-09,-2.98255813004167856e-07,-2.43225901147223660e-06,-7.33601246994774682e-07,-2.34827200411445714e-06,19,6,1,5.76460752303767552e+17
96,0,384,-5.17342324291271764e-41,-1.75244551977700243e-09,-1.75244640890973171e-09,-6.18958892509468525e-41,-2.12757322580958259e-06,-3.92281529244483835e-07,1.73529169656509875e-06,3.92281529244483835e-07,5.58118908411421374e-06,-7.01777765218937857e-41,4.63000192199048934e-42,-9.12146263240177130e-42,-1.68137976887281225e-42,-5.47690267429185895e-09,-1.49595605295787182e-08,-9.29351873532902373e-09,-5.28951939736054314e-09,-5.47690267429185895e-09,-1.49595605295787182e-08,-9.29351873532902373e-09,-5.28951939736054314e-09,-3.92281529244483835e-07,-3.95732013257864375e-06,-1.36509669345927803e-06,1.62386895153556999e-06,19,6,1,5.76460752303767552e+17
96,1,385,-4.06254305750614494e-41,-2.13556303065805815e-08,-2.13556319200517377e-08,-4.86070177771177477e-41,-1.36926585974546024e-06,-5.18947199283068275e-07,8.50318660462391967e-07,5.18947199283068275e-07,1.92689752112963324e-06,-5.51092700820800269e-41,3.63416680506624250e-42,-7.16249368243129573e-42,-1.32051527948364631e-42,-3.65226571074151485e-08,-2.61475283202980333e-08,-1.32737057494785503e-08,-6.71193098085408283e-09,-3.65226571074151485e-08,-2.61475283202980333e-08,-1.32737057494785503e-08,-6.71193098085408283e-09,-5.18947199283068275e-07,-1.64274513516794493e-06,-2.44047374458206094e-07,-2.17094489558783933e-06,19,6,1,5.76460752303767552e+17
96,2,386,-3.19022149683767601e-41,-4.26745593326923253e-08,-4.26745594711306953e-08,-3.81710744796505389e-41,-1.63324760695965719e-06,2.96161144831180444e-06,4.59485905527146142e-06,2.96161144831180444e-06,7.09167994659737856e-06,-4.32765025368617412e-41,2.85266659951845925e-42,-5.62427887482659058e-42,-1.03709422939875350e-42,-6.99038913256082166e-08,-3.75084967187233509e-08,-1.78983369665688511e-08,-8.68418078924169385e-09,-6.99038913256082166e-08,-3.75084967187233509e-08,-1.78983369665688511e-08,-8.68418078924169385e-09,2.96161144831180444e-06,-1.87396522116074834e-07,-1.30023807149053011e-06,-4.13006849828557412e-06,19,6,1,5.76460752303767552e+17
96,3,387,-2.50522130122712945e-41,1.13309231051254629e-07,1.13309229894544715e-07,-2.99755805388534681e-41,-1.54662630011028755e-06,2.37030585459175823e-07,1.78365688556946338e-06,2.37030585459175823e-07,5.45445966452485152e-06,-3.39845544569510245e-41,2.23933870284002220e-42,-4.41643576743617224e-42,-8.14497031602984791e-43,1.83597434373008573e-07,9.53799745120265820e-08,4.92013908762502538e-08,2.51162397343549284e-08,1.83597434373008573e-07,9.53799745120265820e-08,4.92013908762502538e-08,2.51162397343549284e-08,2.37030585459175823e-07,-3.96422220739967829e-06,1.49023745712517344e-06,-3.41256233131061121e-06,19,6,1,5.76460752303767552e+17
97,0,388,-1.96731207358916292e-41,9.97961410447820208e-08,9.97961411475170191e-08,-2.35395539341252361e-41,-2.45651634789132410e-06,-2.99893633312823420e-06,5.42419985236910094e-07,2.99893633312823420e-06,5.56848610026445481e-06,-2.66877785558858165e-41,1.75796867317845747e-42,-3.46800018628124641e-42,-6.39671010695180731e-43,1.58782997546262363e-07,6.81118178204696955e-08,3.26860870586953568e-08,1.54616831742301059e-08,1.58782997546262363e-07,6.81118178204696955e-08,3.26860870586953568e-08,1.54616831742301059e-08,-2.99893633312823420e-06,2.28245869171162873e-06,-3.26087398865234376e-07,-3.28602740855282608e-06,19,6,1,5.76460752303767552e+17
97,1,389,-1.54490517907765248e-41,-7.15445112998098224e-08,-7.15445122009652765e-08,-1.84852740650233919e-41,-2.89435595261232739e-06,-2.65029091997642363e-07,2.62932686061468503e-06,2.65029091997642363e-07,5.94799868709926004e-06,-2.09577273811135263e-41,1.38014545701375801e-42,-2.72325349163877495e-42,-5.02364719956019834e-43,-1.20142202991312234e-07,-7.96194018610013595e-08,-4.16647412402808368e-08,-2.20021697019897369e-08,-1.20142202991312234e-07,-7.96194018610013595e-08,-4.16647412402808368e-08,-2.20021697019897369e-08,-2.65029091997642363e-07,-1.93414850455062395e-06,4.01385018254863651e-06,-6.98955892814490875e-08,19,6,1,5.76460752303767552e+17
97,2,390,-1.21319699177942071e-41,-6.96084915745800002e-08,-6.96084916853774815e-08,-1.45161103700028509e-41,-2.27713398617922880e-06,2.95444586690731308e-06,5.23157985308654188e-06,2.95444586690731308e-06,4.70286670228529258e-06,-1.64579740030425086e-41,1.08357910772576937e-42,-2.13844670039485919e-42,-3.94526673475562225e-43,-1.14074265662436306e-07,-6.12351312702378588e-08,-2.90480538195863998e-08,-1.41616071099220465e-08,-1.14074265662436306e-07,-6.12351312702378588e-08,-2.90480538195863998e-08,-1.41616071099220465e-08,2.95444586690731308e-06,-3.24108830871799925e-07,-8.55764951232164473e-08,-1.74842083537797950e-06,19,6,1,5.76460752303767552e+17
97,3,391,-9.52711192497575047e-42,9.19348531729816692e-08,9.19348531457779487e-08,-1.13991122452903342e-41,-2.67493934187684373e-06,-3.24634072932047787e-06,5.71401387443634138e-07,3.24634072932047787e-06,8.54392108633992204e-06,-1.29243437831727704e-41,8.50781276581842949e-43,-1.67922865962767841e-42,-3.09833173304008824e-43,1.49323387574011882e-07,8.04987754664774184e-08,4.28204488653161066e-08,2.22021681599059369e-08,1.49323387574011882e-07,8.04987754664774184e-08,4.28204488653161066e-08,2.22021681599059369e-08,-3.24634072932047787e-06,-6.14890226352921429e-06,2.39501882281070776e-06,2.25192343420478512e-06,19,6,1,5.76460752303767552e+17
98,0,392,-7.48154327662754173e-42,-8.91420459993305659e-08,-8.91420450535237302e-08,-8.95133751339089074e-42,-1.74188413837377304e-06,-2.80610021695189272e-06,1.06421607857811968e-06,2.80610021695189272e-06,4.91992739072304484e-06,-1.01493940013810735e-41,6.68030247845017690e-43,-1.31862692360344138e-42,-2.43317503180398119e-43,-1.45754517255031501e-07,-8.00114043023961064e-08,-4.04879789005773786e-08,-2.08707632264188213e-08,-1.45754517255031501e-07,-8.00114043023961064e-08,-4.04879789005773786e-08,-2.08707632264188213e-08,-2.80610021695189272e-06,-4.33729359341223898e-06,-4.78852881739394296e-06,1.31398573329102301e-07,19,6,1,5.76460752303767552e+17
98,1,393,-5.87517288688932420e-42,-2.08441913628713391e-07,-2.08441911629402604e-07,-7.02911645429626032e-42,-3.49489334418592467e-07,-3.22910462742907310e-06,2.87961529301048058e-06,3.22910462742907310e-06,4.55538317224353551e-06,-7.97022826223804226e-42,5.24559152651823647e-43,-1.03546252797477203e-42,-1.91078719270436563e-43,-3.35832182123965797e-07,-1.61793316474988131e-07,-7.90676332466209176e-08,-3.89514054738245224e-08,-3.35832182123965797e-07,-1.61793316474988131e-07,-7.90676332466209176e-08,-3.89514054738245224e-08,-3.22910462742907310e-06,-2.45439314969249156e-06,-2.71225072465154519e-06,1.32627854481446199e-06,19,6,1,5.76460752303767552e+17
98,2,394,-4.61369851689527277e-42,-3.21353203390929926e-07,-3.21353202216969737e-07,-5.51962093625885908e-42,-3.53876997292383705e-07,3.96648877309842003e-07,7.50525874602225708e-07,3.96648877309842003e-07,8.88628404408874203e-06,-6.25892893294294466e-42,4.11919227064805691e-43,-8.13105398499878668e-43,-1.50052945880572647e-43,-5.13071006641580312e-07,-2.27136089188753836e-07,-1.09079862776178135e-07,-5.25108324517103215e-08,-5.13071006641580312e-07,-2.27136089188753836e-07,-1.09079862776178135e-07,-5.25108324517103215e-08,3.96648877309842003e-07,-7.52372838598532845e-06,-8.48963516677890003e-06,-1.00179157328959433e-06,19,6,1,5.76460752303767552e+17
98,3,395,-3.62306783296750206e-42,-2.28371979687753621e-07,-2.28371975841575531e-07,-4.33424362576004535e-42,2.53765469035455373e-07,-9.19851901289807858e-07,1.17361737032526318e-06,9.19851901289807858e-07,5.44193837683817957e-06,-4.91504496845444399e-42,3.23480359690868005e-43,-6.38497182171722906e-43,-1.17833756018324367e-43,-3.55850101732250767e-07,-1.19477826990450617e-07,-5.32366354300689633e-08,-2.32173981656082189e-08,-3.55850101732250767e-07,-1.19477826990450617e-07,-5.32366354300689633e-08,-2.32173981656082189e-08,-9.19851901289807858e-07,-4.93530879104602884e-06,-5.64973541108931466e-06,-2.07797034251135087e-07,19,6,1,5.76460752303767552e+17
99,0,396,-2.84512939537555212e-42,-2.19911945063143901e-07,-2.19911945156894116e-07,-3.40339859127971314e-42,-2.98280121612249178e-06,2.74145508303547347e-07,3.25694672442603913e-06,2.74145508303547347e-07,9.51262479866978511e-06,-3.85969343857273373e-42,2.54039317051807331e-43,-5.01384027650220001e-43,-9.25310992830768982e-44,-3.39358451509641231e-07,-1.03440691444290338e-07,-4.77855088211013021e-08,-2.10675108860487768e-08,-3.39358451509641231e-07,-1.03440691444290338e-07,-4.77855088211013021e-08,-2.10675108860487768e-08,2.74145508303547347e-07,-1.33563990682418772e-06,2.64599225091911312e-06,-6.86663254775067283e-06,19,6,1,5.76460752303767552e+17
99,1,397,-2.23421787257645378e-42,-1.53720110142544294e-07,-1.53720111983288687e-07,-2.67243810074694792e-42,-5.33262180807157990e-07,-4.14935127771590950e-06,3.61608909690875140e-06,4.14935127771590950e-06,4.30257906504254972e-06,-3.03092801771060071e-42,1.99512422213664008e-43,-3.93714196614956854e-43,-7.26605026674751304e-44,-2.30681699738201145e-07,-4.52730578037595488e-08,-2.10598531895426810e-08,-8.04413596623977749e-09,-2.30681699738201145e-07,-4.52730578037595488e-08,-2.10598531895426810e-08,-8.04413596623977749e-09,-4.14935127771590950e-06,-4.54765722265778433e-07,-9.61044108129733585e-07,1.53227787326640226e-07,19,6,1,5.76460752303767552e+17
99,2,398,-1.75447274218854558e-42,-3.21011908957034972e-07,-3.21011908494512790e-07,-2.09844596015277412e-42,-1.47122339714323820e-06,-2.98221185019898287e-06,1.51098845305574467e-06,2.98221185019898287e-06,1.90403481983366941e-05,-2.38010222703429487e-42,1.56694472164046284e-43,-3.09165085938132490e-43,-5.70560466561563582e-44,-5.01660770653078278e-07,-1.86489236619655376e-07,-9.46354190179962585e-08,-4.55273160418918833e-08,-5.01660770653078278e-07,-1.86489236619655376e-07,-9.46354190179962585e-08,-4.55273160418918833e-08,-2.98221185019898287e-06,9.02240624819176827e-06,2.15639606441210559e-06,-1.00179419501449258e-05,19,6,1,5.76460752303767552e+17
99,3,399,-1.37773288672767786e-42,-3.93249922823211561e-07,-3.93249921691327522e-07,-1.64771920635858400e-42,-4.29026581980212847e-07,-4.73911378835991416e-06,4.31008720637970115e-06,4.73911378835991416e-06,1.06650618924178337e-05,-1.86901372250379057e-42,1.23069608860867276e-43,-2.42771853704067343e-43,-4.48020140839544515e-44,-6.14691841815707302e-07,-2.26696241517750829e-07,-1.13134993132445713e-07,-5.33888992357472290e-08,-6.14691841815707302e-07,-2.26696241517750829e-07,-1.13134993132445713e-07,-5.33888992357472290e-08,-4.73911378835991416e-06,-1.18505250171075409e-05,-1.18546312468970778e-06,-4.16630559226822335e-06,19,6,1,5.76460752303767552e+17
