block,within_block_sample,u_semantic,bootstrap_scale,scaled_input_abs_max,num_iterations,iterative_precision_bits,u_pre_0,u_pre_1,u_pre_2,u_pre_3,u_post_0,u_post_1,u_post_2,u_post_3,e_u_pre,e_u_boot,e_u_total,max_slot_spread,before_reduction_level,before_reduction_towers,before_reduction_noiseScaleDegree,before_reduction_scalingFactor,before_bootstrap_level,before_bootstrap_towers,before_bootstrap_noiseScaleDegree,before_bootstrap_scalingFactor,after_bootstrap_level,after_bootstrap_towers,after_bootstrap_noiseScaleDegree,after_bootstrap_scalingFactor,bootstrap_ms,fresh_probe_enabled,e_B_prod,e_B_fresh,fresh_bootstrap_ms
0,0,5.97519082627787634e-02,1.00000000000000000e+00,5.97519082627810880e-02,2,19,5.97519082627773757e-02,5.97519082627745793e-02,5.97519082627810671e-02,5.97519082627810880e-02,5.97519082630277587e-02,5.97519082629760778e-02,5.97519082630829090e-02,5.97519082629518472e-02,4.18415302405605871e-15,3.01841884819964434e-13,3.04145597596061634e-13,1.31061828056999730e-13,1,20,1,5.76460752303439872e+17,19,2,1,5.76460752303439872e+17,16,5,2,3.32306998945331719e+35,5.70220001000000025e+02,0,3.01841884819964434e-13,nan,0.00000000000000000e+00
0,1,-5.00386380946313269e-01,1.00000000000000000e+00,5.00386380946315934e-01,2,19,-5.00386380946311715e-01,-5.00386380946313047e-01,-5.00386380946315934e-01,-5.00386380946308829e-01,-5.00386380948421028e-01,-5.00386380948418807e-01,-5.00386380948405485e-01,-5.00386380948394383e-01,4.44089209850062616e-15,2.10931272448533491e-12,2.10775841225085969e-12,2.66453525910037570e-14,1,20,1,5.76460752303439872e+17,19,2,1,5.76460752303439872e+17,16,5,2,3.32306998945331719e+35,5.54960257999999953e+02,0,2.10931272448533491e-12,nan,0.00000000000000000e+00
0,2,-3.81110471074994239e-01,1.00000000000000000e+00,3.81110471074997514e-01,2,19,-3.81110471074990298e-01,-3.81110471074994517e-01,-3.81110471074987744e-01,-3.81110471074997514e-01,-3.81110471076733126e-01,-3.81110471076476609e-01,-3.81110471076648083e-01,-3.81110471076514690e-01,6.49480469405716576e-15,1.74282810405657074e-12,1.73888681231915143e-12,2.56517029839642419e-13,1,20,1,5.76460752303439872e+17,19,2,1,5.76460752303439872e+17,16,5,2,3.32306998945331719e+35,5.57447365999999988e+02,0,1.74282810405657074e-12,nan,0.00000000000000000e+00
0,3,-3.84685388081320467e-01,1.00000000000000000e+00,3.84685388081319857e-01,2,19,-3.84685388081318858e-01,-3.84685388081319857e-01,-3.84685388081319413e-01,-3.84685388081314861e-01,-3.84685388082963653e-01,-3.84685388082990798e-01,-3.84685388082882829e-01,-3.84685388083003788e-01,5.60662627435704053e-15,1.68892677621101939e-12,1.68332014993666235e-12,1.20958798532910805e-13,1,20,1,5.76460752303439872e+17,19,2,1,5.76460752303439872e+17,16,5,2,3.32306998945331719e+35,5.42381622999999990e+02,0,1.68892677621101939e-12,nan,0.00000000000000000e+00
1,0,-3.33722736289265687e-01,1.00000000000000000e+00,3.33722736289162214e-01,2,19,-3.33722736289124244e-01,-3.33722736289159660e-01,-3.33722736289162214e-01,-3.33722736289143895e-01,-3.33722736290745003e-01,-3.33722736290934185e-01,-3.33722736290912869e-01,-3.33722736290900657e-01,1.41442413337244943e-13,1.77452497140961896e-12,1.66849867255791651e-12,1.89182003396126674e-13,19,2,1,5.76460752303767552e+17,19,2,1,5.76460752303767552e+17,16,5,2,3.32306998945331719e+35,4.64829735000000028e+02,0,1.77452497140961896e-12,nan,0.00000000000000000e+00
1,1,-3.02406983930462281e-01,1.00000000000000000e+00,3.02406983930571194e-01,2,19,-3.02406983930391116e-01,-3.02406983930559148e-01,-3.02406983930571194e-01,-3.02406983930521511e-01,-3.02406983931751139e-01,-3.02406983931929718e-01,-3.02406983932027362e-01,-3.02406983931631623e-01,1.08912878715727857e-13,1.45616851909835532e-12,1.56508139781408318e-12,3.95738997127637049e-13,19,2,1,5.76460752303767552e+17,19,2,1,5.76460752303767552e+17,16,5,2,3.32306998945331719e+35,4.89085623999999996e+02,0,1.45616851909835532e-12,nan,0.00000000000000000e+00
1,2,-2.59386855035928066e-01,1.00000000000000000e+00,2.59386855036085773e-01,2,19,-2.59386855035993458e-01,-2.59386855036085773e-01,-2.59386855035821928e-01,-2.59386855035897257e-01,-2.59386855037144259e-01,-2.59386855037327557e-01,-2.59386855037038899e-01,-2.59386855037110065e-01,1.57707180648003487e-13,1.24178445304323759e-12,1.39949163369124108e-12,2.88657986402540701e-13,19,2,1,5.76460752303767552e+17,19,2,1,5.76460752303767552e+17,16,5,2,3.32306998945331719e+35,4.58019093999999996e+02,0,1.24178445304323759e-12,nan,0.00000000000000000e+00
1,3,-2.26573858838828912e-01,1.00000000000000000e+00,2.26573858838966441e-01,2,19,-2.26573858838876568e-01,-2.26573858838920200e-01,-2.26573858838748504e-01,-2.26573858838966441e-01,-2.26573858839913767e-01,-2.26573858840016434e-01,-2.26573858839875686e-01,-2.26573858839976189e-01,1.37528877175441266e-13,1.12718168132630581e-12,1.18752230271468306e-12,1.40748523946854220e-13,19,2,1,5.76460752303767552e+17,19,2,1,5.76460752303767552e+17,16,5,2,3.32306998945331719e+35,4.62026682999999991e+02,0,1.12718168132630581e-12,nan,0.00000000000000000e+00
2,0,-1.91554719719102429e-01,1.00000000000000000e+00,1.91554719719319561e-01,2,19,-1.91554719719213506e-01,-1.91554719719188887e-01,-1.91554719719153166e-01,-1.91554719719319561e-01,-1.91554719719770866e-01,-1.91554719720097077e-01,-1.91554719720257421e-01,-1.91554719720072764e-01,2.17131868041064990e-13,1.10425557586779632e-12,1.15499276809316598e-12,4.86555240541974854e-13,19,2,1,5.76460752303767552e+17,19,2,1,5.76460752303767552e+17,16,5,2,3.32306998945331719e+35,5.13730901000000017e+02,0,1.10425557586779632e-12,nan,0.00000000000000000e+00
2,1,-1.63395048397713183e-01,1.00000000000000000e+00,1.63395048397900727e-01,2,19,-1.63395048397799586e-01,-1.63395048397782655e-01,-1.63395048397900727e-01,-1.63395048397803638e-01,-1.63395048398694759e-01,-1.63395048398581683e-01,-1.63395048398457116e-01,-1.63395048398444959e-01,1.87544424434804569e-13,8.95172824755263719e-13,9.81575931646716526e-13,2.49800180540660222e-13,19,2,1,5.76460752303767552e+17,19,2,1,5.76460752303767552e+17,16,5,2,3.32306998945331719e+35,5.39886428000000024e+02,0,8.95172824755263719e-13,nan,0.00000000000000000e+00
2,2,-1.36398215899709824e-01,1.00000000000000000e+00,1.36398215900039810e-01,2,19,-1.36398215899730724e-01,-1.36398215900039810e-01,-1.36398215899938335e-01,-1.36398215899875941e-01,-1.36398215900752628e-01,-1.36398215900311925e-01,-1.36398215900439546e-01,-1.36398215900477460e-01,3.29986038494212153e-13,1.02190478301622534e-12,1.04280473145479391e-12,4.40703029624955889e-13,19,2,1,5.76460752303767552e+17,19,2,1,5.76460752303767552e+17,16,5,2,3.32306998945331719e+35,5.56504265000000032e+02,0,1.02190478301622534e-12,nan,0.00000000000000000e+00
2,3,-1.14313691578911969e-01,1.00000000000000000e+00,1.14313691579210772e-01,2,19,-1.14313691578984869e-01,-1.14313691578890195e-01,-1.14313691579210772e-01,-1.14313691578857249e-01,-1.14313691579811971e-01,-1.14313691579542784e-01,-1.14313691579365023e-01,-1.14313691579742069e-01,2.98802649290053068e-13,8.84819995050634134e-13,9.00002294912383149e-13,4.46948034138472394e-13,19,2,1,5.76460752303767552e+17,19,2,1,5.76460752303767552e+17,16,5,2,3.32306998945331719e+35,5.25586378999999965e+02,0,8.84819995050634134e-13,nan,0.00000000000000000e+00
3,0,-9.43700290344955395e-02,1.00000000000000000e+00,9.43700290344949150e-02,2,19,-9.43700290341234482e-02,-9.43700290344949150e-02,-9.43700290343925663e-02,-9.43700290343559428e-02,-9.43700290345582393e-02,-9.43700290347172649e-02,-9.43700290348997162e-02,-9.43700290345367981e-02,3.72091246703121215e-13,5.07149877648771508e-13,4.04176692114788239e-13,3.62918028962155859e-13,19,2,1,5.76460752303767552e+17,19,2,1,5.76460752303767552e+17,16,5,2,3.32306998945331719e+35,5.40531164999999987e+02,0,5.07149877648771508e-13,nan,0.00000000000000000e+00
3,1,-7.79982185723464005e-02,1.00000000000000000e+00,7.79982185725271310e-02,2,19,-7.79982185720652227e-02,-7.79982185723173821e-02,-7.79982185725271310e-02,-7.79982185717307402e-02,-7.79982185729279215e-02,-7.79982185728272243e-02,-7.79982185727008531e-02,-7.79982185727401550e-02,6.15660300518072745e-13,1.00941477398919233e-12,5.81520942510849181e-13,2.27068364111460141e-13,19,2,1,5.76460752303767552e+17,19,2,1,5.76460752303767552e+17,16,5,2,3.32306998945331719e+35,5.44497118999999998e+02,0,1.00941477398919233e-12,nan,0.00000000000000000e+00
3,2,-6.37584658488451472e-02,1.00000000000000000e+00,6.37584658487915235e-02,2,19,-6.37584658486692601e-02,-6.37584658486873984e-02,-6.37584658487915235e-02,-6.37584658487830996e-02,-6.37584658489746131e-02,-6.37584658495015666e-02,-6.37584658490493034e-02,-6.37584658491702760e-02,1.75887082676240425e-13,8.14168177321050734e-13,6.56419363309623805e-13,5.26953480850522737e-13,19,2,1,5.76460752303767552e+17,19,2,1,5.76460752303767552e+17,16,5,2,3.32306998945331719e+35,5.67075570999999968e+02,0,8.14168177321050734e-13,nan,0.00000000000000000e+00
3,3,-5.20974199162788226e-02,1.00000000000000000e+00,5.20974199166014187e-02,2,19,-5.20974199163308990e-02,-5.20974199166014187e-02,-5.20974199164379245e-02,-5.20974199161512233e-02,-5.20974199166142765e-02,-5.20974199166702526e-02,-5.20974199164810775e-02,-5.20974199162709470e-02,3.22596116486550955e-13,2.83377488141667300e-13,3.91429944013310660e-13,3.99305588594245364e-13,19,2,1,5.76460752303767552e+17,19,2,1,5.76460752303767552e+17,16,5,2,3.32306998945331719e+35,6.10462667000000010e+02,0,2.83377488141667300e-13,nan,0.00000000000000000e+00
4,0,-4.22116991278382175e-02,1.00000000000000000e+00,4.22116991281912060e-02,2,19,-4.22116991276672571e-02,-4.22116991281912060e-02,-4.22116991278390086e-02,-4.22116991279343420e-02,-4.22116991277090292e-02,-4.22116991281843157e-02,-4.22116991279013892e-02,-4.22116991276202530e-02,3.52988471785664615e-13,3.14089032560360693e-13,3.46098150139084737e-13,5.64062685448618595e-13,19,2,1,5.76460752303767552e+17,19,2,1,5.76460752303767552e+17,16,5,2,3.32306998945331719e+35,6.04570122999999967e+02,0,3.14089032560360693e-13,nan,0.00000000000000000e+00
4,1,-3.41568792085990072e-02,1.00000000000000000e+00,3.41568792092579385e-02,2,19,-3.41568792082716580e-02,-3.41568792082628594e-02,-3.41568792086172010e-02,-3.41568792092579385e-02,-3.41568792088610754e-02,-3.41568792087505804e-02,-3.41568792086226411e-02,-3.41568792087361614e-02,6.58931242902838221e-13,5.89417403773495607e-13,2.62068144962768201e-13,2.38434272326060182e-13,19,2,1,5.76460752303767552e+17,19,2,1,5.76460752303767552e+17,16,5,2,3.32306998945331719e+35,5.31271720999999957e+02,0,5.89417403773495607e-13,nan,0.00000000000000000e+00
4,2,-2.74549032673388274e-02,1.00000000000000000e+00,2.74549032677208517e-02,2,19,-2.74549032672901129e-02,-2.74549032673541346e-02,-2.74549032677208517e-02,-2.74549032673412907e-02,-2.74549032676651358e-02,-2.74549032672319372e-02,-2.74549032679179336e-02,-2.74549032675575171e-02,3.82024273326564412e-13,3.75022929377522019e-13,5.79106207432289466e-13,6.85996398575028365e-13,19,2,1,5.76460752303767552e+17,19,2,1,5.76460752303767552e+17,16,5,2,3.32306998945331719e+35,5.39039130000000000e+02,0,3.75022929377522019e-13,nan,0.00000000000000000e+00
4,3,-2.20274569904329517e-02,1.00000000000000000e+00,2.20274569910742755e-02,2,19,-2.20274569906871026e-02,-2.20274569904565058e-02,-2.20274569903336562e-02,-2.20274569910742755e-02,-2.20274569905009668e-02,-2.20274569900159832e-02,-2.20274569907678158e-02,-2.20274569902104526e-02,6.41323799621673629e-13,8.63822902097410861e-13,4.16968543026641214e-13,7.51832623935300148e-13,19,2,1,5.76460752303767552e+17,19,2,1,5.76460752303767552e+17,16,5,2,3.32306998945331719e+35,6.05492415000000051e+02,0,8.63822902097410861e-13,nan,0.00000000000000000e+00
5,0,-1.75762265384100634e-02,1.00000000000000000e+00,1.75762265391830770e-02,2,19,-1.75762265391830770e-02,-1.75762265383516691e-02,-1.75762265380752757e-02,-1.75762265379334620e-02,-1.75762265380725938e-02,-1.75762265380944270e-02,-1.75762265390013786e-02,-1.75762265389344148e-02,7.73013597576976963e-13,1.11048323314655306e-12,5.91315191256214234e-13,9.28784826825790333e-13,19,2,1,5.76460752303767552e+17,19,2,1,5.76460752303767552e+17,16,5,2,3.32306998945331719e+35,6.44418226000000004e+02,0,1.11048323314655306e-12,nan,0.00000000000000000e+00
5,1,-1.39947240010312481e-02,1.00000000000000000e+00,1.39947240011385650e-02,2,19,-1.39947240007081784e-02,-1.39947240011385650e-02,-1.39947240008857100e-02,-1.39947240002469830e-02,-1.39947240013265153e-02,-1.39947240015441676e-02,-1.39947240010585908e-02,-1.39947240018433033e-02,7.84265014042162534e-13,1.59632029816947352e-12,8.12055284127310983e-13,7.84712572698964550e-13,19,2,1,5.76460752303767552e+17,19,2,1,5.76460752303767552e+17,16,5,2,3.32306998945331719e+35,6.36572770999999989e+02,0,1.59632029816947352e-12,nan,0.00000000000000000e+00
5,2,-1.10914025668801021e-02,1.00000000000000000e+00,1.10914025668258764e-02,2,19,-1.10914025665093067e-02,-1.10914025664444436e-02,-1.10914025668258764e-02,-1.10914025665030495e-02,-1.10914025668867565e-02,-1.10914025669838281e-02,-1.10914025669041731e-02,-1.10914025667578908e-02,4.35658453756815334e-13,5.39384509279372537e-13,1.22211268882566060e-13,2.25937324405123263e-13,19,2,1,5.76460752303767552e+17,19,2,1,5.76460752303767552e+17,16,5,2,3.32306998945331719e+35,7.12155474000000027e+02,0,5.39384509279372537e-13,nan,0.00000000000000000e+00
5,3,-8.77043356696223346e-03,1.00000000000000000e+00,8.77043356745729058e-03,2,19,-8.77043356658649235e-03,-8.77043356745729058e-03,-8.77043356681794610e-03,-8.77043356662945625e-03,-8.77043356697153158e-03,-8.77043356688532449e-03,-8.77043356762225411e-03,-8.77043356726417769e-03,4.95057120297737185e-13,8.04308009083598563e-13,6.60020649245751656e-13,7.36929614553183399e-13,19,2,1,5.76460752303767552e+17,19,2,1,5.76460752303767552e+17,16,5,2,3.32306998945331719e+35,5.65654655000000048e+02,0,8.04308009083598563e-13,nan,0.00000000000000000e+00
6,0,-6.90722910570802130e-03,1.00000000000000000e+00,6.90722910655099109e-03,2,19,-6.90722910556639414e-03,-6.90722910535970097e-03,-6.90722910538669587e-03,-6.90722910655099109e-03,-6.90722910589447372e-03,-6.90722910455303721e-03,-6.90722910529102240e-03,-6.90722910602281116e-03,8.42969791192693663e-13,8.06663763563975067e-13,1.15498409447578609e-12,1.46977395532044142e-12,19,2,1,5.76460752303767552e+17,19,2,1,5.76460752303767552e+17,16,5,2,3.32306998945331719e+35,5.64064796000000001e+02,0,8.06663763563975067e-13,nan,0.00000000000000000e+00
6,1,-5.42713818628058099e-03,1.00000000000000000e+00,5.42713818677964446e-03,2,19,-5.42713818635615422e-03,-5.42713818569418287e-03,-5.42713818613111722e-03,-5.42713818677964446e-03,-5.42713818621385052e-03,-5.42713818636906837e-03,-5.42713818751223726e-03,-5.42713818715563189e-03,5.86398117563557975e-13,1.38112004471890870e-12,1.23165627002874700e-12,1.29838674534088483e-12,19,2,1,5.76460752303767552e+17,19,2,1,5.76460752303767552e+17,16,5,2,3.32306998945331719e+35,6.09144588999999996e+02,0,1.38112004471890870e-12,nan,0.00000000000000000e+00
6,2,-4.24895806589351086e-03,1.00000000000000000e+00,4.24895806714207201e-03,2,19,-4.24895806546640806e-03,-4.24895806508773961e-03,-4.24895806506777728e-03,-4.24895806714207201e-03,-4.24895806578902240e-03,-4.24895806645104145e-03,-4.24895806600111489e-03,-4.24895806650800456e-03,1.24856115030214099e-12,1.36330183253541293e-12,6.14493698980478342e-13,7.18982165470727352e-13,19,2,1,5.76460752303767552e+17,19,2,1,5.76460752303767552e+17,16,5,2,3.32306998945331719e+35,5.89016680999999949e+02,0,1.36330183253541293e-12,nan,0.00000000000000000e+00
6,3,-3.31873787054384880e-03,1.00000000000000000e+00,3.31873787064881952e-03,2,19,-3.31873787062028592e-03,-3.31873787056115310e-03,-3.31873787064881952e-03,-3.31873787020656869e-03,-3.31873787039666662e-03,-3.31873787077653984e-03,-3.31873787141614366e-03,-3.31873787049637419e-03,3.37280117029825632e-13,7.67324138256642030e-13,8.72294857873212592e-13,1.01947703751159580e-12,19,2,1,5.76460752303767552e+17,19,2,1,5.76460752303767552e+17,16,5,2,3.32306998945331719e+35,5.47554783000000043e+02,0,7.67324138256642030e-13,nan,0.00000000000000000e+00
7,0,-2.58379571590970549e-03,1.00000000000000000e+00,2.58379571654944462e-03,2,19,-2.58379571520566146e-03,-2.58379571654944462e-03,-2.58379571597193913e-03,-2.58379571617021759e-03,-2.58379571624877931e-03,-2.58379571656197323e-03,-2.58379571679906135e-03,-2.58379571611218025e-03,7.04044027938222072e-13,1.04311784904220772e-12,8.89355863259444490e-13,6.86881107547776537e-13,19,2,1,5.76460752303767552e+17,19,2,1,5.76460752303767552e+17,16,5,2,3.32306998945331719e+35,6.00061258999999950e+02,0,1.04311784904220772e-12,nan,0.00000000000000000e+00
7,1,-2.00693049020859385e-03,1.00000000000000000e+00,2.00693048991734029e-03,2,19,-2.00693048974340607e-03,-2.00693048970532499e-03,-2.00693048976297722e-03,-2.00693048991734029e-03,-2.00693049112828049e-03,-2.00693049040413969e-03,-2.00693049015757000e-03,-2.00693049031038656e-03,5.03268867552142396e-13,1.38487442000179151e-12,9.19686635875160974e-13,9.70710491154935795e-13,19,2,1,5.76460752303767552e+17,19,2,1,5.76460752303767552e+17,16,5,2,3.32306998945331719e+35,6.84040537999999970e+02,0,1.38487442000179151e-12,nan,0.00000000000000000e+00
7,2,-1.55424938404585019e-03,1.00000000000000000e+00,1.55424938451015457e-03,2,19,-1.55424938347609545e-03,-1.55424938273845611e-03,-1.55424938451015457e-03,-1.55424938431160961e-03,-1.55424938489709570e-03,-1.55424938301855844e-03,-1.55424938508798120e-03,-1.55424938292297345e-03,1.30739408014945990e-12,1.42100025322944301e-12,1.12287674818023486e-12,2.16500775640504628e-12,19,2,1,5.76460752303767552e+17,19,2,1,5.76460752303767552e+17,16,5,2,3.32306998945331719e+35,6.03335422999999992e+02,0,1.42100025322944301e-12,nan,0.00000000000000000e+00
7,3,-1.20093493450697752e-03,1.00000000000000000e+00,1.20093493513759937e-03,2,19,-1.20093493486442336e-03,-1.20093493440259118e-03,-1.20093493513759937e-03,-1.20093493449668952e-03,-1.20093493521014204e-03,-1.20093493452502970e-03,-1.20093493407583021e-03,-1.20093493425318205e-03,6.30621856817503712e-13,1.06176916217504136e-12,7.03164523135901831e-13,1.13431182849343948e-12,19,2,1,5.76460752303767552e+17,19,2,1,5.76460752303767552e+17,16,5,2,3.32306998945331719e+35,5.45023040000000037e+02,0,1.06176916217504136e-12,nan,0.00000000000000000e+00
8,0,-9.25406956979295107e-04,1.00000000000000000e+00,9.25406959115600671e-04,2,19,-9.25406956891371298e-04,-9.25406955850808805e-04,-9.25406956860378728e-04,-9.25406959115600671e-04,-9.25406958078368413e-04,-9.25406957489273668e-04,-9.25406957678390619e-04,-9.25406957687548225e-04,2.13630556387262027e-12,1.63846486291724380e-12,1.09907330632375011e-12,5.89094745206963921e-13,19,2,1,5.76460752303767552e+17,19,2,1,5.76460752303767552e+17,16,5,2,3.32306998945331719e+35,5.60531716999999958e+02,0,1.63846486291724380e-12,nan,0.00000000000000000e+00
8,1,-7.11521910107484174e-04,1.00000000000000000e+00,7.11521910352674327e-04,2,19,-7.11521909628591424e-04,-7.11521909811585018e-04,-7.11521909750025970e-04,-7.11521910352674327e-04,-7.11521908933115087e-04,-7.11521910913912666e-04,-7.11521910059331394e-04,-7.11521908912486514e-04,4.78892750108150800e-13,1.44018781275678798e-12,1.19499765985353612e-12,2.00142615154608183e-12,19,2,1,5.76460752303767552e+17,19,2,1,5.76460752303767552e+17,16,5,2,3.32306998945331719e+35,5.49125605999999948e+02,0,1.44018781275678798e-12,nan,0.00000000000000000e+00
8,2,-5.45693216422754156e-04,1.00000000000000000e+00,5.45693216775507139e-04,2,19,-5.45693216775507139e-04,-5.45693215825101153e-04,-5.45693215733402586e-04,-5.45693215582648177e-04,-5.45693217517534998e-04,-5.45693217165816127e-04,-5.45693216548730534e-04,-5.45693219079448574e-04,8.40105979574290451e-13,3.49680039698346823e-12,2.65669441740917778e-12,2.53071803964222131e-12,19,2,1,5.76460752303767552e+17,19,2,1,5.76460752303767552e+17,16,5,2,3.32306998945331719e+35,5.56814153000000033e+02,0,3.49680039698346823e-12,nan,0.00000000000000000e+00
8,3,-4.17632438114071689e-04,1.00000000000000000e+00,4.17632438937450706e-04,2,19,-4.17632438700744760e-04,-4.17632436899846137e-04,-4.17632438937450706e-04,-4.17632437586075314e-04,-4.17632439758402465e-04,-4.17632437928576732e-04,-4.17632437818520616e-04,-4.17632438131481591e-04,1.21422555170169755e-12,1.11893008964206175e-12,1.64433077614115075e-12,1.93988184890581117e-12,19,2,1,5.76460752303767552e+17,19,2,1,5.76460752303767552e+17,16,5,2,3.32306998945331719e+35,6.25223294000000010e+02,0,1.11893008964206175e-12,nan,0.00000000000000000e+00
9,0,-3.18884143013362185e-04,1.00000000000000000e+00,3.18884144470000434e-04,2,19,-3.18884142745988388e-04,-3.18884144470000434e-04,-3.18884143343385086e-04,-3.18884140691460779e-04,-3.18884142060923915e-04,-3.18884143011680912e-04,-3.18884141933082059e-04,-3.18884143024781544e-04,2.32190140595292527e-12,2.33332076533462884e-12,1.08028012533664675e-12,1.09169948471835032e-12,19,2,1,5.76460752303767552e+17,19,2,1,5.76460752303767552e+17,16,5,2,3.32306998945331719e+35,5.25686268000000041e+02,0,2.33332076533462884e-12,nan,0.00000000000000000e+00
9,1,-2.43004444855587920e-04,1.00000000000000000e+00,2.43004446555178502e-04,2,19,-2.43004445506261066e-04,-2.43004443402956854e-04,-2.43004444560597976e-04,-2.43004446555178502e-04,-2.43004445984854061e-04,-2.43004444654149689e-04,-2.43004444521150120e-04,-2.43004443793479430e-04,1.69959058220377213e-12,2.76169907255374714e-12,1.12926614131807213e-12,2.19137463166804713e-12,19,2,1,5.76460752303767552e+17,19,2,1,5.76460752303767552e+17,16,5,2,3.32306998945331719e+35,5.28984306999999944e+02,0,2.76169907255374714e-12,nan,0.00000000000000000e+00
9,2,-1.84791773358704807e-04,1.00000000000000000e+00,1.84791774056600948e-04,2,19,-1.84791772903291946e-04,-1.84791773564255824e-04,-1.84791774056600948e-04,-1.84791772397297204e-04,-1.84791773706987733e-04,-1.84791772168664309e-04,-1.84791772902586103e-04,-1.84791774332552844e-04,9.61407602834141173e-13,1.93525563955097846e-12,1.19004049778555221e-12,2.16388853450238949e-12,19,2,1,5.76460752303767552e+17,19,2,1,5.76460752303767552e+17,16,5,2,3.32306998945331719e+35,5.26700294999999983e+02,0,1.93525563955097846e-12,nan,0.00000000000000000e+00
9,3,-1.40271449819030737e-04,1.00000000000000000e+00,1.40271450494649098e-04,2,19,-1.40271448596661932e-04,-1.40271450494649098e-04,-1.40271448608053861e-04,-1.40271448349905676e-04,-1.40271450433228611e-04,-1.40271449775301556e-04,-1.40271449494812329e-04,-1.40271450250669836e-04,1.46912506032020884e-12,1.90076415978318591e-12,6.14197874417715672e-13,9.38416282614956687e-13,19,2,1,5.76460752303767552e+17,19,2,1,5.76460752303767552e+17,16,5,2,3.32306998945331719e+35,5.25949585999999954e+02,0,1.90076415978318591e-12,nan,0.00000000000000000e+00
10,0,-1.06279893258239623e-04,1.00000000000000000e+00,1.06279892607622978e-04,2,19,-1.06279892607622978e-04,-1.06279892487719677e-04,-1.06279891810703752e-04,-1.06279891187304769e-04,-1.06279891501871555e-04,-1.06279892252643274e-04,-1.06279892331743181e-04,-1.06279892412143345e-04,2.07093485426763230e-12,1.22483857637519650e-12,1.75636806801996587e-12,9.10271790127530067e-13,19,2,1,5.76460752303767552e+17,19,2,1,5.76460752303767552e+17,16,5,2,3.32306998945331719e+35,5.29950532999999950e+02,0,1.22483857637519650e-12,nan,0.00000000000000000e+00
10,1,-8.03991155713096978e-05,1.00000000000000000e+00,8.03991180395866370e-05,2,19,-8.03991165336835959e-05,-8.03991143842151129e-05,-8.03991163990108867e-05,-8.03991180395866370e-05,-8.03991139174151879e-05,-8.03991165942249979e-05,-8.03991150936448474e-05,-8.03991162119533368e-05,2.46827693917497926e-12,2.61626840797248711e-12,1.65389450995211823e-12,2.67680981005068153e-12,19,2,1,5.76460752303767552e+17,19,2,1,5.76460752303767552e+17,16,5,2,3.32306998945331719e+35,5.32066372999999999e+02,0,2.61626840797248711e-12,nan,0.00000000000000000e+00
10,2,-6.07263867439642742e-05,1.00000000000000000e+00,6.07263874391463318e-05,2,19,-6.07263856469141434e-05,-6.07263874391463318e-05,-6.07263860449969010e-05,-6.07263860804583893e-05,-6.07263867167821128e-05,-6.07263865992299724e-05,-6.07263870487096999e-05,-6.07263854957349508e-05,1.09705013085978353e-12,1.06986796944439147e-12,1.24822932345098822e-12,1.55297474912271388e-12,19,2,1,5.76460752303767552e+17,19,2,1,5.76460752303767552e+17,16,5,2,3.32306998945331719e+35,5.46439466000000039e+02,0,1.06986796944439147e-12,nan,0.00000000000000000e+00
10,3,-4.58093385797986053e-05,1.00000000000000000e+00,4.58093401788585536e-05,2,19,-4.58093395831467735e-05,-4.58093401788585536e-05,-4.58093380497786822e-05,-4.58093370705245289e-05,-4.58093407086729526e-05,-4.58093397335018708e-05,-4.58093396541905913e-05,-4.58093384488593937e-05,1.59905994831033640e-12,1.60441190904690376e-12,2.12887434731471453e-12,2.25981355888226973e-12,19,2,1,5.76460752303767552e+17,19,2,1,5.76460752303767552e+17,16,5,2,3.32306998945331719e+35,5.40792318000000023e+02,0,1.60441190904690376e-12,nan,0.00000000000000000e+00
11,0,-3.45159444455600789e-05,1.00000000000000000e+00,3.45159451599171869e-05,2,19,-3.45159416164610768e-05,-3.45159441120946730e-05,-3.45159451599171869e-05,-3.45159447128935161e-05,-3.45159442902524206e-05,-3.45159449835697249e-05,-3.45159436870532758e-05,-3.45159447914496149e-05,2.82909900204981329e-12,2.67379134376863684e-12,7.58506803102531463e-13,1.29651644915950229e-12,19,2,1,5.76460752303767552e+17,19,2,1,5.76460752303767552e+17,16,5,2,3.32306998945331719e+35,5.91858755999999971e+02,0,2.67379134376863684e-12,nan,0.00000000000000000e+00
11,1,-2.59841440444218174e-05,1.00000000000000000e+00,2.59841456515855298e-05,2,19,-2.59841437604228036e-05,-2.59841456515855298e-05,-2.59841423255842682e-05,-2.59841437159097145e-05,-2.59841407030846278e-05,-2.59841457935790668e-05,-2.59841438324019355e-05,-2.59841423902281964e-05,1.71883754923390572e-12,3.05733817575854980e-12,3.34133718957185799e-12,5.09049443900679369e-12,19,2,1,5.76460752303767552e+17,19,2,1,5.76460752303767552e+17,16,5,2,3.32306998945331719e+35,5.52108943999999951e+02,0,3.05733817575854980e-12,nan,0.00000000000000000e+00
11,2,-1.95475027242710740e-05,1.00000000000000000e+00,1.95475047882247505e-05,2,19,-1.95475026151352698e-05,-1.95475047882247505e-05,-1.95475023140785642e-05,-1.95475011111506837e-05,-1.95475023825704411e-05,-1.95475034373809058e-05,-1.95475030471893883e-05,-1.95475022706753525e-05,2.06395367647899813e-12,1.35084384474191792e-12,7.13109831737080216e-13,1.16670555324032560e-12,19,2,1,5.76460752303767552e+17,19,2,1,5.76460752303767552e+17,16,5,2,3.32306998945331719e+35,5.59099694000000000e+02,0,1.35084384474191792e-12,nan,0.00000000000000000e+00
11,3,-1.47000323355646440e-05,1.00000000000000000e+00,1.47000332226953534e-05,2,19,-1.47000332226953534e-05,-1.47000282361612202e-05,-1.47000309160876694e-05,-1.47000328345180955e-05,-1.47000300748382665e-05,-1.47000316068340322e-05,-1.47000320513114779e-05,-1.47000323516299537e-05,4.09940342373346818e-12,3.37067281197696560e-12,2.26072637749040548e-12,2.27679168717681048e-12,19,2,1,5.76460752303767552e+17,19,2,1,5.76460752303767552e+17,16,5,2,3.32306998945331719e+35,5.63379357000000027e+02,0,3.37067281197696560e-12,nan,0.00000000000000000e+00
12,0,-1.10533669662754980e-05,1.00000000000000000e+00,1.10533701949964369e-05,2,19,-1.10533701949964369e-05,-1.10533691060014335e-05,-1.10533660498962056e-05,-1.10533653249315007e-05,-1.10533696962339235e-05,-1.10533672710946816e-05,-1.10533670588758114e-05,-1.10533664527417414e-05,3.22872093881513330e-12,1.83490675182296920e-12,2.72995842545578713e-12,3.24349218205790928e-12,19,2,1,5.76460752303767552e+17,19,2,1,5.76460752303767552e+17,16,5,2,3.32306998945331719e+35,5.29605844000000047e+02,0,1.83490675182296920e-12,nan,0.00000000000000000e+00
12,1,-8.31363190629906936e-06,1.00000000000000000e+00,8.31363368539654485e-06,2,19,-8.31363114993278966e-06,-8.31363019257512240e-06,-8.31363324804728458e-06,-8.31363368539654485e-06,-8.31363141878033223e-06,-8.31363060506637294e-06,-8.31362840795339629e-06,-8.31363236825485867e-06,1.77909747548746396e-12,4.84009388828938319e-12,3.49834567307046214e-12,3.96030146237937464e-12,19,2,1,5.76460752303767552e+17,19,2,1,5.76460752303767552e+17,16,5,2,3.32306998945331719e+35,5.27088835000000017e+02,0,4.84009388828938319e-12,nan,0.00000000000000000e+00
12,2,-6.25669908618458206e-06,1.00000000000000000e+00,6.25669957469659153e-06,2,19,-6.25669957469659153e-06,-6.25669924206950515e-06,-6.25669730675616487e-06,-6.25669660798546845e-06,-6.25669910545756571e-06,-6.25669934462553204e-06,-6.25670172961513352e-06,-6.25669565707278171e-06,2.47819911361230223e-12,4.42285896864742355e-12,3.42911180035304370e-12,6.07254235181128041e-12,19,2,1,5.76460752303767552e+17,19,2,1,5.76460752303767552e+17,16,5,2,3.32306998945331719e+35,5.26686202999999978e+02,0,4.42285896864742355e-12,nan,0.00000000000000000e+00
12,3,-4.71356403494112459e-06,1.00000000000000000e+00,4.71356731281447816e-06,2,19,-4.71356410135925650e-06,-4.71356731281447816e-06,-4.71356457252282249e-06,-4.71356397694295842e-06,-4.71356354442913480e-06,-4.71356458021190468e-06,-4.71356486108283853e-06,-4.71356094878912921e-06,3.27787335357201384e-12,3.02815382920265707e-12,3.08615199537496266e-12,3.91229370931268873e-12,19,2,1,5.76460752303767552e+17,19,2,1,5.76460752303767552e+17,16,5,2,3.32306998945331719e+35,5.34782081999999946e+02,0,3.02815382920265707e-12,nan,0.00000000000000000e+00
13,0,-3.55606557189381529e-06,1.00000000000000000e+00,3.55606814676573642e-06,2,19,-3.55606655424581716e-06,-3.55606545583252187e-06,-3.55606548689290029e-06,-3.55606814676573642e-06,-3.55606825264559725e-06,-3.55606153841736760e-06,-3.55606497587211596e-06,-3.55606516187893800e-06,2.57487192112439167e-12,3.91741515426782556e-12,4.03347644768674404e-12,6.71422822964230152e-12,19,2,1,5.76460752303767552e+17,19,2,1,5.76460752303767552e+17,16,5,2,3.32306998945331719e+35,5.56214096000000040e+02,0,3.91741515426782556e-12,nan,0.00000000000000000e+00
13,1,-2.68789498796703957e-06,1.00000000000000000e+00,2.68789818068973034e-06,2,19,-2.68789315180419633e-06,-2.68789576144472311e-06,-2.68789818068973034e-06,-2.68789507266475320e-06,-2.68789204196011773e-06,-2.68789590489636551e-06,-2.68789688603681169e-06,-2.68789880515116312e-06,3.19272269077219492e-12,3.73248640992578963e-12,3.81718412355113021e-12,6.76319104539130161e-12,19,2,1,5.76460752303767552e+17,19,2,1,5.76460752303767552e+17,16,5,2,3.32306998945331719e+35,5.53306241999999997e+02,0,3.73248640992578963e-12,nan,0.00000000000000000e+00
13,2,-2.03638188623958310e-06,1.00000000000000000e+00,2.03638455241124039e-06,2,19,-2.03638070380911899e-06,-2.03638455241124039e-06,-2.03637920017174783e-06,-2.03638232342436735e-06,-2.03637980607307005e-06,-2.03638082955968117e-06,-2.03638426980922701e-06,-2.03638115715699188e-06,2.68606783527142482e-12,5.06963747918436416e-12,2.38356964391293934e-12,4.46373615695973280e-12,19,2,1,5.76460752303767552e+17,19,2,1,5.76460752303767552e+17,16,5,2,3.32306998945331719e+35,5.57497207000000003e+02,0,5.06963747918436416e-12,nan,0.00000000000000000e+00
13,3,-1.54709375187987439e-06,1.00000000000000000e+00,1.54709677376071968e-06,2,19,-1.54709677376071968e-06,-1.54709264760578662e-06,-1.54709232597975770e-06,-1.54709011939347626e-06,-1.54709265332588672e-06,-1.54709607961968850e-06,-1.54708980885416460e-06,-1.54709674006750028e-06,3.63248639812809547e-12,6.62067402401200647e-12,3.94302570978881655e-12,6.93121333567272755e-12,19,2,1,5.76460752303767552e+17,19,2,1,5.76460752303767552e+17,16,5,2,3.32306998945331719e+35,5.63174510000000055e+02,0,6.62067402401200647e-12,nan,0.00000000000000000e+00
14,0,-1.17913031492535144e-06,1.00000000000000000e+00,1.17913373080170062e-06,2,19,-1.17912921449954208e-06,-1.17912923041750191e-06,-1.17913373080170062e-06,-1.17912717748950847e-06,-1.17912939698242415e-06,-1.17912993539816449e-06,-1.17912910869341801e-06,-1.17913511999192120e-06,3.41587634918110946e-12,7.94250241273265940e-12,4.80506656976168519e-12,6.01129850319234564e-12,19,2,1,5.76460752303767552e+17,19,2,1,5.76460752303767552e+17,16,5,2,3.32306998945331719e+35,5.32726055999999971e+02,0,7.94250241273265940e-12,nan,0.00000000000000000e+00
14,1,-9.01941498419848155e-07,1.00000000000000000e+00,9.01945977485968654e-07,2,19,-9.01938936811403453e-07,-9.01944940776364950e-07,-9.01941498730167675e-07,-9.01945977485968654e-07,-9.01946350294993194e-07,-9.01943244494805364e-07,-9.01943543587171156e-07,-9.01938275672083087e-07,4.47906612049869314e-12,7.70181388556665485e-12,4.85187514503890001e-12,8.07462291010686172e-12,19,2,1,5.76460752303767552e+17,19,2,1,5.76460752303767552e+17,16,5,2,3.32306998945331719e+35,5.23599654999999984e+02,0,7.70181388556665485e-12,nan,0.00000000000000000e+00
14,2,-6.92646526992084953e-07,1.00000000000000000e+00,6.92648736155403989e-07,2,19,-6.92646534782075022e-07,-6.92648311434945449e-07,-6.92643523511047331e-07,-6.92648736155403989e-07,-6.92647290873680460e-07,-6.92644030322525048e-07,-6.92645755799041654e-07,-6.92645372563573470e-07,3.00348103762185670e-12,4.28111242040129131e-12,2.49666955990578778e-12,3.26055115541210071e-12,19,2,1,5.76460752303767552e+17,19,2,1,5.76460752303767552e+17,16,5,2,3.32306998945331719e+35,5.34808072000000038e+02,0,4.28111242040129131e-12,nan,0.00000000000000000e+00
14,3,-5.34188281433881674e-07,1.00000000000000000e+00,5.34190282673514871e-07,2,19,-5.34180828624180083e-07,-5.34185417281847082e-07,-5.34190282673514871e-07,-5.34186877887026926e-07,-5.34186518697456050e-07,-5.34188226340471317e-07,-5.34185127619783907e-07,-5.34189357349395206e-07,7.45280970159119889e-12,5.69007327596724523e-12,3.15381409776770914e-12,4.22972961129907407e-12,19,2,1,5.76460752303767552e+17,19,2,1,5.76460752303767552e+17,16,5,2,3.32306998945331719e+35,5.35325395999999955e+02,0,5.69007327596724523e-12,nan,0.00000000000000000e+00
15,0,-4.13821494359010629e-07,1.00000000000000000e+00,4.13822292385264716e-07,2,19,-4.13820921580811698e-07,-4.13822292385264716e-07,-4.13820098801310023e-07,-4.13821488959063835e-07,-4.13819916579357985e-07,-4.13823777417092125e-07,-4.13826646187303870e-07,-4.13826603730886261e-07,1.39555770060549060e-12,6.54738599384631519e-12,5.15182829324082459e-12,6.72960794588488032e-12,19,2,1,5.76460752303767552e+17,19,2,1,5.76460752303767552e+17,16,5,2,3.32306998945331719e+35,5.73726997999999980e+02,0,6.54738599384631519e-12,nan,0.00000000000000000e+00
15,1,-3.22055996739847063e-07,1.00000000000000000e+00,3.22059808947723676e-07,2,19,-3.22059808947723676e-07,-3.22050712979853421e-07,-3.22052608819957472e-07,-3.22057157159727303e-07,-3.22054372162792300e-07,-3.22054206529426310e-07,-3.22055614995031770e-07,-3.22059676643858810e-07,5.28375999364146838e-12,5.43678493137583768e-12,3.67990401174666585e-12,5.47011443250010370e-12,19,2,1,5.76460752303767552e+17,19,2,1,5.76460752303767552e+17,16,5,2,3.32306998945331719e+35,6.06665430000000015e+02,0,5.43678493137583768e-12,nan,0.00000000000000000e+00
15,2,-2.51798216610923260e-07,1.00000000000000000e+00,2.51800006533871619e-07,2,19,-2.51798423886465999e-07,-2.51799945293309911e-07,-2.51800006533871619e-07,-2.51799070837907629e-07,-2.51796854573635370e-07,-2.51801356059531554e-07,-2.51799842962724546e-07,-2.51801943435124080e-07,1.78992294835905158e-12,2.87259721645039822e-12,3.72682420082003817e-12,5.08886148870995141e-12,19,2,1,5.76460752303767552e+17,19,2,1,5.76460752303767552e+17,16,5,2,3.32306998945331719e+35,5.86612379000000033e+02,0,2.87259721645039822e-12,nan,0.00000000000000000e+00
15,3,-1.97768768349915565e-07,1.00000000000000000e+00,1.97774624054311959e-07,2,19,-1.97765339158414203e-07,-1.97768146363536669e-07,-1.97774624054311959e-07,-1.97773887362444546e-07,-1.97767153842152131e-07,-1.97771171659091890e-07,-1.97764999031211332e-07,-1.97767294402662530e-07,5.85570439639432768e-12,9.62502310062763247e-12,3.76931870423330479e-12,6.17262788055825518e-12,19,2,1,5.76460752303767552e+17,19,2,1,5.76460752303767552e+17,16,5,2,3.32306998945331719e+35,5.65679240000000050e+02,0,9.62502310062763247e-12,nan,0.00000000000000000e+00
16,0,-1.56017102331265599e-07,1.00000000000000000e+00,1.56018933431534048e-07,2,19,-1.56014882323037382e-07,-1.56018933431534048e-07,-1.56014610154163331e-07,-1.56016771090025973e-07,-1.56019476490536760e-07,-1.56017150287440050e-07,-1.56013332934885056e-07,-1.56010271036395982e-07,2.49217710226787310e-12,6.50005362999107012e-12,6.83129486961621991e-12,9.20545414077723434e-12,19,2,1,5.76460752303767552e+17,19,2,1,5.76460752303767552e+17,16,5,2,3.32306998945331719e+35,5.37762411000000043e+02,0,6.50005362999107012e-12,nan,0.00000000000000000e+00
16,1,-1.23595833478588749e-07,1.00000000000000000e+00,1.23596817328051588e-07,2,19,-1.23596817328051588e-07,-1.23593317920969605e-07,-1.23593365920930948e-07,-1.23593967736514869e-07,-1.23597366952157382e-07,-1.23596238708268787e-07,-1.23601083783468795e-07,-1.23596210064995443e-07,2.51555761914442568e-12,7.71786253784722627e-12,5.25030488004575361e-12,4.87371847335197863e-12,19,2,1,5.76460752303767552e+17,19,2,1,5.76460752303767552e+17,16,5,2,3.32306998945331719e+35,5.99499492000000032e+02,0,7.71786253784722627e-12,nan,0.00000000000000000e+00
16,2,-9.82902681851654337e-08,1.00000000000000000e+00,9.82916836464089643e-08,2,19,-9.82840316897091390e-08,-9.82894983859779661e-08,-9.82916836464089643e-08,-9.82872219064245479e-08,-9.82872838072585096e-08,-9.82858930900945070e-08,-9.82875564660714789e-08,-9.82909001367565508e-08,6.23649545629471575e-12,4.12718033748546697e-12,4.37509507092671244e-12,5.00704666204380489e-12,19,2,1,5.76460752303767552e+17,19,2,1,5.76460752303767552e+17,16,5,2,3.32306998945331719e+35,5.44317664000000036e+02,0,4.12718033748546697e-12,nan,0.00000000000000000e+00
16,3,-7.84412950985645444e-08,1.00000000000000000e+00,7.84420498355001844e-08,2,19,-7.84399232158231131e-08,-7.84412517577462560e-08,-7.84377337360630698e-08,-7.84420498355001844e-08,-7.84341608038673781e-08,-7.84404628415682890e-08,-7.84436830770002967e-08,-7.84382531136989880e-08,3.56136250147461091e-12,5.94934093722698588e-12,7.13429469716624055e-12,9.52227313291861552e-12,19,2,1,5.76460752303767552e+17,19,2,1,5.76460752303767552e+17,16,5,2,3.32306998945331719e+35,5.46447088000000008e+02,0,5.94934093722698588e-12,nan,0.00000000000000000e+00
17,0,-6.27942378791267071e-08,1.00000000000000000e+00,6.28012663953735853e-08,2,19,-6.27950224464782807e-08,-6.27923140040353161e-08,-6.27969809298019066e-08,-6.28012663953735853e-08,-6.27917104274306568e-08,-6.27903578109918076e-08,-6.27967951088683909e-08,-6.27987799420728872e-08,7.02851624687822873e-12,3.31201904762391088e-12,4.54206294618008783e-12,8.42213108107960140e-12,19,2,1,5.76460752303767552e+17,19,2,1,5.76460752303767552e+17,16,5,2,3.32306998945331719e+35,5.70038846000000035e+02,0,3.31201904762391088e-12,nan,0.00000000000000000e+00
17,1,-5.04022165281337905e-08,1.00000000000000000e+00,5.04144129808657441e-08,2,19,-5.04037543082321994e-08,-5.04026700353868648e-08,-5.03999474819148964e-08,-5.04144129808657441e-08,-5.04051756149011460e-08,-5.04078171840516055e-08,-5.04030262507564673e-08,-5.04076979421192279e-08,1.21964527319535264e-11,6.71503874651612621e-12,5.60065591781498173e-12,4.79093329513822934e-12,19,2,1,5.76460752303767552e+17,19,2,1,5.76460752303767552e+17,16,5,2,3.32306998945331719e+35,5.69030899999999974e+02,0,6.71503874651612621e-12,nan,0.00000000000000000e+00
17,2,-4.05480321452340861e-08,1.00000000000000000e+00,4.05521281934570370e-08,2,19,-4.05521281934570370e-08,-4.05463953685438118e-08,-4.05489212897562129e-08,-4.05446201438593558e-08,-4.05540330248979124e-08,-4.05439149354818892e-08,-4.05403904867220949e-08,-4.05425128645054877e-08,4.09604822295093134e-12,8.53080303411794332e-12,7.64165851199114289e-12,1.36425381758174676e-11,19,2,1,5.76460752303767552e+17,19,2,1,5.76460752303767552e+17,16,5,2,3.32306998945331719e+35,5.48464120999999977e+02,0,8.53080303411794332e-12,nan,0.00000000000000000e+00
17,3,-3.26801001065642532e-08,1.00000000000000000e+00,3.26821722897048520e-08,2,19,-3.26804555529097444e-08,-3.26782943254572801e-08,-3.26786318542447338e-08,-3.26821722897048520e-08,-3.26785011689177728e-08,-3.26764610486986164e-08,-3.26734465983398329e-08,-3.26802952125236140e-08,2.07218314059878292e-12,5.18525590490096931e-12,6.65350822442031055e-12,6.84861418378114887e-12,19,2,1,5.76460752303767552e+17,19,2,1,5.76460752303767552e+17,16,5,2,3.32306998945331719e+35,5.60740831999999955e+02,0,5.18525590490096931e-12,nan,0.00000000000000000e+00
18,0,-2.63778711883656369e-08,1.00000000000000000e+00,2.63819775694571173e-08,2,19,-2.63783914069467939e-08,-2.63727561589397527e-08,-2.63819775694571173e-08,-2.63768855029672955e-08,-2.63669276615846692e-08,-2.63745106581823581e-08,-2.63778554050407062e-08,-2.63810402381141857e-08,5.11502942588419785e-12,1.14637453621246943e-11,1.09435267809676825e-11,1.41125765295165714e-11,19,2,1,5.76460752303767552e+17,19,2,1,5.76460752303767552e+17,16,5,2,3.32306998945331719e+35,5.49726042000000007e+02,0,1.14637453621246943e-11,nan,0.00000000000000000e+00
18,1,-2.13120022384113459e-08,1.00000000000000000e+00,2.13226220316225990e-08,2,19,-2.13118133961974632e-08,-2.13206618428942489e-08,-2.13226220316225990e-08,-2.13210090555726958e-08,-2.13127428602423640e-08,-2.13071663466840904e-08,-2.13104511199651689e-08,-2.13258691300594273e-08,1.06197932112530763e-11,1.34954962101585112e-11,1.38668916480813483e-11,1.87027833753368814e-11,19,2,1,5.76460752303767552e+17,19,2,1,5.76460752303767552e+17,16,5,2,3.32306998945331719e+35,5.61172090000000026e+02,0,1.34954962101585112e-11,nan,0.00000000000000000e+00
18,2,-1.72319275063699459e-08,1.00000000000000000e+00,1.72403299568457130e-08,2,19,-1.72278183435685827e-08,-1.72403299568457130e-08,-1.72352850497725196e-08,-1.72348461117025781e-08,-1.72255211435503374e-08,-1.72271531171695764e-08,-1.72271690372486513e-08,-1.72317176749260871e-08,8.40245047576704026e-12,1.31768396761365967e-11,6.40636281960858883e-12,6.19653137574972335e-12,19,2,1,5.76460752303767552e+17,19,2,1,5.76460752303767552e+17,16,5,2,3.32306998945331719e+35,5.49374474999999961e+02,0,1.31768396761365967e-11,nan,0.00000000000000000e+00
18,3,-1.39363080668111651e-08,1.00000000000000000e+00,1.39383619248812173e-08,2,19,-1.39336097384673682e-08,-1.39383619248812173e-08,-1.39360685139191785e-08,-1.39363839151170101e-08,-1.39443871276397256e-08,-1.39458722068583780e-08,-1.39289146453972944e-08,-1.39286118650125205e-08,2.69832834379685680e-12,1.07773891723574002e-11,9.56414004721293863e-12,1.72603418458575334e-11,19,2,1,5.76460752303767552e+17,19,2,1,5.76460752303767552e+17,16,5,2,3.32306998945331719e+35,5.55107313999999974e+02,0,1.07773891723574002e-11,nan,0.00000000000000000e+00
19,0,-1.12711588272055797e-08,1.00000000000000000e+00,1.12749445800037050e-08,2,19,-1.12749445800037050e-08,-1.12695002980825578e-08,-1.12686332748284643e-08,-1.12659394225597997e-08,-1.12781574392771070e-08,-1.12827139422794153e-08,-1.12742565057158937e-08,-1.12691369888728513e-08,5.21940464578000847e-12,1.32136441968574656e-11,1.15551150738355512e-11,1.35769534065639873e-11,19,2,1,5.76460752303767552e+17,19,2,1,5.76460752303767552e+17,16,5,2,3.32306998945331719e+35,5.75324253999999996e+02,0,1.32136441968574656e-11,nan,0.00000000000000000e+00
19,1,-9.11553877761269645e-09,1.00000000000000000e+00,9.12486593314656404e-09,2,19,-9.11165342265569562e-09,-9.12486593314656404e-09,-9.11696989904831399e-09,-9.11326828951098896e-09,-9.11160433200876004e-09,-9.11607401312635788e-09,-9.11532433826108873e-09,-9.11473032564426091e-09,9.32715553386758968e-12,8.79192002020616077e-12,3.93444560393641071e-12,4.46968111759783963e-12,19,2,1,5.76460752303767552e+17,19,2,1,5.76460752303767552e+17,16,5,2,3.32306998945331719e+35,5.65877855999999952e+02,0,8.79192002020616077e-12,nan,0.00000000000000000e+00
19,2,-7.36672416592226608e-09,1.00000000000000000e+00,7.37107353765071516e-09,2,19,-7.37107353765071516e-09,-7.36625395405899542e-09,-7.36695502569098287e-09,-7.35546565362263325e-09,-7.35785009521772292e-09,-7.35639756914406957e-09,-7.36351728623968982e-09,-7.36703510031203271e-09,1.12585122996328279e-11,1.32234424329922318e-11,1.03265967781965060e-11,1.06375311679631379e-11,19,2,1,5.76460752303767552e+17,19,2,1,5.76460752303767552e+17,16,5,2,3.32306998945331719e+35,5.53670596000000046e+02,0,1.32234424329922318e-11,nan,0.00000000000000000e+00
19,3,-5.95106053687971203e-09,1.00000000000000000e+00,5.95508877562203649e-09,2,19,-5.94914572245697937e-09,-5.95295846885434254e-09,-5.95508877562203649e-09,-5.95177216686531962e-09,-5.94268962043041500e-09,-5.93884068273929242e-09,-5.94868669393458839e-09,-5.94784002821177648e-09,4.02823874232445932e-12,1.41177861150501218e-11,1.22198541404196126e-11,9.84601119529597396e-12,19,2,1,5.76460752303767552e+17,19,2,1,5.76460752303767552e+17,16,5,2,3.32306998945331719e+35,5.60430714999999964e+02,0,1.41177861150501218e-11,nan,0.00000000000000000e+00
20,0,-4.79974554079080791e-09,1.00000000000000000e+00,4.80839854769267937e-09,2,19,-4.80211804816681903e-09,-4.80697156391858816e-09,-4.80539353570377004e-09,-4.80839854769267937e-09,-4.79413501068920984e-09,-4.80679878117045843e-09,-4.79841135800696171e-09,-4.79373749247433194e-09,8.65300690187146173e-12,1.46610552183474276e-11,7.05324037965051740e-12,1.30612886961264833e-11,19,2,1,5.76460752303767552e+17,19,2,1,5.76460752303767552e+17,16,5,2,3.32306998945331719e+35,5.64228982999999971e+02,0,1.46610552183474276e-11,nan,0.00000000000000000e+00
20,1,-3.87248153865372021e-09,1.00000000000000000e+00,3.88014855773269286e-09,2,19,-3.85843069388930879e-09,-3.86942995770599094e-09,-3.88014855773269286e-09,-3.87965876452651520e-09,-3.86909888779033757e-09,-3.87062191554078873e-09,-3.86724690631756391e-09,-3.86433280397248453e-09,1.40508447644114224e-11,1.53259605540306667e-11,8.14873468123568128e-12,6.28911156830419927e-12,19,2,1,5.76460752303767552e+17,19,2,1,5.76460752303767552e+17,16,5,2,3.32306998945331719e+35,5.53150780000000054e+02,0,1.53259605540306667e-11,nan,0.00000000000000000e+00
20,2,-3.11788886218085606e-09,1.00000000000000000e+00,3.12408722679410642e-09,2,19,-3.12343144475141316e-09,-3.11352205983027029e-09,-3.11433638490466014e-09,-3.12408722679410642e-09,-3.11912646643137032e-09,-3.12750139395774035e-09,-3.11887431683516171e-09,-3.11862864184576767e-09,6.19836461325035550e-12,1.39793341274700606e-11,9.61253177688428336e-12,8.87275211197267654e-12,19,2,1,5.76460752303767552e+17,19,2,1,5.76460752303767552e+17,16,5,2,3.32306998945331719e+35,5.64992504000000054e+02,0,1.39793341274700606e-11,nan,0.00000000000000000e+00
20,3,-2.50835598083908714e-09,1.00000000000000000e+00,2.51394573641601256e-09,2,19,-2.49853093078082072e-09,-2.51084381620727768e-09,-2.50573254009089922e-09,-2.51394573641601256e-09,-2.51986070359466745e-09,-2.50343310881567827e-09,-2.51093321564182317e-09,-2.51801001765433846e-09,9.82505005826642668e-12,2.13297728138467356e-11,1.15047227555803089e-11,1.64275947789891821e-11,19,2,1,5.76460752303767552e+17,19,2,1,5.76460752303767552e+17,16,5,2,3.32306998945331719e+35,5.63264886000000047e+02,0,2.13297728138467356e-11,nan,0.00000000000000000e+00
21,0,-2.01645910640944207e-09,1.00000000000000000e+00,2.03227128302871061e-09,2,19,-2.01408367256152209e-09,-2.03227128302871061e-09,-2.01876572594106387e-09,-2.01010892937351966e-09,-2.01026936204089153e-09,-2.01878118625490427e-09,-2.02467141878869606e-09,-2.02146473052934632e-09,1.58121766192685433e-11,1.34900967738063446e-11,8.21231237925399393e-12,1.44020567478045365e-11,19,2,1,5.76460752303767552e+17,19,2,1,5.76460752303767552e+17,16,5,2,3.32306998945331719e+35,5.60595487000000048e+02,0,1.34900967738063446e-11,nan,0.00000000000000000e+00
21,1,-1.62050827574354964e-09,1.00000000000000000e+00,1.61757341306643351e-09,2,19,-1.61757341306643351e-09,-1.61559433627689305e-09,-1.61193179203375707e-09,-1.60920595457089855e-09,-1.60931118752054868e-09,-1.60196034210481606e-09,-1.62331220474224230e-09,-1.62263917001791954e-09,1.13023211726510935e-11,1.36339941720769878e-11,1.85479336387335846e-11,2.13518626374262442e-11,19,2,1,5.76460752303767552e+17,19,2,1,5.76460752303767552e+17,16,5,2,3.32306998945331719e+35,5.31969688000000019e+02,0,1.36339941720769878e-11,nan,0.00000000000000000e+00
21,2,-1.29805575824752781e-09,1.00000000000000000e+00,1.31394359895730412e-09,2,19,-1.28679753143102960e-09,-1.29711939243506435e-09,-1.31394359895730412e-09,-1.29160726708489629e-09,-1.29465596278529822e-09,-1.29391861747000820e-09,-1.29986684541561844e-09,-1.29344519655927445e-09,1.58878407097763122e-11,1.40767535416856843e-11,4.61056168825335864e-12,6.42164885634398653e-12,19,2,1,5.76460752303767552e+17,19,2,1,5.76460752303767552e+17,16,5,2,3.32306998945331719e+35,5.96451147999999989e+02,0,1.40767535416856843e-11,nan,0.00000000000000000e+00
21,3,-1.03975848118764606e-09,1.00000000000000000e+00,1.04593482494907691e-09,2,19,-1.03794481017751230e-09,-1.03206099946244320e-09,-1.04582747192097167e-09,-1.04593482494907691e-09,-1.03802670665606593e-09,-1.04419503400896699e-09,-1.04936904797886604e-09,-1.02785412597243766e-09,7.69748172520286223e-12,1.80806989766392564e-11,1.19043552152083998e-11,2.15149220064283789e-11,19,2,1,5.76460752303767552e+17,19,2,1,5.76460752303767552e+17,16,5,2,3.32306998945331719e+35,7.41558599999999956e+02,0,1.80806989766392564e-11,nan,0.00000000000000000e+00
22,0,-8.26010364568772545e-10,1.00000000000000000e+00,8.35650397216076528e-10,2,19,-8.09549726647835470e-10,-8.35650397216076528e-10,-8.31937208968970759e-10,-8.32541583885495958e-10,-8.46218839245336866e-10,-8.24294625455396200e-10,-8.36840829542310786e-10,-8.34209981743665061e-10,1.64606379209370759e-11,3.66691125975013969e-11,2.02084746765643210e-11,2.19242137899406660e-11,19,2,1,5.76460752303767552e+17,19,2,1,5.76460752303767552e+17,16,5,2,3.32306998945331719e+35,5.66699389999999994e+02,0,3.66691125975013969e-11,nan,0.00000000000000000e+00
22,1,-6.59931421082301656e-10,1.00000000000000000e+00,6.68420676824957054e-10,2,19,-6.56485083648851133e-10,-6.68420676824957054e-10,-6.54180838059496661e-10,-6.58568380635219136e-10,-6.48405657818490673e-10,-6.65791006416708785e-10,-6.66009885973317539e-10,-6.54237494741400505e-10,8.48925574265539840e-12,1.18290479138208786e-11,1.15257632638109821e-11,1.76042281548268660e-11,19,2,1,5.76460752303767552e+17,19,2,1,5.76460752303767552e+17,16,5,2,3.32306998945331719e+35,5.53400864999999953e+02,0,1.18290479138208786e-11,nan,0.00000000000000000e+00
22,2,-5.22429451847998059e-10,1.00000000000000000e+00,5.23629439633990537e-10,2,19,-5.23629439633990537e-10,-5.11755082305627924e-10,-5.14854895060910814e-10,-5.22231772928833333e-10,-5.31229156481962511e-10,-4.99128141460608434e-10,-5.19148398687029881e-10,-5.15104491438337480e-10,1.06743695423701353e-11,1.26269408450194898e-11,2.33013103873896251e-11,3.21010150213540767e-11,19,2,1,5.76460752303767552e+17,19,2,1,5.76460752303767552e+17,16,5,2,3.32306998945331719e+35,5.57152926999999977e+02,0,1.26269408450194898e-11,nan,0.00000000000000000e+00
22,3,-4.15794558322896803e-10,1.00000000000000000e+00,4.30275857287948310e-10,2,19,-3.99899607461587897e-10,-4.30275857287948310e-10,-4.05133379251619909e-10,-4.22614379435834824e-10,-4.14252681982794515e-10,-4.28462398884825473e-10,-4.01867436690917209e-10,-4.11172985587245242e-10,1.58949508613089059e-11,1.43530745212066185e-11,1.39271216319795940e-11,2.65949621939082644e-11,19,2,1,5.76460752303767552e+17,19,2,1,5.76460752303767552e+17,16,5,2,3.32306998945331719e+35,6.23318264999999997e+02,0,1.43530745212066185e-11,nan,0.00000000000000000e+00
23,0,-3.37766817554687394e-10,1.00000000000000000e+00,3.36079173655945901e-10,2,19,-3.36079173655945901e-10,-3.31603879320203884e-10,-3.19129159139384483e-10,-3.14694193085133130e-10,-3.53576781552551484e-10,-3.35497313754857961e-10,-3.15232501157843195e-10,-3.46827311154802649e-10,2.30726244695542642e-11,3.21331180696695197e-11,2.25343163968441985e-11,3.83442803947082890e-11,19,2,1,5.76460752303767552e+17,19,2,1,5.76460752303767552e+17,16,5,2,3.32306998945331719e+35,6.13776657000000000e+02,0,3.21331180696695197e-11,nan,0.00000000000000000e+00
23,1,-2.58228827649845366e-10,1.00000000000000000e+00,2.65174495106404266e-10,2,19,-2.65174495106404266e-10,-2.34746863433562785e-10,-2.42456435703692007e-10,-2.50935686832740681e-10,-2.40104456901413058e-10,-2.59397849595309269e-10,-2.54215983799503398e-10,-2.50529883199533054e-10,2.34819642162825809e-11,2.50700382049912077e-11,1.81243707484323076e-11,1.92933926938962108e-11,19,2,1,5.76460752303767552e+17,19,2,1,5.76460752303767552e+17,16,5,2,3.32306998945331719e+35,5.47997588999999948e+02,0,2.50700382049912077e-11,nan,0.00000000000000000e+00
23,2,-2.06317325748354454e-10,1.00000000000000000e+00,2.24951595221997885e-10,2,19,-2.24951595221997885e-10,-2.03297852683975705e-10,-2.15552454653577377e-10,-2.13658266506467395e-10,-2.10766065369098597e-10,-2.03841907947570947e-10,-2.15571836256945497e-10,-2.11156595637909542e-10,1.86342694736434315e-11,1.41855298528992886e-11,9.25451050859104271e-12,1.17299283093745495e-11,19,2,1,5.76460752303767552e+17,19,2,1,5.76460752303767552e+17,16,5,2,3.32306998945331719e+35,5.70686929999999961e+02,0,1.41855298528992886e-11,nan,0.00000000000000000e+00
23,3,-1.61209263618861637e-10,1.00000000000000000e+00,1.72679650367851442e-10,2,19,-1.65513780360558558e-10,-1.61071883459536907e-10,-1.72679650367851442e-10,-1.45372759005684573e-10,-1.58339439765710300e-10,-1.41148524390051331e-10,-1.68805745380776467e-10,-1.47625549344987767e-10,1.58365046131770635e-11,1.99233590694855765e-11,2.00607392288103065e-11,2.76572209907251369e-11,19,2,1,5.76460752303767552e+17,19,2,1,5.76460752303767552e+17,16,5,2,3.32306998945331719e+35,5.71233008000000041e+02,0,1.99233590694855765e-11,nan,0.00000000000000000e+00
24,0,-1.28400700988010277e-10,1.00000000000000000e+00,1.30263650830644972e-10,2,19,-1.22643165825705039e-10,-1.06927890520362505e-10,-1.25407335405985495e-10,-1.30263650830644972e-10,-1.26500250574834592e-10,-1.22535205348283300e-10,-1.29327278830922933e-10,-1.34306872796353714e-10,2.14728104676477723e-11,1.56073148279207958e-11,5.90617180834343711e-12,1.17716674480704136e-11,19,2,1,5.76460752303767552e+17,19,2,1,5.76460752303767552e+17,16,5,2,3.32306998945331719e+35,5.91391841999999997e+02,0,1.56073148279207958e-11,nan,0.00000000000000000e+00
24,1,-1.04511076818561737e-10,1.00000000000000000e+00,1.00888548905560992e-10,2,19,-1.00888548905560992e-10,-8.69173042497559575e-11,-9.62989668594411901e-11,-8.97399555945487298e-11,-9.66657525225033464e-11,-8.94462333805763797e-11,-1.01435868300543093e-10,-9.06202465113816204e-11,1.75937725688057791e-11,5.13690144110190272e-12,1.50648434379853569e-11,1.19896349199667131e-11,19,2,1,5.76460752303767552e+17,19,2,1,5.76460752303767552e+17,16,5,2,3.32306998945331719e+35,6.36609911000000011e+02,0,5.13690144110190272e-12,nan,0.00000000000000000e+00
24,2,-8.58959021907052833e-11,1.00000000000000000e+00,8.95856051017226913e-11,2,19,-8.76300563856015182e-11,-8.95856051017226913e-11,-7.84194507636261465e-11,-8.52437820940093545e-11,-7.32744417479954986e-11,-1.03113100255258127e-10,-9.36561107952579740e-11,-7.33066204200957495e-11,7.47645142707913678e-12,1.52366600316318275e-11,1.72171980645528432e-11,2.98386585072626280e-11,19,2,1,5.76460752303767552e+17,19,2,1,5.76460752303767552e+17,16,5,2,3.32306998945331719e+35,5.46564243000000033e+02,0,1.52366600316318275e-11,nan,0.00000000000000000e+00
24,3,-6.88964886480658868e-11,1.00000000000000000e+00,8.36790949888768796e-11,2,19,-8.36790949888768796e-11,-7.55050917395337790e-11,-6.73388071300840256e-11,-7.74930062296799955e-11,-5.33769414391753378e-11,-7.14207594438913435e-11,-8.27449636326823060e-11,-6.67408019333464758e-11,1.47826063408109928e-11,3.03021535497015418e-11,1.55195472088905490e-11,2.93680221935069682e-11,19,2,1,5.76460752303767552e+17,19,2,1,5.76460752303767552e+17,16,5,2,3.32306998945331719e+35,5.44259897000000024e+02,0,3.03021535497015418e-11,nan,0.00000000000000000e+00
25,0,-5.36012266143999784e-11,1.00000000000000000e+00,6.98775340545256071e-11,2,19,-6.98775340545256071e-11,-5.28037535897122351e-11,-2.18468478564896410e-11,-3.90919447531086585e-11,-6.29558508172752057e-11,-3.50509574520915194e-11,-9.13879650913171873e-11,-5.65702979779120633e-11,3.17543787579103374e-11,6.95411172348275463e-11,3.77867384769172089e-11,5.63370076392256679e-11,19,2,1,5.76460752303767552e+17,19,2,1,5.76460752303767552e+17,16,5,2,3.32306998945331719e+35,5.40502006000000051e+02,0,6.95411172348275463e-11,nan,0.00000000000000000e+00
25,1,-4.30838406081997593e-11,1.00000000000000000e+00,5.69627690452475859e-11,2,19,-5.29978908178255048e-11,-1.85810367538399157e-12,-5.69627690452475859e-11,-3.66095957592304675e-11,-2.21183445132106796e-11,-3.46120168087778193e-11,-4.42495933215396896e-11,-2.58114412729679711e-11,4.12257369328157677e-11,3.27539131333938277e-11,2.09654960949890796e-11,2.21312488083290100e-11,19,2,1,5.76460752303767552e+17,19,2,1,5.76460752303767552e+17,16,5,2,3.32306998945331719e+35,5.56293235999999979e+02,0,3.27539131333938277e-11,nan,0.00000000000000000e+00
25,2,-3.07578998647897437e-11,1.00000000000000000e+00,5.23328958908973521e-11,2,19,-5.07171257261967829e-11,-1.76697208056177156e-11,-5.23328958908973521e-11,-3.41227537883595727e-11,-2.87528719608878064e-11,-4.19815971787964702e-11,-1.06376446271391680e-11,-2.38459691640972142e-11,2.15749960261076084e-11,4.16952512637581841e-11,2.01202552376505758e-11,3.13439525516573022e-11,19,2,1,5.76460752303767552e+17,19,2,1,5.76460752303767552e+17,16,5,2,3.32306998945331719e+35,5.55982102000000054e+02,0,4.16952512637581841e-11,nan,0.00000000000000000e+00
25,3,-2.18499564304830126e-11,1.00000000000000000e+00,3.73974652480826570e-11,2,19,-3.47654901117836054e-11,-3.73974652480826570e-11,-3.49007454921352161e-11,-3.00479737445080609e-11,-6.40925167784379740e-13,-2.06102223617409285e-11,-2.36374535423805296e-11,-1.85862140363384572e-11,1.55475088175996444e-11,3.41245649439992257e-11,2.12090312626986329e-11,2.29965283745961499e-11,19,2,1,5.76460752303767552e+17,19,2,1,5.76460752303767552e+17,16,5,2,3.32306998945331719e+35,5.69281017000000020e+02,0,3.41245649439992257e-11,nan,0.00000000000000000e+00
26,0,-2.26882427584873317e-11,1.00000000000000000e+00,3.97158517989187417e-11,2,19,-3.61505796853521123e-11,-3.59076726587652332e-11,-3.97158517989187417e-11,-1.68358354555026527e-11,-3.08111843320860161e-11,1.61393959850209019e-11,-2.40816675521808299e-11,2.45405358113058101e-11,1.70276090404314100e-11,5.20470686437861319e-11,4.72287785697931418e-11,5.53517201433918294e-11,19,2,1,5.76460752303767552e+17,19,2,1,5.76460752303767552e+17,16,5,2,3.32306998945331719e+35,5.57380225999999993e+02,0,5.20470686437861319e-11,nan,0.00000000000000000e+00
26,1,-1.30085161169947441e-11,1.00000000000000000e+00,1.78257084715039857e-11,2,19,-1.19192962009281776e-11,-1.78257084715039857e-11,-1.24194223511502513e-11,-1.77487879237193862e-11,-4.80186928632870531e-11,2.31745466501640420e-11,-5.21947255622652842e-11,-5.02751073345400181e-12,4.81719235450924156e-12,4.10002551216680309e-11,3.91862094452705401e-11,7.53692722124293262e-11,19,2,1,5.76460752303767552e+17,19,2,1,5.76460752303767552e+17,16,5,2,3.32306998945331719e+35,5.47756440999999995e+02,0,4.10002551216680309e-11,nan,0.00000000000000000e+00
26,2,-1.36977000967443049e-11,1.00000000000000000e+00,1.89130604241072209e-11,2,19,1.88192857364113506e-11,-1.89130604241072209e-11,-1.25461865590453447e-11,-1.59229993332403090e-11,-5.11832790262263145e-11,-2.64537317073816455e-11,2.39504878100064128e-12,-8.26222566889154134e-12,3.25169858331556539e-11,7.00025647626376715e-11,3.74855789294820112e-11,5.35783278072269557e-11,19,2,1,5.76460752303767552e+17,19,2,1,5.76460752303767552e+17,16,5,2,3.32306998945331719e+35,5.46194842999999992e+02,0,7.00025647626376715e-11,nan,0.00000000000000000e+00
26,3,-8.89948133092068086e-12,1.00000000000000000e+00,2.50914774124634152e-11,2,19,7.74161509761855417e-12,-1.56626049197515305e-13,2.50914774124634152e-11,1.11998022733275996e-12,1.24510787939355144e-11,-2.31431376126447664e-11,4.15548971012255207e-11,-7.73603072034153621e-12,3.39909587433840960e-11,2.29865115634472495e-11,5.04543784321462016e-11,6.46980347138702936e-11,19,2,1,5.76460752303767552e+17,19,2,1,5.76460752303767552e+17,16,5,2,3.32306998945331719e+35,5.44951697999999965e+02,0,2.29865115634472495e-11,nan,0.00000000000000000e+00
27,0,9.06984132592138268e-12,1.00000000000000000e+00,6.54823731545521280e-11,2,19,-3.81386241340600932e-11,-3.36258164649814540e-11,-6.54823731545521280e-11,-6.05053579953181757e-12,3.11039275861836008e-13,2.87132430907061653e-11,-3.91927511671509252e-13,1.27103068469397258e-11,7.45522144804735091e-11,6.50904456428806199e-11,1.96434017647847842e-11,2.91051706023776733e-11,19,2,1,5.76460752303767552e+17,19,2,1,5.76460752303767552e+17,16,5,2,3.32306998945331719e+35,5.36477800999999999e+02,0,6.50904456428806199e-11,nan,0.00000000000000000e+00
27,1,-1.02560927258219357e-12,1.00000000000000000e+00,3.17743508391216636e-11,2,19,1.70696951280467064e-11,3.17743508391216636e-11,-3.59242805726312314e-12,-1.22588945182675082e-11,-2.03436512569060150e-11,-1.13777648324726044e-11,-6.52526814150580453e-12,1.80875242340275847e-11,3.27999601117038548e-11,4.31521156715942664e-11,1.93180419843238206e-11,3.84311754909335965e-11,19,2,1,5.76460752303767552e+17,19,2,1,5.76460752303767552e+17,16,5,2,3.32306998945331719e+35,5.45304663000000005e+02,0,4.31521156715942664e-11,nan,0.00000000000000000e+00
27,2,9.77052853791241773e-13,1.00000000000000000e+00,4.69770567511195028e-11,2,19,-2.45954028455533436e-11,-2.44364482606179633e-11,4.69770567511195028e-11,8.00127263686088645e-12,3.99706463614564663e-12,1.99051156395109155e-11,-2.31411743476954665e-11,-6.42345699660508604e-12,4.60000038973282601e-11,7.01182310988149757e-11,2.41182272014867092e-11,4.30462899872063851e-11,19,2,1,5.76460752303767552e+17,19,2,1,5.76460752303767552e+17,16,5,2,3.32306998945331719e+35,5.33162156999999979e+02,0,7.01182310988149757e-11,nan,0.00000000000000000e+00
27,3,1.25856731676042164e-12,1.00000000000000000e+00,3.12570016690463150e-11,2,19,2.55373147116617222e-11,-2.90001047126015787e-11,3.12570016690463150e-11,1.09293084675240971e-11,3.37725800519066108e-11,-6.81343777935885250e-12,-1.90125031455283777e-11,3.01618075345309605e-11,3.02586720293620003e-11,5.02695048145746927e-11,3.25140127351461860e-11,5.27850831974349886e-11,19,2,1,5.76460752303767552e+17,19,2,1,5.76460752303767552e+17,16,5,2,3.32306998945331719e+35,5.45823217000000000e+02,0,5.02695048145746927e-11,nan,0.00000000000000000e+00
28,0,-8.23492057835738206e-12,1.00000000000000000e+00,2.80643578425629723e-11,2,19,-9.37537446672481611e-12,-2.59751416676505177e-11,-2.80643578425629723e-11,1.27669780412205024e-11,2.08786980393924551e-11,2.39735290958570988e-11,4.01581396318159567e-11,-1.81186279975182328e-11,2.10018986195778844e-11,6.82224974743789290e-11,4.83930602101733420e-11,5.82767676293341895e-11,19,2,1,5.76460752303767552e+17,19,2,1,5.76460752303767552e+17,16,5,2,3.32306998945331719e+35,5.33485204999999951e+02,0,6.82224974743789290e-11,nan,0.00000000000000000e+00
28,1,6.82872276767727457e-12,1.00000000000000000e+00,9.00069066463785168e-11,2,19,-3.02078112719481129e-12,9.00069066463785168e-11,-2.20609662774370766e-11,-2.84438755363684614e-11,-3.91241437786429825e-11,9.05059034122291156e-11,-2.13453027451130722e-11,3.03159286797729368e-11,8.31781838787012422e-11,5.87598042161413917e-11,8.36771806445518410e-11,1.29630047190872111e-10,19,2,1,5.76460752303767552e+17,19,2,1,5.76460752303767552e+17,16,5,2,3.32306998945331719e+35,5.46042433999999957e+02,0,5.87598042161413917e-11,nan,0.00000000000000000e+00
28,2,-3.47472274142753042e-13,1.00000000000000000e+00,4.54489574160845023e-11,2,19,2.54794311462834792e-11,-4.54489574160845023e-11,-1.31294053703804346e-11,3.43700985953195135e-11,-1.78776443409929816e-11,-1.40399619979068080e-13,5.87532245448088271e-11,3.74193887133152275e-11,4.51014851419417462e-11,7.18826299151892568e-11,5.91006968189515832e-11,7.66308688858018119e-11,19,2,1,5.76460752303767552e+17,19,2,1,5.76460752303767552e+17,16,5,2,3.32306998945331719e+35,5.41824892999999975e+02,0,7.18826299151892568e-11,nan,0.00000000000000000e+00
28,3,-4.87259697120039425e-12,1.00000000000000000e+00,3.17560909822271659e-11,2,19,1.99086971499629640e-12,-3.17560909822271659e-11,8.29167198731925365e-12,3.02519532904335969e-11,3.52629096822974809e-12,2.54382873458964732e-11,1.90026554139327753e-11,-5.10527019670480227e-11,3.51245502616339903e-11,8.13046552574816260e-11,4.61801049958476292e-11,7.64909893129444959e-11,19,2,1,5.76460752303767552e+17,19,2,1,5.76460752303767552e+17,16,5,2,3.32306998945331719e+35,5.53452864999999974e+02,0,8.13046552574816260e-11,nan,0.00000000000000000e+00
29,0,-2.03110708732005759e-11,1.00000000000000000e+00,3.38138837331888387e-11,2,19,3.93991805037417414e-12,-3.16566595712841418e-11,-3.38138837331888387e-11,-3.26934897392229600e-11,-2.88110527249138679e-11,9.81885511895811654e-12,-5.31255954648121717e-11,-6.58198982484166629e-11,2.42509889235747501e-11,4.14755146902422616e-11,4.55088273752160870e-11,7.56387533673747762e-11,19,2,1,5.76460752303767552e+17,19,2,1,5.76460752303767552e+17,16,5,2,3.32306998945331719e+35,5.51249510999999984e+02,0,4.14755146902422616e-11,nan,0.00000000000000000e+00
29,1,-2.73052549197777008e-12,1.00000000000000000e+00,6.60516306583740826e-11,2,19,7.25011382393164563e-12,7.93363144537664484e-12,5.76798979772501234e-11,-6.60516306583740826e-11,3.90991678485866057e-12,-1.64634097608182520e-11,4.85725078662319156e-12,-8.48210095430240438e-12,6.33211051663963166e-11,5.75695297040716782e-11,1.37328842688404828e-11,2.13206605474414452e-11,19,2,1,5.76460752303767552e+17,19,2,1,5.76460752303767552e+17,16,5,2,3.32306998945331719e+35,5.47916054000000031e+02,0,5.75695297040716782e-11,nan,0.00000000000000000e+00
29,2,-4.54537785021291958e-12,1.00000000000000000e+00,6.39480111045331324e-11,2,19,2.57662540505774007e-11,6.39480111045331324e-11,-2.80013765115561784e-11,2.66999943849378219e-12,-8.79990467485078507e-11,-4.24907246340298339e-11,4.05462353143875656e-11,-7.72173235590660744e-11,6.84933889547460463e-11,1.13765300799085255e-10,8.34536688982949367e-11,1.28545282062895416e-10,19,2,1,5.76460752303767552e+17,19,2,1,5.76460752303767552e+17,16,5,2,3.32306998945331719e+35,5.33765127000000007e+02,0,1.13765300799085255e-10,nan,0.00000000000000000e+00
29,3,1.28602885850331074e-12,1.00000000000000000e+00,3.05828679167231465e-11,2,19,-3.13795576448438657e-12,5.19470093640275805e-12,-1.65282157519160564e-11,-3.05828679167231465e-11,1.30297574077624371e-11,-3.10245767801965647e-11,2.82531607718781323e-12,-3.63617395169749387e-12,3.18688967752264562e-11,3.62192777165993228e-11,3.23106056386998744e-11,4.40543341879590034e-11,19,2,1,5.76460752303767552e+17,19,2,1,5.76460752303767552e+17,16,5,2,3.32306998945331719e+35,5.51417023999999969e+02,0,3.62192777165993228e-11,nan,0.00000000000000000e+00
30,0,1.24890067719527648e-11,1.00000000000000000e+00,7.24161113041564093e-11,2,19,-1.99390536196997207e-11,-5.45041910762982107e-11,7.24161113041564093e-11,-5.37942487768718227e-11,3.20561272277909460e-11,4.21767451595753394e-11,-1.33174045706518484e-11,-1.05556115388621790e-10,6.69931978482509804e-11,9.66809362358735437e-11,1.18045122160574560e-10,1.47732860548197136e-10,19,2,1,5.76460752303767552e+17,19,2,1,5.76460752303767552e+17,16,5,2,3.32306998945331719e+35,5.30735127000000034e+02,0,9.66809362358735437e-11,nan,0.00000000000000000e+00
30,1,-8.11992048129383661e-12,1.00000000000000000e+00,7.40379332617685551e-11,2,19,8.88612961628510497e-12,7.40379332617685551e-11,-2.70903441146359449e-11,4.67002372077120493e-11,-8.92973959252223561e-12,-3.10312751948086673e-11,5.79015868577746432e-11,4.23847006744782301e-11,8.21578537430623917e-11,1.05069208456577216e-10,6.60215073390684862e-11,8.89328620525833104e-11,19,2,1,5.76460752303767552e+17,19,2,1,5.76460752303767552e+17,16,5,2,3.32306998945331719e+35,5.33532687000000010e+02,0,1.05069208456577216e-10,nan,0.00000000000000000e+00
30,2,-2.36881220201248917e-12,1.00000000000000000e+00,4.32457261510957646e-11,2,19,2.83735650333135175e-11,1.60779977618354233e-11,3.92844466488217963e-11,-4.32457261510957646e-11,-9.51977605233164423e-12,1.71765346083889899e-11,-1.87435484717279695e-11,-9.28541659483423854e-11,4.16532588508342879e-11,5.80279951205497658e-11,9.04853537463299003e-11,1.10030700556731375e-10,19,2,1,5.76460752303767552e+17,19,2,1,5.76460752303767552e+17,16,5,2,3.32306998945331719e+35,5.45833932000000004e+02,0,5.80279951205497658e-11,nan,0.00000000000000000e+00
30,3,6.93207107399776141e-12,1.00000000000000000e+00,1.05335616136382538e-10,2,19,2.49811019579133641e-11,8.21047997208236850e-11,4.53235357307090032e-11,1.05335616136382538e-10,1.44436787692318634e-11,5.27513981059444184e-11,-5.34787176120497779e-12,2.87836172416627744e-11,9.84035450623847746e-11,7.65519988947197672e-11,4.58193270319466546e-11,5.80992698671493946e-11,19,2,1,5.76460752303767552e+17,19,2,1,5.76460752303767552e+17,16,5,2,3.32306998945331719e+35,5.37694264999999973e+02,0,7.65519988947197672e-11,nan,0.00000000000000000e+00
31,0,-2.80196604831965020e-12,1.00000000000000000e+00,7.33910533789307133e-11,2,19,-4.88097736022265723e-12,6.18200843271067859e-11,7.33910533789307133e-11,-7.17908347868050173e-11,-6.65654837984582838e-11,9.32070910060285842e-11,-6.61660837509585913e-12,5.22890961844751669e-11,7.61930194272503688e-11,1.24079930971280178e-10,9.60090570543482396e-11,1.59772574804486868e-10,19,2,1,5.76460752303767552e+17,19,2,1,5.76460752303767552e+17,16,5,2,3.32306998945331719e+35,5.38813577000000009e+02,0,1.24079930971280178e-10,nan,0.00000000000000000e+00
31,1,2.87496949873487113e-11,1.00000000000000000e+00,5.44167066633427867e-11,2,19,5.44167066633427867e-11,4.53339609656136679e-12,5.34379947595520354e-11,3.08366912881422624e-11,1.12460720912630070e-10,1.35992165459569871e-11,-5.15071154989718118e-11,5.79444676302468087e-12,2.56670116759940755e-11,1.04945110258523841e-10,8.37110259252813556e-11,1.63967836411601888e-10,19,2,1,5.76460752303767552e+17,19,2,1,5.76460752303767552e+17,16,5,2,3.32306998945331719e+35,5.34735951999999997e+02,0,1.04945110258523841e-10,nan,0.00000000000000000e+00
31,2,1.45339200502469586e-11,1.00000000000000000e+00,9.00967636564243002e-11,2,19,9.00967636564243002e-11,-2.50933902900720132e-11,1.91116400151459185e-11,-5.93323031033001680e-12,2.14416721650885530e-11,-1.54691300549555417e-11,4.47881779987317281e-12,-5.46520499513981573e-11,7.55628436061773416e-11,6.86550914913357473e-11,6.91859700016451159e-11,7.60937221164867103e-11,19,2,1,5.76460752303767552e+17,19,2,1,5.76460752303767552e+17,16,5,2,3.32306998945331719e+35,5.45510310000000004e+02,0,6.86550914913357473e-11,nan,0.00000000000000000e+00
31,3,1.02114535538544808e-11,1.00000000000000000e+00,7.29829851308947926e-11,2,19,7.29829851308947926e-11,-3.99959056297812672e-11,3.22650698544814492e-11,-4.98440232171391905e-11,1.19933120915699870e-11,1.19780013449397986e-11,2.50691581376752132e-11,5.19202873194954204e-11,6.27715315770403085e-11,1.01764310536634611e-10,4.17088337656409428e-11,3.99422859745556218e-11,19,2,1,5.76460752303767552e+17,19,2,1,5.76460752303767552e+17,16,5,2,3.32306998945331719e+35,5.39816557999999986e+02,0,1.01764310536634611e-10,nan,0.00000000000000000e+00
32,0,2.02182685887894777e-11,1.00000000000000000e+00,9.21219448004287630e-11,2,19,2.43296209747409245e-11,9.21219448004287630e-11,-4.88195497705861725e-11,3.25784952042796930e-11,1.06331480765065240e-10,-6.37053741594086358e-11,-1.49702797010565852e-11,1.60450327289613969e-11,7.19036762116392853e-11,1.55827318959837412e-10,8.61132121762757621e-11,1.70036854924473876e-10,19,2,1,5.76460752303767552e+17,19,2,1,5.76460752303767552e+17,16,5,2,3.32306998945331719e+35,5.37475241999999980e+02,0,1.55827318959837412e-10,nan,0.00000000000000000e+00
32,1,-2.57906883754652339e-11,1.00000000000000000e+00,7.69021386304098486e-11,2,19,-5.48231883927379389e-11,1.90177678152258101e-12,7.69021386304098486e-11,5.57171810983369345e-11,7.26307543896604958e-12,-5.54345350587621968e-11,6.65724259808125123e-11,-8.07085484256676088e-11,1.02692827005875082e-10,1.36425729524004543e-10,9.23631143562777462e-11,1.47280974406480108e-10,19,2,1,5.76460752303767552e+17,19,2,1,5.76460752303767552e+17,16,5,2,3.32306998945331719e+35,5.41035763999999972e+02,0,1.36425729524004543e-10,nan,0.00000000000000000e+00
32,2,-1.28088077597018145e-11,1.00000000000000000e+00,6.31528573339219027e-11,2,19,-1.27167201073754582e-11,6.31528573339219027e-11,5.07140657780795779e-11,6.08458616676801672e-11,5.27713206098067695e-12,2.31814951653255627e-11,-3.64250876601542157e-12,-4.51831675372320995e-11,7.59616650936237140e-11,1.06029029204912267e-10,3.59903029250273772e-11,6.83646627025576590e-11,19,2,1,5.76460752303767552e+17,19,2,1,5.76460752303767552e+17,16,5,2,3.32306998945331719e+35,5.40472193999999945e+02,0,1.06029029204912267e-10,nan,0.00000000000000000e+00
32,3,-1.80082060878013795e-11,1.00000000000000000e+00,1.20199005485981247e-10,2,19,-2.58447113653203531e-11,4.78934338742734200e-12,-1.20199005485981247e-10,-1.77101681842594634e-11,6.51307966318556947e-11,1.82519379656037451e-11,7.83598087459477997e-11,1.69352174949883877e-11,1.02190799398179867e-10,1.98558814231929047e-10,9.63680148337491792e-11,6.14245912509594120e-11,19,2,1,5.76460752303767552e+17,19,2,1,5.76460752303767552e+17,16,5,2,3.32306998945331719e+35,5.44740773999999988e+02,0,1.98558814231929047e-10,nan,0.00000000000000000e+00
33,0,8.28433044109210164e-12,1.00000000000000000e+00,1.14241270305280835e-10,2,19,-5.14963318739367947e-11,1.41567230971085882e-11,1.14241270305280835e-10,7.61313616040013155e-11,2.79289658278358537e-11,1.96649039360454390e-11,-2.13522764354215233e-12,-6.55839598934709822e-11,1.05956939864188737e-10,1.41715321497472298e-10,7.38682903345630806e-11,9.35129257213068424e-11,19,2,1,5.76460752303767552e+17,19,2,1,5.76460752303767552e+17,16,5,2,3.32306998945331719e+35,5.39016983999999979e+02,0,1.41715321497472298e-10,nan,0.00000000000000000e+00
33,1,-2.22164365337326675e-11,1.00000000000000000e+00,2.11673205060392236e-11,2,19,-8.58705137924536660e-12,-1.20644548179886413e-11,-1.55108809907506550e-11,-2.11673205060392236e-11,-2.03978082969546895e-11,3.93584903912291597e-11,1.04395206557647514e-10,-5.47679553388688690e-11,1.36293851544873009e-11,1.19906087548398179e-10,1.26611643091380182e-10,1.59163161896516396e-10,19,2,1,5.76460752303767552e+17,19,2,1,5.76460752303767552e+17,16,5,2,3.32306998945331719e+35,5.25216232999999988e+02,0,1.19906087548398179e-10,nan,0.00000000000000000e+00
33,2,-2.47477881403313787e-12,1.00000000000000000e+00,4.48286750298259223e-11,2,19,-2.06758355526217247e-12,4.48286750298259223e-11,-3.69936053625596342e-11,-4.07553877468790782e-11,-4.13438537676817638e-12,-1.06612950659947599e-11,3.12056638480973270e-11,-2.88154039073949204e-11,4.73034538438590589e-11,6.81992692106569677e-11,3.36804426621304637e-11,6.00210677554922474e-11,19,2,1,5.76460752303767552e+17,19,2,1,5.76460752303767552e+17,16,5,2,3.32306998945331719e+35,5.49071914999999990e+02,0,6.81992692106569677e-11,nan,0.00000000000000000e+00
33,3,-2.09603289557626470e-12,1.00000000000000000e+00,9.98940554458414306e-11,2,19,-7.92141549543273498e-12,-9.31736289352108920e-11,-9.77089333669917415e-12,9.98940554458414306e-11,4.67033845354653007e-11,-1.24145529241754103e-12,5.91535445527854303e-11,1.54382956358425749e-11,1.01990088341417700e-10,9.19321736427933494e-11,6.12495774483616995e-11,6.03949998452029730e-11,19,2,1,5.76460752303767552e+17,19,2,1,5.76460752303767552e+17,16,5,2,3.32306998945331719e+35,5.43761329000000046e+02,0,9.19321736427933494e-11,nan,0.00000000000000000e+00
34,0,-4.22296955886239445e-11,1.00000000000000000e+00,1.75383017843364837e-10,2,19,8.54429343500498508e-11,2.84469794548428086e-11,-1.75383017843364837e-10,-1.70200426848293536e-10,8.40048776419517496e-11,-1.21907260846171300e-12,5.42220584076913454e-11,-8.47515686884048752e-11,1.33153322254740886e-10,2.29605076251056189e-10,1.26234573230575701e-10,1.68756446330356625e-10,19,2,1,5.76460752303767552e+17,19,2,1,5.76460752303767552e+17,16,5,2,3.32306998945331719e+35,5.27797973999999954e+02,0,2.29605076251056189e-10,nan,0.00000000000000000e+00
34,1,-3.03831047104143153e-11,1.00000000000000000e+00,1.59308327081077698e-10,2,19,-2.59518734190136387e-11,1.59308327081077698e-10,-4.84925307639090428e-11,-1.33653984997366352e-10,-7.24187917490696375e-11,3.18041461958378648e-11,-6.34652704353701380e-11,1.55318614986951040e-10,1.89691431791492007e-10,2.88972599984317366e-10,1.85701719697365349e-10,2.27737406736020678e-10,19,2,1,5.76460752303767552e+17,19,2,1,5.76460752303767552e+17,16,5,2,3.32306998945331719e+35,5.17393590000000017e+02,0,2.88972599984317366e-10,nan,0.00000000000000000e+00
34,2,-3.02595713354797366e-11,1.00000000000000000e+00,8.13538997146562005e-11,2,19,-5.19366854619459436e-11,-6.79509906620658996e-11,-1.07671029792997795e-11,-8.13538997146562005e-11,-5.35281435017805121e-11,-1.49796047801669524e-10,1.35081201510097122e-11,-5.93924595145226703e-11,5.10943283791764639e-11,8.18450571396036243e-11,1.19536476466189781e-10,1.63304167952679243e-10,19,2,1,5.76460752303767552e+17,19,2,1,5.76460752303767552e+17,16,5,2,3.32306998945331719e+35,5.31010963999999944e+02,0,8.18450571396036243e-11,nan,0.00000000000000000e+00
34,3,-4.41472487502647695e-11,1.00000000000000000e+00,2.09433581108895962e-10,2,19,-2.09433581108895962e-10,4.09864743229011310e-11,1.12129772631425660e-10,9.20199593738289280e-11,5.21563432385965961e-11,5.19668839356311961e-11,-6.82836728621551748e-11,9.25247808638937064e-11,1.65286332358631193e-10,2.61589924347492533e-10,1.36672029614158476e-10,1.60808453726048881e-10,19,2,1,5.76460752303767552e+17,19,2,1,5.76460752303767552e+17,16,5,2,3.32306998945331719e+35,5.15712799000000018e+02,0,2.61589924347492533e-10,nan,0.00000000000000000e+00
35,0,6.80781549195286521e-11,1.00000000000000000e+00,1.68238782413154835e-10,2,19,-3.14864338076429571e-11,5.72838099416972574e-12,-1.68238782413154835e-10,-1.36529202474392719e-10,-1.27708784134671014e-10,4.13946651142371808e-11,8.74763261167601398e-11,2.22186587308050265e-11,2.36316937332683513e-10,2.55715108529914974e-10,1.95786939054199666e-10,2.15185110251431154e-10,19,2,1,5.76460752303767552e+17,19,2,1,5.76460752303767552e+17,16,5,2,3.32306998945331719e+35,5.14919689999999946e+02,0,2.55715108529914974e-10,nan,0.00000000000000000e+00
35,1,1.27134036569214217e-11,1.00000000000000000e+00,1.49279555950634898e-10,2,19,1.49279555950634898e-10,-1.22173398102474249e-10,3.62343017701894922e-11,4.55193400845946968e-11,-1.57023096970681580e-10,-1.47428955845591261e-11,-9.23103106989340266e-11,6.41022814460276725e-12,1.36566152293713484e-10,3.06302652921316478e-10,1.69736500627602994e-10,1.63433325115284341e-10,19,2,1,5.76460752303767552e+17,19,2,1,5.76460752303767552e+17,16,5,2,3.32306998945331719e+35,5.30328997999999956e+02,0,3.06302652921316478e-10,nan,0.00000000000000000e+00
35,2,6.54646543957641739e-11,1.00000000000000000e+00,2.01039328461270171e-10,2,19,-7.92347935965884959e-11,-1.78492466006888435e-10,7.44452609514742862e-11,-2.01039328461270171e-10,-6.00534502642675619e-11,-2.92982856456032401e-11,1.32927611436601951e-10,-8.73057855318178193e-11,2.66503982857034332e-10,1.49194180361285182e-10,1.52770439927581993e-10,2.20233396968419784e-10,19,2,1,5.76460752303767552e+17,19,2,1,5.76460752303767552e+17,16,5,2,3.32306998945331719e+35,5.14640545999999972e+02,0,1.49194180361285182e-10,nan,0.00000000000000000e+00
35,3,6.37796985652514726e-11,1.00000000000000000e+00,1.04620862458720340e-10,2,19,-7.75981207831838283e-11,1.04620862458720340e-10,8.50644738157209867e-12,8.71512335120484111e-11,1.06334590548371745e-10,1.04635048364159723e-10,-2.02824978503891799e-10,-5.36979632823261002e-11,1.41377819348435301e-10,2.11331425885463885e-10,2.66604677069143272e-10,3.09159569052263544e-10,19,2,1,5.76460752303767552e+17,19,2,1,5.76460752303767552e+17,16,5,2,3.32306998945331719e+35,5.26975795999999946e+02,0,2.11331425885463885e-10,nan,0.00000000000000000e+00
36,0,-2.11509121427241654e-11,1.00000000000000000e+00,1.57032553659164145e-10,2,19,9.33959495664493830e-11,-3.10437497631675117e-11,1.02818829105182364e-10,1.57032553659164145e-10,-6.01592281090522438e-11,-2.61005781428123998e-10,-1.10580796216061982e-10,6.08096819983168734e-11,1.78183465801888301e-10,2.29962031664956474e-10,2.39854869285399843e-10,3.21815463426440872e-10,19,2,1,5.76460752303767552e+17,19,2,1,5.76460752303767552e+17,16,5,2,3.32306998945331719e+35,5.35168434000000047e+02,0,2.29962031664956474e-10,nan,0.00000000000000000e+00
36,1,-2.37871948938953575e-11,1.00000000000000000e+00,2.15195133413586266e-10,2,19,3.39469082848044323e-12,-1.52498758091296555e-11,-2.15195133413586266e-10,-7.16431298247556172e-11,-3.85718121786667098e-11,3.00787657427265373e-12,-2.25319092113135098e-11,-5.73554682271292533e-11,1.91407938519690902e-10,1.92663224202272760e-10,3.35682733332338958e-11,6.03633448014019070e-11,19,2,1,5.76460752303767552e+17,19,2,1,5.76460752303767552e+17,16,5,2,3.32306998945331719e+35,5.47527601000000004e+02,0,1.92663224202272760e-10,nan,0.00000000000000000e+00
36,2,-2.12415060740518864e-11,1.00000000000000000e+00,1.13408908897573232e-10,2,19,4.71720343526664718e-11,1.13408908897573232e-10,5.63769724635799263e-11,9.19090270755563409e-11,-2.87522357882888890e-11,-5.52508727938533594e-11,2.94123359487815234e-10,5.51128970690168511e-12,1.34650414971625129e-10,2.37746387024235301e-10,3.15364865561867130e-10,3.49374232281668613e-10,19,2,1,5.76460752303767552e+17,19,2,1,5.76460752303767552e+17,16,5,2,3.32306998945331719e+35,5.46080821000000014e+02,0,2.37746387024235301e-10,nan,0.00000000000000000e+00
36,3,-1.75917662022411224e-11,1.00000000000000000e+00,2.40961447216450447e-10,2,19,-5.92121655050123990e-11,-6.37318749145551112e-11,-2.23077254397592283e-11,2.40961447216450447e-10,1.79017726143465008e-11,-1.72087151082630083e-10,5.91608260521505365e-11,-1.55137829757321255e-10,2.58553213418691595e-10,3.96099276973771728e-10,1.54495384880388961e-10,2.31247977134780620e-10,19,2,1,5.76460752303767552e+17,19,2,1,5.76460752303767552e+17,16,5,2,3.32306998945331719e+35,5.51325246999999990e+02,0,3.96099276973771728e-10,nan,0.00000000000000000e+00
37,0,-1.04986283084856359e-10,1.00000000000000000e+00,2.12984744530024581e-10,2,19,-2.12984744530024581e-10,-1.78762311756857757e-10,-1.99213683032723953e-10,-4.55025226811513167e-11,-1.56395277728857742e-10,1.07373569563121231e-10,-9.06251617548765417e-11,-1.88756163982677738e-11,1.07998461445168222e-10,2.86135881319979001e-10,2.12359852647977590e-10,2.63768847291978960e-10,19,2,1,5.76460752303767552e+17,19,2,1,5.76460752303767552e+17,16,5,2,3.32306998945331719e+35,5.42092197000000056e+02,0,2.86135881319979001e-10,nan,0.00000000000000000e+00
37,1,-1.93832382213361936e-11,1.00000000000000000e+00,1.36869870223113052e-10,2,19,-1.17197279041410735e-10,3.96710505049982188e-11,-1.36869870223113052e-10,-5.89306611337776690e-12,7.76414624789506482e-11,-8.15291321160098239e-11,-1.28806644974462648e-10,-3.85030127891393483e-11,1.17486632001776856e-10,1.94838741520361371e-10,1.09423406753126451e-10,2.06448107453413283e-10,19,2,1,5.76460752303767552e+17,19,2,1,5.76460752303767552e+17,16,5,2,3.32306998945331719e+35,5.17359478999999965e+02,0,1.94838741520361371e-10,nan,0.00000000000000000e+00
37,2,-5.11379463539482326e-11,1.00000000000000000e+00,1.88892421841880312e-10,2,19,-1.26037181271857826e-10,-1.88892421841880312e-10,-4.33225619141885719e-11,-1.54548988885314100e-10,3.04284670080469554e-10,6.73167022681933474e-12,1.11050338852437198e-10,-5.64817912080311629e-11,1.37754475487932073e-10,4.30321851352327380e-10,3.55422616434417793e-10,3.60766461288500724e-10,19,2,1,5.76460752303767552e+17,19,2,1,5.76460752303767552e+17,16,5,2,3.32306998945331719e+35,5.39044106000000056e+02,0,4.30321851352327380e-10,nan,0.00000000000000000e+00
37,3,-4.62593493870073994e-11,1.00000000000000000e+00,1.69280214061831250e-10,2,19,-1.69280214061831250e-10,3.03301465652555846e-12,-8.75998957687282152e-11,-6.10738863872163081e-11,2.54084852414286016e-10,-4.33512089867433879e-11,-1.36670279316817585e-10,-1.98795509549108792e-10,1.23020864674823857e-10,4.23365066476117240e-10,3.00344201801293435e-10,4.52880361963394808e-10,19,2,1,5.76460752303767552e+17,19,2,1,5.76460752303767552e+17,16,5,2,3.32306998945331719e+35,5.29792357000000038e+02,0,4.23365066476117240e-10,nan,0.00000000000000000e+00
38,0,4.64353275880983452e-11,1.00000000000000000e+00,1.82019621063678499e-10,2,19,-1.82019621063678499e-10,-1.48103923072051445e-10,1.09409825607444602e-10,-9.25432556852371008e-11,1.57592429765525176e-10,-3.05879635452602067e-11,5.00532459272259461e-11,-5.44452715401010092e-11,2.28454948651776844e-10,3.39612050829203649e-10,1.11157102177426831e-10,2.12037701305626185e-10,19,2,1,5.76460752303767552e+17,19,2,1,5.76460752303767552e+17,16,5,2,3.32306998945331719e+35,5.21962635999999975e+02,0,3.39612050829203649e-10,nan,0.00000000000000000e+00
38,1,1.00644443091470330e-11,1.00000000000000000e+00,1.80557410641894468e-10,2,19,1.15928583063409659e-10,6.01731683743983118e-11,-9.67224114838138228e-11,1.80557410641894468e-10,6.75042629697662238e-12,2.00278290463635522e-10,1.49752747484454213e-11,3.06220480511019435e-10,1.70492966332747428e-10,1.40105122089237210e-10,2.96156036201872395e-10,2.99470054214042800e-10,19,2,1,5.76460752303767552e+17,19,2,1,5.76460752303767552e+17,16,5,2,3.32306998945331719e+35,5.25443857999999977e+02,0,1.40105122089237210e-10,nan,0.00000000000000000e+00
38,2,7.35635035438644174e-11,1.00000000000000000e+00,2.10383786496158651e-10,2,19,-2.10383786496158651e-10,1.92854005842454415e-10,6.70195558413030930e-11,-1.47620217492512480e-11,4.19968507320517232e-10,-1.71176170800862048e-10,-7.20194438138875572e-12,5.28022196763859423e-10,2.83947290040023094e-10,6.30352293816675934e-10,4.54458693219994980e-10,6.99198367564721446e-10,19,2,1,5.76460752303767552e+17,19,2,1,5.76460752303767552e+17,16,5,2,3.32306998945331719e+35,5.30912064999999984e+02,0,6.30352293816675934e-10,nan,0.00000000000000000e+00
38,3,8.61444613595661154e-11,1.00000000000000000e+00,2.44847296743439151e-10,2,19,-5.62374488585598364e-11,-8.56437546376158222e-11,-2.15771418354634520e-11,2.44847296743439151e-10,2.32240315065876430e-10,5.08412813914733177e-11,1.34382918528434353e-10,-1.79058176245647032e-10,1.71788215997181938e-10,4.23905472989086183e-10,2.65202637605213122e-10,4.11298491311523462e-10,19,2,1,5.76460752303767552e+17,19,2,1,5.76460752303767552e+17,16,5,2,3.32306998945331719e+35,5.16443080000000009e+02,0,4.23905472989086183e-10,nan,0.00000000000000000e+00
39,0,5.80744643443370567e-11,1.00000000000000000e+00,2.88262735785444469e-10,2,19,-2.35737012593299494e-11,1.90044977254391870e-10,2.88262735785444469e-10,1.76006803640371427e-10,1.64731766749275871e-10,3.26917687909643601e-10,1.62795696328746229e-10,1.65225636225420206e-10,2.30188271441107399e-10,1.88305468008605821e-10,2.68843223565306532e-10,1.64121991580897372e-10,19,2,1,5.76460752303767552e+17,19,2,1,5.76460752303767552e+17,16,5,2,3.32306998945331719e+35,5.83240781999999967e+02,0,1.88305468008605821e-10,nan,0.00000000000000000e+00
39,1,2.32915441318508435e-10,1.00000000000000000e+00,5.78178978642135016e-10,2,19,4.13856884371324780e-11,3.92119866132445057e-10,5.78178978642135016e-10,4.53483991337170661e-10,2.79918794778793148e-10,3.97552236511909470e-10,2.37217622818754453e-10,6.18112720436911182e-10,3.45263537323626581e-10,3.40961355823380562e-10,3.85197279118402747e-10,3.80895097618156729e-10,19,2,1,5.76460752303767552e+17,19,2,1,5.76460752303767552e+17,16,5,2,3.32306998945331719e+35,5.33536062000000015e+02,0,3.40961355823380562e-10,nan,0.00000000000000000e+00
39,2,1.41904784186226756e-10,1.00000000000000000e+00,5.66065439129378493e-10,2,19,-5.66065439129378493e-10,8.33027423167734221e-11,4.39860106125662038e-11,1.90392437047811640e-10,2.37399874495409682e-10,-9.23592451438292620e-11,-6.49029445364219453e-11,2.27531186056086970e-10,7.07970223315605249e-10,8.03465313624788174e-10,2.34264029330056018e-10,3.29759119639238944e-10,19,2,1,5.76460752303767552e+17,19,2,1,5.76460752303767552e+17,16,5,2,3.32306998945331719e+35,5.33919056999999952e+02,0,8.03465313624788174e-10,nan,0.00000000000000000e+00
39,3,1.70861951466052337e-10,1.00000000000000000e+00,1.50059211062320033e-10,2,19,-1.50059211062320033e-10,-4.26346166974576007e-11,-6.23200739302715583e-11,-1.14271191982181017e-10,-2.60325856697945797e-10,1.34588897277414070e-10,2.64110554981455254e-10,1.63425793332258257e-10,3.20921162528372370e-10,3.26430628911726799e-10,4.31187808163998134e-10,5.24436411679401051e-10,19,2,1,5.76460752303767552e+17,19,2,1,5.76460752303767552e+17,16,5,2,3.32306998945331719e+35,5.48184146000000055e+02,0,3.26430628911726799e-10,nan,0.00000000000000000e+00
40,0,1.17126161987580485e-10,1.00000000000000000e+00,3.98923862086059480e-10,2,19,-1.44947175724610041e-10,-6.34143248072817544e-11,-1.86575003151962314e-10,3.98923862086059480e-10,3.05457928966579872e-10,-8.46293821394932713e-11,1.82510526219310943e-10,1.13582998791054943e-10,3.03701165139542800e-10,4.50405104691189913e-10,2.01755544127073757e-10,3.90087311106073143e-10,19,2,1,5.76460752303767552e+17,19,2,1,5.76460752303767552e+17,16,5,2,3.32306998945331719e+35,5.36016788000000020e+02,0,4.50405104691189913e-10,nan,0.00000000000000000e+00
40,1,1.88458420328271389e-10,1.00000000000000000e+00,3.77748111531357318e-10,2,19,2.11269422195214185e-10,-3.77748111531357318e-10,-3.40203067147938220e-10,7.37080937198125958e-11,2.13203084855386975e-10,-1.56586068128093420e-12,-2.58737867406957112e-12,1.54784579078376598e-10,5.66206531859628681e-10,3.76182250850076384e-10,1.91045799002340960e-10,2.15790463529456546e-10,19,2,1,5.76460752303767552e+17,19,2,1,5.76460752303767552e+17,16,5,2,3.32306998945331719e+35,5.40564047999999957e+02,0,3.76182250850076384e-10,nan,0.00000000000000000e+00
40,2,8.99535704187105829e-11,1.00000000000000000e+00,5.15678270977070050e-10,2,19,3.73345502858757053e-11,-4.75702005108875021e-10,5.15678270977070050e-10,2.13174074688081725e-11,-1.92334288376813355e-10,-2.90619944284479763e-10,-2.76132371329584647e-10,-5.14238377764598466e-10,5.65655575527585643e-10,7.91810642306654697e-10,6.04191948183309088e-10,3.21904089387785137e-10,19,2,1,5.76460752303767552e+17,19,2,1,5.76460752303767552e+17,16,5,2,3.32306998945331719e+35,5.42470991000000026e+02,0,7.91810642306654697e-10,nan,0.00000000000000000e+00
40,3,1.03432026526781667e-10,1.00000000000000000e+00,3.88944342792272753e-10,2,19,-1.71006283836790738e-10,2.92311318759849140e-10,8.64425191791877168e-12,3.88944342792272753e-10,4.08557261472571823e-10,-3.23634469078999173e-10,3.80717995793101564e-10,-1.26352116979391812e-10,2.85512316265491060e-10,6.15945787838848364e-10,4.27066495605780814e-10,7.32191730551571048e-10,19,2,1,5.76460752303767552e+17,19,2,1,5.76460752303767552e+17,16,5,2,3.32306998945331719e+35,5.41273016999999982e+02,0,6.15945787838848364e-10,nan,0.00000000000000000e+00
41,0,-9.58074525295662425e-12,1.00000000000000000e+00,4.91286137628107711e-10,2,19,3.10243053901285272e-11,-4.91286137628107711e-10,4.61617981961350027e-10,3.65990227084879228e-10,-2.08712543518328920e-10,1.72625306569514595e-10,-2.04059988677572782e-10,5.20713815788524488e-10,4.81705392375151132e-10,6.65677970638922758e-10,5.30294561041481067e-10,7.29426359306853408e-10,19,2,1,5.76460752303767552e+17,19,2,1,5.76460752303767552e+17,16,5,2,3.32306998945331719e+35,6.01321379999999976e+02,0,6.65677970638922758e-10,nan,0.00000000000000000e+00
41,1,-2.95536587574174752e-11,1.00000000000000000e+00,5.29628047357022139e-10,2,19,-5.29628047357022139e-10,4.68419047444428216e-10,1.19314593773591983e-10,-1.85948718067953907e-10,4.58483023998001884e-11,-2.07596745974298937e-10,3.87855679285545163e-10,-1.89450611109875150e-10,5.00074388599604651e-10,6.76015793418727101e-10,4.17409338042962651e-10,5.95452425259844101e-10,19,2,1,5.76460752303767552e+17,19,2,1,5.76460752303767552e+17,16,5,2,3.32306998945331719e+35,5.53213755999999989e+02,0,6.76015793418727101e-10,nan,0.00000000000000000e+00
41,2,-7.14094847350775166e-11,1.00000000000000000e+00,2.16805969324500206e-10,2,19,-2.16805969324500206e-10,-1.34817055045501130e-10,1.66967634677652424e-10,-1.77328730616578930e-10,-5.47874241975710407e-11,2.93009372962114945e-10,-5.62857118999709562e-10,-3.14031126047394752e-10,2.38377119412729941e-10,7.29824753677362038e-10,4.91447634264631994e-10,8.55866491961824507e-10,19,2,1,5.76460752303767552e+17,19,2,1,5.76460752303767552e+17,16,5,2,3.32306998945331719e+35,5.50414391000000023e+02,0,7.29824753677362038e-10,nan,0.00000000000000000e+00
41,3,-9.67902506855839887e-11,1.00000000000000000e+00,2.21774382916985140e-10,2,19,-2.21774382916985140e-10,-1.54747364799513488e-11,1.16268512142459149e-10,-2.28133460375946440e-11,-7.68228050831169011e-11,-2.18845516788419984e-10,8.70657129829755275e-11,-4.39392786045474164e-10,2.13058762828043137e-10,4.16579440007879526e-10,3.42602535359890162e-10,5.26458499028449691e-10,19,2,1,5.76460752303767552e+17,19,2,1,5.76460752303767552e+17,16,5,2,3.32306998945331719e+35,5.80045698000000016e+02,0,4.16579440007879526e-10,nan,0.00000000000000000e+00
42,0,-5.42295697802663013e-11,1.00000000000000000e+00,8.17913660372305815e-10,2,19,5.28643985664075294e-10,4.18391454479438912e-12,-1.25382659377047794e-11,-8.17913660372305815e-10,-8.66096944905839214e-10,-9.93736148987192754e-10,-2.30949547112546755e-10,-2.18782635131886861e-10,7.63684090592039546e-10,1.39474093056991451e-09,9.39506579206926382e-10,7.74953513855305841e-10,19,2,1,5.76460752303767552e+17,19,2,1,5.76460752303767552e+17,16,5,2,3.32306998945331719e+35,6.00089698999999996e+02,0,1.39474093056991451e-09,nan,0.00000000000000000e+00
42,1,-1.04015438142676064e-10,1.00000000000000000e+00,8.04251161369812735e-10,2,19,-8.04251161369812735e-10,-2.79213761346616960e-10,-5.34513676223047727e-10,-5.65409354317249450e-11,1.14406416265498424e-10,-6.89685843617293907e-10,-4.83253480437855499e-10,1.24261444870187309e-10,7.00235723227136710e-10,9.18657577635311159e-10,5.85670405474617882e-10,8.13947288487481216e-10,19,2,1,5.76460752303767552e+17,19,2,1,5.76460752303767552e+17,16,5,2,3.32306998945331719e+35,5.91923176000000012e+02,0,9.18657577635311159e-10,nan,0.00000000000000000e+00
42,2,-1.22259362664530621e-10,1.00000000000000000e+00,8.47298074047385168e-10,2,19,-3.97919969967694231e-10,-8.47298074047385168e-10,-3.08834940417740107e-10,-1.57143768080959052e-10,-6.88232100004842582e-10,-3.58244898915551541e-10,2.29962861213545429e-11,-1.07189736868204321e-10,7.25038711382854547e-10,4.89053175131833627e-10,5.65972737340311960e-10,7.11228386126197073e-10,19,2,1,5.76460752303767552e+17,19,2,1,5.76460752303767552e+17,16,5,2,3.32306998945331719e+35,5.44336466999999971e+02,0,4.89053175131833627e-10,nan,0.00000000000000000e+00
42,3,-1.38410264610321477e-10,1.00000000000000000e+00,6.45833721655993417e-10,2,19,-6.45833721655993417e-10,-2.54170273237623201e-10,-4.80050852286239091e-10,-6.15080654316524267e-10,-5.92687829004621101e-10,-6.93978026873088570e-10,-1.46673874994476621e-10,1.82986287401638517e-10,5.07423457045671914e-10,7.98066941718162836e-10,5.55567762262767067e-10,8.76964314274727139e-10,19,2,1,5.76460752303767552e+17,19,2,1,5.76460752303767552e+17,16,5,2,3.32306998945331719e+35,5.67595338999999967e+02,0,7.98066941718162836e-10,nan,0.00000000000000000e+00
43,0,-2.32287300525664438e-10,1.00000000000000000e+00,4.62074799884291513e-10,2,19,-4.62074799884291513e-10,-3.90196214968988223e-10,-2.20706692059364358e-10,-2.75319497595590668e-10,1.17539540139258811e-10,4.53565280379207491e-10,-3.21036396803509881e-10,1.10891521975818051e-10,2.29787499358627075e-10,8.43761495348195714e-10,6.85852580904871876e-10,7.74601677182717371e-10,19,2,1,5.76460752303767552e+17,19,2,1,5.76460752303767552e+17,16,5,2,3.32306998945331719e+35,5.67116657000000032e+02,0,8.43761495348195714e-10,nan,0.00000000000000000e+00
43,1,-3.22426939974492085e-10,1.00000000000000000e+00,7.47907899296365437e-10,2,19,3.61098355798546760e-10,-7.47907899296365437e-10,-7.13629749621840702e-10,-5.09691020194194110e-10,3.69948537841588317e-10,-7.74105178927824787e-10,8.10687734752341774e-11,-6.24147287698465573e-10,6.83525295773038794e-10,7.94698523097074828e-10,6.92375477816080402e-10,1.14405371676941305e-09,19,2,1,5.76460752303767552e+17,19,2,1,5.76460752303767552e+17,16,5,2,3.32306998945331719e+35,5.53910368999999946e+02,0,7.94698523097074828e-10,nan,0.00000000000000000e+00
43,2,-3.17340381969163935e-10,1.00000000000000000e+00,6.51412972705489432e-10,2,19,-2.65403007016090905e-10,-2.82206909428565164e-10,-6.51412972705489432e-10,-2.83593681477258397e-10,-2.14767281049611372e-10,-6.09371155102173051e-10,1.46116542805568389e-11,-3.60639547717759544e-10,3.34072590736325497e-10,6.66024626986046245e-10,3.31952036249720748e-10,6.23982809382729864e-10,19,2,1,5.76460752303767552e+17,19,2,1,5.76460752303767552e+17,16,5,2,3.32306998945331719e+35,5.71789114000000041e+02,0,6.66024626986046245e-10,nan,0.00000000000000000e+00
43,3,-3.13586243556456892e-10,1.00000000000000000e+00,1.24134102341747248e-09,2,19,-9.35488186161880143e-11,-2.72197705477213847e-10,-1.24134102341747248e-09,-3.18656122854414589e-11,2.30607709018026807e-10,-5.01101750855840038e-10,-3.00278441850477373e-10,-2.69070686940798965e-10,9.27754779861015583e-10,9.41062581566995205e-10,5.44193952574483724e-10,7.31709459873866871e-10,19,2,1,5.76460752303767552e+17,19,2,1,5.76460752303767552e+17,16,5,2,3.32306998945331719e+35,5.71997841999999991e+02,0,9.41062581566995205e-10,nan,0.00000000000000000e+00
44,0,1.24093556601473725e-10,1.00000000000000000e+00,5.36153825878136110e-10,2,19,3.39252243644854781e-10,1.58279609759328740e-11,-5.36153825878136110e-10,1.55274337167184563e-10,1.08749950564134072e-10,-1.15502907180569277e-09,6.13037110138533659e-10,-2.84358278495804604e-10,6.60247382479609836e-10,1.17085703278162563e-09,1.27912262840716649e-09,1.76806618194422642e-09,19,2,1,5.76460752303767552e+17,19,2,1,5.76460752303767552e+17,16,5,2,3.32306998945331719e+35,5.47551765000000046e+02,0,1.17085703278162563e-09,nan,0.00000000000000000e+00
44,1,-6.11231778042840302e-11,1.00000000000000000e+00,7.38093036050922585e-10,2,19,-1.53275514663220020e-10,-7.38093036050922585e-10,7.90892568269989611e-11,-4.47149882410320382e-10,2.43224602817453507e-10,8.36431228462978455e-10,6.38395568692558119e-10,-3.99758729141972066e-10,6.76969858246638580e-10,1.57452426451390104e-09,8.97554406267262459e-10,1.23618995760495052e-09,19,2,1,5.76460752303767552e+17,19,2,1,5.76460752303767552e+17,16,5,2,3.32306998945331719e+35,5.67217132999999990e+02,0,1.57452426451390104e-09,nan,0.00000000000000000e+00
44,2,2.74623944642769037e-11,1.00000000000000000e+00,1.03891964464913928e-09,2,19,-1.03891964464913928e-09,5.53442880090125993e-10,-3.16901746594932671e-10,-6.06355207738353505e-10,3.67745110380567839e-10,3.83598791189567959e-10,2.58183895228179129e-10,-4.92302169251264435e-10,1.06638203911341622e-09,1.40666475502970712e-09,5.19764563715541371e-10,8.75900960440832446e-10,19,2,1,5.76460752303767552e+17,19,2,1,5.76460752303767552e+17,16,5,2,3.32306998945331719e+35,5.49855274000000009e+02,0,1.40666475502970712e-09,nan,0.00000000000000000e+00
44,3,-1.76437793480708846e-11,1.00000000000000000e+00,8.47734050766800436e-10,2,19,-1.97052853764134450e-10,-5.50713198428932492e-10,-3.70301361148158550e-10,8.47734050766800436e-10,-1.21358884612391539e-09,-3.27494242538172525e-10,3.51668732794037247e-10,6.75132337075012329e-10,8.65377830114871311e-10,1.01653599235978086e-09,1.19594506677584452e-09,1.88872118319892782e-09,19,2,1,5.76460752303767552e+17,19,2,1,5.76460752303767552e+17,16,5,2,3.32306998945331719e+35,5.50904407999999989e+02,0,1.01653599235978086e-09,nan,0.00000000000000000e+00
45,0,-4.72381740239053411e-11,1.00000000000000000e+00,5.37261549216267712e-10,2,19,-5.37261549216267712e-10,-1.95864649144308222e-10,6.75564742820866745e-12,-4.41577737090719193e-11,3.97485943174070938e-10,-1.29332991260709186e-09,1.69337262499175521e-10,-3.19716276264624802e-10,4.90023375192362371e-10,1.09746526346278372e-09,1.24609173858318652e-09,1.69081585578116290e-09,19,2,1,5.76460752303767552e+17,19,2,1,5.76460752303767552e+17,16,5,2,3.32306998945331719e+35,5.41204116999999997e+02,0,1.09746526346278372e-09,nan,0.00000000000000000e+00
45,1,-1.28609431286824512e-10,1.00000000000000000e+00,8.66343995216342720e-10,2,19,-8.66343995216342720e-10,-7.34578226130349972e-11,3.92150456874646294e-10,-6.27278580571844652e-10,-4.31164107123082575e-10,-8.37626663891142844e-10,-1.90146790512774928e-10,6.39548993499649258e-10,7.37734563929518234e-10,1.26682757407149381e-09,7.68158424786473744e-10,1.47717565739079210e-09,19,2,1,5.76460752303767552e+17,19,2,1,5.76460752303767552e+17,16,5,2,3.32306998945331719e+35,5.36365961999999968e+02,0,1.26682757407149381e-09,nan,0.00000000000000000e+00
45,2,-1.95236674666768987e-10,1.00000000000000000e+00,1.10514370021803831e-09,2,19,-7.42725237130764576e-10,1.37947139502000878e-12,3.08587934318708167e-10,-1.10514370021803831e-09,-3.33216869807294812e-10,3.72563180925915583e-10,-6.56769806338536799e-11,-9.90648826722462720e-10,9.09907025551269346e-10,4.09508367323469764e-10,7.95412152055693758e-10,1.36321200764837841e-09,19,2,1,5.76460752303767552e+17,19,2,1,5.76460752303767552e+17,16,5,2,3.32306998945331719e+35,5.33311594000000014e+02,0,4.09508367323469764e-10,nan,0.00000000000000000e+00
45,3,-2.11670523941148422e-10,1.00000000000000000e+00,1.01033925848596341e-09,2,19,-4.36785313120693174e-10,-6.62879035029786808e-10,-3.90709037876834785e-10,-1.01033925848596341e-09,-8.04586574295376487e-10,-4.68888585201445492e-10,-6.98057789558224388e-10,-1.73432468279126682e-09,7.98668734544814962e-10,7.23985424305303414e-10,1.52265415885011848e-09,1.26543609758982123e-09,19,2,1,5.76460752303767552e+17,19,2,1,5.76460752303767552e+17,16,5,2,3.32306998945331719e+35,5.39111914999999954e+02,0,7.23985424305303414e-10,nan,0.00000000000000000e+00
46,0,-4.48346596013744518e-10,1.00000000000000000e+00,4.54958818658925279e-10,2,19,-4.54958818658925279e-10,-4.07047431927478151e-10,-1.64054873875370947e-10,-3.02095377824736277e-10,1.22144621797545422e-10,9.29185189000355591e-10,-2.25559757870070809e-11,-6.41432670927143353e-11,2.84291722138373571e-10,1.33623262092783374e-09,1.37753178501410001e-09,9.93328456093069926e-10,19,2,1,5.76460752303767552e+17,19,2,1,5.76460752303767552e+17,16,5,2,3.32306998945331719e+35,5.56556918999999994e+02,0,1.33623262092783374e-09,nan,0.00000000000000000e+00
46,1,-4.36797091122146182e-10,1.00000000000000000e+00,1.17238217552407590e-09,2,19,2.85977481238200219e-11,-1.17238217552407590e-09,-3.16294152400196410e-10,-1.42669054622879584e-10,-6.73124888003152517e-10,-7.99678802294679156e-10,-1.27345021681244806e-09,-5.90324596125309204e-11,7.35585084401929666e-10,9.57156064412251549e-10,8.36653125690301830e-10,1.21441775719991709e-09,19,2,1,5.76460752303767552e+17,19,2,1,5.76460752303767552e+17,16,5,2,3.32306998945331719e+35,5.74440235000000030e+02,0,9.57156064412251549e-10,nan,0.00000000000000000e+00
46,2,-4.34830608109742389e-10,1.00000000000000000e+00,9.66928084181735505e-10,2,19,-5.32003424995202538e-10,-9.66928084181735505e-10,-4.41539907482345131e-10,1.71008893234169106e-10,-5.74436988656039505e-10,3.51064344529717469e-10,4.85018011166861165e-10,4.69179372569311608e-10,6.05839501343911547e-10,1.31799242871145297e-09,9.19848619276603606e-10,1.05945499982290067e-09,19,2,1,5.76460752303767552e+17,19,2,1,5.76460752303767552e+17,16,5,2,3.32306998945331719e+35,7.28264457999999991e+02,0,1.31799242871145297e-09,nan,0.00000000000000000e+00
46,3,-1.80084457985089231e-10,1.00000000000000000e+00,3.54769351958831629e-10,2,19,-7.82598593968352451e-11,1.88680920074025481e-10,5.04625630026797153e-11,3.54769351958831629e-10,-4.43839930097707285e-10,-3.89770945485283353e-10,4.72205571772933927e-10,-8.30822991018800634e-11,5.34853809943920860e-10,5.78451865559308861e-10,6.52290029758023157e-10,9.16045501870641212e-10,19,2,1,5.76460752303767552e+17,19,2,1,5.76460752303767552e+17,16,5,2,3.32306998945331719e+35,6.56131563000000028e+02,0,5.78451865559308861e-10,nan,0.00000000000000000e+00
47,0,-5.39418644001963626e-10,1.00000000000000000e+00,5.90902672359149816e-10,2,19,-1.27958297539793287e-10,-5.83720410475086008e-10,4.69022187023699243e-10,-5.90902672359149816e-10,1.88631916380565217e-10,-1.21458000021706787e-09,1.12064176278013951e-09,-1.84369856174698968e-10,1.00844083102566287e-09,6.51619575756440270e-10,1.66006040678210314e-09,2.33522176299720717e-09,19,2,1,5.76460752303767552e+17,19,2,1,5.76460752303767552e+17,16,5,2,3.32306998945331719e+35,5.86105938000000037e+02,0,6.51619575756440270e-10,nan,0.00000000000000000e+00
47,1,2.20004184622739074e-10,1.00000000000000000e+00,1.21662982161899428e-09,2,19,-6.82434045390648469e-10,-2.36189035178004802e-10,-1.21662982161899428e-09,4.85132112472790318e-10,-4.64386315794797122e-10,1.14873839875589866e-09,-1.39902647226390655e-09,1.14264346116937221e-09,1.43663400624173333e-09,1.38492743393390351e-09,1.61903065688664560e-09,2.54776487101980521e-09,19,2,1,5.76460752303767552e+17,19,2,1,5.76460752303767552e+17,16,5,2,3.32306998945331719e+35,5.99723727000000054e+02,0,1.38492743393390351e-09,nan,0.00000000000000000e+00
47,2,-6.29091835362092008e-11,1.00000000000000000e+00,3.51227101019558154e-10,2,19,1.69159057463880360e-10,1.70090705055194031e-10,-3.51227101019558154e-10,-6.74835588524999210e-11,-7.78469804201995558e-10,-7.39904880873556001e-10,-7.91482655856708354e-10,6.26060122042609948e-10,2.88317917483348928e-10,9.47628861665875840e-10,7.28573472320499127e-10,1.41754277789931820e-09,19,2,1,5.76460752303767552e+17,19,2,1,5.76460752303767552e+17,16,5,2,3.32306998945331719e+35,5.29236642999999958e+02,0,9.47628861665875840e-10,nan,0.00000000000000000e+00
47,3,2.66344836888221483e-10,1.00000000000000000e+00,1.47147433302245358e-09,2,19,1.47147433302245358e-09,2.56563643844142526e-10,-1.02234871782882292e-10,3.49800110851893198e-11,6.35195827066668731e-10,1.68893103533967493e-09,-2.84336925152365639e-09,6.51416673457560226e-10,1.20512949613423200e-09,2.74113437974077410e-09,3.10971408841187798e-09,4.53230028686333153e-09,19,2,1,5.76460752303767552e+17,19,2,1,5.76460752303767552e+17,16,5,2,3.32306998945331719e+35,5.60628213999999957e+02,0,2.74113437974077410e-09,nan,0.00000000000000000e+00
48,0,-3.92800930502473135e-11,1.00000000000000000e+00,1.50043373325677657e-09,2,19,1.04200693669469031e-09,1.50043373325677657e-09,-9.39854780467359951e-10,9.86171326705266464e-10,-6.29812005074010184e-10,9.65156682365476922e-10,-1.50384042605004342e-10,-1.56256457563916064e-09,1.53971382630702398e-09,2.54873590234442710e-09,1.52328448258891323e-09,2.52772125800463756e-09,19,2,1,5.76460752303767552e+17,19,2,1,5.76460752303767552e+17,16,5,2,3.32306998945331719e+35,5.31220501000000013e+02,0,2.54873590234442710e-09,nan,0.00000000000000000e+00
48,1,4.75587485580073715e-11,1.00000000000000000e+00,2.02038826784542388e-09,2,19,-2.02038826784542388e-09,1.78457178647501897e-10,1.24820890474997924e-09,4.61404299028502535e-10,6.96464427831398453e-10,-1.81691548450202778e-09,-4.22504890084786020e-11,-1.66837058724331932e-10,2.06794701640343115e-09,2.71685269567682223e-09,1.86447423306003504e-09,2.51337991233342612e-09,19,2,1,5.76460752303767552e+17,19,2,1,5.76460752303767552e+17,16,5,2,3.32306998945331719e+35,5.33884593999999993e+02,0,2.71685269567682223e-09,nan,0.00000000000000000e+00
48,2,-2.98811248377261694e-10,1.00000000000000000e+00,9.99458074277109271e-10,2,19,4.10648755710164138e-10,4.92028407254450189e-10,9.99458074277109271e-10,-3.62765687884589457e-10,2.25266559339064336e-09,-1.40418706234551697e-09,1.91708224319524259e-09,3.57683431930314702e-10,1.29826932265437107e-09,1.89621546959996695e-09,2.55147684176790495e-09,3.65685265573616033e-09,19,2,1,5.76460752303767552e+17,19,2,1,5.76460752303767552e+17,16,5,2,3.32306998945331719e+35,5.31146504000000050e+02,0,1.89621546959996695e-09,nan,0.00000000000000000e+00
48,3,-3.58351173771184137e-10,1.00000000000000000e+00,2.89382710289267421e-09,2,19,3.40258506181384552e-10,-2.10740970865784116e-10,-1.18106094559623254e-10,-2.89382710289267421e-09,-1.26410906874150589e-10,-1.12503899376281289e-09,-6.25256398234825715e-11,1.08087646824950683e-09,2.53547592912149023e-09,3.97470357114218124e-09,1.43922764202069102e-09,2.20591546201231972e-09,19,2,1,5.76460752303767552e+17,19,2,1,5.76460752303767552e+17,16,5,2,3.32306998945331719e+35,5.31845189000000005e+02,0,3.97470357114218124e-09,nan,0.00000000000000000e+00
49,0,-5.95129079448199009e-10,1.00000000000000000e+00,1.36598233113244160e-09,2,19,-1.04382659104087136e-09,-7.40013176825907307e-10,1.36598233113244160e-09,-6.74124586110196115e-10,-1.03587656740106279e-09,4.72000652341363080e-10,-1.33022831547452199e-09,7.82235267141688768e-10,1.96111141058064061e-09,2.69621064660696379e-09,1.37736434658988778e-09,2.11246358261621076e-09,19,2,1,5.76460752303767552e+17,19,2,1,5.76460752303767552e+17,16,5,2,3.32306998945331719e+35,5.38403421999999978e+02,0,2.69621064660696379e-09,nan,0.00000000000000000e+00
49,1,-6.80253752266351173e-10,1.00000000000000000e+00,1.42521130655436151e-09,2,19,1.38543470886911437e-09,-5.78711823868281391e-10,6.25279820378802357e-10,-1.42521130655436151e-09,-6.08344958499953619e-10,-4.27845564309640069e-11,1.35771987544533636e-09,1.48997695544644689e-10,2.06568846113546575e-09,1.99377966736906779e-09,2.03797362771168754e-09,1.96606483394528998e-09,19,2,1,5.76460752303767552e+17,19,2,1,5.76460752303767552e+17,16,5,2,3.32306998945331719e+35,6.67023225000000025e+02,0,1.99377966736906779e-09,nan,0.00000000000000000e+00
49,2,-5.49636576397318386e-10,1.00000000000000000e+00,1.83845988279245500e-09,2,19,-1.25200305979884994e-09,9.42087441807984972e-11,-1.83845988279245500e-09,4.16289805822137165e-10,-2.90577893206761803e-09,-2.92972007006213883e-11,1.33086595825246491e-09,1.48730840824574788e-09,1.28882330639513672e-09,3.16932584104492012e-09,2.35614235567029954e-09,4.39308734031336571e-09,19,2,1,5.76460752303767552e+17,19,2,1,5.76460752303767552e+17,16,5,2,3.32306998945331719e+35,5.51168794000000048e+02,0,3.16932584104492012e-09,nan,0.00000000000000000e+00
49,3,-6.07833668470193843e-10,1.00000000000000000e+00,1.35977138113281113e-09,2,19,-1.16457198487031162e-09,-5.42209657768282700e-10,1.35977138113281113e-09,-1.02949016218413568e-09,1.19126108680000690e-09,3.02345470469982288e-10,4.26893627553603671e-10,2.49684105071394099e-09,1.96760504960300507e-09,3.52633121289807688e-09,3.10467471918413494e-09,2.19449558024395870e-09,19,2,1,5.76460752303767552e+17,19,2,1,5.76460752303767552e+17,16,5,2,3.32306998945331719e+35,5.50369974999999954e+02,0,3.52633121289807688e-09,nan,0.00000000000000000e+00
50,0,-1.11694886980229255e-09,1.00000000000000000e+00,1.53750913687862434e-09,2,19,-1.53750913687862434e-09,-8.50847826452272981e-10,-1.20677706659895201e-09,1.17813944502296805e-09,-1.26806947352807365e-09,-8.14438477013269580e-10,-2.08494407860824754e-09,6.51760177573813096e-10,2.29508831482526039e-09,8.78167012009295530e-10,1.76870904737610565e-09,2.73670425618206085e-09,19,2,1,5.76460752303767552e+17,19,2,1,5.76460752303767552e+17,16,5,2,3.32306998945331719e+35,5.69560818000000040e+02,0,8.78167012009295530e-10,nan,0.00000000000000000e+00
50,1,-4.02156716113857871e-10,1.00000000000000000e+00,2.39432062900027300e-09,2,19,-2.39432062900027300e-09,-1.47068298576767706e-09,6.22372871325289811e-10,9.65955978596133593e-10,-2.78491931634160908e-09,-1.50552700399515326e-09,1.42459007830851065e-10,1.81125079225245141e-09,1.99216391288641503e-09,8.45294813656317813e-10,2.38276260022775110e-09,4.59617010859406069e-09,19,2,1,5.76460752303767552e+17,19,2,1,5.76460752303767552e+17,16,5,2,3.32306998945331719e+35,5.53398084000000040e+02,0,8.45294813656317813e-10,nan,0.00000000000000000e+00
50,2,-7.41615289237367989e-10,1.00000000000000000e+00,6.83598916966259521e-10,2,19,-4.93985778614295753e-10,-4.77354225570517856e-10,2.61407933509903127e-10,-6.83598916966259521e-10,-1.51512150678612822e-09,3.67835707915969898e-11,4.79679564404431477e-10,-5.23016981577844752e-10,1.00302322274727112e-09,1.02113572817183247e-09,1.22129485364179947e-09,1.99480107119055960e-09,19,2,1,5.76460752303767552e+17,19,2,1,5.76460752303767552e+17,16,5,2,3.32306998945331719e+35,5.78401853999999958e+02,0,1.02113572817183247e-09,nan,0.00000000000000000e+00
50,3,-6.60857683284025562e-10,1.00000000000000000e+00,1.88760667983051395e-09,2,19,-1.79913788117201227e-09,-1.38607263375364003e-09,-1.88760667983051395e-09,-6.42964823993865281e-10,-2.26986837734642234e-09,3.30476741526830153e-09,-1.44725796777791833e-10,-2.46865491936292136e-09,1.22674899654648850e-09,4.69084004902194156e-09,3.96562509855232740e-09,5.77342233463122289e-09,19,2,1,5.76460752303767552e+17,19,2,1,5.76460752303767552e+17,16,5,2,3.32306998945331719e+35,5.52287258999999949e+02,0,4.69084004902194156e-09,nan,0.00000000000000000e+00
51,0,-1.10482019218460585e-09,1.00000000000000000e+00,3.42300315898731450e-09,2,19,-2.67504102095195697e-09,1.89344195482167408e-09,-1.72406225655808066e-09,-3.42300315898731450e-09,-1.90087334100534587e-10,3.81303029850905007e-10,-1.39997369903704102e-09,4.97270323487169357e-10,2.99826214700628014e-09,3.92027348247448386e-09,1.60209051567177521e-09,1.89724402252421037e-09,19,2,1,5.76460752303767552e+17,19,2,1,5.76460752303767552e+17,16,5,2,3.32306998945331719e+35,5.37075050000000033e+02,0,3.92027348247448386e-09,nan,0.00000000000000000e+00
51,1,-9.98275330333171259e-10,1.00000000000000000e+00,2.58384999492674696e-09,2,19,2.58384999492674696e-09,1.37476454815490671e-10,1.34476712467533762e-09,5.94619565299482277e-10,-4.58022182378707063e-09,-2.52484886325561488e-09,-1.11709171141207577e-09,9.73118950073386143e-10,3.58212532525991842e-09,7.16407181871381758e-09,3.58194649345389916e-09,5.55334077386045698e-09,19,2,1,5.76460752303767552e+17,19,2,1,5.76460752303767552e+17,16,5,2,3.32306998945331719e+35,5.44348852999999963e+02,0,7.16407181871381758e-09,nan,0.00000000000000000e+00
51,2,-1.06297307803263112e-09,1.00000000000000000e+00,3.83502305960706671e-09,2,19,9.15566195388002177e-10,-3.83502305960706671e-09,4.34493760677644778e-10,-3.18004487725407215e-09,1.22060410220083413e-09,3.14276046573056997e-09,-3.69682709148932774e-10,1.75355354486742278e-10,2.77204998157443539e-09,6.97778352533763668e-09,4.20573354376320129e-09,3.51244317487950264e-09,19,2,1,5.76460752303767552e+17,19,2,1,5.76460752303767552e+17,16,5,2,3.32306998945331719e+35,5.41571963999999980e+02,0,6.97778352533763668e-09,nan,0.00000000000000000e+00
51,3,-8.31064460510848897e-10,1.00000000000000000e+00,3.86147226617788572e-09,2,19,3.34505115165479808e-09,-3.86147226617788572e-09,1.78865890976519218e-09,1.12945089949637888e-10,5.99379260035437724e-10,-4.59872841272212282e-09,-2.37755165069754945e-09,9.70637623410216701e-10,4.17611561216564729e-09,4.16621056046274204e-09,3.76766395221127361e-09,5.56936603613233952e-09,19,2,1,5.76460752303767552e+17,19,2,1,5.76460752303767552e+17,16,5,2,3.32306998945331719e+35,5.80261519000000021e+02,0,4.16621056046274204e-09,nan,0.00000000000000000e+00
52,0,-9.19102849735707666e-10,1.00000000000000000e+00,4.01989366009320302e-09,2,19,1.87688900049265658e-09,4.01989366009320302e-09,2.01945841452087553e-09,-9.35691261559276949e-10,-3.25712833902007382e-09,7.96182198483912057e-10,8.03400775229910070e-10,-7.90357907815467643e-10,4.93899650982891089e-09,5.13401733951273081e-09,2.33802548928436636e-09,4.06052911424998389e-09,19,2,1,5.76460752303767552e+17,19,2,1,5.76460752303767552e+17,16,5,2,3.32306998945331719e+35,5.87655914000000053e+02,0,5.13401733951273081e-09,nan,0.00000000000000000e+00
52,1,-3.99978397750022003e-10,1.00000000000000000e+00,3.19620340192492583e-09,2,19,-1.57678936852796652e-09,-3.19620340192492583e-09,-5.95924852829539349e-10,2.36625878572601345e-09,-2.00729657451573376e-09,3.27854255553070630e-11,-4.56012656243829728e-09,4.08452449761330400e-09,2.79622500417490383e-09,3.96420170960875803e-09,4.48450289536332559e-09,8.64465106005160210e-09,19,2,1,5.76460752303767552e+17,19,2,1,5.76460752303767552e+17,16,5,2,3.32306998945331719e+35,5.62509370999999987e+02,0,3.96420170960875803e-09,nan,0.00000000000000000e+00
52,2,-4.13029434918686942e-10,1.00000000000000000e+00,3.82146210459172094e-09,2,19,-3.82146210459172094e-09,3.62468346272184199e-10,2.17613618473040587e-09,1.59228266727207240e-09,2.29002347326080415e-10,2.05853307345662829e-09,2.74773522073498603e-09,2.26056809655017542e-09,3.40843266967303379e-09,4.05046445191780156e-09,3.16076465565367318e-09,2.51873287340890541e-09,19,2,1,5.76460752303767552e+17,19,2,1,5.76460752303767552e+17,16,5,2,3.32306998945331719e+35,5.37912134000000037e+02,0,4.05046445191780156e-09,nan,0.00000000000000000e+00
52,3,-5.69805772567771793e-10,1.00000000000000000e+00,1.58342333336354389e-09,2,19,4.05029667408843160e-10,1.51026514428859653e-09,-1.58342333336354389e-09,6.92847898024538525e-10,-8.20138771223288585e-10,-1.58647007488341719e-09,-2.78388003163122792e-09,-1.96275479099649012e-09,2.08007091685636812e-09,3.09673521917201372e-09,2.21407425906345612e-09,1.96374126040793933e-09,19,2,1,5.76460752303767552e+17,19,2,1,5.76460752303767552e+17,16,5,2,3.32306998945331719e+35,5.29915677999999957e+02,0,3.09673521917201372e-09,nan,0.00000000000000000e+00
53,0,-4.47771468762313771e-10,1.00000000000000000e+00,3.25446248209590303e-09,2,19,-1.87520704194307272e-09,3.25446248209590303e-09,-1.39674503614033865e-09,2.05507223981838099e-09,3.24182040775748425e-09,-2.64260089909438884e-09,-2.49202803443443279e-09,1.00223006287130399e-10,3.70223395085821680e-09,5.89706338119029188e-09,3.68959187651979802e-09,5.88442130685187309e-09,19,2,1,5.76460752303767552e+17,19,2,1,5.76460752303767552e+17,16,5,2,3.32306998945331719e+35,5.22536796999999979e+02,0,5.89706338119029188e-09,nan,0.00000000000000000e+00
53,1,5.66208370507708705e-10,1.00000000000000000e+00,4.63029523877589007e-09,2,19,-1.20423917326116080e-09,-1.75462326352064605e-09,4.63029523877589007e-09,-1.09313079240651070e-10,1.27240795279885899e-09,-6.51177292094050469e-10,-3.43784663589223514e-09,-2.37607139092630728e-09,4.06408686826818167e-09,8.06814187466812521e-09,4.00405500639994353e-09,4.71025458869109413e-09,19,2,1,5.76460752303767552e+17,19,2,1,5.76460752303767552e+17,16,5,2,3.32306998945331719e+35,5.16020209000000023e+02,0,8.06814187466812521e-09,nan,0.00000000000000000e+00
53,2,3.40492427154611860e-10,1.00000000000000000e+00,5.00884594494217776e-09,2,19,5.00884594494217776e-09,4.86021630356525148e-10,-3.46316143398740990e-09,3.77602837815833330e-09,5.21487225074100545e-09,3.84463176311828869e-09,-2.50078736617378682e-10,6.42709650402092453e-09,4.66835351778756553e-09,3.35861013276176355e-09,6.08660407686631231e-09,6.67717524063830362e-09,19,2,1,5.76460752303767552e+17,19,2,1,5.76460752303767552e+17,16,5,2,3.32306998945331719e+35,5.57948628999999983e+02,0,3.35861013276176355e-09,nan,0.00000000000000000e+00
53,3,-1.17761405965292755e-10,1.00000000000000000e+00,4.12223167295627768e-09,2,19,-2.88028526304245442e-09,3.32107540170992714e-09,-1.53612622902965563e-09,4.12223167295627768e-09,-1.45212584285103319e-09,-8.79535193461881891e-10,-6.98258935231175824e-10,4.09107433397986544e-09,4.23999307892157075e-09,4.20061059517180862e-09,4.20883573994515851e-09,5.54320017683089904e-09,19,2,1,5.76460752303767552e+17,19,2,1,5.76460752303767552e+17,16,5,2,3.32306998945331719e+35,5.23444851999999969e+02,0,4.20061059517180862e-09,nan,0.00000000000000000e+00
54,0,2.08000142440206287e-10,1.00000000000000000e+00,3.32426205124570638e-09,2,19,-7.15632514086954188e-10,-1.34888927284653160e-10,-3.32426205124570638e-09,5.42482458990401630e-10,4.49441682797021998e-09,-5.60417426815660473e-09,1.89613134988312823e-09,-4.02161699559467252e-09,3.53226219368591267e-09,5.46928534087195193e-09,5.81217441059681102e-09,1.00985910961268247e-08,19,2,1,5.76460752303767552e+17,19,2,1,5.76460752303767552e+17,16,5,2,3.32306998945331719e+35,5.16355441000000042e+02,0,5.46928534087195193e-09,nan,0.00000000000000000e+00
54,1,8.65251532407538307e-10,1.00000000000000000e+00,5.99292552042662523e-09,2,19,6.26550464817953756e-10,-1.24142116514073916e-09,7.67996573557321407e-10,5.99292552042662523e-09,5.26312717496599970e-09,-1.07960951862579626e-09,-5.63802353067762237e-10,-5.16004858418159865e-09,5.12767398801908702e-09,1.11529741046082239e-08,6.02530011658913686e-09,1.04231757591475975e-08,19,2,1,5.76460752303767552e+17,19,2,1,5.76460752303767552e+17,16,5,2,3.32306998945331719e+35,5.21715089000000035e+02,0,1.11529741046082239e-08,nan,0.00000000000000000e+00
54,2,1.24709215760792373e-09,1.00000000000000000e+00,4.22534524710011056e-09,2,19,2.47761282868833151e-09,-3.71965878002408243e-09,-4.22534524710011056e-09,-3.49035919239348788e-09,1.68062328127820298e-09,-1.59754040995835891e-09,1.81022855650651400e-09,2.63184715867222450e-09,5.47243740470803388e-09,6.12220635106571197e-09,2.84463256756628244e-09,4.22938756863058362e-09,19,2,1,5.76460752303767552e+17,19,2,1,5.76460752303767552e+17,16,5,2,3.32306998945331719e+35,5.16870001000000002e+02,0,6.12220635106571197e-09,nan,0.00000000000000000e+00
54,3,1.08271962036588651e-09,1.00000000000000000e+00,8.75133003973280121e-09,2,19,-2.20659024906005896e-09,-5.23638408721318456e-09,8.75133003973280121e-09,1.02683096036999912e-09,1.31024907214748391e-10,2.70381601408239780e-09,-3.57885882729775112e-10,-3.10702063742514541e-09,7.66861041936691428e-09,9.10921592246257596e-09,4.18974025779103193e-09,5.81083665150754321e-09,19,2,1,5.76460752303767552e+17,19,2,1,5.76460752303767552e+17,16,5,2,3.32306998945331719e+35,5.20589526999999975e+02,0,9.10921592246257596e-09,nan,0.00000000000000000e+00
55,0,1.10102833016308535e-09,1.00000000000000000e+00,2.88397550756811780e-09,2,19,2.88397550756811780e-09,-2.91277309189015855e-10,-1.06934063122089983e-09,-1.88123331023079847e-09,-5.12896967624008169e-09,-5.16479784434462026e-10,1.58288918906919724e-10,-8.99242827241198596e-09,2.98226164039388383e-09,8.01294518380820032e-09,1.00934566025750709e-08,9.15071719131890610e-09,19,2,1,5.76460752303767552e+17,19,2,1,5.76460752303767552e+17,16,5,2,3.32306998945331719e+35,5.16406247000000008e+02,0,8.01294518380820032e-09,nan,0.00000000000000000e+00
55,1,1.51449051862968200e-10,1.00000000000000000e+00,5.29399672895553169e-09,2,19,-1.95360161891921174e-09,-3.99677624677503038e-09,-5.29399672895553169e-09,-3.99053924923045932e-10,5.86847428388419298e-09,1.52251338665065466e-09,3.56317474497294598e-09,-3.98939226271775500e-09,5.44544578081849963e-09,8.85717147392847766e-09,5.71702523202122503e-09,9.85786654660194797e-09,19,2,1,5.76460752303767552e+17,19,2,1,5.76460752303767552e+17,16,5,2,3.32306998945331719e+35,5.24147756999999956e+02,0,8.85717147392847766e-09,nan,0.00000000000000000e+00
55,2,7.86361778831866634e-10,1.00000000000000000e+00,8.81758448096129654e-09,2,19,-1.00294004301485664e-09,-8.81758448096129654e-09,6.09131048518158488e-09,-1.47343196415378670e-09,6.13748870481786474e-09,-6.58184927353769124e-10,-2.17781453293222010e-10,4.34942042729555875e-09,9.60394625979316307e-09,8.15939955360752783e-09,5.35112692598599821e-09,6.79567363217163346e-09,19,2,1,5.76460752303767552e+17,19,2,1,5.76460752303767552e+17,16,5,2,3.32306998945331719e+35,5.27913247999999953e+02,0,8.15939955360752783e-09,nan,0.00000000000000000e+00
55,3,1.44335658088602317e-10,1.00000000000000000e+00,5.01714360597387090e-09,2,19,-2.24183353722666974e-10,-1.53662721968393131e-09,1.23438598244511052e-09,-5.01714360597387090e-09,1.00439272363439773e-09,7.01158992060396410e-10,1.74318316923012235e-09,-5.03385216842416023e-11,5.16147926406247285e-09,4.96680508428962893e-09,1.59884751114151999e-09,1.79352169091436391e-09,19,2,1,5.76460752303767552e+17,19,2,1,5.76460752303767552e+17,16,5,2,3.32306998945331719e+35,5.08872501999999997e+02,0,4.96680508428962893e-09,nan,0.00000000000000000e+00
56,0,-3.38807312780936657e-10,1.00000000000000000e+00,9.93382398026455084e-09,2,19,-7.87226068261069616e-09,-1.45098036048968952e-09,-6.43601423640283993e-09,-9.93382398026455084e-09,1.93019850342660660e-09,4.94495880015231609e-09,-2.04379528525159805e-09,-3.53187650182512204e-10,9.59501666748361408e-09,9.80245918603730193e-09,5.28376611293325285e-09,6.98875408540391414e-09,19,2,1,5.76460752303767552e+17,19,2,1,5.76460752303767552e+17,16,5,2,3.32306998945331719e+35,5.31898954000000003e+02,0,9.80245918603730193e-09,nan,0.00000000000000000e+00
56,1,-1.13793859096151581e-09,1.00000000000000000e+00,6.59945596673079477e-09,2,19,3.95825155475940341e-09,6.59945596673079477e-09,-2.39351170176269176e-09,1.11136837928597633e-09,2.93711639634279791e-09,-3.30745938750672589e-09,4.70378501654472771e-09,-4.19137012573811333e-10,7.73739455769231079e-09,9.90691535423751984e-09,5.84172360750624372e-09,8.01124440405145443e-09,19,2,1,5.76460752303767552e+17,19,2,1,5.76460752303767552e+17,16,5,2,3.32306998945331719e+35,5.28828955999999948e+02,0,9.90691535423751984e-09,nan,0.00000000000000000e+00
56,2,-4.52491010172506456e-10,1.00000000000000000e+00,2.54257783915410403e-09,2,19,-1.21574915373633554e-09,2.42387123066954080e-09,-2.54257783915410403e-09,-2.01606158290786842e-09,5.74345167199277844e-09,4.56305300924901786e-09,-4.93796978856562059e-09,3.90801586411411934e-09,2.87636224084204736e-09,6.95920082572911377e-09,6.19594268216528500e-09,1.06814214605583990e-08,19,2,1,5.76460752303767552e+17,19,2,1,5.76460752303767552e+17,16,5,2,3.32306998945331719e+35,5.39970837999999958e+02,0,6.95920082572911377e-09,nan,0.00000000000000000e+00
56,3,8.52539923069176518e-10,1.00000000000000000e+00,6.93524324478515019e-09,2,19,7.68586823545063285e-10,-1.54727004655618757e-09,3.53762119962401994e-09,-6.93524324478515019e-09,6.69243906277741654e-09,9.10312696401810787e-09,3.54033292046675785e-09,1.20097661389528031e-08,7.78778316785432743e-09,1.89450093837379550e-08,1.11572262158836259e-08,8.46943321848604447e-09,19,2,1,5.76460752303767552e+17,19,2,1,5.76460752303767552e+17,16,5,2,3.32306998945331719e+35,5.39763912000000005e+02,0,1.89450093837379550e-08,nan,0.00000000000000000e+00
57,0,9.71018872135963515e-10,1.00000000000000000e+00,1.01703298581811847e-08,2,19,1.01703298581811847e-08,-2.36489962448206981e-09,3.78548812918890647e-09,-4.75979004286969255e-09,6.74782517472195271e-09,1.18133167801783302e-09,-2.61820915573003513e-09,8.17174739147865750e-09,9.19931098604522159e-09,1.29315374343483501e-08,7.20072851934269440e-09,1.07899565472086935e-08,19,2,1,5.76460752303767552e+17,19,2,1,5.76460752303767552e+17,16,5,2,3.32306998945331719e+35,5.79202209000000039e+02,0,1.29315374343483501e-08,nan,0.00000000000000000e+00
57,1,4.27421827120002783e-09,1.00000000000000000e+00,6.48436541536736824e-09,2,19,-3.93559766355069372e-09,-2.63633460387856671e-09,-2.37667787101577358e-09,6.48436541536736824e-09,9.12942594094667645e-09,3.74804457311515113e-09,4.67459121631475211e-09,4.48407200151184258e-09,8.20981593475072237e-09,1.30650236044973702e-08,4.85520766974664863e-09,5.38138136783152533e-09,19,2,1,5.76460752303767552e+17,19,2,1,5.76460752303767552e+17,16,5,2,3.32306998945331719e+35,7.41830536000000052e+02,0,1.30650236044973702e-08,nan,0.00000000000000000e+00
57,2,1.76667406160839413e-09,1.00000000000000000e+00,1.11172481685254428e-08,2,19,-2.50689769665795146e-09,-4.41117046173293197e-09,-1.11172481685254428e-08,-4.54531889339957872e-09,7.51353021191277339e-09,6.27809176737048548e-10,8.44392888415797740e-09,9.78932863892632855e-09,1.28839222301338371e-08,1.95611770526834202e-08,8.02265457731793421e-09,9.16151946218928000e-09,19,2,1,5.76460752303767552e+17,19,2,1,5.76460752303767552e+17,16,5,2,3.32306998945331719e+35,6.09735299000000055e+02,0,1.95611770526834202e-08,nan,0.00000000000000000e+00
57,3,1.07714327218575875e-09,1.00000000000000000e+00,1.25397733206251421e-08,2,19,2.64644492617461956e-10,1.25397733206251421e-08,1.30228305831235629e-10,5.77459569216081654e-09,-4.53349633047059018e-09,5.72302782984771552e-09,4.35633061491259962e-09,-4.46076011636915225e-09,1.14626300484393833e-08,1.02353558085299688e-08,5.61063960265634893e-09,1.02565241603183057e-08,19,2,1,5.76460752303767552e+17,19,2,1,5.76460752303767552e+17,16,5,2,3.32306998945331719e+35,5.72067555999999968e+02,0,1.02353558085299688e-08,nan,0.00000000000000000e+00
58,0,-6.93910842194689616e-10,1.00000000000000000e+00,1.14006309860609748e-08,2,19,-1.29760779079982193e-09,5.18545497354845235e-09,-2.92850696212029961e-09,1.14006309860609748e-08,9.34837642292050437e-09,3.18872589034568550e-09,-2.12208906874145944e-09,1.19547686746635927e-08,1.20945418282556638e-08,1.06459842137203255e-08,1.26486795168582817e-08,1.40768577434050522e-08,19,2,1,5.76460752303767552e+17,19,2,1,5.76460752303767552e+17,16,5,2,3.32306998945331719e+35,6.02722971000000030e+02,0,1.06459842137203255e-08,nan,0.00000000000000000e+00
58,1,3.39502160038402420e-09,1.00000000000000000e+00,1.25826220174212223e-08,2,19,-4.50642246222639429e-09,1.25826220174212223e-08,4.92643688036252551e-09,6.16254990504905995e-09,4.52973561857681223e-09,-1.33547625575950854e-10,3.95761765318832745e-09,-8.69768254018717137e-09,9.18760041703719849e-09,1.48602324452362313e-08,1.20927041405711952e-08,1.32274181587639836e-08,19,2,1,5.76460752303767552e+17,19,2,1,5.76460752303767552e+17,16,5,2,3.32306998945331719e+35,7.33511856999999964e+02,0,1.48602324452362313e-08,nan,0.00000000000000000e+00
58,2,2.32751840885754238e-09,1.00000000000000000e+00,9.96124645522564632e-09,2,19,9.96124645522564632e-09,-4.14476444893490346e-09,2.25299894694102246e-09,9.99045209960084960e-10,-4.18580529596684703e-09,-1.33384691255790300e-09,1.04563921424003521e-08,-5.25268029951342568e-09,7.63372804636810394e-09,1.41470517511924934e-08,8.12887373354280975e-09,1.57090724419137795e-08,19,2,1,5.76460752303767552e+17,19,2,1,5.76460752303767552e+17,16,5,2,3.32306998945331719e+35,7.33852089999999976e+02,0,1.41470517511924934e-08,nan,0.00000000000000000e+00
58,3,2.24532155915831910e-09,1.00000000000000000e+00,1.05821712595944870e-08,2,19,4.46949607321551573e-09,1.44073883259206753e-09,1.05821712595944870e-08,2.67120820320715229e-10,1.13050771867009995e-08,1.60164921140677505e-09,3.53014433515508390e-09,2.36926766466962765e-09,8.33684970043616791e-09,7.05202692443940310e-09,9.05975562754268041e-09,9.70342797529422446e-09,19,2,1,5.76460752303767552e+17,19,2,1,5.76460752303767552e+17,16,5,2,3.32306998945331719e+35,6.26087838000000033e+02,0,7.05202692443940310e-09,nan,0.00000000000000000e+00
59,0,2.05938491949761431e-09,1.00000000000000000e+00,1.12302448163107350e-08,2,19,-3.32090230466469552e-09,1.05008724187057647e-08,1.32956235262791665e-09,-1.12302448163107350e-08,-6.33938622265842374e-09,7.71275156545044876e-09,5.73767892118119792e-09,8.18398995962773710e-09,1.32896297358083489e-08,1.94142347759384738e-08,8.39877114215603846e-09,1.45233761822861600e-08,19,2,1,5.76460752303767552e+17,19,2,1,5.76460752303767552e+17,16,5,2,3.32306998945331719e+35,5.90600877999999966e+02,0,1.94142347759384738e-08,nan,0.00000000000000000e+00
59,1,2.58094639642463831e-09,1.00000000000000000e+00,2.06627420886522996e-08,2,19,1.49199996978417126e-08,1.04650255416787504e-08,7.64558769482826203e-10,2.06627420886522996e-08,-8.06990956205940056e-09,3.52852944862432569e-09,5.17181360418307062e-09,2.00562997943829985e-09,1.80817956922276609e-08,2.29899092599011115e-08,1.06508559584840393e-08,1.32417231662424712e-08,19,2,1,5.76460752303767552e+17,19,2,1,5.76460752303767552e+17,16,5,2,3.32306998945331719e+35,5.57731863999999973e+02,0,2.29899092599011115e-08,nan,0.00000000000000000e+00
59,2,2.48899268580474993e-09,1.00000000000000000e+00,1.16570887565489485e-08,2,19,-6.86707493439786102e-09,2.79502535374707625e-09,-7.84373242982258054e-09,-1.16570887565489485e-08,9.97558116111758862e-10,8.81155115841348871e-09,-6.98823759831002773e-09,5.37096349000962411e-09,1.41460814423536980e-08,1.70280522465585742e-08,9.47723028411477725e-09,1.57997887567235164e-08,19,2,1,5.76460752303767552e+17,19,2,1,5.76460752303767552e+17,16,5,2,3.32306998945331719e+35,5.41318737000000056e+02,0,1.70280522465585742e-08,nan,0.00000000000000000e+00
59,3,3.00308398114397453e-09,1.00000000000000000e+00,1.43510598718113919e-08,2,19,1.61647101143900315e-09,3.19986601128839237e-09,3.72955407424039163e-10,1.43510598718113919e-08,-3.70170935289350821e-09,-2.07194116476178470e-10,1.26907806492171708e-08,7.75163504171080902e-09,1.13479758906674182e-08,1.23178252417931321e-08,9.68769666807319548e-09,1.63924900021106799e-08,19,2,1,5.76460752303767552e+17,19,2,1,5.76460752303767552e+17,16,5,2,3.32306998945331719e+35,5.83285216999999989e+02,0,1.23178252417931321e-08,nan,0.00000000000000000e+00
60,0,2.26273156875198822e-09,1.00000000000000000e+00,1.50009869970072430e-08,2,19,5.25733689784779041e-09,1.02374732945222872e-08,1.50009869970072430e-08,-1.65081680272866422e-09,-9.41550301320587409e-09,1.57345586895390818e-09,-8.52905161049848506e-09,-1.38316337114139560e-08,1.27382554282552556e-08,2.35300386075057264e-08,1.60943652801659434e-08,1.54050895803678642e-08,19,2,1,5.76460752303767552e+17,19,2,1,5.76460752303767552e+17,16,5,2,3.32306998945331719e+35,6.14396294000000012e+02,0,2.35300386075057264e-08,nan,0.00000000000000000e+00
60,1,3.22421567333719918e-09,1.00000000000000000e+00,1.12253619840782497e-08,2,19,1.12253619840782497e-08,7.48250494443817993e-09,4.58181921545206260e-09,7.43122726708245853e-09,-2.67084793980321173e-09,-4.65346916286112679e-10,7.34574433273467561e-10,-3.24505211570442627e-10,8.00114631074105139e-09,1.38962099238814619e-08,5.89506361314041049e-09,3.40542237307667929e-09,19,2,1,5.76460752303767552e+17,19,2,1,5.76460752303767552e+17,16,5,2,3.32306998945331719e+35,6.12014778999999976e+02,0,1.38962099238814619e-08,nan,0.00000000000000000e+00
60,2,7.97230891077534482e-11,1.00000000000000000e+00,1.80080992456882458e-08,2,19,-7.44305374171458821e-09,-2.67739261136697949e-09,1.80080992456882458e-08,5.21811716711409979e-09,-5.12698007150464413e-09,-1.58007388384779868e-08,2.71453472887023663e-09,-8.75694238017459509e-09,1.79283761565804932e-08,1.52935645168180109e-08,1.58804619275857395e-08,1.85152735673482218e-08,19,2,1,5.76460752303767552e+17,19,2,1,5.76460752303767552e+17,16,5,2,3.32306998945331719e+35,5.52400150000000053e+02,0,1.52935645168180109e-08,nan,0.00000000000000000e+00
60,3,4.89541919080992640e-11,1.00000000000000000e+00,2.53664230264365496e-08,2,19,-2.53664230264365496e-08,-1.97135467330825722e-08,-1.75239130107011436e-08,7.24864891874878462e-09,-1.70772051011379016e-08,-1.26663861916515951e-08,-1.30546989255175145e-08,7.72369553488267537e-09,2.54153772183446499e-08,8.28921792529864798e-09,1.71261592930460019e-08,2.48009006360205753e-08,19,2,1,5.76460752303767552e+17,19,2,1,5.76460752303767552e+17,16,5,2,3.32306998945331719e+35,5.42579657999999995e+02,0,8.28921792529864798e-09,nan,0.00000000000000000e+00
61,0,-5.12733945181091594e-10,1.00000000000000000e+00,1.34650082705348103e-08,2,19,-1.08441898850522892e-09,-4.66227613756807444e-09,2.32841443098817344e-09,1.34650082705348103e-08,1.20455317848798188e-08,3.64367858690669079e-09,1.23078608808732289e-09,1.06659335962624734e-09,1.39777422157159023e-08,1.31299507733850469e-08,1.25582657300609108e-08,1.09789384252535714e-08,19,2,1,5.76460752303767552e+17,19,2,1,5.76460752303767552e+17,16,5,2,3.32306998945331719e+35,5.14255479000000037e+02,0,1.31299507733850469e-08,nan,0.00000000000000000e+00
61,1,4.66060980919855781e-09,1.00000000000000000e+00,1.32139476032305703e-08,2,19,-8.85314021120622599e-09,-7.64076736756060254e-09,1.32139476032305703e-08,-9.59926721633627821e-10,6.08799261748618930e-09,1.60362292105497415e-08,2.08495115842942535e-08,6.05088055186057721e-09,1.35137500204047830e-08,2.36769965781103424e-08,1.61889017750956948e-08,1.47986310324336762e-08,19,2,1,5.76460752303767552e+17,19,2,1,5.76460752303767552e+17,16,5,2,3.32306998945331719e+35,5.38401370000000043e+02,0,2.36769965781103424e-08,nan,0.00000000000000000e+00
61,2,2.74772784700474273e-09,1.00000000000000000e+00,1.88598962374853023e-08,2,19,1.88598962374853023e-08,-4.10157371802792900e-09,1.52674572145171956e-08,-3.81834550361438137e-11,-6.58594781790003472e-09,3.84552693912394715e-09,2.19844843541416122e-08,2.34077100147860921e-08,1.61121683904805604e-08,2.54458440553853386e-08,2.06599821677813502e-08,2.99936578326861252e-08,19,2,1,5.76460752303767552e+17,19,2,1,5.76460752303767552e+17,16,5,2,3.32306998945331719e+35,5.30386924000000022e+02,0,2.54458440553853386e-08,nan,0.00000000000000000e+00
61,3,4.38752034512716780e-09,1.00000000000000000e+00,1.69794155798727166e-08,2,19,-4.09448895655640442e-09,1.00033143502210694e-08,-1.69794155798727166e-08,8.60397527460289751e-09,2.12462880488562942e-08,8.83072351077168094e-10,1.04831842905883848e-08,-3.85710067940328140e-09,2.13669359249998860e-08,2.74625998704611014e-08,1.68587677037291281e-08,2.51033887282595764e-08,19,2,1,5.76460752303767552e+17,19,2,1,5.76460752303767552e+17,16,5,2,3.32306998945331719e+35,5.22468019000000027e+02,0,2.74625998704611014e-08,nan,0.00000000000000000e+00
62,0,4.98913329033260983e-09,1.00000000000000000e+00,2.71629677038711997e-08,2,19,1.55026152524115298e-09,7.07628126303831144e-09,1.40435351402468339e-08,2.71629677038711997e-08,2.28425879685393724e-08,8.08991338132411350e-09,2.21909624427989647e-08,-1.48644305480668945e-08,2.21738344135385882e-08,4.20273982519380959e-08,1.98535638383995043e-08,3.77070185166062686e-08,19,2,1,5.76460752303767552e+17,19,2,1,5.76460752303767552e+17,16,5,2,3.32306998945331719e+35,5.37349156999999991e+02,0,4.20273982519380959e-08,nan,0.00000000000000000e+00
62,1,2.53846541196202759e-09,1.00000000000000000e+00,2.40930599662136180e-08,2,19,2.40930599662136180e-08,-1.43098705725931626e-08,8.24527388189639460e-09,-1.69855714657494566e-08,-2.20356906592882897e-08,-1.68497663248413855e-09,7.17891323841809477e-09,8.79981907794683179e-09,2.15545945542515916e-08,4.61287506255019044e-08,2.45741560712503161e-08,3.08355097372351215e-08,19,2,1,5.76460752303767552e+17,19,2,1,5.76460752303767552e+17,16,5,2,3.32306998945331719e+35,5.56680455000000052e+02,0,4.61287506255019044e-08,nan,0.00000000000000000e+00
62,2,2.52960822277739192e-09,1.00000000000000000e+00,3.91881008809209078e-08,2,19,3.91881008809209078e-08,1.36583507746957873e-08,3.76805867991774705e-09,2.20507580964457578e-08,2.38126555015597654e-08,3.86035064670587523e-09,1.16851707914688958e-08,-7.06060394676989426e-10,3.66584926581435158e-08,2.27568184911227472e-08,2.12830472787823735e-08,2.45187158962367549e-08,19,2,1,5.76460752303767552e+17,19,2,1,5.76460752303767552e+17,16,5,2,3.32306998945331719e+35,5.60839605000000006e+02,0,2.27568184911227472e-08,nan,0.00000000000000000e+00
62,3,3.29762242648994251e-09,1.00000000000000000e+00,2.27363892838464192e-08,2,19,2.27363892838464192e-08,2.75596387733644077e-09,-3.99317182289645854e-09,-1.51327987124320822e-09,-2.05152669947219569e-08,-1.72943703987836522e-08,-1.95948670512825295e-08,1.73682385158255388e-09,1.94387668573564767e-08,4.32516562785683761e-08,2.38128894212118994e-08,2.22520908463045107e-08,19,2,1,5.76460752303767552e+17,19,2,1,5.76460752303767552e+17,16,5,2,3.32306998945331719e+35,5.84584546000000046e+02,0,4.32516562785683761e-08,nan,0.00000000000000000e+00
63,0,4.66346651932710143e-09,1.00000000000000000e+00,4.76740392729170363e-08,2,19,4.76740392729170363e-08,1.59798437523498055e-08,-1.06072488003885236e-08,-1.21497537067856410e-09,3.37447290801894545e-08,1.13349602924812335e-08,-3.56243182168475059e-08,1.38700128007988168e-08,4.30105727535899365e-08,2.50170694164589823e-08,4.02877847361746057e-08,6.93690472970369605e-08,19,2,1,5.76460752303767552e+17,19,2,1,5.76460752303767552e+17,16,5,2,3.32306998945331719e+35,5.55818887000000018e+02,0,2.50170694164589823e-08,nan,0.00000000000000000e+00
63,1,3.66498446253281991e-09,1.00000000000000000e+00,1.62400899883592038e-08,2,19,1.62400899883592038e-08,2.87654050822124619e-09,5.88674931750205686e-09,7.31685185031598153e-09,-1.06989433592259156e-08,-3.42383712479766322e-08,4.49098599524035145e-09,2.52811869612909582e-08,1.25751055258263843e-08,3.71149117561978817e-08,3.79033557105094500e-08,5.95195582092675937e-08,19,2,1,5.76460752303767552e+17,19,2,1,5.76460752303767552e+17,16,5,2,3.32306998945331719e+35,5.68775772999999958e+02,0,3.71149117561978817e-08,nan,0.00000000000000000e+00
63,2,-3.97414653911374925e-11,1.00000000000000000e+00,5.16869755891365348e-08,2,19,-9.82540064627360242e-09,-5.16869755891365348e-08,-5.14813462155090615e-09,9.00903639558287852e-09,-1.70081788885454824e-08,6.20665272514949998e-09,8.30170088096195457e-10,9.08648037400218687e-09,5.16472341237454001e-08,5.78936283142860323e-08,1.69684374231543444e-08,2.60946592625476693e-08,19,2,1,5.76460752303767552e+17,19,2,1,5.76460752303767552e+17,16,5,2,3.32306998945331719e+35,5.39004747999999950e+02,0,5.78936283142860323e-08,nan,0.00000000000000000e+00
63,3,4.95614784398513946e-09,1.00000000000000000e+00,2.44333470563620315e-08,2,19,-2.10333249284649589e-08,2.44333470563620315e-08,-2.45969683507268246e-09,-2.56981341662981366e-09,1.04112165087670814e-08,2.41958418868731049e-08,2.00624529988183924e-09,-1.71945465140306331e-08,2.59894727724500984e-08,3.14445414372320387e-08,2.21506943580157725e-08,4.13903884009037379e-08,19,2,1,5.76460752303767552e+17,19,2,1,5.76460752303767552e+17,16,5,2,3.32306998945331719e+35,5.39751626999999985e+02,0,3.14445414372320387e-08,nan,0.00000000000000000e+00
64,0,-4.56962794510414319e-09,1.00000000000000000e+00,1.95559532136046013e-08,2,19,-1.42526334937601392e-08,1.79442272275265737e-08,1.95559532136046013e-08,-1.31355777911688183e-08,-8.70688360506641749e-09,3.45633352252718674e-08,1.84403068876568393e-08,7.79478533322507816e-09,2.41255811587087445e-08,2.09303631243938981e-08,3.91329631703760139e-08,4.32702188303382849e-08,19,2,1,5.76460752303767552e+17,19,2,1,5.76460752303767552e+17,16,5,2,3.32306998945331719e+35,6.04254508999999985e+02,0,2.09303631243938981e-08,nan,0.00000000000000000e+00
64,1,-1.51539806815274113e-09,1.00000000000000000e+00,1.77013951761900770e-08,2,19,1.77013951761900770e-08,2.40570611257807278e-09,1.74083236969223803e-09,-1.28368061860593503e-08,2.33770411076794882e-08,-2.35386650717651500e-08,-1.81341112588527371e-09,1.11943414096152985e-08,1.92167932443428195e-08,2.59443711843432211e-08,2.48924391758322308e-08,4.69157061794446382e-08,19,2,1,5.76460752303767552e+17,19,2,1,5.76460752303767552e+17,16,5,2,3.32306998945331719e+35,8.26089493999999945e+02,0,2.59443711843432211e-08,nan,0.00000000000000000e+00
64,2,-4.04049570853359858e-10,1.00000000000000000e+00,4.97739899507308361e-08,2,19,-1.90805290506864708e-08,-4.97739899507308361e-08,2.84471571128451408e-09,-8.49650475729455183e-09,4.35517669861816835e-08,6.38872805614609952e-09,-8.52760680736599610e-09,-2.09482556498650005e-08,4.93699403798774739e-08,6.26322960368681576e-08,4.39558165570350456e-08,6.45000226360466773e-08,19,2,1,5.76460752303767552e+17,19,2,1,5.76460752303767552e+17,16,5,2,3.32306998945331719e+35,7.02706445000000031e+02,0,6.26322960368681576e-08,nan,0.00000000000000000e+00
64,3,-1.74344243412410762e-10,1.00000000000000000e+00,3.83617005127317342e-08,2,19,-3.54623340058324347e-08,3.83617005127317342e-08,-3.50584298015528066e-08,3.59055225541288057e-09,5.49241276828333540e-08,-3.10029011130524498e-08,4.59568645230585238e-09,-2.90531771120005583e-09,3.85360447561441440e-08,9.03864616886657953e-08,5.50984719262457639e-08,8.59270287958858104e-08,19,2,1,5.76460752303767552e+17,19,2,1,5.76460752303767552e+17,16,5,2,3.32306998945331719e+35,6.22864401000000043e+02,0,9.03864616886657953e-08,nan,0.00000000000000000e+00
65,0,-3.75879399717684708e-09,1.00000000000000000e+00,2.25168950474725028e-08,2,19,-1.24347667718499786e-08,2.25168950474725028e-08,-1.36765142263302918e-08,-4.60139679935916340e-09,7.54425860056046463e-10,7.61061842098041243e-09,-6.30756497661525628e-09,-9.00187322581118113e-09,2.62756890446493499e-08,1.49062766264920904e-08,1.13694124181572595e-08,1.66124916467915936e-08,19,2,1,5.76460752303767552e+17,19,2,1,5.76460752303767552e+17,16,5,2,3.32306998945331719e+35,5.47445954000000029e+02,0,1.49062766264920904e-08,nan,0.00000000000000000e+00
65,1,3.78827842753028965e-09,1.00000000000000000e+00,4.96226684402838089e-08,2,19,1.57354101205477835e-08,-4.70297604870307308e-08,4.96226684402838089e-08,-6.53913048852266727e-09,-4.92715726401228626e-09,-1.33255213175842825e-08,6.70444989137477963e-09,-2.11694371087685260e-08,5.08180389145610188e-08,4.29182185489090317e-08,2.49577155362988140e-08,2.78738870001433064e-08,19,2,1,5.76460752303767552e+17,19,2,1,5.76460752303767552e+17,16,5,2,3.32306998945331719e+35,5.24389132000000018e+02,0,4.29182185489090317e-08,nan,0.00000000000000000e+00
65,2,2.96335568533015932e-09,1.00000000000000000e+00,6.29775393534595616e-08,2,19,-5.35532101309645722e-08,2.56883546237231052e-08,-2.30929023238242317e-08,6.29775393534595616e-08,2.51316894380937648e-08,8.05702259938118076e-09,-1.15373065260353636e-08,-1.82169871986639274e-08,6.00141836681293973e-08,8.11945265521234923e-08,2.21683337527636072e-08,4.33486766367576956e-08,19,2,1,5.76460752303767552e+17,19,2,1,5.76460752303767552e+17,16,5,2,3.32306998945331719e+35,5.26568912999999952e+02,0,8.11945265521234923e-08,nan,0.00000000000000000e+00
65,3,-1.58592446565689098e-09,1.00000000000000000e+00,2.27650100545433621e-08,2,19,-2.21800467836812510e-08,-7.50682489462255451e-09,-2.27650100545433621e-08,-1.30110680271276082e-09,4.26251933002147443e-09,8.01106203669226917e-09,4.80960806536372400e-09,-1.15580822714453611e-08,2.11790855888864725e-08,2.75746181199070869e-08,9.97215780578846987e-09,1.95691443081376302e-08,19,2,1,5.76460752303767552e+17,19,2,1,5.76460752303767552e+17,16,5,2,3.32306998945331719e+35,5.26651477999999997e+02,0,2.75746181199070869e-08,nan,0.00000000000000000e+00
66,0,-1.20425315239560173e-09,1.00000000000000000e+00,2.86332258248846682e-08,2,19,-2.86332258248846682e-08,-2.58765580507602911e-08,1.04873484540807625e-08,1.49935637642448616e-08,2.10594588830853832e-08,-3.80105587395414885e-09,-1.25585994834832942e-08,3.30163113341674671e-08,2.74289726724890679e-08,4.96926847079700547e-08,3.42205644865630674e-08,4.55749108176507645e-08,19,2,1,5.76460752303767552e+17,19,2,1,5.76460752303767552e+17,16,5,2,3.32306998945331719e+35,5.65520643999999947e+02,0,4.96926847079700547e-08,nan,0.00000000000000000e+00
66,1,1.77056515758116710e-10,1.00000000000000000e+00,1.78150248921641452e-08,2,19,-1.61458337911358013e-08,1.44547501463688806e-08,1.78150248921641452e-08,-7.27065125861465832e-09,4.60102229184645834e-08,1.95336722233053963e-08,1.60082922292690455e-08,9.07825891830313636e-09,1.76379683764060283e-08,6.21560567096003780e-08,4.58331664027064664e-08,3.69319640001614437e-08,19,2,1,5.76460752303767552e+17,19,2,1,5.76460752303767552e+17,16,5,2,3.32306998945331719e+35,5.92831275000000005e+02,0,6.21560567096003780e-08,nan,0.00000000000000000e+00
66,2,2.81380029878500034e-09,1.00000000000000000e+00,4.00118417935543311e-08,2,19,-1.58836911453194764e-08,4.00118417935543311e-08,3.74863599818962668e-09,-3.25687787968055883e-08,-1.43673324587233374e-08,5.99305715712734002e-09,6.35593015076712089e-08,7.64897653863146740e-09,3.71980414947693316e-08,5.98106655094815772e-08,6.07455012088862094e-08,7.79266339663945528e-08,19,2,1,5.76460752303767552e+17,19,2,1,5.76460752303767552e+17,16,5,2,3.32306998945331719e+35,5.78987346000000002e+02,0,5.98106655094815772e-08,nan,0.00000000000000000e+00
66,3,7.86677365517795712e-09,1.00000000000000000e+00,4.48465143966723734e-08,2,19,2.06583830276056558e-08,4.48465143966723734e-08,2.34766872558261435e-09,4.20843753824488276e-08,-4.45608017415018441e-08,-2.41321887619581005e-08,-3.19456399737429098e-08,2.31248686370267530e-09,3.69797407414944163e-08,6.89787031586304706e-08,5.24275753966798012e-08,4.68732886052045227e-08,19,2,1,5.76460752303767552e+17,19,2,1,5.76460752303767552e+17,16,5,2,3.32306998945331719e+35,6.07522132000000056e+02,0,6.89787031586304706e-08,nan,0.00000000000000000e+00
67,0,1.99968216939419953e-08,1.00000000000000000e+00,5.32976756307915280e-08,2,19,2.28089120703065812e-08,-1.86588746993786119e-08,2.03539752309607849e-08,5.32976756307915280e-08,4.49445326111575114e-08,1.73000140093427872e-08,5.22010119741092891e-08,3.55659238686635227e-08,3.86556963933206039e-08,3.59588887087214025e-08,3.22041902801672938e-08,3.49009979647665019e-08,19,2,1,5.76460752303767552e+17,19,2,1,5.76460752303767552e+17,16,5,2,3.32306998945331719e+35,5.39147659999999973e+02,0,3.59588887087214025e-08,nan,0.00000000000000000e+00
67,1,2.44106938941815646e-08,1.00000000000000000e+00,5.65404023274973790e-08,2,19,-1.22869346012731750e-09,5.65404023274973790e-08,3.70840235052768124e-08,4.24055940975351943e-08,1.79641667688126322e-08,-1.21676826500868134e-08,9.19130171290872216e-09,-4.46062472914505692e-08,3.21297084333158144e-08,8.70118413889857635e-08,6.90169411856321272e-08,6.25704140602631947e-08,19,2,1,5.76460752303767552e+17,19,2,1,5.76460752303767552e+17,16,5,2,3.32306998945331719e+35,5.32484320000000025e+02,0,8.70118413889857635e-08,nan,0.00000000000000000e+00
67,2,2.74169477470228337e-08,1.00000000000000000e+00,3.37331479702479504e-08,2,19,1.88262389840179468e-09,-2.71989660932630656e-08,-1.13824986261344942e-08,-3.37331479702479504e-08,6.00740773220257408e-08,5.06711679555047024e-08,3.05888326844922972e-08,1.57393829504466990e-08,6.11500957172707841e-08,7.78701340487677679e-08,3.26571295750029071e-08,4.43346943715790418e-08,19,2,1,5.76460752303767552e+17,19,2,1,5.76460752303767552e+17,16,5,2,3.32306998945331719e+35,5.32290955000000054e+02,0,7.78701340487677679e-08,nan,0.00000000000000000e+00
67,3,3.01336955147952809e-08,1.00000000000000000e+00,7.21946813296081541e-08,2,19,-4.91781956065092710e-08,3.81357555769826800e-08,7.21946813296081541e-08,-1.54077579073193791e-08,1.26127206726739913e-08,-3.65077158092798387e-08,-8.01801982548688795e-09,-5.09354017775734311e-09,7.93118911213045586e-08,8.02127011550950470e-08,6.66414113240751262e-08,4.91204364819538317e-08,19,2,1,5.76460752303767552e+17,19,2,1,5.76460752303767552e+17,16,5,2,3.32306998945331719e+35,5.71218514000000027e+02,0,8.02127011550950470e-08,nan,0.00000000000000000e+00
68,0,7.48893617857943469e-09,1.00000000000000000e+00,1.89354880642567405e-08,2,19,-1.04341923249954305e-08,1.89354880642567405e-08,-1.04864022824609135e-08,6.37009845735837133e-09,-1.81898967964760216e-08,4.02870694204193382e-08,-3.15238170098935991e-08,4.66110937157540168e-08,1.79753384610403466e-08,4.02409952583956438e-08,3.91221575371745821e-08,7.81349107256476159e-08,19,2,1,5.76460752303767552e+17,19,2,1,5.76460752303767552e+17,16,5,2,3.32306998945331719e+35,5.38334205999999995e+02,0,4.02409952583956438e-08,nan,0.00000000000000000e+00
68,1,8.86801303158316819e-09,1.00000000000000000e+00,8.52751978762658021e-08,2,19,-3.59771359168389294e-08,-1.46082873558066216e-08,-3.22194483144610108e-09,8.52751978762658021e-08,-3.21399408300311656e-08,-2.36441071023676681e-08,1.14864968970094929e-08,1.09584613183372684e-08,7.64071848446826389e-08,7.43167365579285304e-08,4.10079538616143355e-08,4.36264377270406586e-08,19,2,1,5.76460752303767552e+17,19,2,1,5.76460752303767552e+17,16,5,2,3.32306998945331719e+35,5.38646226999999953e+02,0,7.43167365579285304e-08,nan,0.00000000000000000e+00
68,2,1.77617928121484185e-08,1.00000000000000000e+00,7.97113600678908294e-08,2,19,-6.39822822393290309e-09,7.97113600678908294e-08,-2.62573756388357083e-08,5.53521540481302197e-08,5.51964286254681642e-08,3.67742580314878461e-08,2.02425851092865514e-08,3.00585222140916715e-08,6.19495672557424076e-08,6.15946568494010656e-08,3.74346358133197424e-08,3.49538435161816095e-08,19,2,1,5.76460752303767552e+17,19,2,1,5.76460752303767552e+17,16,5,2,3.32306998945331719e+35,5.30023879999999963e+02,0,6.15946568494010656e-08,nan,0.00000000000000000e+00
68,3,3.41813685300115868e-10,1.00000000000000000e+00,6.85133391315522883e-08,2,19,2.52989554613858039e-08,6.85133391315522883e-08,-4.01974170593088464e-08,-2.19760475377876333e-08,6.62003295075960737e-08,-3.56791950608600624e-09,8.30995018838956749e-09,-5.41661739283665090e-08,6.81715254462521687e-08,7.20812586376382946e-08,6.58585158222959541e-08,1.20366503435962596e-07,19,2,1,5.76460752303767552e+17,19,2,1,5.76460752303767552e+17,16,5,2,3.32306998945331719e+35,5.67999595999999997e+02,0,7.20812586376382946e-08,nan,0.00000000000000000e+00
69,0,2.88448974293898412e-08,1.00000000000000000e+00,7.11959803603346231e-08,2,19,1.78090945364541337e-08,2.72766811698705328e-08,7.11959803603346231e-08,7.06264706238912469e-08,1.07821819392324488e-07,5.82825507819535649e-09,-7.51929514729167169e-08,1.25674834813466483e-08,4.23510829309447819e-08,1.46388931833251340e-07,1.04037848902306558e-07,1.83014770865241205e-07,19,2,1,5.76460752303767552e+17,19,2,1,5.76460752303767552e+17,16,5,2,3.32306998945331719e+35,5.24353549000000044e+02,0,1.46388931833251340e-07,nan,0.00000000000000000e+00
69,1,7.62963240969557730e-09,1.00000000000000000e+00,5.52129321449610442e-08,2,19,-1.72997698650751843e-09,5.16447092659703440e-08,-3.93377270476743166e-08,5.52129321449610442e-08,-4.85273302561452127e-08,-3.09523245977736325e-08,-2.92141411633523765e-08,-4.50008160787588585e-08,4.75832997352654636e-08,1.00213748223719903e-07,5.61569626658407933e-08,1.93131890927928362e-08,19,2,1,5.76460752303767552e+17,19,2,1,5.76460752303767552e+17,16,5,2,3.32306998945331719e+35,5.77287694999999985e+02,0,1.00213748223719903e-07,nan,0.00000000000000000e+00
69,2,8.58163913753677571e-09,1.00000000000000000e+00,6.33659084171036635e-08,2,19,-6.17935965153846820e-09,-2.54365314582616898e-08,-6.33659084171036635e-08,-5.73330957258070958e-08,-1.13079741332698227e-07,5.26171210373335225e-08,-2.27323081677028954e-08,3.80646159469225601e-08,7.19475475546404442e-08,1.06900381681159759e-07,1.21661380470234995e-07,1.65696862370031750e-07,19,2,1,5.76460752303767552e+17,19,2,1,5.76460752303767552e+17,16,5,2,3.32306998945331719e+35,5.31713065000000029e+02,0,1.06900381681159759e-07,nan,0.00000000000000000e+00
69,3,-4.11614038956834127e-09,1.00000000000000000e+00,3.89034932512329394e-08,2,19,-3.13365006188273132e-08,-3.89034932512329394e-08,2.29949466854083054e-08,-1.54732922562012708e-08,-1.22020970722562185e-08,-1.92894037913889319e-09,4.78885008375620856e-10,1.09074605105964244e-08,3.47873528616645998e-08,3.69745528720940462e-08,1.50236009001647640e-08,2.31095575828526429e-08,19,2,1,5.76460752303767552e+17,19,2,1,5.76460752303767552e+17,16,5,2,3.32306998945331719e+35,6.52935621999999967e+02,0,3.69745528720940462e-08,nan,0.00000000000000000e+00
70,0,-4.40900918340262061e-10,1.00000000000000000e+00,1.21763782611173428e-07,2,19,-1.21763782611173428e-07,-1.55319917538206012e-08,1.02574240127570745e-07,-6.65387505993426505e-08,-2.79195200638952723e-08,-3.82156851717868365e-08,-1.02932983572171441e-08,1.56785621141350860e-08,1.21322881692833166e-07,1.12867538484787892e-07,3.77747842534465744e-08,5.38942472859219225e-08,19,2,1,5.76460752303767552e+17,19,2,1,5.76460752303767552e+17,16,5,2,3.32306998945331719e+35,5.43060891999999967e+02,0,1.12867538484787892e-07,nan,0.00000000000000000e+00
70,1,1.15002760511021039e-08,1.00000000000000000e+00,8.92044263778784636e-08,2,19,1.22537983863349336e-08,-8.92044263778784636e-08,3.58675840461154916e-08,3.01137272395166942e-08,-2.67243006272626205e-08,-1.64736235727706717e-08,-5.05527688930563186e-08,-1.96667804714808452e-08,1.00704702428980569e-07,8.64203529391718102e-08,6.20530449441584242e-08,3.40791453202856502e-08,19,2,1,5.76460752303767552e+17,19,2,1,5.76460752303767552e+17,16,5,2,3.32306998945331719e+35,5.51079365000000053e+02,0,8.64203529391718102e-08,nan,0.00000000000000000e+00
70,2,1.46482303395157154e-08,1.00000000000000000e+00,5.81047661231691666e-08,2,19,2.27788612603925695e-08,-4.23586215258789468e-09,5.81047661231691666e-08,-1.81348780584149199e-08,-1.22535217155125453e-07,3.77742350891389714e-08,4.06211661899886929e-08,7.61526738934381357e-08,4.34565357836534528e-08,1.45314078415518013e-07,1.37183447494641167e-07,1.98687891048563589e-07,19,2,1,5.76460752303767552e+17,19,2,1,5.76460752303767552e+17,16,5,2,3.32306998945331719e+35,5.58705981999999949e+02,0,1.45314078415518013e-07,nan,0.00000000000000000e+00
70,3,6.53304345353818264e-09,1.00000000000000000e+00,6.60591551578259575e-08,2,19,-6.60591551578259575e-08,3.74343606237804057e-08,-4.81284405559014836e-08,-1.33230938079399112e-08,2.89669769662529202e-08,-5.35437979554598260e-08,-8.38933513833509239e-10,-2.88342803071009224e-08,7.25921986113641443e-08,9.50261321240788744e-08,6.00768414089980061e-08,8.25107749217127494e-08,19,2,1,5.76460752303767552e+17,19,2,1,5.76460752303767552e+17,16,5,2,3.32306998945331719e+35,5.59162411000000020e+02,0,9.50261321240788744e-08,nan,0.00000000000000000e+00
71,0,1.75894603451585978e-08,1.00000000000000000e+00,1.56211687933494973e-07,2,19,1.56211687933494973e-07,7.99416410006620457e-08,-6.13035225813308918e-08,1.04143173663154721e-07,6.26705127495228278e-08,-1.42952268327973236e-07,7.50990632991286992e-08,-4.06645805523735435e-08,1.38622227588336365e-07,2.22893909328635282e-07,1.60541728673131844e-07,2.18051331627101936e-07,19,2,1,5.76460752303767552e+17,19,2,1,5.76460752303767552e+17,16,5,2,3.32306998945331719e+35,5.41613069999999993e+02,0,2.22893909328635282e-07,nan,0.00000000000000000e+00
71,1,2.60067874219269807e-08,1.00000000000000000e+00,6.05368240279576243e-08,2,19,3.59359724675467973e-09,3.19973074645812468e-08,-2.01398247787834235e-08,-6.05368240279576243e-08,3.60147425416987711e-08,-3.19696010743918693e-08,1.38647077226270636e-07,1.52340194785628341e-08,8.65436114498846116e-08,1.58786902005054053e-07,1.12640289804343649e-07,1.70616678300662492e-07,19,2,1,5.76460752303767552e+17,19,2,1,5.76460752303767552e+17,16,5,2,3.32306998945331719e+35,5.32475860000000011e+02,0,1.58786902005054053e-07,nan,0.00000000000000000e+00
71,2,2.46166026261792874e-08,1.00000000000000000e+00,7.19529099162114879e-08,2,19,3.91522545380593763e-08,7.19529099162114879e-08,1.14114983314550321e-08,2.62473613525348936e-08,3.55431865637366593e-08,-3.38944599452982417e-08,1.45963577204659409e-07,-5.95973013708566810e-08,4.73363072900322038e-08,1.34552078873204377e-07,1.21346974578480112e-07,2.05560878575516090e-07,19,2,1,5.76460752303767552e+17,19,2,1,5.76460752303767552e+17,16,5,2,3.32306998945331719e+35,5.33692216000000030e+02,0,1.34552078873204377e-07,nan,0.00000000000000000e+00
71,3,1.53963152689262760e-08,1.00000000000000000e+00,1.60583110417671104e-07,2,19,8.30079775118997233e-08,1.60583110417671104e-07,8.47020638143617515e-08,1.07822225733013677e-08,-1.06882423336157826e-07,-2.25354610692473532e-08,-1.85096466002927175e-08,-1.69520800751375494e-07,1.45186795148744821e-07,1.89890400848057550e-07,1.84917116020301776e-07,1.51011154151082783e-07,19,2,1,5.76460752303767552e+17,19,2,1,5.76460752303767552e+17,16,5,2,3.32306998945331719e+35,5.35545498999999950e+02,0,1.89890400848057550e-07,nan,0.00000000000000000e+00
72,0,3.20320979457673358e-08,1.00000000000000000e+00,2.14849645690266555e-07,2,19,7.28593940782054575e-08,-1.31392919215882031e-07,2.14849645690266555e-07,-1.57235832009258247e-07,5.87845615249472916e-09,-3.85525815363513968e-08,9.66325048620637188e-09,5.99842510365369517e-08,1.89267929955025577e-07,2.17220083045795199e-07,7.05846794821187326e-08,9.85368325728883551e-08,19,2,1,5.76460752303767552e+17,19,2,1,5.76460752303767552e+17,16,5,2,3.32306998945331719e+35,5.58824017000000026e+02,0,2.17220083045795199e-07,nan,0.00000000000000000e+00
72,1,-8.69993642892564383e-09,1.00000000000000000e+00,1.14476471640463886e-07,2,19,-1.14476471640463886e-07,-2.35085378171997556e-08,-4.79726134735208531e-08,4.86350727222452492e-08,-1.90364097499185624e-08,-7.06939148862859926e-08,-1.00817971987863554e-07,6.97804492415350921e-09,1.05776535211538235e-07,9.54400618905453168e-08,9.21180355589379036e-08,1.07796016912017063e-07,19,2,1,5.76460752303767552e+17,19,2,1,5.76460752303767552e+17,16,5,2,3.32306998945331719e+35,5.55128072999999972e+02,0,9.54400618905453168e-08,nan,0.00000000000000000e+00
72,2,-4.53825195606525130e-09,1.00000000000000000e+00,1.07228950298716059e-07,2,19,4.18931594309990843e-10,-2.07937610586275383e-08,-1.38457507456615927e-08,-1.07228950298716059e-07,-4.44658567454718404e-08,-1.23484787278365009e-07,-3.50126613675478899e-08,-5.46229315919251392e-08,1.02690698342650813e-07,1.02691026219737464e-07,1.18946535322299762e-07,8.84721259108171254e-08,19,2,1,5.76460752303767552e+17,19,2,1,5.76460752303767552e+17,16,5,2,3.32306998945331719e+35,5.44326848000000041e+02,0,1.02691026219737464e-07,nan,0.00000000000000000e+00
72,3,1.64409392086293544e-09,1.00000000000000000e+00,1.95591301219698563e-07,2,19,2.20764829934840108e-08,-1.95591301219698563e-07,-1.22520065431469437e-07,8.85139005854115374e-08,-4.09055133331883270e-08,9.49352744409192526e-08,1.61347837628279913e-09,5.08989870541684887e-09,1.97235395140561500e-07,2.90526575660617789e-07,9.32911805200563151e-08,1.35840787774107566e-07,19,2,1,5.76460752303767552e+17,19,2,1,5.76460752303767552e+17,16,5,2,3.32306998945331719e+35,5.56864554999999996e+02,0,2.90526575660617789e-07,nan,0.00000000000000000e+00
73,0,1.43258040215768962e-08,1.00000000000000000e+00,1.48194607624033116e-07,2,19,1.48194607624033116e-07,-1.34554629131546315e-07,-7.59306500153281673e-08,-2.76215698440589938e-08,-1.29552860817512993e-07,6.54596141725885030e-08,6.38131838970662496e-08,1.27428828089873002e-08,1.48880433153123204e-07,2.77747468441546135e-07,1.43878664839089882e-07,1.95012474990101496e-07,19,2,1,5.76460752303767552e+17,19,2,1,5.76460752303767552e+17,16,5,2,3.32306998945331719e+35,5.62147708999999963e+02,0,2.77747468441546135e-07,nan,0.00000000000000000e+00
73,1,-3.29523402362613965e-08,1.00000000000000000e+00,1.19845038812679307e-07,2,19,-2.67246270229556050e-08,-1.19845038812679307e-07,3.75733140288240175e-09,-1.36650585189909525e-08,-1.78741107057583884e-07,-6.23049025459798912e-08,-2.15980014472435700e-08,-1.65381619037698749e-08,8.68926985764179104e-08,1.52016480034628292e-07,1.45788766821322487e-07,1.62202945153814009e-07,19,2,1,5.76460752303767552e+17,19,2,1,5.76460752303767552e+17,16,5,2,3.32306998945331719e+35,5.52360369999999989e+02,0,1.52016480034628292e-07,nan,0.00000000000000000e+00
73,2,-2.59199024063591381e-08,1.00000000000000000e+00,1.16027968936094149e-07,2,19,-4.28578095479271652e-08,1.52335394700125453e-09,-7.42715055011939702e-08,1.16027968936094149e-07,9.51612769605438155e-08,-6.72838622141550203e-08,-1.29571170844425777e-07,-5.61013378824622431e-08,1.41947871342453280e-07,1.72129306818556405e-07,1.21081179366902947e-07,2.24732447804969593e-07,19,2,1,5.76460752303767552e+17,19,2,1,5.76460752303767552e+17,16,5,2,3.32306998945331719e+35,5.61860401000000024e+02,0,1.72129306818556405e-07,nan,0.00000000000000000e+00
73,3,-2.45518261883960138e-08,1.00000000000000000e+00,7.44634556629225864e-08,2,19,-1.83659448758333372e-08,1.63294065089589441e-08,1.13627085119460087e-08,7.44634556629225864e-08,1.55196780201048226e-07,-6.74698289124330289e-08,-5.28007880496523660e-08,-1.03701680890259422e-07,9.90152818513185936e-08,1.78165136553182022e-07,1.79748606389444233e-07,2.58898461091307662e-07,19,2,1,5.76460752303767552e+17,19,2,1,5.76460752303767552e+17,16,5,2,3.32306998945331719e+35,5.72702249000000052e+02,0,1.78165136553182022e-07,nan,0.00000000000000000e+00
74,0,-2.47375366883482867e-08,1.00000000000000000e+00,3.32271767227199225e-07,2,19,-6.02463470202344627e-08,2.85168213868503057e-08,-3.32271767227199225e-07,1.07773926636863525e-07,-6.94065217043327146e-08,2.27849977634318187e-08,-1.95374448546086386e-08,1.64782993416873011e-07,3.07534230538850961e-07,3.12734322372590606e-07,1.89520530105221301e-07,2.34189515121205725e-07,19,2,1,5.76460752303767552e+17,19,2,1,5.76460752303767552e+17,16,5,2,3.32306998945331719e+35,5.15584615999999983e+02,0,3.12734322372590606e-07,nan,0.00000000000000000e+00
74,1,-2.07945658978198373e-08,1.00000000000000000e+00,2.15232079979735084e-07,2,19,-7.31342665988601126e-08,-4.48003247371276181e-08,-2.03666734024498292e-07,-2.15232079979735084e-07,-9.64338171695395336e-09,3.15913140751525307e-07,-9.76498036229789065e-09,-1.21387408528463510e-07,1.94437514081915254e-07,3.60713465488652912e-07,3.36707706649345137e-07,4.37300549279988816e-07,19,2,1,5.76460752303767552e+17,19,2,1,5.76460752303767552e+17,16,5,2,3.32306998945331719e+35,5.50827205000000049e+02,0,3.60713465488652912e-07,nan,0.00000000000000000e+00
74,2,-1.41673371099199043e-08,1.00000000000000000e+00,1.24273379146456777e-07,2,19,-3.96925581718027148e-08,-1.24273379146456777e-07,7.43688731847132010e-08,-1.11993684622577483e-07,-2.70793678069711294e-07,-9.48722570848118043e-09,1.24520562879154296e-07,-2.72215462401533204e-07,1.10106042036536872e-07,2.31101119897908586e-07,2.58048125291613313e-07,3.96736025280687526e-07,19,2,1,5.76460752303767552e+17,19,2,1,5.76460752303767552e+17,16,5,2,3.32306998945331719e+35,5.15762223999999946e+02,0,2.31101119897908586e-07,nan,0.00000000000000000e+00
74,3,5.44584802432734454e-09,1.00000000000000000e+00,1.03616645218445036e-07,2,19,3.90438863095670293e-08,6.10516329504693267e-08,-1.03616645218445036e-07,-5.81270864370422821e-08,9.13329696300575513e-08,4.39053476749783838e-08,-1.07759655505471013e-07,2.10536082939652009e-07,1.09062493242772377e-07,2.68663169376694272e-07,2.05090234915324655e-07,3.18295738445122996e-07,19,2,1,5.76460752303767552e+17,19,2,1,5.76460752303767552e+17,16,5,2,3.32306998945331719e+35,5.24605538000000024e+02,0,2.68663169376694272e-07,nan,0.00000000000000000e+00
75,0,-6.31217481668757560e-09,1.00000000000000000e+00,1.89073203800068210e-07,2,19,-4.57368479998281175e-09,1.89073203800068210e-07,-1.79480179243721426e-07,1.18669218633568163e-07,1.57424278089151220e-07,-8.38002530884904855e-08,-2.42818638565143859e-07,-3.07076627589159498e-07,1.95385378616755785e-07,4.25745846222727661e-07,3.00764452772471923e-07,4.64500905678310718e-07,19,2,1,5.76460752303767552e+17,19,2,1,5.76460752303767552e+17,16,5,2,3.32306998945331719e+35,5.28249967999999967e+02,0,4.25745846222727661e-07,nan,0.00000000000000000e+00
75,1,-3.51565483264064259e-08,1.00000000000000000e+00,2.73850696861494570e-07,2,19,-1.18951162344384005e-07,7.77695510233291932e-08,-2.73850696861494570e-07,-9.93649682770149585e-08,1.42735286047183486e-08,-1.72914727612053857e-07,-1.45255973876727297e-07,1.39532802841434145e-07,2.38694148535088170e-07,2.50684278635383051e-07,1.74689351167840571e-07,3.12447530453488002e-07,19,2,1,5.76460752303767552e+17,19,2,1,5.76460752303767552e+17,16,5,2,3.32306998945331719e+35,5.56575059000000010e+02,0,2.50684278635383051e-07,nan,0.00000000000000000e+00
75,2,-2.44560910596291475e-08,1.00000000000000000e+00,1.91575513779175869e-07,2,19,1.67078665246999637e-07,1.77692219790157333e-07,1.72756437243998229e-07,-1.91575513779175869e-07,1.58540075655438379e-08,-1.24027848640886947e-07,-3.03527363241406596e-07,-9.80218592095166375e-08,2.02148310849786470e-07,4.76283800485404824e-07,2.79071272181777432e-07,3.19381370806950433e-07,19,2,1,5.76460752303767552e+17,19,2,1,5.76460752303767552e+17,16,5,2,3.32306998945331719e+35,5.33642801999999961e+02,0,4.76283800485404824e-07,nan,0.00000000000000000e+00
75,3,-4.09243673267814705e-08,1.00000000000000000e+00,1.17150766629611051e-07,2,19,6.05908116734100849e-08,-1.17150766629611051e-07,7.02559867089001835e-08,2.85310703420038809e-08,3.46785607731969076e-08,7.85785246546770842e-08,-2.14610371930667217e-07,2.04207228680855926e-08,1.11180354035681654e-07,2.84866358639567427e-07,1.73686004603885759e-07,2.93188896585344301e-07,19,2,1,5.76460752303767552e+17,19,2,1,5.76460752303767552e+17,16,5,2,3.32306998945331719e+35,5.26010425000000055e+02,0,2.84866358639567427e-07,nan,0.00000000000000000e+00
76,0,2.35185463644704897e-08,1.00000000000000000e+00,9.23931445522270393e-08,2,19,-5.43926009244023471e-08,-9.23931445522270393e-08,-2.22232768268518961e-08,4.91455467280666566e-09,-4.36759339983095859e-08,1.95765103731843331e-07,1.49808377863460627e-07,-2.43203155363293507e-09,1.15911690916697529e-07,2.88158248284070397e-07,1.72246557367372829e-07,2.39441037730152917e-07,19,2,1,5.76460752303767552e+17,19,2,1,5.76460752303767552e+17,16,5,2,3.32306998945331719e+35,5.65415890999999988e+02,0,2.88158248284070397e-07,nan,0.00000000000000000e+00
76,1,-2.03381707755309037e-08,1.00000000000000000e+00,3.58992657789781054e-07,2,19,-1.27725724003249185e-07,-8.19612886333480423e-08,3.58992657789781054e-07,3.11941099249486953e-09,-2.14695145971463041e-07,-2.16396417258951979e-07,-2.52565473137958090e-07,1.12344160815951869e-07,3.79330828565311942e-07,6.11558130927739144e-07,2.32227302362427176e-07,3.64909633953909972e-07,19,2,1,5.76460752303767552e+17,19,2,1,5.76460752303767552e+17,16,5,2,3.32306998945331719e+35,5.63323706000000016e+02,0,6.11558130927739144e-07,nan,0.00000000000000000e+00
76,2,-1.57969235493351920e-08,1.00000000000000000e+00,1.86737474035281449e-07,2,19,3.14474736076862374e-08,-1.86737474035281449e-07,-9.82298134489983052e-08,-6.11864257634552361e-08,-1.74153615782079435e-07,-1.60153743619792523e-07,-1.72231949879372113e-07,-5.07280460633529665e-07,1.70940550485946247e-07,4.46094034870074429e-07,4.91483537084194516e-07,3.47126717013737142e-07,19,2,1,5.76460752303767552e+17,19,2,1,5.76460752303767552e+17,16,5,2,3.32306998945331719e+35,5.71856542999999988e+02,0,4.46094034870074429e-07,nan,0.00000000000000000e+00
76,3,6.37975776998260614e-09,1.00000000000000000e+00,3.40489626358993124e-07,2,19,3.40489626358993124e-07,1.59999741957414433e-07,-3.12764505632779444e-07,1.39930121658112650e-07,-3.31309855839453190e-07,1.23569290892290612e-08,-2.49301962165770448e-07,-3.24160960511643847e-08,3.34109868589010528e-07,6.71799482198446367e-07,3.37689613609435786e-07,3.43666784928682252e-07,19,2,1,5.76460752303767552e+17,19,2,1,5.76460752303767552e+17,16,5,2,3.32306998945331719e+35,5.54425502000000051e+02,0,6.71799482198446367e-07,nan,0.00000000000000000e+00
77,0,1.36835188788717632e-08,1.00000000000000000e+00,2.29158559213016910e-07,2,19,2.29158559213016910e-07,4.04753667367015136e-08,-8.83465941475389647e-08,-1.49546593219481339e-07,-2.24396719782217332e-07,-2.93509959676497153e-08,2.56341328653103673e-07,-8.56002892911354562e-08,2.15475040334145156e-07,4.53555278995234242e-07,2.42657809774231918e-07,4.80738048435321005e-07,19,2,1,5.76460752303767552e+17,19,2,1,5.76460752303767552e+17,16,5,2,3.32306998945331719e+35,5.32396829000000025e+02,0,4.53555278995234242e-07,nan,0.00000000000000000e+00
77,1,6.95691245140059486e-08,1.00000000000000000e+00,1.86818666816944199e-07,2,19,1.86818666816944199e-07,-3.16972593498846100e-08,6.95680868725920330e-08,-1.56925840181408213e-07,-8.24305730378666128e-08,8.52758809314534424e-09,-2.12924563341206959e-07,2.69063078543316430e-08,2.26494964695414175e-07,2.82492650213799018e-07,2.82493687855212921e-07,2.39830871195538595e-07,19,2,1,5.76460752303767552e+17,19,2,1,5.76460752303767552e+17,16,5,2,3.32306998945331719e+35,5.41009340999999949e+02,0,2.82492650213799018e-07,nan,0.00000000000000000e+00
77,2,-2.42761229253968168e-08,1.00000000000000000e+00,4.75990370800377613e-07,2,19,4.30587176488997328e-08,-4.75990370800377613e-07,-3.63789133616581417e-07,2.55464042009954156e-07,4.17248025580913952e-08,-5.12731060469802794e-07,1.40180970484826307e-07,-3.98619381849126425e-07,4.51714247874980813e-07,6.54083423859080635e-07,4.88454937544405941e-07,6.52912030954629154e-07,19,2,1,5.76460752303767552e+17,19,2,1,5.76460752303767552e+17,16,5,2,3.32306998945331719e+35,5.35832204000000047e+02,0,6.54083423859080635e-07,nan,0.00000000000000000e+00
77,3,-3.72142532916800598e-08,1.00000000000000000e+00,4.18573599136404122e-07,2,19,-7.41343212749451679e-08,-2.23561851297154341e-07,4.18573599136404122e-07,7.61908313127506298e-08,2.68247850838347967e-07,-3.63027404054618744e-07,-1.37332644546929606e-07,-1.09051891927249341e-07,4.55787852428084175e-07,5.55906243683333702e-07,3.25813150762938691e-07,6.31275254892966712e-07,19,2,1,5.76460752303767552e+17,19,2,1,5.76460752303767552e+17,16,5,2,3.32306998945331719e+35,5.57230080000000044e+02,0,5.55906243683333702e-07,nan,0.00000000000000000e+00
78,0,-2.96799584875090434e-09,1.00000000000000000e+00,3.41179899825077211e-07,2,19,-1.73613694567736734e-07,-3.41179899825077211e-07,-1.13936447279252881e-07,2.35405832911014252e-07,-3.82909839251295833e-08,1.86684438194295680e-07,1.47944605328215012e-07,6.34814971683882978e-08,3.38211903976326310e-07,5.27864338019372891e-07,1.89652434043046581e-07,2.24975422119425250e-07,19,2,1,5.76460752303767552e+17,19,2,1,5.76460752303767552e+17,16,5,2,3.32306998945331719e+35,5.50072936000000027e+02,0,5.27864338019372891e-07,nan,0.00000000000000000e+00
78,1,-3.90489083562027900e-11,1.00000000000000000e+00,4.53329771180353392e-07,2,19,-3.44833312384386723e-07,7.02047578789588144e-09,-4.33396561380567955e-07,-4.53329771180353392e-07,-2.51196096918504303e-08,5.16652922944430376e-07,-2.35340811863571483e-08,-3.51393244887842029e-07,4.53290722271997185e-07,5.09632447156534469e-07,5.16691971852786583e-07,8.68046167832272405e-07,19,2,1,5.76460752303767552e+17,19,2,1,5.76460752303767552e+17,16,5,2,3.32306998945331719e+35,5.59697902999999997e+02,0,5.09632447156534469e-07,nan,0.00000000000000000e+00
78,2,5.54363003435691404e-08,1.00000000000000000e+00,3.72726842181437695e-07,2,19,1.20833018172274583e-07,-3.72726842181437695e-07,-2.94073087600718215e-07,3.16409147325575737e-08,2.72953060933029028e-07,-5.26020440831283060e-07,2.94384456396895800e-07,6.56335745592034032e-08,4.28163142525006856e-07,5.88457543997614015e-07,5.81456741174852221e-07,8.20404897228178914e-07,19,2,1,5.76460752303767552e+17,19,2,1,5.76460752303767552e+17,16,5,2,3.32306998945331719e+35,5.59262138000000050e+02,0,5.88457543997614015e-07,nan,0.00000000000000000e+00
78,3,6.42362342989281796e-08,1.00000000000000000e+00,1.98947235635174119e-07,2,19,9.14934543552577577e-08,1.98947235635174119e-07,-1.43690940264528661e-07,-9.37912977415122706e-09,-1.13423733753727882e-08,4.71640652563441938e-08,-1.11169528841805977e-07,-2.09569777822121260e-07,2.07927174563456854e-07,2.00190648047970033e-07,2.73806012121049453e-07,2.56733843078465440e-07,19,2,1,5.76460752303767552e+17,19,2,1,5.76460752303767552e+17,16,5,2,3.32306998945331719e+35,5.63874917999999980e+02,0,2.00190648047970033e-07,nan,0.00000000000000000e+00
79,0,-7.59928318575992399e-08,1.00000000000000000e+00,3.01159641438405036e-07,2,19,1.76151826977607846e-07,3.01159641438405036e-07,2.44766747960652140e-07,4.57845555207085113e-08,-2.35794077279172995e-07,1.89795783134703935e-07,-1.26097791990522001e-07,-4.73084909869209770e-07,3.77152473296004276e-07,5.18869465389918281e-07,3.97092078011610530e-07,6.62880693003913706e-07,19,2,1,5.76460752303767552e+17,19,2,1,5.76460752303767552e+17,16,5,2,3.32306998945331719e+35,5.27079838999999993e+02,0,5.18869465389918281e-07,nan,0.00000000000000000e+00
79,1,-4.59737799574307988e-08,1.00000000000000000e+00,3.43160213212511820e-07,2,19,2.22453546865861069e-07,-1.29888737797094536e-07,-3.23680078108057862e-08,3.43160213212511820e-07,-1.54847874517560693e-07,-4.25208693039028582e-07,4.11719850229729174e-07,3.01036583215210525e-07,3.89133993169942626e-07,4.44087858040534987e-07,4.57693630187159980e-07,8.36928543268757704e-07,19,2,1,5.76460752303767552e+17,19,2,1,5.76460752303767552e+17,16,5,2,3.32306998945331719e+35,5.29712578000000008e+02,0,4.44087858040534987e-07,nan,0.00000000000000000e+00
79,2,-3.30823134484794563e-08,1.00000000000000000e+00,7.04496965304121347e-07,2,19,5.64104770467305927e-07,-2.47875831600637718e-07,7.04496965304121347e-07,-2.47630864161656859e-08,-3.01610538742728097e-07,-1.91114248519297080e-07,-3.19188212864730762e-07,3.75979814951846044e-07,7.37579278752600784e-07,1.02368517816885206e-06,4.09062128400325481e-07,6.95168027816576806e-07,19,2,1,5.76460752303767552e+17,19,2,1,5.76460752303767552e+17,16,5,2,3.32306998945331719e+35,5.65069170999999983e+02,0,1.02368517816885206e-06,nan,0.00000000000000000e+00
79,3,-1.04687456928481402e-07,1.00000000000000000e+00,5.20057262881144744e-07,2,19,1.82960464609532831e-07,-5.54361921186221228e-08,-5.20057262881144744e-07,-2.99262867213095455e-08,2.67588457667030601e-07,1.80227533898552526e-07,-3.82752096506155750e-07,-2.61907602908699464e-07,4.15369805952663330e-07,2.35663726017174649e-07,3.72275914595512016e-07,6.50340554173186352e-07,19,2,1,5.76460752303767552e+17,19,2,1,5.76460752303767552e+17,16,5,2,3.32306998945331719e+35,5.24889209000000051e+02,0,2.35663726017174649e-07,nan,0.00000000000000000e+00
80,0,-5.38404673707941364e-08,1.00000000000000000e+00,8.93023770335143200e-07,2,19,-1.47172884835699216e-07,9.95153483385333071e-08,-8.93023770335143200e-07,-1.09851867343297706e-07,-3.76545992411608447e-07,-1.04682158988490548e-07,-2.94008633683478338e-08,3.43414080574170607e-07,8.39183302964349063e-07,8.63622906966795313e-07,3.97254547944964743e-07,7.19960072985779054e-07,19,2,1,5.76460752303767552e+17,19,2,1,5.76460752303767552e+17,16,5,2,3.32306998945331719e+35,5.51652713999999946e+02,0,8.63622906966795313e-07,nan,0.00000000000000000e+00
80,1,-5.40664739741069454e-08,1.00000000000000000e+00,9.13259740090882688e-07,2,19,6.55597865314950254e-07,2.14662545140198298e-08,9.13259740090882688e-07,-3.19259073764184946e-08,-1.71130322499786630e-07,1.91681911272779209e-07,-6.68340262165434864e-08,-3.09809485462957429e-07,9.67326214064989712e-07,9.80093766307426148e-07,2.55743011488850457e-07,5.01491396735736637e-07,19,2,1,5.76460752303767552e+17,19,2,1,5.76460752303767552e+17,16,5,2,3.32306998945331719e+35,5.54897157999999990e+02,0,9.80093766307426148e-07,nan,0.00000000000000000e+00
80,2,1.69444818283219800e-09,1.00000000000000000e+00,1.03153852407675514e-06,2,19,1.03153852407675514e-06,3.35644535323340156e-07,-3.25192616787744217e-07,7.70185225577371253e-09,8.82620869632704257e-08,3.22276985181710080e-07,-2.67966637126899737e-07,3.59344680786316537e-07,1.02984407589392297e-06,9.43276437113484739e-07,3.57650232603484317e-07,6.27311317913216274e-07,19,2,1,5.76460752303767552e+17,19,2,1,5.76460752303767552e+17,16,5,2,3.32306998945331719e+35,5.56018641000000002e+02,0,9.43276437113484739e-07,nan,0.00000000000000000e+00
80,3,1.25672311936833794e-08,1.00000000000000000e+00,5.23401973850645753e-07,2,19,5.04497658355246544e-08,-1.34702917808705529e-08,5.23401973850645753e-07,2.48263191935213109e-07,6.76304365662435397e-07,3.32416145286421015e-07,-2.11869821093026522e-07,2.66075852549850113e-07,5.10834742656962326e-07,7.35271794943672248e-07,6.63737134468751970e-07,8.88174186755461892e-07,19,2,1,5.76460752303767552e+17,19,2,1,5.76460752303767552e+17,16,5,2,3.32306998945331719e+35,5.65296385999999984e+02,0,7.35271794943672248e-07,nan,0.00000000000000000e+00
81,0,7.77531465606750051e-08,1.00000000000000000e+00,3.85586780522245965e-07,2,19,3.79361662909913759e-08,1.17547290999772953e-07,2.37841281451794833e-07,3.85586780522245965e-07,1.00093978781876961e-06,3.13845017734365705e-07,-2.54746868988934626e-07,3.40410108225886518e-07,3.07833633961570934e-07,9.63003621527778222e-07,9.23186641258094580e-07,1.25568665680770434e-06,19,2,1,5.76460752303767552e+17,19,2,1,5.76460752303767552e+17,16,5,2,3.32306998945331719e+35,5.60016422000000034e+02,0,9.63003621527778222e-07,nan,0.00000000000000000e+00
81,1,3.93557891501869362e-07,1.00000000000000000e+00,6.16612850045210148e-07,2,19,-1.10236599949644912e-07,6.16612850045210148e-07,-2.25995039059579651e-07,4.03205817917846055e-07,3.20823809452222351e-07,4.04206679529083210e-07,-4.40615777751011299e-07,6.39618591908278806e-07,6.19552930561449013e-07,4.31060409401867262e-07,8.34173669252880713e-07,1.08023436965929010e-06,19,2,1,5.76460752303767552e+17,19,2,1,5.76460752303767552e+17,16,5,2,3.32306998945331719e+35,5.91712417999999957e+02,0,4.31060409401867262e-07,nan,0.00000000000000000e+00
81,2,3.55517585507172436e-07,1.00000000000000000e+00,4.72211324271179825e-07,2,19,1.07612799639902843e-07,4.72211324271179825e-07,3.13851001561297817e-07,1.15017214849128651e-07,1.18864097569618572e-06,1.09026262336630025e-06,-5.75856241682284343e-07,4.27573205928530158e-07,2.47904785867269606e-07,1.08102817605628284e-06,9.31373827189456832e-07,1.76449721737847017e-06,19,2,1,5.76460752303767552e+17,19,2,1,5.76460752303767552e+17,16,5,2,3.32306998945331719e+35,8.23366577000000007e+02,0,1.08102817605628284e-06,nan,0.00000000000000000e+00
81,3,3.56523074488693805e-07,1.00000000000000000e+00,1.02965383451334527e-06,2,19,7.02997170884959469e-07,1.02965383451334527e-06,6.05820579747357489e-07,4.68206257895727505e-07,-4.42493381398407846e-07,5.39245099609730815e-07,4.08830546383122648e-07,-5.12664345673424464e-08,6.73130760024651462e-07,1.14549055228336737e-06,7.99016455887101598e-07,9.81738481008138713e-07,19,2,1,5.76460752303767552e+17,19,2,1,5.76460752303767552e+17,16,5,2,3.32306998945331719e+35,7.04091336999999953e+02,0,1.14549055228336737e-06,nan,0.00000000000000000e+00
82,0,3.22836423533369704e-07,1.00000000000000000e+00,7.54981499663534892e-07,2,19,2.71391567429613116e-07,4.40147593950075866e-07,-1.20574969833344100e-07,7.54981499663534892e-07,4.45874992865907764e-07,1.48118103761473573e-07,8.50296987266945517e-07,2.28133900235061812e-07,4.43411393366713804e-07,9.70871957100289670e-07,5.27460563733575866e-07,7.02178883505471970e-07,19,2,1,5.76460752303767552e+17,19,2,1,5.76460752303767552e+17,16,5,2,3.32306998945331719e+35,5.99961330999999973e+02,0,9.70871957100289670e-07,nan,0.00000000000000000e+00
82,1,2.49316719270216025e-07,1.00000000000000000e+00,1.19433987942429879e-06,2,19,-3.27318276644595344e-07,1.66179003044019514e-07,5.00129670718567205e-07,-1.19433987942429879e-06,2.00017932589321455e-07,-1.52182620015213484e-07,4.29171154961657126e-07,-5.00788794529062330e-07,1.44365659869451486e-06,6.93551084895236455e-07,7.50105513799278302e-07,9.29959949490719509e-07,19,2,1,5.76460752303767552e+17,19,2,1,5.76460752303767552e+17,16,5,2,3.32306998945331719e+35,6.62608253999999988e+02,0,6.93551084895236455e-07,nan,0.00000000000000000e+00
82,2,3.72618183633838391e-07,1.00000000000000000e+00,1.79778878074603584e-06,2,19,-2.28767127119187710e-07,6.60619477561564319e-07,2.63453660439983888e-07,1.79778878074603584e-06,4.92965450819752040e-07,7.36727437597092663e-07,-4.63612596246281024e-08,3.60959610726376213e-07,1.42517059711219745e-06,1.43682917001965973e-06,4.18979443258466494e-07,7.83088697221720765e-07,19,2,1,5.76460752303767552e+17,19,2,1,5.76460752303767552e+17,16,5,2,3.32306998945331719e+35,5.75725028999999950e+02,0,1.43682917001965973e-06,nan,0.00000000000000000e+00
82,3,2.25100986394462159e-07,1.00000000000000000e+00,9.59119118841673087e-07,2,19,9.59119118841673087e-07,5.04135809316707476e-07,8.99003487233023356e-07,-6.10225430253071340e-08,-1.14419577283730668e-07,2.73666066351367754e-07,-5.15091170407468691e-07,-5.18636075270232356e-08,7.34018132447210954e-07,1.41409465764049215e-06,7.40192156801930823e-07,7.88757236758836445e-07,19,2,1,5.76460752303767552e+17,19,2,1,5.76460752303767552e+17,16,5,2,3.32306998945331719e+35,5.55173981000000026e+02,0,1.41409465764049215e-06,nan,0.00000000000000000e+00
83,0,4.49515446874030814e-08,1.00000000000000000e+00,7.41599075566901949e-07,2,19,4.66862849914966205e-07,7.41599075566901949e-07,-6.40885721957617604e-07,-2.00496842370370829e-07,-4.82566078883937352e-07,6.53832072881230286e-07,-9.19929398153141961e-08,-4.15336991722002628e-08,6.96647530879498841e-07,9.49428928798903557e-07,6.08880528193827178e-07,1.13639815176516764e-06,19,2,1,5.76460752303767552e+17,19,2,1,5.76460752303767552e+17,16,5,2,3.32306998945331719e+35,6.02202738999999951e+02,0,9.49428928798903557e-07,nan,0.00000000000000000e+00
83,1,2.88335688393051109e-07,1.00000000000000000e+00,1.30556069690527174e-06,2,19,5.44588972294241522e-07,2.67754229387306226e-07,1.30556069690527174e-06,9.72478006516827850e-08,3.75257078746638501e-07,1.24172896446385826e-06,1.39046582169863041e-07,6.25114789423122311e-07,1.01722500851222058e-06,1.16651411473540875e-06,9.53393276070807099e-07,1.10268238229399527e-06,19,2,1,5.76460752303767552e+17,19,2,1,5.76460752303767552e+17,16,5,2,3.32306998945331719e+35,5.74081946000000016e+02,0,1.16651411473540875e-06,nan,0.00000000000000000e+00
83,2,9.98275631358502695e-08,1.00000000000000000e+00,1.55277476151310928e-06,2,19,1.55277476151310928e-06,9.13645270347703769e-07,2.58374438376200216e-07,-2.74469563917881746e-08,-8.89114761428441399e-09,1.38264503105992778e-07,3.33512632442145420e-07,2.58949397575385625e-07,1.45294719837725894e-06,1.56166590912739367e-06,2.33685069306295137e-07,3.42403780056429807e-07,19,2,1,5.76460752303767552e+17,19,2,1,5.76460752303767552e+17,16,5,2,3.32306998945331719e+35,5.59564032999999995e+02,0,1.56166590912739367e-06,nan,0.00000000000000000e+00
83,3,1.31780447196089305e-07,1.00000000000000000e+00,1.15582738186645724e-06,2,19,-1.15582738186645724e-06,7.80176395177343911e-07,1.64513675073880886e-07,1.87464799304007910e-07,-4.71012473111420254e-07,3.97675190436414582e-07,-3.77375499945564729e-07,1.30975117228782058e-07,1.28760782906254649e-06,6.84814908755036982e-07,6.02792920307509506e-07,8.68687663547834836e-07,19,2,1,5.76460752303767552e+17,19,2,1,5.76460752303767552e+17,16,5,2,3.32306998945331719e+35,5.60181647999999996e+02,0,6.84814908755036982e-07,nan,0.00000000000000000e+00
84,0,3.93407111672680191e-07,1.00000000000000000e+00,4.62202911903751300e-07,2,19,2.14285700827737816e-08,4.62202911903751300e-07,-4.26204112896794047e-07,2.09553986015674372e-08,-1.22702151662312146e-06,-1.45670731237158622e-07,9.21241083764776963e-08,-3.26775573500881710e-07,8.19611224569474238e-07,1.24845008670589522e-06,1.62042862829580155e-06,1.31914562499959916e-06,19,2,1,5.76460752303767552e+17,19,2,1,5.76460752303767552e+17,16,5,2,3.32306998945331719e+35,5.85745735999999965e+02,0,1.24845008670589522e-06,nan,0.00000000000000000e+00
84,1,2.41748019778576662e-07,1.00000000000000000e+00,8.92758626164752038e-07,2,19,6.92196245875397912e-08,-2.56511161462985444e-07,8.92758626164752038e-07,-5.71903681571101818e-08,4.91030340237837520e-07,-2.01601105033533442e-07,-9.38560864996222679e-07,8.78782638066778885e-07,6.51010606386175376e-07,1.83131949116097461e-06,1.18030888477479924e-06,1.81734350306300156e-06,19,2,1,5.76460752303767552e+17,19,2,1,5.76460752303767552e+17,16,5,2,3.32306998945331719e+35,5.48766414000000054e+02,0,1.83131949116097461e-06,nan,0.00000000000000000e+00
84,2,1.75181451663135749e-07,1.00000000000000000e+00,5.62190071364002430e-07,2,19,-2.21610586186325165e-07,-5.62190071364002430e-07,2.19422520693260599e-08,4.13938798999208604e-07,-1.84931456745017189e-07,-2.32361232133015543e-06,-6.81997774334852206e-07,7.62141718530261901e-08,7.37371523027138152e-07,1.76142224996615300e-06,2.49879377299329137e-06,2.39982649318318162e-06,19,2,1,5.76460752303767552e+17,19,2,1,5.76460752303767552e+17,16,5,2,3.32306998945331719e+35,5.52143707999999947e+02,0,1.76142224996615300e-06,nan,0.00000000000000000e+00
84,3,1.96473236473358775e-07,1.00000000000000000e+00,1.08858279249953417e-06,2,19,-1.03642684525763821e-06,3.61089585271358270e-07,4.39737744234712315e-08,-1.08858279249953417e-06,4.17308418874227259e-07,-1.04954615476587512e-06,-3.31203627118866545e-07,2.50330146417196595e-08,1.28505602897289287e-06,1.45373526413186542e-06,1.24601939123923381e-06,1.46685457364010232e-06,19,2,1,5.76460752303767552e+17,19,2,1,5.76460752303767552e+17,16,5,2,3.32306998945331719e+35,5.41408415999999988e+02,0,1.45373526413186542e-06,nan,0.00000000000000000e+00
85,0,-1.67407428604628505e-07,1.00000000000000000e+00,1.50549763588816659e-06,2,19,-1.00944644269776048e-06,3.46014142082568563e-07,8.42766492735122850e-07,-1.50549763588816659e-06,-1.21204229884359306e-06,-1.14627997556820816e-06,-3.16126401301706869e-07,-1.14038969438696765e-06,1.33809020728353803e-06,1.49229411765077672e-06,1.04463487023896450e-06,8.95915897541886189e-07,19,2,1,5.76460752303767552e+17,19,2,1,5.76460752303767552e+17,16,5,2,3.32306998945331719e+35,5.59460758000000055e+02,0,1.49229411765077672e-06,nan,0.00000000000000000e+00
85,1,-5.99694463646516567e-08,1.00000000000000000e+00,1.27531281995114781e-06,2,19,-1.08622422451057692e-06,-9.92534110061518826e-07,-1.27531281995114781e-06,-1.11178459110515723e-06,-8.11921430977629896e-07,7.73640642035296429e-07,9.38237349653782521e-07,9.34470974442000071e-07,1.21534337358649613e-06,2.21355016960493044e-06,9.98206796018434098e-07,1.75015878063141242e-06,19,2,1,5.76460752303767552e+17,19,2,1,5.76460752303767552e+17,16,5,2,3.32306998945331719e+35,5.67983843999999976e+02,0,2.21355016960493044e-06,nan,0.00000000000000000e+00
85,2,-2.38034036283584114e-07,1.00000000000000000e+00,6.95082308053556526e-07,2,19,-1.22277362297676117e-07,-5.24330348708762418e-07,-5.46652029663663909e-07,-6.95082308053556526e-07,-1.71605054032743214e-07,-2.38608454210723580e-07,-7.37109643734600377e-07,-4.50130070002889293e-07,4.57048271769972439e-07,2.85721894498038838e-07,4.99075607451016290e-07,5.65504589701857163e-07,19,2,1,5.76460752303767552e+17,19,2,1,5.76460752303767552e+17,16,5,2,3.32306998945331719e+35,5.61325767000000042e+02,0,2.85721894498038838e-07,nan,0.00000000000000000e+00
85,3,1.17950504678574978e-07,1.00000000000000000e+00,1.90730195155516966e-06,2,19,-1.53864418592545354e-07,-1.90730195155516966e-06,4.21028080117811406e-07,1.31777596841938695e-06,-1.93335709251423686e-07,1.02899339621423696e-07,-1.33043542948231547e-06,2.82604940257823941e-07,2.02525245623374448e-06,2.01020129117659320e-06,1.44838593416089050e-06,1.61304036974013936e-06,19,2,1,5.76460752303767552e+17,19,2,1,5.76460752303767552e+17,16,5,2,3.32306998945331719e+35,5.59223350999999980e+02,0,2.01020129117659320e-06,nan,0.00000000000000000e+00
86,0,2.86173184134630471e-07,1.00000000000000000e+00,6.99744586536418981e-07,2,19,4.46551102129714479e-07,6.99744586536418981e-07,4.95934855401124844e-07,4.96614537837624468e-07,-1.33569921510638076e-06,-1.72539359681115696e-07,-2.95090674302666035e-07,-5.35030496163394608e-07,4.13571402401788511e-07,1.78225031723609513e-06,1.62187239924101118e-06,1.16315985542526507e-06,19,2,1,5.76460752303767552e+17,19,2,1,5.76460752303767552e+17,16,5,2,3.32306998945331719e+35,5.52706664000000046e+02,0,1.78225031723609513e-06,nan,0.00000000000000000e+00
86,1,4.44862887940626030e-07,1.00000000000000000e+00,1.89046960482199678e-06,2,19,-2.04283713511701281e-07,4.80970251341426390e-07,-1.89046960482199678e-06,1.33586161560211589e-06,2.27722807561337835e-06,1.52874417666266270e-06,1.29590321193336112e-06,4.15734227734495579e-07,2.33533249276262275e-06,3.18637281675535790e-06,1.83236518767275237e-06,1.86149384787888277e-06,19,2,1,5.76460752303767552e+17,19,2,1,5.76460752303767552e+17,16,5,2,3.32306998945331719e+35,5.67296906000000035e+02,0,3.18637281675535790e-06,nan,0.00000000000000000e+00
86,2,3.47172056442055111e-07,1.00000000000000000e+00,2.56938962693701175e-06,2,19,-2.89582437195866075e-07,4.18476359872692116e-07,2.56938962693701175e-06,-1.19667091470404369e-06,5.56865172194167473e-07,1.26785925299777280e-06,1.35729427780120095e-07,2.24803003592144152e-06,2.22221757049495658e-06,3.44470095062548521e-06,1.90085797947938636e-06,2.11230060814132127e-06,19,2,1,5.76460752303767552e+17,19,2,1,5.76460752303767552e+17,16,5,2,3.32306998945331719e+35,5.61743026999999984e+02,0,3.44470095062548521e-06,nan,0.00000000000000000e+00
86,3,2.28971637306490111e-07,1.00000000000000000e+00,2.70849122022920066e-06,2,19,2.70849122022920066e-06,4.51619675016053659e-07,-4.77598218973233851e-07,6.72325082679166197e-07,8.43965848953684751e-07,4.91506717032681907e-07,-8.28163130551475250e-08,1.55902492912213403e-06,2.47951958292271050e-06,1.86452537127551602e-06,1.33005329181564387e-06,1.64184124217728145e-06,19,2,1,5.76460752303767552e+17,19,2,1,5.76460752303767552e+17,16,5,2,3.32306998945331719e+35,5.61365542000000005e+02,0,1.86452537127551602e-06,nan,0.00000000000000000e+00
87,0,-2.44674604180500397e-07,1.00000000000000000e+00,2.66387495964681419e-06,2,19,-2.66387495964681419e-06,-1.83388436594913823e-07,4.22497553856284978e-07,-3.44672480222428706e-07,1.48381635247359064e-06,-1.86054715539093268e-06,1.16172822325036666e-06,-6.88663962471469443e-07,2.41920035546631385e-06,4.14769131212040483e-06,1.72849095665409098e-06,3.34436350786452331e-06,19,2,1,5.76460752303767552e+17,19,2,1,5.76460752303767552e+17,16,5,2,3.32306998945331719e+35,5.34730253999999945e+02,0,4.14769131212040483e-06,nan,0.00000000000000000e+00
87,1,-2.41251862407703478e-07,1.00000000000000000e+00,2.06000769546935222e-06,2,19,2.06000769546935222e-06,-4.86378048398106019e-07,-4.10019935370921753e-07,1.77672173003060385e-06,3.43895862655853085e-07,1.72762159583750517e-06,-7.97471314725643817e-07,-1.01461564659743182e-06,2.30125955787705564e-06,2.79133737662803588e-06,1.96887345824520881e-06,2.74223724243493699e-06,19,2,1,5.76460752303767552e+17,19,2,1,5.76460752303767552e+17,16,5,2,3.32306998945331719e+35,5.28906196000000023e+02,0,2.79133737662803588e-06,nan,0.00000000000000000e+00
87,2,2.97262517612781884e-07,1.00000000000000000e+00,2.18163189866196248e-06,2,19,1.63718369893665721e-06,9.48202340542036287e-07,2.18163189866196248e-06,-5.86404318739835531e-07,-8.59716598862909593e-07,-2.63575954237260282e-06,1.34360339295083531e-06,2.30426025870810869e-06,1.88436938104918054e-06,3.58396188291463922e-06,2.93302205998538455e-06,4.94001980108071151e-06,19,2,1,5.76460752303767552e+17,19,2,1,5.76460752303767552e+17,16,5,2,3.32306998945331719e+35,5.35128377999999998e+02,0,3.58396188291463922e-06,nan,0.00000000000000000e+00
87,3,1.90118050906363216e-07,1.00000000000000000e+00,1.65734537313142748e-06,2,19,1.65734537313142748e-06,1.01884460545386843e-06,1.26521413155259677e-06,8.86186931232124516e-07,-7.61182183995572955e-07,-1.48125151460700138e-09,-2.53728920941096257e-07,1.54030344097440222e-07,1.46722732222506419e-06,2.41852755712700044e-06,9.51300234901936144e-07,9.15212528093013177e-07,19,2,1,5.76460752303767552e+17,19,2,1,5.76460752303767552e+17,16,5,2,3.32306998945331719e+35,5.35457796000000030e+02,0,2.41852755712700044e-06,nan,0.00000000000000000e+00
88,0,-4.08229830986029852e-08,1.00000000000000000e+00,2.73387108901154065e-06,2,19,-5.13249373278320384e-07,2.73387108901154065e-06,4.84946032284184653e-07,4.89607970093682317e-07,-4.08902625759066625e-07,-1.32992517525817661e-06,-7.49102637974719658e-07,8.48194825712610360e-07,2.77469407211014348e-06,4.06379626426971727e-06,1.28910219215957358e-06,2.17812000097078708e-06,19,2,1,5.76460752303767552e+17,19,2,1,5.76460752303767552e+17,16,5,2,3.32306998945331719e+35,5.37727041999999983e+02,0,4.06379626426971727e-06,nan,0.00000000000000000e+00
88,1,2.52486340723060534e-07,1.00000000000000000e+00,3.45664743918480131e-06,2,19,-4.02655907375554301e-07,-3.45664743918480131e-06,-2.83886030324281908e-06,-9.20964514315404761e-07,4.56581857793047662e-07,2.15145348134233661e-06,-1.20916690348930098e-06,9.35706941806786256e-07,3.70913377990786179e-06,5.60810092052713792e-06,1.89896714061927613e-06,3.36062038483163759e-06,19,2,1,5.76460752303767552e+17,19,2,1,5.76460752303767552e+17,16,5,2,3.32306998945331719e+35,5.39592827000000057e+02,0,5.60810092052713792e-06,nan,0.00000000000000000e+00
88,2,4.73711790827395289e-07,1.00000000000000000e+00,2.57920107470040741e-06,2,19,-2.44304235276282818e-06,2.57920107470040741e-06,2.03047653265438152e-06,3.05870489581413896e-07,1.36362188586869120e-06,2.13059584129844871e-06,-2.40737354106091403e-06,1.75715228637519241e-06,2.91675414359022353e-06,4.43785007371529555e-06,2.88108533188830937e-06,4.53796938235936273e-06,19,2,1,5.76460752303767552e+17,19,2,1,5.76460752303767552e+17,16,5,2,3.32306998945331719e+35,5.60413919999999962e+02,0,4.43785007371529555e-06,nan,0.00000000000000000e+00
88,3,1.78028493535119417e-07,1.00000000000000000e+00,3.15070115138494493e-06,2,19,-1.52015896279569478e-06,-3.15070115138494493e-06,7.07882979272916150e-07,1.45505599213185262e-06,2.71125677017948530e-06,-9.03285502014467984e-07,1.15783388104110072e-06,9.43767722015325349e-07,3.32872964492006451e-06,4.23141573297518029e-06,2.53322827664436573e-06,3.61454227219395350e-06,19,2,1,5.76460752303767552e+17,19,2,1,5.76460752303767552e+17,16,5,2,3.32306998945331719e+35,5.50598456000000056e+02,0,4.23141573297518029e-06,nan,0.00000000000000000e+00
89,0,-6.97256572470969685e-07,1.00000000000000000e+00,3.24145461980898426e-06,2,19,-1.77378613960758253e-06,1.16575985891294121e-06,3.55849002788366525e-07,-3.24145461980898426e-06,5.19096314455883726e-07,7.83849679104411549e-07,2.47846567241349444e-06,-2.06730456500665729e-07,2.54419804733801479e-06,3.03472416330831874e-06,3.17572224488446391e-06,2.68519612891415996e-06,19,2,1,5.76460752303767552e+17,19,2,1,5.76460752303767552e+17,16,5,2,3.32306998945331719e+35,5.55498325000000023e+02,0,3.03472416330831874e-06,nan,0.00000000000000000e+00
89,1,-7.26684088890326229e-07,1.00000000000000000e+00,3.01289698687545076e-06,2,19,2.23139204901742494e-06,-6.20173359752291924e-07,-1.86431720430759136e-07,-3.01289698687545076e-06,1.58092983985565670e-06,5.53646823217626164e-07,1.43271580697997690e-06,-1.37169939413757303e-06,2.95807613790775107e-06,1.64119759273787772e-06,2.30761392874598304e-06,2.95262923399322995e-06,19,2,1,5.76460752303767552e+17,19,2,1,5.76460752303767552e+17,16,5,2,3.32306998945331719e+35,5.64747040999999967e+02,0,1.64119759273787772e-06,nan,0.00000000000000000e+00
89,2,-1.05827160524909747e-06,1.00000000000000000e+00,2.04849065600184139e-06,2,19,8.50215960819382095e-07,-8.84696649497113255e-07,-8.91690003381529921e-07,-2.04849065600184139e-06,1.37010989338708009e-07,-1.61804770417033922e-06,-3.94271897162407509e-06,2.74093057111174728e-07,1.90848756606847967e-06,3.05102896824254506e-06,2.88444736637497762e-06,4.21681202873525003e-06,19,2,1,5.76460752303767552e+17,19,2,1,5.76460752303767552e+17,16,5,2,3.32306998945331719e+35,5.54120920999999953e+02,0,3.05102896824254506e-06,nan,0.00000000000000000e+00
89,3,-1.02289840736103808e-06,1.00000000000000000e+00,3.80315855065686564e-06,2,19,4.85407813209194279e-07,-3.35971622969790485e-06,4.44758921579295385e-07,-3.80315855065686564e-06,-1.12331981343578880e-06,-2.87593948547208730e-06,-1.62111447969699518e-06,-1.87837646456341778e-06,2.78026014329582735e-06,2.06587340127629067e-06,1.85304107811104922e-06,1.75261967203629849e-06,19,2,1,5.76460752303767552e+17,19,2,1,5.76460752303767552e+17,16,5,2,3.32306998945331719e+35,5.53366085999999996e+02,0,2.06587340127629067e-06,nan,0.00000000000000000e+00
90,0,-6.31169579636271947e-07,1.00000000000000000e+00,2.52180918335086741e-06,2,19,1.21198539185913879e-06,-9.53054214152609675e-07,-4.66928955327479806e-07,2.52180918335086741e-06,9.41650269323071854e-07,1.64360243306411580e-06,3.71397635784303541e-07,-4.17688631782081559e-06,3.15297876298713936e-06,6.69869550117168300e-06,3.54571673818454364e-06,5.82048875088493139e-06,19,2,1,5.76460752303767552e+17,19,2,1,5.76460752303767552e+17,16,5,2,3.32306998945331719e+35,5.47470720000000028e+02,0,6.69869550117168300e-06,nan,0.00000000000000000e+00
90,1,-4.26373637000954802e-07,1.00000000000000000e+00,2.56713513300335533e-06,2,19,-1.01761031886607611e-06,2.56713513300335533e-06,-2.14739207243627492e-06,7.01801316599027107e-07,-1.12552751756171799e-06,5.70824195185956402e-06,4.40643981488659412e-06,9.36746660817513983e-07,2.99350877000431019e-06,6.55383188732286862e-06,6.13461558886051845e-06,6.83376946942128180e-06,19,2,1,5.76460752303767552e+17,19,2,1,5.76460752303767552e+17,16,5,2,3.32306998945331719e+35,5.47864341999999965e+02,0,6.55383188732286862e-06,nan,0.00000000000000000e+00
90,2,-3.68374809950746451e-07,1.00000000000000000e+00,3.43748198152646558e-06,2,19,-3.13809889434612358e-06,-2.42365030612906805e-06,-3.43748198152646558e-06,-1.22887183931467678e-06,1.85470104187052813e-07,1.40995168643680697e-06,8.63244452622035528e-07,2.01524222213844229e-06,3.06910717157571923e-06,4.30072643414850111e-06,2.38361703208918864e-06,1.82977211795138953e-06,19,2,1,5.76460752303767552e+17,19,2,1,5.76460752303767552e+17,16,5,2,3.32306998945331719e+35,5.39804650000000038e+02,0,4.30072643414850111e-06,nan,0.00000000000000000e+00
90,3,-2.50217090310763159e-07,1.00000000000000000e+00,4.65860980084637114e-06,2,19,-8.40432262913494079e-07,4.65860980084637114e-06,8.40298708243102478e-07,3.78474856489384204e-06,-2.15247652910142798e-06,3.25137482468844472e-06,-3.22292058012475334e-06,2.66654510353669070e-06,4.90882689115713451e-06,4.06321928836785624e-06,3.50159191499920809e-06,6.47429540481319806e-06,19,2,1,5.76460752303767552e+17,19,2,1,5.76460752303767552e+17,16,5,2,3.32306998945331719e+35,5.47906946999999946e+02,0,4.06321928836785624e-06,nan,0.00000000000000000e+00
91,0,-1.39868578505394927e-06,1.00000000000000000e+00,6.05703762563321324e-06,2,19,-1.15847414420737529e-06,3.89684067667438674e-06,-2.71545147763242925e-06,-6.05703762563321324e-06,2.37904242140068305e-06,5.37267549390214024e-06,6.56399243169150873e-07,-2.71688908302715173e-06,5.29552646172833622e-06,3.53751656560805813e-06,6.77136127895608973e-06,8.08956457692929155e-06,19,2,1,5.76460752303767552e+17,19,2,1,5.76460752303767552e+17,16,5,2,3.32306998945331719e+35,5.21278456000000006e+02,0,3.53751656560805813e-06,nan,0.00000000000000000e+00
91,1,-5.12176540444987349e-07,1.00000000000000000e+00,5.05257045519429813e-06,2,19,-2.24135354355860804e-06,-4.96921015949485010e-06,3.58466569803377082e-08,-5.05257045519429813e-06,9.00584738349439435e-07,1.13691574707612806e-07,5.15576292300881943e-06,-3.25942883010973084e-06,4.54039391474931110e-06,5.11991626602848172e-06,5.66793946345380646e-06,8.41519175311855112e-06,19,2,1,5.76460752303767552e+17,19,2,1,5.76460752303767552e+17,16,5,2,3.32306998945331719e+35,5.24880755000000022e+02,0,5.11991626602848172e-06,nan,0.00000000000000000e+00
91,2,-6.20421566440374291e-08,1.00000000000000000e+00,4.93177647671462704e-06,2,19,-4.93177647671462704e-06,-3.23759033681510639e-06,2.72355892669908164e-06,-4.29221280871972818e-06,1.30447781550857505e-07,5.01695342853374048e-06,6.02416129444561117e-07,-4.36082954094221810e-06,4.86973432007058932e-06,8.25454376534884688e-06,5.07899558517777820e-06,9.37778296947595858e-06,19,2,1,5.76460752303767552e+17,19,2,1,5.76460752303767552e+17,16,5,2,3.32306998945331719e+35,5.43538647999999966e+02,0,8.25454376534884688e-06,nan,0.00000000000000000e+00
91,3,-4.19144189030932037e-07,1.00000000000000000e+00,4.01950732054199742e-06,2,19,4.01950732054199742e-06,1.69002398754203417e-06,2.09024111691683522e-06,2.49430556205407802e-07,5.98600118124894033e-07,1.08222488575989099e-07,1.27236068008982273e-06,-2.69175987930047863e-06,4.43865150957292941e-06,3.42090720241710339e-06,2.27261569026954665e-06,3.96412055939030137e-06,19,2,1,5.76460752303767552e+17,19,2,1,5.76460752303767552e+17,16,5,2,3.32306998945331719e+35,5.55812995000000001e+02,0,3.42090720241710339e-06,nan,0.00000000000000000e+00
92,0,-8.94197650531497715e-07,1.00000000000000000e+00,5.37492960653565349e-06,2,19,-1.08697060557035972e-06,-1.54514105298779890e-06,-5.37492960653565349e-06,-3.17686130981882693e-06,6.14865980652967828e-07,2.71110850532682683e-06,-1.66649713357250865e-06,2.92439040219888590e-08,4.48073195600415599e-06,4.25624955831462573e-06,3.60530615585832433e-06,4.37760563889933526e-06,19,2,1,5.76460752303767552e+17,19,2,1,5.76460752303767552e+17,16,5,2,3.32306998945331719e+35,5.42877565000000004e+02,0,4.25624955831462573e-06,nan,0.00000000000000000e+00
92,1,3.23042835554190549e-08,1.00000000000000000e+00,6.48812981415639079e-06,2,19,6.48812981415639079e-06,5.39470067951816290e-06,6.36554377966505720e-06,1.54111496930849569e-06,-9.41141764806651249e-07,-1.82160232218197001e-06,-1.24491684588981123e-06,-2.03790368657404739e-06,6.45582553060097173e-06,7.61046062555486843e-06,2.07020797012946645e-06,1.09676192176739625e-06,19,2,1,5.76460752303767552e+17,19,2,1,5.76460752303767552e+17,16,5,2,3.32306998945331719e+35,5.63850091000000020e+02,0,7.61046062555486843e-06,nan,0.00000000000000000e+00
92,2,4.23275787804530190e-07,1.00000000000000000e+00,4.36976488532846377e-06,2,19,1.07381503734629376e-06,4.36976488532846377e-06,-2.37994213780836731e-06,-9.45695565450266631e-07,-2.14919337294222991e-06,3.38524199308352928e-06,1.35065840870825416e-07,-2.36849626540567305e-06,3.94648909752393390e-06,3.22300841028852368e-06,2.96196620527899899e-06,5.75373825848920233e-06,19,2,1,5.76460752303767552e+17,19,2,1,5.76460752303767552e+17,16,5,2,3.32306998945331719e+35,5.58818413999999962e+02,0,3.22300841028852368e-06,nan,0.00000000000000000e+00
92,3,8.22069759685745408e-07,1.00000000000000000e+00,8.00807947029190269e-06,2,19,1.16802739838408259e-06,4.57426573748535336e-06,-6.20492588121210981e-07,-8.00807947029190269e-06,-9.09186094743240358e-07,-1.64575373641245981e-07,6.24046293057933052e-06,4.32688748739700800e-07,8.83014922997764725e-06,8.44076821903160338e-06,5.41839317089358511e-06,7.14964902532257088e-06,19,2,1,5.76460752303767552e+17,19,2,1,5.76460752303767552e+17,16,5,2,3.32306998945331719e+35,5.56662787999999978e+02,0,8.44076821903160338e-06,nan,0.00000000000000000e+00
93,0,1.98164510956831618e-06,1.00000000000000000e+00,4.05208833570302661e-06,2,19,-2.02777390053426737e-06,-4.05208833570302661e-06,-3.72391404563955525e-06,3.23166405292186699e-06,-1.00322180987273553e-06,4.42607119814669741e-06,7.44807222822508836e-06,-2.75463887225976916e-06,6.03373344527134237e-06,1.11719862738646432e-05,5.46642711865677261e-06,1.02027111004848567e-05,19,2,1,5.76460752303767552e+17,19,2,1,5.76460752303767552e+17,16,5,2,3.32306998945331719e+35,5.10920513000000028e+02,0,1.11719862738646432e-05,nan,0.00000000000000000e+00
93,1,2.00345488504097320e-06,1.00000000000000000e+00,5.03175403807777390e-06,2,19,1.89847860393489706e-06,8.70569554945718284e-07,4.72099720404962831e-06,-5.03175403807777390e-06,2.31372023161892844e-06,2.88112102793671762e-06,5.55826605898990381e-06,4.32405161124161842e-06,7.03520892311874753e-06,9.35580564931939232e-06,3.55481117394893061e-06,3.24454582737097537e-06,19,2,1,5.76460752303767552e+17,19,2,1,5.76460752303767552e+17,16,5,2,3.32306998945331719e+35,5.31545209000000000e+02,0,9.35580564931939232e-06,nan,0.00000000000000000e+00
93,2,1.12947467646783851e-06,1.00000000000000000e+00,4.16334646188131777e-06,2,19,-7.82761625464243903e-07,-4.16334646188131777e-06,2.30241456144631093e-06,-4.10300623113056821e-06,-1.05541049260695589e-06,8.36287265248956865e-07,2.10986093862267243e-06,1.17825338446330934e-06,5.29282113834915607e-06,5.28125961559387712e-06,2.18488516907479462e-06,3.16527143122962833e-06,19,2,1,5.76460752303767552e+17,19,2,1,5.76460752303767552e+17,16,5,2,3.32306998945331719e+35,5.18393747999999960e+02,0,5.28125961559387712e-06,nan,0.00000000000000000e+00
93,3,7.20208492195911730e-07,1.00000000000000000e+00,4.84364092333932986e-06,2,19,-9.62599226333377611e-07,-3.59505019592327816e-06,-4.84364092333932986e-06,5.23163531580201771e-07,-4.51054840833102101e-06,4.50115578024691973e-06,6.23347818947762164e-07,3.29059779227547875e-06,5.56384941553524117e-06,8.09620597617019704e-06,5.23075690052693231e-06,9.01170418857794158e-06,19,2,1,5.76460752303767552e+17,19,2,1,5.76460752303767552e+17,16,5,2,3.32306998945331719e+35,5.31225758000000042e+02,0,8.09620597617019704e-06,nan,0.00000000000000000e+00
94,0,4.58401404439490019e-07,1.00000000000000000e+00,1.02991545825065589e-05,2,19,-6.87872831895047972e-06,-1.60869245050097497e-07,-3.32437189716757859e-06,1.02991545825065589e-05,-4.43598277107817843e-07,-3.04494784131208089e-06,-5.11498124584978728e-06,-3.20307491476091906e-06,9.84075317806706813e-06,1.35022294972674784e-05,5.57338265028927724e-06,4.67138296874196943e-06,19,2,1,5.76460752303767552e+17,19,2,1,5.76460752303767552e+17,16,5,2,3.32306998945331719e+35,5.59670843999999988e+02,0,1.35022294972674784e-05,nan,0.00000000000000000e+00
94,1,3.89997826486698276e-07,1.00000000000000000e+00,7.12364363800797225e-06,2,19,4.02011722562753280e-06,7.12364363800797225e-06,-2.82071441751092312e-06,7.28524061051346954e-07,1.87782887510664639e-06,-1.59378635578325141e-06,-8.43910397807631687e-06,-2.99583226835638607e-06,6.73364581152127387e-06,8.71742999379122409e-06,8.82910180456301440e-06,1.03169328531829624e-05,19,2,1,5.76460752303767552e+17,19,2,1,5.76460752303767552e+17,16,5,2,3.32306998945331719e+35,5.65814765999999963e+02,0,8.71742999379122409e-06,nan,0.00000000000000000e+00
94,2,5.16502579109090628e-07,1.00000000000000000e+00,2.40458384677896440e-06,2,19,-3.45098195364158314e-07,-1.57778074784103669e-06,-7.29743603225484262e-07,-2.40458384677896440e-06,-8.83791252274411295e-07,7.24760755090038029e-06,-4.63350566116688484e-06,3.79791247513628350e-06,2.92108642588805482e-06,8.82538829874141634e-06,6.73110497179128987e-06,1.18811132120672643e-05,19,2,1,5.76460752303767552e+17,19,2,1,5.76460752303767552e+17,16,5,2,3.32306998945331719e+35,5.62652043000000049e+02,0,8.82538829874141634e-06,nan,0.00000000000000000e+00
94,3,-3.19447644202727842e-09,1.00000000000000000e+00,6.74466307586718807e-06,2,19,6.74466307586718807e-06,-4.59952258740200316e-06,-1.35282771770927961e-07,-6.46328986777866066e-06,4.94715457522136159e-07,-3.96808427283450690e-06,2.12692421610102783e-06,-1.41489715426383599e-06,6.74785755230921571e-06,6.24994761834505223e-06,3.96488979639247926e-06,6.09500848893553472e-06,19,2,1,5.76460752303767552e+17,19,2,1,5.76460752303767552e+17,16,5,2,3.32306998945331719e+35,5.81364893000000052e+02,0,6.24994761834505223e-06,nan,0.00000000000000000e+00
95,0,-6.84494887089893863e-07,1.00000000000000000e+00,3.51326132856222934e-06,2,19,2.36622207680111903e-06,2.96544756790572035e-07,-3.51326132856222934e-06,-3.44354562583079486e-06,-6.03439881465363195e-06,-2.37907324263599420e-06,-6.82348151186655741e-06,-4.49130858904470155e-06,3.05071696389101268e-06,8.40062089145475013e-06,6.13898662477666376e-06,4.44440826923056363e-06,19,2,1,5.76460752303767552e+17,19,2,1,5.76460752303767552e+17,16,5,2,3.32306998945331719e+35,5.48249925999999959e+02,0,8.40062089145475013e-06,nan,0.00000000000000000e+00
95,1,-1.52273431285061420e-06,1.00000000000000000e+00,4.62193005037825708e-06,2,19,-4.62193005037825708e-06,-3.53644836739493329e-07,5.81843184518664568e-08,2.99196580841967514e-06,7.91765351131259586e-06,-1.83388200328117001e-06,-2.55925759100181371e-06,-7.35153910283760019e-07,4.51470012127028913e-06,1.25395835616908521e-05,9.44038782416320985e-06,1.04769111023144087e-05,19,2,1,5.76460752303767552e+17,19,2,1,5.76460752303767552e+17,16,5,2,3.32306998945331719e+35,5.45283841000000052e+02,0,1.25395835616908521e-05,nan,0.00000000000000000e+00
95,2,-3.28325980096061906e-06,1.00000000000000000e+00,1.00702029889394713e-05,2,19,-5.56050638159569172e-06,5.76685761103930770e-07,-1.00702029889394713e-05,-7.35698147076668081e-06,-5.00822105579898967e-06,4.53904355373594203e-06,-5.39406205564601323e-06,-8.30830177042674282e-06,6.78694318797885271e-06,4.67614093329345810e-06,7.82230335469656066e-06,1.28473453241626848e-05,19,2,1,5.76460752303767552e+17,19,2,1,5.76460752303767552e+17,16,5,2,3.32306998945331719e+35,5.51654096999999979e+02,0,4.67614093329345810e-06,nan,0.00000000000000000e+00
95,3,-3.86067425878312574e-06,1.00000000000000000e+00,1.68071200468204696e-05,2,19,-1.68071200468204696e-05,-5.16937911278489593e-06,-4.23109668223961255e-06,-6.74019031335550839e-06,-2.91068482767707034e-06,-6.66402432193062206e-06,-4.55533728694892950e-06,-8.55068308238516152e-06,1.29464457880373447e-05,1.38964352191433989e-05,4.69000882360203578e-06,5.63999825470809076e-06,19,2,1,5.76460752303767552e+17,19,2,1,5.76460752303767552e+17,16,5,2,3.32306998945331719e+35,5.49226918999999953e+02,0,1.38964352191433989e-05,nan,0.00000000000000000e+00
96,0,-4.15006366443680959e-06,1.00000000000000000e+00,9.12176116660487683e-06,2,19,-7.09407557323819730e-06,-8.93484546381190887e-06,2.22036871575413341e-06,9.12176116660487683e-06,6.01419865091219088e-06,2.21227219469386622e-06,-6.60814346874321298e-06,-1.40380632481464122e-07,1.32718248310416864e-05,1.31082742241503882e-05,1.01642623153490005e-05,1.26223421196554039e-05,19,2,1,5.76460752303767552e+17,19,2,1,5.76460752303767552e+17,16,5,2,3.32306998945331719e+35,6.23095779999999991e+02,0,1.31082742241503882e-05,nan,0.00000000000000000e+00
96,1,-4.52137311159937237e-06,1.00000000000000000e+00,5.00899657462234844e-06,2,19,4.51464343708191641e-06,1.20525489158127517e-06,-2.80229115637681652e-06,-5.00899657462234844e-06,-3.17032817547812234e-06,2.46853146735735904e-06,-2.21251757517364462e-06,1.58595658316737995e-08,9.03601654868128878e-06,7.68497161256003875e-06,6.98990457895673141e-06,5.63885964283548138e-06,19,2,1,5.76460752303767552e+17,19,2,1,5.76460752303767552e+17,16,5,2,3.32306998945331719e+35,5.64851719000000003e+02,0,7.68497161256003875e-06,nan,0.00000000000000000e+00
96,2,-4.24516792737241057e-06,1.00000000000000000e+00,1.09772054095789235e-05,2,19,-1.41320338546237472e-06,-5.42894461269682972e-06,-8.96886207278247407e-06,-1.09772054095789235e-05,-4.53935194360695412e-06,-5.95301930988317760e-06,-4.31524447895640224e-08,-2.98639799978597707e-06,6.73203748220651288e-06,8.92570962799291005e-06,4.20201548258284655e-06,5.90986686509361358e-06,19,2,1,5.76460752303767552e+17,19,2,1,5.76460752303767552e+17,16,5,2,3.32306998945331719e+35,5.50653290999999967e+02,0,8.92570962799291005e-06,nan,0.00000000000000000e+00
96,3,-4.30914326204817117e-06,1.00000000000000000e+00,7.65598001015865537e-06,2,19,-5.68945362586196204e-06,3.75638413060563107e-06,3.07229935453973129e-06,-7.65598001015865537e-06,-3.84117419266904183e-06,6.05259730736772660e-06,2.23330179275883904e-06,7.34774753804078574e-07,8.06552739265380139e-06,8.39075476396273395e-06,1.03617405694158986e-05,9.89377150003676842e-06,19,2,1,5.76460752303767552e+17,19,2,1,5.76460752303767552e+17,16,5,2,3.32306998945331719e+35,5.74823082999999997e+02,0,8.39075476396273395e-06,nan,0.00000000000000000e+00
97,0,-6.86709162143976920e-06,1.00000000000000000e+00,1.14711746567443615e-05,2,19,-5.95550129722214533e-06,-1.14711746567443615e-05,-8.62447594974539415e-08,1.78561447624177698e-06,-4.74353418897880620e-06,-3.72737363678885339e-06,1.13382358941304034e-05,-4.79965454423247353e-06,8.65270609768154617e-06,1.14244806536278569e-05,1.82053275155701717e-05,1.61378904383628769e-05,19,2,1,5.76460752303767552e+17,19,2,1,5.76460752303767552e+17,16,5,2,3.32306998945331719e+35,5.53709523999999988e+02,0,1.14244806536278569e-05,nan,0.00000000000000000e+00
97,1,-3.21870631743490243e-06,1.00000000000000000e+00,9.04154595115828684e-06,2,19,1.75527899756009280e-06,-9.04154595115828684e-06,-2.89941157507911446e-06,7.95932688564756281e-06,7.07093593601552977e-06,6.46991781466987952e-06,-1.11768073656514012e-05,5.55257777474534077e-06,1.11780332030824652e-05,1.55114637658281672e-05,1.02896422534504322e-05,1.82477433016669309e-05,19,2,1,5.76460752303767552e+17,19,2,1,5.76460752303767552e+17,16,5,2,3.32306998945331719e+35,5.80291077999999970e+02,0,1.55114637658281672e-05,nan,0.00000000000000000e+00
97,2,-2.83442397759592957e-06,1.00000000000000000e+00,1.37695034514551260e-05,2,19,-5.94671049793301995e-06,1.38571118672863029e-06,-6.46178642680530748e-06,1.37695034514551260e-05,2.87604967780859943e-06,-8.23793531148906858e-06,-5.71179702175993698e-06,3.43563457274161824e-06,1.66039274290510539e-05,1.03338688787135078e-05,6.27005855033754782e-06,1.16735698842306868e-05,19,2,1,5.76460752303767552e+17,19,2,1,5.76460752303767552e+17,16,5,2,3.32306998945331719e+35,5.60064749000000006e+02,0,1.03338688787135078e-05,nan,0.00000000000000000e+00
97,3,-8.94035254545249104e-07,1.00000000000000000e+00,1.41304367330545282e-05,2,19,9.27673755973441148e-06,1.41304367330545282e-05,8.06944592724192662e-07,-4.91570228915670146e-06,-6.27485080347478505e-06,-1.32652631659173646e-06,-6.03354075091841044e-06,6.48837459683880081e-07,1.50244719875997781e-05,1.55515883632091974e-05,5.38081554892953594e-06,6.92368826315866513e-06,19,2,1,5.76460752303767552e+17,19,2,1,5.76460752303767552e+17,16,5,2,3.32306998945331719e+35,5.66494260000000054e+02,0,1.55515883632091974e-05,nan,0.00000000000000000e+00
98,0,2.29403528355057921e-06,1.00000000000000000e+00,8.41294091487534453e-06,2,19,8.41294091487534453e-06,-7.51227967795126197e-06,3.63249512804219247e-06,-2.82917026558361669e-06,2.27337309468132549e-06,-7.21925973419773932e-06,6.47966514182884001e-06,-6.07366746761609006e-06,9.80631496150184160e-06,6.13956782019401904e-06,9.51329501774831895e-06,1.36989248760265793e-05,19,2,1,5.76460752303767552e+17,19,2,1,5.76460752303767552e+17,16,5,2,3.32306998945331719e+35,5.61169057999999950e+02,0,6.13956782019401904e-06,nan,0.00000000000000000e+00
98,1,-2.99708369406575432e-06,1.00000000000000000e+00,8.74754194610516593e-06,2,19,8.74754194610516593e-06,5.18730700412016589e-06,3.05875188831859049e-06,8.86094070752743102e-07,4.61567467100017262e-06,-3.88546436742411906e-06,5.17995090932875728e-06,2.48529700931088756e-06,1.17446256401709211e-05,9.07277137154428494e-06,8.17703460339451075e-06,9.06541527675287633e-06,19,2,1,5.76460752303767552e+17,19,2,1,5.76460752303767552e+17,16,5,2,3.32306998945331719e+35,5.72367100000000050e+02,0,9.07277137154428494e-06,nan,0.00000000000000000e+00
98,2,-1.18912623071833417e-06,1.00000000000000000e+00,1.50076702585834784e-05,2,19,9.51712219820037428e-06,-7.16365978043680718e-06,1.50076702585834784e-05,5.61108310915251334e-06,-8.53712994450217975e-06,5.86236846471076984e-06,5.69870227102962037e-06,2.90665406097851179e-06,1.61967964893018122e-05,1.80542521427025540e-05,7.34800371378384600e-06,1.43994984092129496e-05,19,2,1,5.76460752303767552e+17,19,2,1,5.76460752303767552e+17,16,5,2,3.32306998945331719e+35,5.82048694999999952e+02,0,1.80542521427025540e-05,nan,0.00000000000000000e+00
98,3,-1.68153574587174289e-06,1.00000000000000000e+00,8.12406057472176460e-06,2,19,3.06872883092802679e-06,-2.05545319607817023e-06,8.12406057472176460e-06,-5.23344977487582707e-06,4.44217502945467580e-07,3.52054814995330812e-07,1.40621404266343052e-05,4.47300603266916371e-06,9.80559632059350748e-06,9.70645580754499078e-06,1.57436761725060498e-05,1.37100856116389744e-05,19,2,1,5.76460752303767552e+17,19,2,1,5.76460752303767552e+17,16,5,2,3.32306998945331719e+35,5.61960052000000019e+02,0,9.70645580754499078e-06,nan,0.00000000000000000e+00
99,0,5.22678557898428073e-06,1.00000000000000000e+00,1.60651215013383275e-05,2,19,9.39373238855769127e-06,-2.58957332132676228e-06,7.23221067050024149e-06,1.60651215013383275e-05,1.89808743936307274e-05,-1.53351993943094858e-06,-1.41562554186853557e-06,-9.34630013382346610e-06,1.08383359223540476e-05,2.54114216351617936e-05,1.45730857128077460e-05,2.83271745274541935e-05,19,2,1,5.76460752303767552e+17,19,2,1,5.76460752303767552e+17,16,5,2,3.32306998945331719e+35,5.92074337000000014e+02,0,2.54114216351617936e-05,nan,0.00000000000000000e+00
99,1,-2.48296266493265810e-06,1.00000000000000000e+00,1.52616877033616050e-05,2,19,-1.52616877033616050e-05,-5.80061515333691520e-06,5.80105232841061119e-06,-1.42603088557069491e-06,-1.46455065608850299e-05,-1.10238504368033843e-06,9.57784775457450541e-06,5.91122849339827506e-06,1.27787250384289465e-05,7.33725937896896997e-06,1.21625438959523713e-05,2.42233543154595353e-05,19,2,1,5.76460752303767552e+17,19,2,1,5.76460752303767552e+17,16,5,2,3.32306998945331719e+35,5.61352519000000029e+02,0,7.33725937896896997e-06,nan,0.00000000000000000e+00
99,2,1.78064534612535421e-06,1.00000000000000000e+00,1.03709311190800124e-05,2,19,1.03709311190800124e-05,-9.31860105351703434e-06,1.62226239027919207e-06,6.79281756310673448e-06,-5.50361993153290623e-06,-1.39080102426200994e-06,1.22089338022371757e-05,3.11773999638550347e-05,1.10992463996423888e-05,2.43845824007483002e-05,2.93967546177296803e-05,3.66810198953879392e-05,19,2,1,5.76460752303767552e+17,19,2,1,5.76460752303767552e+17,16,5,2,3.32306998945331719e+35,6.70199384000000009e+02,0,2.43845824007483002e-05,nan,0.00000000000000000e+00
99,3,-9.52651514800270359e-07,1.00000000000000000e+00,1.54407835081352410e-05,2,19,1.54407835081352410e-05,2.12528007990346954e-06,7.40166628109733741e-07,-1.03258233628151982e-06,-2.24490590209529281e-06,1.98787549406895777e-05,-1.85424104162638501e-05,1.55893845315265878e-05,1.63934350229355113e-05,1.92825770443735839e-05,2.08314064554898480e-05,3.84211653569534279e-05,19,2,1,5.76460752303767552e+17,19,2,1,5.76460752303767552e+17,16,5,2,3.32306998945331719e+35,6.76815793999999983e+02,0,1.92825770443735839e-05,nan,0.00000000000000000e+00
