block,within_block_sample,global_sample,y_nominal,y_physical,y_semantic,u_nominal,u_semantic,u_ckks,e_u_semantic_abs,e_u_nominal_abs,u_slot_spread,plant_nominal_0,plant_nominal_1,plant_nominal_2,plant_nominal_3,plant_ckks_0,plant_ckks_1,plant_ckks_2,plant_ckks_3,plant_error_0,plant_error_1,plant_error_2,plant_error_3,u_slots_0,u_slots_1,u_slots_2,u_slots_3,u_level,u_towers,u_noiseScaleDegree,u_scalingFactor
0,0,0,1.76499999999999990e-01,1.76499999999999990e-01,1.76500000000000656e-01,5.97519082627755022e-02,5.97519082627787634e-02,5.97519082627810116e-02,2.24820162486594199e-15,5.50948175970233933e-15,5.48172618408671042e-15,2.00000000000000011e-01,-1.00000000000000006e-01,5.00000000000000028e-02,8.00000000000000017e-02,2.00000000000000011e-01,-1.00000000000000006e-01,5.00000000000000028e-02,8.00000000000000017e-02,0.00000000000000000e+00,0.00000000000000000e+00,0.00000000000000000e+00,0.00000000000000000e+00,5.97519082627810116e-02,5.97519082627788259e-02,5.97519082627755299e-02,5.97519082627766887e-02,1,20,1,5.76460752303439872e+17
0,1,1,1.25002719459007372e-01,1.25002719459007622e-01,1.25002719459007317e-01,-5.00386380946312714e-01,-5.00386380946313269e-01,-5.00386380946317155e-01,3.88578058618804789e-15,4.44089209850062616e-15,8.54871728961370536e-15,1.40780152661022034e-01,-7.26099236694889849e-02,4.01950381652555200e-02,4.54975190826277520e-02,1.40780152661022451e-01,-7.26099236694887767e-02,4.01950381652556241e-02,4.54975190826278075e-02,4.16333634234433703e-16,2.08166817117216851e-16,1.04083408558608426e-16,5.55111512312578270e-17,-5.00386380946317155e-01,-5.00386380946308607e-01,-5.00386380946310716e-01,-5.00386380946310383e-01,1,20,1,5.76460752303439872e+17
0,2,2,6.13925936990720317e-02,6.13925936990720039e-02,6.13925936990709492e-02,-3.81110471074996238e-01,-3.81110471074994239e-01,-3.81110471074994683e-01,4.44089209850062616e-16,1.55431223447521916e-15,2.10942374678779743e-15,5.55220055466717211e-02,-7.40175086762407952e-02,2.00924689444431127e-02,2.01788461135033043e-02,5.55220055466716725e-02,-7.40175086762408507e-02,2.00924689444430885e-02,2.01788461135032869e-02,-4.85722573273505986e-17,-5.55111512312578270e-17,-2.42861286636752993e-17,-1.73472347597680709e-17,-3.81110471074994683e-01,-3.81110471074993573e-01,-3.81110471074992574e-01,-3.81110471074994128e-01,1,20,1,5.76460752303439872e+17
0,3,3,2.09678503451852967e-02,2.09678503451853557e-02,2.09678503451857200e-02,-3.84685388081325019e-01,-3.84685388081320467e-01,-3.84685388081314195e-01,6.27276008913213445e-15,1.08246744900952763e-14,1.11022302462515654e-14,3.56560561350467708e-03,-6.71468768835105922e-02,8.80476397677960355e-03,7.28985196674865939e-03,3.56560561350476729e-03,-6.71468768835105645e-02,8.80476397677961743e-03,7.28985196674866633e-03,9.02056207507939689e-17,2.77555756156289135e-17,1.38777878078144568e-17,6.93889390390722838e-18,-3.84685388081314195e-01,-3.84685388081325297e-01,-3.84685388081321855e-01,-3.84685388081323409e-01,1,20,1,5.76460752303439872e+17
1,0,4,-8.20302214361918851e-03,-8.20302214361860738e-03,-8.20302214361821012e-03,-3.33722736287384192e-01,-3.33722736289265687e-01,-3.33722736289131960e-01,1.33726363316100105e-13,1.74776859651615268e-12,2.40474307133808907e-13,-3.35793451554634859e-02,-6.06972862461086643e-02,8.15613577654710278e-04,1.17117340597583906e-04,-3.35793451554625491e-02,-6.06972862461082133e-02,8.15613577654934058e-04,1.17117340597695796e-04,9.36750677027475831e-16,4.51028103753969845e-16,2.23779328401008115e-16,1.11889664200504058e-16,-3.33722736289131960e-01,-3.33722736289217226e-01,-3.33722736289372435e-01,-3.33722736289340460e-01,19,2,1,5.76460752303767552e+17
1,1,5,-2.65126636478669672e-02,-2.65126636479530269e-02,-2.65126636479535993e-02,-3.02406983928585726e-01,-3.02406983930462281e-01,-3.02406983930461670e-01,6.10622663543836097e-16,1.87594384470912701e-12,2.24820162486594199e-13,-5.57307303146131403e-02,-5.28951600264168029e-02,-3.73502699072753757e-03,-3.29376771265688442e-03,-5.57307303147522443e-02,-5.28951600264864416e-02,-3.73502699076236691e-03,-3.29376771267430408e-03,-1.39104006091628207e-13,-6.96387392196129440e-14,-3.48293442697933386e-14,-1.74196594648901026e-14,-3.02406983930461670e-01,-3.02406983930521400e-01,-3.02406983930296580e-01,-3.02406983930458007e-01,19,2,1,5.76460752303767552e+17
1,2,6,-3.78126007950952900e-02,-3.78126007952549470e-02,-3.78126007952548429e-02,-2.59386855034188069e-01,-2.59386855035928066e-01,-2.59386855035977415e-01,4.93494134445882082e-14,1.78934644878836480e-12,1.94955163124177488e-13,-6.85502973429216594e-02,-4.55025532788198503e-02,-6.41273839739895952e-03,-4.82240430290502373e-03,-6.85502973431774687e-02,-4.55025532789373813e-02,-6.41273839745615856e-03,-4.82240430293284176e-03,-2.55809262661443881e-13,-1.17530984944380634e-13,-5.71990371733832603e-14,-2.78180256607640786e-14,-2.59386855035977415e-01,-2.59386855035836084e-01,-2.59386855035992958e-01,-2.59386855036031039e-01,19,2,1,5.76460752303767552e+17
1,3,7,-4.34521637528100038e-02,-4.34521637530220009e-02,-4.34521637530205784e-02,-2.26573858837269604e-01,-2.26573858838828912e-01,-2.26573858838814729e-01,1.41830991395863748e-14,1.54512513894644599e-12,1.68809410894255052e-13,-7.37473667519442239e-02,-3.82744598676628828e-02,-7.58465299106357398e-03,-5.19848089410482501e-03,-7.37473667522809684e-02,-3.82744598678050191e-02,-7.58465299113151355e-03,-5.19848089413713771e-03,-3.36744521156617793e-13,-1.42136302727635666e-13,-6.79395775748936614e-14,-3.23126941870199857e-14,-2.26573858838814729e-01,-2.26573858838835768e-01,-2.26573858838793024e-01,-2.26573858838666958e-01,19,2,1,5.76460752303767552e+17
2,0,8,-4.54829562621556840e-02,-4.54829562623954090e-02,-4.54829562623945138e-02,-1.91554719716443084e-01,-1.91554719719102429e-01,-1.91554719718996902e-01,1.05526698490621129e-13,2.55381826796963196e-12,2.06668016033972890e-13,-7.42859695577944429e-02,-3.18572979053681551e-02,-7.96290768120353452e-03,-5.05331791722158762e-03,-7.42859695581718771e-02,-3.18572979055138442e-02,-7.96290768127248978e-03,-5.05331791725374159e-03,-3.77434195009129780e-13,-1.45689016406436167e-13,-6.89552581700780820e-14,-3.21539669889681079e-14,-1.91554719718996902e-01,-1.91554719719024713e-01,-1.91554719719106148e-01,-1.91554719719203570e-01,19,2,1,5.76460752303767552e+17
2,1,9,-4.48213946955112325e-02,-4.48213946958215537e-02,-4.48213946958232398e-02,-1.63395048395287151e-01,-1.63395048397713183e-01,-1.63395048397856957e-01,1.43773881688957772e-13,2.56980547952423422e-12,1.73527858748911967e-13,-7.13588594913568963e-02,-2.60886273472905605e-02,-7.74647113632140685e-03,-4.60758435871684580e-03,-7.13588594918446034e-02,-2.60886273474770468e-02,-7.74647113641101573e-03,-4.60758435875896401e-03,-4.87707096930023454e-13,-1.86486243114458716e-13,-8.96088758750579473e-14,-4.21182186349788878e-14,-1.63395048397856957e-01,-1.63395048398030485e-01,-1.63395048397967257e-01,-1.63395048397920961e-01,19,2,1,5.76460752303767552e+17
2,2,10,-4.25750524121994364e-02,-4.25750524125645610e-02,-4.25750524125653451e-02,-1.36398215897485825e-01,-1.36398215899709824e-01,-1.36398215899820180e-01,1.10356168647740560e-13,2.33435493157685414e-12,3.42281758491935761e-13,-6.65370728931831829e-02,-2.11729138255805083e-02,-7.25754719646923546e-03,-4.07395527791900008e-03,-6.65370728937548367e-02,-2.11729138257911037e-02,-7.25754719657083561e-03,-4.07395527796643783e-03,-5.71653835379493103e-13,-2.10595429983584381e-13,-1.01600151902747626e-13,-4.74377481740617668e-14,-1.36398215899820180e-01,-1.36398215899546676e-01,-1.36398215899888958e-01,-1.36398215899778769e-01,19,2,1,5.76460752303767552e+17
2,3,11,-3.92812619053589315e-02,-3.92812619057539905e-02,-3.92812619057542681e-02,-1.14313691577021564e-01,-1.14313691578911969e-01,-1.14313691579068941e-01,1.56971657894189320e-13,2.04737615749905899e-12,4.54386528403460943e-13,-6.05123828609371930e-02,-1.69621092244231740e-02,-6.58442479063337145e-03,-3.50914980427380081e-03,-6.05123828615523884e-02,-1.69621092246372701e-02,-6.58442479073699863e-03,-3.50914980432161065e-03,-6.15195394626510961e-13,-2.14096101958105578e-13,-1.03627176284426525e-13,-4.78098463596587919e-14,-1.14313691579068941e-01,-1.14313691579151472e-01,-1.14313691578963081e-01,-1.14313691578697085e-01,19,2,1,5.76460752303767552e+17
3,0,12,-3.55095128381452962e-02,-3.55095128385483697e-02,-3.55095128385508954e-02,-9.43700290319142016e-02,-9.43700290344955395e-02,-9.43700290345627357e-02,6.71962485654375996e-14,2.64853416975796563e-12,2.06445971429047859e-13,-5.40709797239903589e-02,-1.34762282800797630e-02,-5.86559032296988386e-03,-2.98091105853001866e-03,-5.40709797246142140e-02,-1.34762282802827031e-02,-5.86559032306890795e-03,-2.98091105857511366e-03,-6.23855134218587182e-13,-2.02940095284098732e-13,-9.90240875409220678e-14,-4.50950041197550888e-14,-9.43700290345627357e-02,-9.43700290346783516e-02,-9.43700290347691817e-02,-9.43700290347161824e-02,19,2,1,5.76460752303767552e+17
3,1,13,-3.15393509842547409e-02,-3.15393509846929321e-02,-3.15393509846918912e-02,-7.79982185701884184e-02,-7.79982185723464005e-02,-7.79982185724062693e-02,5.98687766029115664e-14,2.21785090293025178e-12,5.83227910411210360e-13,-4.75588059862325774e-02,-1.05870228249094825e-02,-5.13406300260292256e-03,-2.49666099457745636e-03,-4.75588059869098689e-02,-1.05870228251281721e-02,-5.13406300271142518e-03,-2.49666099462712582e-03,-6.77291556172576747e-13,-2.18689649722492163e-13,-1.08502616613659342e-13,-4.96694699259059291e-14,-7.79982185724062693e-02,-7.79982185726675603e-02,-7.79982185721813659e-02,-7.79982185720843324e-02,19,2,1,5.76460752303767552e+17
3,2,14,-2.76384763181255107e-02,-2.76384763185689893e-02,-2.76384763185684237e-02,-6.37584658469134841e-02,-6.37584658488451472e-02,-6.37584658487593964e-02,8.57508508644855283e-14,1.84591231189301652e-12,5.87654924721903171e-13,-4.13291596216952828e-02,-8.24920774459053131e-03,-4.44443556975007356e-03,-2.07402367247872107e-03,-4.13291596223778618e-02,-8.24920774480059939e-03,-4.44443556985543893e-03,-2.07402367252645286e-03,-6.82578993327354056e-13,-2.10068074046887432e-13,-1.05365369207355286e-13,-4.77317838032398356e-14,-6.37584658487593964e-02,-6.37584658487563294e-02,-6.37584658487169581e-02,-6.37584658493046130e-02,19,2,1,5.76460752303767552e+17
3,3,15,-2.39283512598083212e-02,-2.39283512602368430e-02,-2.39283512602361109e-02,-5.20974199146541084e-02,-5.20974199162788226e-02,-5.20974199166738330e-02,3.95010413267726790e-13,2.01972466529198869e-12,4.60839699734094665e-13,-3.55176088149409264e-02,-6.36000805329834176e-03,-3.80445224402363013e-03,-1.70718532141429097e-03,-3.55176088155968600e-02,-6.36000805348721759e-03,-3.80445224411985871e-03,-1.70718532145727330e-03,-6.55933640736350299e-13,-1.88875824702616768e-13,-9.62285806593854431e-14,-4.29823277664498349e-14,-5.20974199166738330e-02,-5.20974199162129933e-02,-5.20974199165586335e-02,-5.20974199163446242e-02,19,2,1,5.76460752303767552e+17
4,0,16,-2.05138191331959950e-02,-2.05138191336210231e-02,-2.05138191336233892e-02,-4.22116991259831389e-02,-4.22116991278382175e-02,-4.22116991274741268e-02,3.64090702031916180e-13,1.49098788870816179e-12,6.81107947819725723e-13,-3.02492725841936594e-02,-4.86108896672340831e-03,-3.23166773352651397e-03,-1.39700811824612094e-03,-3.02492725848426229e-02,-4.86108896690561065e-03,-3.23166773362116352e-03,-1.39700811828836102e-03,-6.48963521809875488e-13,-1.82202343490533991e-13,-9.46495486153775545e-14,-4.22400829591662585e-14,-4.22116991274741268e-02,-4.22116991277553394e-02,-4.22116991281552348e-02,-4.22116991278881221e-02,19,2,1,5.76460752303767552e+17
4,1,17,-1.74281110983961415e-02,-1.74281110987920540e-02,-1.74281110987922865e-02,-3.41568792071719543e-02,-3.41568792085990072e-02,-3.41568792089117432e-02,3.12735948249098783e-13,1.73978886852665937e-12,5.88341875218389987e-13,-2.55452993080359583e-02,-3.67544489721315093e-03,-2.72327482454947116e-03,-1.13543166783678599e-03,-2.55452993086370643e-02,-3.67544489736991919e-03,-2.72327482463279730e-03,-1.13543166787335569e-03,-6.01105970554627334e-13,-1.56768261566631040e-13,-8.33261411259389462e-14,-3.65697055970670704e-14,-3.41568792089117432e-02,-3.41568792083234013e-02,-3.41568792088227588e-02,-3.41568792085135131e-02,19,2,1,5.76460752303767552e+17
4,2,18,-1.46936330056440800e-02,-1.46936330060295703e-02,-1.46936330060275233e-02,-2.74549032660200698e-02,-2.74549032673388274e-02,-2.74549032668057816e-02,5.33045829698153284e-13,7.85711773421127191e-13,4.84647044718400366e-13,-2.14192014301366959e-02,-2.75170922246299136e-03,-2.28132176286742440e-03,-9.18420914680571172e-04,-2.14192014307212179e-02,-2.75170922261412957e-03,-2.28132176294943995e-03,-9.18420914716679875e-04,-5.84522014124289058e-13,-1.51138216525348312e-13,-8.20155575398384684e-14,-3.61087028333262339e-14,-2.74549032668057816e-02,-2.74549032672904286e-02,-2.74549032671279475e-02,-2.74549032668466933e-02,19,2,1,5.76460752303767552e+17
4,3,19,-1.22998736218832370e-02,-1.22998736222134902e-02,-1.22998736222149508e-02,-2.20274569893798115e-02,-2.20274569904329517e-02,-2.20274569904917970e-02,5.88452897520852503e-14,1.11198550367674898e-12,2.25375273998906778e-13,-1.78383540287770648e-02,-2.03527763618084742e-03,-1.89937023513371333e-03,-7.38793510288909177e-04,-1.78383540292728696e-02,-2.03527763629074519e-03,-1.89937023519603718e-03,-7.38793510315248893e-04,-4.95804786115883189e-13,-1.09897767969213689e-13,-6.23238440022877427e-14,-2.63397159985800933e-14,-2.20274569904917970e-02,-2.20274569904610230e-02,-2.20274569904157815e-02,-2.20274569902664218e-02,19,2,1,5.76460752303767552e+17
5,0,20,-1.02319034466092276e-02,-1.02319034469128961e-02,-1.02319034469142145e-02,-1.75762265370608337e-02,-1.75762265384100634e-02,-1.75762265381295205e-02,2.80542949981921197e-13,1.06868680571636787e-12,7.67080843289136283e-13,-1.47686336707643397e-02,-1.48713158484733835e-03,-1.57368725563771005e-03,-5.91793698807353960e-04,-1.47686336712190697e-02,-1.48713158494549725e-03,-1.57368725569551147e-03,-5.91793698831881215e-04,-4.54730003651704351e-13,-9.81588942072786352e-14,-5.78014199004162066e-14,-2.45272552268360755e-14,-1.75762265381295205e-02,-1.75762265387736996e-02,-1.75762265380066188e-02,-1.75762265382508956e-02,19,2,1,5.76460752303767552e+17
5,1,21,-8.46155425941536206e-03,-8.46155425969666829e-03,-8.46155425969636991e-03,-1.39947240000183395e-02,-1.39947240010312481e-02,-1.39947240006010991e-02,4.30148971997112994e-13,5.82759535072696622e-13,1.45051505529014690e-12,-1.21584848927029782e-02,-1.07028809097866901e-03,-1.29731505078307095e-03,-4.71791993009742356e-04,-1.21584848931237301e-02,-1.07028809106889632e-03,-1.29731505083758181e-03,-4.71791993032920918e-04,-4.20751974927746630e-13,-9.02273047942436790e-14,-5.45108663069227006e-14,-2.31785619343727323e-14,-1.39947240006010991e-02,-1.39947240015429828e-02,-1.39947240000924678e-02,-1.39947240008604871e-02,19,2,1,5.76460752303767552e+17
5,2,22,-6.96062672329431607e-03,-6.96062672353466895e-03,-6.96062672353508355e-03,-1.10914025659401682e-02,-1.10914025668801021e-02,-1.10914025673665394e-02,4.86437279345608431e-13,1.42637117395150170e-12,1.04473374396008012e-12,-9.95931009002590586e-03,-7.57499520278063923e-04,-1.06500788749721111e-03,-3.74667144422341839e-04,-9.95931009038268644e-03,-7.57499520344961908e-04,-1.06500788754021296e-03,-3.74667144439977634e-04,-3.56780577304149915e-13,-6.68979845477868373e-14,-4.30018434055545740e-14,-1.76357951679750879e-14,-1.10914025673665394e-02,-1.10914025663218056e-02,-1.10914025672011092e-02,-1.10914025667072751e-02,19,2,1,5.76460752303767552e+17
5,3,23,-5.69725660024400157e-03,-5.69725660049479228e-03,-5.69725660049652527e-03,-8.77043356610942085e-03,-8.77043356696223346e-03,-8.77043356650944982e-03,4.52783643911658373e-13,4.00028968283727693e-13,5.65172908473243751e-13,-8.11861543171610994e-03,-5.24690745175227695e-04,-8.70566317977068747e-04,-2.96270732799443584e-04,-8.11861543209245473e-03,-5.24690745262514210e-04,-8.70566318030463211e-04,-2.96270732822646052e-04,-3.76344788666216346e-13,-8.72865148215939968e-14,-5.33944633299143767e-14,-2.32024685922760376e-14,-8.77043356650944982e-03,-8.77043356673343037e-03,-8.77043356707462272e-03,-8.77043356692483976e-03,19,2,1,5.76460752303767552e+17
6,0,24,-4.64185064765518587e-03,-4.64185064786382627e-03,-4.64185064786367362e-03,-6.90722910507310904e-03,-6.90722910570802130e-03,-6.90722910562220713e-03,8.58141682713586817e-14,5.49098093383104668e-13,7.67281203850611604e-13,-6.58901305573837172e-03,-3.53910256856350294e-04,-7.08985695300934100e-04,-2.33424371145459425e-04,-6.58901305604832517e-03,-3.53910256916092707e-04,-7.08985695339707771e-04,-2.33424371161315312e-04,-3.09953451793631984e-13,-5.97424128397083809e-14,-3.87736717732956038e-14,-1.58558875664599475e-14,-6.90722910562220713e-03,-6.90722910596910412e-03,-6.90722910520182292e-03,-6.90722910537714709e-03,19,2,1,5.76460752303767552e+17
6,1,25,-3.76542124840455704e-03,-3.76542124858820354e-03,-3.76542124858827336e-03,-5.42713818567807857e-03,-5.42713818628058099e-03,-5.42713818664734317e-03,3.66762176184920463e-13,9.69264599137709126e-13,1.06558251805610738e-12,-5.32498054908598500e-03,-2.30036627796379990e-04,-5.75230521471060269e-04,-1.83188855456069516e-04,-5.32498054935785781e-03,-2.30036627845797519e-04,-5.75230521504485029e-04,-1.83188855469593691e-04,-2.71872802048989115e-13,-4.94175284460746100e-14,-3.34247603553383676e-14,-1.35241752692583095e-14,-5.42713818664734317e-03,-5.42713818563363409e-03,-5.42713818614095657e-03,-5.42713818558176065e-03,19,2,1,5.76460752303767552e+17
6,2,26,-3.04208292657509290e-03,-3.04208292676061420e-03,-3.04208292675893022e-03,-4.24895806538152111e-03,-4.24895806589351086e-03,-4.24895806544737121e-03,4.46139652998667202e-13,6.58501031480795973e-14,7.67523197775510369e-13,-4.28655998041986563e-03,-1.41775238162625869e-04,-4.65143664686567182e-04,-1.43264002377169305e-04,-4.28655998069710827e-03,-1.41775238223412287e-04,-4.65143664725375385e-04,-1.43264002393703226e-04,-2.77242638568875321e-13,-6.07864182166489853e-14,-3.88082036124892671e-14,-1.65339205000780698e-14,-4.24895806544737121e-03,-4.24895806621489441e-03,-4.24895806607553887e-03,-4.24895806584685200e-03,19,2,1,5.76460752303767552e+17
6,3,27,-2.44813125197901934e-03,-2.44813125212175282e-03,-2.44813125212323254e-03,-3.31873787016284151e-03,-3.31873787054384880e-03,-3.31873787048827217e-03,5.55766370424759515e-14,3.25430654646297057e-13,7.55230947224738713e-13,-3.43758185018583524e-03,-7.99461054260471748e-05,-3.74860424005655536e-04,-1.11628392091976382e-04,-3.43758185039558066e-03,-7.99461054584823161e-05,-3.74860424029428837e-04,-1.11628392101060316e-04,-2.09745415480355746e-13,-3.24351412698750674e-14,-2.37733010360896557e-14,-9.08393369206117463e-15,-3.31873787048827217e-03,-3.31873787110226713e-03,-3.31873787077855212e-03,-3.31873787124350311e-03,19,2,1,5.76460752303767552e+17
7,0,28,-1.96294627629070876e-03,-1.96294627641340879e-03,-1.96294627641281248e-03,-2.58379571548167115e-03,-2.58379571590970549e-03,-2.58379571495771440e-03,9.51991090125670070e-13,5.23956746045772803e-13,5.41029027134598550e-13,-2.74695365018091248e-03,-3.77253994272733022e-05,-3.01171795674320193e-04,-8.66860333948050587e-05,-2.74695365036055827e-03,-3.77253994532855349e-05,-3.01171795694725041e-04,-8.66860334026148380e-05,-1.79645794767813172e-13,-2.60122327323808467e-14,-2.04048475165030663e-14,-7.80977929895620981e-15,-2.58379571495771440e-03,-2.58379571549874343e-03,-2.58379571529880961e-03,-2.58379571503553757e-03,19,2,1,5.76460752303767552e+17
7,1,29,-1.56837608289150726e-03,-1.56837608295708284e-03,-1.56837608295710669e-03,-2.00693048974508702e-03,-2.00693049020859385e-03,-2.00693049009729790e-03,1.11295955090850995e-13,3.52210881987558011e-13,1.23854572431358889e-12,-2.18752831732297280e-03,-9.72772546122627213e-06,-2.41227713320361274e-04,-6.70807026535740392e-05,-2.18752831741248193e-03,-9.72772545019832328e-06,-2.41227713321883115e-04,-6.70807026522519901e-05,-8.95091292751892809e-14,1.10279488449091523e-14,-1.52184037940927830e-15,1.32204902407451197e-15,-2.00693049009729790e-03,-2.00693048913930467e-03,-2.00693048980660508e-03,-2.00693049037785039e-03,19,2,1,5.76460752303767552e+17
7,2,30,-1.24893647380021323e-03,-1.24893647386527056e-03,-1.24893647386480349e-03,-1.55424938350056307e-03,-1.55424938404585019e-03,-1.55424938267281570e-03,1.37303449859738080e-12,8.27747375850562683e-13,1.35078320057102630e-12,-1.73635304568904537e-03,8.01068016348963031e-06,-1.92664718167755378e-04,-5.17392810369129801e-05,-1.73635304578078666e-03,8.01068016128433599e-06,-1.92664718176118127e-04,-5.17392810396226385e-05,-9.17412847079024374e-14,-2.20529432388982816e-15,-8.36274951197812921e-15,-2.70965839826650678e-15,-1.55424938267281570e-03,-1.55424938395981225e-03,-1.55424938366362469e-03,-1.55424938402359890e-03,19,2,1,5.76460752303767552e+17
7,3,31,-9.91350308898969121e-04,-9.91350308905854022e-04,-9.91350308906267103e-04,-1.20093493401215935e-03,-1.20093493450697752e-03,-1.20093493355414660e-03,9.52830913128477341e-13,4.58012750989555961e-13,1.29538285480179649e-12,-1.37387328916307853e-03,1.85350563655373710e-05,-1.53444504192404817e-04,-3.97713352913824973e-05,-1.37387328916308894e-03,1.85350564012329657e-05,-1.53444504181082060e-04,-3.97713352844257479e-05,-1.04083408558608426e-17,3.56955947005549445e-14,1.13227569681351170e-14,6.95674935843534903e-15,-1.20093493355414660e-03,-1.20093493471223130e-03,-1.20093493450650329e-03,-1.20093493484952946e-03,19,2,1,5.76460752303767552e+17
8,0,32,-7.84466198159050740e-04,-7.84466198139548111e-04,-7.84466198138734742e-04,-9.25406956972719529e-04,-9.25406956979295107e-04,-9.25406957528760420e-04,5.49465312658925509e-13,5.56040890414832845e-13,6.28511240448326181e-13,-1.08378075840914615e-03,2.40534351746886715e-05,-1.21884260298724795e-04,-3.04733886833512968e-05,-1.08378075836965734e-03,2.40534352179620805e-05,-1.21884260283624407e-04,-3.04733886750759340e-05,3.94888115262670425e-14,4.32734089447078807e-14,1.51003883876177358e-14,8.27536281687579756e-15,-9.25406957528760420e-04,-9.25406957584536225e-04,-9.25406957593411178e-04,-9.25406958157271660e-04,19,2,1,5.76460752303767552e+17
8,1,33,-6.18903242909230890e-04,-6.18903242920094596e-04,-6.18903242920349058e-04,-7.11521909505366968e-04,-7.11521910107484174e-04,-7.11521909419638669e-04,6.87845505380202393e-13,8.57282994592978298e-14,1.20034321024475865e-12,-8.52430427798427592e-04,2.62160399424133373e-05,-9.65621873658188657e-05,-2.32721071971092013e-05,-8.52430427811017130e-04,2.62160399485291998e-05,-9.65621873688946253e-05,-2.32721071983229148e-05,-1.25895387864671804e-14,6.11586248224632589e-15,-3.07575959059697146e-15,-1.21371351012068696e-15,-7.11521909419638669e-04,-7.11521909312458345e-04,-7.11521910440990075e-04,-7.11521909240646865e-04,19,2,1,5.76460752303767552e+17
8,2,34,-4.86883014517672675e-04,-4.86883014520945122e-04,-4.86883014521455402e-04,-5.45693216006277299e-04,-5.45693216422754156e-04,-5.45693217079338210e-04,6.56584053619624353e-13,1.07306091096104339e-12,1.88667983146151297e-12,-6.68574377579904096e-04,2.61938209285986400e-05,-7.63112413144670338e-05,-1.77161756484024402e-05,-6.68574377581621039e-04,2.61938209366314973e-05,-7.63112413149647504e-05,-1.77161756481568380e-05,-1.71694256034804482e-15,8.03285728407689137e-15,-4.97716559806626879e-16,2.45602285254067909e-16,-5.45693217079338210e-04,-5.45693215192658379e-04,-5.45693217014031726e-04,-5.45693216957975655e-04,19,2,1,5.76460752303767552e+17
8,3,35,-3.81958189095486453e-04,-3.81958189150482770e-04,-3.81958189151465600e-04,-4.17632437643247680e-04,-4.17632438114071689e-04,-4.17632438249739967e-04,1.35668277827238892e-13,6.06492286947535320e-13,1.01073641643745216e-12,-5.22933503463745251e-04,2.48341139913231655e-05,-6.01603955546591769e-05,-1.34429767967021759e-05,-5.22933503550183703e-04,2.48341139539190511e-05,-6.01603955767380122e-05,-1.34429768072754036e-05,-8.64384518822758352e-14,-3.74041143652754926e-14,-2.20788353420299510e-14,-1.05732276775051537e-14,-4.17632438249739967e-04,-4.17632438350570118e-04,-4.17632439034715350e-04,-4.17632438023978934e-04,19,2,1,5.76460752303767552e+17
9,0,36,-2.98840992794334947e-04,-2.98840992866588240e-04,-2.98840992866305209e-04,-3.18884142619213441e-04,-3.18884143013362185e-04,-3.18884143674742044e-04,6.61379859299288109e-13,1.05552860289043204e-12,1.59726192775627718e-12,-4.07935988386050525e-04,2.27189514482775606e-05,-4.73176073962416823e-05,-1.01684390518799641e-05,-4.07935988499797916e-04,2.27189514015802649e-05,-4.73176074210929039e-05,-1.01684390634149926e-05,-1.13747390412949345e-13,-4.66972956884945806e-14,-2.48512216122383223e-14,-1.15350285069147282e-14,-3.18884143674742044e-04,-3.18884142903796671e-04,-3.18884143280933252e-04,-3.18884142077480116e-04,19,2,1,5.76460752303767552e+17
9,1,37,-2.33200922226045560e-04,-2.33200922333763160e-04,-2.33200922332569427e-04,-2.43004444506859821e-04,-2.43004444855587920e-04,-2.43004444069870129e-04,7.85717790743184485e-13,4.36989691394301660e-13,1.81540793140443080e-12,-3.17407126931631240e-04,2.02512642555882229e-05,-3.71317794485792079e-05,-7.66700785439526320e-06,-3.17407127101707379e-04,2.02512641858092150e-05,-3.71317794838064001e-05,-7.66700787089532949e-06,-1.70076138502478491e-13,-6.97790078756782561e-14,-3.52271922569868945e-14,-1.65000662872422099e-14,-2.43004444069870129e-04,-2.43004445885278061e-04,-2.43004444573127016e-04,-2.43004444627946474e-04,19,2,1,5.76460752303767552e+17
9,2,38,-1.81520079688449399e-04,-1.81520079749586394e-04,-1.81520079749583765e-04,-1.84791773089051529e-04,-1.84791773358704807e-04,-1.84791771804609142e-04,1.55409566509126518e-12,1.28444238751967976e-12,3.15338445459889538e-12,-2.46353385810876185e-04,1.76931314931924076e-05,-2.90751931111995999e-05,-5.76295561716047459e-06,-2.46353385903954182e-04,1.76931314696124469e-05,-2.90751931223345053e-05,-5.76295562130380063e-06,-9.30779975663598158e-14,-2.35799606836811781e-14,-1.11349053892248473e-14,-4.14332603599840144e-15,-1.84791771804609142e-04,-1.84791773646076713e-04,-1.84791773853313393e-04,-1.84791774957993596e-04,19,2,1,5.76460752303767552e+17
9,3,39,-1.40946492471441802e-04,-1.40946492454110126e-04,-1.40946492454973232e-04,-1.40271449515418323e-04,-1.40271449819030737e-04,-1.40271449066133697e-04,7.52897039418137792e-13,4.49284625345450217e-13,2.39374102137257516e-12,-1.90742329111499566e-04,1.52128161956806094e-05,-2.27183282313105005e-05,-4.31817619550760202e-06,-1.90742329077646735e-04,1.52128162350097383e-05,-2.27183282117892676e-05,-4.31817618473226127e-06,3.38528304780899569e-14,3.93291288750506618e-14,1.95212329103227472e-14,1.07753407501483441e-14,-1.40271449066133697e-04,-1.40271450492930854e-04,-1.40271450876303008e-04,-1.40271451459874719e-04,19,2,1,5.76460752303767552e+17
10,0,40,-1.09182953221415672e-04,-1.09182953184523932e-04,-1.09182953184839692e-04,-1.06279892436328210e-04,-1.06279893258239623e-04,-1.06279893284363529e-04,2.61239055561468536e-14,8.48035319267817500e-13,1.77640446298067689e-12,-1.47339167625858689e-04,1.29078737941424313e-05,-1.77152139513234807e-05,-3.22570684160927718e-06,-1.47339167562395565e-04,1.29078738383362550e-05,-1.77152139312690236e-05,-3.22570683145237043e-06,6.34631236451355107e-14,4.41938237443146101e-14,2.00544570912782744e-14,1.01569067487649288e-14,-1.06279893284363529e-04,-1.06279892593473706e-04,-1.06279891507959066e-04,-1.06279891761753054e-04,19,2,1,5.76460752303767552e+17
10,1,41,-8.43834317766463328e-05,-8.43834317892437456e-05,-8.43834317893338835e-05,-8.03991153199715494e-05,-8.03991155713096978e-05,-8.03991146804914085e-05,8.90818289359801563e-13,6.39480140932416341e-13,3.05976106268219389e-12,-1.13553962181993113e-04,1.08302040267772502e-05,-1.37866307923932826e-05,-2.40225247395695848e-06,-1.13553962200606980e-04,1.08302040209377509e-05,-1.37866307981801321e-05,-2.40225247714793954e-06,-1.86138675003014176e-14,-5.83949934847977081e-15,-5.78684947454433801e-15,-3.19098105889550031e-15,-8.03991146804914085e-05,-8.03991162818743751e-05,-8.03991153662938975e-05,-8.03991177402524712e-05,19,2,1,5.76460752303767552e+17
10,2,42,-6.50723616294688050e-05,-6.50723616072870314e-05,-6.50723616076179028e-05,-6.07263864788954439e-05,-6.07263867439642742e-05,-6.07263856232007784e-05,1.12076349584452548e-12,8.55694665515341346e-13,3.76575643769045537e-12,-8.73243656744905719e-05,8.99907438696572682e-06,-1.07090141824522049e-05,-1.78369866432295269e-06,-8.73243656372013085e-05,8.99907440915755636e-06,-1.07090141731764200e-05,-1.78369865960531502e-06,3.72892634738913875e-14,2.21918295371936747e-14,9.27578496054837914e-15,4.71763766764286656e-15,-6.07263856232007784e-05,-6.07263889314418157e-05,-6.07263872470187340e-05,-6.07263851656853780e-05,19,2,1,5.76460752303767552e+17
10,3,43,-5.00732245142209757e-05,-5.00732244543854231e-05,-5.00732244534769701e-05,-4.58093381941078380e-05,-4.58093385797986053e-05,-4.58093383341655558e-05,2.45633049490712185e-13,1.40057717756391503e-13,4.45846168957344385e-12,-6.70117282529875900e-05,7.41399255675827340e-06,-8.30326443139305380e-06,-1.32053866462270089e-06,-6.70117281559084121e-05,7.41399260476859043e-06,-8.30326440917996374e-06,-1.32053865360779805e-06,9.70791779212817896e-14,4.80103170354172562e-14,2.22130900641697576e-14,1.10149028434555415e-14,-4.58093383341655558e-05,-4.58093367179472340e-05,-4.58093391091496231e-05,-4.58093411764089236e-05,19,2,1,5.76460752303767552e+17
11,0,44,-3.84521983803477160e-05,-3.84521983407990633e-05,-3.84521983384793653e-05,-3.45159434877584105e-05,-3.45159444455600789e-05,-3.45159452682912172e-05,8.22731138316705468e-13,1.78053280669790426e-12,3.83507805455087988e-12,-5.13200719931390266e-05,6.06153195759710920e-06,-6.42679734684731621e-06,-9.74907874480453343e-07,-5.13200719306058096e-05,6.06153198112064224e-06,-6.42679733724602242e-06,-9.74907870158779438e-07,6.25332169943218497e-14,2.35235330428009912e-14,9.60129379294757598e-15,4.32167390524047790e-15,-3.45159452682912172e-05,-3.45159439334516229e-05,-3.45159428661351335e-05,-3.45159467012131881e-05,19,2,1,5.76460752303767552e+17
11,1,45,-2.94699743564643558e-05,-2.94699744142329074e-05,-2.94699744154085756e-05,-2.59841429505263760e-05,-2.59841440444218174e-05,-2.59841445136113172e-05,4.69189499806375171e-13,1.56308494115740479e-12,1.23159532431412616e-12,-3.92268047574730023e-05,4.92159975050181087e-06,-4.96613989682841142e-06,-7.17802081670827503e-07,-3.92268048530098281e-05,4.92159969272591715e-06,-4.96613992721112325e-06,-7.17802097257623607e-07,-9.55368257920218011e-14,-5.77758937155177510e-14,-3.03827118290091701e-14,-1.55867961046664521e-14,-2.59841445136113172e-05,-2.59841432820159929e-05,-2.59841443277438147e-05,-2.59841440747317665e-05,19,2,1,5.76460752303767552e+17
11,2,46,-2.25435611814344391e-05,-2.25435613041119996e-05,-2.25435613045529413e-05,-1.95475018784282216e-05,-1.95475027242710740e-05,-1.95475032712675906e-05,5.46996516549540235e-13,1.39283936896042113e-12,2.64654348308972394e-12,-2.99283028813825269e-05,3.97069395638412229e-06,-3.83144368914775627e-06,-5.27182439969491405e-07,-2.99283030798379079e-05,3.97069385752699510e-06,-3.83144373771503982e-06,-5.27182463729201162e-07,-1.98455381089038957e-13,-9.88571271826228781e-14,-4.85672835498843214e-14,-2.37597097571762500e-14,-1.95475032712675906e-05,-1.95475031932099300e-05,-1.95475040565936320e-05,-1.95475014100501489e-05,19,2,1,5.76460752303767552e+17
11,3,47,-1.72144006572610556e-05,-1.72144008214285836e-05,-1.72144008209926124e-05,-1.47000316137956114e-05,-1.47000323355646440e-05,-1.47000318247152788e-05,5.10849365196672234e-13,2.10919667419529749e-13,2.53355732796273561e-12,-2.27945227083589461e-05,3.18470033792433533e-06,-2.95163200509401281e-06,-3.86297523292154501e-07,-2.27945229705825420e-05,3.18470022199664611e-06,-2.95163206029621640e-06,-3.86297549544161402e-07,-2.62223595837380100e-13,-1.15927689218082173e-13,-5.52022035870433463e-14,-2.62520069015622129e-14,-1.47000318247152788e-05,-1.47000305259636689e-05,-1.47000330595209969e-05,-1.47000329117939345e-05,19,2,1,5.76460752303767552e+17
12,0,48,-1.31230862922910528e-05,-1.31230864294399104e-05,-1.31230864298329032e-05,-1.10533674905658192e-05,-1.10533669662754980e-05,-1.10533652906457263e-05,1.67562977179008289e-12,2.19992009296301159e-12,4.20754645961442502e-12,-1.73332828520881412e-05,2.54022318034903058e-06,-2.27071536511578164e-06,-2.82503919494585314e-07,-1.73332830670369241e-05,2.54022310288046237e-06,-2.27071540023503394e-06,-2.82503935173879905e-07,-2.14948782921052170e-13,-7.74685682119471367e-14,-3.51192523074194372e-14,-1.56792945906659043e-14,-1.10533652906457263e-05,-1.10533694981921859e-05,-1.10533674151683198e-05,-1.10533673409812458e-05,19,2,1,5.76460752303767552e+17
12,1,49,-9.98863018402132466e-06,-9.98863018010901501e-06,-9.98863018195827597e-06,-8.31363227130258322e-06,-8.31363190629906936e-06,-8.31363308168690343e-06,1.17538783407319415e-12,8.10384320209405797e-13,2.84817110759831571e-12,-1.31610151983208037e-05,2.01563828371216824e-06,-1.74464499937179163e-06,-2.06264487259044215e-07,-1.31610151832878070e-05,2.01563832767062948e-06,-1.74464497483254792e-06,-2.06264473300256578e-07,1.50329967522682892e-14,4.39584612403598994e-14,2.45392437076550392e-14,1.39587876362664746e-14,-8.31363308168690343e-06,-8.31363114048126400e-06,-8.31363398865237160e-06,-8.31363352170803765e-06,19,2,1,5.76460752303767552e+17
12,2,50,-7.59205973764452989e-06,-7.59205977288227787e-06,-7.59205977409648351e-06,-6.25669931057345993e-06,-6.25669908618458206e-06,-6.25670043481377531e-06,1.34862919324505977e-12,1.12424031537125199e-12,6.37981185689175979e-13,-9.97977046179821255e-06,1.59146080202590421e-06,-1.33889130074800145e-06,-1.50430375342117707e-07,-9.97977051228852177e-06,1.59146080022298950e-06,-1.33889130280175586e-06,-1.50430376086041413e-07,-5.04903092262993375e-14,-1.80291471042846180e-15,-2.05375441215363986e-15,-7.43923705994373164e-16,-6.25670043481377531e-06,-6.25670107279496099e-06,-6.25670056878610005e-06,-6.25670064403910409e-06,19,2,1,5.76460752303767552e+17
12,3,51,-5.76314924884248084e-06,-5.76314933053853671e-06,-5.76314933093896476e-06,-4.71356436512397373e-06,-4.71356403494112459e-06,-4.71356339031521700e-06,6.44625907591600631e-13,9.74808756732206162e-13,1.77589322862206503e-12,-7.55865381317851834e-06,1.25058041799970719e-06,-1.02642654352337220e-06,-1.09649871781722817e-07,-7.55865393961499847e-06,1.25058037420540284e-06,-1.02642656724658585e-06,-1.09649883393989095e-07,-1.26436480134674376e-13,-4.37943043493578847e-14,-2.37232136485779040e-14,-1.16122662782361854e-14,-4.71356339031521700e-06,-4.71356161442198837e-06,-4.71356258975283843e-06,-4.71356335457746123e-06,19,2,1,5.76460752303767552e+17
13,0,52,-4.36995963163987609e-06,-4.36995964567464282e-06,-4.36995964433313321e-06,-3.55606536917687041e-06,-3.55606557189381529e-06,-3.55606674917479257e-06,1.17728097727426298e-12,1.37999792215192404e-12,3.29612559051988040e-12,-5.71926946125847432e-06,9.78199207682365500e-07,-7.86161454596044618e-07,-7.99397729789377948e-08,-5.71926947781158436e-06,9.78199221793020241e-07,-7.86161448637103142e-07,-7.99397692542682750e-08,-1.65531100314981160e-14,1.41106547409483194e-14,5.95894147607534943e-15,3.72466951978524122e-15,-3.55606674917479257e-06,-3.55606360353963403e-06,-3.55606689966522455e-06,-3.55606506103525809e-06,19,2,1,5.76460752303767552e+17
13,1,53,-3.31047097042646907e-06,-3.31047104838751663e-06,-3.31047104769873443e-06,-2.68789452245517429e-06,-2.68789498796703957e-06,-2.68789531344075695e-06,3.25473717377818992e-13,7.90985582662816124e-13,4.51871759750270031e-12,-4.32410330502566113e-06,7.61726632244094769e-07,-6.01666366189326541e-07,-5.83408783816712860e-08,-4.32410342621488227e-06,7.61726587824615095e-07,-6.01666390472933905e-07,-5.83408902001104328e-08,-1.21189221140717129e-13,-4.44194796742102601e-14,-2.42836073642286785e-14,-1.18184391467083412e-14,-2.68789531344075695e-06,-2.68789479162928108e-06,-2.68789514939508815e-06,-2.68789079472315945e-06,19,2,1,5.76460752303767552e+17
13,2,54,-2.50601425085099075e-06,-2.50601434955774121e-06,-2.50601435025283847e-06,-2.03638163978743708e-06,-2.03638188623958310e-06,-2.03638307078057421e-06,1.18454099110935321e-12,1.43099313713016983e-12,6.70811919848077480e-12,-3.26744781083536236e-06,5.90563512307701020e-07,-4.60177146695333322e-07,-4.26666637002412931e-08,-3.26744796492400640e-06,5.90563455065476178e-07,-4.60177176385024287e-07,-4.26666777362836016e-08,-1.54088644038871854e-13,-5.72422248422649153e-14,-2.96896909650267381e-14,-1.40360423085422075e-14,-2.03638307078057421e-06,-2.03637636266137573e-06,-2.03638179971111321e-06,-2.03637858468301129e-06,19,2,1,5.76460752303767552e+17
13,3,55,-1.89606619189011898e-06,-1.89606633822557336e-06,-1.89606633866820631e-06,-1.54709354486035324e-06,-1.54709375187987439e-06,-1.54709157790961621e-06,2.17397025818323966e-12,1.96695073702868339e-12,2.25340527902729106e-12,-2.46822787399983995e-06,4.55889684517787382e-07,-3.51793337424175502e-07,-3.13051669431543203e-08,-2.46822810400249221e-06,4.55889594276399660e-07,-3.51793382863759772e-07,-3.13051885032995013e-08,-2.30002652259206700e-13,-9.02413877228434066e-14,-4.54395842695386307e-14,-2.15601451810406787e-14,-1.54709157790961621e-06,-1.54709261833192774e-06,-1.54709353929502744e-06,-1.54709383131489524e-06,19,2,1,5.76460752303767552e+17
14,0,56,-1.43418241844001385e-06,-1.43418243330642887e-06,-1.43418243337115574e-06,-1.17913075554061871e-06,-1.17913031492535144e-06,-1.17912741948780533e-06,2.89543754611165237e-12,3.33605281338239382e-12,5.76651920785532421e-12,-1.86442037810729018e-06,3.50425037132222735e-07,-2.68854585828065111e-07,-2.30741321529077718e-08,-1.86442039357245161e-06,3.50425063219866175e-07,-2.68854572129944321e-07,-2.30741236250970817e-08,-1.54651614322869058e-14,2.60876434404001866e-14,1.36981207906361501e-14,8.52781069006067671e-15,-1.17912741948780533e-06,-1.17913021379152103e-06,-1.17913318600701318e-06,-1.17912904368536725e-06,19,2,1,5.76460752303767552e+17
14,1,57,-1.08480068378697070e-06,-1.08480052841145852e-06,-1.08480052703105676e-06,-9.01941363635178158e-07,-9.01941498419848155e-07,-9.01942406967337971e-07,9.08547489815485698e-13,1.04333215981280785e-12,3.33176424755984179e-12,-1.40867912970992050e-06,2.68213538783967335e-07,-2.05443166417147066e-07,-1.71086666292507418e-08,-1.40867887187360021e-06,2.68213691560822724e-07,-2.05443091820371084e-07,-1.71086287335360298e-08,2.57836320289165960e-13,1.52776855389585229e-13,7.45967759814637933e-14,3.78957147119282330e-14,-9.01942406967337971e-07,-9.01942199243639681e-07,-9.01944780270756216e-07,-9.01941448506508656e-07,19,2,1,5.76460752303767552e+17
14,2,58,-8.20755361212070692e-07,-8.20755290927928895e-07,-8.20755289828499399e-07,-6.92646126659962519e-07,-6.92646526992084953e-07,-6.92644639826847603e-07,1.88716523735034332e-12,1.48683311491600213e-12,7.14146801721888397e-12,-1.06494719937923970e-06,2.04414918328157890e-07,-1.56997565334155978e-07,-1.27791452888028000e-08,-1.06494708498151327e-06,2.04414972067123654e-07,-1.56997544167086541e-07,-1.27791359805131453e-08,1.14397726427983436e-13,5.37389657644250080e-14,2.11670694370289577e-14,9.30828965468463836e-15,-6.92644639826847603e-07,-6.92647993330575225e-07,-6.92651781294864822e-07,-6.92645075158402440e-07,19,2,1,5.76460752303767552e+17
14,3,59,-6.21337754499528505e-07,-6.21337626304506222e-07,-6.21337627929231458e-07,-5.34188004055938486e-07,-5.34188281433881674e-07,-5.34184014863099189e-07,4.26657078248540668e-12,3.98919283929705343e-12,5.71373723193198705e-12,-8.05820480219596831e-07,1.55123805445661502e-07,-1.20006967037942401e-07,-9.62843857408056958e-09,-8.05820274607467506e-07,1.55123897011620660e-07,-1.20006925861841217e-07,-9.62841894195350361e-09,2.05612129325881150e-13,9.15659591580952827e-14,4.11761011836673884e-14,1.96321270659647662e-14,-5.34184014863099189e-07,-5.34187285759585099e-07,-5.34189728600331121e-07,-5.34189496972816829e-07,19,2,1,5.76460752303767552e+17
15,0,60,-4.70795411874026600e-07,-4.70795115331686900e-07,-4.70795116102268401e-07,-4.13821810236386868e-07,-4.13821494359010629e-07,-4.13820691567236578e-07,8.02791774050596858e-13,1.11866915029005043e-12,8.64059872100492871e-12,-6.10515881646931926e-07,1.17207273529515602e-07,-9.17744537911735337e-08,-7.32616540238784329e-09,-6.10515407145494855e-07,1.17207487552040983e-07,-9.17743511591660417e-08,-7.32611535910878727e-09,4.74501437071514454e-13,2.14022525380819509e-13,1.02632007492032374e-13,5.00432790560178620e-14,-4.13820691567236578e-07,-4.13816792126042095e-07,-4.13821029706633911e-07,-4.13825432724763100e-07,19,2,1,5.76460752303767552e+17
15,1,61,-3.57168656053095264e-07,-3.57168371603754902e-07,-3.57168373423023913e-07,-3.22054085650490119e-07,-3.22055996739847063e-07,-3.22053329135394042e-07,2.66760445302096115e-12,7.56515096077225687e-13,4.22565245992383815e-12,-4.63300597722340666e-07,8.81674004454913204e-08,-7.02311967665553394e-08,-5.63416042201361127e-09,-4.63300149465971973e-07,8.81675731604231817e-08,-7.02311168200647542e-08,-5.63412328918048151e-09,4.48256368693279234e-13,1.72714931861211547e-13,7.99464905851783735e-14,3.71328331297530816e-14,-3.22053329135394042e-07,-3.22057433942616028e-07,-3.22057554787853966e-07,-3.22053369883377907e-07,19,2,1,5.76460752303767552e+17
15,2,62,-2.71394857424792145e-07,-2.71394601707417312e-07,-2.71394601348123776e-07,-2.51796701850005466e-07,-2.51798216610923260e-07,-2.51801405413342105e-07,3.18880241884557600e-12,4.70356333663931182e-12,4.68639182129967138e-12,-3.52287365176485148e-07,6.60228269570382005e-08,-5.37928277471944428e-08,-4.38141799827613548e-09,-3.52286968093497455e-07,6.60229570477667401e-08,-5.37927681020239831e-08,-4.38139129447667714e-09,3.97082987693177236e-13,1.30090728539599867e-13,5.96451704596610473e-14,2.67037994583413441e-14,-2.51801405413342105e-07,-2.51797565098137052e-07,-2.51797725355749256e-07,-2.51796719021520805e-07,19,2,1,5.76460752303767552e+17
15,3,63,-2.06618173169671866e-07,-2.06618210976037069e-07,-2.06618211009072387e-07,-1.97766768640333911e-07,-1.97768768349915565e-07,-1.97764027098436890e-07,4.74125147867479577e-12,2.74154189702103497e-12,8.16605746888503077e-12,-2.68508812918506691e-07,4.92104528507783421e-08,-4.12474712184560042e-08,-3.44540462508437980e-09,-2.68508892896564169e-07,4.92103368945011400e-08,-4.12475321781562110e-08,-3.44543796186917430e-09,-7.99780574781844018e-14,-1.15956277202091826e-13,-6.09597002068266604e-14,-3.33367847944938626e-14,-1.97764027098436890e-07,-1.97769779569509771e-07,-1.97761613512040886e-07,-1.97763613173787281e-07,19,2,1,5.76460752303767552e+17
16,0,64,-1.57660700079226084e-07,-1.57660597647025326e-07,-1.57660596445477141e-07,-1.56015806479370776e-07,-1.56017102331265599e-07,-1.56015029376651924e-07,2.07295461367419238e-12,7.77102718851246569e-13,4.11086646767475609e-12,-2.05210850564489235e-07,3.65030295657338865e-08,-3.16694558735347553e-08,-2.73857823239859924e-09,-2.05210698101841061e-07,3.65030607184621391e-08,-3.16694358662990957e-08,-2.73856832352380383e-09,1.52462648173694112e-13,3.11527282525948140e-14,2.00072356595958923e-14,9.90887479541018593e-15,-1.56015029376651924e-07,-1.56016576045563157e-07,-1.56016347410260514e-07,-1.56019140243119599e-07,19,2,1,5.76460752303767552e+17
16,1,65,-1.20617221764983547e-07,-1.20617106397541111e-07,-1.20617104892103578e-07,-1.23593571497293196e-07,-1.23595833478588749e-07,-1.23589262739059970e-07,6.57073952877950056e-12,4.30875823322598050e-12,9.48728536934724663e-12,-1.57312834559523185e-07,2.69418030213365952e-08,-2.43524288654282490e-08,-2.19844976337885264e-09,-1.57312660125980730e-07,2.69418488666022887e-08,-2.43524016695531518e-08,-2.19843684542135259e-09,1.74433542454425862e-13,4.58452656935290106e-14,2.71958750971837932e-14,1.29179575000542250e-14,-1.23589262739059970e-07,-1.23590244920887704e-07,-1.23597771760794573e-07,-1.23598750024429317e-07,19,2,1,5.76460752303767552e+17
16,2,66,-9.25461814262387136e-08,-9.25458809972234711e-08,-9.25458799072174553e-08,-9.82879013577287461e-08,-9.82902681851654337e-08,-9.82885024008984648e-08,1.76578426696890446e-12,6.01043169718737997e-13,1.17803925185449506e-11,-1.20997382360933223e-07,1.97811791906676237e-08,-1.87579719355337841e-08,-1.78046371176981895e-09,-1.20996908400502739e-07,1.97813756258530048e-08,-1.87578700868393099e-08,-1.78041394764838950e-09,4.73960430484188453e-13,1.96435185381101704e-13,1.01848694474280908e-13,4.97641214294501879e-14,-9.82885024008984648e-08,-9.82914048509170826e-08,-9.82796244583985376e-08,-9.82889074993223831e-08,19,2,1,5.76460752303767552e+17
16,3,67,-7.12341123880576202e-08,-7.12339113035388715e-08,-7.12339098661283540e-08,-7.84379925695787438e-08,-7.84412950985645444e-08,-7.84410520162822736e-08,2.43082282270782189e-13,3.05944670352976786e-12,6.15729581555702249e-12,-9.33986530732367980e-08,1.44440765972594677e-08,-1.44759709804007171e-08,-1.45280880833776892e-09,-9.33983441903656032e-08,1.44441685443588864e-08,-1.44759252242748817e-08,-1.45278901103987133e-09,3.08882871194722640e-13,9.19470994187498862e-14,4.57561258354404871e-14,1.97972978975908555e-14,-7.84410520162822736e-08,-7.84410004261590517e-08,-7.84456344953565099e-08,-7.84394771995409529e-08,19,2,1,5.76460752303767552e+17
17,0,68,-5.50168134376970746e-08,-5.50168121530128576e-08,-5.50168105536563573e-08,-6.27914321082626708e-08,-6.27942378791267071e-08,-6.27980931825010148e-08,3.85530337430771513e-12,6.66107423834407282e-12,7.85075237939202169e-12,-7.23665434905160373e-08,1.04858267781910851e-08,-1.11942653635472864e-08,-1.19272990511967191e-09,-7.23665584948171000e-08,1.04857542255745417e-08,-1.11943008717024217e-08,-1.19275038983770171e-09,-1.50043010627254366e-14,-7.25526165434696909e-14,-3.55081551353447038e-14,-2.04847180297995560e-14,-6.27980931825010148e-08,-6.27976889971458441e-08,-6.27910606985842447e-08,-6.27902424301216228e-08,19,2,1,5.76460752303767552e+17
17,1,69,-4.26436907574416984e-08,-4.26440229880900801e-08,-4.26440231361866375e-08,-5.04011323151871849e-08,-5.04022165281337905e-08,-5.04013160236147663e-08,9.00504519024193039e-13,1.83708427581434127e-13,1.04525968558535096e-11,-5.62883597395772684e-08,7.56537617755239545e-09,-8.67534273394819708e-09,-9.83869705145617769e-10,-5.62889092328224269e-08,7.56505901852935777e-09,-8.67549609262038848e-09,-9.83947131779804338e-10,-5.49493245158547995e-13,-3.17159023037678056e-13,-1.53358672191400427e-13,-7.74266341865690038e-14,-5.04013160236147663e-08,-5.04014206028023167e-08,-5.04020842364301333e-08,-5.04117686204706198e-08,19,2,1,5.76460752303767552e+17
17,2,70,-3.31752139597845628e-08,-3.31754833655406644e-08,-3.31754849855337592e-08,-4.05470249300422225e-08,-4.05480321452340861e-08,-4.05560637005434823e-08,8.03155530939617709e-12,9.03877050125976997e-12,1.26345735061668184e-11,-4.39544795035064153e-08,5.42230793107011420e-09,-6.73854367371100250e-09,-8.14395470117884180e-10,-4.39549152080389829e-08,5.42210318773927120e-09,-6.73863361522710037e-09,-8.14437613889822450e-10,-4.35704532567521649e-13,-2.04743330842997552e-13,-8.99415160978701210e-14,-4.21437719382699430e-14,-4.05560637005434823e-08,-4.05434291270373154e-08,-4.05462926953089895e-08,-4.05532535096662596e-08,19,2,1,5.76460752303767552e+17
17,3,71,-2.59054673750247632e-08,-2.59061236851296006e-08,-2.59061234594712785e-08,-3.26793564690651529e-08,-3.26801001065642532e-08,-3.26727278564868671e-08,7.37225007738609644e-12,6.62861257828579912e-12,1.32907741350034832e-11,-3.44572026024423902e-08,3.85869975067864901e-09,-5.24644966705036512e-09,-6.75663311757464927e-10,-3.44582557908124011e-08,3.85821536312928831e-09,-5.24668012365573468e-09,-6.75775444604718916e-10,-1.05318837001088129e-12,-4.84387549360695125e-13,-2.30456605369559608e-13,-1.12132847253988444e-13,-3.26727278564868671e-08,-3.26860186306218706e-08,-3.26787630422681533e-08,-3.26825538784864523e-08,19,2,1,5.76460752303767552e+17
18,0,72,-2.03038323698701552e-08,-2.03040118216139496e-08,-2.03040132427922454e-08,-2.63758108186081359e-08,-2.63778711883656369e-08,-2.63717123938789533e-08,6.15879448668357477e-12,4.09842472918265020e-12,1.09054299173580679e-11,-2.71148384112294431e-08,2.72481472179797276e-09,-4.09451707856754886e-09,-5.61284795498470212e-10,-2.71151051688535319e-08,2.72478931478971705e-09,-4.09451362055170026e-09,-5.61276632725933622e-10,-2.66757624088796950e-13,-2.54070082557183862e-14,3.45801584859244583e-15,8.16277253659012295e-15,-2.63717123938789533e-08,-2.63760997393472722e-08,-2.63810598165061995e-08,-2.63826178237963113e-08,19,2,1,5.76460752303767552e+17
18,1,73,-1.59711118930829789e-08,-1.59710431900513251e-08,-1.59710418861725872e-08,-2.13102887591035317e-08,-2.13120022384113459e-08,-2.13173037941460618e-08,5.30155573471585288e-12,7.01503504253006181e-12,1.28030121238885504e-11,-2.14147633438300135e-08,1.90791247392571515e-09,-3.20317363373088571e-09,-4.66467777218167590e-10,-2.14146295679016811e-08,1.90807267951142407e-09,-3.20308809684751849e-09,-4.66422162303280005e-10,1.33775928332437585e-13,1.60205585708921792e-13,8.55368833672221670e-14,4.56149148875847961e-14,-2.13173037941460618e-08,-2.13083581320258571e-08,-2.13103044975485044e-08,-2.13045007820221732e-08,19,2,1,5.76460752303767552e+17
18,2,74,-1.26066029143837882e-08,-1.26068920795057222e-08,-1.26068939496138590e-08,-1.72293373816818438e-08,-1.72319275063699459e-08,-1.72385745772062009e-08,6.64707083625493843e-12,9.23719552435710709e-12,1.20608197839499268e-11,-1.69708197103718364e-08,1.32351668107299252e-09,-2.51181331591315675e-09,-3.87558989365645944e-10,-1.69712717780599781e-08,1.32334346288615869e-09,-2.51190471122400363e-09,-3.87605249171937462e-10,-4.52067688141703929e-13,-1.73218186833831736e-13,-9.13953108468814789e-14,-4.62598062915181014e-14,-1.72385745772062009e-08,-1.72333515513644294e-08,-1.72321577696304368e-08,-1.72265137574222510e-08,19,2,1,5.76460752303767552e+17
18,3,75,-9.98340220430826595e-09,-9.98408083248943717e-09,-9.98407877591143738e-09,-1.39348612486012624e-08,-1.39363080668111651e-08,-1.39300299982830801e-08,6.27806852808502713e-12,4.83125031818232067e-12,4.48124906380355302e-12,-1.34914558475164303e-08,9.08650034426163521e-10,-1.97422962021099607e-09,-3.21723188171498381e-10,-1.34925341693487885e-08,9.08179877903898524e-10,-1.97446641347704961e-09,-3.21839648955065631e-10,-1.07832183235821183e-12,-4.70156522264996877e-13,-2.36793266053539345e-13,-1.16460783567250295e-13,-1.39300299982830801e-08,-1.39345112473468836e-08,-1.39342392947481933e-08,-1.39304405695875545e-08,19,2,1,5.76460752303767552e+17
19,0,76,-7.92992204349353925e-09,-7.93020579654998348e-09,-7.93020653642469663e-09,-1.12710441840507713e-08,-1.12711588272055797e-08,-1.12778200596865512e-08,6.66123248097145006e-12,6.77587563577988994e-12,1.14307478194361642e-11,-1.07559451073458382e-08,6.16606588628902446e-10,-1.55515175028846424e-09,-2.66721173019151774e-10,-1.07563726115614622e-08,6.16519840702144164e-10,-1.55518895388534133e-09,-2.66733303972457380e-10,-4.27504215624038580e-13,-8.67479267582812650e-14,-3.72035968770914173e-14,-1.21309533056068035e-14,-1.12778200596865512e-08,-1.12726677037862350e-08,-1.12748045448263738e-08,-1.12663893118671150e-08,19,2,1,5.76460752303767552e+17
19,1,77,-6.31605955740237237e-09,-6.31660864827745981e-09,-6.31660944474649238e-09,-9.11466185474248764e-09,-9.11553877761269645e-09,-9.11830585463683707e-09,2.76707702414061332e-12,3.64399989434942439e-12,1.82674937726582423e-11,-8.59663548492275276e-09,4.12938863255607024e-10,-1.22761529105597696e-09,-2.20754169682961785e-10,-8.59749229784300471e-09,4.12627982634948581e-10,-1.22777101142935129e-09,-2.20827848284330566e-10,-8.56812920251956156e-13,-3.10880620658442733e-13,-1.55720373374323405e-13,-7.36786013687804959e-14,-9.11830585463683707e-09,-9.10657567123995133e-09,-9.11459161398169798e-09,-9.12484316501260958e-09,19,2,1,5.76460752303767552e+17
19,2,78,-5.04286075032223847e-09,-5.04346096839335247e-09,-5.04346014398553205e-09,-7.36771203771513067e-09,-7.36672416592226608e-09,-7.37115319136148684e-09,4.42902543922075979e-12,3.44115364635616784e-12,8.07483066091416937e-12,-6.88571538846333253e-09,2.72386809606892375e-10,-9.70969980563928027e-10,-1.82355578231863402e-10,-6.88664868420711412e-09,2.72063148212680773e-10,-9.71130655898548988e-10,-1.82430080208399578e-10,-9.33295743781586989e-13,-3.23661394211602378e-13,-1.60675334620960934e-13,-7.45019765361758409e-14,-7.37115319136148684e-09,-7.37206064592027251e-09,-7.36398581525935834e-09,-7.36523529938287099e-09,19,2,1,5.76460752303767552e+17
19,3,79,-4.03479534327964011e-09,-4.03542389925473478e-09,-4.03542403750952204e-09,-5.95188662057658381e-09,-5.95106053687971203e-09,-5.93967383027666247e-09,1.13867066030495606e-11,1.22127902999213410e-11,1.68390025028675955e-11,-5.52534109794225857e-09,1.76542119613412515e-10,-7.69368879999806829e-10,-1.50314256334714237e-10,-5.52631425608102678e-09,1.76221407986606316e-10,-7.69528100423257301e-10,-1.50387058757530149e-10,-9.73158138768205608e-13,-3.20711626806198832e-13,-1.59220423450471846e-13,-7.28024228159112192e-14,-5.93967383027666247e-09,-5.95165518957144473e-09,-5.95651283277953007e-09,-5.95165881669540623e-09,19,2,1,5.76460752303767552e+17
20,0,80,-3.23398530883552896e-09,-3.23385976414996720e-09,-3.23385958205261232e-09,-4.80432745688662240e-09,-4.79974554079080791e-09,-4.80763029631004114e-09,7.88475551923322702e-12,3.30283942341873214e-12,1.95199159401198050e-11,-4.44027315059547965e-09,1.12078098611181695e-10,-6.10623835612684128e-10,-1.23620068479905889e-10,-4.44002245816154387e-09,1.12387630998481705e-10,-6.10469108125293605e-10,-1.23535389369436402e-10,2.50692433935780733e-13,3.09532387300010063e-13,1.54727487390522819e-13,8.46791104694871673e-14,-4.80763029631004114e-09,-4.81104706164468733e-09,-4.80009909939292648e-09,-4.79152714570456752e-09,19,2,1,5.76460752303767552e+17
20,1,81,-2.59588951915568119e-09,-2.59594574351117114e-09,-2.59594618782690564e-09,-3.87439491245164303e-09,-3.87248153865372021e-09,-3.87590899465536045e-09,3.42745600164023426e-12,1.51408220371741511e-12,1.27247161851979755e-11,-3.57237661709078000e-09,6.94162361731516008e-11,-4.85337454586039155e-10,-1.01424199218831120e-10,-3.57243558310123606e-09,6.94913536471255038e-11,-4.85315727672293944e-10,-1.01412755553614713e-10,-5.89660104560623745e-14,7.51174739739029918e-14,2.17269137452105363e-14,1.14436652164073059e-14,-3.87590899465536045e-09,-3.87697192691151958e-09,-3.86424721072632160e-09,-3.87078940874236627e-09,19,2,1,5.76460752303767552e+17
20,2,82,-2.08607531778184171e-09,-2.08618765508952101e-09,-2.08618868793813566e-09,-3.12115735032468327e-09,-3.11788886218085606e-09,-3.11393416115921354e-09,3.95470102164252427e-12,7.22318916546972780e-12,5.37349359018304999e-12,-2.87650945840764103e-09,4.17258276790540158e-11,-3.86244979500244778e-10,-8.30098610338573006e-11,-2.87666703111354843e-09,4.17205961885550911e-11,-3.86264222973495150e-10,-8.30190163374813296e-11,-1.57572705907401269e-13,-5.23149049892475107e-15,-1.92434732503714522e-14,-9.15530362402896392e-15,-3.11393416115921354e-09,-3.11262356575731943e-09,-3.11799705934750248e-09,-3.11266672402605144e-09,19,2,1,5.76460752303767552e+17
20,3,83,-1.67779912428960929e-09,-1.67752414124394569e-09,-1.67752320062418635e-09,-2.51144830582153412e-09,-2.50835598083908714e-09,-2.51828854164295038e-09,9.93256080386323385e-12,6.84023582141626136e-12,1.22089405505541850e-11,-2.31744133186515181e-09,2.41780429591367627e-11,-3.07714560455500458e-10,-6.77699435178767288e-11,-2.31697734759940728e-09,2.44701371391166204e-11,-3.07582276131167511e-10,-6.77024443981264474e-11,4.63984265744531786e-13,2.92094179979857718e-13,1.32284324332946681e-13,6.74991197502814453e-14,-2.51828854164295038e-09,-2.51574657465643370e-09,-2.52795551520698789e-09,-2.51984398916174225e-09,19,2,1,5.76460752303767552e+17
21,0,84,-1.35019027101486151e-09,-1.35031168264767972e-09,-1.35031139617368158e-09,-2.01833716986900591e-09,-2.01645910640944207e-09,-2.01436412726040268e-09,2.09497914903938758e-12,3.97304260860322655e-12,1.64370816530036324e-11,-1.86753937997190116e-09,1.33923299452792036e-11,-2.45367612493100296e-10,-5.51896134849188353e-11,-1.86772916263187995e-09,1.33020824009815875e-11,-2.45430709739653855e-10,-5.52228348834078128e-11,-1.89782659978787367e-13,-9.02475442976161231e-14,-6.30972465535588759e-14,-3.32213984889774360e-14,-2.01436412726040268e-09,-2.02523014652448453e-09,-2.02326383947645965e-09,-2.00879306487148090e-09,19,2,1,5.76460752303767552e+17
21,1,85,-1.08688390250535789e-09,-1.08678046945520155e-09,-1.08678014391042091e-09,-1.61992657489292080e-09,-1.62050827574354964e-09,-1.62120787016148101e-09,6.99594417931369253e-13,1.28129526856021142e-12,7.89767185646120315e-12,-1.50502394077366700e-09,7.02820981703867448e-12,-1.95789837015159409e-10,-4.48323191451499732e-11,-1.50484996068370723e-09,7.13146648946614783e-12,-1.95747547624003090e-10,-4.48099642127909364e-11,1.73980089959776730e-13,1.03256672427473349e-13,4.22893911563187124e-14,2.23549323590367718e-14,-1.62120787016148101e-09,-1.62100950881438968e-09,-1.62736713657745855e-09,-1.61946946472099734e-09,19,2,1,5.76460752303767552e+17
21,2,86,-8.74988918225300789e-10,-8.74970821331867039e-10,-8.74971044717794131e-10,-1.29839360854436732e-09,-1.29805575824752781e-09,-1.28957245744697293e-09,8.48330080055488155e-12,8.82115109739439123e-12,2.38682100300820044e-11,-1.21264910656311078e-09,3.48592649764326214e-12,-1.56310974797196279e-10,-3.63283157426614128e-11,-1.21261808398603037e-09,3.49872758312292067e-12,-1.56313393800329750e-10,-3.63294315163134592e-11,3.10225770804160640e-14,1.28010854796585368e-14,-2.41900313347055755e-15,-1.11577365204647057e-15,-1.28957245744697293e-09,-1.29858448590108269e-09,-1.29589417508743262e-09,-1.31344066747705493e-09,19,2,1,5.76460752303767552e+17
21,3,87,-7.04305831439102831e-10,-7.03854923208455236e-10,-7.03854922811344126e-10,-1.03922506168268291e-09,-1.03975848118764606e-09,-1.05630811720977147e-09,1.65496360221254079e-11,1.70830555270885530e-11,2.47257785264956072e-11,-9.76699971289177755e-10,1.68848251694649033e-12,-1.24836529392187846e-10,-2.93650299722714047e-11,-9.75970918859049779e-10,2.04833702992640423e-12,-1.24662173984284486e-10,-2.92773930399216383e-11,7.29052430127975542e-13,3.59854512979913900e-13,1.74355407903360015e-13,8.76369323497663752e-14,-1.05630811720977147e-09,-1.04749182996256217e-09,-1.04408352365135446e-09,-1.03158233868327586e-09,19,2,1,5.76460752303767552e+17
22,0,88,-5.66731611718676899e-10,-5.67227312991928949e-10,-5.67226108922974607e-10,-8.30601041688413135e-10,-8.26010364568772545e-10,-8.41045675621364710e-10,1.50353110525921642e-11,1.04446339329515745e-11,2.06209801331945860e-11,-7.86226905661466918e-10,9.23972445143919034e-13,-9.97189402561015553e-11,-2.36788721189786067e-11,-7.87039843992903505e-10,4.59359995854516277e-13,-9.99625133476449407e-11,-2.38041039157237326e-11,-8.12938331436586999e-13,-4.64612449289402757e-13,-2.43573091543385361e-13,-1.25231796745125969e-13,-8.41045675621364710e-10,-8.23200874180760198e-10,-8.20424695488170124e-10,-8.35983970788091516e-10,19,2,1,5.76460752303767552e+17
22,1,89,-4.55804602793075878e-10,-4.56708945629113531e-10,-4.56709024037393033e-10,-6.62897747719825524e-10,-6.59931421082301656e-10,-6.57663495398476309e-10,2.26792568382534620e-12,5.23425232134921491e-12,3.18222283839894605e-11,-6.32457537615717756e-10,7.32468462868592902e-13,-7.96586662963059101e-11,-1.90481880382086768e-11,-6.33915592924931449e-10,2.47791711129625345e-14,-8.00062513835875261e-11,-1.92179616269040611e-11,-1.45805530921369268e-12,-7.07689291755630367e-13,-3.47585087281615965e-13,-1.69773588695384273e-13,-6.57663495398476309e-10,-6.87617340415083667e-10,-6.55795112031094206e-10,-6.73655832800178182e-10,19,2,1,5.76460752303767552e+17
22,2,90,-3.66354799741255796e-10,-3.66796654098711660e-10,-3.66798071059598357e-10,-5.28283404206903602e-10,-5.22429451847998059e-10,-5.27020148594091418e-10,4.59069674609335881e-12,1.26325561281218384e-12,6.81994367785275471e-12,-5.08342649423873296e-10,8.25525548965154113e-13,-6.36280361985313552e-11,-1.52871665504701106e-11,-5.09030324204139702e-10,6.05714583649081735e-13,-6.37190350139835071e-11,-1.53228651560814930e-11,-6.87674780266406087e-13,-2.19810965316072377e-13,-9.09988154521519059e-14,-3.56986056113823798e-14,-5.27020148594091418e-10,-5.27740452184679970e-10,-5.24737496401709864e-10,-5.20920508506827215e-10,19,2,1,5.76460752303767552e+17
22,3,91,-2.94233596349827977e-10,-2.94508136313650302e-10,-2.94508067316355278e-10,-4.20389713669795973e-10,-4.15794558322896803e-10,-4.34336627354037768e-10,1.85420690311409657e-11,1.39469136842417954e-11,3.21223523835059561e-11,-4.08203337877823870e-10,1.02947150430194070e-12,-5.08124298767096318e-11,-1.22405495553857586e-11,-4.08614988147815995e-10,9.59454082485691967e-13,-5.08365765217016394e-11,-1.22458922260486737e-11,-4.11650269992124500e-13,-7.00174218162487343e-14,-2.41466449920075845e-14,-5.34267066291512620e-15,-4.34336627354037768e-10,-4.02214274970531812e-10,-4.04844651805039053e-10,-4.11541747486391314e-10,19,2,1,5.76460752303767552e+17
23,0,92,-2.36103782365407000e-10,-2.37000412092431037e-10,-2.36999079588326007e-10,-3.34043444810469873e-10,-3.37766817554687394e-10,-3.27897911900563025e-10,9.86890565412436829e-12,6.14553290990684738e-12,1.42152513465173927e-11,-3.27455222645272707e-10,1.24587317742209675e-12,-4.05647071348972571e-11,-9.77904298252041109e-12,-3.28872965328151645e-10,6.59518498017462080e-13,-4.08560827651376287e-11,-9.92088646899755917e-12,-1.41774268287893724e-12,-5.86354679404634670e-13,-2.91375630240371555e-13,-1.41843486477148080e-13,-3.27897911900563025e-10,-3.13682660554045633e-10,-3.16161222279152898e-10,-3.26079379097539959e-10,19,2,1,5.76460752303767552e+17
23,1,93,-1.89275412960373912e-10,-1.89660578138481723e-10,-1.89659037364376628e-10,-2.65047148677242197e-10,-2.58228827649845366e-10,-2.65689734822823804e-10,7.46090717297843879e-12,6.42586145581607276e-13,1.34531408960968221e-11,-2.62391566035240166e-10,1.42433467239802959e-12,-3.23697743960686038e-11,-7.79533816391961958e-12,-2.62967606508472833e-10,1.32483940312867849e-12,-3.24111546157671695e-11,-7.80741078807008436e-12,-5.76040473232666329e-13,-9.94952692693511085e-14,-4.13802196985656278e-14,-1.20726241504647797e-14,-2.65689734822823804e-10,-2.68200612864020581e-10,-2.70319191474756909e-10,-2.56866050578660086e-10,19,2,1,5.76460752303767552e+17
23,2,94,-1.51576815461695109e-10,-1.51897815185602164e-10,-1.51898381369228664e-10,-2.09999535096783358e-10,-2.06317325748354454e-10,-2.05855340441993852e-10,4.61985306360601934e-13,4.14419465478950600e-12,1.78574561421840063e-11,-2.10011752665760436e-10,1.54405346813886484e-12,-2.58169433941992772e-11,-6.20067438996374350e-12,-2.10485868319676053e-10,1.47701244969216137e-12,-2.58520746737607699e-11,-6.21286096683587114e-12,-4.74115653915616461e-13,-6.70410184467034721e-14,-3.51312795614927403e-14,-1.21865768721276422e-14,-2.05855340441993852e-10,-2.23712796584177858e-10,-2.17518091690388674e-10,-2.13938779323053074e-10,19,2,1,5.76460752303767552e+17
23,3,95,-1.21252654440222616e-10,-1.21287484970786635e-10,-1.21285173505250837e-10,-1.66148423784362503e-10,-1.61209263618861637e-10,-1.37345687045655660e-10,2.38635765732059774e-11,2.88027367387068438e-11,2.62207478487307993e-11,-1.67884900449639074e-10,1.60154598409915746e-12,-2.05782914645629630e-11,-4.92187819532082607e-12,-1.67900091429550902e-10,1.74332378366907137e-12,-2.05151166529010363e-11,-4.88645052497192023e-12,-1.51909799118281802e-14,1.41777799569913913e-13,6.31748116619266686e-14,3.54276703489058420e-14,-1.37345687045655660e-10,-1.33444158728015321e-10,-1.59664906576746121e-10,-1.47075283401659049e-10,19,2,1,5.76460752303767552e+17
24,0,96,-9.68829714288246936e-11,-9.54759694542716649e-11,-9.54746704322309526e-11,-1.31270231344038053e-10,-1.28400700988010277e-10,-1.08172658400942039e-10,2.02280425870682382e-11,2.30975729430960139e-11,4.12061618052839328e-11,-1.34040878547761185e-10,1.60266185242110335e-12,-1.63916649328462945e-11,-3.89882484719281488e-12,-1.31736254890235555e-10,2.85573026337222615e-12,-1.57803415433071147e-11,-3.59214467535323879e-12,2.30462365752563066e-12,1.25306841095112281e-12,6.11323389539179743e-13,3.06680171839576091e-13,-1.08172658400942039e-10,-1.49378820206225972e-10,-1.17386596746559681e-10,-1.23394394823580428e-10,19,2,1,5.76460752303767552e+17
24,1,97,-7.73185791180243380e-11,-7.50773192819713411e-11,-7.50784611740782965e-11,-1.03571314594906817e-10,-1.04511076818561737e-10,-1.00078376765393928e-10,4.43270005316780843e-12,3.49293782951288842e-12,2.42426458822400873e-11,-1.06882838113717398e-10,1.55754483730210977e-12,-1.30472846017019475e-11,-3.08227077682682394e-12,-1.03275457771975185e-10,3.25498249496878273e-12,-1.22411013691718029e-11,-2.69176024941508514e-12,3.60738034174221326e-12,1.69743765766667296e-12,8.06183232530144546e-13,3.90510527411738799e-13,-1.00078376765393928e-10,-1.00806229042472907e-10,-1.20104554346693453e-10,-9.58619084644533662e-11,19,2,1,5.76460752303767552e+17
24,2,98,-6.16292914940435430e-11,-5.97209449923537212e-11,-5.97224036197453115e-11,-8.16072079321742857e-11,-8.58959021907052833e-11,-7.16801775609604782e-11,1.42157246297448051e-11,9.92703037121380751e-12,1.38729938150758473e-11,-8.51167450224848894e-11,1.47758273515291481e-12,-1.03771580772867673e-11,-2.43201165845756754e-12,-8.21042011374561385e-11,2.63955983241146600e-12,-9.85583769646390307e-12,-2.19477167123953445e-12,3.01254388502875089e-12,1.16197709725855119e-12,5.21320380822864270e-13,2.37239987218033092e-13,-7.16801775609604782e-11,-8.07226257015011459e-11,-7.53291330309684372e-11,-8.55531713760363255e-11,19,2,1,5.76460752303767552e+17
24,3,99,-4.90622865434205535e-11,-4.71058166064327394e-11,-4.71064574326897413e-11,-6.42166074717165448e-11,-6.88964886480658868e-11,-5.73661543891970676e-11,1.15303342588688191e-11,6.85045308251947719e-12,3.82775481949666536e-11,-6.76944264319508305e-11,1.37367570910404938e-12,-8.24668605889027592e-12,-1.91532409890852903e-12,-6.46382742372523388e-11,2.44155337868635076e-12,-7.75954389988526353e-12,-1.69409421403461745e-12,3.05615219469849173e-12,1.06787766958230137e-12,4.87142159005012388e-13,2.21229884873911575e-13,-5.73661543891970676e-11,-5.34931897501463161e-11,-9.11839245703526829e-11,-5.29063763753860293e-11,19,2,1,5.76460752303767552e+17
25,0,100,-3.90085152201603160e-11,-3.71737192384019383e-11,-3.71737676768397116e-11,-5.04674511958428456e-11,-5.36012266143999784e-11,-8.11965511948355504e-11,2.75953245804355720e-11,3.07290999989927048e-11,4.48297091507009034e-11,-5.37674215720135945e-11,1.25535534138621665e-12,-6.54799073925589105e-12,-1.50565347031740400e-12,-5.09335255316625432e-11,2.13195119980833715e-12,-6.14060715156198922e-12,-1.32344987103549085e-12,2.83389604035105126e-12,8.76595858422120502e-13,4.07383587693901837e-13,1.82203599281913150e-13,-8.11965511948355504e-11,-3.63668420441346470e-11,-7.86889732724061857e-11,-6.72798972584095670e-11,19,2,1,5.76460752303767552e+17
25,1,101,-3.09755323603252500e-11,-3.11002917326123436e-11,-3.11012151514073443e-11,-3.96129557931361907e-11,-4.30838406081997593e-11,-5.99773882683353878e-11,1.68935476601356285e-11,2.03644324751991972e-11,4.14199203269100401e-11,-4.26495112002063153e-11,1.13043521855424016e-12,-5.19460016942682841e-12,-1.18151380256484601e-12,-4.29973063823992083e-11,3.80104615565655147e-13,-5.58255799940925173e-12,-1.39534822260208044e-12,-3.47795182192893040e-13,-7.50330602988585012e-13,-3.87957829982423315e-13,-2.13834420037234432e-13,-5.99773882683353878e-11,-1.85574679414253477e-11,-2.76592082465637704e-11,-3.04873747969554062e-11,19,2,1,5.76460752303767552e+17
25,2,102,-2.45654782396480748e-11,-2.57005979167394555e-11,-2.57016754666782086e-11,-3.10558171889345235e-11,-3.07578998647897437e-11,-4.01448483162482251e-11,9.38694845145848140e-12,9.08903112731370166e-12,3.59254501410084799e-11,-3.37862497101150977e-11,1.00497726673614182e-12,-4.11720431977776922e-12,-9.25569558336167690e-13,-3.57258432875490095e-11,-3.25712552993364376e-13,-4.74570532075317366e-12,-1.24159911181028301e-12,-1.93959357743391177e-12,-1.33068981972950620e-12,-6.28501000975404441e-13,-3.16029553474115315e-13,-4.01448483162482251e-11,-5.41589338411970990e-11,-3.70942571258175960e-11,-1.82334837001886191e-11,19,2,1,5.76460752303767552e+17
25,3,103,-1.94572076174773120e-11,-2.08088473679328417e-11,-2.08083701934699420e-11,-2.43191145239875454e-11,-2.18499564304830126e-11,-6.71396120079420414e-11,4.52896555774590320e-11,4.28204974839544992e-11,8.72232582023131304e-11,-2.67301669850587405e-11,8.83432080142283984e-13,-3.26026059062716158e-12,-7.23872386130989418e-13,-2.89602520365746142e-11,-3.25728623553156782e-13,-3.79428571866271117e-12,-9.79204808389851071e-13,-2.23008505151587371e-12,-1.20916070369544077e-12,-5.34025128035549598e-13,-2.55332422258861653e-13,-6.71396120079420414e-11,-3.95554351138044506e-11,-1.84274528575341188e-12,2.00836461943710858e-11,19,2,1,5.76460752303767552e+17
26,0,104,-1.53917705436140533e-11,-1.85682973694414631e-11,-1.85690459145097872e-11,-1.90226997313257534e-11,-2.26882427584873317e-11,-1.72291142384486044e-12,2.09653313346424721e-11,1.72997883074808938e-11,4.85030241673263091e-11,-2.11205748247499123e-11,7.68861947352558904e-13,-2.57927475918083167e-12,-5.65229311477034473e-13,-2.62486087168533345e-11,-1.68672448562486018e-12,-3.73118048120708833e-12,-1.12550633738565281e-12,-5.12803389210342221e-12,-2.45558643297741909e-12,-1.15190572202625666e-12,-5.60277025908618332e-13,-1.72291142384486044e-12,-3.97419539749365892e-11,-1.06920560363935673e-11,8.76107019238971992e-12,19,2,1,5.76460752303767552e+17
26,1,105,-1.21606093563125055e-11,-1.37667998675870010e-11,-1.37662610209646322e-11,-1.48640767382883346e-11,-1.30085161169947441e-11,-2.02341598565191944e-11,7.22564373952445027e-12,5.37008311823085981e-12,3.02392266581334681e-11,-1.66671208965377914e-11,6.63190390633355764e-13,-2.03862028878658474e-12,-4.40681755194512591e-13,-1.91717691488919774e-11,-1.27329500208457984e-13,-2.33659646426957999e-12,-5.58087375485914586e-13,-2.50464825235418595e-12,-7.90519890841813798e-13,-2.97976175482995245e-13,-1.17405620291401995e-13,-2.02341598565191944e-11,1.00050668016142737e-11,4.01347190118250169e-12,-1.17168374241685624e-11,19,2,1,5.76460752303767552e+17
26,2,106,-9.59596192463981832e-12,-1.10876499569972479e-11,-1.10863240895551289e-11,-1.16029438263435849e-11,-1.36977000967443049e-11,3.75307204062649214e-12,1.74507721373707970e-11,1.53560158669700770e-11,4.66244722462567408e-11,-1.31363979533196075e-11,5.67445223598843123e-13,-1.60978781719850917e-12,-3.43077576732103128e-13,-1.54325929357404348e-11,-7.75577848140952351e-14,-1.87618419374348109e-12,-4.55934382418935010e-13,-2.29619498242082729e-12,-6.45003008412938358e-13,-2.66396376544971924e-13,-1.12856805686831882e-13,3.75307204062649214e-12,-2.16339417536665358e-11,-1.92648699204480986e-12,-4.28714002056302470e-11,19,2,1,5.76460752303767552e+17
26,3,107,-7.56305978869185272e-12,-7.93601994690089868e-12,-7.93715385493198581e-12,-9.04872268977535594e-12,-8.89948133092068086e-12,-2.27877901233555515e-11,1.38883087924348706e-11,1.37390674335801955e-11,3.12693252112532596e-11,-1.03410464146096961e-11,4.81977627627539796e-13,-1.26997901097050634e-12,-2.66720798252100375e-13,-1.08174257732681203e-11,7.56442183113887834e-13,-1.10786716703681119e-12,-1.70625695584412922e-13,-4.76379358658424269e-13,2.74464555486348038e-13,1.62111843933695142e-13,9.60951026676874529e-14,-2.27877901233555515e-11,-1.08567678462933830e-11,8.48153508789770809e-12,-2.14192832916879935e-11,19,2,1,5.76460752303767552e+17
27,0,108,-5.95378826508053696e-12,-6.89694876113989707e-12,-6.89617026341473073e-12,-7.05051573893870467e-12,9.06984132592138268e-12,2.21395684683123460e-11,1.30697271423909633e-11,2.91900842072510474e-11,6.12971273029273569e-11,-8.13089302349080698e-12,4.06649459267967231e-13,-1.00097658561492757e-12,-2.07085919554856552e-13,-9.55105439197238007e-12,7.72683382244189538e-14,-1.18142241813371007e-12,-2.93604789661410690e-13,-1.42016136848157309e-12,-3.29381121043548277e-13,-1.80445832518782494e-13,-8.65188701065541389e-14,2.21395684683123460e-11,-3.91575588346150109e-11,-2.99584368255374064e-12,-2.94196270467918606e-11,19,2,1,5.76460752303767552e+17
27,1,109,-4.68153805568591790e-12,-3.94757854466907339e-12,-3.94881899469983614e-12,-5.48903516252644417e-12,-1.02560927258219357e-12,-9.03332410141786801e-12,8.00771482883567363e-12,3.54428893889142384e-12,4.90357731007011185e-11,-6.38575227928704006e-12,3.40987058782314249e-13,-7.88236072208490643e-13,-1.60585693162756002e-13,-5.09941221769717260e-12,1.34479258323569517e-12,-3.07461502888700585e-13,8.65475792235165887e-14,1.28634006158986746e-12,1.00380552445338082e-12,4.80774569319790109e-13,2.47133272386272591e-13,-9.03332410141786801e-12,1.68284981009897189e-11,-3.22072749997113996e-11,9.46178225693148130e-12,19,2,1,5.76460752303767552e+17
27,2,110,-3.67702817717508262e-12,-3.26273288177838506e-12,-3.26092110068087388e-12,-4.27012883655806892e-12,9.77052853791241773e-13,3.54957750103229466e-11,3.45187221565317039e-11,3.97659038468810131e-11,4.34535675644955668e-11,-5.00958548938619887e-12,2.84303243102758449e-13,-6.20155835029223400e-13,-1.24382971493408184e-13,-4.28665931819653826e-12,7.89648913255094681e-13,-4.20756938187603644e-13,-3.09117999778780386e-14,7.22926171189660609e-13,5.05345670152336283e-13,1.99398896841619756e-13,9.34711715155301457e-14,3.54957750103229466e-11,-7.95779255417261690e-12,-4.05273242277824904e-13,6.46868200056352225e-12,19,2,1,5.76460752303767552e+17
27,3,111,-2.88492057168917175e-12,-5.85092730898681940e-13,-5.85709784014767803e-13,-3.31959744027736094e-12,1.25856731676042164e-12,-6.28692063400087446e-11,6.41277736567691695e-11,5.95496088997313805e-11,1.04459685940371852e-10,-3.92576759983448792e-12,2.35790976215109595e-13,-4.87490472748060607e-13,-9.62387367808807401e-14,-1.83560795215264356e-13,2.14587981104495299e-12,4.15914652001046938e-13,3.49651614261688315e-13,3.74220680461922356e-12,1.91008883482984334e-12,9.03405124749107495e-13,4.45890351042569055e-13,-6.28692063400087446e-11,4.15904796003631073e-11,-3.94128049858180465e-11,-5.13516401519216964e-11,19,2,1,5.76460752303767552e+17
28,0,112,-2.26107969081178410e-12,-3.41976068708587933e-12,-3.42091151151326186e-12,-2.57905303907947244e-12,-8.23492057835738206e-12,4.15050175589670338e-11,4.97399381373244191e-11,4.40840705980465051e-11,4.94716201591862523e-11,-3.07325718900581179e-12,1.94592917842020922e-13,-3.82879617796993182e-13,-7.43897275532426214e-14,-4.99002989487209315e-12,-1.02143706320895544e-12,-1.06786965428823937e-12,-4.38371566688339642e-13,-1.91677270586628136e-12,-1.21602998105097644e-12,-6.84990036491246189e-13,-3.63981839135097045e-13,4.15050175589670338e-11,1.30395017696052510e-11,4.78472385775240136e-11,-1.62438158166223715e-12,19,2,1,5.76460752303767552e+17
28,1,113,-1.77035712951414119e-12,-4.97972214684667617e-13,-4.98330432256472520e-13,-2.00261624269270592e-12,6.82872276767727457e-12,3.83725082697796505e-11,3.15437855021023759e-11,4.03751245124723588e-11,6.30920992034094661e-11,-2.40350198578318052e-12,1.59851144951866343e-13,-3.00469626907068201e-13,-5.74501838377656453e-14,-3.54135084647260393e-13,1.15105281486290204e-12,1.86960069714573457e-13,1.92830756539080570e-13,2.04936690113592013e-12,9.91201669911035647e-13,4.87429696621641607e-13,2.50280940376846228e-13,3.83725082697796505e-11,3.65483951641091471e-11,-2.47195909336298124e-11,-2.28110981374438851e-11,19,2,1,5.76460752303767552e+17
28,2,114,-1.38480327523299471e-12,1.59974281829707582e-12,1.59930607447204645e-12,-1.55428698516314743e-12,-3.47472274142753042e-13,6.83646691646982103e-11,6.87121414388409665e-11,6.99189561498613529e-11,9.60893728684421398e-11,-1.87794263758315698e-12,1.30741050534295826e-13,-2.35610048526199339e-13,-4.43331802456190884e-14,2.90690762582537683e-12,2.34654060331319698e-12,8.46964833851066528e-13,4.89958119399026072e-13,4.78485026340853341e-12,2.21579955277890120e-12,1.08257488237726592e-12,5.34291299644645129e-13,6.83646691646982103e-11,2.17052764860073665e-11,-2.77247037037439359e-11,-5.36100285653998427e-12,19,2,1,5.76460752303767552e+17
28,3,115,-1.08222583393261109e-12,4.68656032114145565e-12,4.68695658947127652e-12,-1.20585543762156815e-12,-4.87259697120039425e-12,-3.41940952227486421e-11,2.93214982515482487e-11,3.29882397851270719e-11,6.54985639018076948e-11,-1.46600237383018120e-12,1.06492963924381162e-13,-1.84610270823159338e-13,-3.41878129383045643e-14,7.74987027203518368e-12,4.23570688558069718e-12,1.82304786211904897e-12,9.42413455882885285e-13,9.21587264586536548e-12,4.12921392165631602e-12,2.00765813294220825e-12,9.76601268821189862e-13,-3.41940952227486421e-11,5.30975101573600997e-12,4.36328875539568153e-12,-6.01888128860716848e-11,19,2,1,5.76460752303767552e+17
29,0,116,-8.45029766806701571e-13,1.97577670830226318e-12,1.97594075502759789e-12,-9.35245054060076135e-13,-2.03110708732005759e-11,-3.05340857621844399e-11,1.02230148889838639e-11,2.95988407081243607e-11,1.04236296347117621e-10,-1.14347070705350537e-12,8.64045004058359556e-14,-1.44544585866680617e-13,-2.63491777557375502e-14,3.18323552889189681e-12,1.23440623141031212e-12,3.24100167429753805e-13,1.49967416321015575e-13,4.32670623594540219e-12,1.14800173100447614e-12,4.68644753296434422e-13,1.76316594076753132e-13,-3.05340857621844399e-11,-5.55099297134905199e-11,-4.54924389964073949e-11,4.87263666336271010e-11,19,2,1,5.76460752303767552e+17
29,1,117,-6.59285196224695043e-13,1.48426311793906327e-14,1.54884372889783819e-14,-7.25200708657256721e-13,-2.73052549197777008e-12,-3.33125303368510152e-11,3.05820048448732427e-11,3.25873296281937569e-11,1.38915756026402807e-10,-8.91206153370862975e-13,6.98461183142398562e-14,-1.13096183222563831e-13,-2.02986360629281211e-14,-5.20447816597645776e-14,-5.21682959527174824e-13,-4.51617489877603152e-13,-2.28082761178547975e-13,8.39161371711098398e-13,-5.91529077841414655e-13,-3.38521306655039309e-13,-2.07784125115619854e-13,-3.33125303368510152e-11,4.68183085075803500e-11,-1.03671747991772619e-11,-9.20974475188224566e-11,19,2,1,5.76460752303767552e+17
29,2,118,-5.13979705725116671e-13,-1.65612318501678607e-12,-1.65704447727624528e-12,-5.62251834549256018e-13,-4.54537785021291958e-12,-1.00360649706702321e-11,5.49068712045731255e-12,9.47381313612097541e-12,9.65697987067514474e-11,-6.94096797654462742e-13,5.62618687825821495e-14,-8.84324243068507116e-14,-1.56323305063939626e-14,-2.74420930650528567e-12,-1.71174043626218761e-12,-9.36790270138974627e-13,-4.51864780155739902e-13,-2.05011250885082272e-12,-1.76800230504476983e-12,-8.48357845832123865e-13,-4.36232449649345952e-13,-1.00360649706702321e-11,8.65337337360812088e-11,6.24852942474597072e-11,1.80018516803126251e-11,19,2,1,5.76460752303767552e+17
29,3,119,-4.00419546575585473e-13,-1.79691799064800993e-12,-1.79711831460323833e-12,-4.35894309880978350e-13,1.28602885850331074e-12,-2.76368419045695399e-11,2.89228707630728496e-11,2.72009475946885616e-11,4.17127670837719330e-11,-5.40228891572547082e-13,4.51668918144977199e-14,-6.91052310378555435e-14,-1.20362973099955359e-14,-2.91565513323839915e-12,-1.48442304636817122e-12,-7.35654888456868431e-13,-3.34338514092862201e-13,-2.37542624166585196e-12,-1.52958993818266888e-12,-6.66549657419012926e-13,-3.22302216782866678e-13,-2.76368419045695399e-11,8.70420073530826060e-12,-8.33671319732083284e-12,-3.30085663484636724e-11,19,2,1,5.76460752303767552e+17
30,0,120,-3.11750892880279484e-13,-2.76430973976098452e-12,-2.76236400910135099e-12,-3.37945997175626182e-13,1.24890067719527648e-11,6.81622055923764665e-12,5.67278621271511819e-12,7.15416655641327308e-12,2.93723256006898583e-11,-4.20222995377552336e-13,3.61428447549753443e-14,-5.39716199791696935e-14,-9.26683860747152801e-15,-4.42897289200666406e-12,-2.01323788435863017e-12,-9.66182872784565631e-13,-4.48215110565849414e-13,-4.00874989662911198e-12,-2.04938072911360545e-12,-9.12211252805395894e-13,-4.38948271958377902e-13,6.81622055923764665e-12,-2.06905904493982375e-11,-5.23618905489997802e-12,-2.25561050414522093e-11,19,2,1,5.76460752303767552e+17
30,1,121,-2.42577713880875498e-13,-1.79884587621981554e-12,-1.79875970040391792e-12,-2.62039892521528194e-13,-8.11992048129383661e-12,-6.67888722684984885e-11,5.86689517872046518e-11,6.65268323759769647e-11,3.37523670392550670e-11,-3.26704808865489772e-13,2.88321471164856249e-14,-4.21303800511703214e-14,-7.13507776471465676e-15,-2.80462186825447669e-12,-9.32875266761103443e-13,-4.04590210095625084e-13,-1.62817072352279208e-13,-2.47791705938898697e-12,-9.61707413877589005e-13,-3.62459830044454743e-13,-1.55681994587564560e-13,-6.67888722684984885e-11,-5.52141596957450117e-11,-3.30503915914686189e-11,-6.68027586307236859e-11,19,2,1,5.76460752303767552e+17
30,2,122,-1.88657270525145967e-13,-4.67958531444595166e-12,-4.67946340734426835e-12,-2.03226116693672178e-13,-2.36881220201248917e-12,-1.38106203376127181e-11,1.14418081356002297e-11,1.36073942209190457e-11,1.01246728517464272e-10,-2.53884082015556018e-13,2.29316819785533679e-14,-3.28716732550513191e-14,-5.49483262721467385e-15,-7.43706754796398957e-12,-3.18995439133050364e-12,-1.55744921857642712e-12,-7.50184918346437999e-13,-7.18318346594843365e-12,-3.21288607330905684e-12,-1.52457754532137573e-12,-7.44690085719223303e-13,-1.38106203376127181e-11,6.67845067220884057e-11,7.47126271696892824e-12,-3.44622217953758661e-11,19,2,1,5.76460752303767552e+17
30,3,123,-1.46657867369702619e-13,-4.28860318301631105e-12,-4.28791602050096414e-12,-1.57659846459291931e-13,6.93207107399776141e-12,-2.68463627904906448e-12,9.61670735304682508e-12,2.52697643258977244e-12,1.23387600356166999e-10,-1.97220093828409816e-13,1.81864027831441252e-14,-2.56369686625081280e-14,-4.23311389306969361e-15,-6.71473461284953010e-12,-2.44318737532563725e-12,-1.15174199253374101e-12,-5.26489979459768402e-13,-6.51751451902112031e-12,-2.46137377810878122e-12,-1.12610502387123278e-12,-5.22256865566698758e-13,-2.68463627904906448e-12,4.61860594599808478e-11,-4.90078117380434524e-11,7.43797886181235467e-11,19,2,1,5.76460752303767552e+17
31,0,124,-1.13966445955864824e-13,-3.41519258498974715e-12,-3.41497253276881103e-12,-1.22356982634091592e-13,-2.80196604831965020e-12,2.04937556915227219e-11,2.32957217398423709e-11,2.06161126741568136e-11,9.81011438321985841e-11,-1.53156343050546909e-13,1.43831466058363330e-14,-1.99872293059201255e-14,-3.26269546269809754e-15,-5.24483481360163810e-12,-1.50212065529294399e-12,-6.96369764911863639e-13,-2.97658291101144062e-13,-5.09167847055109137e-12,-1.51650380189878040e-12,-6.76382535605943545e-13,-2.94395595638445986e-13,2.04937556915227219e-11,4.31151116295530931e-11,1.18594899523721306e-10,3.86800276242346784e-11,19,2,1,5.76460752303767552e+17
31,1,125,-8.85360108449867489e-14,-1.57839861050066692e-12,-1.57928611989068490e-12,-9.50031196300195076e-14,2.87496949873487113e-11,8.22564165323034497e-11,5.35067215449547352e-11,8.23514196519334724e-11,8.13581697107503275e-11,-1.18910473878654208e-13,1.13448437807771787e-14,-1.55776824597206666e-14,-2.51631631552820875e-15,-2.25695026289479673e-12,1.87677368470770563e-14,2.33277712417595548e-14,5.31868410239196062e-14,-2.13803978901614242e-12,7.42289306629987755e-15,3.89054537014802214e-14,5.57031573394478177e-14,8.22564165323034497e-11,7.41556320731752318e-11,4.46589511212104387e-11,8.98246821553122150e-13,19,2,1,5.76460752303767552e+17
31,2,126,-6.87648336873895466e-14,2.90745157333957648e-12,2.90750106938649477e-12,-7.38043876800345496e-14,1.45339200502469586e-11,-2.44319505999383733e-11,3.89658706501853287e-11,2.43581462122583383e-11,1.45213051910730370e-10,-9.23082032605704269e-14,8.92523173207717308e-15,-1.21378350846347023e-14,-1.94216418551493608e-15,4.95701055224778861e-12,3.41726590176739587e-12,1.66150018139327293e-12,8.52712699979655065e-13,5.04931875550835869e-12,3.40834067003531889e-12,1.67363801647790772e-12,8.54654864165169986e-13,-2.44319505999383733e-11,1.79695579616702345e-11,-3.87437857168476896e-11,1.06469266193882681e-10,19,2,1,5.76460752303767552e+17
31,3,127,-5.34009653588414423e-14,1.09907126475278823e-12,1.09905845549533066e-12,-5.73711384705875100e-14,1.02114535538544808e-11,1.13598718989065904e-10,1.03387265435211420e-10,1.13656090127536494e-10,1.39185397346091397e-10,-7.16522388234472972e-14,7.00412212856153691e-15,-9.45566298463303823e-15,-1.50036405185996742e-15,1.88787282176472914e-12,1.19830227247550147e-12,4.47436099393348677e-13,2.00408854547018031e-13,1.95952506058817660e-12,1.19129815034693999e-12,4.56891762377981764e-13,2.01909218598878003e-13,1.13598718989065904e-10,-2.55866783570255059e-11,1.56107933930647537e-11,4.59134562611242637e-12,19,2,1,5.76460752303767552e+17
32,0,128,-4.14668688682493057e-14,6.49597041449774142e-12,6.49559137834066562e-12,-4.46273520268202596e-14,2.02182685887894777e-11,1.19596692866981567e-11,8.25859930209132097e-12,1.20042966387249767e-11,1.18957840954523170e-10,-5.56189732602441233e-14,5.48322967069272777e-15,-7.36511690761969408e-15,-1.16025264524566508e-15,1.05430301325939173e-11,5.29124682972134204e-12,2.51147311323352521e-12,1.23880124254612914e-12,1.05986491058541621e-11,5.28576360005064941e-12,2.51883823014114479e-12,1.23996149519137489e-12,1.19596692866981567e-11,2.86978714420073407e-12,1.21827628098723911e-10,6.36255514885325481e-11,19,2,1,5.76460752303767552e+17
32,1,129,-3.22000218397111888e-14,5.63987301212505373e-12,5.63906166596852356e-12,-3.47401579707462313e-14,-2.57906883754652339e-11,-3.39115583314635792e-11,8.12086995599834533e-12,3.38768181734928313e-11,2.24324590892780928e-10,-4.31771905358659678e-14,4.28254374355327060e-15,-5.73626134235060789e-15,-8.98266547282097420e-16,8.97105498478117959e-12,3.69997149584275472e-12,1.64659690487720159e-12,7.62757220146730697e-13,9.01423217531704534e-12,3.69568895209920120e-12,1.65233316621955222e-12,7.63655486694012780e-13,-3.39115583314635792e-11,-1.37448779184537817e-10,-9.85447848186984428e-11,8.68758117082431106e-11,19,2,1,5.76460752303767552e+17
32,2,130,-2.50061727022187188e-14,2.66473648448936287e-12,2.66430606854521942e-12,-2.70650640287055160e-14,-1.28088077597018145e-11,3.34479496062426582e-11,4.62567573659444695e-11,3.34750146702713661e-11,3.83423505969465404e-11,-3.35241863239989339e-14,3.33720727303863713e-15,-4.46750026877853731e-15,-6.96308336860560564e-16,4.04223264219278276e-12,8.09761348968103441e-13,2.32797915568219671e-13,5.38856972241519324e-14,4.07575682851678198e-12,8.06424141695064830e-13,2.37265415836998189e-13,5.45820055610124916e-14,3.34479496062426582e-11,6.43167377852136954e-11,2.59743871882671583e-11,6.39695379356700520e-11,19,2,1,5.76460752303767552e+17
32,3,131,-1.94226068033879731e-14,3.66609117181506147e-12,3.66756179252304417e-12,-2.11034339136109839e-14,-1.80082060878013795e-11,1.93470737877852376e-11,3.73552798755866171e-11,1.93681772216988486e-11,1.35718682064093856e-10,-2.60356426937325797e-14,2.59485768459128737e-15,-3.47945515498137660e-15,-5.40484467602824117e-16,5.65102437879566404e-12,1.70041194437247071e-12,7.83597530679632817e-13,3.58749262985388099e-13,5.67706002148939627e-12,1.69781708668787935e-12,7.87076985834614203e-13,3.59289747452990920e-13,1.93470737877852376e-11,6.80719688926781847e-11,-6.76467131714156847e-11,3.33825266969332990e-11,19,2,1,5.76460752303767552e+17
33,0,132,-1.50893183546111507e-14,3.74542437001459144e-12,3.74538626030291249e-12,-1.64695055423082217e-14,8.28433044109210164e-12,-4.08516599942688614e-11,4.91359904353609598e-11,4.08351904887265530e-11,1.13302563459446730e-10,-2.02263488378090307e-14,2.01338069436538257e-15,-2.71014940512446586e-15,-4.20131675696306497e-16,5.75253641130549505e-12,1.69462770658568438e-12,8.22692930151447679e-13,3.78037384488988485e-13,5.77276276014330398e-12,1.69261432589131909e-12,8.25403079556572119e-13,3.78457516164684776e-13,-4.08516599942688614e-11,-1.05093355444888688e-10,-9.89492045085906272e-11,8.20920801455804109e-12,19,2,1,5.76460752303767552e+17
33,1,133,-1.17264166180514023e-14,8.22406935623130700e-13,8.21959063478441197e-13,-1.28648307056825543e-14,-2.22164365337326675e-11,-6.39561947395293800e-11,4.17397582057967125e-11,6.39433299088236914e-11,1.65567278182973252e-10,-1.57194611510579278e-14,1.55902712805911497e-15,-2.11122455358276404e-15,-3.27066945173206013e-16,1.00926363312530161e-12,-7.19984804048676980e-13,-3.55846822230457671e-13,-2.13935704843618743e-13,1.02498309427635961e-12,-7.21543831176736116e-13,-3.53735597676874912e-13,-2.13608637898445547e-13,-6.39561947395293800e-11,-1.10102984795526973e-10,5.54642933874462919e-11,-1.09431411771429192e-11,19,2,1,5.76460752303767552e+17
33,2,134,-9.11644068166770260e-15,-2.59317973173906701e-12,-2.59347485210083057e-12,-1.00584812307833885e-14,-2.47477881403313787e-12,3.45011553521206521e-11,3.69759341661537888e-11,3.45112138333514329e-11,7.38329557653460555e-11,-1.22224763149715825e-14,1.20484480319082639e-15,-1.64497026971598989e-15,-2.55010398649802145e-16,-4.44742454763602792e-12,-3.11965144732436836e-12,-1.48164631765370533e-12,-7.52969251537679022e-13,-4.43520207132105597e-12,-3.12085629212755932e-12,-1.48000134738398934e-12,-7.52714241139029192e-13,3.45011553521206521e-11,-2.04233785780423817e-11,-3.45061836712640004e-11,3.93267720940820551e-11,19,2,1,5.76460752303767552e+17
33,3,135,-7.09053331917348978e-15,-3.55758736226745399e-13,-3.57514415558905606e-13,-7.87173095538966933e-15,-2.09603289557626470e-12,-6.06560362029322583e-11,5.85600033073559891e-11,6.06481644719768678e-11,1.79194333215765246e-10,-9.50847386098694443e-15,9.29380816504046322e-16,-1.28199550389970445e-15,-1.99141735433239452e-16,-6.91625361914237079e-13,-6.07844321773165235e-13,-1.41460014586793409e-13,-4.72612228410361273e-14,-6.82116888053250086e-13,-6.08773702589669303e-13,-1.40178019082893705e-13,-4.70620811056028857e-14,-6.06560362029322583e-11,1.18538297012832988e-10,-5.77471452604578563e-11,-3.77692995846677215e-11,19,2,1,5.76460752303767552e+17
34,0,136,-5.51764445886367056e-15,-3.29930369861065767e-12,-3.30095041344855707e-12,-6.16620824190566469e-15,-4.22296955886239445e-11,-2.69261248764076489e-11,1.53035707122162956e-11,2.69199586681657421e-11,2.69947702043220511e-10,-7.40148919102144909e-15,7.15613679822529700e-16,-9.99404150957434043e-16,-1.55759650988184441e-16,-5.39908070255468477e-12,-2.81348191970253880e-12,-1.27887522137358241e-12,-6.29728070839519801e-13,-5.39167921336366365e-12,-2.81419753338236121e-12,-1.27787581722262495e-12,-6.29572311188531629e-13,-2.69261248764076489e-11,-7.48669547442284544e-11,-3.09973815586943002e-11,1.95080747298992043e-10,19,2,1,5.76460752303767552e+17
34,1,137,-4.29610976152492449e-15,-3.90466956290808955e-12,-3.90524837922401599e-12,-4.83473710454524050e-15,-3.03831047104143153e-11,9.69114659905192154e-11,1.27294570700933537e-10,9.69163007276237613e-11,1.42055937438320421e-10,-5.76511978250209416e-15,5.50079183096720033e-16,-7.79367268174032912e-16,-1.22020555463480614e-16,-6.26650664952818818e-12,-2.79699117860871361e-12,-1.25037226153364842e-12,-5.96137273209790479e-13,-6.26074152974568574e-12,-2.79754125779181047e-12,-1.24959289426547447e-12,-5.96015252654326966e-13,9.69114659905192154e-11,3.41537204729310883e-11,-2.07375857263760980e-11,-4.51444714478011922e-11,19,2,1,5.76460752303767552e+17
34,2,138,-3.34708870259865727e-15,1.77869333500295547e-12,1.77858609022663020e-12,-3.79425946451948781e-15,-3.02595713354797366e-11,8.53525271963461942e-11,1.15612098531825937e-10,8.53563214558107087e-11,1.82464661448413245e-10,-4.49365887711738860e-15,4.22158313358622881e-16,-6.08006643455848073e-16,-9.57382751690501740e-17,3.01727319729254411e-12,2.21280763495123397e-12,1.24507130114338132e-12,6.60866209289523145e-13,3.02176685616966166e-12,2.21238547663787521e-12,1.24567930778683716e-12,6.60961947564692184e-13,8.53525271963461942e-11,1.26461880095345072e-10,-5.60027813530681730e-11,-2.97751579464249942e-11,19,2,1,5.76460752303767552e+17
34,3,139,-2.60945660639592351e-15,5.63720435760312384e-12,5.63813076552218026e-12,-2.98036713124550810e-15,-4.41472487502647695e-11,-1.88652857403634778e-11,2.52819630099012917e-11,1.88623053732322314e-11,3.58444866576618877e-10,-3.50520248361738892e-15,3.23499819751602654e-16,-4.74522554525812950e-16,-7.52305949395685294e-17,9.17766348855442575e-12,4.84265089782466270e-12,2.42352575570224735e-12,1.19947553431708403e-12,9.18116869103804272e-12,4.84232739800491119e-12,2.42400027825677317e-12,1.19955076491202364e-12,-1.88652857403634778e-11,-3.87592734737125502e-11,-2.54101981115117026e-10,1.04342885461501877e-10,19,2,1,5.76460752303767552e+17
35,0,140,-2.03583212629174534e-15,3.45449401726520419e-12,3.45308675510759302e-12,-2.34307808532999526e-15,6.80781549195286521e-11,-2.06376500668641507e-10,2.74454655588170159e-10,2.06374157590556185e-10,2.88731714673574144e-10,-2.73629517312403236e-15,2.47553963090590159e-16,-3.70512848967956805e-16,-5.92017397416304401e-17,5.48610692435608127e-12,2.22491955182064545e-12,9.91547994530991586e-13,4.34337179829206462e-13,5.48884321952920566e-12,2.22467199785755495e-12,9.91918507379959639e-13,4.34396381568948079e-13,-2.06376500668641507e-10,-1.03183912239075859e-10,3.77075010342623283e-11,-2.51024213639311816e-10,19,2,1,5.76460752303767552e+17
35,1,141,-1.58949039415988645e-15,-7.55734617424092902e-12,-7.55832954703892879e-12,-1.84357407821476375e-15,1.27134036569214217e-11,-5.87552049651781296e-11,7.14686086220995562e-11,5.87533613910999106e-11,2.51731603340963894e-10,-2.13777445442845569e-15,1.89197559206525756e-16,-2.89441773577438256e-16,-4.66524044344068983e-17,-1.23821295038092911e-11,-6.95692719805356680e-12,-3.58005017984498141e-12,-1.84159588222140528e-12,-1.23799917293548630e-11,-6.95711639561277346e-12,-3.57976073807140379e-12,-1.84154922981697070e-12,-5.87552049651781296e-11,-2.46012681786457944e-10,-9.96277360078680461e-11,5.71892155450597603e-12,19,2,1,5.76460752303767552e+17
35,2,142,-1.24196623812924085e-15,-8.81001335918661079e-12,-8.81085496368993667e-12,-1.45168059564162696e-15,6.54646543957641739e-11,-3.83494627080655203e-11,1.03814117103829694e-10,3.83480110274698774e-11,9.08885730336332599e-11,-1.67154772870914699e-15,1.44433593438623467e-16,-2.26225903772288356e-16,-3.68108821467804873e-17,-1.41721038158012249e-11,-6.67661522888378579e-12,-3.20853791699637850e-12,-1.54827615594484704e-12,-1.41704322680725154e-11,-6.67675966247722479e-12,-3.20831169109260641e-12,-1.54823934506270019e-12,-3.83494627080655203e-11,-8.17508462878364022e-11,-1.29238035741698780e-10,-1.05141485675196239e-10,19,2,1,5.76460752303767552e+17
35,3,143,-9.71194501412107059e-16,-8.71896142778673014e-12,-8.71868104007050248e-12,-1.14391991530762565e-15,6.37796985652514726e-11,1.21581133387226441e-10,5.78014348219749686e-11,1.21582277307141749e-10,1.16941843860286652e-10,-1.30809412484682606e-15,1.10151451921718917e-16,-1.76911560096535290e-16,-2.90803404883803010e-17,-1.38060009823328250e-11,-5.55798394819331715e-12,-2.56663196134095584e-12,-1.18523866001877516e-12,-1.38046928882079780e-11,-5.55809409964523862e-12,-2.56645504978085926e-12,-1.18520957967828688e-12,1.21581133387226441e-10,7.26205663252659581e-11,1.89562410185552610e-10,1.17264380120522683e-10,19,2,1,5.76460752303767552e+17
36,0,144,-7.60067992296930153e-16,-6.85183887057264438e-13,-6.84767688176618491e-13,-9.02006488845807629e-16,-2.11509121427241654e-11,-5.19685077991194281e-11,3.08175956563952594e-11,5.19676057926305802e-11,1.68389096916133103e-10,-1.02452924696058721e-15,8.39362033310130419e-17,-1.38423640667292188e-16,-2.29984498334407739e-17,-6.58468752156982303e-13,1.62011838215378634e-12,1.00336827663993041e-12,6.05371869901603578e-13,-6.57444222910021745e-13,1.62003444595045538e-12,1.00350670028059774e-12,6.05394868351437069e-13,-5.19685077991194281e-11,4.54322248695114216e-11,-7.39460347742926734e-11,9.44430621418404296e-11,19,2,1,5.76460752303767552e+17
36,1,145,-5.95319873582700747e-16,-3.00810070598958420e-12,-3.00710246628126895e-12,-7.11683684187517036e-16,-2.37871948938953575e-11,5.50040480578101809e-12,2.92875996996763756e-11,5.50111648946520572e-12,2.35128737309219068e-10,-8.03106680652806316e-16,6.39174026192484034e-17,-1.08370157615549875e-16,-1.82064565718349588e-17,-4.50196865491027869e-12,-8.83934277893957506e-13,-4.51817966256703076e-13,-1.98670441747462182e-13,-4.50116554822962563e-12,-8.83998195296576761e-13,-4.51709596099087541e-13,-1.98652235290890350e-13,5.50040480578101809e-12,5.00224971025600425e-14,-2.29628332503438050e-10,-6.97073526560236126e-11,19,2,1,5.76460752303767552e+17
36,2,146,-4.66657883961227921e-16,-1.98874020457014338e-12,-1.98924766288793245e-12,-5.61823974655441926e-16,-2.12415060740518864e-11,1.66603208671790045e-10,1.87844714745841941e-10,1.66603770495764694e-10,1.68780905264202919e-10,-6.30058112595482019e-16,4.86496109892955608e-17,-8.48901903387529336e-17,-1.44254769250729478e-17,-2.87209978930443526e-12,-1.83069761966538642e-13,-1.44695193935150331e-13,-4.66702691680167709e-14,-2.87146973119183980e-12,-1.83118411577527942e-13,-1.44610303744811573e-13,-4.66558436910916973e-14,1.66603208671790045e-10,1.29919268339216991e-10,3.46722678371212862e-11,-2.17769659241287400e-12,19,2,1,5.76460752303767552e+17
36,3,147,-3.66093884688406095e-16,6.77261501235317849e-12,6.77016693547436501e-12,-4.43732473049857560e-16,-1.75917662022411224e-11,2.43353020224790264e-11,4.19270682247201488e-11,2.43357457549520766e-11,3.27164612628651770e-10,-4.94695790162038835e-16,3.70182706959522317e-17,-6.65356557889611259e-17,-1.14383106529341407e-17,1.12456992644866875e-11,6.67456418656346815e-12,3.24734243021626835e-12,1.64330418641850524e-12,1.12461939602768499e-11,6.67452716829277189e-12,3.24740896587205750e-12,1.64331562472915813e-12,2.43353020224790264e-11,1.99601167148744053e-10,-1.27563445479907743e-10,5.80650161823276076e-11,19,2,1,5.76460752303767552e+17
37,0,148,-2.87424801524862872e-16,6.52045571654828797e-12,6.51992918434686950e-12,-3.50607461111487173e-16,-1.04986283084856359e-10,8.35600063231816856e-12,1.13342283717174534e-10,8.35635123977927996e-12,2.72869654517619620e-10,-3.88718105104980357e-16,2.81657753120174943e-17,-5.21794024106378438e-17,-9.07547523553154308e-18,1.05776927671538146e-11,5.14467131035096142e-12,2.31524098904205318e-12,1.09904917544103527e-12,1.05780814852589191e-11,5.14464314457564962e-12,2.31529316844446373e-12,1.09905825091627071e-12,8.35600063231816856e-12,-2.56118858317752324e-10,1.67507961998673162e-11,-1.49053100045610711e-11,19,2,1,5.76460752303767552e+17
37,1,149,-2.25830842779693750e-16,5.47687101885789401e-12,5.47747051659693669e-12,-2.77122175974441377e-16,-1.93832382213361936e-11,2.90492599190469145e-12,2.22881642132408851e-11,2.90520311408066577e-12,3.02479698833271860e-10,-3.05672370539543450e-16,2.14335698783231655e-17,-4.09437834910824857e-17,-7.20446817540403183e-18,8.69599254776427767e-12,3.44264633731621281e-12,1.45173503221044958e-12,6.51551298407720466e-13,8.69629822013481707e-12,3.44262490374633465e-12,1.45177597599394071e-12,6.51558502875895898e-13,2.90492599190469145e-12,-1.79390241777085693e-10,1.23089457056186193e-10,-6.78421686371934524e-11,19,2,1,5.76460752303767552e+17
37,2,150,-1.77564518005277854e-16,4.35699577939756608e-12,4.35620498797856317e-12,-2.19100297759866260e-16,-5.11379463539482326e-11,-2.64526370435074256e-11,2.46853093104408069e-11,2.64524179432096660e-11,2.58392101096816441e-10,-2.40539195276160735e-16,1.63169319957943202e-17,-3.21451554878630945e-17,-5.72149979674627761e-18,6.76892042072795145e-12,2.10950102359562547e-12,8.53045951236310151e-13,3.63396962029211305e-13,6.76916095992322774e-12,2.10948470666362959e-12,8.53078096391798031e-13,3.63402683529008027e-13,-2.64526370435074256e-11,-4.13338107359870422e-11,5.89287374414922440e-11,-1.99463363655324209e-10,19,2,1,5.76460752303767552e+17
37,3,151,-1.39709930076148441e-16,2.01212374520453738e-12,2.01436855090060582e-12,-1.73263889649275221e-16,-4.62593493870073994e-11,-2.95090811158737558e-10,2.48831461771730139e-10,2.95090637894847901e-10,4.15723142365283221e-10,-1.89410889859961454e-16,1.24297522812817404e-17,-2.52507546273415292e-17,-4.54511819507561007e-18,2.92617182133118023e-12,8.90919503425094119e-14,-6.63744439460006980e-14,-7.93475109952210278e-14,2.92636123222104033e-12,8.90795205902281357e-14,-6.63491931913733543e-14,-7.93429658770259521e-14,-2.95090811158737558e-10,-1.54106152122120810e-10,1.20632331206545664e-10,-5.32801548218683948e-11,19,2,1,5.76460752303767552e+17
38,0,152,-1.09996436967174885e-16,-1.31142922697942511e-11,-1.31127728559833416e-11,-1.37037401568143589e-16,4.64353275880983452e-11,-1.89686108875352867e-10,2.36121436463451238e-10,1.89685971837951306e-10,2.15289446854170705e-10,-1.49242571688611708e-16,9.47717518065815660e-18,-1.98451916629423015e-17,-3.61128481081636051e-18,-2.14932938253131547e-11,-1.18933409778199145e-11,-5.95049943198473269e-12,-2.99493843464622372e-12,-2.14931445827414655e-11,-1.18933504549950956e-11,-5.95047958679306963e-12,-2.99493482336141296e-12,-1.89686108875352867e-10,-1.46483024857827869e-10,-2.48803702720888150e-10,-3.61772471711998575e-10,19,2,1,5.76460752303767552e+17
38,1,153,-8.66543697342799226e-17,-1.96280761921772418e-11,-1.96278283563849484e-11,-1.08395092512357289e-16,1.00644443091470330e-11,-1.87876290393689135e-10,1.97940734702836174e-10,1.87876181998596618e-10,3.26858619643095710e-10,-1.17659469726799270e-16,7.23440014477585382e-18,-1.56044181101542446e-17,-2.86956345606665584e-18,-3.16015275424792972e-11,-1.49572814945850822e-11,-7.15704510795710559e-12,-3.45541039788879632e-12,-3.16014098830095704e-11,-1.49572887289852274e-11,-7.15702950353899568e-12,-3.45540752832534028e-12,-1.87876290393689135e-10,9.33071731406401189e-11,-3.38956660400483626e-11,1.38982329249406575e-10,19,2,1,5.76460752303767552e+17
38,2,154,-6.83032782621998320e-17,-2.45008280011096167e-11,-2.44983447914262087e-11,-8.57421104463397964e-17,7.35635035438644174e-11,-5.19035804543828168e-12,7.87538615893026991e-11,5.19027230332783562e-12,5.29892425582324879e-10,-9.28076735927019965e-17,5.53029679768399800e-18,-1.22754952571371454e-17,-2.28016518633760610e-18,-3.89797855816470301e-11,-1.65353493614188865e-11,-7.76937303491822368e-12,-3.66818958147367996e-12,-3.89796927739734352e-11,-1.65353548917156850e-11,-7.76936075942296725e-12,-3.66818730130849391e-12,-5.19035804543828168e-12,-1.88008452753497913e-10,1.05569443503231260e-10,3.41883972828826965e-10,19,2,1,5.76460752303767552e+17
38,3,155,-5.38653349099187862e-17,-1.91339860096946536e-11,-1.91346524354512130e-11,-6.78216903132643958e-17,8.61444613595661154e-11,-2.69936620151596035e-10,3.56081081511162124e-10,2.69936552329905711e-10,4.76585087654363887e-10,-7.32384700786378949e-17,4.23477136877839724e-18,-9.66086939957606641e-18,-1.81165205482509498e-18,-2.98035022113344379e-11,-9.96882499059511556e-12,-4.44281394717499361e-12,-1.94637234666157060e-12,-2.98034289728643580e-11,-9.96882922536648382e-12,-4.44280428630559407e-12,-1.94637053500951571e-12,-2.69936620151596035e-10,1.82831590562531960e-10,1.79629120766119264e-10,-2.93753497091831927e-10,19,2,1,5.76460752303767552e+17
39,0,156,-4.24981978394451509e-17,-2.79700304483988574e-11,-2.79694187268824250e-11,-5.36426423845961946e-17,5.80744643443370567e-11,3.83005270421915285e-10,3.24930806077578216e-10,3.83005324064557692e-10,4.52812499792888328e-10,-5.78186519721781646e-17,3.24904825819606542e-18,-7.60614629149483941e-18,-1.43914901294391696e-18,-4.38509572035360864e-11,-1.63526595259322972e-11,-7.85184266798969007e-12,-3.69497774416442090e-12,-4.38508993848841125e-11,-1.63526627749805551e-11,-7.85183506184339931e-12,-3.69497630501540765e-12,3.83005270421915285e-10,1.75111105752118045e-10,-6.98072293709730683e-11,1.54218095370168394e-10,19,2,1,5.76460752303767552e+17
39,1,157,-3.35429294629228633e-17,-2.46347201839291925e-12,-2.46325241982840644e-12,-4.24226224295749019e-17,2.32915441318508435e-10,8.65265742512996257e-11,1.46388867067208809e-10,8.65266166739220577e-11,2.68381774273708234e-10,-4.56609169500802868e-17,2.49821094130869429e-18,-5.99058292939376209e-18,-1.14294846260858851e-18,-2.24048031486734319e-12,5.92183963934007290e-12,3.26132044811376884e-12,1.92252089264347961e-12,-2.24043465395039310e-12,5.92183714112913145e-12,3.26132643869669827e-12,1.92252203559194205e-12,8.65265742512996257e-11,1.46992499538188033e-10,3.39747323682245517e-10,3.54908348525007885e-10,19,2,1,5.76460752303767552e+17
39,2,158,-2.64835659409212988e-17,2.73489961295173045e-12,2.73579864162188031e-12,-3.35436924203177881e-17,1.41904784186226756e-10,-3.68288217532941897e-10,5.10193001719168653e-10,3.68288183989249457e-10,8.04673143998039353e-10,-3.60698131231190995e-17,1.92548941464730464e-18,-4.71968972559840713e-18,-9.07418844726917448e-19,5.78272728454668934e-12,7.79561716743342739e-12,3.61180262191509970e-12,1.88248824680280132e-12,5.78276335435981274e-12,7.79561524194401243e-12,3.61180734160482544e-12,1.88248915422164621e-12,-3.68288217532941897e-10,4.36384926465097457e-10,4.09960658183048611e-10,-1.43177865467317980e-10,19,2,1,5.76460752303767552e+17
39,3,159,-2.09157070344952311e-17,-1.58339484639194641e-11,-1.58339894086134391e-11,-2.65174653231972013e-17,1.70861951466052337e-10,1.87704137701656225e-10,1.68421862356038880e-11,1.87704164219121548e-10,8.20916719199713266e-10,-2.84997216890993888e-17,1.48789437776750629e-18,-3.71947199709960644e-18,-7.20149162376837725e-19,-2.46758443843670628e-11,-9.50293723437537604e-12,-5.34414699942867415e-12,-2.69939307084124731e-12,-2.46758158846453733e-11,-9.50293872226975343e-12,-5.34414327995667722e-12,-2.69939235069208483e-12,1.87704137701656225e-10,5.96968042111793151e-11,3.34908017986589660e-10,-4.86008701213123605e-10,19,2,1,5.76460752303767552e+17
40,0,160,-1.65220931634550684e-17,-2.82072143271055654e-12,-2.81851401680063859e-12,-2.09577334871310243e-17,1.17126161987580485e-10,6.22675383768382229e-10,5.05549221780801795e-10,6.22675404726115710e-10,7.53705876121997300e-10,-2.25221652917859350e-17,1.15288732858300954e-18,-2.93194517789524251e-18,-5.71277007497549704e-19,-3.51051191936181421e-12,1.95931158794362585e-12,6.85859450220299597e-13,4.71717805911499234e-13,-3.51048939719652251e-12,1.95931043505629714e-12,6.85862382165477527e-13,4.71718377188506749e-13,6.22675383768382229e-10,1.31030435448361940e-10,-1.31030492353615070e-10,-1.19298173710049424e-10,19,2,1,5.76460752303767552e+17
40,1,161,-1.30535980771330296e-17,2.88438206474889326e-11,2.88454373101960823e-11,-1.65589483982834590e-17,1.88458420328271389e-10,8.46347235089159721e-11,1.03823696819355417e-10,8.46347400678643714e-11,1.83548086847695928e-10,-1.78003467027697149e-17,8.95845597866787844e-19,-2.31164002355586870e-18,-4.52959643883031749e-19,4.74432070465655668e-11,2.64560243935182651e-11,1.28239539612820621e-11,6.47977438160588342e-12,4.74432248469122691e-11,2.64560234976726661e-11,1.28239562729220860e-11,6.47977483456552703e-12,8.46347235089159721e-11,2.05195424476484565e-10,2.68182810356611887e-10,1.58123664055213674e-10,19,2,1,5.76460752303767552e+17
40,2,162,-1.03144219782433576e-17,2.67366565689869617e-11,2.67363599522130605e-11,-1.30792817704461317e-17,8.99535704187105829e-11,3.96579764582075554e-10,3.06626194163364984e-10,3.96579777661357327e-10,5.38117314478012153e-10,-1.40692978500275276e-17,6.98136004343211144e-19,-1.82287758867913070e-18,-3.58956876728316955e-19,4.30463689057219478e-11,1.97727624132977022e-11,8.90929366951276008e-12,4.21989775758211050e-12,4.30463829750198001e-11,1.97727617151616984e-11,8.90929549239034897e-12,4.21989811653898716e-12,3.96579764582075554e-10,1.74227098063058687e-10,1.40552210680115077e-10,-1.41537549895936625e-10,19,2,1,5.76460752303767552e+17
40,3,163,-8.15054516923202453e-18,4.03270036308918680e-11,4.03261107417800447e-11,-1.03272784122124348e-17,1.03432026526781667e-10,3.66626051902229656e-10,2.63194025375448014e-10,3.66626062229508053e-10,5.25424857410076894e-10,-1.11203861133080535e-17,5.45653449316166961e-19,-1.43764302440012797e-18,-2.84301478546511239e-19,6.43015877717496552e-11,2.76909081992101307e-11,1.28754417580866200e-11,6.14605953513299673e-12,6.43015988921357636e-11,2.76909076535566818e-11,1.28754431957296443e-11,6.14605981943447566e-12,3.66626051902229656e-10,-1.57622688589405964e-10,-1.58798805507847238e-10,4.22183984278672013e-11,19,2,1,5.76460752303767552e+17
41,0,164,-6.44071481817962261e-18,4.92461531368898161e-11,4.92460206619479517e-11,-8.15132875621514554e-18,-9.58074525295662425e-12,6.54070871692836518e-11,7.49878324222402696e-11,6.54070953206124074e-11,5.29018719591105892e-10,-8.78920799861350006e-18,4.27713933247891259e-19,-1.13392545527230029e-18,-2.25038350947097038e-19,7.78425000037749243e-11,3.10523067684497925e-11,1.45149615768465441e-11,6.84471179665683652e-12,7.78425087929829237e-11,3.10523063407358620e-11,1.45149627107719988e-11,6.84471202169518745e-12,6.54070871692836518e-11,-3.40019185160140842e-10,1.88999534430965050e-10,-6.01554657251137772e-11,19,2,1,5.76460752303767552e+17
41,1,165,-5.08940157384416857e-18,4.10772517958220581e-11,4.10747889362033967e-11,-6.43135773502898362e-18,-2.95536587574174752e-11,1.74206707634088176e-10,2.03760366391505664e-10,1.74206714065445898e-10,1.28898878928295445e-09,-6.94611894483910028e-18,3.36217196974297209e-19,-8.94420832270399634e-19,-1.78017767453298734e-19,6.37633515177366335e-11,2.07106247837392520e-11,9.40756124012538186e-12,4.18855486644840483e-12,6.37633584638555723e-11,2.07106244475220535e-11,9.40756213454621394e-12,4.18855504446617225e-12,1.74206707634088176e-10,-4.65958179292738005e-10,-6.56651541177439424e-10,6.32337248105515028e-10,19,2,1,5.76460752303767552e+17
41,2,166,-4.02128954871097612e-18,3.99442888002445746e-11,3.99436614395938662e-11,-5.07225790458317981e-18,-7.14094847350775166e-11,1.84503497369269483e-11,8.98598344720044649e-11,1.84503548091848515e-11,1.07530282046530104e-09,-5.48881688332852657e-18,2.65014081847093881e-19,-7.05517646959864206e-19,-1.40731257505091119e-19,6.15029996861965695e-11,1.84277792568269094e-11,8.69782487353234913e-12,3.88920206167719521e-12,6.15030051750134559e-11,1.84277789918128267e-11,8.69782557904999642e-12,3.88920220240845236e-12,1.84503497369269483e-11,2.33361504342683038e-10,4.33807377244044392e-10,-6.41495443221256643e-10,19,2,1,5.76460752303767552e+17
41,3,167,-3.17696116722906820e-18,3.12755976171556217e-11,3.12744769386978436e-11,-3.99869686428973712e-18,-9.67902506855839887e-11,3.08197410838860839e-10,4.04987661524444841e-10,3.08197414837557696e-10,9.06948503032623410e-10,-4.33652766181542642e-18,2.09429044821531188e-19,-5.56503225355917757e-19,-1.11181178989988708e-19,4.72324100935618400e-11,1.07156233922214890e-11,5.21900734913937802e-12,2.17930594693607173e-12,4.72324144300895018e-11,1.07156231827924442e-11,5.21900790564260366e-12,2.17930605811725065e-12,3.08197410838860839e-10,4.94603861765139510e-11,-5.98751092193762519e-10,-2.01427262355219717e-10,19,2,1,5.76460752303767552e+17
42,0,168,-2.50951412726145569e-18,3.88442355720540463e-11,3.88460443497877826e-11,-3.15100866091354508e-18,-5.42295697802663013e-11,1.07529065545028930e-10,1.61758635325295225e-10,1.07529068696037596e-10,8.29504082512329973e-10,-3.42544134206456370e-18,1.65900065476467998e-19,-4.38942157748824462e-19,-8.77769556964132840e-20,5.95203780058511042e-11,1.75660402765353182e-11,9.08007313490157517e-12,4.18940133713734862e-12,5.95203814312924482e-11,1.75660401106352540e-11,9.08007357384373292e-12,4.18940142491430433e-12,1.07529065545028930e-10,-7.21975016967301069e-10,-2.32631369467445591e-10,1.43992831292286723e-11,19,2,1,5.76460752303767552e+17
42,1,169,-1.98190632369944818e-18,3.48045778949422703e-11,3.48028902628065830e-11,-2.48194104579042991e-18,-1.04015438142676064e-10,6.96406062783300740e-11,1.73656044421006150e-10,6.96406087602711168e-11,1.35073762880223009e-09,-2.70512645392145212e-18,1.31707235725755177e-19,-3.46189161426421513e-19,-6.92524561805904185e-20,5.28622806299379318e-11,1.38148554976467134e-11,7.28705511033501051e-12,3.23274123694290408e-12,5.28622833350643884e-11,1.38148553659394781e-11,7.28705545652417185e-12,3.23274130619536040e-12,6.96406062783300740e-11,4.19980025649772022e-10,-9.30757603152458065e-10,-2.02772635626583592e-10,19,2,1,5.76460752303767552e+17
42,2,170,-1.56486994900385958e-18,2.97682500675117178e-11,2.97677038440731236e-11,-1.95407908258679429e-18,-1.22259362664530621e-10,-2.85500894442991519e-10,1.63241531778460897e-10,2.85500892488912411e-10,3.18061764251871012e-10,-2.13570975162861950e-18,1.04768251472383635e-19,-2.73007013238249697e-19,-5.46001601998540962e-20,4.47372789956334477e-11,9.97383526465617302e-12,5.51982913591558423e-12,2.35278432690013491e-12,4.47372811313432010e-11,9.97383515988792102e-12,5.51982940892259772e-12,2.35278438150029514e-12,-2.85500894442991519e-10,-3.47740609277439856e-10,-2.96788450255688442e-11,-9.91423560845685638e-11,19,2,1,5.76460752303767552e+17
42,3,171,-1.23527113384093492e-18,8.28579365138725102e-12,8.28593276527730293e-12,-1.53780368852238265e-18,-1.38410264610321477e-10,8.54997569614850981e-11,2.23910021571806575e-10,8.54997584992887813e-11,3.69438705414053051e-10,-1.68565588766175870e-18,8.34843144848851099e-20,-2.15266667928338731e-19,-4.30186733446358331e-20,1.01686761425892554e-11,-6.54350199938020068e-12,-2.56903801883340872e-12,-1.65598890890530477e-12,1.01686778282451432e-11,-6.54350208286451552e-12,-2.56903780356674067e-12,-1.65598886588663136e-12,8.54997569614850981e-11,4.54938462375538175e-10,3.94360933684971009e-10,3.78701948795605637e-10,19,2,1,5.76460752303767552e+17
43,0,172,-9.74818747970939877e-19,1.00126044335506869e-11,1.00131751935404371e-11,-1.20967356616581188e-18,-2.32287300525664438e-10,2.56032114032418151e-10,4.88319414558082588e-10,2.56032115242091732e-10,6.05528690019168187e-10,-1.33001778903946611e-18,6.66239806162141778e-20,-1.69711714132644862e-19,-3.38708673872624497e-20,1.36379472196326553e-11,-1.69216716937860095e-12,2.96132202082931386e-13,-2.84048569852235502e-14,1.36379485496504443e-11,-1.69216723600258162e-12,2.96132371794645520e-13,-2.84048231143561642e-14,2.56032114032418151e-10,1.01991422918304181e-10,-3.49496575986750036e-10,-2.10543861523627381e-10,19,2,1,5.76460752303767552e+17
43,1,173,-7.69047140028820044e-19,1.99422667800497779e-11,1.99431136188493543e-11,-9.51142450570127387e-19,-3.22426939974492085e-10,-3.54198480372294791e-10,3.17715403978027057e-11,3.54198479421152323e-10,1.02454718164573331e-09,-1.04905677495238340e-18,5.32355507764077954e-20,-1.33773236679567754e-19,-2.66504873222909915e-20,3.01665177471786732e-11,8.42648145726261981e-12,5.37051068986566334e-12,2.53496235721026408e-12,3.01665187962354472e-11,8.42648140402706889e-12,5.37051082363890013e-12,2.53496238386075154e-12,-3.54198480372294791e-10,-5.92504792681791312e-10,4.32042388963941999e-10,4.00570637240503919e-10,19,2,1,5.76460752303767552e+17
43,2,174,-6.06514037052546743e-19,-2.45962594306942420e-12,-2.45759898095652372e-12,-7.47542057656541804e-19,-3.17340381969163935e-10,-5.77687382710467805e-10,2.60347000741303870e-10,5.77687381962925763e-10,1.40035559151480997e-09,-8.27153429949213526e-19,4.25809210519973251e-20,-1.05424202149905426e-19,-2.09555100522430146e-20,-5.94186713523392899e-12,-9.62402706992020355e-12,-3.96456412015917647e-12,-2.23282195723696449e-12,-5.94186630808049869e-12,-9.62402711250112534e-12,-3.96456401473497428e-12,-2.23282193628145439e-12,-5.77687382710467805e-10,-1.10422790541475921e-09,2.96127686100050660e-10,-6.26138126830415341e-10,19,2,1,5.76460752303767552e+17
43,3,175,-4.78167616530381890e-19,-3.08944037277573785e-11,-3.08944972128527203e-11,-5.87275662104797312e-19,-3.13586243556456892e-10,-1.47254764521047264e-10,1.66331479035409628e-10,1.47254763933771596e-10,6.77213986468487279e-10,-6.51947360491797316e-19,3.40855633775628539e-20,-8.30648588307642451e-20,-1.64668903423692039e-20,-5.12630571197994693e-11,-2.95926142064123056e-11,-1.37384574237730857e-11,-6.95297363869734201e-12,-5.12630564678521064e-11,-2.95926142404978660e-11,-1.37384573407082274e-11,-6.95297362223045156e-12,-1.47254764521047264e-10,-4.74324308880985146e-11,-2.56317843924473210e-10,-7.24646417356585794e-10,19,2,1,5.76460752303767552e+17
44,0,176,-3.76846727771558195e-19,-3.15201416721298739e-11,-3.15193227904936993e-11,-4.61178702977636528e-19,1.24093556601473725e-10,-2.50254655729433656e-10,3.74348212330907381e-10,2.50254655268254977e-10,2.75990709525498909e-10,-5.13657307452272768e-19,2.73006331072948638e-20,-6.54324927693907544e-20,-1.29316072546991836e-20,-5.10571914244523863e-11,-2.42743228306386712e-11,-1.06268830068386335e-11,-5.09311863294173766e-12,-5.10571909107950816e-11,-2.42743228579393053e-11,-1.06268829414061413e-11,-5.09311862001013072e-12,-2.50254655729433656e-10,-5.26245365254932565e-10,-3.32080156615393545e-10,-3.54198028571034676e-10,19,2,1,5.76460752303767552e+17
44,1,177,-2.96886010431022126e-19,-3.68445814697855065e-11,-3.68431947243197091e-11,-3.62011872700259677e-19,-6.11231778042840302e-11,2.54769782329472584e-10,3.15892960133756640e-10,2.54769782691484457e-10,6.75837330518262477e-10,-4.04543506955263719e-19,2.18741982003052431e-20,-5.15303252636017478e-20,-1.01491444544201685e-20,-5.87234961104115064e-11,-2.46014791631993406e-11,-1.08774435972501655e-11,-5.13774887419538485e-12,-5.87234957058679969e-11,-2.46014791850735374e-11,-1.08774435457198409e-11,-5.13774886404624062e-12,2.54769782329472584e-10,-3.72051147648445177e-11,-3.37786098551548510e-10,-4.21067548188789945e-10,19,2,1,5.76460752303767552e+17
44,2,178,-2.33803726480345013e-19,-1.57870562852324946e-11,-1.57869399233523383e-11,-2.84059305030302157e-19,2.74623944642769037e-11,-4.79101164712392144e-10,5.06563559176669080e-10,4.79101164428332841e-10,8.81129537976249748e-10,-3.18482338967786219e-19,1.75293357001442617e-20,-4.05714642681714973e-20,-7.96071275265824220e-21,-2.38674529461944220e-11,-4.25468634811108363e-12,-9.21447660887446273e-13,-1.05873215821091859e-13,-2.38674526277120824e-11,-4.25468636564041971e-12,-9.21447620315982061e-13,-1.05873207860379102e-13,-4.79101164712392144e-10,-2.90508923489873153e-10,-7.85391043672791619e-10,-1.17163846146612290e-09,19,2,1,5.76460752303767552e+17
44,3,179,-1.84054866991866001e-19,-3.56068398566348513e-11,-3.56056636517240605e-11,-2.22810143296711615e-19,-1.76437793480708846e-11,8.43170169936629515e-10,8.60813949284700390e-10,8.43170170159439608e-10,1.35867622517993302e-09,-2.50629681603218693e-19,1.40474051671850326e-20,-3.19347030125110544e-20,-6.24066251879965629e-21,-5.58530342061002437e-11,-2.09191475175547496e-11,-9.98842705086467111e-12,-4.82477468247353172e-12,-5.58530339554705604e-11,-2.09191475316021537e-11,-9.98842701892996770e-12,-4.82477467623286920e-12,8.43170169936629515e-10,-7.90455898264025531e-11,-5.15506055243303509e-10,3.80503635809402061e-10,19,2,1,5.76460752303767552e+17
45,0,180,-1.44835810223705156e-19,1.44589100012175261e-11,1.44590250419740463e-11,-1.74706257234875585e-19,-4.72381740239053411e-11,7.53486982317785450e-10,8.00725156341690791e-10,7.53486982492491682e-10,2.54418780337191967e-09,-1.97154389804679579e-19,1.12552316812276272e-20,-2.51296480663184681e-20,-4.88964460349558492e-21,2.55658971651338125e-11,2.16951325727810869e-11,1.12661057937750082e-11,5.93298519505758797e-12,2.55658973622882014e-11,2.16951325615258568e-11,1.12661058189046567e-11,5.93298519994723270e-12,7.53486982317785450e-10,-1.79070082105413412e-09,7.28398328567073259e-13,4.23649085753729598e-10,19,2,1,5.76460752303767552e+17
45,1,181,-1.13929719974091592e-19,4.89773866546316464e-11,4.89768940565354995e-11,-1.36942433061208729e-19,-1.28609431286824512e-10,-7.83479063126167429e-11,5.02615249742077695e-11,7.83479061756743042e-11,1.04247355977794559e-09,-1.55027242703661113e-19,9.01524786009463400e-21,-1.97691984432388443e-20,-3.82916700038664100e-21,8.04220151501416679e-11,4.42898409315723643e-11,2.14835691953378504e-11,1.06380180624980056e-11,8.04220153051689115e-11,4.42898409225571167e-11,2.14835692151070502e-11,1.06380180663271733e-11,-7.83479063126167429e-11,-1.12082146609056244e-09,-1.95290100499502097e-10,-7.94752633381293799e-10,19,2,1,5.76460752303767552e+17
45,2,182,-8.95841593126040077e-20,3.43767492535094859e-11,3.43750016917459284e-11,-1.07308181877861007e-19,-1.95236674666768987e-10,-1.00720893477640025e-09,8.11972260109631288e-10,1.00720893466909197e-09,1.26088723760441369e-09,-1.21853789562725099e-19,7.21788145100472871e-21,-1.55478199604553749e-20,-2.99726523753917321e-21,5.51792056776184514e-11,2.42510889751777271e-11,1.05131620407191361e-11,4.74206433726253956e-12,5.51792057994722433e-11,2.42510889679598460e-11,1.05131620562669554e-11,4.74206434025980508e-12,-1.00720893477640025e-09,-9.30020988631451416e-10,-1.04655205642994074e-09,2.14335181174473055e-10,19,2,1,5.76460752303767552e+17
45,3,183,-7.04141914943672183e-20,-2.32895709715381100e-11,-2.32892253070716670e-11,-8.40625495243801652e-20,-2.11670523941148422e-10,-2.31569496368566738e-10,1.98989724274183152e-11,2.31569496284504198e-10,2.39588077602955453e-09,-9.57419525193105655e-20,5.77565239207770805e-21,-1.22243905329567001e-20,-2.34506105773766926e-21,-3.89075995762125168e-11,-2.59257874493729301e-11,-1.43589585724261242e-11,-7.63708689337330501e-12,-3.89075994804705614e-11,-2.59257874551485830e-11,-1.43589585602017340e-11,-7.63708689102824474e-12,-2.31569496368566738e-10,-2.02860324522209353e-09,-4.35211200152762381e-10,3.67277530807460995e-10,19,2,1,5.76460752303767552e+17
46,0,184,-5.53256535691086467e-20,-2.98245847598317836e-11,-2.98247045473252308e-11,-6.58350876079605190e-20,-4.48346596013744518e-10,-4.36711666301791575e-10,1.16349297119529426e-11,4.36711666235956477e-10,2.05918061006359442e-09,-7.51971575844877969e-20,4.61857583962576000e-21,-9.60865226949074926e-21,-1.83402919274294879e-21,-4.86130944003081798e-11,-2.58084728558512057e-11,-1.28787670889692792e-11,-6.31443660466940140e-12,-4.86130943251110192e-11,-2.58084728604697815e-11,-1.28787670793606264e-11,-6.31443660283537234e-12,-4.36711666301791575e-10,-6.38448706315388942e-10,-4.59614479012009768e-10,1.42073190374820547e-09,19,2,1,5.76460752303767552e+17
46,1,185,-4.34544017938882474e-20,-4.48445766153722946e-11,-4.48444912354997016e-11,-5.15475562125652890e-20,-4.36797091122146182e-10,-1.59384070014572520e-09,1.15704360902357897e-09,1.59384070009417758e-09,1.97638156051966389e-09,-5.90392744022979988e-20,3.69056680968204219e-21,-7.55051065246565345e-21,-1.43382823978579288e-21,-7.20030391008333166e-11,-3.33602994993732266e-11,-1.60024518371962084e-11,-7.64312688105708999e-12,-7.20030390417940371e-11,-3.33602995030637963e-11,-1.60024518296456973e-11,-7.64312687962326126e-12,-1.59384070014572520e-09,3.82540860373938586e-10,2.14633225265821631e-10,-1.28682558086533840e-09,19,2,1,5.76460752303767552e+17
46,2,186,-3.41182060741365461e-20,-1.13584610109573096e-10,-1.13584081661619606e-10,-4.03520492759800444e-20,-4.34830608109742389e-10,5.09796339553863930e-10,9.44626947663606371e-10,5.09796339594215972e-10,8.34348467647347715e-10,-4.63368367218852213e-20,2.94661626304813805e-21,-5.93158181315658213e-21,-1.12058062162744322e-21,-1.82018268124207855e-10,-8.37986268205929131e-11,-4.08460785060540843e-11,-1.98913470373544788e-11,-1.82018268077871006e-10,-8.37986268235395243e-11,-4.08460785001225014e-11,-1.98913470362338978e-11,5.09796339553863930e-10,7.79080920961056719e-11,-3.24552128093483785e-10,4.91256138211631367e-10,19,2,1,5.76460752303767552e+17
46,3,187,-2.67786637589763837e-20,-6.25724406323425069e-11,-6.25721646618235558e-11,-3.15821236560720570e-20,-1.80084457985089231e-10,1.41746174076603494e-10,3.21830632061692699e-10,1.41746174108185611e-10,5.23270018790691702e-10,-3.63549570807919082e-20,2.35056401513839843e-21,-4.65851539127997927e-21,-8.75509798909020090e-22,-9.69733360307679674e-11,-2.99410639600014770e-11,-1.27712641617202634e-11,-5.21363553094533463e-12,-9.69733359944130046e-11,-2.99410639623520400e-11,-1.27712641570617485e-11,-5.21363553006982454e-12,1.41746174076603494e-10,5.53947786612375907e-10,3.06777678216842312e-11,2.41497417806510139e-10,19,2,1,5.76460752303767552e+17
47,0,188,-2.10110506701142875e-20,-4.06446641731507180e-11,-4.06445922242211758e-11,-2.47142198919479999e-20,-5.39418644001963626e-10,-1.74616834433907447e-10,3.64801809568056179e-10,1.74616834409193229e-10,1.46466018695227020e-09,-2.85140938694448631e-20,1.87333551461402543e-21,-3.65772006626601516e-21,-6.83861458189552754e-22,-6.08763931328247783e-11,-1.06076855779016804e-11,-4.14629951688170085e-12,-1.22330894233065113e-12,-6.08763931043106864e-11,-1.06076855797750167e-11,-4.14629951322398088e-12,-1.22330894164678965e-12,-1.74616834433907447e-10,-2.75040762260869838e-10,-7.48981463938226462e-10,7.15678723014043740e-10,19,2,1,5.76460752303767552e+17
47,1,189,-1.64804601582666495e-20,-3.91751107776707335e-11,-3.91757505532714073e-11,-1.93372242075805647e-20,2.20004184622739074e-10,-1.06491045746374903e-09,1.28491464208648808e-09,1.06491045744441183e-09,1.59778180169207238e-09,-2.23574183361870192e-20,1.49154084375589958e-21,-2.87119733241792815e-21,-5.34050242681440055e-22,-5.86489646565785747e-11,-1.14028578847011033e-11,-5.69990041314526935e-12,-2.33129854538440079e-12,-5.86489646342211623e-11,-1.14028578861926440e-11,-5.69990041027407213e-12,-2.33129854485035069e-12,-1.06491045746374903e-09,-1.30261121039828904e-09,-5.17121898063572104e-10,2.95170591293783339e-10,19,2,1,5.76460752303767552e+17
47,2,190,-1.29229234999543823e-20,-8.21580497219264116e-11,-8.21586759100647899e-11,-1.51284672567322523e-20,-6.29091835362092008e-11,-8.14570594550302716e-10,7.51661411014093489e-10,8.14570594535174203e-10,2.72463208859947190e-09,-1.75249958711606255e-20,1.18635788231506429e-21,-2.25325097613503509e-21,-4.16985462858503060e-22,-1.28332319780612579e-10,-4.77599074521065010e-11,-2.44925980173062256e-11,-1.18302607185660847e-11,-1.28332319763087594e-10,-4.77599074532928589e-11,-2.44925980150529760e-11,-1.18302607181490985e-11,-8.14570594550302716e-10,-2.30602957999857553e-09,4.18602508600896368e-10,-1.78452887403665025e-09,19,2,1,5.76460752303767552e+17
47,3,191,-1.01304761116091815e-20,-1.03179186967225180e-10,-1.03179305795468142e-10,-1.18348091814513088e-20,2.66344836888221483e-10,9.12943741080353369e-10,6.46598904192131886e-10,9.12943741092188153e-10,1.97254370740999460e-09,-1.37333657771890241e-20,9.42639404694882776e-22,-1.76788853877389426e-21,-3.25538711741203207e-22,-1.61385710402233804e-10,-6.01125007414522684e-11,-3.01579393995799622e-11,-1.42724792217521708e-11,-1.61385710388500435e-10,-6.01125007423949053e-11,-3.01579393978120704e-11,-1.42724792214266316e-11,9.12943741080353369e-10,5.83477699950171701e-10,-9.62953303994056049e-11,-1.05959996632964123e-09,19,2,1,5.76460752303767552e+17
48,0,192,-7.93934884315811380e-21,-3.37795320059638106e-11,-3.37793793964297938e-11,-9.25774159790188866e-21,-3.92800930502473135e-11,1.56900427717533237e-09,1.60828437022557978e-09,1.56900427718459018e-09,1.93766812466849808e-09,-1.07593969417166109e-20,7.48197404467485641e-22,-1.38676958944369625e-21,-2.54123888461194115e-22,-4.79712122624962470e-11,1.90105829516348284e-12,1.25182846243797503e-12,1.75613764417467473e-12,-4.79712122517368503e-11,1.90105829441528546e-12,1.25182846382474454e-12,1.75613764442879871e-12,1.56900427717533237e-09,4.48458464038442353e-10,-3.68663847493165806e-10,7.41782915027126825e-10,19,2,1,5.76460752303767552e+17
48,1,193,-6.22063381355014629e-21,5.28203174925689105e-11,5.28196731367673448e-11,-7.24166011668434205e-21,4.75587485580073715e-11,1.21714439190134134e-09,1.16958564334333407e-09,1.21714439190858310e-09,1.63186498533562684e-09,-8.42752933351071082e-21,5.93228242841023568e-22,-1.08758606801488873e-21,-1.98366183603200595e-22,9.11331540086423810e-11,6.65265610485955562e-11,3.21679837406203904e-11,1.66710477515014956e-11,9.11331540170699039e-11,6.65265610480023255e-11,3.21679837417079778e-11,1.66710477516998607e-11,1.21714439190134134e-09,4.37920316132710557e-10,2.06978530146833730e-09,1.87689819587484765e-09,19,2,1,5.76460752303767552e+17
48,2,194,-4.87290916557973581e-21,1.02405078117835976e-10,1.02404248048958377e-10,-5.66463786659244701e-21,-2.98811248377261694e-10,7.57824645015689949e-10,1.05663589339295164e-09,7.57824645021354585e-10,1.06502168676083102e-09,-6.59969567003517716e-21,4.69850103059164670e-22,-8.52784003396718860e-22,-1.54841405616253091e-22,1.68309547122217475e-10,9.12972585131037443e-11,4.24595277028427193e-11,2.08756121026656672e-11,1.68309547128817162e-10,9.12972585126338928e-11,4.24595277036955037e-11,2.08756121028205083e-11,7.57824645015689949e-10,-3.07197041745141125e-10,2.57012741493558172e-10,2.73790984069719272e-12,19,2,1,5.76460752303767552e+17
48,3,195,-3.81641408790143636e-21,1.17498643706344266e-10,1.17498770153959078e-10,-4.43117069956426985e-21,-3.58351173771184137e-10,-3.62682740452714540e-10,4.33156668153040352e-12,3.62682740448283386e-10,8.87310289819987155e-10,-5.16736390350799003e-21,3.71730298714489854e-22,-6.68554913840993855e-22,-1.20870873821449693e-22,1.89112626210300057e-10,8.65272158955978443e-11,3.88732903406854148e-11,1.84123156386177055e-11,1.89112626215467428e-10,8.65272158952261171e-11,3.88732903413539706e-11,1.84123156387385773e-11,-3.62682740452714540e-10,4.83742101789609985e-10,-1.91804166720560354e-10,5.24627549367272615e-10,19,2,1,5.76460752303767552e+17
49,0,196,-2.98845027943936581e-21,7.29864661096108276e-11,7.29869170042799832e-11,-3.46647585024957294e-21,-5.95129079448199009e-10,-4.72490248838164204e-10,1.22638830610034805e-10,4.72490248834697696e-10,7.00018473221751271e-10,-4.04525724259373531e-21,2.93784675488222156e-22,-5.24040216212353691e-22,-9.43601663968537040e-23,1.14068648906846683e-10,3.72079633008240823e-11,1.43073123482776368e-11,5.88611695565056227e-12,1.14068648910891945e-10,3.72079633005302975e-11,1.43073123488016767e-11,5.88611695574492225e-12,-4.72490248838164204e-10,-9.20755608790297488e-10,-9.54941417114078854e-10,-1.17250872205991547e-09,19,2,1,5.76460752303767552e+17
49,1,197,-2.33975330405933483e-21,3.23725869103227788e-11,3.23729473758237037e-11,-2.71201380349364017e-21,-6.80253752266351173e-10,-8.47445777562367829e-10,1.67192025296016656e-10,8.47445777559655814e-10,1.48023959772012451e-09,-3.16640050864839743e-21,2.31934994478953771e-22,-4.10703846396022316e-22,-7.36724485263002681e-23,4.73068443699423989e-11,1.55681138658813243e-12,-1.77328400508158515e-12,-1.74017402455264528e-12,4.73068443731088011e-11,1.55681138635619753e-12,-1.77328400467088130e-12,-1.74017402447897289e-12,-8.47445777562367829e-10,-1.38381771874716265e-09,-3.13682462098956427e-10,9.64218789729617604e-11,19,2,1,5.76460752303767552e+17
49,2,198,-1.83163063394781272e-21,-1.79005708169374447e-11,-1.79009420548362183e-11,-2.12197275685129390e-21,-5.49636576397318386e-10,2.19225259713813143e-09,2.74188917353544992e-09,2.19225259714025356e-09,1.38843256993644275e-09,-2.47821467094802120e-21,1.82913038754601475e-22,-3.21837683040879817e-22,-5.75290427883098818e-23,-3.36101893477038454e-11,-3.53109386184167993e-11,-1.81976327910890962e-11,-9.43056018971176369e-12,-3.36101893452256317e-11,-3.53109386185997096e-11,-1.81976327907672583e-11,-9.43056018965423425e-12,2.19225259713813143e-09,2.10281355059765370e-09,2.22359201040316062e-09,8.35159440466717869e-10,19,2,1,5.76460752303767552e+17
49,3,199,-1.43370548647374490e-21,9.36578190390156836e-11,9.36559242183707854e-11,-1.66051014552474403e-21,-6.07833668470193843e-10,8.64065825934591057e-10,1.47189949440478500e-09,8.64065825936251519e-10,2.48279990289223672e-09,-1.93943934053031081e-21,1.44102428644025553e-22,-2.52171792311970938e-22,-4.49314418945062788e-23,1.48355996351230408e-10,6.42673171249216921e-11,3.35034291475384764e-11,1.69987300450811655e-11,1.48355996353169836e-10,6.42673171247775946e-11,3.35034291477906501e-11,1.69987300451260982e-11,8.64065825934591057e-10,1.33412810899901311e-09,-1.14867179389322340e-09,-6.03837113201997337e-10,19,2,1,5.76460752303767552e+17
50,0,200,-1.12213910276567844e-21,1.14868518420614308e-10,1.14868230106769784e-10,-1.29958923846725616e-21,-1.11694886980229255e-09,-7.15447563432530846e-10,4.01501306369761703e-10,7.15447563431231242e-10,3.84676113415686457e-09,-1.51770894253228124e-21,1.13410905144744877e-22,-1.97567383384403215e-22,-3.51001839847019475e-23,1.81082968817646908e-10,7.28568146136211677e-11,3.63326864074228655e-11,1.74948188110668321e-11,1.81082968819164629e-10,7.28568146135077534e-11,3.63326864076204324e-11,1.74948188111019324e-11,-7.15447563432530846e-10,7.70702898515237405e-11,-3.76969084430534114e-09,-2.41829206932844975e-10,19,2,1,5.76460752303767552e+17
50,1,201,-8.78230706283770023e-22,5.27898926475416068e-11,5.27869037180602662e-11,-1.01728321215057749e-21,-4.02156716113857871e-10,5.25764645258738750e-10,9.27921361372596621e-10,5.25764645259756079e-10,2.25704860047820029e-09,-1.18764470528904322e-21,8.91672500832861663e-23,-1.54775007872699998e-22,-2.74269775942675895e-23,7.89724776431930146e-11,1.40505441435241855e-11,6.17778265996005376e-12,1.90253868387076701e-12,7.89724776443806650e-11,1.40505441434350181e-11,6.17778266011482862e-12,1.90253868389819403e-12,5.25764645258738750e-10,-6.73299611333253497e-10,1.58374898914494659e-09,4.15785209727128090e-10,19,2,1,5.76460752303767552e+17
50,2,202,-6.87315452077690925e-22,6.56706123812420858e-11,6.56730908816219097e-11,-7.96446265101203676e-22,-7.41615289237367989e-10,5.68299947247037018e-10,1.30991523648440490e-09,5.68299947247833490e-10,4.43389097148267478e-09,-9.29353464773494305e-22,7.00381363627016697e-23,-1.21244208007130388e-22,-2.14372288899999754e-23,1.00045399055280008e-10,2.70069989053839491e-11,1.38786233228025793e-11,6.17578540943363062e-12,1.00045399056209359e-10,2.70069989053139101e-11,1.38786233229238243e-11,6.17578540945506785e-12,5.68299947247037018e-10,-3.86559102423563755e-09,-1.32998064222871093e-09,-3.43806687746913468e-09,19,2,1,5.76460752303767552e+17
50,3,203,-5.37897371808574074e-22,7.78505869837730986e-11,7.78512183429429686e-11,-6.23672761988412943e-22,-6.60857683284025562e-10,9.00770103669417465e-11,7.50934693650967309e-10,9.00770103675654149e-11,2.09805877282971807e-09,-7.27247144935996042e-22,5.49611028808358949e-23,-9.49737211654529849e-23,-1.67607291669981095e-23,1.19657243011995277e-10,3.69272045921467253e-11,1.91992547193346635e-11,8.84859631025779848e-12,1.19657243012722524e-10,3.69272045920917630e-11,1.91992547194296374e-11,8.84859631027455858e-12,9.00770103669417465e-11,8.28518821803787851e-10,2.18813578319665982e-09,4.33399721633584378e-10,19,2,1,5.76460752303767552e+17
51,0,204,-4.20967540707321260e-22,6.36222302291550637e-11,6.36213765639988853e-11,-4.88482288998332071e-22,-1.10482019218460585e-09,-5.88889247486002272e-10,5.15930944698603578e-10,5.88889247485513822e-10,4.61928835395433772e-09,-5.69114877082523341e-22,4.30905734563045077e-23,-7.43936429359324508e-23,-1.31087389017794435e-23,9.63135521653636764e-11,2.38826726698977609e-11,1.26704197651533477e-11,5.45697832203890049e-12,9.63135521659327896e-11,2.38826726698546700e-11,1.26704197652277407e-11,5.45697832205200936e-12,-5.88889247486002272e-10,-8.37146893277204129e-10,-7.24598282037577511e-11,-4.69174818215809541e-09,19,2,1,5.76460752303767552e+17
51,1,205,-3.29468158787811050e-22,1.88984780432541443e-11,1.88983242159399701e-11,-3.82681812541199080e-22,-9.98275330333171259e-10,-1.75538943843859036e-09,7.57114108105419106e-10,1.75538943843820759e-09,4.51790400236323135e-09,-4.45394048742778993e-22,3.37544236683239911e-23,-5.82727642835859146e-23,-1.02560821649374242e-23,2.41452315737734848e-11,-1.13708049062685972e-11,-4.60458268601893563e-12,-3.10395764103206150e-12,2.41452315742188796e-11,-1.13708049063023517e-11,-4.60458268596066302e-12,-3.10395764102180535e-12,-1.75538943843859036e-09,-1.05038619973718069e-09,-4.09484521526390087e-09,4.23058787099330267e-10,19,2,1,5.76460752303767552e+17
51,2,206,-2.57871520203348129e-22,-7.35218135354821048e-11,-7.35205643592193088e-11,-2.99866613892210557e-22,-1.06297307803263112e-09,-3.13805152907208029e-09,2.07507845103944897e-09,3.13805152907178044e-09,2.91062759130085414e-09,-3.48597906204630903e-22,2.64190721729361499e-23,-4.56457311616270779e-23,-8.02716285256811978e-24,-1.23956252734471824e-10,-7.94312614136560816e-11,-3.76629957199044112e-11,-1.92160523356039328e-11,-1.23956252734123219e-10,-7.94312614136824997e-11,-3.76629957198587677e-11,-1.92160523355959066e-11,-3.13805152907208029e-09,-2.49240353210190565e-09,-3.73272051342803571e-10,-2.27423937771225947e-10,19,2,1,5.76460752303767552e+17
51,3,207,-2.01849394481091814e-22,-2.13407808939606159e-10,-2.13408100229447344e-10,-2.35029919371186420e-22,-8.31064460510848897e-10,-5.55594624199699518e-10,2.75469836311149379e-10,5.55594624199464496e-10,3.78964067105084161e-09,-2.72866295804876180e-22,2.06614559624420840e-23,-3.57558066275988524e-23,-6.28504865856280206e-24,-3.46647125207678635e-10,-1.75597286030640053e-10,-8.38956400880163011e-11,-4.13959357737739545e-11,-3.46647125207405768e-10,-1.75597286030660707e-10,-8.38956400879805513e-11,-4.13959357737676667e-11,-5.55594624199699518e-10,-2.86158892675577554e-09,9.28051744295065963e-10,-9.15280147215419938e-12,19,2,1,5.76460752303767552e+17
52,0,208,-1.58013520990634180e-22,-1.93402467866450296e-10,-1.93404530674954245e-10,-1.84257630945539895e-22,-9.19102849735707666e-10,-1.03951386865614763e-09,1.20411018920439960e-10,1.03951386865596337e-09,4.97175892314292852e-09,-2.13613210052210400e-22,1.61465596722010454e-23,-2.80099091679608378e-23,-4.92295321685032315e-24,-3.08081282967955781e-10,-1.29331321613720259e-10,-5.81730946860271851e-11,-2.70487197881453973e-11,-3.08081282967742161e-10,-1.29331321613736414e-10,-5.81730946859991773e-11,-2.70487197881404730e-11,-1.03951386865614763e-09,-1.85071918775797979e-09,5.85145702023738588e-10,3.12103973538494873e-09,19,2,1,5.76460752303767552e+17
52,1,209,-1.23712008728199089e-22,-2.00497680573530419e-10,-2.00497806661963401e-10,-1.44489658817911274e-22,-3.99978397750022003e-10,1.61034171875248058e-09,2.01032011650250279e-09,1.61034171875262513e-09,2.92617237259777731e-09,-1.67250396939458604e-22,1.26094212918079861e-23,-2.19433063507770754e-23,-3.85759190018976106e-24,-3.15326138958517576e-10,-1.17612174976339523e-10,-5.30367792033182678e-11,-2.43382033231049867e-11,-3.15326138958350331e-10,-1.17612174976352137e-10,-5.30367792032963217e-11,-2.43382033231011287e-11,1.61034171875248058e-09,-1.31583065384529672e-09,-9.68602578506002068e-10,-1.74197794896140524e-10,19,2,1,5.76460752303767552e+17
52,2,210,-9.68696637259253003e-23,-7.39862327270129604e-11,-7.39850098715108136e-11,-1.13333360493033427e-22,-4.13029434918686942e-10,-1.25939676752438150e-09,8.46367332605694556e-10,1.25939676752426817e-09,6.35277387805936407e-09,-1.30970704798498457e-22,9.84074159163928453e-24,-1.71918995605218210e-23,-3.02400069976586207e-24,-1.07616456548041337e-10,-2.97851003808487366e-12,2.81160810189062033e-12,3.57836263622346404e-12,-1.07616456547910371e-10,-2.97851003809471420e-12,2.81160810190781220e-12,3.57836263622648802e-12,-1.25939676752438150e-09,3.55909680441953798e-09,-2.72604058109057180e-09,3.62673329696879227e-09,19,2,1,5.76460752303767552e+17
52,3,211,-7.58628157057476880e-23,-1.17220920338933222e-10,-1.17221127353692705e-10,-8.89177328492336501e-23,-5.69805772567771793e-10,-3.69730271271606152e-09,3.12749694014828972e-09,3.69730271271597260e-09,8.00205129018878521e-09,-1.02578316967030417e-22,7.67539112888699054e-24,-1.34704746360380625e-23,-2.37149702397887972e-24,-1.78473870919587056e-10,-4.68517382133574678e-11,-2.31466797939808764e-11,-1.06028655892909247e-11,-1.78473870919484485e-10,-4.68517382133651451e-11,-2.31466797939674057e-11,-1.06028655892885530e-11,-3.69730271271606152e-09,4.30474857747272327e-09,3.23301435869323389e-09,3.34876235248690926e-09,19,2,1,5.76460752303767552e+17
53,0,212,-5.94212263760068457e-23,-2.71733755622057480e-10,-2.71732862590627236e-10,-6.97794686014427659e-23,-4.47771468762313771e-10,6.71483144652160514e-10,1.11925461341447428e-09,6.71483144652230307e-10,2.61054802148370530e-09,-8.03557755538896292e-23,5.98324402386304582e-24,-1.05556394276826944e-23,-1.86053136331894467e-24,-4.28033543136456164e-10,-1.72216397735385028e-10,-8.69530694775196209e-11,-4.24282887751299199e-11,-4.28033543136375824e-10,-1.72216397735390999e-10,-8.69530694775090614e-11,-4.24282887751280588e-11,6.71483144652160514e-10,-1.93906487683154499e-09,-2.97154236112958381e-10,5.22291675040670381e-11,19,2,1,5.76460752303767552e+17
53,1,213,-4.65512468631978309e-23,-1.75375483996773941e-10,-1.75376068753399926e-10,-5.47739211104859347e-23,5.66208370507708705e-10,3.46464633922508175e-09,2.89843796871737294e-09,3.46464633922513634e-09,6.55357944039576747e-09,-6.29598563650068973e-23,4.66187760420268032e-24,-8.27244214631259453e-24,-1.46023369390893481e-24,-2.68242811304906422e-10,-7.40633316858037662e-11,-3.57139987123600525e-11,-1.52849839587281554e-11,-2.68242811304843453e-10,-7.40633316858084320e-11,-3.57139987123517807e-11,-1.52849839587266949e-11,3.46464633922508175e-09,-1.28838812764175117e-09,3.69319255644787384e-09,-2.86038688394789364e-09,19,2,1,5.76460752303767552e+17
53,2,214,-3.64756405740200173e-23,3.85501587389646948e-11,3.85499975487143470e-11,-4.30055359204283005e-23,3.40492427154611860e-10,-6.12865587672771161e-10,9.53358014827382970e-10,6.12865587672728147e-10,3.94288871757285263e-09,-4.93400600633076264e-23,3.63076621590997457e-24,-6.48387934178708036e-24,-1.14650148918266361e-24,7.81118164636095984e-11,9.94920886651604104e-11,4.93485316523341422e-11,2.68525926575592857e-11,7.81118164636589449e-11,9.94920886651567786e-11,4.93485316523406240e-11,2.68525926575604327e-11,-6.12865587672771161e-10,2.34706264095477708e-10,-2.38832908842348716e-10,-3.70818245347737492e-09,19,2,1,5.76460752303767552e+17
53,3,215,-2.85864710706706596e-23,2.82413827723741444e-12,2.82413239837028958e-12,-3.37734935715055500e-23,-1.17761405965292755e-10,-2.16631416147548389e-10,9.88700101822556345e-11,2.16631416147514604e-10,8.03437208827157038e-09,-3.86748248219429515e-23,2.82666983265980797e-24,-5.08267163341208723e-24,-9.00509842676615438e-25,1.51706279331900550e-11,4.21953178613578009e-11,1.57017239572632950e-11,7.96539191508665006e-12,1.51706279332287289e-11,4.21953178613549768e-11,1.57017239572683776e-11,7.96539191508754994e-12,-2.16631416147548389e-10,-5.75251388894833351e-09,-2.43492966586458783e-09,2.28185819932323687e-09,19,2,1,5.76460752303767552e+17
54,0,216,-2.24082283214559512e-23,-6.45914522754261231e-12,-6.45890065019034105e-12,-2.65292368578951381e-23,2.08000142440206287e-10,-3.97927240303650185e-09,4.18727254547670814e-09,3.97927240303647538e-09,9.70719519919106354e-09,-3.03216197709065773e-23,2.19997668644086996e-24,-3.98481856958582835e-24,-7.07550495465129859e-25,-3.03203575099840583e-12,2.02111315405976668e-11,4.11289741185229425e-12,1.98256143055687374e-12,-3.03203575096808409e-12,2.02111315405954664e-11,4.11289741185627910e-12,1.98256143055758137e-12,-3.97927240303650185e-09,-4.12754362980810758e-09,5.57965156938295596e-09,8.53931879424436425e-10,19,2,1,5.76460752303767552e+17
54,1,217,-1.75689752521697522e-23,-2.00578366056347227e-10,-2.00577262722946553e-10,-2.08432823784381514e-23,8.65251532407538307e-10,1.53511718547493355e-09,6.69865653067395239e-10,1.53511718547495443e-09,9.89054279153316672e-09,-2.37779070487690767e-23,1.71180654683416583e-24,-3.12454884253200742e-24,-5.56127098861151871e-25,-3.18907967460391213e-10,-1.45028951041592616e-10,-7.77447688554776800e-11,-3.87662253229975995e-11,-3.18907967460367431e-10,-1.45028951041594322e-10,-7.77447688554745522e-11,-3.87662253229970438e-11,1.53511718547493355e-09,4.63659186985424899e-09,-2.16218397616369433e-09,-5.25395092167891774e-09,19,2,1,5.76460752303767552e+17
54,2,218,-1.37777748796041467e-23,-7.86866324290251955e-11,-7.86861085185854827e-11,-1.63792846505057737e-23,1.24709215760792373e-09,6.11833496696687130e-09,4.87124280935894715e-09,6.11833496696688784e-09,7.57841563601994396e-09,-1.86506111416420557e-23,1.33171957859624025e-24,-2.45036454675503164e-24,-4.37250075847889347e-25,-1.18406677816814407e-10,-2.59342870475947390e-11,-1.36365662053836721e-11,-4.80089576692494316e-12,-1.18406677816795744e-10,-2.59342870475960702e-11,-1.36365662053812212e-11,-4.80089576692450614e-12,6.11833496696687130e-09,3.97000124535939819e-09,2.79919886457695732e-09,-1.46008066905307184e-09,19,2,1,5.76460752303767552e+17
54,3,219,-1.08070341098849113e-23,2.43594216207982299e-10,2.43593208949694772e-10,-1.28737655240123526e-23,1.08271962036588651e-09,-3.03228830176750170e-09,4.11500792213338780e-09,3.03228830176748888e-09,7.39428178124057725e-09,-1.46322452277350410e-23,1.03590661170201369e-24,-1.92194299893447907e-24,-3.43886954094182592e-25,4.02139246365435791e-10,2.32200223404828127e-10,1.14709354985557097e-10,5.88079271110137650e-11,4.02139246365450422e-10,2.32200223404827093e-10,1.14709354985559022e-10,5.88079271110141140e-11,-3.03228830176750170e-09,3.52500321709262062e-09,4.36199347947307555e-09,2.55584065802483102e-09,19,2,1,5.76460752303767552e+17
55,0,220,-8.47869536021092648e-24,4.06643779976240066e-11,4.06644140695375201e-11,-1.01202690595191067e-23,1.10102833016308535e-09,-3.44293948967467452e-09,4.54396781983776029e-09,3.44293948967466460e-09,7.18082491370732939e-09,-1.14822452769540567e-23,8.05761556447558567e-25,-1.50771058199241368e-24,-2.70533798646715065e-25,6.55332111140999021e-11,2.33802188254447070e-11,4.12642147505293890e-12,3.44434057146253522e-13,6.55332111141113792e-11,2.33802188254439024e-11,4.12642147505444624e-12,3.44434057146524032e-13,-3.44293948967467452e-09,-2.01183187696307273e-09,-5.32432269917968468e-09,1.85650221452764512e-09,19,2,1,5.76460752303767552e+17
55,1,221,-6.65343873393969629e-24,-1.39054984371589754e-10,-1.39054205322335810e-10,-7.95697352810102133e-24,1.51449051862968200e-10,4.70635899528996366e-09,4.55490994342699571e-09,4.70635899528997193e-09,1.01004182201361524e-08,-9.01237719965264433e-24,6.26756724931733606e-25,-1.18294309421591679e-24,-2.12880976350513374e-25,-2.26380829665786461e-10,-1.24848106052886406e-10,-6.72183955291211482e-11,-3.43534157878535026e-11,-2.26380829665777440e-10,-1.24848106052887026e-10,-6.72183955291199591e-11,-3.43534157878532894e-11,4.70635899528996366e-09,-5.39405922484618953e-09,7.86403994650964735e-10,2.53968238006628107e-09,19,2,1,5.76460752303767552e+17
55,2,222,-5.22223912259771162e-24,1.24624737536586447e-10,1.24623623624179358e-10,-6.25700429278601255e-24,7.86361778831866634e-10,1.15636521762791010e-09,3.70003438796043462e-10,1.15636521762791630e-09,6.75756872186843758e-09,-7.07532892800344802e-24,4.87557906159215421e-25,-9.28278506790683927e-25,-1.67552408737830471e-25,2.03526673779599949e-10,1.10643585447177846e-10,5.57280281304669491e-11,2.91551606618182419e-11,2.03526673779607031e-10,1.10643585447177355e-10,5.57280281304678796e-11,2.91551606618184100e-11,1.15636521762791010e-09,-3.63558198774929816e-09,-4.71131133421090298e-09,2.04625738765753460e-09,19,2,1,5.76460752303767552e+17
55,3,223,-4.09976502123421215e-24,1.54411732542220644e-10,1.54409124989256674e-10,-4.92085699853397492e-24,1.44335658088602317e-10,-1.02941232693363599e-09,1.17374798502223836e-09,1.02941232693363103e-09,9.32701562624524614e-09,-5.55579253909262582e-24,3.79328940469557478e-25,-7.28552696749204542e-25,-1.31902084792081265e-25,2.47899909367318971e-10,1.14659594808045359e-10,5.47106964086515134e-11,2.68018045162196726e-11,2.47899909367324502e-10,1.14659594808044984e-10,5.47106964086522436e-11,2.68018045162198051e-11,-1.02941232693363599e-09,-4.53845889766080573e-09,4.78855672858444041e-09,1.95960052390425400e-09,19,2,1,5.76460752303767552e+17
56,0,224,-3.21921744812134477e-24,6.84888757681436894e-11,6.84869136442840086e-11,-3.87046987302932022e-24,-3.38807312780936657e-10,-5.62216455629743866e-09,5.28335724351650190e-09,5.62216455629743452e-09,1.18066279866972632e-08,-4.36349287279184364e-24,2.95185864727619094e-25,-5.71888073813572670e-25,-1.03855198262270756e-25,1.05307716174422428e-10,2.76796777082785461e-11,1.00860916681803878e-11,3.60960245781150525e-12,1.05307716174426796e-10,2.76796777082782521e-11,1.00860916681809598e-11,3.60960245781160905e-12,-5.62216455629743866e-09,3.83652208358546820e-09,-7.97010590311179580e-09,-3.58197117461111815e-09,19,2,1,5.76460752303767552e+17
56,1,225,-2.52829478366256374e-24,-2.26323934955301515e-10,-2.26323133425700249e-10,-3.04458496061626208e-24,-1.13793859096151581e-09,-9.50514001316334666e-09,8.36720142220183147e-09,9.50514001316334335e-09,1.64417263596520932e-08,-3.42773758907426344e-24,2.29768952304386004e-25,-4.48980197727219809e-25,-8.17840715080030602e-26,-3.71737234641548662e-10,-2.10724621718898427e-10,-1.07116621277117508e-10,-5.44306588874891279e-11,-3.71737234641545250e-10,-2.10724621718898659e-10,-1.07116621277117055e-10,-5.44306588874890439e-11,-9.50514001316334666e-09,4.65948663690535223e-09,-1.32031311619122682e-09,6.93658634648874735e-09,19,2,1,5.76460752303767552e+17
56,2,226,-1.98603779832006201e-24,-6.47400898314770499e-10,-6.47401153799863433e-10,-2.39511698369709421e-24,-4.52491010172506456e-10,-6.09330400437017764e-09,5.64081299419767109e-09,6.09330400437017516e-09,1.18723353328510443e-08,-2.69315634479841951e-24,1.78907556732412022e-25,-3.52539383470777160e-25,-6.44112051489878104e-26,-1.04491997973249461e-09,-5.11338478839934473e-10,-2.50807653530698292e-10,-1.23407683648063624e-10,-1.04491997973249192e-09,-5.11338478839934680e-10,-2.50807653530697930e-10,-1.23407683648063573e-10,-6.09330400437017764e-09,-5.77308523743578131e-09,5.77903132848086665e-09,3.23861380693547498e-09,19,2,1,5.76460752303767552e+17
56,3,227,-1.56036272141273151e-24,-8.03650266235617845e-10,-8.03650110170379442e-10,-1.88431010237203410e-24,8.52539923069176518e-10,1.32797480424811321e-09,4.75434881178936692e-10,1.32797480424811507e-09,1.48316314883343778e-08,-2.11636932241203644e-24,1.39357913461830787e-25,-2.76853619952569615e-25,-5.07334873192605537e-26,-1.28071378406420501e-09,-5.54244786011179760e-10,-2.63083670305242257e-10,-1.24985266953657711e-10,-1.28071378406420294e-09,-5.54244786011179863e-10,-2.63083670305241999e-10,-1.24985266953657659e-10,1.32797480424811321e-09,7.98872961995710483e-09,-1.54867073046912135e-09,1.32829607578652572e-08,19,2,1,5.76460752303767552e+17
57,0,228,-1.22613212892217690e-24,-5.53932405359698280e-10,-5.53933871030217307e-10,-1.48251091606553541e-24,9.71018872135963515e-10,1.01501224629845503e-08,9.17910359084858716e-09,1.01501224629845519e-08,1.01711525428626576e-08,-1.66338208724948248e-24,1.08598225982611203e-25,-2.17446437322470119e-25,-3.99629150703143695e-26,-8.60215523067272929e-10,-2.75516793332781997e-10,-1.20631851411523638e-10,-5.13191966814830597e-11,-8.60215523067271275e-10,-2.75516793332782101e-10,-1.20631851411523431e-10,-5.13191966814830210e-11,1.01501224629845503e-08,-2.10300798781069994e-11,3.55991632913665364e-09,4.64247572724348046e-10,19,2,1,5.76460752303767552e+17
57,1,229,-9.63646224382750565e-25,8.00902721415669278e-11,8.00912465755078870e-11,-1.16642358263186409e-24,4.27421827120002783e-09,1.11395565530733590e-08,6.86533828187333122e-09,1.11395565530733607e-08,2.69603859235734928e-08,-1.30754811802626134e-24,8.46686751486801243e-26,-1.70809084254062369e-25,-3.14802067817635855e-26,1.70613276963704960e-10,2.54426344121762463e-10,1.36665413283783476e-10,7.53550460969310358e-11,1.70613276963706279e-10,2.54426344121762359e-10,1.36665413283783657e-10,7.53550460969310616e-11,1.11395565530733590e-08,-5.33248136923083399e-09,-4.21794779443729726e-09,-1.58208293705001338e-08,19,2,1,5.76460752303767552e+17
57,2,230,-7.57462733811653044e-25,6.22204008933020822e-10,6.22202670695513503e-10,-9.17742234325845515e-25,1.76667406160839413e-09,-4.03742623199837462e-09,5.80410029360676896e-09,4.03742623199837380e-09,8.06148805124460846e-09,-1.02797503757756286e-24,6.60466166418972615e-26,-1.34190861235191317e-25,-2.47984832321196476e-26,1.03436019118947740e-09,6.18261437074574638e-10,3.01114385837389003e-10,1.51001529868440090e-10,1.03436019118947843e-09,6.18261437074574534e-10,3.01114385837389158e-10,1.51001529868440116e-10,-4.03742623199837462e-09,-3.95379333379847458e-09,2.33649587648436886e-09,-5.72499217476023877e-09,19,2,1,5.76460752303767552e+17
57,3,231,-5.95473687027432727e-25,2.88749874173254869e-10,2.88748646632679087e-10,-7.22078752186418847e-25,1.07714327218575875e-09,-5.54286535937792329e-09,6.62000863156368204e-09,5.54286535937792246e-09,2.05251759632369470e-08,-8.08277676470561102e-25,5.15493101482229752e-26,-1.05434967479617401e-25,-1.95348167808321099e-26,4.71206154062519716e-10,2.25269581521545259e-10,8.87620135896527054e-11,3.81731934285898281e-11,4.71206154062520544e-10,2.25269581521545207e-10,8.87620135896528088e-11,3.81731934285898475e-11,-5.54286535937792329e-09,1.49823106038590237e-08,5.35684737171877319e-09,-3.41790595149647911e-10,19,2,1,5.76460752303767552e+17
58,0,232,-4.68183031172750427e-25,-4.98425908987492242e-11,-4.98412962984542720e-11,-5.68121830600405247e-25,-6.93910842194689616e-10,7.84845138120724743e-10,1.47875598031541436e-09,7.84845138120725260e-10,2.38150344566336911e-08,-6.35602282421859702e-25,4.02581665880858913e-26,-8.28499681260617060e-26,-1.53879322303582895e-26,-8.61392313034960318e-11,-8.67658858282129831e-11,-6.29269823514061108e-11,-3.59510618128867129e-11,-8.61392313034953985e-11,-8.67658858282130219e-11,-6.29269823514060332e-11,-3.59510618128867000e-11,7.84845138120724743e-10,-3.02695561198714110e-09,-1.70371649412043911e-08,6.77786951542929836e-09,19,2,1,5.76460752303767552e+17
58,1,233,-3.68141271564232645e-25,-1.35530023794719556e-12,-1.35550649989819958e-12,-4.46977222325252805e-25,3.39502160038402420e-09,4.49761006952431350e-09,1.10258846914028929e-09,4.49761006952431432e-09,6.35630775078964362e-09,-4.99862736464724503e-25,3.14597960894114778e-26,-6.51091401252077079e-26,-1.21207199558300099e-26,-6.17390635511619388e-12,-2.70756542142653990e-11,-2.16447439529731125e-11,-1.11153549997248606e-11,-6.17390635511569386e-12,-2.70756542142654313e-11,-2.16447439529730478e-11,-1.11153549997248477e-11,4.49761006952431350e-09,7.81275533591157146e-09,1.07435682532244764e-08,1.08539178203139571e-08,19,2,1,5.76460752303767552e+17
58,2,234,-2.89502906917825793e-25,2.20630420944855432e-10,2.20631848650608130e-10,-3.51649959585877594e-25,2.32751840885754238e-09,2.90313381923843646e-09,5.75615410380894078e-10,2.90313381923843688e-09,1.51229596582912055e-08,-3.93142564353468943e-25,2.46001608635134562e-26,-5.11716391655017989e-26,-9.54651559387770365e-27,3.53197540649120196e-10,1.60502968595849495e-10,7.70597185582273039e-11,3.91785371139919082e-11,3.53197540649120610e-10,1.60502968595849469e-10,7.70597185582273556e-11,3.91785371139919147e-11,2.90313381923843646e-09,9.32518932413303564e-09,5.85024965478719409e-09,-5.79777033415817071e-09,19,2,1,5.76460752303767552e+17
58,3,235,-2.27679905007026593e-25,3.14196382640436373e-10,3.14195462247441764e-10,-2.76637868894827487e-25,2.24532155915831910e-09,-7.08553783283301333e-09,9.33085939199133242e-09,7.08553783283301333e-09,2.03378893902697100e-08,-3.09226630232286741e-25,1.92489408714973882e-26,-4.02207476885630909e-26,-7.51832946534278986e-27,4.99393172294109459e-10,2.12231077495752730e-10,1.01378510002735275e-10,4.94430981617528465e-11,4.99393172294109769e-10,2.12231077495752704e-10,1.01378510002735314e-10,4.94430981617528529e-11,-7.08553783283301333e-09,4.45126433229762965e-09,1.32523515574366967e-08,1.19964108613129619e-08,19,2,1,5.76460752303767552e+17
59,0,236,-1.79070308153509824e-25,-1.08705149436703713e-10,-1.08706928936860253e-10,-2.17612358623910589e-25,2.05938491949761431e-09,1.65407117318466490e-09,4.05313746312949411e-10,1.65407117318466510e-09,4.60156339227950006e-09,-2.43234288009112834e-25,1.50718516871256764e-26,-3.16154950529327010e-26,-5.92038734819019986e-27,-1.90301456375222068e-10,-1.57991328630750038e-10,-8.48731686467068699e-11,-4.52197366945955442e-11,-1.90301456375221836e-10,-1.57991328630750064e-10,-8.48731686467068441e-11,-4.52197366945955378e-11,1.65407117318466490e-09,-4.58377993125095761e-10,-2.20091257472842419e-09,2.40065081755107587e-09,19,2,1,5.76460752303767552e+17
59,1,237,-1.40845623220803718e-25,-5.59853750029707524e-12,-5.59804789781586308e-12,-1.71167666859322752e-25,2.58094639642463831e-09,-3.01387210066751604e-09,5.59481849709215394e-09,3.01387210066751604e-09,1.98878960504949749e-08,-1.91331927921504018e-25,1.18091494995687155e-26,-2.48527475401910227e-26,-4.66148339660144038e-27,-1.73306610258466737e-11,-3.68485738415647318e-11,-1.54812747867647292e-11,-7.14054049161755773e-12,-1.73306610258464830e-11,-3.68485738415647447e-11,-1.54812747867647033e-11,-7.14054049161755289e-12,-3.01387210066751604e-09,5.17985759700055872e-09,-1.05396880728510541e-08,9.34820797764391915e-09,19,2,1,5.76460752303767552e+17
59,2,238,-1.10784217551742078e-25,-1.55161073791035614e-10,-1.55160626345405211e-10,-1.34623830874349859e-25,2.48899268580474993e-09,1.19815663953118514e-08,9.49257370950710190e-09,1.19815663953118514e-08,1.80729552296578112e-08,-1.50507669492263218e-25,9.25894652899755699e-27,-1.95374969619177078e-26,-3.66975461241633183e-27,-2.56535729899336078e-10,-1.45674257674878226e-10,-6.87589164520627461e-11,-3.38157962482104020e-11,-2.56535729899335923e-10,-1.45674257674878226e-10,-6.87589164520627202e-11,-3.38157962482103956e-11,1.19815663953118514e-08,1.71581387207130393e-08,5.24872045611514670e-09,-9.14816508944771808e-10,19,2,1,5.76460752303767552e+17
59,3,239,-8.71407290654538771e-26,4.71573409324272381e-10,4.71573926962976590e-10,-1.05871826932813534e-25,3.00308398114397453e-09,-8.45898359584743379e-09,1.14620675769914075e-08,8.45898359584743379e-09,1.15255274539368230e-08,-1.18394712782057700e-25,7.26426406164244545e-27,-1.53595703256566966e-26,-2.88857107508743984e-27,7.62165645483435889e-10,3.88905412101399902e-10,2.01136980200542732e-10,1.02265269622718369e-10,7.62165645483435993e-10,3.88905412101399902e-10,2.01136980200542758e-10,1.02265269622718369e-10,-8.45898359584743379e-09,3.06654385808939008e-09,-3.01838138385685412e-09,-4.80220525973015350e-09,19,2,1,5.76460752303767552e+17
60,0,240,-6.85436762466575904e-26,-5.26101202278506459e-11,-5.26134025468223802e-11,-8.32518238567101881e-26,2.26273156875198822e-09,1.40921425516798513e-08,1.18294109829278639e-08,1.40921425516798513e-08,2.63581631155724105e-08,-9.31327982327752274e-26,5.70298790416780577e-27,-1.20753692567834931e-26,-2.27330238310914928e-27,-9.68469899516089659e-11,-9.99437270670846633e-11,-5.49176971955322599e-11,-3.13100889833139699e-11,-9.68469899516088754e-11,-9.99437270670846633e-11,-5.49176971955322470e-11,-3.13100889833139699e-11,1.40921425516798513e-08,-1.22660205638925575e-08,1.15460062306481253e-10,3.03878413898401206e-09,19,2,1,5.76460752303767552e+17
60,1,241,-5.39151554017631096e-26,6.54188811162847677e-10,6.54187694441187758e-10,-6.54574470978523517e-26,3.22421567333719918e-09,8.83090220015384903e-09,5.60668652681664985e-09,8.83090220015384903e-09,1.55332503037752387e-08,-7.32595216038015543e-26,4.48007657679745235e-27,-9.49355005166213884e-27,-1.78877254306690330e-27,1.04964607320386289e-09,4.97271255327424957e-10,2.50226123405884695e-10,1.24409104822342368e-10,1.04964607320386289e-09,4.97271255327424957e-10,2.50226123405884695e-10,1.24409104822342368e-10,8.83090220015384903e-09,-1.00365064706817262e-09,2.03969277415915237e-10,-6.70234810362138962e-09,19,2,1,5.76460752303767552e+17
60,2,242,-4.24078425056969830e-26,9.43282535844685300e-10,9.43280873402508831e-10,-5.14604800267665168e-26,7.97230891077534482e-11,-2.07535248697865705e-09,2.15507557608641054e-09,2.07535248697865705e-09,2.12767107911842065e-08,-5.76250451964215113e-26,3.52151726539852291e-27,-7.46379166421281611e-27,-1.40725604440746336e-27,1.50199904914528326e-09,6.53911805372962861e-10,3.18087845542745615e-10,1.52959519096320524e-10,1.50199904914528326e-09,6.53911805372962861e-10,3.18087845542745615e-10,1.52959519096320524e-10,-2.07535248697865705e-09,1.55853585855597348e-08,6.79975737175271193e-09,1.92013583042055494e-08,19,2,1,5.76460752303767552e+17
60,3,243,-3.33555565850576284e-26,6.24499886764375387e-10,6.24501296582977858e-10,-4.04516280041969237e-26,4.89541919080992640e-11,-1.62976443248492258e-08,1.63465985167573261e-08,1.62976443248492258e-08,1.88829317946084426e-08,-4.53251495623329300e-26,2.76963729936864177e-27,-5.86798392518359036e-27,-1.10689955609760936e-27,9.67724060856148411e-10,3.05631246449769135e-10,1.37198918236826680e-10,5.84203608397969697e-11,9.67724060856148411e-10,3.05631246449769135e-10,1.37198918236826680e-10,5.84203608397969697e-11,-1.62976443248492258e-08,2.58528746975921721e-09,-1.50489229101064413e-09,-4.40790940076956060e-09,19,2,1,5.76460752303767552e+17
61,0,244,-2.62344544151510465e-26,-3.30951605806038439e-10,-3.30952155031326689e-10,-3.17939105612067064e-26,-5.12733945181091594e-10,5.32597880897734060e-09,5.83871275415843261e-09,5.32597880897734060e-09,1.78459743719413040e-08,-3.56486669412659684e-26,2.17946668600843069e-27,-4.61331306347739050e-27,-8.70478504823074924e-28,-5.82599722455529621e-10,-4.84230793356723840e-10,-2.50193789006152854e-10,-1.33208601508514825e-10,-5.82599722455529621e-10,-4.84230793356723840e-10,-2.50193789006152854e-10,-1.33208601508514825e-10,5.32597880897734060e-09,2.09245779863577948e-08,3.07860361441649209e-09,3.34232069230457240e-09,19,2,1,5.76460752303767552e+17
61,1,245,-2.06325619650466806e-26,-3.17104921512727815e-12,-3.17161698699226665e-12,-2.49859839657664435e-26,4.66060980919855781e-09,-6.42453712681550070e-09,1.10851469360140593e-08,6.42453712681550070e-09,4.10626233900366269e-08,-2.80361957077273587e-26,1.71591548729211930e-27,-3.62683490326160703e-27,-6.84417246505128755e-28,-3.21319589183319635e-11,-1.02119428341071341e-10,-3.58917713454247427e-11,-1.64953871149806004e-11,-3.21319589183319377e-11,-1.02119428341071341e-10,-3.58917713454247362e-11,-1.64953871149806004e-11,-6.42453712681550070e-09,8.39151911967695309e-09,-2.86316677768253717e-08,1.24309556132112553e-08,19,2,1,5.76460752303767552e+17
61,2,246,-1.62258452474186210e-26,-3.25704215295378992e-10,-3.25702368343756456e-10,-1.96332745899598027e-26,2.74772784700474273e-09,-1.14204642677875370e-08,1.41681921147922805e-08,1.14204642677875370e-08,8.51027834366061516e-09,-2.20476663878416452e-26,1.35158286391865509e-27,-2.85121480115446604e-27,-5.38016795532790870e-28,-5.45267534833724806e-10,-3.26969604679357453e-10,-1.47483632992579532e-10,-7.27359426544810129e-11,-5.45267534833724806e-10,-3.26969604679357453e-10,-1.47483632992579532e-10,-7.27359426544810129e-11,-1.14204642677875370e-08,-1.70858254200083134e-08,-8.57554707634769820e-09,-1.51299942868051527e-08,19,2,1,5.76460752303767552e+17
61,3,247,-1.27594122705187205e-26,-8.21644670266399914e-10,-8.21643646148995924e-10,-1.54252572119878331e-26,4.38752034512716780e-09,-9.70330218419039108e-10,5.35785056354620691e-09,9.70330218419039108e-10,4.66076389400710329e-09,-1.73368551373292737e-26,1.06505579518910751e-27,-2.24138282284835056e-27,-4.22846043273982709e-28,-1.33238733487763352e-09,-6.60743543131333140e-10,-3.10407150756699797e-10,-1.51966980427696975e-10,-1.33238733487763352e-09,-6.60743543131333140e-10,-3.10407150756699797e-10,-1.51966980427696975e-10,-9.70330218419039108e-10,3.92589976759085370e-10,2.77620891943643566e-09,3.69043367558806377e-09,19,2,1,5.76460752303767552e+17
62,0,248,-1.00327422723740582e-26,-6.86213120918778554e-10,-6.86212735086125150e-10,-1.21175685993409832e-26,4.98913329033260983e-09,-1.31274437787299008e-09,6.30187766820559991e-09,1.31274437787299008e-09,1.89599002096081730e-08,-1.36313518122209746e-26,8.39587439744642361e-28,-1.76190702837699726e-27,-3.32261792533337755e-28,-1.08980478203592588e-09,-4.40123880367588458e-10,-1.93027645133666192e-10,-8.85319363095536517e-11,-1.08980478203592588e-09,-4.40123880367588458e-10,-1.93027645133666192e-10,-8.85319363095536517e-11,-1.31274437787299008e-09,1.76471558317351837e-08,9.30161585539872031e-09,1.74819724047915381e-08,19,2,1,5.76460752303767552e+17
62,1,249,-7.88807679254717342e-27,-5.93048181510182190e-10,-5.93047618251036280e-10,-9.51792648083040727e-27,2.53846541196202759e-09,5.33084797130504027e-09,2.79238255934301268e-09,5.33084797130504027e-09,8.78390718243837952e-09,-1.07168117975668076e-26,6.62069883961146472e-28,-1.38493031679701074e-27,-2.61030314811435804e-28,-9.24888903725112927e-10,-3.08885433371103466e-10,-1.32753669141106982e-10,-5.86851374842610348e-11,-9.24888903725112927e-10,-3.08885433371103466e-10,-1.32753669141106982e-10,-5.86851374842610348e-11,5.33084797130504027e-09,-2.83670939716665456e-09,-2.76448206235710454e-09,5.94719778527172537e-09,19,2,1,5.76460752303767552e+17
62,2,250,-6.20129381604528577e-27,-1.89059555397359109e-10,-1.89060850972275411e-10,-7.47504381057549558e-27,2.52960822277739192e-09,1.06256198084083140e-08,8.09601158563092206e-09,1.06256198084083140e-08,3.00455297986707295e-08,-8.42457302199764090e-27,5.22235232730883108e-28,-1.08854963712977258e-27,-2.05028937895026520e-28,-2.64163007647366365e-10,4.14710491976404784e-11,3.37308450192455583e-11,2.32537100464122122e-11,-2.64163007647366365e-10,4.14710491976404784e-11,3.37308450192455583e-11,2.32537100464122122e-11,1.06256198084083140e-08,1.33049797434623466e-08,-8.23233624463835028e-09,-1.67405500552083829e-08,19,2,1,5.76460752303767552e+17
62,3,251,-4.87473246588657042e-27,3.87980631223296214e-10,3.87980807668446095e-10,-5.86990096768571880e-27,3.29762242648994251e-09,2.07719682329194843e-08,1.74743458064295418e-08,2.07719682329194843e-08,2.35712676233788661e-08,-6.62191726206586980e-27,4.12033878706076380e-28,-8.55542507435955564e-28,-1.61010732970977151e-28,6.63169903102372595e-10,4.68457106874251145e-10,2.32929363614513528e-10,1.18731424560424851e-10,6.63169903102372595e-10,4.68457106874251145e-10,2.32929363614513528e-10,1.18731424560424851e-10,2.07719682329194843e-08,5.26178267309833827e-09,6.92129269549870916e-09,-2.79929939045938097e-09,19,2,1,5.76460752303767552e+17
63,0,252,-3.83155032277448484e-27,1.33667762296994538e-09,1.33667649565623131e-09,-4.60887433776169010e-27,4.66346651932710143e-09,1.55821778313104114e-08,1.09187113119833099e-08,1.55821778313104114e-08,4.17702159571431890e-08,-5.20440979580579788e-27,3.25150311469839328e-28,-6.72366265760798676e-28,-1.26418959576945263e-28,2.17671635741720694e-09,1.13024682865302244e-09,5.47053857052439306e-10,2.69596027665805836e-10,2.17671635741720694e-09,1.13024682865302244e-09,5.47053857052439306e-10,2.69596027665805836e-10,1.55821778313104114e-08,-2.61880381258327743e-08,-1.13086267379956388e-08,-7.12343527375693749e-09,19,2,1,5.76460752303767552e+17
63,1,253,-3.01128528798453824e-27,1.81165205689180342e-09,1.81165092652965726e-09,-3.61832651672869323e-27,3.66498446253281991e-09,-2.03294623299745138e-08,2.39944467925073350e-08,2.03294623299745138e-08,3.78422240159101582e-08,-4.08987297508352235e-27,2.56625752133665109e-28,-5.28371531964569816e-28,-9.92407519594211840e-29,2.90422975013746370e-09,1.31584237028875788e-09,6.19086876235889949e-10,2.95775858647698303e-10,2.90422975013746370e-09,1.31584237028875788e-09,6.19086876235889949e-10,2.95775858647698303e-10,-2.03294623299745138e-08,5.84751866178036473e-09,-4.43636174071154704e-09,1.75127616859356478e-08,19,2,1,5.76460752303767552e+17
63,2,254,-2.36636435410655788e-27,3.93981161050297090e-10,3.93978165600475700e-10,-2.84034738308623573e-27,-3.97414653911374925e-11,1.00019508011018344e-08,1.00416922664929724e-08,1.00019508011018344e-08,6.05481945955918616e-08,-3.21364460322773819e-27,2.02563807618046529e-28,-4.15183947835924859e-28,-7.78917553448141205e-29,5.69955823324113341e-10,-2.64719563353448929e-11,-6.06002852124038569e-11,-5.03172315711568374e-11,5.69955823324113341e-10,-2.64719563353448929e-11,-6.06002852124038569e-11,-5.03172315711568374e-11,1.00019508011018344e-08,2.49547854517217725e-08,-3.55934091438700891e-08,2.69395524807549545e-09,19,2,1,5.76460752303767552e+17
63,3,255,-1.85935691102359539e-27,7.86182881390590674e-10,7.86179597782672414e-10,-2.22940138082094363e-27,4.95614784398513946e-09,1.11678987207054163e-08,6.21175087672027682e-09,1.11678987207054163e-08,4.57681573454179484e-08,-2.52484680036142682e-27,1.59900687148053683e-28,-3.26218135391960686e-28,-6.11251734957767876e-29,1.20840650037468086e-09,3.49943293457088985e-10,1.61009855865202275e-10,7.26535222561195000e-11,1.20840650037468086e-09,3.49943293457088985e-10,1.61009855865202275e-10,7.26535222561195000e-11,1.11678987207054163e-08,-1.41588022673741399e-08,7.17906724911627255e-09,-3.46002586247125289e-08,19,2,1,5.76460752303767552e+17
64,0,256,-1.46081357938516071e-27,1.14992885643962632e-09,1.14992937434353932e-09,-1.74968837187657960e-27,-4.56962794510414319e-09,-8.90637475998413947e-09,4.33674681487999628e-09,8.90637475998413947e-09,4.33452119034263096e-08,-1.98344975175405830e-27,1.26225663922392471e-28,-2.56295557720145503e-28,-4.79600703740011530e-29,1.79148004140277080e-09,6.33917654712215299e-10,3.12819029425056154e-10,1.48987734439647392e-10,1.79148004140277080e-09,6.33917654712215299e-10,3.12819029425056154e-10,1.48987734439647392e-10,-8.90637475998413947e-09,3.34811042347263298e-09,-2.17183144427712569e-08,2.16268974606550527e-08,19,2,1,5.76460752303767552e+17
64,1,257,-1.14756560359379104e-27,4.37732480257914379e-10,4.37730519741020749e-10,-1.37306636156249810e-27,-1.51539806815274113e-09,-6.17680918840835003e-09,4.66141112025560911e-09,6.17680918840835003e-09,3.47179732271375840e-08,-1.55796083789925691e-27,9.96406707166578875e-29,-2.01344043299617574e-28,-3.76248578040820961e-29,6.28069061388241127e-10,4.00415450030565922e-12,-2.08701642265421442e-12,-1.20354325075975905e-11,6.28069061388241127e-10,4.00415450030565922e-12,-2.08701642265421442e-12,-1.20354325075975905e-11,-6.17680918840835003e-09,-2.67752874450462334e-08,-1.57204149068660088e-08,7.94268578209135063e-09,19,2,1,5.76460752303767552e+17
64,2,258,-9.01386564780578389e-28,1.75661667979161327e-11,1.75666466833376229e-11,-1.07741663503334656e-27,-4.04049570853359858e-10,-4.86558070640475927e-10,8.25084997871160686e-11,4.86558070640475927e-10,5.70349729228689702e-08,-1.22360585855513215e-27,7.86504009218132239e-29,-1.58161503795883281e-28,-2.95127598430040632e-29,-4.16146785131100066e-11,-2.75878216530897480e-10,-1.25592071755604716e-10,-6.86860322458104784e-11,-4.16146785131100066e-11,-2.75878216530897480e-10,-1.25592071755604716e-10,-6.86860322458104784e-11,-4.86558070640475927e-10,-4.77608638059886284e-09,5.14837967467302280e-09,5.22588865422701107e-08,19,2,1,5.76460752303767552e+17
64,3,259,-7.07939168263148688e-28,-2.45880536312930117e-11,-2.45880101128689601e-11,-8.45357224496579439e-28,-1.74344243412410762e-10,-4.54786955991194583e-09,4.37352531649953515e-09,4.54786955991194583e-09,6.55403396730640419e-08,-9.60897516888617721e-28,6.20762099255027516e-29,-1.24230119083137292e-28,-2.31467219453993238e-29,-9.09574715031490825e-11,-2.12514300446310132e-10,-7.99974188523390563e-11,-4.09357172563066940e-11,-9.09574715031490825e-11,-2.12514300446310132e-10,-7.99974188523390563e-11,-4.09357172563066940e-11,-4.54786955991194583e-09,-4.83614308232148078e-08,1.71789088498492342e-08,-5.92955537093873109e-09,19,2,1,5.76460752303767552e+17
65,0,260,-5.55946354737479118e-28,-2.54211317415519703e-10,-2.54210766711107407e-10,-6.63230614565863015e-28,-3.75879399717684708e-09,-1.89359845976099179e-08,1.51771906004330708e-08,1.89359845976099179e-08,1.59238992840186094e-08,-7.54508693325490917e-28,4.89886024689213398e-29,-9.75702028157667753e-29,-1.81517674008032829e-29,-4.46320088310927798e-10,-3.26676478255951601e-10,-1.34102004731652058e-10,-6.68214890422071703e-11,-4.46320088310927798e-10,-3.26676478255951601e-10,-1.34102004731652058e-10,-6.68214890422071703e-11,-1.89359845976099179e-08,-1.30575530146700084e-08,-8.20172519670369321e-09,-3.01208531359130852e-09,19,2,1,5.76460752303767552e+17
65,1,261,-4.36538947845432279e-28,-1.14135217351558310e-09,-1.14135194744194209e-09,-5.20307334908027359e-28,3.78827842753028965e-09,4.18310462314596414e-08,3.80427678039293534e-08,4.18310462314596414e-08,4.78882586792369922e-08,-5.92385620162108741e-28,3.86542475935605296e-29,-7.66252705058896933e-29,-1.42332251536515289e-29,-1.86236334965313773e-09,-9.65309504986796560e-10,-4.52136950207694931e-10,-2.24093249478629792e-10,-1.86236334965313773e-09,-9.65309504986796560e-10,-4.52136950207694931e-10,-2.24093249478629792e-10,4.18310462314596414e-08,-6.05721244777734829e-09,1.24326663640356965e-08,8.15442440669600825e-09,19,2,1,5.76460752303767552e+17
65,2,262,-3.42742241514712590e-28,1.18179537866296355e-09,1.18179543195578098e-09,-4.08159487894737980e-28,2.96335568533015932e-09,-5.34718954935322372e-08,5.64352511788623948e-08,5.34718954935322372e-08,6.04191303482959262e-08,-4.65049893501875603e-28,3.04943597450521275e-29,-6.01716455732371591e-29,-1.11595858230214690e-29,1.92835732636756873e-09,1.08282133633755916e-09,5.83703733225962338e-10,3.01900486123221989e-10,1.92835732636756873e-09,1.08282133633755916e-09,5.83703733225962338e-10,3.01900486123221989e-10,-5.34718954935322372e-08,6.94723485476369148e-09,-3.10073922855328612e-08,-5.75190446468237660e-09,19,2,1,5.76460752303767552e+17
65,3,263,-2.69071943582807452e-28,-1.72512812488622031e-09,-1.72512633405843388e-09,-3.20168024820006575e-28,-1.58592446565689098e-09,1.62236037386602129e-08,1.78095282043171024e-08,1.62236037386602129e-08,4.15267475215615371e-08,-3.65049133573325287e-28,2.40519810515454793e-29,-4.72473636942549652e-29,-8.74900528910271677e-30,-2.80270865759092535e-09,-1.46395295335657010e-09,-7.35759424417889504e-10,-3.77127784980632576e-10,-2.80270865759092535e-09,-1.46395295335657010e-09,-7.35759424417889504e-10,-3.77127784980632576e-10,1.62236037386602129e-08,2.68552798442444065e-09,1.96785920993443148e-08,-2.18481554222172190e-08,19,2,1,5.76460752303767552e+17
66,0,264,-2.11216194461061023e-28,-5.38907042299005618e-10,-5.38905677977006191e-10,-2.51135276573274527e-28,-1.20425315239560173e-09,-1.90356730771606359e-08,1.78314199247650356e-08,1.90356730771606359e-08,4.32940646750037959e-08,-2.86524659674271096e-28,1.89662409792616254e-29,-3.70962554933551673e-29,-6.85868240505199246e-30,-8.37178170641174901e-10,-2.50553991321586277e-10,-9.19970394806560898e-11,-3.44252951696280758e-11,-8.37178170641174901e-10,-2.50553991321586277e-10,-9.19970394806560898e-11,-3.44252951696280758e-11,-1.90356730771606359e-08,-3.43964223568175338e-08,5.52549893020279448e-09,-3.77685657448010031e-08,19,2,1,5.76460752303767552e+17
66,1,265,-1.65785337282675587e-28,-1.35289616029098953e-09,-1.35289762334589832e-09,-1.96980303707334870e-28,1.77056515758116710e-10,-3.85878439542595238e-08,3.87649004700176407e-08,3.85878439542595238e-08,6.34235134831326704e-08,-2.24871277812996251e-28,1.49520904570791739e-29,-2.91239676967687647e-29,-5.37650089586224538e-30,-2.14566644834022384e-09,-8.95464551021884794e-10,-4.29450731126837487e-10,-2.07563490785570962e-10,-2.14566644834022384e-09,-8.95464551021884794e-10,-4.29450731126837487e-10,-2.07563490785570962e-10,-3.85878439542595238e-08,1.92954581090297721e-09,-3.31275977419608175e-09,2.48356695288731499e-08,19,2,1,5.76460752303767552e+17
66,2,266,-1.30115016690276901e-28,-2.95130829852582197e-09,-2.95130791043786993e-09,-1.54499403277829539e-28,2.81380029878500034e-09,-2.21879612287965964e-09,5.03259642166465998e-09,2.21879612287965964e-09,2.16844986010752166e-08,-1.76469577085377726e-28,1.17843351913641309e-29,-2.28633747092196123e-29,-4.21445452577038757e-30,-4.70354452322747382e-09,-2.07091337431586174e-09,-1.01257592488223282e-09,-4.93381742264421302e-10,-4.70354452322747382e-09,-2.07091337431586174e-09,-1.01257592488223282e-09,-4.93381742264421302e-10,-2.21879612287965964e-09,-6.44702380880947922e-09,-1.09659500972016225e-08,1.07185485038735924e-08,19,2,1,5.76460752303767552e+17
66,3,267,-1.02111253005259771e-28,-2.38617204125777179e-09,-2.38617116476560634e-09,-1.21177868687695242e-28,7.86677365517795712e-09,7.86248335086628202e-09,4.29030431167510188e-12,7.86248335086628202e-09,4.18675328406038988e-08,-1.38475300948389200e-28,9.28504817073014156e-30,-1.79473765192158364e-29,-3.30347641644853203e-30,-3.72972881649942233e-09,-1.32255026878153288e-09,-6.14005548025164253e-10,-2.77972093995693961e-10,-3.72972881649942233e-09,-1.32255026878153288e-09,-6.14005548025164253e-10,-2.77972093995693961e-10,7.86248335086628202e-09,-3.23803366568918224e-08,8.34684885688180275e-09,9.48719618371207807e-09,19,2,1,5.76460752303767552e+17
67,0,268,-8.01285544132919286e-29,-1.43562338145505435e-09,-1.43562288017549615e-09,-9.50420591143355874e-29,1.99968216939419953e-08,-3.13084966057448034e-08,5.13053182996867987e-08,3.13084966057448034e-08,7.10841871917395328e-08,-1.08653642324197429e-28,7.31364046485519715e-30,-1.40875065633193552e-29,-2.58937371284062587e-30,-2.16221010131280403e-09,-4.35188740793329895e-10,-1.84430366706799539e-10,-6.41788145680847473e-11,-2.16221010131280403e-09,-4.35188740793329895e-10,-1.84430366706799539e-10,-6.41788145680847473e-11,-3.13084966057448034e-08,3.97756905859947294e-08,2.18718927689817870e-08,3.51475728904111992e-09,19,2,1,5.76460752303767552e+17
67,1,269,-6.28740314350028154e-29,-2.63078090020203655e-09,-2.63078007089869367e-09,-7.45431663614614100e-29,2.44106938941815646e-08,-2.61905803539522430e-09,2.70297519295767889e-08,2.61905803539522430e-09,1.08395996977712686e-07,-8.52488959653805764e-29,5.75902487393882189e-30,-1.10571095557809501e-29,-2.02963214769133824e-30,-4.09628610066826942e-09,-1.45122352490602439e-09,-7.26318150569782851e-10,-3.44775767505733228e-10,-4.09628610066826942e-09,-1.45122352490602439e-09,-7.26318150569782851e-10,-3.44775767505733228e-10,-2.61905803539522430e-09,5.29655381880478433e-08,-3.60173339799134257e-08,-5.54304587896648428e-08,19,2,1,5.76460752303767552e+17
67,2,270,-4.93319749402920407e-29,-2.13937597479104887e-09,-2.13937772538717864e-09,-5.84659026528042410e-29,2.74169477470228337e-08,4.86038492688275626e-08,2.11869015218047289e-08,4.86038492688275626e-08,3.28441505213981594e-08,-6.68819364140758296e-29,4.53342848474211606e-30,-8.67811385415553629e-30,-1.59090502260216153e-30,-3.27494851730525336e-09,-9.30359102352679303e-10,-4.61888261440215536e-10,-2.04370980990184034e-10,-3.27494851730525336e-09,-9.30359102352679303e-10,-4.61888261440215536e-10,-2.04370980990184034e-10,4.86038492688275626e-08,1.66199180370304172e-08,2.79663851135235915e-08,4.94640685584285799e-08,19,2,1,5.76460752303767552e+17
67,3,271,-3.87045375005208986e-29,7.83228729094804491e-10,7.83228873050799909e-10,-4.58567781528756050e-29,3.01336955147952809e-08,2.15862615481791227e-08,8.54743396661615820e-09,2.15862615481791227e-08,6.42744125943495420e-08,-5.24695921515795627e-29,3.56750525296692819e-30,-6.81063103315230986e-30,-1.24704052401262995e-30,1.45591628085820862e-09,1.44754391133213053e-09,7.12702078328215654e-10,3.81359971557175398e-10,1.45591628085820862e-09,1.44754391133213053e-09,7.12702078328215654e-10,3.81359971557175398e-10,2.15862615481791227e-08,5.99714305032496697e-09,1.27925410697719519e-08,7.02715556446745090e-08,19,2,1,5.76460752303767552e+17
68,0,272,-3.03650857483768246e-29,1.71523678429222065e-09,1.71523482801464172e-09,-3.59677747390052896e-29,7.48893617857943469e-09,-4.93294606229156053e-08,5.68183968014950400e-08,4.93294606229156053e-08,1.33186494523132026e-07,-4.11612481811299802e-29,2.80647419149232775e-30,-5.34477903993125282e-30,-9.77532354461511979e-31,2.89096415897881042e-09,1.81774663228979634e-09,8.34766761651649669e-10,4.15670336635106442e-10,2.89096415897881042e-09,1.81774663228979634e-09,8.34766761651649669e-10,4.15670336635106442e-10,-4.93294606229156053e-08,-9.14767983835572982e-08,4.17096961395747408e-08,6.09413993541103766e-09,19,2,1,5.76460752303767552e+17
68,1,273,-2.38215219656060633e-29,-1.08772328404300962e-09,-1.08772309609632996e-09,-2.82121180642578867e-29,8.86801303158316819e-09,9.10205231531854007e-08,8.21525101216022375e-08,9.10205231531854007e-08,1.29198392407398954e-07,-3.22890027342146212e-29,2.20706712731519635e-30,-4.19425408492025145e-30,-7.66303141779792225e-31,-1.71944292478532110e-09,-8.31572917209404082e-10,-5.20960168694125894e-10,-2.77248813830343860e-10,-1.71944292478532110e-09,-8.31572917209404082e-10,-5.20960168694125894e-10,-2.77248813830343860e-10,9.10205231531854007e-08,-3.67448890049157790e-08,4.78183818911956743e-08,-3.81778692542135538e-08,19,2,1,5.76460752303767552e+17
68,2,274,-1.86874483138518014e-29,3.66723934088627957e-09,3.66724050628447286e-09,-2.21295546997931724e-29,1.77617928121484185e-08,-5.95674784222925575e-08,7.73292712344409792e-08,5.95674784222925575e-08,7.46865190925927329e-08,-2.53284860435899398e-29,1.73511581561953428e-30,-3.29127773611731156e-30,-6.00749380327250803e-31,5.97711711303264956e-09,3.13006587854264009e-09,1.51681563447020905e-09,7.65029724571078428e-10,5.97711711303264956e-09,3.13006587854264009e-09,1.51681563447020905e-09,7.65029724571078428e-10,-5.95674784222925575e-08,-1.23823639362890188e-08,1.51190406703001754e-08,-5.39042650486989525e-09,19,2,1,5.76460752303767552e+17
68,3,275,-1.46594999962232268e-29,-9.30571174634195980e-11,-9.30588193179221216e-11,-1.73590956719888890e-29,3.41813685300115868e-10,3.42619188789023366e-08,3.39201051936022236e-08,3.42619188789023366e-08,2.12717192308741590e-08,-1.98680650621186467e-29,1.36364420464201486e-30,-2.58262539202974033e-30,-4.70991855504217831e-31,-2.11468682116485741e-10,-4.62101257066126971e-10,-3.37875023987473381e-10,-1.97462013005806447e-10,-2.11468682116485741e-10,-4.62101257066126971e-10,-3.37875023987473381e-10,-1.97462013005806447e-10,3.42619188789023366e-08,1.58860159119434963e-08,2.36563556561283581e-08,3.71577351428176553e-08,19,2,1,5.76460752303767552e+17
69,0,276,-1.14995301901209514e-29,1.60913875823068212e-09,1.60913660821966401e-09,-1.36176239576896368e-29,2.88448974293898412e-08,2.87625750894553723e-08,8.23223399344689553e-11,2.87625750894553723e-08,2.77857492103409828e-08,-1.55846429621131770e-29,1.07135996186116243e-30,-2.02650501745910811e-30,-3.69287471151443005e-31,2.55172795862302702e-09,1.04654883301770297e-09,4.84366812338167976e-10,2.38227471965279820e-10,2.55172795862302702e-09,1.04654883301770297e-09,4.84366812338167976e-10,2.38227471965279820e-10,2.87625750894553723e-08,5.73140376614655132e-09,1.58159093889366595e-08,9.76825879114389496e-10,19,2,1,5.76460752303767552e+17
69,1,277,-9.02061029779308063e-30,2.66187846146531207e-09,2.66187954318663507e-09,-1.06831066354178328e-29,7.62963240969557730e-09,8.52572380260001761e-08,7.76276056163045955e-08,8.52572380260001761e-08,1.04768569999425664e-07,-1.22246440523877643e-29,8.41461662816117432e-31,-1.59010436201045832e-30,-2.89567822320960082e-31,4.22197404400642516e-09,1.76363182083939174e-09,8.45608345716327356e-10,4.11266680264270934e-10,4.22197404400642516e-09,1.76363182083939174e-09,8.45608345716327356e-10,4.11266680264270934e-10,8.52572380260001761e-08,5.01810246782888820e-08,7.00297628793200525e-08,-1.95113319734254878e-08,19,2,1,5.76460752303767552e+17
69,2,278,-7.07603004025791248e-30,6.26894732979254460e-09,6.26894660540666186e-09,-8.38142223431528391e-30,8.58163913753677571e-09,4.79996261395825722e-09,3.78167652357851849e-09,4.79996261395825722e-09,1.49730199895781082e-07,-9.58907531552732722e-30,6.60695606197007365e-31,-1.24766369478353340e-30,-2.27077272440021394e-31,1.00014908994317921e-08,4.44919695775345232e-09,2.17943999604376436e-09,1.06573880444178919e-09,1.00014908994317921e-08,4.44919695775345232e-09,2.17943999604376436e-09,1.06573880444178919e-09,4.79996261395825722e-09,3.74174664598825029e-08,-1.12312733435898579e-07,-6.95858472070115893e-09,19,2,1,5.76460752303767552e+17
69,3,279,-5.55065586690711331e-30,5.07509119007651278e-09,5.07509230808724187e-09,-6.57602598899909482e-30,-4.11614038956834127e-09,-6.85343552887371345e-08,6.44182148991687882e-08,6.85343552887371345e-08,5.67052361456080073e-08,-7.52179235742913807e-30,5.18610066930708057e-31,-9.78961623321977927e-31,-1.78089129514859268e-31,7.94100621332782694e-09,2.84814429062171384e-09,1.32257111173825047e-09,6.00744932834507328e-10,7.94100621332782694e-09,2.84814429062171384e-09,1.32257111173825047e-09,6.00744932834507328e-10,-6.85343552887371345e-08,-7.03401103685324368e-08,-2.98713347714177045e-08,-1.36348742229244328e-08,19,2,1,5.76460752303767552e+17
70,0,280,-4.35414306451071331e-30,4.90405687613164445e-10,4.90407493211687807e-10,-5.15984249279788305e-30,-4.40900918340262061e-10,-5.70765091920000496e-08,5.66356082736597876e-08,5.70765091920000496e-08,1.36527917591477793e-07,-5.90028377111445024e-30,4.06965726425055956e-31,-7.68125585392579516e-31,-1.39683106308949994e-31,4.62627593746801750e-10,-1.12233213788881609e-09,-6.34581541480170564e-10,-3.76588625195504671e-10,4.62627593746801750e-10,-1.12233213788881609e-09,-6.34581541480170564e-10,-3.76588625195504671e-10,-5.70765091920000496e-08,-1.97218597862693721e-08,7.94514083994777437e-08,2.32918489615811821e-09,19,2,1,5.76460752303767552e+17
70,1,281,-3.41560469900792463e-30,-2.51395116902999056e-09,-2.51395072509420038e-09,-4.04890632519016648e-30,1.15002760511021039e-08,5.78970384382591460e-08,4.63967623871570405e-08,5.78970384382591460e-08,1.07081479711605424e-07,-4.62843445651223023e-30,3.19269647689290632e-31,-6.02697497171806599e-31,-1.09570859025392429e-31,-4.32281543889341197e-09,-3.10745249362054698e-09,-1.50890688530192919e-09,-7.70149048288988049e-10,-4.32281543889341197e-09,-3.10745249362054698e-09,-1.50890688530192919e-09,-7.70149048288988049e-10,5.78970384382591460e-08,1.48431700794434887e-08,-4.91844412733462775e-08,2.76910119134755349e-08,19,2,1,5.76460752303767552e+17
70,2,282,-2.67942531249626517e-30,8.62521710751700384e-10,8.62521747359674407e-10,-3.17737423323438611e-30,1.46482303395157154e-08,2.03700749780778448e-08,5.72184463856212947e-09,2.03700749780778448e-08,1.72952686356041961e-07,-3.63084374288887621e-30,2.50406980416414096e-31,-4.72899903609164684e-31,-8.59592365714750724e-32,1.27073975956783108e-09,3.28420200694948400e-10,3.08209147208359268e-10,1.77551142934036241e-10,1.27073975956783108e-09,3.28420200694948400e-10,3.08209147208359268e-10,1.77551142934036241e-10,2.03700749780778448e-08,8.65843516699964759e-08,-8.63683346860454982e-08,-1.04542687622337673e-08,19,2,1,5.76460752303767552e+17
70,3,283,-2.10197401015813601e-30,1.65530398962677616e-09,1.65530270893631039e-09,-2.49361337032573040e-30,6.53304345353818264e-09,-3.59106084889400450e-08,4.24436519424782252e-08,3.59106084889400450e-08,1.59899751877994059e-07,-2.84836487510542856e-30,1.96349970281680103e-31,-3.71059665947600162e-31,-6.74431024355244678e-32,2.57081224119066217e-09,9.93084296449788760e-10,5.94231919949643515e-10,2.97434138266268688e-10,2.57081224119066217e-09,9.93084296449788760e-10,5.94231919949643515e-10,2.97434138266268688e-10,-3.59106084889400450e-08,-9.76487094913239820e-08,6.22510423866700767e-08,-2.67481510124873444e-08,19,2,1,5.76460752303767552e+17
71,0,284,-1.64902405394076698e-30,-5.12605625278663295e-10,-5.12605216768813280e-10,-1.95713365966002638e-30,1.75894603451585978e-08,1.24786963401706810e-08,5.11076400498791675e-09,1.24786963401706810e-08,3.61262095005235600e-08,-2.23460378207943242e-30,1.53928108776928700e-31,-2.91155414227070105e-31,-5.29213431374334979e-32,-9.42417121741943657e-10,-8.54013714834299941e-10,-3.74640044354700072e-10,-2.04421242293453964e-10,-9.42417121741943657e-10,-8.54013714834299941e-10,-3.74640044354700072e-10,-2.04421242293453964e-10,1.24786963401706810e-08,-1.50384342606687363e-08,-4.33216778087183635e-09,2.10877752398548236e-08,19,2,1,5.76460752303767552e+17
71,1,285,-1.29372736086331670e-30,1.97297332502005255e-10,1.97298882639660752e-10,-1.53618226873665279e-30,2.60067874219269807e-08,6.58804323695416122e-08,3.98736449476146315e-08,6.58804323695416122e-08,1.44326662577098539e-07,-1.75317116716783907e-30,1.20646631832257899e-31,-2.28462221521932815e-31,-4.15310531894995868e-32,2.51434282372711203e-10,-5.69390190546814417e-11,4.12365857821989097e-11,1.74618442021445258e-11,2.51434282372711203e-10,-5.69390190546814417e-11,4.12365857821989097e-11,1.74618442021445258e-11,6.58804323695416122e-08,-7.84462302075569273e-08,1.51895243768910979e-08,3.69066041556981954e-08,19,2,1,5.76460752303767552e+17
71,2,286,-1.01502476935236847e-30,3.40157184755009249e-09,3.40157244674278839e-09,-1.20585737696602793e-30,2.46166026261792874e-08,5.79734825724677473e-08,3.33568799462884632e-08,5.79734825724677473e-08,5.92163730816438734e-08,-1.37552609131319567e-30,9.45432439635452702e-32,-1.79272640651096702e-31,-3.25959668916183003e-32,5.44691215134730602e-09,2.58640124285277742e-09,1.34632598354809004e-09,6.67695095759193964e-10,5.44691215134730602e-09,2.58640124285277742e-09,1.34632598354809004e-09,6.67695095759193964e-10,5.79734825724677473e-08,1.39766147296361819e-09,5.12806240261539888e-08,-1.24289050917612939e-09,19,2,1,5.76460752303767552e+17
71,3,287,-7.96398465400062202e-31,5.50001417310234304e-09,5.50001352814720985e-09,-9.46629188917534098e-31,1.53963152689262760e-08,5.96197408983031471e-09,9.43434117909596128e-09,5.96197408983031471e-09,1.09288807897348936e-07,-1.07928391638569951e-30,7.40750569431636671e-32,-1.40677712846123263e-31,-2.55860553472659926e-32,8.76656745419570188e-09,3.88612609948411857e-09,1.92412046632301922e-09,9.26608201758567178e-10,8.76656745419570188e-09,3.88612609948411857e-09,1.92412046632301922e-09,9.26608201758567178e-10,5.96197408983031471e-09,-6.69330139956876815e-08,-1.03326833807518621e-07,-3.13648947834858448e-08,19,2,1,5.76460752303767552e+17
72,0,288,-6.24893030550714907e-31,4.53773109063848448e-09,4.53772874391629858e-09,-7.43180297818970059e-31,3.20320979457673358e-08,5.14115695599045961e-08,1.93794716141372603e-08,5.14115695599045961e-08,1.58228901839499772e-07,-8.46888750355653242e-31,5.80294042131675264e-32,-1.10395070788036968e-31,-2.00858726052059195e-32,7.09977658216606025e-09,2.55816356651200990e-09,1.20307953702544194e-09,5.39328883928581525e-10,7.09977658216606025e-09,2.55816356651200990e-09,1.20307953702544194e-09,5.39328883928581525e-10,5.14115695599045961e-08,-2.83994277929069485e-08,-4.37942057501500044e-08,-1.06817332279595169e-07,19,2,1,5.76460752303767552e+17
72,1,289,-4.90347350071688761e-31,6.01664875876844611e-09,6.01664858810443542e-09,-5.83496458017942470e-31,-8.69993642892564383e-09,-6.21023287600122443e-08,5.34023923310866005e-08,6.21023287600122443e-08,1.04559129248132937e-07,-6.64571971744534515e-31,4.54535162226955609e-32,-8.66340196437493160e-32,-1.57697569655680252e-32,9.42941778927289229e-09,3.51320995073757430e-09,1.69878060568981456e-09,7.90834062166859936e-10,9.42941778927289229e-09,3.51320995073757430e-09,1.69878060568981456e-09,7.90834062166859936e-10,-6.21023287600122443e-08,-5.99169198179452308e-08,-5.03962501885013892e-08,4.24568004881206923e-08,19,2,1,5.76460752303767552e+17
72,2,290,-3.84792018656653674e-31,1.53346598005469459e-09,1.53346649734483130e-09,-4.58153697615812641e-31,-4.53825195606525130e-09,-3.21266288488183282e-08,2.75883768927530753e-08,3.21266288488183282e-08,2.06222955240336151e-07,-5.21535254999684497e-31,3.55990901193170577e-32,-6.79896498366696544e-32,-1.23824030308964004e-32,2.10205130353450822e-09,-4.64654437021195199e-10,-2.89789294593719853e-10,-2.13302949714038169e-10,2.10205130353450822e-09,-4.64654437021195199e-10,-2.89789294593719853e-10,-2.13302949714038169e-10,-3.21266288488183282e-08,-8.73912967122750411e-08,-1.95086877586511006e-07,1.11360776538251515e-08,19,2,1,5.76460752303767552e+17
72,3,291,-3.01976623976770718e-31,-4.78754535999372282e-10,-4.78754473874211845e-10,-3.59759370608798166e-31,1.64409392086293544e-09,-1.69165980948366769e-08,1.85606920156996111e-08,1.69165980948366769e-08,1.64126616361268268e-07,-4.09309752199492424e-31,2.78786171362871407e-32,-5.33597406073689469e-32,-9.72364123897794905e-33,-1.09382572432231596e-09,-1.72352009397949443e-09,-8.14280909629326952e-10,-4.36288320484513818e-10,-1.09382572432231596e-09,-1.72352009397949443e-09,-8.14280909629326952e-10,-4.36288320484513818e-10,-1.69165980948366769e-08,-4.69589424823084467e-08,1.17167673878959828e-07,1.03426435008412313e-07,19,2,1,5.76460752303767552e+17
73,0,292,-2.36998942974214189e-31,-1.27372719431368072e-09,-1.27372791241126943e-09,-2.82513900770112628e-31,1.43258040215768962e-08,5.10752038690328224e-08,3.67493998474559262e-08,5.10752038690328224e-08,5.90564669383805066e-08,-3.21253481861435412e-31,2.18309880018558189e-32,-4.18795533361450964e-32,-7.63651340647412318e-33,-2.27876397661736115e-09,-1.84282315606116700e-09,-7.96059738131962119e-10,-3.97784779540504933e-10,-2.27876397661736115e-09,-1.84282315606116700e-09,-7.96059738131962119e-10,-3.97784779540504933e-10,5.10752038690328224e-08,4.41090269462993223e-08,-7.98126306934768085e-09,5.81709651096524622e-09,19,2,1,5.76460752303767552e+17
73,1,293,-1.86014098599326052e-31,1.49696206190127406e-09,1.49696244874316805e-09,-2.21867148467765096e-31,-3.29523402362613965e-08,-5.56244220551178015e-08,2.26720818188564050e-08,5.56244220551178015e-08,2.22843100036980106e-07,-2.52157139961694049e-31,1.70944167033605202e-32,-3.28706662742101551e-32,-5.99793018337176409e-33,2.29788039387323249e-09,8.56063023182669689e-10,5.81770727004261490e-10,3.03918658700794300e-10,2.29788039387323249e-09,8.56063023182669689e-10,5.81770727004261490e-10,3.03918658700794300e-10,-5.56244220551178015e-08,-1.83966642978259176e-07,1.13397495178848646e-08,3.88764570587209167e-08,19,2,1,5.76460752303767552e+17
73,2,294,-1.46006447065442771e-31,-1.61368273941632188e-09,-1.61368201356549504e-09,-1.74248961692805919e-31,-2.59199024063591381e-08,-3.97220996791493148e-08,1.38021972727901768e-08,3.97220996791493148e-08,1.43649326102203428e-07,-1.97934959313572092e-31,1.33851344412066423e-32,-2.58008292366686020e-32,-4.71135100280696928e-33,-2.72699483896608334e-09,-1.72284180251390277e-09,-7.70837178351981025e-10,-3.97424520314845240e-10,-2.72699483896608334e-09,-1.72284180251390277e-09,-7.70837178351981025e-10,-3.97424520314845240e-10,-3.97220996791493148e-08,-1.19217130979773118e-07,-2.80037422303093347e-08,2.44321951224303102e-08,19,2,1,5.76460752303767552e+17
73,3,295,-1.14610673970406278e-31,-3.24147079127762345e-09,-3.24146936883140375e-09,-1.36857887491915942e-31,-2.45518261883960138e-08,9.87239668417761154e-08,1.23275793030172123e-07,9.87239668417761154e-08,2.47174324917870178e-07,-1.55382276885899846e-31,1.04806311637867694e-32,-2.02524662883792663e-32,-3.70104832145604385e-33,-5.27903160258863754e-09,-2.67031690162824153e-09,-1.22331859807640083e-09,-6.04602103223543949e-10,-5.27903160258863754e-09,-2.67031690162824153e-09,-1.22331859807640083e-09,-6.04602103223543949e-10,9.87239668417761154e-08,9.82158020834683014e-09,2.56995905126217021e-07,1.10674989958262432e-07,19,2,1,5.76460752303767552e+17
74,0,296,-8.99714891168656691e-32,2.36500271460577172e-09,2.36500263286482294e-09,-1.07495481713186339e-31,-2.47375366883482867e-08,-8.54718033719804209e-08,6.07342666836321309e-08,8.54718033719804209e-08,2.15604808219373668e-07,-1.21985419864098211e-31,8.20647955869060307e-33,-1.58979645112577354e-32,-2.90761291271228655e-33,3.88338924134801167e-09,2.32369564480868852e-09,1.29260437693210636e-09,6.73270006490397809e-10,3.88338924134801167e-09,2.32369564480868852e-09,1.29260437693210636e-09,6.73270006490397809e-10,-8.54718033719804209e-08,5.86685293966052769e-08,-1.55814885218240265e-07,-1.56936278822768391e-07,19,2,1,5.76460752303767552e+17
74,1,297,-7.06335954080775191e-32,-2.38046861106162010e-09,-2.38046938901044603e-09,-8.44363690721849962e-32,-2.07945658978198373e-08,-1.15365857737183401e-07,9.45712918393635705e-08,1.15365857737183401e-07,2.41552089149887135e-07,-9.57726224745103640e-32,6.42597995391160310e-33,-1.24802874592267600e-32,-2.28443137116725720e-33,-3.85580836440317078e-09,-1.95537229586078279e-09,-9.67305679209530315e-10,-5.02999561263336741e-10,-3.85580836440317078e-09,-1.95537229586078279e-09,-9.67305679209530315e-10,-5.02999561263336741e-10,-1.15365857737183401e-07,1.26186231412703734e-07,-1.14094152468434563e-07,-4.46524789917457820e-09,19,2,1,5.76460752303767552e+17
74,2,298,-5.54554011073056020e-32,-7.55984867114716197e-09,-7.55984886891228711e-09,-6.63263333461093501e-32,-1.41673371099199043e-08,-3.84427395336684382e-08,2.42754024237485339e-08,3.84427395336684382e-08,1.97986236354794725e-07,-7.51971193111093353e-32,5.03202548194440448e-33,-9.79776637287911879e-33,-1.79492526222205627e-33,-1.21618804250138176e-08,-5.80953539320508139e-09,-2.85398176208231230e-09,-1.41637915252828350e-09,-1.21618804250138176e-08,-5.80953539320508139e-09,-2.85398176208231230e-09,-1.41637915252828350e-09,-3.84427395336684382e-08,-6.06116127737451511e-08,-2.10113659696993381e-08,-2.18997602324494059e-07,19,2,1,5.76460752303767552e+17
74,3,299,-4.35413525822500652e-32,-7.75741004311819191e-09,-7.75740958165235923e-09,-5.21023855685595517e-32,5.44584802432734454e-09,2.00649826063074696e-08,1.46191345819801251e-08,2.00649826063074696e-08,2.66078808161585962e-07,-5.90454705331319129e-32,3.94071397706054040e-33,-7.69216910049611857e-33,-1.41038699436351252e-33,-1.22967359001598305e-08,-5.05133853320044112e-09,-2.37676102506261332e-09,-1.12030785094061930e-09,-1.22967359001598305e-08,-5.05133853320044112e-09,-2.37676102506261332e-09,-1.12030785094061930e-09,2.00649826063074696e-08,1.10220616236936174e-07,-1.55858191924649775e-07,1.04242502767854408e-08,19,2,1,5.76460752303767552e+17
75,0,300,-3.41888693547358123e-32,-4.97460028441290287e-09,-4.97460164810220808e-09,-4.09300657034280159e-32,-6.31217481668757560e-09,-7.99029758786585233e-08,7.35908010619709485e-08,7.99029758786585233e-08,2.32321009557696669e-07,-4.63656725111748935e-32,3.08633346228561443e-33,-6.03934046247938183e-33,-1.10828323940154905e-33,-7.65255832226651650e-09,-2.16007976481976638e-09,-9.26254034631684045e-10,-3.77825896730606021e-10,-7.65255832226651650e-09,-2.16007976481976638e-09,-9.26254034631684045e-10,-3.77825896730606021e-10,-7.99029758786585233e-08,6.34816781455776292e-08,5.92360662801230962e-08,1.52418033679038146e-07,19,2,1,5.76460752303767552e+17
75,1,301,-2.68467300034336196e-32,-7.73318318654586862e-09,-7.73318331948013422e-09,-3.21542582869624019e-32,-3.51565483264064259e-08,1.17312519187799449e-07,1.52469067514205874e-07,1.17312519187799449e-07,4.49506452881557799e-07,-3.64107827873373157e-32,2.41742732402707958e-33,-4.74185990126727906e-33,-8.70924722012797149e-34,-1.20748864435101543e-08,-4.33792060118835748e-09,-2.10482512328855396e-09,-9.90381157851386203e-10,-1.20748864435101543e-08,-4.33792060118835748e-09,-2.10482512328855396e-09,-9.90381157851386203e-10,1.17312519187799449e-07,-7.70806215085628453e-08,2.19344028683196504e-07,-2.30162424198361295e-07,19,2,1,5.76460752303767552e+17
75,2,302,-2.10824374085480275e-32,-1.06326710327467864e-10,-1.06325441175151573e-10,-2.52606060025423890e-32,-2.44560910596291475e-08,-1.91490660222227949e-07,1.67034569162598812e-07,1.91490660222227949e-07,3.23116176077871494e-07,-2.85947100839176953e-32,1.89370779415074755e-33,-3.72328163358668427e-33,-6.84423124599028000e-34,3.44049647601577983e-10,2.22016957348208973e-09,1.16525657347205090e-09,6.61848874022847301e-10,3.44049647601577983e-10,2.22016957348208973e-09,1.16525657347205090e-09,6.61848874022847301e-10,-1.91490660222227949e-07,1.31625515855643545e-07,-3.57666893788077341e-08,-1.22363755477612108e-07,19,2,1,5.76460752303767552e+17
75,3,303,-1.65566251797846713e-32,-9.45420677505947343e-09,-9.45420541197123819e-09,-1.98452349706240759e-32,-4.09243673267814705e-08,2.16876059559046925e-07,2.57800426885828382e-07,2.16876059559046925e-07,3.72869495822374916e-07,-2.24575431170920717e-32,1.48363566610149690e-33,-2.92361620087057341e-33,-5.37873023285259582e-34,-1.48939235056265335e-08,-6.09719818689305296e-09,-3.16306846813002869e-09,-1.56599195249318967e-09,-1.48939235056265335e-08,-6.09719818689305296e-09,-3.16306846813002869e-09,-1.56599195249318967e-09,2.16876059559046925e-07,1.04617151746223303e-07,-1.55993436263327991e-07,-9.95583108454545908e-08,19,2,1,5.76460752303767552e+17
76,0,304,-1.30029854356726377e-32,3.47518379586593613e-09,3.47518479996838337e-09,-1.55909992334707189e-32,2.35185463644704897e-08,6.65858884561080272e-08,4.30673420916375375e-08,6.65858884561080272e-08,4.13517207227309649e-07,-1.76383589886680993e-32,1.16252303792642381e-33,-2.29578582176055973e-33,-4.22710217185574186e-34,6.13868398572120638e-09,5.08385968246812629e-09,2.54200707079138351e-09,1.35537731718832023e-09,6.13868398572120638e-09,5.08385968246812629e-09,2.54200707079138351e-09,1.35537731718832023e-09,6.65858884561080272e-08,2.05623441865974721e-07,-2.07893765361334954e-07,1.08122408475889783e-07,19,2,1,5.76460752303767552e+17
76,1,305,-1.02125261825470013e-32,6.10050340829908905e-09,6.10050452240543052e-09,-1.22488389174004076e-32,-2.03381707755309037e-08,-2.05408287880237874e-07,1.85070117104706960e-07,2.05408287880237874e-07,2.61092962431013048e-07,-1.38538965674845763e-32,9.11046496578910815e-34,-1.80284362653729705e-33,-3.32208343649523425e-34,1.01534323208053614e-08,5.96604634728407009e-09,2.77217663157350920e-09,1.37571751640656446e-09,1.01534323208053614e-08,5.96604634728407009e-09,2.77217663157350920e-09,1.37571751640656446e-09,-2.05408287880237874e-07,3.26861387257676441e-08,5.56846745507751873e-08,-3.27752631153755573e-08,19,2,1,5.76460752303767552e+17
76,2,306,-8.02122382507988366e-33,-5.37710281638568159e-09,-5.37710413797445658e-09,-9.62314993131612456e-33,-1.57969235493351920e-08,-9.67279310192017659e-08,8.09310074698665772e-08,9.67279310192017659e-08,1.56819398870735957e-07,-1.08818289222546147e-32,7.14082271759634090e-34,-1.41579210384676481e-33,-2.61083919694608769e-34,-8.64490805165644601e-09,-4.50076101720220599e-09,-2.55927222410021679e-09,-1.33933201823377673e-09,-8.64490805165644601e-09,-4.50076101720220599e-09,-2.55927222410021679e-09,-1.33933201823377673e-09,-9.67279310192017659e-08,4.78472844930391275e-08,6.00914678515341914e-08,-1.32819248797493186e-09,19,2,1,5.76460752303767552e+17
76,3,307,-6.30033809156894276e-33,-8.95770621587597545e-09,-8.95770688206826197e-09,-7.56030088972239199e-33,6.37975776998260614e-09,-3.84745147244095704e-07,3.91124905014078299e-07,3.84745147244095704e-07,6.13093345810683802e-07,-8.54764223678784168e-33,5.59793867425831235e-34,-1.11187158986643249e-33,-2.05186409620631402e-34,-1.43226291601049578e-08,-6.65094566332876108e-09,-3.40824355954977009e-09,-1.66731371404460165e-09,-1.43226291601049578e-08,-6.65094566332876108e-09,-3.40824355954977009e-09,-1.66731371404460165e-09,-3.84745147244095704e-07,2.28348198566588046e-07,1.45953794102508647e-07,-6.56799617654970601e-09,19,2,1,5.76460752303767552e+17
77,0,308,-4.94881485400921225e-33,-2.59659968530456779e-08,-2.59659960185503270e-08,-5.93961940247158519e-33,1.36835188788717632e-08,5.70036219214264432e-07,5.56352700335392677e-07,5.70036219214264432e-07,5.24052311935670607e-07,-6.71434297227097004e-33,4.38917610708075883e-34,-8.73217478689700768e-34,-1.61254978781197138e-34,-4.16239804278695244e-08,-1.94008120963951245e-08,-9.62534181097185096e-09,-4.71224611980033330e-09,-4.16239804278695244e-08,-1.94008120963951245e-08,-9.62534181097185096e-09,-4.71224611980033330e-09,5.70036219214264432e-07,1.31118534411587922e-07,2.90902101848449599e-07,4.59839072785938316e-08,19,2,1,5.76460752303767552e+17
77,1,309,-3.88732636273054435e-33,8.13776877976683852e-09,8.13777013773326240e-09,-4.66631605882546842e-33,6.95691245140059486e-08,2.76751642104320009e-07,2.07182517590314047e-07,2.76751642104320009e-07,2.85281115642854854e-07,-5.27438308337617910e-33,3.44203299074794672e-34,-6.85806678204429078e-34,-1.26727557357119159e-34,1.40815666613634912e-08,1.11125750557570590e-08,5.97343263934853064e-09,3.25601969698760715e-09,1.40815666613634912e-08,1.11125750557570590e-08,5.97343263934853064e-09,3.25601969698760715e-09,2.76751642104320009e-07,-8.52947353853482446e-09,2.29585711052728157e-07,6.31674507155644774e-08,19,2,1,5.76460752303767552e+17
77,2,310,-3.05359567009080591e-33,2.02146387739174468e-08,2.02146380453796113e-08,-3.66592905475076001e-33,-2.42761229253968168e-08,1.26978590333130524e-07,1.51254713258527351e-07,1.26978590333130524e-07,5.67803569839468961e-07,-4.14332484081090271e-33,2.69976354494384822e-34,-5.38630971494103047e-34,-9.95909435092509265e-35,3.31678653689878769e-08,1.82809443473803402e-08,8.95685906110158700e-09,4.47680486611555619e-09,3.31678653689878769e-08,1.82809443473803402e-08,8.95685906110158700e-09,4.47680486611555619e-09,1.26978590333130524e-07,-1.97538072832094305e-07,-4.40824979506338463e-07,7.56554271284252415e-08,19,2,1,5.76460752303767552e+17
77,3,311,-2.39872826978570624e-33,2.20715324586740489e-08,2.20715302831587068e-08,-2.87996229174809031e-33,-3.72142532916800598e-08,-2.34472996653846672e-07,1.97258743362166619e-07,2.34472996653846672e-07,2.95656777594579433e-07,-3.25487010140435989e-33,2.11795142617050226e-34,-4.23048384776597024e-34,-7.82631086380500426e-35,3.55016258401121442e-08,1.63892040447605570e-08,7.58542689395615872e-09,3.59762695384528016e-09,3.55016258401121442e-08,1.63892040447605570e-08,7.58542689395615872e-09,3.59762695384528016e-09,-2.34472996653846672e-07,6.11837809407327607e-08,-6.01117703049606489e-09,-1.79203301973079894e-07,19,2,1,5.76460752303767552e+17
78,0,312,-1.88433376283162655e-33,5.47507046788424324e-09,5.47506916131762900e-09,-2.26246025954790518e-33,-2.96799584875090434e-09,-2.47226767072430948e-07,2.44258771223680047e-07,2.47226767072430948e-07,3.88799392060229395e-07,-2.55695984494162221e-33,1.66182807293292694e-34,-3.32274205533036461e-34,-6.15007743842520209e-35,8.11446719615385411e-09,4.45783205915074129e-10,-4.62182072922273665e-10,-4.85669140126889024e-10,8.11446719615385411e-09,4.45783205915074129e-10,-4.62182072922273665e-10,-4.85669140126889024e-10,-2.47226767072430948e-07,6.17216107296745900e-08,1.41572624987798447e-07,6.10530220006123101e-08,19,2,1,5.76460752303767552e+17
78,1,313,-1.48026723462346642e-33,-8.15318050017485928e-09,-8.15317973787875223e-09,-1.77731829401262326e-33,-3.90489083562027900e-11,-1.76014050068672508e-07,1.75975001160316301e-07,1.76014050068672508e-07,4.37029778034071932e-07,-2.00871328453833672e-33,1.30417438492621785e-34,-2.60981563632385022e-34,-4.83268255723541228e-35,-1.39000623280904948e-08,-1.00193923870580161e-08,-5.27320301190337600e-09,-2.74009030981023705e-09,-1.39000623280904948e-08,-1.00193923870580161e-08,-5.27320301190337600e-09,-2.74009030981023705e-09,-1.76014050068672508e-07,6.83265238804102181e-08,-2.62398981992508397e-07,-3.68703254153661740e-07,19,2,1,5.76460752303767552e+17
78,2,314,-1.16285677838805873e-33,-1.51931639111297483e-08,-1.51931641043723181e-08,-1.39617015974440761e-33,5.54363003435691404e-08,1.67092274873910639e-07,1.11655974530341505e-07,1.67092274873910639e-07,5.93011496975762435e-07,-1.57802563330920252e-33,1.02367896823451635e-34,-2.04987974150653744e-34,-3.79732948631200761e-35,-2.48907202726835973e-08,-1.34751378902560299e-08,-6.52589568876173462e-09,-3.19119679001956145e-09,-2.48907202726835973e-08,-1.34751378902560299e-08,-6.52589568876173462e-09,-3.19119679001956145e-09,1.67092274873910639e-07,-1.12662351353074364e-07,-2.09692173286984915e-07,3.83319323688777546e-07,19,2,1,5.76460752303767552e+17
78,3,315,-9.13512415415394144e-34,-3.58368257077776220e-09,-3.58368168337619331e-09,-1.09672891830587953e-33,6.42362342989281796e-08,-3.71874036238364637e-08,1.01423637922764643e-07,3.71874036238364637e-08,3.71051693766352454e-07,-1.23968263701630216e-33,8.03653666665917345e-35,-1.61009327784387546e-34,-2.98365733935341058e-35,-5.63194763763982004e-09,-1.62642049810920079e-09,-3.24764153444799558e-10,1.58054811906130612e-11,-5.63194763763982004e-09,-1.62642049810920079e-09,-3.24764153444799558e-10,1.58054811906130612e-11,-3.71874036238364637e-08,-9.57921086428717322e-08,2.03861199823777587e-07,-1.67190493942574894e-07,19,2,1,5.76460752303767552e+17
79,0,316,-7.17634255979421787e-34,-4.57877453212283705e-09,-4.57877651101126112e-09,-8.61483725253748567e-34,-7.59928318575992399e-08,1.15848793069243895e-07,1.91841624926843135e-07,1.15848793069243895e-07,5.29909807524469989e-07,-9.73880582782880642e-34,6.31028647847990636e-35,-1.26466804928778248e-34,-2.34422219177769494e-35,-7.16010822885632372e-09,-2.33135055099241241e-09,-8.79254753628606328e-10,-3.52963932544465126e-10,-7.16010822885632372e-09,-2.33135055099241241e-09,-8.79254753628606328e-10,-3.52963932544465126e-10,1.15848793069243895e-07,5.30756518663312922e-08,3.05050254456601915e-07,-2.24859553067868048e-07,19,2,1,5.76460752303767552e+17
79,1,317,-5.63755460858644627e-34,2.23593525065190949e-09,2.23593843334762876e-09,-6.76676133930592643e-34,-4.59737799574307988e-08,2.64630680772182644e-07,3.10604460729613449e-07,2.64630680772182644e-07,2.99594387479304211e-07,-7.65064488441190027e-34,4.95566198869307556e-35,-9.93353192481982851e-35,-1.84173218169847680e-35,3.92611747668356536e-09,3.35388347432001481e-09,1.84744373954761523e-09,9.80146492425507433e-10,3.92611747668356536e-09,3.35388347432001481e-09,1.84744373954761523e-09,9.80146492425507433e-10,2.64630680772182644e-07,-1.03882085264806740e-08,1.37726812593522054e-07,2.89206178952823537e-07,19,2,1,5.76460752303767552e+17
79,2,318,-4.42869455464677717e-34,1.49016971510606261e-08,1.49016977403180086e-08,-5.31495910992057754e-34,-3.30823134484794563e-08,-9.68146196413778522e-08,6.37323061928983893e-08,9.68146196413778522e-08,4.33766805931927092e-07,-6.01015992801149736e-34,3.89245614330568254e-35,-7.80245514988212480e-35,-1.44687484157111424e-35,2.42655697229323819e-08,1.27804087439635946e-08,6.35288071961164903e-09,3.15936846114219227e-09,2.42655697229323819e-08,1.27804087439635946e-08,6.35288071961164903e-09,3.15936846114219227e-09,-9.68146196413778522e-08,9.01675405730666415e-08,-9.87791521433924700e-08,-3.43599265358860451e-07,19,2,1,5.76460752303767552e+17
79,3,319,-3.47901742754700801e-34,6.80850636425272207e-09,6.80850971296819188e-09,-4.17449259981763244e-34,-1.04687456928481402e-07,-7.05883684394840903e-07,6.01196227466359541e-07,7.05883684394840903e-07,7.17103818192236419e-07,-4.72137222781547877e-34,3.05781918849245443e-35,-6.12855600272181678e-35,-1.13660966460684022e-35,1.07484733287181740e-08,3.98598751727021042e-09,1.64924572663023128e-09,6.73701089460343187e-10,1.07484733287181740e-08,3.98598751727021042e-09,1.64924572663023128e-09,6.73701089460343187e-10,-7.05883684394840903e-07,1.12201337973954897e-08,-1.17248691335222749e-07,-2.44022942025575858e-07,19,2,1,5.76460752303767552e+17
80,0,320,-2.73295204831621372e-34,-2.97172170174815957e-08,-2.97172182846455516e-08,-3.27862467022450025e-34,-5.38404673707941364e-08,-3.97627126253965410e-07,3.43786658883171274e-07,3.97627126253965410e-07,4.22227262106509056e-07,-3.70888485850461567e-34,2.40249276199224638e-35,-4.81374649242109333e-35,-8.92826185372076028e-36,-4.84129149535285705e-08,-2.59633447868879892e-08,-1.32208957836038670e-08,-6.71756758386031706e-09,-4.84129149535285705e-08,-2.59633447868879892e-08,-1.32208957836038670e-08,-6.71756758386031706e-09,-3.97627126253965410e-07,-5.32805232046255655e-07,-1.10577969939746572e-07,-5.30305135241004613e-07,19,2,1,5.76460752303767552e+17
80,1,321,-2.14684483998128274e-34,-4.28288016928988237e-08,-4.28288006129307638e-08,-2.57491924471140566e-34,-5.40664739741069454e-08,-9.71232716101145688e-08,4.30567976360076234e-08,9.71232716101145688e-08,8.02400948334295512e-07,-2.91346712964534528e-34,1.88786284977196986e-35,-3.78098877909427084e-35,-7.01289259765621295e-36,-6.87445364498088483e-08,-3.19327675045822588e-08,-1.54468424986312017e-08,-7.47583358767052238e-09,-6.87445364498088483e-08,-3.19327675045822588e-08,-1.54468424986312017e-08,-7.47583358767052238e-09,-9.71232716101145688e-08,3.70633475085460314e-07,7.05277676724180943e-07,-8.47072382595007279e-08,19,2,1,5.76460752303767552e+17
80,2,322,-1.68640289923051480e-34,-3.79367742975723275e-08,-3.79367743276953536e-08,-2.02217722836279401e-34,1.69444818283219800e-09,-3.69208873783090427e-07,3.70903321965922646e-07,3.69208873783090427e-07,1.34499161528222080e-06,-2.28858697012338551e-34,1.48365327803739361e-35,-2.96977586895988850e-35,-5.50810031762372762e-36,-5.98205493730381228e-08,-2.30887964949479469e-08,-1.06159887605538728e-08,-4.84381092199111225e-09,-5.98205493730381228e-08,-2.30887964949479469e-08,-1.06159887605538728e-08,-4.84381092199111225e-09,-3.69208873783090427e-07,1.07856368591080946e-07,6.74913264560609638e-07,-6.70078350721611057e-07,19,2,1,5.76460752303767552e+17
80,3,323,-1.32468602422261115e-34,-4.73914196628784573e-08,-4.73914192902450461e-08,-1.58802895935293564e-34,1.25672311936833794e-08,1.76054452378748659e-07,1.63487221185065285e-07,1.76054452378748659e-07,7.88610612363654871e-07,-1.79768757053356190e-34,1.16612027064440965e-35,-2.33258311713730367e-35,-4.32594265189658907e-36,-7.44546091708305165e-08,-2.81146684248695466e-08,-1.32847291935068481e-08,-6.18301940976913314e-09,-7.44546091708305165e-08,-2.81146684248695466e-08,-1.32847291935068481e-08,-6.18301940976913314e-09,1.76054452378748659e-07,6.77867803179629846e-07,3.93030027665626454e-07,9.64665064742403583e-07,19,2,1,5.76460752303767552e+17
81,0,324,-1.04052973683033051e-34,-2.76093120247613963e-08,-2.76093125716530528e-08,-1.24704247490620712e-34,7.77531465606750051e-08,-2.48339606451200170e-07,3.26092753011875201e-07,2.48339606451200170e-07,7.44517498613764073e-07,-1.41204840536724412e-34,9.16638998535567094e-36,-1.83208184858097496e-35,-3.39730076231176617e-36,-4.17721358866876402e-08,-9.15014972683023078e-09,-3.90000728589294836e-09,-1.42706485807340513e-09,-4.17721358866876402e-08,-9.15014972683023078e-09,-3.90000728589294836e-09,-1.42706485807340513e-09,-2.48339606451200170e-07,1.82799939832280134e-08,-3.79445901427876874e-07,3.65071597185887252e-07,19,2,1,5.76460752303767552e+17
81,1,325,-8.17306712782353724e-35,-3.31205391622794337e-08,-3.31205387291826403e-08,-9.79237052926520757e-35,3.93557891501869362e-07,3.23484919449709788e-07,7.00729720521595734e-08,3.23484919449709788e-07,5.36853287007936333e-07,-1.10910513786862773e-34,7.20596820810466361e-36,-1.43895130485442732e-35,-2.66785236247273889e-36,-5.06751183326575324e-08,-1.43010797151117584e-08,-7.09014390010809233e-09,-3.19409346361778793e-09,-5.06751183326575324e-08,-1.43010797151117584e-08,-7.09014390010809233e-09,-3.19409346361778793e-09,3.23484919449709788e-07,-1.71581406708935922e-07,-9.80496471984647672e-08,3.65271880299000385e-07,19,2,1,5.76460752303767552e+17
81,2,326,-6.41953943273173510e-35,-9.10404596002388443e-09,-9.10404659347479562e-09,-7.68915191470952553e-35,3.55517585507172436e-07,6.49582333523153770e-07,2.94064748015981333e-07,6.49582333523153770e-07,5.68177873283983475e-07,-8.71129888933049876e-35,5.66526507623557205e-36,-1.13016035423983145e-35,-2.09490603170438110e-36,-1.17513780207455758e-08,5.32300985433878540e-09,2.48614768635075954e-09,1.59497930260202379e-09,-1.17513780207455758e-08,5.32300985433878540e-09,2.48614768635075954e-09,1.59497930260202379e-09,6.49582333523153770e-07,3.50067966225164324e-07,8.14044602391702942e-08,2.64809988610354375e-07,19,2,1,5.76460752303767552e+17
81,3,327,-5.04208575114721933e-35,2.56943846217111768e-08,2.56943839652316252e-08,-6.03744803091778470e-35,3.56523074488693805e-07,-1.14731628027604379e-07,4.71254702516298184e-07,1.14731628027604379e-07,9.35754602490526484e-07,-6.84194523288483668e-35,4.45427271807772927e-36,-8.87618048386350399e-36,-1.64491258358754407e-36,4.39314352952625906e-08,3.03396778040948473e-08,1.43998868069570971e-08,7.34632690015018875e-09,4.39314352952625906e-08,3.03396778040948473e-08,1.43998868069570971e-08,7.34632690015018875e-09,-1.14731628027604379e-07,2.44666068427425329e-07,3.73291303335033921e-08,-6.91088534063101154e-07,19,2,1,5.76460752303767552e+17
82,0,328,-3.96007637456403082e-35,1.47403416787330257e-08,1.47403426081038620e-08,-4.74038022559616418e-35,3.22836423533369704e-07,-5.78305090390377022e-07,9.01141513923746674e-07,5.78305090390377022e-07,8.50169537289105537e-07,-5.37356222840588329e-35,3.50232802333635012e-36,-6.97113804408141515e-36,-1.29150868705664882e-36,2.48792773947083004e-08,1.47091372293346174e-08,5.78702649260502781e-09,2.68155671760235192e-09,2.48792773947083004e-08,1.47091372293346174e-08,5.78702649260502781e-09,2.68155671760235192e-09,-5.78305090390377022e-07,2.71864446898728514e-07,-1.57921901991506686e-07,-1.84152211439996206e-07,19,2,1,5.76460752303767552e+17
82,1,329,-3.11016486116366444e-35,-1.70004673206002136e-08,-1.70004691170288950e-08,-3.72184512205406485e-35,2.49316719270216025e-07,9.21325528112415496e-07,6.72008808842199417e-07,9.21325528112415496e-07,1.52705359530453510e-06,-4.22017659831323820e-35,2.75394379718830928e-36,-5.47485018773599613e-36,-1.01397891973003031e-36,-2.71745965286934220e-08,-1.40267325798466555e-08,-8.43243303568569135e-09,-4.40135880247255723e-09,-2.71745965286934220e-08,-1.40267325798466555e-08,-8.43243303568569135e-09,-4.40135880247255723e-09,9.21325528112415496e-07,-6.05728067192119607e-07,-3.62442027656683206e-07,3.78632857820177487e-07,19,2,1,5.76460752303767552e+17
82,2,330,-2.44258349912991790e-35,3.24474117205558087e-08,3.24474096276342820e-08,-2.92206172253644857e-35,3.72618183633838391e-07,6.42655686258003251e-07,2.70037502624164860e-07,6.42655686258003251e-07,1.42460025402042764e-06,-3.31424321017235044e-35,2.16554102115888392e-36,-4.29963283868116473e-36,-7.96046780016744272e-37,5.30181941419462455e-08,2.81676268144944258e-08,1.35394034431934203e-08,6.91344016676064305e-09,5.30181941419462455e-08,2.81676268144944258e-08,1.35394034431934203e-08,6.91344016676064305e-09,6.42655686258003251e-07,7.55538705628344831e-07,-6.69061548392082804e-07,3.55660168297346281e-07,19,2,1,5.76460752303767552e+17
82,3,331,-1.91823292753645169e-35,5.71033434558381180e-08,5.71033422558646337e-08,-2.29407252534288922e-35,2.25100986394462159e-07,-4.40605450395812817e-07,6.65706436790274949e-07,4.40605450395812817e-07,1.55690273707188975e-06,-2.60269572095773683e-35,1.70288684013876711e-36,-3.37660868433680426e-36,-6.24924319502921559e-37,9.18389648280011040e-08,4.30216681836706373e-08,2.04665107956982407e-08,1.00301700560054040e-08,9.18389648280011040e-08,4.30216681836706373e-08,2.04665107956982407e-08,1.00301700560054040e-08,-4.40605450395812817e-07,1.25607222217763018e-07,-5.74431198518311260e-07,9.82471538553578597e-07,19,2,1,5.76460752303767552e+17
83,0,332,-1.50639560216217155e-35,2.23940446399444653e-08,2.23940448452484533e-08,-1.80099431777942013e-35,4.49515446874030814e-08,1.81502893237317763e-07,1.36551348549914682e-07,1.81502893237317763e-07,1.48598188951772887e-06,-2.04384362639589158e-35,1.33908538057586616e-36,-2.65167357893809300e-36,-4.90565097315879262e-37,3.43173520991894129e-08,8.26655875540535859e-09,2.65776946087009607e-09,7.97448804654057686e-10,3.43173520991894129e-08,8.26655875540535859e-09,2.65776946087009607e-09,7.97448804654057686e-10,1.81502893237317763e-07,5.08302143562139037e-07,-9.77679745955589833e-07,1.34956188349981177e-07,19,2,1,5.76460752303767552e+17
83,1,333,-1.18293934181454894e-35,2.59497447689563505e-08,2.59497446738629956e-08,-1.41385807125099006e-35,2.88335688393051109e-07,4.12158746137815341e-07,1.23823057744764232e-07,4.12158746137815341e-07,7.38399521416486369e-07,-1.60493427338278861e-35,1.05300173014148152e-36,-2.08232815258633049e-36,-3.85076980853009248e-37,3.98900496708342265e-08,1.13249742458610907e-08,4.98708502050230350e-09,2.19781615524642838e-09,3.98900496708342265e-08,1.13249742458610907e-08,4.98708502050230350e-09,2.19781615524642838e-09,4.12158746137815341e-07,-3.26240775278671028e-07,7.61140313861249147e-08,1.15114395373192021e-07,19,2,1,5.76460752303767552e+17
83,2,334,-9.28905888838230787e-36,4.01078039730393264e-08,4.01078045091925208e-08,-1.10991175374874202e-35,9.98275631358502695e-08,3.02402656218976606e-07,2.02575093083126324e-07,3.02402656218976606e-07,1.20742194942798560e-06,-1.26023730869455510e-35,8.28025395532026005e-37,-1.63518898710203274e-36,-3.02260611442254466e-37,6.25995333936947644e-08,2.24920549503865818e-08,1.09920594733956125e-08,5.24670828080601281e-09,6.25995333936947644e-08,2.24920549503865818e-08,1.09920594733956125e-08,5.24670828080601281e-09,3.02402656218976606e-07,2.14370610108741477e-08,-9.14203979350292594e-10,-9.05019293209008996e-07,19,2,1,5.76460752303767552e+17
83,3,335,-7.29401953480779392e-36,4.56349412886004858e-08,4.56349414773961558e-08,-8.71286898117263192e-36,1.31780447196089305e-07,-6.07030184231784619e-07,7.38810631427873977e-07,6.07030184231784619e-07,1.39640498930551809e-06,-9.89539599395722683e-36,6.51099882583436526e-37,-1.28403356914640243e-36,-2.37246660398320825e-37,7.10632409370092896e-08,2.49202505137409386e-08,1.22257832139096509e-08,5.73735558085538570e-09,7.10632409370092896e-08,2.49202505137409386e-08,1.22257832139096509e-08,5.73735558085538570e-09,-6.07030184231784619e-07,7.89374805073733576e-07,4.58951286993523877e-07,9.18771201493022968e-09,19,2,1,5.76460752303767552e+17
84,0,336,-5.72727910250120361e-36,4.81042565740835671e-09,4.81042687251197693e-09,-6.83951000202180897e-36,3.93407111672680191e-07,9.11870677341051403e-07,5.18463565668371213e-07,9.11870677341051403e-07,1.36246911299941571e-06,-7.76962664353633963e-36,5.11960946458908810e-37,-1.00826452081747549e-36,-1.86210745768360319e-37,4.59673877720319433e-09,-1.01550520739434309e-08,-5.27056033351857783e-09,-3.10940910183901238e-09,4.59673877720319433e-09,-1.01550520739434309e-08,-5.27056033351857783e-09,-3.10940910183901238e-09,9.11870677341051403e-07,-4.43241876951713692e-07,-4.50598435658364311e-07,-3.57625732556809479e-07,19,2,1,5.76460752303767552e+17
84,1,337,-4.49693214812474954e-36,4.82137290579494088e-08,4.82137292889482505e-08,-5.36884509177746315e-36,2.41748019778576662e-07,1.47312546551968687e-08,2.27016765123379794e-07,1.47312546551968687e-08,1.17444467360322413e-06,-6.10033510779119623e-36,4.02538504438954137e-37,-7.91703178094045282e-37,-1.46149396941342825e-37,7.54469019409549371e-08,2.90233211244892472e-08,1.52203977679052973e-08,7.47336630434944415e-09,7.54469019409549371e-08,2.90233211244892472e-08,1.52203977679052973e-08,7.47336630434944415e-09,1.47312546551968687e-08,2.96606163557004219e-07,2.42332131424197145e-07,-8.77838510046219861e-07,19,2,1,5.76460752303767552e+17
84,2,338,-3.53078528186236446e-36,3.76518617223502638e-08,3.76518618342756953e-08,-4.21434287114056416e-36,1.75181451663135749e-07,7.85110288021336184e-07,6.09928836358200462e-07,7.85110288021336184e-07,1.83169101273007440e-06,-4.78954580459674125e-36,3.16486944051307421e-37,-6.21641882278482651e-37,-1.14704005800932098e-37,5.78221354598624389e-08,1.74659873198871358e-08,8.94400717944312367e-09,4.02525307003748675e-09,5.78221354598624389e-08,1.74659873198871358e-08,8.94400717944312367e-09,4.02525307003748675e-09,7.85110288021336184e-07,-1.04658072470873811e-06,1.41631134216524189e-07,-6.22533854421623521e-07,19,2,1,5.76460752303767552e+17
84,3,339,-2.77213111368786922e-36,6.74633120299724000e-08,6.74633123730706127e-08,-3.30805721469137512e-36,1.96473236473358775e-07,3.64562918011010926e-07,1.68089681537652151e-07,3.64562918011010926e-07,1.19039606180503988e-06,-3.76030145347679393e-36,2.48816184402394608e-37,-4.88099502487569324e-37,-9.00224956075917820e-38,1.05838039558398828e-07,4.09268165561501607e-08,2.07501133723878478e-08,9.91742944545181107e-09,1.05838039558398828e-07,4.09268165561501607e-08,2.07501133723878478e-08,9.91742944545181107e-09,3.64562918011010926e-07,1.00448890716898452e-06,2.44011205386948158e-07,-1.85907154636055305e-07,19,2,1,5.76460752303767552e+17
85,0,340,-2.17642790800625035e-36,6.97493637344666672e-08,6.97493633792965806e-08,-2.59663774003972760e-36,-1.67407428604628505e-07,7.69836184750062277e-07,9.37243613354690835e-07,7.69836184750062277e-07,6.16522318984724091e-07,-2.95215632892640969e-36,1.95601819330558879e-37,-3.83236607992595823e-37,-7.06506345246899046e-38,1.08642567247420038e-07,3.83658568030458791e-08,1.90151274611272670e-08,8.77523485730052444e-09,1.08642567247420038e-07,3.83658568030458791e-08,1.90151274611272670e-08,8.77523485730052444e-09,7.69836184750062277e-07,1.24409334581307093e-06,6.27571026828346835e-07,1.03981148478219694e-06,19,2,1,5.76460752303767552e+17
85,1,341,-1.70869087901370905e-36,9.13918276351227175e-08,9.13918286579970311e-08,-2.03819615124745337e-36,-5.99694463646516567e-08,-2.15770991421997135e-06,2.09774046785531967e-06,2.15770991421997135e-06,3.64427214806521324e-06,-2.31763543048374842e-36,1.53757347509955717e-37,-3.00896056255660772e-37,-5.54466471849395385e-38,1.42878811742391074e-07,5.25910093013703295e-08,2.60902301916433430e-08,1.22175442409011093e-08,1.42878811742391074e-07,5.25910093013703295e-08,2.60902301916433430e-08,1.22175442409011093e-08,-2.15770991421997135e-06,1.48656223384524189e-06,2.85123422985610158e-07,-1.09669125929508105e-06,19,2,1,5.76460752303767552e+17
85,2,342,-1.34144264195860803e-36,-3.68788126306544189e-08,-3.68788131376281951e-08,-1.59984495162701522e-36,-2.38034036283584114e-07,-5.33713387744179044e-07,2.95679351460594957e-07,5.33713387744179044e-07,8.80694553343494656e-07,-1.81945261424729883e-36,1.20855158405719529e-37,-2.36242104163103954e-37,-4.35141351920696429e-38,-6.55367679389665036e-08,-5.61250370194879747e-08,-2.84710187255903096e-08,-1.52736303882263707e-08,-6.55367679389665036e-08,-5.61250370194879747e-08,-2.84710187255903096e-08,-1.52736303882263707e-08,-5.33713387744179044e-07,-4.53349559178175135e-07,-1.33404411252166979e-06,-1.32226042556758570e-06,19,2,1,5.76460752303767552e+17
85,3,343,-1.05310300627594126e-36,-5.62690693331524292e-08,-5.62690707554635323e-08,-1.25576435403988390e-36,1.17950504678574978e-07,-1.26217044007463153e-06,1.38012094475320656e-06,1.26217044007463153e-06,2.12984445629799533e-06,-1.42832506571575869e-36,9.49858141133873772e-38,-1.85476916709497016e-37,-3.41493848027774177e-38,-9.43735468971492425e-08,-5.79449834096060799e-08,-2.68449794033813720e-08,-1.33417089408453758e-08,-9.43735468971492425e-08,-5.79449834096060799e-08,-2.68449794033813720e-08,-1.33417089408453758e-08,-1.26217044007463153e-06,-1.10919271794179482e-06,-1.35039463476882474e-06,7.79449821529170487e-07,19,2,1,5.76460752303767552e+17
86,0,344,-8.26723966334347858e-37,-1.06808589047618675e-07,-1.06808587980536931e-07,-9.85684111004509765e-37,2.86173184134630471e-07,2.44485011133204026e-07,4.16881730014264445e-08,2.44485011133204026e-07,1.50670848072680717e-06,-1.12125633050946584e-36,7.46474177187261718e-38,-1.45617877245360215e-37,-2.67999792247248306e-38,-1.73558187644686479e-07,-8.67814277408628219e-08,-4.02365821422471106e-08,-1.95545462043351904e-08,-1.73558187644686479e-07,-8.67814277408628219e-08,-4.02365821422471106e-08,-1.95545462043351904e-08,2.44485011133204026e-07,-3.68068718296010852e-07,1.13863976243079632e-06,8.43983321475684221e-07,19,2,1,5.76460752303767552e+17
86,1,345,-6.48995915180081954e-37,-7.09188640088235663e-08,-7.09188638903382154e-08,-7.73691264557752776e-37,4.44862887940626030e-07,1.56254741299403288e-06,1.11768452505340690e-06,1.56254741299403288e-06,1.76663485001928287e-06,-8.80187493429677975e-37,5.86586234993050926e-38,-1.14322661782198832e-37,-2.10322927430246929e-38,-1.12345608432786984e-07,-4.29682559647590621e-08,-1.75634509061113754e-08,-7.68968922291495593e-09,-1.12345608432786984e-07,-4.29682559647590621e-08,-1.75634509061113754e-08,-7.68968922291495593e-09,1.56254741299403288e-06,1.29256519922069019e-06,-2.04087437025250095e-07,8.22063940646674493e-07,19,2,1,5.76460752303767552e+17
86,2,346,-5.09466955083412604e-37,2.28515032524873087e-08,2.28515030241954453e-08,-6.07293893380827504e-37,3.47172056442055111e-07,-3.40956495221263741e-07,6.88128551663318853e-07,3.40956495221263741e-07,1.49584133068971388e-06,-6.90937606554043891e-37,4.60902283617693274e-38,-8.97518351732417766e-38,-1.65059625830658815e-38,4.06774944907352675e-08,3.78469558309978164e-08,2.16958544755362189e-08,1.16923579078329964e-08,4.06774944907352675e-08,3.78469558309978164e-08,2.16958544755362189e-08,1.16923579078329964e-08,-3.40956495221263741e-07,5.43360313379478688e-07,1.15488483546845019e-06,6.51280134102526088e-07,19,2,1,5.76460752303767552e+17
86,3,347,-3.99929631935961839e-37,1.67744862230689949e-09,1.67744849310011384e-09,-4.76685925495145587e-37,2.28971637306490111e-07,6.77028220562522544e-07,4.48056583256032433e-07,6.77028220562522544e-07,3.78815346753991815e-06,-5.42371369920436269e-37,3.62113697680777292e-38,-7.04609229386505098e-38,-1.29538421767892312e-38,5.03903288210812162e-09,1.13655467002233769e-08,5.70303953255891917e-09,2.72112700006441376e-09,5.03903288210812162e-09,1.13655467002233769e-08,5.70303953255891917e-09,2.72112700006441376e-09,6.77028220562522544e-07,5.50701787324500121e-07,2.27951293796985719e-07,-3.11112524697739561e-06,19,2,1,5.76460752303767552e+17
87,0,348,-3.13939206092343872e-37,3.52872954571700075e-08,3.52872947412503820e-08,-3.74169863861302484e-37,-2.44674604180500397e-07,-3.78622962194631372e-06,3.54155501776581338e-06,3.78622962194631372e-06,4.02213354543073746e-06,-4.25745350800879483e-37,2.84472075421898219e-38,-5.53156376314287934e-38,-1.01662600293296950e-38,5.86996050561375182e-08,3.48999313065009260e-08,1.67578834034312671e-08,8.17744467968581778e-09,5.86996050561375182e-08,3.48999313065009260e-08,1.67578834034312671e-08,8.17744467968581778e-09,-3.78622962194631372e-06,-7.29946587644963181e-07,2.35903923484423944e-07,-1.52184540730162171e-06,19,2,1,5.76460752303767552e+17
87,1,349,-2.46435261624726355e-37,-1.59707557220456601e-07,-1.59707557433727427e-07,-2.93703527200136517e-37,-2.41251862407703478e-07,3.02812332795246344e-08,2.71533095687228112e-07,3.02812332795246344e-08,3.00060628969289578e-06,-3.34194465082162236e-37,2.23456358563952251e-38,-4.34252939118659816e-38,-7.97866032668138331e-39,-2.57842659610766019e-07,-1.29646738838032930e-07,-6.63218297470746338e-08,-3.36221148073483004e-08,-2.57842659610766019e-07,-1.29646738838032930e-07,-6.63218297470746338e-08,-3.36221148073483004e-08,3.02812332795246344e-08,3.03088752297242041e-06,9.57417820472907586e-07,2.56442687458110720e-07,19,2,1,5.76460752303767552e+17
87,2,350,-1.93444498200292579e-37,-1.22420031147179664e-07,-1.22420028198975639e-07,-2.30544179822007659e-37,2.97262517612781884e-07,1.95470065319005962e-06,1.65743813557727768e-06,1.95470065319005962e-06,3.75585798665648417e-06,-2.62328646166656117e-37,1.75510969137394506e-38,-3.40905112199495146e-38,-6.26189944412058716e-39,-1.93595955364432197e-07,-7.80357098829675802e-08,-3.70091459644418721e-08,-1.72083593630545269e-08,-1.93595955364432197e-07,-7.80357098829675802e-08,-3.70091459644418721e-08,-1.72083593630545269e-08,1.95470065319005962e-06,1.53677316190631741e-10,1.60985823145924372e-06,-1.80115733346642455e-06,19,2,1,5.76460752303767552e+17
87,3,351,-1.51847297713952507e-37,2.67035179010355794e-09,2.67035228989737879e-09,-1.80969137024791472e-37,1.90118050906363216e-07,6.90167055712292137e-07,5.00049004805928947e-07,6.90167055712292137e-07,2.36338753536780828e-06,-2.05916071872653839e-37,1.37839803435983566e-38,-2.67621394015644585e-38,-4.91462813921153222e-39,1.07441076021762076e-08,3.25829924175395234e-08,1.84093529930132120e-08,1.06764324802622295e-08,1.07441076021762076e-08,3.25829924175395234e-08,1.84093529930132120e-08,1.06764324802622295e-08,6.90167055712292137e-07,4.83602890700117429e-07,2.34158416586834155e-06,-2.18033694994667303e-08,19,2,1,5.76460752303767552e+17
88,0,352,-1.19194388637485545e-37,3.76006470336728058e-08,3.76006461984245353e-08,-1.42056420588465822e-37,-4.08229830986029852e-08,-1.02094110946577938e-06,9.80118126367176338e-07,1.02094110946577938e-06,3.52843720300473399e-06,-1.61634384282806192e-37,1.08244163821940470e-38,-2.10089997901703030e-38,-3.85731150894366906e-39,6.55557613239534034e-08,5.03304728718905448e-08,2.44476418972255650e-08,1.25417208058846169e-08,6.55557613239534034e-08,5.03304728718905448e-08,2.44476418972255650e-08,1.25417208058846169e-08,-1.02094110946577938e-06,2.50749609353895461e-06,1.94381251621595953e-06,1.52565514817577479e-06,19,2,1,5.76460752303767552e+17
88,1,353,-9.35628626210862210e-38,-2.03886735248084683e-08,-2.03886729120429074e-08,-1.11512564461582729e-37,2.52486340723060534e-07,1.11325788518596482e-06,8.60771544462904340e-07,1.11325788518596482e-06,1.91162272886763354e-06,-1.26875317020122207e-37,8.49952554308341252e-39,-1.64925505124098516e-38,-3.02753488736687695e-39,-3.04487027742646589e-08,-8.42385237810973956e-09,-6.64741708761712990e-09,-3.66864228416148371e-09,-3.04487027742646589e-08,-8.42385237810973956e-09,-6.64741708761712990e-09,-3.66864228416148371e-09,1.11325788518596482e-06,1.79674395871689702e-06,-1.14878770150736731e-07,-1.05759706629893465e-07,19,2,1,5.76460752303767552e+17
88,2,354,-7.34431013844997035e-38,3.97479397685961181e-08,3.97479411285813789e-08,-8.75374401262821723e-38,4.73711790827395289e-07,1.46593061666123406e-06,9.92218825833838715e-07,1.46593061666123406e-06,5.00322502622968119e-06,-9.95912713679679275e-38,6.67338761109493083e-39,-1.29469903730174440e-38,-2.37631936391632046e-39,6.64636566271578468e-08,3.99256859037801761e-08,1.82972810903129907e-08,9.20418883967450199e-09,6.64636566271578468e-08,3.99256859037801761e-08,1.82972810903129907e-08,9.20418883967450199e-09,1.46593061666123406e-06,2.36977177220306582e-06,4.53064969931372052e-08,-2.63345325402661537e-06,19,2,1,5.76460752303767552e+17
88,3,355,-5.76499818814565653e-38,1.03836656760261544e-07,1.03836658444748594e-07,-6.87181464082290841e-38,1.78028493535119417e-07,6.28195165956030640e-07,4.50166672420911224e-07,6.28195165956030640e-07,4.49366785042418130e-06,-7.81748395861518875e-38,5.23915011651061463e-39,-1.01636343064360724e-38,-1.86522992114376411e-39,1.68322336976754790e-07,8.35613451150807785e-08,3.95261086150512569e-08,1.94488172609141616e-08,1.68322336976754790e-07,8.35613451150807785e-08,3.95261086150512569e-08,1.94488172609141616e-08,6.28195165956030640e-07,-2.27249069206728783e-06,2.22117715835689305e-06,6.86130875561535795e-08,19,2,1,5.76460752303767552e+17
89,0,356,-4.52531498240001624e-38,1.11740415488582451e-07,1.11740416153640402e-07,-5.39457170215315058e-38,-6.97256572470969685e-07,2.60448237866306082e-06,3.30173895113403071e-06,2.60448237866306082e-06,4.29201078961078848e-06,-6.13642042053668328e-38,4.11282014381948404e-39,-7.97864369887255875e-39,-1.46410578915259183e-39,1.78132603508952359e-07,7.59049709845614922e-08,3.47000777188948695e-08,1.63764824124389853e-08,1.78132603508952359e-07,7.59049709845614922e-08,3.47000777188948695e-08,1.63764824124389853e-08,2.60448237866306082e-06,-2.30759424534926781e-07,2.15130434637494585e-06,-1.68752841094772767e-06,19,2,1,5.76460752303767552e+17
89,1,357,-3.55222689861639343e-38,2.15071068491597530e-07,2.15071068773070443e-07,-4.23497409822110302e-38,-7.26684088890326229e-07,-7.46683142176714077e-07,1.99990532863878477e-08,7.46683142176714077e-07,2.67861344484598276e-06,-4.81688587780810807e-38,3.22838060527197698e-39,-6.26339152894202554e-39,-1.14927921695764148e-39,3.42686462498255521e-07,1.48970049903710339e-07,7.13863210402155373e-08,3.45021812542783726e-08,3.42686462498255521e-07,1.48970049903710339e-07,7.13863210402155373e-08,3.45021812542783726e-08,-7.46683142176714077e-07,9.31556077524805966e-07,1.93193030266926879e-06,-2.83513185335909221e-07,19,2,1,5.76460752303767552e+17
89,2,358,-2.78840315535139709e-38,1.28880719529514005e-07,1.28880716530752251e-07,-3.32470448226285829e-38,-1.05827160524909747e-06,-2.67280883072363137e-06,1.61453722547453390e-06,2.67280883072363137e-06,8.24157985368276581e-06,-3.78112871503735011e-38,2.53394861946403617e-39,-4.91689675264703732e-39,-9.02177609789281644e-40,1.98917205616903661e-07,5.85811643849546366e-08,2.50921632679648547e-08,1.04028440745078475e-08,1.98917205616903661e-07,5.85811643849546366e-08,2.50921632679648547e-08,1.04028440745078475e-08,-2.67280883072363137e-06,1.18200639213060843e-06,-2.90846021017201255e-06,-7.05957346155215738e-06,19,2,1,5.76460752303767552e+17
89,3,359,-2.18884044505585148e-38,-3.42937858471647107e-08,-3.42937856742013968e-08,-2.61014130788129727e-38,-1.02289840736103808e-06,-7.18671900488259463e-07,3.04226506872778616e-07,7.18671900488259463e-07,1.44753255790027061e-06,-2.96811744445220805e-38,1.98875382069025481e-39,-3.85988370836175987e-39,-7.08226559324657978e-40,-6.59178252629234958e-08,-7.55174919319434026e-08,-3.97221397600072118e-08,-2.14472036420607102e-08,-6.59178252629234958e-08,-7.55174919319434026e-08,-3.97221397600072118e-08,-2.14472036420607102e-08,-7.18671900488259463e-07,-9.21207935712227920e-08,4.72008058850667459e-08,-1.40033175201520376e-06,19,2,1,5.76460752303767552e+17
90,0,360,-1.71821283795847487e-38,-6.43802834152113741e-08,-6.43802837593810835e-08,-2.04919733460107509e-38,-6.31169579636271947e-07,-1.06156342364715066e-06,4.30393844010878708e-07,1.06156342364715066e-06,3.63317558634412234e-06,-2.32994583407057136e-38,1.56076177464125329e-39,-3.03011764155439362e-39,-5.55989023945578529e-40,-1.10995985582921135e-07,-7.91862076557061526e-08,-3.70528251657949615e-08,-1.84344329244775901e-08,-1.10995985582921135e-07,-7.91862076557061526e-08,-3.70528251657949615e-08,-1.84344329244775901e-08,-1.06156342364715066e-06,1.07953805563793363e-06,1.60486961809269398e-06,-2.02830596825142836e-06,19,2,1,5.76460752303767552e+17
90,1,361,-1.34879119255119081e-38,-1.03881869032354718e-07,-1.03881870803816157e-07,-1.60883824418466999e-38,-4.26373637000954802e-07,-3.18243001561209729e-07,1.08130635439745072e-07,3.18243001561209729e-07,3.62003365807357411e-06,-1.82901069310176734e-38,1.22480493145764428e-39,-2.37874232686686809e-39,-4.36489838101911254e-40,-1.71177080123931744e-07,-9.29825283825678450e-08,-4.19582934157315212e-08,-2.01960205776946588e-08,-1.71177080123931744e-07,-9.29825283825678450e-08,-4.19582934157315212e-08,-2.01960205776946588e-08,-3.18243001561209729e-07,-2.59872098091228887e-06,-3.22124142842520768e-06,3.98792229648366212e-07,19,2,1,5.76460752303767552e+17
90,2,362,-1.05880974196129918e-38,-9.69550512527717938e-08,-9.69550513563679467e-08,-1.26313508408177958e-38,-3.68374809950746451e-07,3.68141285502235168e-06,4.04978766497309845e-06,3.68141285502235168e-06,6.87145409679083709e-06,-1.43579631911638501e-38,9.61112862656201975e-40,-1.86740458065779342e-39,-3.42685660711569464e-40,-1.56145540084733073e-07,-6.99164829613418206e-08,-2.96695018425597597e-08,-1.36373731482030533e-08,-1.56145540084733073e-07,-6.99164829613418206e-08,-2.96695018425597597e-08,-1.36373731482030533e-08,3.68141285502235168e-06,-3.11416953639964899e-06,3.75728456039118852e-06,-1.80437079350796404e-06,19,2,1,5.76460752303767552e+17
90,3,363,-8.31183787541164667e-39,1.07203261814337559e-07,1.07203262465396583e-07,-9.91735708263520362e-39,-2.50217090310763159e-07,-1.79201694488299162e-07,7.10153958224639968e-08,1.79201694488299162e-07,1.88284631512623457e-06,-1.12713525358908995e-38,7.54156597692230448e-40,-1.46599665436601455e-39,-2.69049054201154427e-40,1.76494920903873008e-07,1.05740412680864702e-07,5.73479566191035058e-08,2.97945371795425408e-08,1.76494920903873008e-07,1.05740412680864702e-07,5.73479566191035058e-08,2.97945371795425408e-08,-1.79201694488299162e-07,-1.67928576517469217e-06,-6.16623174815077833e-07,2.03560549951542397e-07,19,2,1,5.76460752303767552e+17
91,0,364,-6.52503058663850122e-39,7.50749125363905496e-08,7.50749135895004719e-08,-7.78665079585601263e-39,-1.39868578505394927e-06,-4.44432400460529080e-06,3.04563821955134131e-06,4.44432400460529080e-06,5.12257264373724970e-06,-8.84842986463688577e-39,5.91740030657892665e-40,-1.15088378397738000e-39,-2.11242122632041183e-40,1.21199440506193805e-07,5.93515441954086030e-08,2.92318095658207272e-08,1.37683759206785776e-08,1.21199440506193805e-07,5.93515441954086030e-08,2.92318095658207272e-08,1.37683759206785776e-08,-4.44432400460529080e-06,-3.08440690543432167e-06,-7.03275972768130751e-07,6.78248639131959119e-07,19,2,1,5.76460752303767552e+17
91,1,365,-5.12241499010910983e-39,-1.61777933357071798e-07,-1.61777933136948925e-07,-6.11383683655490104e-39,-5.12176540444987349e-07,1.46515141184256188e-06,1.97732795228754934e-06,1.46515141184256188e-06,4.38062346594618994e-06,-6.94646236375440651e-39,4.64285655206328022e-40,-9.03512669341013675e-40,-1.65860425565822605e-40,-2.63534199668331088e-07,-1.41719973582694223e-07,-7.24484011330793846e-08,-3.73345362990339582e-08,-2.63534199668331088e-07,-1.41719973582694223e-07,-7.24484011330793846e-08,-3.73345362990339582e-08,1.46515141184256188e-06,-2.77314233536465585e-06,-2.91547205410362806e-06,1.27297470123877706e-06,19,2,1,5.76460752303767552e+17
91,2,366,-4.02136963765111762e-39,-5.34890356741581992e-08,-5.34890345931563753e-08,-4.80048522261370453e-39,-6.20421566440374291e-08,3.93859818552268958e-08,1.01428138499264325e-07,3.93859818552268958e-08,3.45474559792909207e-06,-5.45341699641105839e-39,3.64273130105366501e-40,-7.09319039209070828e-40,-1.30232035113495726e-40,-8.38701087004089804e-08,-2.89337196470978008e-08,-1.18129083373019084e-08,-4.82906490102169439e-09,-8.38701087004089804e-08,-2.89337196470978008e-08,-1.18129083373019084e-08,-4.82906490102169439e-09,3.93859818552268958e-08,-3.21121082202577896e-06,2.43534775903313225e-07,-4.14108679326209348e-07,19,2,1,5.76460752303767552e+17
91,3,367,-3.15704304855947091e-39,-3.89772070409666512e-08,-3.89772067250441407e-08,-3.76933100280109806e-39,-4.19144189030932037e-07,-2.69805828607714367e-06,2.27891409704621168e-06,2.69805828607714367e-06,3.93809594068236352e-06,-4.28135720481662902e-39,2.85798027035109787e-40,-5.56870035721787445e-40,-1.02259861415692448e-40,-5.95502972876441296e-08,-1.46147591510350948e-08,-5.62038799118981805e-09,-2.05261057392125617e-09,-5.95502972876441296e-08,-1.46147591510350948e-08,-5.62038799118981805e-09,-2.05261057392125617e-09,-2.69805828607714367e-06,1.24003765460521943e-06,-6.62354194393595106e-07,-3.76816292946757158e-07,19,2,1,5.76460752303767552e+17
92,0,368,-2.47853168684504558e-39,-1.63062722579036732e-07,-1.63062723393156520e-07,-2.95972196856253932e-39,-8.94197650531497715e-07,-2.94062964914054874e-06,2.04643199860905124e-06,2.94062964914054874e-06,3.60106223466595269e-06,-3.36125982552925183e-39,2.24225076369355049e-40,-4.37190956355719213e-40,-8.02979285774589715e-41,-2.59890057665358066e-07,-1.15220076080878802e-07,-5.69638464387352241e-08,-2.80024853539100727e-08,-2.59890057665358066e-07,-1.15220076080878802e-07,-5.69638464387352241e-08,-2.80024853539100727e-08,-2.94062964914054874e-06,-5.08793699556564148e-06,-2.06472448985563383e-06,-1.48687476089968900e-06,19,2,1,5.76460752303767552e+17
92,1,369,-1.94587992904831668e-39,-2.71347798254890065e-07,-2.71347800714634198e-07,-2.32404571740784101e-39,3.23042835554190549e-08,-2.86809310773032049e-06,2.90039739128573954e-06,2.86809310773032049e-06,5.51414844561866666e-06,-2.63894682575651597e-39,1.75915707083779314e-40,-3.43236731795443888e-40,-6.30542895698800203e-41,-4.31588819536771998e-07,-1.86398165603675765e-07,-9.09214989992871631e-08,-4.39388226035112695e-08,-4.31588819536771998e-07,-1.86398165603675765e-07,-9.09214989992871631e-08,-4.39388226035112695e-08,-2.86809310773032049e-06,2.64605533788834618e-06,1.77812851165546686e-06,-1.77095039490955130e-06,19,2,1,5.76460752303767552e+17
92,2,370,-1.52772527491663415e-39,-3.51077715949426063e-07,-3.51077716152199874e-07,-1.82492534581402141e-39,4.23275787804530190e-07,2.07474681908265381e-06,1.65147103127812352e-06,2.07474681908265381e-06,1.06275561436442629e-05,-2.07189211537061615e-39,1.38013989500755459e-40,-2.69477030823177162e-40,-4.95148431707455056e-41,-5.55103251933195496e-07,-2.25350325882830999e-07,-1.08474206040192986e-07,-5.14378032173611286e-08,-5.55103251933195496e-07,-2.25350325882830999e-07,-1.08474206040192986e-07,-5.14378032173611286e-08,2.07474681908265381e-06,4.64288842034956454e-06,-5.98466772329469841e-06,1.62628343209116768e-06,19,2,1,5.76460752303767552e+17
92,3,371,-1.19945004558051296e-39,-1.67144579552472806e-07,-1.67144582385745658e-07,-1.43301839089833263e-39,8.22069759685745408e-07,2.20348892991183915e-06,1.38141917022609374e-06,2.20348892991183915e-06,5.79567734581949138e-06,-1.62671523157190487e-39,1.08278482947093026e-40,-2.11570567765217788e-40,-3.88835515724772886e-41,-2.51722621935914932e-07,-4.90016386027707489e-08,-1.93169484888213806e-08,-5.83223149403712451e-09,-2.51722621935914932e-07,-4.90016386027707489e-08,-1.93169484888213806e-08,-5.83223149403712451e-09,2.20348892991183915e-06,1.28980319240449493e-06,7.08548053822398652e-06,1.74774066291632016e-06,19,2,1,5.76460752303767552e+17
93,0,372,-9.41730643476442142e-40,-1.67524585758587113e-08,-1.67524593687890702e-08,-1.12528922641384790e-39,1.98164510956831618e-06,4.60171592761787770e-06,2.62007081804956152e-06,4.60171592761787770e-06,5.67022957218935470e-06,-1.27721415936787065e-39,8.49501602807721668e-41,-1.66109436728909258e-40,-3.05355267880636169e-41,-8.88130448913326017e-09,6.62455571340559250e-08,3.37617245045765005e-08,1.92317034872414996e-08,-8.88130448913326017e-09,6.62455571340559250e-08,3.37617245045765005e-08,1.92317034872414996e-08,4.60171592761787770e-06,3.28108110498654804e-06,-1.06851364457147657e-06,1.54116570331177160e-06,19,2,1,5.76460752303767552e+17
93,1,373,-7.39398867892209173e-40,2.18533006894245330e-07,2.18533007545749033e-07,-8.83653048054228380e-40,2.00345488504097320e-06,4.98623300068101964e-06,2.98277811564004644e-06,4.98623300068101964e-06,6.33996962354516469e-06,-1.00282132003551292e-39,6.66486816990301357e-41,-1.30418418050834744e-40,-2.39802146993480978e-41,3.67042379547978791e-07,2.31585384650604401e-07,1.11278350634194834e-07,5.61586955636415565e-08,3.67042379547978791e-07,2.31585384650604401e-07,1.11278350634194834e-07,5.61586955636415565e-08,4.98623300068101964e-06,6.33083073694841953e-06,3.09769515649594140e-06,-9.13888659674558714e-09,19,2,1,5.76460752303767552e+17
93,2,374,-5.80548166298325368e-40,4.19168262623757824e-07,4.19168260060301230e-07,-6.93911502718323579e-40,1.12947467646783851e-06,-1.11863902188261909e-06,2.24811369835045739e-06,1.11863902188261909e-06,4.37676893652801338e-06,-7.87391699733985066e-40,5.22909425518969287e-41,-1.02397438155530708e-40,-1.88325024646391349e-41,6.81695984101074655e-07,3.45251963650304541e-07,1.62261756798979090e-07,7.90960229146964498e-08,6.81695984101074655e-07,3.45251963650304541e-07,1.62261756798979090e-07,7.90960229146964498e-08,-1.11863902188261909e-06,1.13719404624274894e-06,-3.23957489028526423e-06,1.87125244414846418e-07,19,2,1,5.76460752303767552e+17
93,3,375,-4.55832135762245372e-40,2.70593137798487147e-07,2.70593137800843857e-07,-5.44917219207559163e-40,7.20208492195911730e-07,-6.58021772643384037e-06,7.30042621862975252e-06,6.58021772643384037e-06,1.17861218964376546e-05,-6.18251668621783407e-40,4.10271195239243797e-41,-8.03979045361033361e-41,-1.47900433120080120e-41,4.28950143894188571e-07,1.65676680609787343e-07,6.83742313774373170e-08,2.98214503677283731e-08,4.28950143894188571e-07,1.65676680609787343e-07,6.83742313774373170e-08,2.98214503677283731e-08,-6.58021772643384037e-06,-3.37146914572031515e-06,-2.73696887509690827e-06,5.20590417000381428e-06,19,2,1,5.76460752303767552e+17
94,0,376,-3.57913919814696459e-40,-1.17730118171505141e-07,-1.17730116333876188e-07,-4.27917998680526061e-40,4.58401404439490019e-07,1.15423067144392306e-06,6.95829267004433098e-07,1.15423067144392306e-06,6.60738599123093691e-06,-4.85452409382374886e-40,3.21904616668891825e-41,-6.31256321430926173e-41,-1.16154601769571372e-41,-2.04319180062108488e-07,-1.67893619554761399e-07,-9.43483257806707414e-08,-5.05569629923790647e-08,-2.04319180062108488e-07,-1.67893619554761399e-07,-9.43483257806707414e-08,-5.05569629923790647e-08,1.15423067144392306e-06,2.15513892336112209e-06,-4.45224706786981482e-06,-1.69665882577604589e-06,19,2,1,5.76460752303767552e+17
94,1,377,-2.81034040936114897e-40,-3.73121799904766312e-08,-3.73121807355777461e-08,-3.36042018649340179e-40,3.89997826486698276e-07,3.28204022830406779e-06,2.89204240181736941e-06,3.28204022830406779e-06,4.46242974192594681e-06,-3.81183937716400842e-40,2.52578765267967875e-41,-4.95646433778513717e-41,-9.12237792514762100e-42,-6.82028454935851952e-08,-6.34433749832156499e-08,-3.12234519225658953e-08,-1.49502820477205016e-08,-6.82028454935851952e-08,-6.34433749832156499e-08,-3.12234519225658953e-08,-1.49502820477205016e-08,3.28204022830406779e-06,1.00684834145433869e-06,1.49869810808261775e-06,-1.18038951362187923e-06,19,2,1,5.76460752303767552e+17
94,2,378,-2.20671190949552469e-40,1.31913147234782394e-07,1.31913147358576259e-07,-2.63893719589915368e-40,5.16502579109090628e-07,2.25267529034562670e-06,1.73617271123653607e-06,2.25267529034562670e-06,6.61092152131362933e-06,-2.99315166525612096e-40,1.98189935753971680e-41,-3.89173532245839097e-41,-7.16446008174348143e-42,2.08381699510286833e-07,8.96768493029013752e-08,4.80724852710331072e-08,2.50859422530397657e-08,2.08381699510286833e-07,8.96768493029013752e-08,4.80724852710331072e-08,2.50859422530397657e-08,2.25267529034562670e-06,-1.52157385246702113e-06,5.08934766884660799e-06,4.34654284930259460e-08,19,2,1,5.76460752303767552e+17
94,3,379,-1.73275982173891417e-40,2.12968534768293489e-07,2.12968536274074547e-07,-2.07236569056828895e-40,-3.19447644202727842e-09,7.07535343620420452e-06,7.07854791264623216e-06,7.07535343620420452e-06,7.52521420311914400e-06,-2.35032897979602159e-40,1.55518839804790313e-41,-3.05576161381433933e-41,-5.62680344657285554e-42,3.37422994819288775e-07,1.43552533280545665e-07,7.25256698154889911e-08,3.56344248520883405e-08,3.37422994819288775e-07,1.43552533280545665e-07,7.25256698154889911e-08,3.56344248520883405e-08,7.07535343620420452e-06,-4.49860766914939478e-07,4.22857785878954608e-06,4.06928249738324819e-06,19,2,1,5.76460752303767552e+17
95,0,380,-1.36061964012802909e-40,5.14131538170591409e-07,5.14131539331808676e-07,-1.62744019661363695e-40,-6.84494887089893863e-07,1.07656569953124688e-05,1.14501518824023633e-05,1.07656569953124688e-05,1.34032083303236667e-05,-1.84558461351421541e-40,1.22040062751440904e-41,-2.39938689183332843e-41,-4.41918320543624372e-42,8.20457033828667910e-07,3.68110250526904136e-07,1.82512603921069851e-07,8.92457306817886021e-08,8.20457033828667910e-07,3.68110250526904136e-07,1.82512603921069851e-07,8.92457306817886021e-08,1.07656569953124688e-05,-2.63755133501119833e-06,7.51724177284297663e-06,-2.59858501149575815e-08,19,2,1,5.76460752303767552e+17
95,1,381,-1.06841586173514919e-40,9.29712532547092868e-07,9.29712532683374752e-07,-1.27803996632776052e-40,-1.52273431285061420e-06,4.81716436133270016e-06,6.33989867418331415e-06,4.81716436133270016e-06,1.03348302401782658e-05,-1.44925293243921074e-40,9.57725441311451549e-42,-1.88401985338714861e-41,-3.47075038821665993e-42,1.48143044402379085e-06,6.50869154714624445e-07,3.18208830850325979e-07,1.53943715630929978e-07,1.48143044402379085e-06,6.50869154714624445e-07,3.18208830850325979e-07,1.53943715630929978e-07,4.81716436133270016e-06,-5.51766587884556569e-06,-2.24293416143203158e-06,3.51827490529764544e-06,19,2,1,5.76460752303767552e+17
95,2,382,-8.38974399003924473e-41,9.55466082839080361e-07,9.55466080752846894e-07,-1.00365405136486826e-40,-3.28325980096061906e-06,-3.07496397269523316e-06,2.08295828265385890e-07,3.07496397269523316e-06,6.87136388778384847e-06,-1.13804350513196081e-40,7.51622588577059282e-42,-1.47936307195912535e-41,-2.72586923547727824e-42,1.50407260098091524e-06,5.80298607309082644e-07,2.75295181946817636e-07,1.27912733753756593e-07,1.50407260098091524e-06,5.80298607309082644e-07,2.75295181946817636e-07,1.27912733753756593e-07,-3.07496397269523316e-06,3.38226228074937023e-06,-4.47504690335047505e-07,-3.48910160703447825e-06,19,2,1,5.76460752303767552e+17
95,3,383,-6.58811886777579914e-41,5.80735845082082270e-07,5.80735843930932837e-07,-7.88176232169950219e-41,-3.86067425878312574e-06,-2.76056237145143581e-06,1.10011188733168993e-06,2.76056237145143581e-06,1.17337827324551259e-05,-8.93670667095584721e-41,5.89901707934886029e-42,-1.16163016460809985e-41,-2.14084928635395182e-42,8.83359043475366814e-07,2.12918574930130233e-07,9.23674257484467981e-08,3.51808903918219637e-08,8.83359043475366814e-07,2.12918574930130233e-07,9.23674257484467981e-08,3.51808903918219637e-08,-2.76056237145143581e-06,7.68661880149542378e-06,-4.04716393095970294e-06,1.46764353122579418e-06,19,2,1,5.76460752303767552e+17
96,0,384,-5.17342324291271764e-41,3.02407090145622855e-07,3.02407090765120624e-07,-6.18958892509468525e-41,-4.15006366443680959e-06,-1.58536418369557232e-06,2.56469948074123726e-06,1.58536418369557232e-06,2.22844139765907686e-05,-7.01777765218937857e-41,4.63000192199048934e-42,-9.12146263240177130e-42,-1.68137976887281225e-42,4.32207007580559637e-07,-4.26377053443041259e-09,-4.70114194260581758e-09,-9.97173005971102333e-09,4.32207007580559637e-07,-4.26377053443041259e-09,-4.70114194260581758e-09,-9.97173005971102333e-09,-1.58536418369557232e-06,-2.13599703256921270e-06,-9.05943897013638643e-06,1.32249750064543821e-05,19,2,1,5.76460752303767552e+17
96,1,385,-4.06254305750614494e-41,1.44547439280771101e-07,1.44547439239054755e-07,-4.86070177771177477e-41,-4.52137311159937237e-06,-1.45376263209029915e-06,3.06761047950907323e-06,1.45376263209029915e-06,5.62127485707860427e-06,-5.51092700820800269e-41,3.63416680506624250e-42,-7.16249368243129573e-42,-1.32051527948364631e-42,1.84018809119602743e-07,-8.82063502068199040e-08,-3.49500273599353854e-08,-2.14962110133099420e-08,1.84018809119602743e-07,-8.82063502068199040e-08,-3.49500273599353854e-08,-2.14962110133099420e-08,-1.45376263209029915e-06,-7.07503748916890341e-06,-2.14447695314403722e-06,-3.36998228697926902e-06,19,2,1,5.76460752303767552e+17
96,2,386,-3.19022149683767601e-41,3.02109378516025194e-08,3.02109377958798548e-08,-3.81710744796505389e-41,-4.24516792737241057e-06,4.47095780468953636e-06,8.71612573206194779e-06,4.47095780468953636e-06,6.44724894677102886e-06,-4.32765025368617412e-41,2.85266659951845925e-42,-5.62427887482659058e-42,-1.03709422939875350e-42,9.13602398234443624e-09,-1.29428765521825773e-07,-4.82908261473586225e-08,-2.59569278878246961e-08,9.13602398234443624e-09,-1.29428765521825773e-07,-4.82908261473586225e-08,-2.59569278878246961e-08,4.47095780468953636e-06,-3.20114969513019796e-07,-1.97629114208149249e-06,2.84710372087059165e-06,19,2,1,5.76460752303767552e+17
96,3,387,-2.50522130122712945e-41,2.36920943513453492e-07,2.36920944278440816e-07,-2.99755805388534681e-41,-4.30914326204817117e-06,-1.30071568796982403e-05,8.69801361765006829e-06,1.30071568796982403e-05,8.98217909372046804e-06,-3.39845544569510245e-41,2.23933870284002220e-42,-4.41643576743617224e-42,-8.14497031602984791e-43,3.53900260400704820e-07,8.74725008647811773e-08,6.33581481089101843e-08,3.11032846563777970e-08,3.53900260400704820e-07,8.74725008647811773e-08,6.33581481089101843e-08,3.11032846563777970e-08,-1.30071568796982403e-05,-8.82711282066416623e-06,-5.31388136115527946e-06,-1.42960604548757483e-05,19,2,1,5.76460752303767552e+17
97,0,388,-1.96731207358916292e-41,-4.65579312931583203e-07,-4.65579312964019113e-07,-2.35395539341252361e-41,-6.86709162143976920e-06,-9.95744455618982686e-06,3.09035293475005766e-06,9.95744455618982686e-06,1.15434409770234816e-05,-2.66877785558858165e-41,1.75796867317845747e-42,-3.46800018628124641e-42,-6.39671010695180731e-43,-7.78766562818169347e-07,-4.74698498733379059e-07,-2.22804821568212837e-07,-1.13932408139550586e-07,-7.78766562818169347e-07,-4.74698498733379059e-07,-2.22804821568212837e-07,-1.13932408139550586e-07,-9.95744455618982686e-06,-1.09340061250981643e-05,-1.45355753891728673e-05,-2.99213441214938570e-06,19,2,1,5.76460752303767552e+17
97,1,389,-1.54490517907765248e-41,-8.59365717126037258e-07,-8.59365716894427004e-07,-1.84852740650233919e-41,-3.21870631743490243e-06,-1.19400877729041072e-05,8.72138145546920481e-06,1.19400877729041072e-05,1.12737648858417813e-05,-2.09577273811135263e-41,1.38014545701375801e-42,-2.72325349163877495e-42,-5.02364719956019834e-43,-1.39528336962293845e-06,-6.95522722539475176e-07,-3.23996560953730834e-07,-1.58971097635791224e-07,-1.39528336962293845e-06,-6.95522722539475176e-07,-3.23996560953730834e-07,-1.58971097635791224e-07,-1.19400877729041072e-05,-2.23462021832761925e-06,-1.29194522238917171e-05,-1.64568733804993619e-06,19,2,1,5.76460752303767552e+17
97,2,390,-1.21319699177942071e-41,-1.25882366044093103e-06,-1.25882365680002661e-06,-1.45161103700028509e-41,-2.83442397759592957e-06,6.04520680552684366e-06,8.87963078312277408e-06,6.04520680552684366e-06,1.34688508511964570e-05,-1.64579740030425086e-41,1.08357910772576937e-42,-2.13844670039485919e-42,-3.94526673475562225e-43,-2.01545286576400257e-06,-9.00234587419084345e-07,-4.19807269229605795e-07,-2.01884217529188045e-07,-2.01545286576400257e-06,-9.00234587419084345e-07,-4.19807269229605795e-07,-2.01884217529188045e-07,6.04520680552684366e-06,-3.94429429917627629e-06,9.52455655202018075e-06,1.32134517207872273e-06,19,2,1,5.76460752303767552e+17
97,3,391,-9.52711192497575047e-42,-6.73199547839118712e-07,-6.73199546853785084e-07,-1.13991122452903342e-41,-8.94035254545249104e-07,-1.56006674450727550e-07,7.38028580094521554e-07,1.56006674450727550e-07,1.21686880275079622e-05,-1.29243437831727704e-41,8.50781276581842949e-43,-1.67922865962767841e-42,-3.09833173304008824e-43,-1.03952828590146113e-06,-2.94767040089479867e-07,-1.13461198191514748e-07,-4.40465600347724521e-08,-1.03952828590146113e-06,-2.94767040089479867e-07,-1.13461198191514748e-07,-4.40465600347724521e-08,-1.56006674450727550e-07,4.49635637627365601e-06,1.20126813530572347e-05,2.06635907711304155e-07,19,2,1,5.76460752303767552e+17
98,0,392,-7.48154327662754173e-42,-5.19554126345598126e-07,-5.19554126997022579e-07,-8.95133751339089074e-42,2.29403528355057921e-06,2.65147673558921638e-06,3.57441452038637172e-07,2.65147673558921638e-06,1.68046001423709664e-05,-1.01493940013810735e-41,6.68030247845017690e-43,-1.31862692360344138e-42,-2.43317503180398119e-43,-7.84522263012268574e-07,-1.61513111835293260e-07,-6.38777227659131135e-08,-2.37032356189298558e-08,-7.84522263012268574e-07,-1.61513111835293260e-07,-6.38777227659131135e-08,-2.37032356189298558e-08,2.65147673558921638e-06,-1.60678071546126242e-06,1.51978194269097053e-05,8.87955922172084014e-06,19,2,1,5.76460752303767552e+17
98,1,393,-5.87517288688932420e-42,-2.60327890905618535e-07,-2.60327891115604091e-07,-7.02911645429626032e-42,-2.99708369406575432e-06,-3.06677588713997336e-06,6.96921930742190368e-08,3.06677588713997336e-06,3.68448963839081416e-06,-7.97022826223804226e-42,5.24559152651823647e-43,-1.03546252797477203e-42,-1.91078719270436563e-43,-3.65658939468519409e-07,3.16236031602278708e-08,1.87007092893834394e-08,1.46832223798902413e-08,-3.65658939468519409e-07,3.16236031602278708e-08,1.87007092893834394e-08,1.46832223798902413e-08,-3.06677588713997336e-06,-3.96828031543924888e-06,-6.75126552553078752e-06,-4.90394734465505840e-06,19,2,1,5.76460752303767552e+17
98,2,394,-4.61369851689527277e-42,-3.42496539150642422e-07,-3.42496538325041103e-07,-5.51962093625885908e-42,-1.18912623071833417e-06,-1.72157691970401082e-05,1.60266429663217745e-05,1.72157691970401082e-05,1.87154270712163458e-05,-6.25892893294294466e-42,4.11919227064805691e-43,-8.13105398499878668e-43,-1.50052945880572647e-43,-5.06086619135713596e-07,-8.17619958058549927e-08,-5.02718609907963324e-08,-2.27125111697448957e-08,-5.06086619135713596e-07,-8.17619958058549927e-08,-5.02718609907963324e-08,-2.27125111697448957e-08,-1.72157691970401082e-05,1.49965787417623843e-06,-1.25222752318574362e-05,-8.96640680878473998e-06,19,2,1,5.76460752303767552e+17
98,3,395,-3.62306783296750206e-42,-1.10843767856387061e-06,-1.10843767859163868e-06,-4.33424362576004535e-42,-1.68153574587174289e-06,-8.58100653452191107e-06,6.89947078865016818e-06,8.58100653452191107e-06,1.39225369024488575e-05,-4.91504496845444399e-42,3.23480359690868005e-43,-6.38497182171722906e-43,-1.17833756018324367e-43,-1.74818486120539075e-06,-7.21940905732247878e-07,-3.73349083481348972e-07,-1.83822792619129234e-07,-1.74818486120539075e-06,-7.21940905732247878e-07,-3.73349083481348972e-07,-1.83822792619129234e-07,-8.58100653452191107e-06,3.72378557215198524e-07,-8.08896854917517586e-06,5.34153036792694644e-06,19,2,1,5.76460752303767552e+17
99,0,396,-2.84512939537555212e-42,-1.27633513240047054e-06,-1.27633513441223350e-06,-3.40339859127971314e-42,5.22678557898428073e-06,-4.93198143211630858e-06,1.01587670111005885e-05,4.93198143211630858e-06,7.94290492338238029e-06,-3.85969343857273373e-42,2.54039317051807331e-43,-5.01384027650220001e-43,-9.25310992830768982e-44,-2.00292889528821420e-06,-7.69151779227416564e-07,-3.83410065850541134e-07,-1.81226812559873603e-07,-2.00292889528821420e-06,-7.69151779227416564e-07,-3.83410065850541134e-07,-1.81226812559873603e-07,-4.93198143211630858e-06,-6.90710297888588456e-06,8.70635597029982460e-07,-7.07226932635239783e-06,19,2,1,5.76460752303767552e+17
99,1,397,-2.23421787257645378e-42,-1.22229329049483150e-06,-1.22229329097411303e-06,-2.67243810074694792e-42,-2.48296266493265810e-06,7.26985725787569730e-06,9.75281992280835497e-06,7.26985725787569730e-06,1.87417503350754874e-05,-3.03092801771060071e-42,1.99512422213664008e-43,-3.93714196614956854e-43,-7.26605026674751304e-44,-1.89819946151501207e-06,-6.43160626345917394e-07,-3.14649138928558676e-07,-1.42929063630373525e-07,-1.89819946151501207e-06,-6.43160626345917394e-07,-3.14649138928558676e-07,-1.42929063630373525e-07,7.26985725787569730e-06,-1.14718930771997892e-05,2.68227271787361766e-07,-1.39289537196512297e-06,19,2,1,5.76460752303767552e+17
99,2,398,-1.75447274218854558e-42,-5.72670382396689843e-07,-5.72670383970934986e-07,-2.09844596015277412e-42,1.78064534612535421e-06,1.07246084054710745e-05,8.94396305934572008e-06,1.07246084054710745e-05,2.51724880484625772e-05,-2.38010222703429487e-42,1.56694472164046284e-43,-3.09165085938132490e-43,-5.70560466561563582e-44,-8.36567881768426300e-07,-7.05239108601589085e-08,-3.11053491058744151e-08,-7.60810159002908912e-10,-8.36567881768426300e-07,-7.05239108601589085e-08,-3.11053491058744151e-08,-7.60810159002908912e-10,1.07246084054710745e-05,3.11305984139204485e-05,5.95811036545787211e-06,8.48819176877261189e-06,19,2,1,5.76460752303767552e+17
99,3,399,-1.37773288672767786e-42,1.04836345663242144e-07,1.04836347344438511e-07,-1.64771920635858400e-42,-9.52651514800270359e-07,-7.75955838243571736e-06,6.80690686763544711e-06,7.75955838243571736e-06,8.39502128891751310e-06,-1.86901372250379057e-42,1.23069608860867276e-43,-2.42771853704067343e-43,-4.48020140839544515e-44,2.49997884695606421e-07,4.20990149976003796e-07,1.97989767590235576e-07,1.07737974635665292e-07,2.49997884695606421e-07,4.20990149976003796e-07,1.97989767590235576e-07,1.07737974635665292e-07,-7.75955838243571736e-06,-1.22193460406449091e-05,-3.82432475172739596e-06,-7.41539703735100741e-06,19,2,1,5.76460752303767552e+17
